initial_fR,initial_H,final_ns,final_nr,final_total,final_fR,delta_fR,final_log_ratio,delta_log_ratio,final_H,delta_H,min_total,peak_loss,peak_loss_time,auc_total,auc_a,auc_b,peak_a,peak_b,time_peak_b,time_to_ss,time_to_recovery,resistant_extinct,susceptible_extinct,community_collapsed,susceptible_recovered,selection_direction,outcome,solver_success,iota,beta,phi,effective_db_iota,alpha,beta_min,xi,d_a,kappa_b,d_b,gamma,h_a,i,h_i,phi_max,c,a0,plane,x_name,y_name,x_value,y_value
0.5,0.6931471805599453,0.6012277177260387,3.4607253499055246,4.061953067631563,0.8519855577561851,0.3519855577561851,1.7502597239635438,1.7502597239635438,0.4192494201111614,-0.2738977604487839,0.0007212246651949434,0.9981969383370126,30.0,2228.2219208440624,495.1489267735685,10.329371174272055,100.0,0.45967460164429996,6.0,92.0,,False,False,False,False,resistant-enriched,resistant-dominant,True,0.09090909090909091,0.9063636363636364,0.9363636363636364,0.09090909090909091,0.95,0.9,0.8,0.02,0.35,1.0,1.38,3.0,0.1,1.0,1.0,0.7,100.0,i_hi,i,h_i,0.1,1.0
0.5,0.6931471805599453,0.25019522152451185,3.8141354750757683,4.064330696600281,0.9384412243487483,0.4384412243487483,2.724227806772988,2.724227806772988,0.2312351805224076,-0.4619120000375377,6.560775671001393e-05,0.999835980608225,46.0,2115.219715185213,565.5177884519884,8.380433806592213,99.99999999999999,0.426904120968509,6.0,112.0,,False,False,False,False,resistant-enriched,resistant-dominant,True,0.11181576977811696,0.9078271038844682,0.9217289611553181,0.11181576977811696,0.95,0.9,0.8,0.02,0.35,1.0,1.38,3.0,0.12589254117941673,1.0,1.0,0.7,100.0,i_hi,i,h_i,0.12589254117941673,1.0
0.5,0.6931471805599453,0.0863132343896287,3.988126260584837,4.074439494974466,0.9788159243753429,0.4788159243753429,3.8330938510770483,3.8330938510770483,0.10261222827942078,-0.5905349522805245,6.539830952720204e-07,0.9999983650422618,70.0,1979.2937983586526,671.2284791376358,6.510172398749213,100.0,0.3913365787475457,6.0,140.0,,False,False,False,False,resistant-enriched,resistant-dominant,True,0.13680688860321,0.9095764822022248,0.904235177977753,0.13680688860321,0.95,0.9,0.8,0.02,0.35,1.0,1.38,3.0,0.15848931924611134,1.0,1.0,0.7,100.0,i_hi,i,h_i,0.15848931924611134,1.0
0.5,0.6931471805599453,0.04067779730333259,4.040437765607068,4.081115562910401,0.9900326769295591,0.4900326769295591,4.598425900113142,4.598425900113142,0.055851325960576605,-0.6372958545993687,4.717434897423869e-09,0.9999999882064128,90.0,1864.0913758999263,801.2376316677971,5.148921663364577,100.00000000000001,0.35455542380331384,4.0,162.0,,False,False,False,False,resistant-enriched,resistant-dominant,True,0.1663375308165619,0.9116436271571593,0.8835637284284067,0.1663375308165619,0.95,0.9,0.8,0.02,0.35,1.0,1.38,3.0,0.19952623149688797,1.0,1.0,0.7,100.0,i_hi,i,h_i,0.19952623149688797,1.0
0.5,0.6931471805599453,0.026564567440534304,4.058904776011384,4.085469343451918,0.9934977929810901,0.4934977929810901,5.029090179889795,5.029090179889795,0.03922362391753272,-0.6539235566424125,6.13914235528636e-11,0.9999999998465214,106.0,1770.2859863230458,952.5307522712751,4.147722579912109,100.0,0.32919352461180346,4.0,182.0,,False,False,False,False,resistant-enriched,resistant-dominant,True,0.20076000891310175,0.9140532006239172,0.8594679937608287,0.20076000891310175,0.95,0.9,0.8,0.02,0.35,1.0,1.38,3.0,0.251188643150958,1.0,1.0,0.7,100.0,i_hi,i,h_i,0.251188643150958,1.0
0.5,0.6931471805599453,0.022961418966183807,4.065788670234661,4.088750089200845,0.9943842449488832,0.4943842449488832,5.176547646776566,5.176547646776566,0.03470180628214567,-0.6584453742777996,1.4259304682564258e-12,0.9999999999964352,120.0,1693.090463876932,1120.729526344869,3.3868753205625945,100.0,0.30281999152018374,4.0,198.0,,False,False,False,False,resistant-enriched,resistant-dominant,True,0.24025307335204213,0.9168177151346429,0.8318228486535705,0.24025307335204213,0.95,0.9,0.8,0.02,0.35,1.0,1.38,3.0,0.31622776601683794,1.0,1.0,0.7,100.0,i_hi,i,h_i,0.31622776601683794,1.0
0.5,0.6931471805599453,0.025226665024054903,4.0662964578294325,4.091523122853487,0.9938344073181087,0.4938344073181087,5.082586331987921,5.082586331987921,0.037521835532479564,-0.6556253450274657,5.2590191211094953e-14,0.9999999999998685,132.0,1628.379676787651,1300.5068739102444,2.79861363852465,100.0,0.27621098035494634,4.0,212.0,,False,False,False,False,resistant-enriched,resistant-dominant,True,0.28474724895080145,0.9199323074265561,0.800676925734439,0.28474724895080145,0.95,0.9,0.8,0.02,0.35,1.0,1.38,3.0,0.3981071705534973,1.0,1.0,0.7,100.0,i_hi,i,h_i,0.3981071705534973,1.0
0.5,0.6931471805599453,0.03399636862991665,4.060043970111432,4.094040338741349,0.9916961324713355,0.4916961324713355,4.782695368704191,4.782695368704191,0.04805340546715551,-0.6450937750927898,2.7777087621315465e-15,0.999999999999993,142.0,1573.4380455430721,1486.579406020153,2.339314090971646,100.00000000000001,0.2501936554001511,4.0,224.0,,False,False,False,False,resistant-enriched,resistant-dominant,True,0.3338605754168779,0.9233702402791815,0.7662975972081855,0.3338605754168779,0.95,0.9,0.8,0.02,0.35,1.0,1.38,3.0,0.5011872336272724,1.0,1.0,0.7,100.0,i_hi,i,h_i,0.5011872336272724,1.0
0.5,0.6931471805599453,0.0542728215080746,4.042133655307581,4.096406476815656,0.9867511142228581,0.4867511142228581,4.310504387121779,4.310504387121779,0.07044681552211006,-0.6227003650378352,1.9384992308652974e-16,0.9999999999999996,150.0,1526.2655717030084,1674.2030185153276,1.9789731749494437,100.00000000000001,0.22554299689617197,4.0,234.0,,False,False,False,False,resistant-enriched,resistant-dominant,True,0.38686317984685703,0.92708042258928,0.7291957741072002,0.38686317984685703,0.95,0.9,0.8,0.02,0.35,1.0,1.38,3.0,0.6309573444801934,1.0,1.0,0.7,100.0,i_hi,i,h_i,0.6309573444801934,1.0
0.5,0.6931471805599453,0.09884338141868562,3.999805077624712,4.098648459043398,0.9758839084624117,0.4758839084624117,3.700464316750746,3.700464316750746,0.11365238208557961,-0.5794947984743657,1.7083199816742076e-17,1.0,156.0,1485.619284751953,1859.278520566494,1.69542172105964,100.0,0.20326493533106238,2.0,242.0,,False,False,False,False,resistant-enriched,resistant-dominant,True,0.44268836623770724,0.9309881856366395,0.690118143633605,0.44268836623770724,0.95,0.9,0.8,0.02,0.35,1.0,1.38,3.0,0.7943282347242815,1.0,1.0,0.7,100.0,i_hi,i,h_i,0.7943282347242815,1.0
0.5,0.6931471805599453,0.1965516181800162,3.904204845710997,4.100756463891013,0.9520694242853139,0.45206942428531394,2.9888843321297016,2.9888843321297016,0.19237626896378024,-0.500770911596165,1.831001450267852e-18,1.0,162.0,1450.34982028873,2038.2882969063671,1.472034707718741,100.0,0.19260497957601994,2.0,252.0,,False,False,False,False,resistant-enriched,resistant-dominant,True,0.5,0.935,0.65,0.5,0.95,0.9,0.8,0.02,0.35,1.0,1.38,3.0,1.0,1.0,1.0,0.7,100.0,i_hi,i,h_i,1.0,1.0
0.5,0.6931471805599453,0.4042779675864594,3.698401244505511,4.102679212091971,0.9014600102306519,0.4014600102306519,2.213553229220846,2.213553229220846,0.32186310902913534,-0.37128407153080994,2.3598758150622685e-19,1.0,168.0,1419.6625495719366,2208.2486059971357,1.2957164069892004,100.0,0.18266912339406025,2.0,258.0,,False,False,False,False,resistant-enriched,resistant-dominant,True,0.5573116337622929,0.9390118143633606,0.609881856366395,0.5573116337622929,0.95,0.9,0.8,0.02,0.35,1.0,1.38,3.0,1.2589254117941675,1.0,1.0,0.7,100.0,i_hi,i,h_i,1.2589254117941675,1.0
0.5,0.6931471805599453,0.8039881963078327,3.300356720748583,4.104344917056416,0.8041129065525898,0.3041129065525898,1.4122012509469979,1.4122012509469979,0.49464758703793,-0.1984995935220153,3.6821023038792627e-20,1.0,172.0,1393.011732934705,2366.7068275168817,1.156493039401551,100.0,0.1736340316014737,2.0,266.0,,False,False,False,False,resistant-enriched,resistant-dominant,True,0.6131368201531432,0.9429195774107201,0.5708042258927998,0.6131368201531432,0.95,0.9,0.8,0.02,0.35,1.0,1.38,3.0,1.584893192461114,1.0,1.0,0.7,100.0,i_hi,i,h_i,1.584893192461114,1.0
0.5,0.6931471805599453,1.4361434435887752,2.6694900602607063,4.105633503849481,0.6502017429850392,0.1502017429850392,0.619926108789313,0.619926108789313,0.6473216627578768,-0.04582551780206845,6.955869337162087e-21,1.0,176.0,1370.7219439855112,2511.811867178923,1.0464854722122383,100.0,0.16559957616104218,2.0,272.0,,False,False,False,False,resistant-enriched,mixed,True,0.6661394245831221,0.9466297597208185,0.5337024027918145,0.6661394245831221,0.95,0.9,0.8,0.02,0.35,1.0,1.38,3.0,1.9952623149688797,1.0,1.0,0.7,100.0,i_hi,i,h_i,1.9952623149688797,1.0
0.5,0.6931471805599453,2.1909039820995204,1.9154881523527563,4.1063921344522765,0.4664649866928138,-0.03353501330718622,-0.13434173588032808,-0.13434173588032808,0.6908962969917796,-0.002250883568165718,1.612244932042737e-21,1.0,180.0,1351.7925553487937,2642.3797869104033,0.9593581071736541,100.0,0.1585943503060729,2.0,278.0,,False,False,False,False,susceptible-enriched,mixed,True,0.7152527510491986,0.9500676925734439,0.499323074265561,0.7152527510491986,0.95,0.9,0.8,0.02,0.35,1.0,1.38,3.0,2.511886431509581,1.0,1.0,0.7,100.0,i_hi,i,h_i,2.511886431509581,1.0
0.5,0.6931471805599453,2.860205329130481,1.2463397907079372,4.106545119838419,0.30350081500065856,-0.19649918499934144,-0.83068232724599,-0.83068232724599,0.6138014192261049,-0.07934576133384041,4.541715398486105e-22,1.0,182.0,1336.580386467816,2757.924079841278,0.8900849332170415,100.0,0.15258939248665904,2.0,286.0,,False,False,False,False,susceptible-enriched,mixed,True,0.7597469266479577,0.953182284865357,0.4681771513464297,0.7597469266479577,0.95,0.9,0.8,0.02,0.35,1.0,1.38,3.0,3.1622776601683795,1.0,1.0,0.7,100.0,i_hi,i,h_i,3.1622776601683795,1.0
0.5,0.6931471805599453,3.331146413241146,0.7751722855963513,4.106318698837497,0.18877548053340412,-0.3112245194665959,-1.4579864833255933,-1.4579864833255933,0.4844425194361084,-0.2087046611238369,1.5742865234290511e-22,1.0,184.0,1323.9893160247323,2858.6246738439118,0.8345777458508963,100.0,0.14751529042693007,2.0,294.0,,False,False,False,False,susceptible-enriched,susceptible-dominant,True,0.7992399910868984,0.9559467993760828,0.4405320062391712,0.7992399910868984,0.95,0.9,0.8,0.02,0.35,1.0,1.38,3.0,3.981071705534973,1.0,1.0,0.7,100.0,i_hi,i,h_i,3.981071705534973,1.0
0.5,0.6931471805599453,3.6216580579265805,0.4844248730780999,4.10608293100468,0.11797737191819707,-0.38202262808180293,-2.011724868427639,-2.011724868427639,0.3628755808824689,-0.3302715996774764,6.626385398106859e-23,1.0,186.0,1314.0855285840812,2945.2026354863265,0.7905201693768483,100.0,0.1432787012047415,2.0,304.0,,False,False,False,False,susceptible-enriched,susceptible-dominant,True,0.8336624691834381,0.9583563728428407,0.41643627157159335,0.8336624691834381,0.95,0.9,0.8,0.02,0.35,1.0,1.38,3.0,5.011872336272725,1.0,1.0,0.7,100.0,i_hi,i,h_i,5.011872336272725,1.0
0.5,0.6931471805599453,3.7922878929805117,0.3137886918123471,4.106076584792858,0.07642056482202145,-0.4235794351779786,-2.4920049782776132,-2.4920049782776132,0.26993889566877494,-0.42320828489117035,3.3308623029191186e-23,1.0,188.0,1305.9628245168374,3018.751840310407,0.7555594114003436,100.0,0.13977597213207918,2.0,316.0,,False,False,False,False,susceptible-enriched,susceptible-dominant,True,0.86319311139679,0.9604235177977754,0.39576482202224705,0.86319311139679,0.95,0.9,0.8,0.02,0.35,1.0,1.38,3.0,6.309573444801933,1.0,1.0,0.7,100.0,i_hi,i,h_i,6.309573444801933,1.0
0.5,0.6931471805599453,3.8925715416542137,0.21370018103137,4.106271722685584,0.05204238673509064,-0.44795761326490935,-2.902251273444789,-2.902251273444789,0.20448557264761438,-0.48866160791233093,1.9191378260426212e-23,1.0,188.0,1299.2678308181382,3080.5713980209225,0.7279272373987262,100.0,0.13690304595294395,2.0,330.0,,False,False,False,False,susceptible-enriched,susceptible-dominant,True,0.8881842302218831,0.9621728961155318,0.37827103884468183,0.8881842302218831,0.95,0.9,0.8,0.02,0.35,1.0,1.38,3.0,7.943282347242818,1.0,1.0,0.7,100.0,i_hi,i,h_i,7.943282347242818,1.0
0.5,0.6931471805599453,3.952985061834122,0.15356363084637378,4.106548692680495,0.0373948155345352,-0.4626051844654648,-3.2481112700122496,-3.2481112700122496,0.1595744580073329,-0.5335727225526123,1.2592645396534139e-23,1.0,190.0,1293.9884666103853,3132.037551189165,0.7062543495488904,100.0,0.134561853433374,2.0,342.0,,False,False,False,False,susceptible-enriched,susceptible-dominant,True,0.9090909090909091,0.9636363636363636,0.36363636363636365,0.9090909090909091,0.95,0.9,0.8,0.02,0.35,1.0,1.38,3.0,10.0,1.0,1.0,0.7,100.0,i_hi,i,h_i,10.0,1.0
0.5,0.6931471805599453,1.1095937278162153,2.9692551351833765,4.078848862999592,0.7279640003625389,0.22796400036253894,0.9843171877759259,0.9843171877759264,0.5852733921965612,-0.10787378836338413,0.005393146816295208,0.986517132959262,18.0,2328.360737167719,421.500603138813,19.524001198343754,100.0,0.5708864120537362,8.0,124.0,,False,False,False,False,resistant-enriched,mixed,True,0.04435701794430148,0.9031049912561011,0.9689500874389889,0.04435701794430148,0.95,0.9,0.8,0.02,0.35,1.0,1.38,3.0,0.1,1.3333333333333333,1.0,0.7,100.0,i_hi,i,h_i,0.1,1.3333333333333333
0.5,0.6931471805599453,1.0045374395199351,3.0702311665272126,4.074768606047147,0.7534737462075383,0.25347374620753826,1.1172256809322536,1.1172256809322536,0.5584865657420364,-0.13466061481790892,0.0035259214762956128,0.9911851963092609,20.0,2309.760279378567,438.60299878852203,14.846077716162318,100.00000000000001,0.5287459780904935,8.0,102.0,,False,False,False,False,resistant-enriched,mixed,True,0.05935094310276761,0.9041545660171938,0.9584543398280627,0.05935094310276761,0.95,0.9,0.8,0.02,0.35,1.0,1.38,3.0,0.12589254117941673,1.3333333333333333,1.0,0.7,100.0,i_hi,i,h_i,0.12589254117941673,1.3333333333333333
0.5,0.6931471805599453,0.7914566576252127,3.2753212201111643,4.066777877736377,0.805384832557969,0.305384832557969,1.4202961077058438,1.4202961077058438,0.49284622774583686,-0.20030095281410842,0.0015689062533958487,0.9960777343665104,26.0,2269.55798090291,468.8083193583877,11.58056651365004,100.0,0.479693628175335,6.0,90.0,,False,False,False,False,resistant-enriched,resistant-dominant,True,0.07899428263617196,0.9055295997845321,0.9447040021546796,0.07899428263617196,0.95,0.9,0.8,0.02,0.35,1.0,1.38,3.0,0.15848931924611134,1.3333333333333333,1.0,0.7,100.0,i_hi,i,h_i,0.15848931924611134,1.3333333333333333
0.5,0.6931471805599453,0.35748226974654523,3.7041623352408064,4.061644604987352,0.9119858322149633,0.4119858322149633,2.3381266560249263,2.3381266560249263,0.29791909568653113,-0.39522808487341415,0.0001881561655174574,0.9995296095862064,38.0,2159.662657033544,537.2153085978488,9.068046096690846,99.99999999999999,0.4381710798955912,6.0,104.0,,False,False,False,False,resistant-enriched,resistant-dominant,True,0.10441727916673238,0.9073092095416713,0.9269079045832873,0.10441727916673238,0.95,0.9,0.8,0.02,0.35,1.0,1.38,3.0,0.19952623149688797,1.3333333333333333,1.0,0.7,100.0,i_hi,i,h_i,0.19952623149688797,1.3333333333333333
0.5,0.6931471805599453,0.08631323438962867,3.9881262605848717,4.0744394949745,0.9788159243753431,0.47881592437534315,3.8330938510770576,3.8330938510770576,0.10261222827941993,-0.5905349522805253,6.539830952720424e-07,0.9999983650422618,70.0,1979.293798358669,671.2284791376355,6.510172398749242,100.0,0.39133657874754585,6.0,140.0,,False,False,False,False,resistant-enriched,resistant-dominant,True,0.13680688860321003,0.9095764822022248,0.904235177977753,0.13680688860321003,0.95,0.9,0.8,0.02,0.35,1.0,1.38,3.0,0.251188643150958,1.3333333333333333,1.0,0.7,100.0,i_hi,i,h_i,0.251188643150958,1.3333333333333333
0.5,0.6931471805599453,0.03411319822213666,4.048629574781016,4.082742773003153,0.991644538948741,0.49164453894874105,4.776449372196571,4.776449372196571,0.04830000027730389,-0.6448471802826414,1.0332429084123775e-09,0.9999999974168927,96.0,1830.8325122029512,849.4861766554775,4.782374073499885,100.0,0.34625688889160194,4.0,170.0,,False,False,False,False,resistant-enriched,resistant-dominant,True,0.17725503036342635,0.9124078521254398,0.8759214787456016,0.17725503036342635,0.95,0.9,0.8,0.02,0.35,1.0,1.38,3.0,0.31622776601683794,1.3333333333333333,1.0,0.7,100.0,i_hi,i,h_i,0.31622776601683794,1.3333333333333333
0.5,0.6931471805599453,0.02342715769582398,4.064304989498453,4.087732147194277,0.9942689107670853,0.49426891076708535,5.156102098374214,5.156102098374214,0.0352976561621693,-0.657849524397776,4.7119893123335315e-12,0.99999999998822,116.0,1717.3128795417244,1063.1070887996598,3.6185764430222114,100.0,0.31167765319732255,4.0,192.0,,False,False,False,False,resistant-enriched,resistant-dominant,True,0.22652371251959852,0.9158566598763719,0.8414334012362811,0.22652371251959852,0.95,0.9,0.8,0.02,0.35,1.0,1.38,3.0,0.3981071705534973,1.3333333333333333,1.0,0.7,100.0,i_hi,i,h_i,0.3981071705534973,1.3333333333333333
0.5,0.6931471805599453,0.025226665024053803,4.066296457829402,4.091523122853456,0.9938344073181089,0.4938344073181089,5.082586331987957,5.082586331987957,0.03752183553247844,-0.6556253450274668,5.2590191211079813e-14,0.9999999999998685,132.0,1628.3796767876322,1300.5068739102603,2.798613638524634,100.0,0.2762109803549445,4.0,212.0,,False,False,False,False,resistant-enriched,resistant-dominant,True,0.2847472489508015,0.9199323074265561,0.8006769257344389,0.2847472489508015,0.95,0.9,0.8,0.02,0.35,1.0,1.38,3.0,0.5011872336272724,1.3333333333333333,1.0,0.7,100.0,i_hi,i,h_i,0.5011872336272724,1.3333333333333333
0.5,0.6931471805599453,0.03906094611357204,4.055781747972187,4.094842694085759,0.9904609409855991,0.4904609409855991,4.642775586938836,4.642775586938836,0.05387255756940995,-0.6392746229905353,1.1134896787697745e-15,0.9999999999999972,144.0,1557.0149833411483,1549.1645757637023,2.209436065295992,100.0,0.24179010921417485,4.0,226.0,,False,False,False,False,resistant-enriched,resistant-dominant,True,0.35114211462456424,0.9245799480237196,0.754200519762805,0.35114211462456424,0.95,0.9,0.8,0.02,0.35,1.0,1.38,3.0,0.6309573444801934,1.3333333333333333,1.0,0.7,100.0,i_hi,i,h_i,0.6309573444801934,1.3333333333333333
0.5,0.6931471805599453,0.07996595580854304,4.017948581988587,4.09791453779713,0.9804861826494973,0.4804861826494973,3.916925756668717,3.916925756668717,0.09614089938352094,-0.5970062811764243,3.748985632451725e-17,0.9999999999999999,154.0,1498.684090153173,1798.0992872572165,1.782605230122461,100.0,0.21018673627418002,4.0,240.0,,False,False,False,False,resistant-enriched,resistant-dominant,True,0.42384440259474404,0.9296691081816321,0.7033089181836791,0.42384440259474404,0.95,0.9,0.8,0.02,0.35,1.0,1.38,3.0,0.7943282347242815,1.3333333333333333,1.0,0.7,100.0,i_hi,i,h_i,0.7943282347242815,1.3333333333333333
0.5,0.6931471805599453,0.1965516181800162,3.904204845710997,4.100756463891013,0.9520694242853139,0.45206942428531394,2.9888843321297016,2.9888843321297016,0.19237626896378024,-0.500770911596165,1.831001450267852e-18,1.0,162.0,1450.34982028873,2038.2882969063671,1.472034707718741,100.0,0.19260497957601994,2.0,252.0,,False,False,False,False,resistant-enriched,resistant-dominant,True,0.5,0.935,0.65,0.5,0.95,0.9,0.8,0.02,0.35,1.0,1.38,3.0,1.0,1.3333333333333333,1.0,0.7,100.0,i_hi,i,h_i,1.0,1.3333333333333333
0.5,0.6931471805599453,0.5121914892944447,3.591076389697181,4.103267878991626,0.8751747376970388,0.3751747376970388,1.9475087088952998,1.9475087088952996,0.3764299977619281,-0.3167171827980172,1.2462746475226478e-19,1.0,170.0,1410.3327755549508,2262.449918449131,1.2456348940844113,100.0,0.1795508358369803,2.0,262.0,,False,False,False,False,resistant-enriched,resistant-dominant,True,0.576155597405256,0.9403308918183679,0.5966910818163208,0.576155597405256,0.95,0.9,0.8,0.02,0.35,1.0,1.38,3.0,1.2589254117941675,1.3333333333333333,1.0,0.7,100.0,i_hi,i,h_i,1.2589254117941675,1.3333333333333333
0.5,0.6931471805599453,1.202671926295543,2.9025829957088995,4.105254922004443,0.7070408661227977,0.2070408661227977,0.8810553419122646,0.8810553419122642,0.6047800224666573,-0.08836715809328799,1.1909467653181376e-20,1.0,174.0,1377.6914533793097,2465.01458509635,1.0803202808721408,100.0,0.1681634407851301,2.0,270.0,,False,False,False,False,resistant-enriched,mixed,True,0.6488578853754359,0.9454200519762805,0.5457994802371949,0.6488578853754359,0.95,0.9,0.8,0.02,0.35,1.0,1.38,3.0,1.584893192461114,1.3333333333333333,1.0,0.7,100.0,i_hi,i,h_i,1.584893192461114,1.3333333333333333
0.5,0.6931471805599453,2.1909039820995204,1.9154881523527563,4.1063921344522765,0.4664649866928138,-0.03353501330718622,-0.13434173588032808,-0.13434173588032808,0.6908962969917796,-0.002250883568165718,1.612244932042737e-21,1.0,180.0,1351.7925553487937,2642.3797869104033,0.9593581071736541,100.0,0.1585943503060729,2.0,278.0,,False,False,False,False,susceptible-enriched,mixed,True,0.7152527510491986,0.9500676925734439,0.499323074265561,0.7152527510491986,0.95,0.9,0.8,0.02,0.35,1.0,1.38,3.0,1.9952623149688797,1.3333333333333333,1.0,0.7,100.0,i_hi,i,h_i,1.9952623149688797,1.3333333333333333
0.5,0.6931471805599453,3.0402490744449926,1.0662504299064104,4.106499504351403,0.2596494724464403,-0.24035052755355968,-1.047791221426649,-1.047791221426649,0.5726899569319158,-0.12045722362802946,3.1244155556988493e-22,1.0,182.0,1332.0640284475362,2793.1138698168684,0.870127516171557,100.0,0.1507988600850205,2.0,288.0,,False,False,False,False,susceptible-enriched,mixed,True,0.7734762874804016,0.9541433401236281,0.45856659876371886,0.7734762874804016,0.95,0.9,0.8,0.02,0.35,1.0,1.38,3.0,2.511886431509581,1.3333333333333333,1.0,0.7,100.0,i_hi,i,h_i,2.511886431509581,1.3333333333333333
0.5,0.6931471805599453,3.5411461232164756,0.5649931668843594,4.106139290100835,0.1375971750998454,-0.36240282490015463,-1.8353920802848378,-1.8353920802848378,0.4005775686542527,-0.2925696119056926,8.70332140612304e-23,1.0,186.0,1316.8963238097197,2917.8510537406178,0.8040352533595474,100.00000000000001,0.14460415145508598,2.0,302.0,,False,False,False,False,susceptible-enriched,susceptible-dominant,True,0.8227449696365737,0.9575921478745602,0.4240785212543984,0.8227449696365737,0.95,0.9,0.8,0.02,0.35,1.0,1.38,3.0,3.1622776601683795,1.3333333333333333,1.0,0.7,100.0,i_hi,i,h_i,3.1622776601683795,1.3333333333333333
0.5,0.6931471805599453,3.7922878929805117,0.3137886918123471,4.106076584792858,0.07642056482202145,-0.4235794351779786,-2.4920049782776132,-2.4920049782776132,0.26993889566877494,-0.42320828489117035,3.3308623029191186e-23,1.0,188.0,1305.9628245168374,3018.751840310407,0.7555594114003436,100.0,0.13977597213207918,2.0,316.0,,False,False,False,False,susceptible-enriched,susceptible-dominant,True,0.86319311139679,0.9604235177977754,0.39576482202224705,0.86319311139679,0.95,0.9,0.8,0.02,0.35,1.0,1.38,3.0,3.981071705534973,1.3333333333333333,1.0,0.7,100.0,i_hi,i,h_i,3.981071705534973,1.3333333333333333
0.5,0.6931471805599453,3.916080465343575,0.19027641271715412,4.106356878060729,0.04633703751706408,-0.4536629624829359,-3.0243687325466486,-3.024368732546648,0.1875852461824451,-0.5055619343775002,1.6475127455005363e-23,1.0,188.0,1297.6096226447642,3098.808998433851,0.7201899742139424,100.0,0.1360681567654019,2.0,334.0,,False,False,False,False,susceptible-enriched,susceptible-dominant,True,0.8955827208332677,0.9626907904583287,0.3730920954167126,0.8955827208332677,0.95,0.9,0.8,0.02,0.35,1.0,1.38,3.0,5.011872336272725,1.3333333333333333,1.0,0.7,100.0,i_hi,i,h_i,5.011872336272725,1.3333333333333333
0.5,0.6931471805599453,3.9799623268762803,0.1268153414354246,4.106777668311705,0.030879524453915317,-0.46912047554608466,-3.4462956087018273,-3.4462956087018273,0.13778631457508375,-0.5553608659848616,9.95469882136595e-24,1.0,190.0,1291.1791147171948,3161.274686512173,0.6943819200653163,100.00000000000001,0.13325229694212914,2.0,350.0,,False,False,False,False,susceptible-enriched,susceptible-dominant,True,0.9210057173638281,0.9644704002154679,0.3552959978453204,0.9210057173638281,0.95,0.9,0.8,0.02,0.35,1.0,1.38,3.0,6.309573444801933,1.3333333333333333,1.0,0.7,100.0,i_hi,i,h_i,6.309573444801933,1.3333333333333333
0.5,0.6931471805599453,4.015048354822847,0.09211928969078541,4.107167644513632,0.022428909083815618,-0.4775710909161844,-3.7747203056229144,-3.7747203056229144,0.1073471210387817,-0.5858000595211635,6.936986573898357e-24,1.0,190.0,1286.5242665797637,3209.327228953836,0.6756300862355858,100.0,0.13113154869595023,2.0,364.0,,False,False,False,False,susceptible-enriched,susceptible-dominant,True,0.9406490568972324,0.9658454339828063,0.3415456601719373,0.9406490568972324,0.95,0.9,0.8,0.02,0.35,1.0,1.38,3.0,7.943282347242818,1.3333333333333333,1.0,0.7,100.0,i_hi,i,h_i,7.943282347242818,1.3333333333333333
0.5,0.6931471805599453,4.035575707305008,0.0719589782838894,4.107534685588897,0.01751877556539067,-0.48248122443460933,-4.026808038324789,-4.026808038324789,0.08821879167986155,-0.6049283888800837,5.377275149397925e-24,1.0,190.0,1283.110725438621,3245.8681281174536,0.661877162954821,100.0,0.12954415391156474,2.0,374.0,,False,False,False,False,susceptible-enriched,susceptible-dominant,True,0.9556429820556985,0.9668950087438989,0.331049912561011,0.9556429820556985,0.95,0.9,0.8,0.02,0.35,1.0,1.38,3.0,10.0,1.3333333333333333,1.0,0.7,100.0,i_hi,i,h_i,10.0,1.3333333333333333
0.5,0.6931471805599453,1.219237902662995,2.8637184409145937,4.082956343577589,0.7013835564073976,0.20138355640739758,0.853894940919917,0.853894940919917,0.6096874559687516,-0.08345972459119366,0.008714448705939216,0.9782138782351519,16.0,2347.2537980813977,400.4216238048359,40.42516427143246,100.0,0.6668070810612625,12.0,218.0,,False,False,False,False,resistant-enriched,mixed,True,0.021089977117186395,0.9014762983982031,0.9852370160179695,0.021089977117186395,0.95,0.9,0.8,0.02,0.35,1.0,1.38,3.0,0.1,1.6666666666666665,1.0,0.7,100.0,i_hi,i,h_i,0.1,1.6666666666666665
0.5,0.6931471805599453,1.1799343807301341,2.9015496106895116,4.0814839914196455,0.710905547293419,0.21090554729341904,0.8997861154121517,0.8997861154121518,0.6013388774672559,-0.09180830309268939,0.0076502415827388,0.980874396043153,16.0,2340.667796949004,408.4716550411821,27.963025367244136,100.0,0.6228351824150263,10.0,164.0,,False,False,False,False,resistant-enriched,mixed,True,0.030653430031715518,0.9021457401022202,0.9785425989777992,0.030653430031715518,0.95,0.9,0.8,0.02,0.35,1.0,1.38,3.0,0.12589254117941673,1.6666666666666665,1.0,0.7,100.0,i_hi,i,h_i,0.12589254117941673,1.6666666666666665
0.5,0.6931471805599453,1.1095937278162153,2.9692551351833765,4.078848862999592,0.7279640003625389,0.22796400036253894,0.9843171877759259,0.9843171877759264,0.5852733921965612,-0.10787378836338413,0.005393146816295208,0.986517132959262,18.0,2328.360737167719,421.500603138813,19.524001198343754,100.0,0.5708864120537362,8.0,124.0,,False,False,False,False,resistant-enriched,mixed,True,0.04435701794430148,0.9031049912561011,0.9689500874389889,0.04435701794430148,0.95,0.9,0.8,0.02,0.35,1.0,1.38,3.0,0.15848931924611134,1.6666666666666665,1.0,0.7,100.0,i_hi,i,h_i,0.15848931924611134,1.6666666666666665
0.5,0.6931471805599453,0.9655026112127332,3.1077277382036783,4.073230349416411,0.762963906190313,0.26296390619031296,1.1689983009463014,1.1689983009463014,0.5476393448671735,-0.14550783569277181,0.0030213560243731816,0.9924466099390671,22.0,2302.7419333329503,444.45709890027604,13.90964317674812,100.0,0.5169850989727736,8.0,96.0,,False,False,False,False,resistant-enriched,mixed,True,0.06378367566893509,0.9044648572968255,0.9553514270317455,0.06378367566893509,0.95,0.9,0.8,0.02,0.35,1.0,1.38,3.0,0.19952623149688797,1.6666666666666665,1.0,0.7,100.0,i_hi,i,h_i,0.19952623149688797,1.6666666666666665
0.5,0.6931471805599453,0.6012277177260396,3.460725349905521,4.061953067631561,0.8519855577561848,0.3519855577561848,1.7502597239635413,1.7502597239635413,0.41924942011116195,-0.27389776044878333,0.0007212246651949463,0.9981969383370126,30.0,2228.221920844061,495.1489267735684,10.329371174272048,100.0,0.45967460164429996,6.0,92.0,,False,False,False,False,resistant-enriched,resistant-dominant,True,0.09090909090909093,0.9063636363636364,0.9363636363636364,0.09090909090909093,0.95,0.9,0.8,0.02,0.35,1.0,1.38,3.0,0.251188643150958,1.6666666666666665,1.0,0.7,100.0,i_hi,i,h_i,0.251188643150958,1.6666666666666665
0.5,0.6931471805599453,0.11978456650491222,3.9515875232774347,4.071372089782347,0.9705788211287473,0.47057882112874727,3.496177831568935,3.4961778315689354,0.132724335988128,-0.5604228445718173,3.4910944680592417e-06,0.9999912722638299,62.0,2022.621569309279,633.1039619603682,7.075052609845492,100.0,0.4034573568695768,6.0,132.0,,False,False,False,False,resistant-enriched,resistant-dominant,True,0.12799310777667883,0.9089595175443675,0.9104048245563248,0.12799310777667883,0.95,0.9,0.8,0.02,0.35,1.0,1.38,3.0,0.31622776601683794,1.6666666666666665,1.0,0.7,100.0,i_hi,i,h_i,0.31622776601683794,1.6666666666666665
0.5,0.6931471805599453,0.03411319822213683,4.048629574781013,4.08274277300315,0.991644538948741,0.49164453894874105,4.7764493721965655,4.7764493721965655,0.04830000027730389,-0.6448471802826414,1.0332429084123883e-09,0.9999999974168927,96.0,1830.832512202951,849.4861766554766,4.7823740734998825,100.0,0.34625688889160183,4.0,170.0,,False,False,False,False,resistant-enriched,resistant-dominant,True,0.17725503036342638,0.9124078521254398,0.8759214787456016,0.17725503036342638,0.95,0.9,0.8,0.02,0.35,1.0,1.38,3.0,0.3981071705534973,1.6666666666666665,1.0,0.7,100.0,i_hi,i,h_i,0.3981071705534973,1.6666666666666665
0.5,0.6931471805599453,0.022961418966182645,4.065788670234643,4.0887500892008255,0.9943842449488836,0.49438424494888356,5.176547646776612,5.176547646776612,0.034701806282143935,-0.6584453742778014,1.4259304682561268e-12,0.9999999999964352,120.0,1693.0904638769166,1120.729526344883,3.386875320562552,100.0,0.3028199915201816,4.0,198.0,,False,False,False,False,resistant-enriched,resistant-dominant,True,0.24025307335204224,0.9168177151346429,0.8318228486535705,0.24025307335204224,0.95,0.9,0.8,0.02,0.35,1.0,1.38,3.0,0.5011872336272724,1.6666666666666665,1.0,0.7,100.0,i_hi,i,h_i,0.5011872336272724,1.6666666666666665
0.5,0.6931471805599453,0.03015141333695508,4.063069865665475,4.09322127900243,0.9926338178950581,0.4926338178950581,4.903462292503668,4.903462292503668,0.04351324258730872,-0.6496339379726366,7.167444837426291e-15,0.9999999999999821,138.0,1590.6242064113933,1424.16059051528,2.4801518806012997,100.00000000000001,0.2587503015744919,4.0,220.0,,False,False,False,False,resistant-enriched,resistant-dominant,True,0.31701401305280874,0.9221909809136967,0.7780901908630339,0.31701401305280874,0.95,0.9,0.8,0.02,0.35,1.0,1.38,3.0,0.6309573444801934,1.6666666666666665,1.0,0.7,100.0,i_hi,i,h_i,0.6309573444801934,1.6666666666666665
0.5,0.6931471805599453,0.0654460702536185,4.031720641631855,4.097166711885474,0.9840265054229387,0.4840265054229387,4.120722073449509,4.120722073449509,0.08192477758105915,-0.6112224029788862,8.417777173381289e-17,0.9999999999999998,152.0,1511.9952722052924,1736.3632929885514,1.8769058012639488,100.0,0.21774400009248346,4.0,236.0,,False,False,False,False,resistant-enriched,resistant-dominant,True,0.4052193438583777,0.9283653540700865,0.7163464592991355,0.4052193438583777,0.95,0.9,0.8,0.02,0.35,1.0,1.38,3.0,0.7943282347242815,1.6666666666666665,1.0,0.7,100.0,i_hi,i,h_i,0.7943282347242815,1.6666666666666665
0.5,0.6931471805599453,0.1965516181800162,3.904204845710997,4.100756463891013,0.9520694242853139,0.45206942428531394,2.9888843321297016,2.9888843321297016,0.19237626896378024,-0.500770911596165,1.831001450267852e-18,1.0,162.0,1450.34982028873,2038.2882969063671,1.472034707718741,100.0,0.19260497957601994,2.0,252.0,,False,False,False,False,resistant-enriched,resistant-dominant,True,0.5,0.935,0.65,0.5,0.95,0.9,0.8,0.02,0.35,1.0,1.38,3.0,1.0,1.6666666666666665,1.0,0.7,100.0,i_hi,i,h_i,1.0,1.6666666666666665
0.5,0.6931471805599453,0.6447181664694787,3.4591081723485257,4.1038263388180045,0.842898282422162,0.342898282422162,1.6799528110764272,1.6799528110764275,0.43483246175120316,-0.2583147188087421,6.728290930963636e-20,1.0,170.0,1401.4228164472388,2315.2921425911954,1.1993137500033857,100.0,0.17653791425096846,2.0,264.0,,False,False,False,False,resistant-enriched,resistant-dominant,True,0.5947806561416225,0.9416346459299136,0.5836535407008643,0.5947806561416225,0.95,0.9,0.8,0.02,0.35,1.0,1.38,3.0,1.2589254117941675,1.6666666666666665,1.0,0.7,100.0,i_hi,i,h_i,1.2589254117941675,1.6666666666666665
0.5,0.6931471805599453,1.68430143662854,2.4216503535520664,4.105951790180606,0.5897902550496207,0.08979025504962068,0.3630983718396159,0.3630983718396159,0.6769347957075711,-0.016212384852374195,4.1925687533599074e-21,1.0,178.0,1364.0285399719526,2556.9887080385124,1.0151892900016808,100.0,0.16315054752935537,2.0,274.0,,False,False,False,False,resistant-enriched,mixed,True,0.6829859869471915,0.9478090190863034,0.521909809136966,0.6829859869471915,0.95,0.9,0.8,0.02,0.35,1.0,1.38,3.0,1.584893192461114,1.6666666666666665,1.0,0.7,100.0,i_hi,i,h_i,1.584893192461114,1.6666666666666665
0.5,0.6931471805599453,2.860205329130481,1.2463397907079372,4.106545119838419,0.30350081500065856,-0.19649918499934144,-0.83068232724599,-0.83068232724599,0.6138014192261049,-0.07934576133384041,4.541715398486105e-22,1.0,182.0,1336.580386467816,2757.924079841278,0.8900849332170415,100.0,0.15258939248665904,2.0,286.0,,False,False,False,False,susceptible-enriched,mixed,True,0.7597469266479577,0.953182284865357,0.4681771513464297,0.7597469266479577,0.95,0.9,0.8,0.02,0.35,1.0,1.38,3.0,1.9952623149688797,1.6666666666666665,1.0,0.7,100.0,i_hi,i,h_i,1.9952623149688797,1.6666666666666665
0.5,0.6931471805599453,3.5411461232164756,0.5649931668843594,4.106139290100835,0.1375971750998454,-0.36240282490015463,-1.8353920802848378,-1.8353920802848378,0.4005775686542527,-0.2925696119056926,8.70332140612304e-23,1.0,186.0,1316.8963238097197,2917.8510537406178,0.8040352533595474,100.00000000000001,0.14460415145508598,2.0,302.0,,False,False,False,False,susceptible-enriched,susceptible-dominant,True,0.8227449696365737,0.9575921478745602,0.4240785212543984,0.8227449696365737,0.95,0.9,0.8,0.02,0.35,1.0,1.38,3.0,2.511886431509581,1.6666666666666665,1.0,0.7,100.0,i_hi,i,h_i,2.511886431509581,1.6666666666666665
0.5,0.6931471805599453,3.831672551710514,0.2744488145005912,4.106121366211105,0.0668389436218338,-0.4331610563781662,-2.6362919089840675,-2.6362919089840675,0.24538443725163633,-0.44776274330830895,2.724892218990156e-23,1.0,188.0,1303.5269380599252,3040.594480844007,0.7456588596427064,99.99999999999999,0.13875336266464136,2.0,322.0,,False,False,False,False,susceptible-enriched,susceptible-dominant,True,0.8720068922233212,0.9610404824556324,0.38959517544367517,0.8720068922233212,0.95,0.9,0.8,0.02,0.35,1.0,1.38,3.0,3.1622776601683795,1.6666666666666665,1.0,0.7,100.0,i_hi,i,h_i,3.1622776601683795,1.6666666666666665
0.5,0.6931471805599453,3.952985061834122,0.15356363084637378,4.106548692680495,0.0373948155345352,-0.4626051844654648,-3.2481112700122496,-3.2481112700122496,0.1595744580073329,-0.5335727225526123,1.2592645396534139e-23,1.0,190.0,1293.9884666103853,3132.037551189165,0.7062543495488904,100.0,0.134561853433374,2.0,342.0,,False,False,False,False,susceptible-enriched,susceptible-dominant,True,0.9090909090909091,0.9636363636363636,0.36363636363636365,0.9090909090909091,0.95,0.9,0.8,0.02,0.35,1.0,1.38,3.0,3.981071705534973,1.6666666666666665,1.0,0.7,100.0,i_hi,i,h_i,3.981071705534973,1.6666666666666665
0.5,0.6931471805599453,4.008020404389964,0.0990502679265332,4.107070672316498,0.02411701084039691,-0.4758829891596031,-3.7004252555640247,-3.7004252555640247,0.11365578391486442,-0.5794913966450809,7.505077829657628e-24,1.0,190.0,1287.6930003220555,3198.500714872747,0.679811004838249,100.0,0.13160600811291395,2.0,360.0,,False,False,False,False,susceptible-enriched,susceptible-dominant,True,0.9362163243310649,0.9655351427031745,0.3446485729682546,0.9362163243310649,0.95,0.9,0.8,0.02,0.35,1.0,1.38,3.0,5.011872336272725,1.6666666666666665,1.0,0.7,100.0,i_hi,i,h_i,5.011872336272725,1.6666666666666665
0.5,0.6931471805599453,4.035575707305008,0.0719589782838894,4.107534685588897,0.01751877556539067,-0.48248122443460933,-4.026808038324789,-4.026808038324789,0.08821879167986155,-0.6049283888800837,5.377275149397925e-24,1.0,190.0,1283.110725438621,3245.8681281174536,0.661877162954821,100.0,0.12954415391156474,2.0,374.0,,False,False,False,False,susceptible-enriched,susceptible-dominant,True,0.9556429820556985,0.9668950087438989,0.331049912561011,0.9556429820556985,0.95,0.9,0.8,0.02,0.35,1.0,1.38,3.0,6.309573444801933,1.6666666666666665,1.0,0.7,100.0,i_hi,i,h_i,6.309573444801933,1.6666666666666665
0.5,0.6931471805599453,4.050571088857822,0.05730388185486577,4.107874970712688,0.01394976289770668,-0.48605023710229334,-4.258244792169948,-4.258244792169948,0.0734494804805892,-0.6196977000793561,4.266624632516327e-24,1.0,192.0,1280.1798708837177,3279.1437076649486,0.6497805936316046,100.0,0.12811663036491128,2.0,384.0,,False,False,False,False,susceptible-enriched,susceptible-dominant,True,0.9693465699682846,0.96785425989778,0.3214574010222008,0.9693465699682846,0.95,0.9,0.8,0.02,0.35,1.0,1.38,3.0,7.943282347242818,1.6666666666666665,1.0,0.7,100.0,i_hi,i,h_i,7.943282347242818,1.6666666666666665
0.5,0.6931471805599453,4.059286454436266,0.048833645083533404,4.108120099519799,0.011887102592069205,-0.4881128974079308,-4.420342963279285,-4.420342963279285,0.06450338942755512,-0.6286437911323901,3.6590012977646745e-24,1.0,192.0,1277.8059675086934,3302.2884649313296,0.6415184896003575,100.0,0.1271333329453334,2.0,390.0,,False,False,False,False,susceptible-enriched,susceptible-dominant,True,0.9789100228828136,0.9685237016017969,0.3147629839820305,0.9789100228828136,0.95,0.9,0.8,0.02,0.35,1.0,1.38,3.0,10.0,1.6666666666666665,1.0,0.7,100.0,i_hi,i,h_i,10.0,1.6666666666666665
0.5,0.6931471805599453,1.2578097495594098,2.826645765166947,4.084455514726357,0.6920495902025565,0.19204959020255652,0.8097188523331093,0.8097188523331093,0.6174509161863502,-0.07569626437359511,0.011043413632177862,0.9723914659195554,16.0,2354.1050466029537,391.8467083142966,85.42866124119752,99.99999999999999,0.7384724823240205,14.0,382.0,,False,False,False,False,resistant-enriched,mixed,True,0.009900990099009903,0.9006930693069307,0.9930693069306931,0.009900990099009903,0.95,0.9,0.8,0.02,0.35,1.0,1.38,3.0,0.1,2.0,1.0,0.7,100.0,i_hi,i,h_i,0.1,2.0
0.5,0.6931471805599453,1.2390297822400123,2.844683401192765,4.083713183432778,0.6965923593099941,0.19659235930999408,0.8311231391740916,0.8311231391740916,0.6137240004373117,-0.07942318012263361,0.00965748231188809,0.9758562942202798,16.0,2350.9107049192676,396.11385263932095,54.495882759642164,100.00000000000001,0.6988566634595595,12.0,274.0,,False,False,False,False,resistant-enriched,mixed,True,0.015601662241829605,0.9010921163569281,0.9890788364307193,0.015601662241829605,0.95,0.9,0.8,0.02,0.35,1.0,1.38,3.0,0.12589254117941673,2.0,1.0,0.7,100.0,i_hi,i,h_i,0.12589254117941673,2.0
0.5,0.6931471805599453,1.205967962099361,2.876486840119792,4.082454802219153,0.7045973512201978,0.20459735122019784,0.8692871698193341,0.8692871698193343,0.6069185048643836,-0.0862286756955617,0.008266363787976471,0.9793340905300588,16.0,2345.1205544620784,403.2108214530155,34.856415331004456,100.00000000000001,0.6494578192965413,10.0,194.0,,False,False,False,False,resistant-enriched,mixed,True,0.02450336755033599,0.9017152357285235,0.9828476427147648,0.02450336755033599,0.95,0.9,0.8,0.02,0.35,1.0,1.38,3.0,0.15848931924611134,2.0,1.0,0.7,100.0,i_hi,i,h_i,0.15848931924611134,2.0
0.5,0.6931471805599453,1.143148647938237,2.9369646310187374,4.080113278956974,0.7198242867829231,0.2198242867829231,0.943590182543478,0.943590182543478,0.5931191952697198,-0.1000279852902255,0.0061965931414429895,0.9845085171463925,18.0,2334.4572397925667,415.48079700513165,22.50597487231709,100.0,0.5914859662633031,10.0,138.0,,False,False,False,False,resistant-enriched,mixed,True,0.038286503882254734,0.9026800552717579,0.9731994472824217,0.038286503882254734,0.95,0.9,0.8,0.02,0.35,1.0,1.38,3.0,0.19952623149688797,2.0,1.0,0.7,100.0,i_hi,i,h_i,0.19952623149688797,2.0
0.5,0.6931471805599453,1.0045374395200801,3.0702311665277184,4.074768606047798,0.753473746207542,0.25347374620754204,1.117225680932274,1.117225680932274,0.5584865657420321,-0.13466061481791314,0.003525921476295663,0.9911851963092608,20.0,2309.7602793789333,438.6029987885232,14.846077716162926,100.00000000000001,0.5287459780904932,8.0,102.0,,False,False,False,False,resistant-enriched,mixed,True,0.059350943102767596,0.9041545660171938,0.9584543398280627,0.059350943102767596,0.95,0.9,0.8,0.02,0.35,1.0,1.38,3.0,0.251188643150958,2.0,1.0,0.7,100.0,i_hi,i,h_i,0.251188643150958,2.0
0.5,0.6931471805599453,0.6012277177260387,3.4607253499055246,4.061953067631563,0.8519855577561851,0.3519855577561851,1.7502597239635438,1.7502597239635438,0.4192494201111614,-0.2738977604487839,0.0007212246651949434,0.9981969383370126,30.0,2228.2219208440624,495.1489267735685,10.329371174272055,100.0,0.45967460164429996,6.0,92.0,,False,False,False,False,resistant-enriched,resistant-dominant,True,0.09090909090909091,0.9063636363636364,0.9363636363636364,0.09090909090909091,0.95,0.9,0.8,0.02,0.35,1.0,1.38,3.0,0.31622776601683794,2.0,1.0,0.7,100.0,i_hi,i,h_i,0.31622776601683794,2.0
0.5,0.6931471805599453,0.08631323438962753,3.988126260584863,4.074439494974491,0.9788159243753433,0.47881592437534326,3.8330938510770687,3.8330938510770687,0.10261222827941949,-0.5905349522805258,6.539830952720227e-07,0.9999983650422618,70.0,1979.2937983586644,671.2284791376361,6.510172398749228,100.0,0.3913365787475456,6.0,140.0,,False,False,False,False,resistant-enriched,resistant-dominant,True,0.13680688860321005,0.9095764822022248,0.904235177977753,0.13680688860321005,0.95,0.9,0.8,0.02,0.35,1.0,1.38,3.0,0.3981071705534973,2.0,1.0,0.7,100.0,i_hi,i,h_i,0.3981071705534973,2.0
0.5,0.6931471805599453,0.026564567440534023,4.058904776011401,4.085469343451935,0.9934977929810902,0.4934977929810902,5.02909017988981,5.02909017988981,0.03922362391753217,-0.6539235566424131,6.139142355286337e-11,0.9999999998465214,106.0,1770.2859863230506,952.530752271276,4.147722579912111,100.0,0.3291935246118033,4.0,182.0,,False,False,False,False,resistant-enriched,resistant-dominant,True,0.2007600089131018,0.9140532006239172,0.8594679937608287,0.2007600089131018,0.95,0.9,0.8,0.02,0.35,1.0,1.38,3.0,0.5011872336272724,2.0,1.0,0.7,100.0,i_hi,i,h_i,0.5011872336272724,2.0
0.5,0.6931471805599453,0.025226665024053803,4.066296457829402,4.091523122853456,0.9938344073181089,0.4938344073181089,5.082586331987957,5.082586331987957,0.03752183553247844,-0.6556253450274668,5.2590191211079813e-14,0.9999999999998685,132.0,1628.3796767876322,1300.5068739102603,2.798613638524634,100.0,0.2762109803549445,4.0,212.0,,False,False,False,False,resistant-enriched,resistant-dominant,True,0.2847472489508015,0.9199323074265561,0.8006769257344389,0.2847472489508015,0.95,0.9,0.8,0.02,0.35,1.0,1.38,3.0,0.6309573444801934,2.0,1.0,0.7,100.0,i_hi,i,h_i,0.6309573444801934,2.0
0.5,0.6931471805599453,0.05427282150807886,4.042133655307785,4.096406476815863,0.9867511142228579,0.4867511142228579,4.3105043871217505,4.3105043871217505,0.07044681552211102,-0.6227003650378342,1.9384992308653112e-16,0.9999999999999996,150.0,1526.2655717030884,1674.2030185153258,1.9789731749495942,100.00000000000001,0.22554299689617205,4.0,234.0,,False,False,False,False,resistant-enriched,resistant-dominant,True,0.386863179846857,0.92708042258928,0.7291957741072002,0.386863179846857,0.95,0.9,0.8,0.02,0.35,1.0,1.38,3.0,0.7943282347242815,2.0,1.0,0.7,100.0,i_hi,i,h_i,0.7943282347242815,2.0
0.5,0.6931471805599453,0.1965516181800162,3.904204845710997,4.100756463891013,0.9520694242853139,0.45206942428531394,2.9888843321297016,2.9888843321297016,0.19237626896378024,-0.500770911596165,1.831001450267852e-18,1.0,162.0,1450.34982028873,2038.2882969063671,1.472034707718741,100.0,0.19260497957601994,2.0,252.0,,False,False,False,False,resistant-enriched,resistant-dominant,True,0.5,0.935,0.65,0.5,0.95,0.9,0.8,0.02,0.35,1.0,1.38,3.0,1.0,2.0,1.0,0.7,100.0,i_hi,i,h_i,1.0,2.0
0.5,0.6931471805599453,0.8039881963078327,3.300356720748583,4.104344917056416,0.8041129065525898,0.3041129065525898,1.4122012509469979,1.4122012509469979,0.49464758703793,-0.1984995935220153,3.6821023038792627e-20,1.0,172.0,1393.011732934705,2366.7068275168817,1.156493039401551,100.0,0.1736340316014737,2.0,266.0,,False,False,False,False,resistant-enriched,resistant-dominant,True,0.6131368201531432,0.9429195774107201,0.5708042258927998,0.6131368201531432,0.95,0.9,0.8,0.02,0.35,1.0,1.38,3.0,1.2589254117941675,2.0,1.0,0.7,100.0,i_hi,i,h_i,1.2589254117941675,2.0
0.5,0.6931471805599453,2.190903982102293,1.9154881523502385,4.106392134452531,0.4664649866921717,-0.03353501330782832,-0.1343417358829079,-0.1343417358829079,0.6908962969916934,-0.0022508835682518713,1.61224493204204e-21,1.0,180.0,1351.7925553488772,2642.3797869104237,0.9593581071736511,100.0,0.1585943503060749,2.0,278.0,,False,False,False,False,susceptible-enriched,mixed,True,0.7152527510491987,0.9500676925734439,0.4993230742655609,0.7152527510491987,0.95,0.9,0.8,0.02,0.35,1.0,1.38,3.0,1.584893192461114,2.0,1.0,0.7,100.0,i_hi,i,h_i,1.584893192461114,2.0
0.5,0.6931471805599453,3.331146413241146,0.7751722855963513,4.106318698837497,0.18877548053340412,-0.3112245194665959,-1.4579864833255933,-1.4579864833255933,0.4844425194361084,-0.2087046611238369,1.5742865234290511e-22,1.0,184.0,1323.9893160247323,2858.6246738439118,0.8345777458508963,100.0,0.14751529042693007,2.0,294.0,,False,False,False,False,susceptible-enriched,susceptible-dominant,True,0.7992399910868984,0.9559467993760828,0.4405320062391712,0.7992399910868984,0.95,0.9,0.8,0.02,0.35,1.0,1.38,3.0,1.9952623149688797,2.0,1.0,0.7,100.0,i_hi,i,h_i,1.9952623149688797,2.0
0.5,0.6931471805599453,3.792287892954016,0.3137886918108308,4.106076584764847,0.0764205648221735,-0.4235794351778265,-2.492004978275459,-2.492004978275459,0.2699388956691539,-0.4232082848907914,3.330862303082254e-23,1.0,188.0,1305.9628245088634,3018.7518403087865,0.7555594114003582,100.0,0.13977597213208232,2.0,316.0,,False,False,False,False,susceptible-enriched,susceptible-dominant,True,0.8631931113967901,0.9604235177977754,0.39576482202224694,0.8631931113967901,0.95,0.9,0.8,0.02,0.35,1.0,1.38,3.0,2.511886431509581,2.0,1.0,0.7,100.0,i_hi,i,h_i,2.511886431509581,2.0
0.5,0.6931471805599453,3.952985061834122,0.15356363084637378,4.106548692680495,0.0373948155345352,-0.4626051844654648,-3.2481112700122496,-3.2481112700122496,0.1595744580073329,-0.5335727225526123,1.2592645396534139e-23,1.0,190.0,1293.9884666103853,3132.037551189165,0.7062543495488904,100.0,0.134561853433374,2.0,342.0,,False,False,False,False,susceptible-enriched,susceptible-dominant,True,0.9090909090909091,0.9636363636363636,0.36363636363636365,0.9090909090909091,0.95,0.9,0.8,0.02,0.35,1.0,1.38,3.0,3.1622776601683795,2.0,1.0,0.7,100.0,i_hi,i,h_i,3.1622776601683795,2.0
0.5,0.6931471805599453,4.015048354822847,0.09211928969078541,4.107167644513632,0.022428909083815618,-0.4775710909161844,-3.7747203056229144,-3.7747203056229144,0.1073471210387817,-0.5858000595211635,6.936986573898357e-24,1.0,190.0,1286.5242665797637,3209.327228953836,0.6756300862355858,100.0,0.13113154869595023,2.0,364.0,,False,False,False,False,susceptible-enriched,susceptible-dominant,True,0.9406490568972324,0.9658454339828063,0.3415456601719373,0.9406490568972324,0.95,0.9,0.8,0.02,0.35,1.0,1.38,3.0,3.981071705534973,2.0,1.0,0.7,100.0,i_hi,i,h_i,3.981071705534973,2.0
0.5,0.6931471805599453,4.042606525352534,0.0650681846537396,4.107674710006274,0.01584063716029749,-0.4841593628397025,-4.12920922770095,-4.12920922770095,0.0813767460726082,-0.6117704344873371,4.846406586448849e-24,1.0,192.0,1281.9049125739225,3260.623934653648,0.6564805841823039,100.0,0.12890906361865315,2.0,378.0,,False,False,False,False,susceptible-enriched,susceptible-dominant,True,0.9617134961177453,0.9673199447282421,0.32680055271757835,0.9617134961177453,0.95,0.9,0.8,0.02,0.35,1.0,1.38,3.0,5.011872336272725,2.0,1.0,0.7,100.0,i_hi,i,h_i,5.011872336272725,2.0
0.5,0.6931471805599453,4.056325321727057,0.051707373529885664,4.108032695256942,0.01258689435203036,-0.48741310564796964,-4.362432356768245,-4.362432356768245,0.06757625555164169,-0.6255709250083036,3.862339913517597e-24,1.0,192.0,1278.6404759957875,3294.035570831635,0.644446724866309,100.0,0.12748308146714504,2.0,388.0,,False,False,False,False,susceptible-enriched,susceptible-dominant,True,0.975496632449664,0.9682847642714765,0.3171523572852353,0.975496632449664,0.95,0.9,0.8,0.02,0.35,1.0,1.38,3.0,6.309573444801933,2.0,1.0,0.7,100.0,i_hi,i,h_i,6.309573444801933,2.0
0.5,0.6931471805599453,4.063737200824497,0.04453498613024453,4.108272186954742,0.010840320237704626,-0.48915967976229535,-4.5135832365671495,-4.5135832365671495,0.05982819232009968,-0.6333189882398456,3.359932293330557e-24,1.0,192.0,1276.5679066530538,3315.539624930383,0.636865481475868,100.0,0.12657377800989286,2.0,392.0,,False,False,False,False,susceptible-enriched,susceptible-dominant,True,0.9843983377581705,0.9689078836430719,0.3109211635692807,0.9843983377581705,0.95,0.9,0.8,0.02,0.35,1.0,1.38,3.0,7.943282347242818,2.0,1.0,0.7,100.0,i_hi,i,h_i,7.943282347242818,2.0
0.5,0.6931471805599453,4.067967747130269,0.040459558418356814,4.108427305548626,0.009847943120160423,-0.4901520568798396,-4.6105959110526635,-4.6105959110526635,0.055301641121841244,-0.6378455394381041,3.0817709360723837e-24,1.0,192.0,1275.4250309219183,3329.2782026038935,0.6321060066772669,100.00000000000001,0.12599620191160216,2.0,396.0,,False,False,False,False,susceptible-enriched,susceptible-dominant,True,0.9900990099009901,0.9693069306930693,0.306930693069307,0.9900990099009901,0.95,0.9,0.8,0.02,0.35,1.0,1.38,3.0,10.0,2.0,1.0,0.7,100.0,i_hi,i,h_i,10.0,2.0
0.5,0.6931471805599453,1.2737937669327892,2.811314784817347,4.085108551750136,0.6881860663440456,0.18818606634404555,0.7916526032121907,0.7916526032121909,0.6205443446415841,-0.07260283591836114,0.01202657384370527,0.9699335653907368,14.0,2356.697492066571,388.065128304027,171.49564596512033,100.0,0.786320001386444,18.0,,,False,False,False,False,resistant-enriched,mixed,True,0.004620144024698061,0.9003234100817289,0.9967658991827114,0.004620144024698061,0.95,0.9,0.8,0.02,0.35,1.0,1.38,3.0,0.1,2.333333333333333,1.0,0.7,100.0,i_hi,i,h_i,0.1,2.333333333333333
0.5,0.6931471805599453,1.264075672976555,2.8206334047910118,4.084709077767567,0.6905347115522323,0.19053471155223234,0.8026203095627701,0.8026203095627701,0.6186721628393932,-0.0744750177205521,0.011667920625671787,0.9708301984358205,16.0,2355.0838735973734,390.381320274167,106.54983164868305,100.0,0.7545810665929095,16.0,450.0,,False,False,False,False,resistant-enriched,mixed,True,0.007880683850330292,0.9005516478695231,0.9944835213047688,0.007880683850330292,0.95,0.9,0.8,0.02,0.35,1.0,1.38,3.0,0.12589254117941673,2.333333333333333,1.0,0.7,100.0,i_hi,i,h_i,0.12589254117941673,2.333333333333333
0.5,0.6931471805599453,1.2464465656880857,2.837556477698199,4.084003043386285,0.6947978362291855,0.19479783622918545,0.8226465310598783,0.8226465310598781,0.6152078601535502,-0.07793932040639506,0.010132203851050875,0.9746694903723728,16.0,2352.2566429527205,394.45048460723575,63.31767951529244,100.0,0.7121180504030364,12.0,306.0,,False,False,False,False,resistant-enriched,mixed,True,0.013411257127919733,0.9009387879989544,0.9906121200104562,0.013411257127919733,0.95,0.9,0.8,0.02,0.35,1.0,1.38,3.0,0.15848931924611134,2.333333333333333,1.0,0.7,100.0,i_hi,i,h_i,0.15848931924611134,2.333333333333333
0.5,0.6931471805599453,1.2129437804068761,2.869774607764767,4.082718388171643,0.7029078018408057,0.2029078018408057,0.8611832114822239,0.8611832114822241,0.6083803586757155,-0.08476682188422979,0.008487408640951353,0.9787814783976216,16.0,2346.210784410212,401.75404417885966,37.533435293188624,100.0,0.6575235546438116,12.0,206.0,,False,False,False,False,resistant-enriched,mixed,True,0.022734184192685785,0.901591392893488,0.9840860710651199,0.022734184192685785,0.95,0.9,0.8,0.02,0.35,1.0,1.38,3.0,0.19952623149688797,2.333333333333333,1.0,0.7,100.0,i_hi,i,h_i,0.19952623149688797,2.333333333333333
0.5,0.6931471805599453,1.1431486479382345,2.9369646310187303,4.080113278956965,0.7198242867829229,0.21982428678292287,0.9435901825434777,0.9435901825434777,0.59311919526972,-0.10002798529022527,0.006196593141442976,0.9845085171463925,18.0,2334.457239792562,415.4807970051319,22.50597487231711,100.0,0.5914859662633029,10.0,138.0,,False,False,False,False,resistant-enriched,mixed,True,0.03828650388225475,0.9026800552717579,0.9731994472824217,0.03828650388225475,0.95,0.9,0.8,0.02,0.35,1.0,1.38,3.0,0.251188643150958,2.333333333333333,1.0,0.7,100.0,i_hi,i,h_i,0.251188643150958,2.333333333333333
0.5,0.6931471805599453,0.9655026112127332,3.1077277382036783,4.073230349416411,0.762963906190313,0.26296390619031296,1.1689983009463014,1.1689983009463014,0.5476393448671735,-0.14550783569277181,0.0030213560243731816,0.9924466099390671,22.0,2302.7419333329503,444.45709890027604,13.90964317674812,100.0,0.5169850989727736,8.0,96.0,,False,False,False,False,resistant-enriched,mixed,True,0.06378367566893509,0.9044648572968255,0.9553514270317455,0.06378367566893509,0.95,0.9,0.8,0.02,0.35,1.0,1.38,3.0,0.31622776601683794,2.333333333333333,1.0,0.7,100.0,i_hi,i,h_i,0.31622776601683794,2.333333333333333
0.5,0.6931471805599453,0.35748226974654806,3.7041623352408073,4.061644604987356,0.9119858322149628,0.41198583221496277,2.3381266560249188,2.3381266560249188,0.2979190956865324,-0.3952280848734129,0.00018815616551745492,0.9995296095862064,38.0,2159.6626570335466,537.215308597849,9.068046096690864,99.99999999999999,0.4381710798955912,6.0,104.0,,False,False,False,False,resistant-enriched,resistant-dominant,True,0.10441727916673242,0.9073092095416713,0.9269079045832873,0.10441727916673242,0.95,0.9,0.8,0.02,0.35,1.0,1.38,3.0,0.3981071705534973,2.333333333333333,1.0,0.7,100.0,i_hi,i,h_i,0.3981071705534973,2.333333333333333
0.5,0.6931471805599453,0.04067779730332033,4.040437765607071,4.081115562910391,0.9900326769295621,0.4900326769295621,4.598425900113444,4.598425900113444,0.05585132596056282,-0.6372958545993824,4.717434897414696e-09,0.9999999882064128,90.0,1864.0913758998831,801.2376316678684,5.148921663364545,100.00000000000001,0.35455542380331617,4.0,162.0,,False,False,False,False,resistant-enriched,resistant-dominant,True,0.16633753081656197,0.9116436271571594,0.8835637284284066,0.16633753081656197,0.95,0.9,0.8,0.02,0.35,1.0,1.38,3.0,0.5011872336272724,2.333333333333333,1.0,0.7,100.0,i_hi,i,h_i,0.5011872336272724,2.333333333333333
0.5,0.6931471805599453,0.023111805987259346,4.0666018128342385,4.089713618821498,0.9943487959937108,0.49434879599371084,5.170219425592844,5.170219425592844,0.03488519720624215,-0.6582619833537031,4.538636427608444e-13,0.9999999999988654,124.0,1670.1517373938964,1179.6362063081683,3.1741182055985933,100.0,0.29393572467528234,4.0,202.0,,False,False,False,False,resistant-enriched,resistant-dominant,True,0.2545407159009288,0.917817850113065,0.8218214988693499,0.2545407159009288,0.95,0.9,0.8,0.02,0.35,1.0,1.38,3.0,0.6309573444801934,2.333333333333333,1.0,0.7,100.0,i_hi,i,h_i,0.6309573444801934,2.333333333333333
0.5,0.6931471805599453,0.0456730035984141,4.04995764344788,4.095630647046294,0.9888483587670797,0.48884835876707966,4.4849543091761355,4.4849543091761355,0.061228888356463215,-0.6319182922034821,4.593782660633738e-16,0.9999999999999989,148.0,1541.3097688928885,1611.756246497183,2.0895834294033686,100.0,0.23356538477254404,4.0,230.0,,False,False,False,False,resistant-enriched,resistant-dominant,True,0.36882291180490384,0.9258176038263433,0.7418239617365674,0.36882291180490384,0.95,0.9,0.8,0.02,0.35,1.0,1.38,3.0,0.7943282347242815,2.333333333333333,1.0,0.7,100.0,i_hi,i,h_i,0.7943282347242815,2.333333333333333
0.5,0.6931471805599453,0.1965516181800162,3.904204845710997,4.100756463891013,0.9520694242853139,0.45206942428531394,2.9888843321297016,2.9888843321297016,0.19237626896378024,-0.500770911596165,1.831001450267852e-18,1.0,162.0,1450.34982028873,2038.2882969063671,1.472034707718741,100.0,0.19260497957601994,2.0,252.0,,False,False,False,False,resistant-enriched,resistant-dominant,True,0.5,0.935,0.65,0.5,0.95,0.9,0.8,0.02,0.35,1.0,1.38,3.0,1.0,2.333333333333333,1.0,0.7,100.0,i_hi,i,h_i,1.0,2.333333333333333
0.5,0.6931471805599453,0.990536410013425,3.114286838346591,4.104823248360016,0.7586896316646107,0.2586896316646107,1.1455088359697063,1.1455088359697059,0.5525856617932654,-0.14056151876667988,2.0689763232764074e-20,1.0,174.0,1385.104312594207,2416.6315857997915,1.1169120158795804,100.0,0.1708419256963901,2.0,268.0,,False,False,False,False,resistant-enriched,mixed,True,0.6311770881950962,0.9441823961736567,0.5581760382634327,0.6311770881950962,0.95,0.9,0.8,0.02,0.35,1.0,1.38,3.0,1.2589254117941675,2.333333333333333,1.0,0.7,100.0,i_hi,i,h_i,1.2589254117941675,2.333333333333333
0.5,0.6931471805599453,2.6569176968508463,1.4496425482585351,4.106560245109382,0.35300652169536667,-0.14699347830463333,-0.605849682729664,-0.6058496827296638,0.6492879536027822,-0.043859226957163044,6.796346486354846e-22,1.0,180.0,1341.191056925049,2721.0802156680274,0.9114416139203758,99.99999999999999,0.15448354694471247,2.0,284.0,,False,False,False,False,susceptible-enriched,mixed,True,0.7454592840990715,0.9521821498869351,0.47817850113064997,0.7454592840990715,0.95,0.9,0.8,0.02,0.35,1.0,1.38,3.0,1.584893192461114,2.333333333333333,1.0,0.7,100.0,i_hi,i,h_i,1.584893192461114,2.333333333333333
0.5,0.6931471805599453,3.6216580579265805,0.4844248730780999,4.10608293100468,0.11797737191819707,-0.38202262808180293,-2.011724868427639,-2.011724868427639,0.3628755808824689,-0.3302715996774764,6.626385398106859e-23,1.0,186.0,1314.0855285840812,2945.2026354863265,0.7905201693768483,100.0,0.1432787012047415,2.0,304.0,,False,False,False,False,susceptible-enriched,susceptible-dominant,True,0.8336624691834381,0.9583563728428407,0.41643627157159335,0.8336624691834381,0.95,0.9,0.8,0.02,0.35,1.0,1.38,3.0,1.9952623149688797,2.333333333333333,1.0,0.7,100.0,i_hi,i,h_i,1.9952623149688797,2.333333333333333
0.5,0.6931471805599453,3.916080465343575,0.19027641271715412,4.106356878060729,0.04633703751706408,-0.4536629624829359,-3.0243687325466486,-3.024368732546648,0.1875852461824451,-0.5055619343775002,1.6475127455005363e-23,1.0,188.0,1297.6096226447642,3098.808998433851,0.7201899742139424,100.0,0.1360681567654019,2.0,334.0,,False,False,False,False,susceptible-enriched,susceptible-dominant,True,0.8955827208332677,0.9626907904583287,0.3730920954167126,0.8955827208332677,0.95,0.9,0.8,0.02,0.35,1.0,1.38,3.0,2.511886431509581,2.333333333333333,1.0,0.7,100.0,i_hi,i,h_i,2.511886431509581,2.333333333333333
0.5,0.6931471805599453,4.008020404389964,0.0990502679265332,4.107070672316498,0.02411701084039691,-0.4758829891596031,-3.7004252555640247,-3.7004252555640247,0.11365578391486442,-0.5794913966450809,7.505077829657628e-24,1.0,190.0,1287.6930003220555,3198.500714872747,0.679811004838249,100.0,0.13160600811291395,2.0,360.0,,False,False,False,False,susceptible-enriched,susceptible-dominant,True,0.9362163243310649,0.9655351427031745,0.3446485729682546,0.9362163243310649,0.95,0.9,0.8,0.02,0.35,1.0,1.38,3.0,3.1622776601683795,2.333333333333333,1.0,0.7,100.0,i_hi,i,h_i,3.1622776601683795,2.333333333333333
0.5,0.6931471805599453,4.042606525352534,0.0650681846537396,4.107674710006274,0.01584063716029749,-0.4841593628397025,-4.12920922770095,-4.12920922770095,0.0813767460726082,-0.6117704344873371,4.846406586448849e-24,1.0,192.0,1281.9049125739225,3260.623934653648,0.6564805841823039,100.0,0.12890906361865315,2.0,378.0,,False,False,False,False,susceptible-enriched,susceptible-dominant,True,0.9617134961177453,0.9673199447282421,0.32680055271757835,0.9617134961177453,0.95,0.9,0.8,0.02,0.35,1.0,1.38,3.0,3.981071705534973,2.333333333333333,1.0,0.7,100.0,i_hi,i,h_i,3.981071705534973,2.333333333333333
0.5,0.6931471805599453,4.057875116297874,0.05019796614306052,4.108073082440934,0.012219345940465571,-0.4877806540595344,-4.392440234421269,-4.392440234421269,0.06596736269056416,-0.6271798178693812,3.755192600440309e-24,1.0,192.0,1278.2017717338433,3298.314160216313,0.6429258506998607,100.00000000000001,0.1273016373218781,2.0,388.0,,False,False,False,False,susceptible-enriched,susceptible-dominant,True,0.9772658158073142,0.968408607106512,0.31591392893488013,0.9772658158073142,0.95,0.9,0.8,0.02,0.35,1.0,1.38,3.0,5.011872336272725,2.333333333333333,1.0,0.7,100.0,i_hi,i,h_i,5.011872336272725,2.333333333333333
0.5,0.6931471805599453,4.065410594091677,0.0429239927390868,4.108334586830764,0.010448027499191362,-0.4895519725008086,-4.550839083130212,-4.550839083130212,0.05805028320095461,-0.6350968973589907,3.2493766703209888e-24,1.0,192.0,1276.114059355569,3320.8214573637856,0.635027997901537,100.0,0.1263514162817779,2.0,394.0,,False,False,False,False,susceptible-enriched,susceptible-dominant,True,0.9865887428720803,0.9690612120010457,0.30938787998954387,0.9865887428720803,0.95,0.9,0.8,0.02,0.35,1.0,1.38,3.0,6.309573444801933,2.333333333333333,1.0,0.7,100.0,i_hi,i,h_i,6.309573444801933,2.333333333333333
0.5,0.6931471805599453,4.069390446897185,0.03910427533932747,4.108494722236513,0.009517908134987343,-0.4904820918650127,-4.645016695142716,-4.645016695142716,0.05377433509080569,-0.6393728454691396,2.9903792563307875e-24,1.0,192.0,1275.0485285329719,3334.140188833418,0.6304363243058914,100.0,0.12579239258710695,2.0,398.0,,False,False,False,False,susceptible-enriched,susceptible-dominant,True,0.9921193161496697,0.9694483521304769,0.30551647869523124,0.9921193161496697,0.95,0.9,0.8,0.02,0.35,1.0,1.38,3.0,7.943282347242818,2.333333333333333,1.0,0.7,100.0,i_hi,i,h_i,7.943282347242818,2.333333333333333
0.5,0.6931471805599453,4.071575783228507,0.03700944898257276,4.10858523221108,0.009007832840467987,-0.49099216715953203,-4.7006121158837555,-4.7006121158837555,0.051390976847399364,-0.6417562037125459,2.8501296920218783e-24,1.0,192.0,1274.439812464052,3341.9801734359767,0.6277585524424968,100.0,0.12546443733496362,2.0,400.0,,False,False,False,False,susceptible-enriched,susceptible-dominant,True,0.995379855975302,0.9696765899182711,0.30323410081728863,0.995379855975302,0.95,0.9,0.8,0.02,0.35,1.0,1.38,3.0,10.0,2.333333333333333,1.0,0.7,100.0,i_hi,i,h_i,10.0,2.333333333333333
0.5,0.6931471805599453,1.2808520818332945,2.80455467786012,4.085406759693415,0.6864811370877021,0.1864811370877021,0.7837192208585759,0.783719220858576,0.6218872900474876,-0.07125989051245774,0.012247341554660151,0.9693816461133496,14.0,2357.9810548266996,386.3485425954094,284.0226648599249,100.0,0.8154316261774783,20.0,,,False,False,False,False,resistant-enriched,mixed,True,0.002149803079700241,0.900150486215579,0.9984951378442098,0.002149803079700241,0.95,0.9,0.8,0.02,0.35,1.0,1.38,3.0,0.1,2.6666666666666665,1.0,0.7,100.0,i_hi,i,h_i,0.1,2.6666666666666665
0.5,0.6931471805599453,1.275689513072871,2.8094983960286783,4.085187909101549,0.6877280699302197,0.18772806993021973,0.7895191336594042,0.7895191336594042,0.6209064300688448,-0.07224075049110046,0.01208263019760178,0.9697934245059956,14.0,2357.033006317547,387.6069466843444,193.27304075488553,99.99999999999999,0.7935700946779877,18.0,,,False,False,False,False,resistant-enriched,mixed,True,0.003965285619152202,0.9002775699933406,0.9972243000665935,0.003965285619152202,0.95,0.9,0.8,0.02,0.35,1.0,1.38,3.0,0.12589254117941673,2.6666666666666665,1.0,0.7,100.0,i_hi,i,h_i,0.12589254117941673,2.6666666666666665
0.5,0.6931471805599453,1.26583312667766,2.8189475649381355,4.084780691615795,0.690109892735284,0.190109892735284,0.8006331078064134,0.8006331078064132,0.6190127088961968,-0.07413447166374854,0.011813692842019455,0.9704657678949513,14.0,2355.3641959995284,389.9664121302639,114.51931156401884,100.0,0.759932746166124,16.0,474.0,,False,False,False,False,resistant-enriched,mixed,True,0.007302700791854772,0.9005111890554298,0.9948881094457016,0.007302700791854772,0.95,0.9,0.8,0.02,0.35,1.0,1.38,3.0,0.15848931924611134,2.6666666666666665,1.0,0.7,100.0,i_hi,i,h_i,0.15848931924611134,2.6666666666666665
0.5,0.6931471805599453,1.2464465656880857,2.837556477698199,4.084003043386285,0.6947978362291855,0.19479783622918545,0.8226465310598783,0.8226465310598781,0.6152078601535502,-0.07793932040639506,0.010132203851050875,0.9746694903723728,16.0,2352.2566429527205,394.45048460723575,63.31767951529244,100.0,0.7121180504030364,12.0,306.0,,False,False,False,False,resistant-enriched,mixed,True,0.013411257127919733,0.9009387879989544,0.9906121200104562,0.013411257127919733,0.95,0.9,0.8,0.02,0.35,1.0,1.38,3.0,0.19952623149688797,2.6666666666666665,1.0,0.7,100.0,i_hi,i,h_i,0.19952623149688797,2.6666666666666665
0.5,0.6931471805599453,1.2059679620993586,2.876486840119778,4.082454802219137,0.7045973512201973,0.2045973512201973,0.8692871698193314,0.8692871698193316,0.6069185048643841,-0.08622867569556114,0.008266363787976471,0.9793340905300588,16.0,2345.1205544620693,403.2108214530157,34.85641533100347,100.00000000000001,0.6494578192965411,10.0,194.0,,False,False,False,False,resistant-enriched,mixed,True,0.024503367550335994,0.9017152357285235,0.9828476427147648,0.024503367550335994,0.95,0.9,0.8,0.02,0.35,1.0,1.38,3.0,0.251188643150958,2.6666666666666665,1.0,0.7,100.0,i_hi,i,h_i,0.251188643150958,2.6666666666666665
0.5,0.6931471805599453,1.1095937278162153,2.9692551351833765,4.078848862999592,0.7279640003625389,0.22796400036253894,0.9843171877759259,0.9843171877759264,0.5852733921965612,-0.10787378836338413,0.005393146816295208,0.986517132959262,18.0,2328.360737167719,421.500603138813,19.524001198343754,100.0,0.5708864120537362,8.0,124.0,,False,False,False,False,resistant-enriched,mixed,True,0.04435701794430148,0.9031049912561011,0.9689500874389889,0.04435701794430148,0.95,0.9,0.8,0.02,0.35,1.0,1.38,3.0,0.31622776601683794,2.6666666666666665,1.0,0.7,100.0,i_hi,i,h_i,0.31622776601683794,2.6666666666666665
0.5,0.6931471805599453,0.791456657625206,3.275321220111172,4.066777877736378,0.8053848325579707,0.30538483255797066,1.4202961077058545,1.4202961077058545,0.49284622774583453,-0.20030095281411076,0.0015689062533958387,0.9960777343665104,26.0,2269.5579809029105,468.8083193583879,11.580566513650039,100.0,0.4796936281753349,6.0,90.0,,False,False,False,False,resistant-enriched,resistant-dominant,True,0.07899428263617199,0.9055295997845321,0.9447040021546796,0.07899428263617199,0.95,0.9,0.8,0.02,0.35,1.0,1.38,3.0,0.3981071705534973,2.6666666666666665,1.0,0.7,100.0,i_hi,i,h_i,0.3981071705534973,2.6666666666666665
0.5,0.6931471805599453,0.08631323438962753,3.988126260584863,4.074439494974491,0.9788159243753433,0.47881592437534326,3.8330938510770687,3.8330938510770687,0.10261222827941949,-0.5905349522805258,6.539830952720227e-07,0.9999983650422618,70.0,1979.2937983586644,671.2284791376361,6.510172398749228,100.0,0.3913365787475456,6.0,140.0,,False,False,False,False,resistant-enriched,resistant-dominant,True,0.13680688860321005,0.9095764822022248,0.904235177977753,0.13680688860321005,0.95,0.9,0.8,0.02,0.35,1.0,1.38,3.0,0.5011872336272724,2.6666666666666665,1.0,0.7,100.0,i_hi,i,h_i,0.5011872336272724,2.6666666666666665
0.5,0.6931471805599453,0.023427157695823958,4.064304989498447,4.087732147194271,0.9942689107670853,0.49426891076708535,5.156102098374213,5.156102098374213,0.0352976561621693,-0.657849524397776,4.711989312333297e-12,0.99999999998822,116.0,1717.3128795417229,1063.1070887996602,3.6185764430221963,100.0,0.31167765319732255,4.0,192.0,,False,False,False,False,resistant-enriched,resistant-dominant,True,0.22652371251959857,0.9158566598763719,0.841433401236281,0.22652371251959857,0.95,0.9,0.8,0.02,0.35,1.0,1.38,3.0,0.6309573444801934,2.6666666666666665,1.0,0.7,100.0,i_hi,i,h_i,0.6309573444801934,2.6666666666666665
0.5,0.6931471805599453,0.03906094611357341,4.055781747972282,4.094842694085855,0.9904609409855991,0.4904609409855991,4.642775586938824,4.642775586938824,0.05387255756940995,-0.6392746229905353,1.1134896787693787e-15,0.9999999999999972,144.0,1557.0149833411854,1549.1645757636948,2.209436065296011,100.0,0.24179010921416746,4.0,226.0,,False,False,False,False,resistant-enriched,resistant-dominant,True,0.3511421146245642,0.9245799480237195,0.7542005197628051,0.3511421146245642,0.95,0.9,0.8,0.02,0.35,1.0,1.38,3.0,0.7943282347242815,2.6666666666666665,1.0,0.7,100.0,i_hi,i,h_i,0.7943282347242815,2.6666666666666665
0.5,0.6931471805599453,0.1965516181800162,3.904204845710997,4.100756463891013,0.9520694242853139,0.45206942428531394,2.9888843321297016,2.9888843321297016,0.19237626896378024,-0.500770911596165,1.831001450267852e-18,1.0,162.0,1450.34982028873,2038.2882969063671,1.472034707718741,100.0,0.19260497957601994,2.0,252.0,,False,False,False,False,resistant-enriched,resistant-dominant,True,0.5,0.935,0.65,0.5,0.95,0.9,0.8,0.02,0.35,1.0,1.38,3.0,1.0,2.6666666666666665,1.0,0.7,100.0,i_hi,i,h_i,1.0,2.6666666666666665
0.5,0.6931471805599453,1.2026719262955248,2.9025829957088822,4.1052549220044074,0.7070408661227996,0.2070408661227996,0.8810553419122737,0.8810553419122733,0.6047800224666556,-0.08836715809328965,1.1909467653183332e-20,1.0,174.0,1377.691453379305,2465.014585096328,1.0803202808721344,100.0,0.16816344078512888,2.0,270.0,,False,False,False,False,resistant-enriched,mixed,True,0.648857885375436,0.9454200519762805,0.5457994802371948,0.648857885375436,0.95,0.9,0.8,0.02,0.35,1.0,1.38,3.0,1.2589254117941675,2.6666666666666665,1.0,0.7,100.0,i_hi,i,h_i,1.2589254117941675,2.6666666666666665
0.5,0.6931471805599453,3.0402490744449926,1.0662504299064104,4.106499504351403,0.2596494724464403,-0.24035052755355968,-1.047791221426649,-1.047791221426649,0.5726899569319158,-0.12045722362802946,3.1244155556988493e-22,1.0,182.0,1332.0640284475362,2793.1138698168684,0.870127516171557,100.0,0.1507988600850205,2.0,288.0,,False,False,False,False,susceptible-enriched,mixed,True,0.7734762874804016,0.9541433401236281,0.45856659876371886,0.7734762874804016,0.95,0.9,0.8,0.02,0.35,1.0,1.38,3.0,1.584893192461114,2.6666666666666665,1.0,0.7,100.0,i_hi,i,h_i,1.584893192461114,2.6666666666666665
0.5,0.6931471805599453,3.7922878929805117,0.3137886918123471,4.106076584792858,0.07642056482202145,-0.4235794351779786,-2.4920049782776132,-2.4920049782776132,0.26993889566877494,-0.42320828489117035,3.3308623029191186e-23,1.0,188.0,1305.9628245168374,3018.751840310407,0.7555594114003436,100.0,0.13977597213207918,2.0,316.0,,False,False,False,False,susceptible-enriched,susceptible-dominant,True,0.86319311139679,0.9604235177977754,0.39576482202224705,0.86319311139679,0.95,0.9,0.8,0.02,0.35,1.0,1.38,3.0,1.9952623149688797,2.6666666666666665,1.0,0.7,100.0,i_hi,i,h_i,1.9952623149688797,2.6666666666666665
0.5,0.6931471805599453,3.9799623268762803,0.1268153414354246,4.106777668311705,0.030879524453915317,-0.46912047554608466,-3.4462956087018273,-3.4462956087018273,0.13778631457508375,-0.5553608659848616,9.95469882136595e-24,1.0,190.0,1291.1791147171948,3161.274686512173,0.6943819200653163,100.00000000000001,0.13325229694212914,2.0,350.0,,False,False,False,False,susceptible-enriched,susceptible-dominant,True,0.9210057173638281,0.9644704002154679,0.3552959978453204,0.9210057173638281,0.95,0.9,0.8,0.02,0.35,1.0,1.38,3.0,2.511886431509581,2.6666666666666665,1.0,0.7,100.0,i_hi,i,h_i,2.511886431509581,2.6666666666666665
0.5,0.6931471805599453,4.035575707305008,0.0719589782838894,4.107534685588897,0.01751877556539067,-0.48248122443460933,-4.026808038324789,-4.026808038324789,0.08821879167986155,-0.6049283888800837,5.377275149397925e-24,1.0,190.0,1283.110725438621,3245.8681281174536,0.661877162954821,100.0,0.12954415391156474,2.0,374.0,,False,False,False,False,susceptible-enriched,susceptible-dominant,True,0.9556429820556985,0.9668950087438989,0.331049912561011,0.9556429820556985,0.95,0.9,0.8,0.02,0.35,1.0,1.38,3.0,3.1622776601683795,2.6666666666666665,1.0,0.7,100.0,i_hi,i,h_i,3.1622776601683795,2.6666666666666665
0.5,0.6931471805599453,4.056325321727057,0.051707373529885664,4.108032695256942,0.01258689435203036,-0.48741310564796964,-4.362432356768245,-4.362432356768245,0.06757625555164169,-0.6255709250083036,3.862339913517597e-24,1.0,192.0,1278.6404759957875,3294.035570831635,0.644446724866309,100.0,0.12748308146714504,2.0,388.0,,False,False,False,False,susceptible-enriched,susceptible-dominant,True,0.975496632449664,0.9682847642714765,0.3171523572852353,0.975496632449664,0.95,0.9,0.8,0.02,0.35,1.0,1.38,3.0,3.981071705534973,2.6666666666666665,1.0,0.7,100.0,i_hi,i,h_i,3.981071705534973,2.6666666666666665
0.5,0.6931471805599453,4.065410594091677,0.0429239927390868,4.108334586830764,0.010448027499191362,-0.4895519725008086,-4.550839083130212,-4.550839083130212,0.05805028320095461,-0.6350968973589907,3.2493766703209888e-24,1.0,192.0,1276.114059355569,3320.8214573637856,0.635027997901537,100.0,0.1263514162817779,2.0,394.0,,False,False,False,False,susceptible-enriched,susceptible-dominant,True,0.9865887428720803,0.9690612120010457,0.30938787998954387,0.9865887428720803,0.95,0.9,0.8,0.02,0.35,1.0,1.38,3.0,5.011872336272725,2.6666666666666665,1.0,0.7,100.0,i_hi,i,h_i,5.011872336272725,2.6666666666666665
0.5,0.6931471805599453,4.069785884394144,0.03872470456773613,4.10851058896188,0.00942548491216641,-0.49057451508783356,-4.654867911502325,-4.654867911502325,0.05334457317048666,-0.6398026073894586,2.9648764267435677e-24,1.0,192.0,1274.9407437041057,3335.530598105094,0.6299601752510389,99.99999999999999,0.12573417006385093,2.0,398.0,,False,False,False,False,susceptible-enriched,susceptible-dominant,True,0.9926972992081452,0.9694888109445702,0.30511189055429844,0.9926972992081452,0.95,0.9,0.8,0.02,0.35,1.0,1.38,3.0,6.309573444801933,2.6666666666666665,1.0,0.7,100.0,i_hi,i,h_i,6.309573444801933,2.6666666666666665
0.5,0.6931471805599453,4.072002473361533,0.03660209673902517,4.1086045701005585,0.008908644313300107,-0.49109135568669987,-4.711784638919295,-4.711784638919295,0.05092417697506697,-0.6422230035848783,2.8229965852593574e-24,1.0,192.0,1274.3162675845113,3343.553660554695,0.6272230549195041,100.0,0.1253987136061701,2.0,400.0,,False,False,False,False,susceptible-enriched,susceptible-dominant,True,0.9960347143808478,0.9697224300066594,0.3027756999334066,0.9960347143808478,0.95,0.9,0.8,0.02,0.35,1.0,1.38,3.0,7.943282347242818,2.6666666666666665,1.0,0.7,100.0,i_hi,i,h_i,7.943282347242818,2.6666666666666665
0.5,0.6931471805599453,4.07316359049393,0.03549547818659754,4.108659068680528,0.008639188015664854,-0.4913608119843351,-4.742769958117957,-4.742769958117957,0.04965040351622896,-0.6434967770437163,2.749507647766246e-24,1.0,192.0,1273.9671289145315,3347.913929023284,0.6257421841156594,100.0,0.12521675703499208,2.0,400.0,,False,False,False,False,susceptible-enriched,susceptible-dominant,True,0.9978501969202997,0.969849513784421,0.3015048621557902,0.9978501969202997,0.95,0.9,0.8,0.02,0.35,1.0,1.38,3.0,10.0,2.6666666666666665,1.0,0.7,100.0,i_hi,i,h_i,10.0,2.6666666666666665
0.5,0.6931471805599453,1.2840550710907623,2.801489017061077,4.085544088151839,0.6857076944012065,0.1857076944012065,0.7801279730319215,0.7801279730319215,0.6224920628255568,-0.07065511773438848,0.012359332148429554,0.9691016696289261,14.0,2358.5902025695154,385.5596632381486,379.44634739207777,100.0,0.8302682244381753,20.0,,,False,False,False,False,resistant-enriched,mixed,True,0.0009990009990009994,0.9000699300699301,0.9993006993006993,0.0009990009990009994,0.95,0.9,0.8,0.02,0.35,1.0,1.38,3.0,0.1,3.0,1.0,0.7,100.0,i_hi,i,h_i,0.1,3.0
0.5,0.6931471805599453,1.2812965748800988,2.8041296377500053,4.085426212630104,0.6863738302459197,0.1863738302459197,0.7832206868828733,0.7832206868828734,0.62197136173304,-0.07117581882690527,0.01226240358109219,0.9693439910472695,14.0,2358.065015673008,386.23948014003224,294.9315494050693,100.0,0.8174591894092273,20.0,,,False,False,False,False,resistant-enriched,mixed,True,0.00199128917072832,0.900139390241951,0.9986060975804901,0.00199128917072832,0.95,0.9,0.8,0.02,0.35,1.0,1.38,3.0,0.12589254117941673,3.0,1.0,0.7,100.0,i_hi,i,h_i,0.12589254117941673,3.0
0.5,0.6931471805599453,1.275689513072887,2.809498396028705,4.085187909101592,0.6877280699302191,0.18772806993021907,0.789519133659401,0.789519133659401,0.6209064300688453,-0.07224075049110001,0.01208263019760178,0.9697934245059956,14.0,2357.033006317572,387.6069466843444,193.27304075488536,99.99999999999999,0.793570094677988,18.0,,,False,False,False,False,resistant-enriched,mixed,True,0.0039652856191522,0.9002775699933406,0.9972243000665935,0.0039652856191522,0.95,0.9,0.8,0.02,0.35,1.0,1.38,3.0,0.15848931924611134,3.0,1.0,0.7,100.0,i_hi,i,h_i,0.15848931924611134,3.0
0.5,0.6931471805599453,1.2640756729766227,2.8206334047911508,4.084709077767774,0.6905347115522315,0.19053471155223145,0.8026203095627659,0.8026203095627659,0.6186721628393939,-0.07447501772055143,0.011667920625671933,0.9708301984358202,16.0,2355.083873597493,390.38132027416714,106.54983164868356,100.0,0.7545810665929092,16.0,450.0,,False,False,False,False,resistant-enriched,mixed,True,0.007880683850330288,0.9005516478695231,0.9944835213047688,0.007880683850330288,0.95,0.9,0.8,0.02,0.35,1.0,1.38,3.0,0.19952623149688797,3.0,1.0,0.7,100.0,i_hi,i,h_i,0.19952623149688797,3.0
0.5,0.6931471805599453,1.2390297822400105,2.8446834011927797,4.08371318343279,0.6965923593099955,0.19659235930999552,0.8311231391740983,0.8311231391740983,0.6137240004373106,-0.07942318012263472,0.009657482311888,0.97585629422028,16.0,2350.9107049192753,396.11385263932095,54.4958827596422,100.00000000000001,0.6988566634595593,12.0,274.0,,False,False,False,False,resistant-enriched,mixed,True,0.015601662241829602,0.9010921163569281,0.9890788364307193,0.015601662241829602,0.95,0.9,0.8,0.02,0.35,1.0,1.38,3.0,0.251188643150958,3.0,1.0,0.7,100.0,i_hi,i,h_i,0.251188643150958,3.0
0.5,0.6931471805599453,1.17993438073014,2.901549610689524,4.081483991419664,0.7109055472934188,0.21090554729341882,0.8997861154121511,0.8997861154121513,0.6013388774672562,-0.09180830309268906,0.007650241582738738,0.9808743960431532,16.0,2340.6677969490142,408.471655041182,27.963025367243414,100.0,0.6228351824150267,10.0,164.0,,False,False,False,False,resistant-enriched,mixed,True,0.03065343003171551,0.9021457401022202,0.9785425989777992,0.03065343003171551,0.95,0.9,0.8,0.02,0.35,1.0,1.38,3.0,0.31622776601683794,3.0,1.0,0.7,100.0,i_hi,i,h_i,0.31622776601683794,3.0
0.5,0.6931471805599453,1.0045374395199618,3.0702311665273236,4.074768606047286,0.7534737462075398,0.2534737462075398,1.1172256809322634,1.1172256809322634,0.5584865657420346,-0.1346606148179107,0.0035259214762956054,0.9911851963092609,20.0,2309.760279378645,438.60299878852254,14.84607771616245,100.00000000000001,0.5287459780904933,8.0,102.0,,False,False,False,False,resistant-enriched,mixed,True,0.059350943102767624,0.9041545660171938,0.9584543398280627,0.059350943102767624,0.95,0.9,0.8,0.02,0.35,1.0,1.38,3.0,0.3981071705534973,3.0,1.0,0.7,100.0,i_hi,i,h_i,0.3981071705534973,3.0
0.5,0.6931471805599453,0.2501952215245047,3.8141354750757124,4.0643306966002175,0.9384412243487491,0.4384412243487491,2.7242278067730017,2.7242278067730017,0.23123518052240544,-0.46191200003753985,6.560775671001146e-05,0.999835980608225,46.0,2115.2197151851797,565.5177884519891,8.380433806592173,99.99999999999999,0.4269041209685091,6.0,112.0,,False,False,False,False,resistant-enriched,resistant-dominant,True,0.11181576977811701,0.9078271038844682,0.9217289611553181,0.11181576977811701,0.95,0.9,0.8,0.02,0.35,1.0,1.38,3.0,0.5011872336272724,3.0,1.0,0.7,100.0,i_hi,i,h_i,0.5011872336272724,3.0
0.5,0.6931471805599453,0.026564567440534023,4.058904776011401,4.085469343451935,0.9934977929810902,0.4934977929810902,5.02909017988981,5.02909017988981,0.03922362391753217,-0.6539235566424131,6.139142355286337e-11,0.9999999998465214,106.0,1770.2859863230506,952.530752271276,4.147722579912111,100.0,0.3291935246118033,4.0,182.0,,False,False,False,False,resistant-enriched,resistant-dominant,True,0.2007600089131018,0.9140532006239172,0.8594679937608287,0.2007600089131018,0.95,0.9,0.8,0.02,0.35,1.0,1.38,3.0,0.6309573444801934,3.0,1.0,0.7,100.0,i_hi,i,h_i,0.6309573444801934,3.0
0.5,0.6931471805599453,0.03399636862991665,4.060043970111432,4.094040338741349,0.9916961324713355,0.4916961324713355,4.782695368704191,4.782695368704191,0.04805340546715551,-0.6450937750927898,2.7777087621315465e-15,0.999999999999993,142.0,1573.4380455430721,1486.579406020153,2.339314090971646,100.00000000000001,0.2501936554001511,4.0,224.0,,False,False,False,False,resistant-enriched,resistant-dominant,True,0.3338605754168779,0.9233702402791815,0.7662975972081855,0.3338605754168779,0.95,0.9,0.8,0.02,0.35,1.0,1.38,3.0,0.7943282347242815,3.0,1.0,0.7,100.0,i_hi,i,h_i,0.7943282347242815,3.0
0.5,0.6931471805599453,0.1965516181800162,3.904204845710997,4.100756463891013,0.9520694242853139,0.45206942428531394,2.9888843321297016,2.9888843321297016,0.19237626896378024,-0.500770911596165,1.831001450267852e-18,1.0,162.0,1450.34982028873,2038.2882969063671,1.472034707718741,100.0,0.19260497957601994,2.0,252.0,,False,False,False,False,resistant-enriched,resistant-dominant,True,0.5,0.935,0.65,0.5,0.95,0.9,0.8,0.02,0.35,1.0,1.38,3.0,1.0,3.0,1.0,0.7,100.0,i_hi,i,h_i,1.0,3.0
0.5,0.6931471805599453,1.436143443587924,2.6694900602595015,4.105633503847425,0.6502017429850714,0.15020174298507138,0.6199261087894544,0.6199261087894544,0.6473216627578569,-0.045825517802088434,6.95586933715806e-21,1.0,176.0,1370.7219439848132,2511.811867178856,1.046485472212238,100.0,0.16559957616104082,2.0,272.0,,False,False,False,False,resistant-enriched,mixed,True,0.6661394245831223,0.9466297597208185,0.5337024027918145,0.6661394245831223,0.95,0.9,0.8,0.02,0.35,1.0,1.38,3.0,1.2589254117941675,3.0,1.0,0.7,100.0,i_hi,i,h_i,1.2589254117941675,3.0
0.5,0.6931471805599453,3.3311464132412527,0.7751722855963936,4.106318698837646,0.18877548053340756,-0.31122451946659246,-1.457986483325571,-1.457986483325571,0.48444251943611344,-0.20870466112383185,1.574286523429246e-22,1.0,184.0,1323.989316024784,2858.6246738439104,0.8345777458508903,100.0,0.14751529042692793,2.0,294.0,,False,False,False,False,susceptible-enriched,susceptible-dominant,True,0.7992399910868985,0.9559467993760828,0.4405320062391711,0.7992399910868985,0.95,0.9,0.8,0.02,0.35,1.0,1.38,3.0,1.584893192461114,3.0,1.0,0.7,100.0,i_hi,i,h_i,1.584893192461114,3.0
0.5,0.6931471805599453,3.8925715416542923,0.21370018103136706,4.106271722685659,0.052042386735088965,-0.447957613264911,-2.902251273444823,-2.902251273444823,0.20448557264760953,-0.48866160791233576,1.9191378260425733e-23,1.0,188.0,1299.2678308181605,3080.571398020923,0.7279272373987257,100.0,0.13690304595294395,2.0,330.0,,False,False,False,False,susceptible-enriched,susceptible-dominant,True,0.888184230221883,0.9621728961155318,0.37827103884468194,0.888184230221883,0.95,0.9,0.8,0.02,0.35,1.0,1.38,3.0,1.9952623149688797,3.0,1.0,0.7,100.0,i_hi,i,h_i,1.9952623149688797,3.0
0.5,0.6931471805599453,4.015048354822827,0.09211928969078029,4.107167644513607,0.022428909083814508,-0.4775710909161855,-3.774720305622965,-3.774720305622965,0.10734712103877753,-0.5858000595211678,6.936986573898433e-24,1.0,190.0,1286.5242665797566,3209.327228953835,0.6756300862355848,100.0,0.13113154869595003,2.0,364.0,,False,False,False,False,susceptible-enriched,susceptible-dominant,True,0.9406490568972325,0.9658454339828063,0.3415456601719372,0.9406490568972325,0.95,0.9,0.8,0.02,0.35,1.0,1.38,3.0,2.511886431509581,3.0,1.0,0.7,100.0,i_hi,i,h_i,2.511886431509581,3.0
0.5,0.6931471805599453,4.050571088857822,0.05730388185486577,4.107874970712688,0.01394976289770668,-0.48605023710229334,-4.258244792169948,-4.258244792169948,0.0734494804805892,-0.6196977000793561,4.266624632516327e-24,1.0,192.0,1280.1798708837177,3279.1437076649486,0.6497805936316046,100.0,0.12811663036491128,2.0,384.0,,False,False,False,False,susceptible-enriched,susceptible-dominant,True,0.9693465699682846,0.96785425989778,0.3214574010222008,0.9693465699682846,0.95,0.9,0.8,0.02,0.35,1.0,1.38,3.0,3.1622776601683795,3.0,1.0,0.7,100.0,i_hi,i,h_i,3.1622776601683795,3.0
0.5,0.6931471805599453,4.0637372008243915,0.04453498613024318,4.108272186954634,0.010840320237704582,-0.4891596797622954,-4.513583236567154,-4.513583236567154,0.059828192320099415,-0.6333189882398459,3.35993229333057e-24,1.0,192.0,1276.56790665302,3315.539624930383,0.6368654814758686,100.0,0.12657377800989295,2.0,392.0,,False,False,False,False,susceptible-enriched,susceptible-dominant,True,0.9843983377581704,0.9689078836430719,0.3109211635692808,0.9843983377581704,0.95,0.9,0.8,0.02,0.35,1.0,1.38,3.0,3.981071705534973,3.0,1.0,0.7,100.0,i_hi,i,h_i,3.981071705534973,3.0
0.5,0.6931471805599453,4.069390446897185,0.03910427533932747,4.108494722236513,0.009517908134987343,-0.4904820918650127,-4.645016695142716,-4.645016695142716,0.05377433509080569,-0.6393728454691396,2.9903792563307875e-24,1.0,192.0,1275.0485285329719,3334.140188833418,0.6304363243058914,100.0,0.12579239258710695,2.0,398.0,,False,False,False,False,susceptible-enriched,susceptible-dominant,True,0.9921193161496697,0.9694483521304769,0.30551647869523124,0.9921193161496697,0.95,0.9,0.8,0.02,0.35,1.0,1.38,3.0,5.011872336272725,3.0,1.0,0.7,100.0,i_hi,i,h_i,5.011872336272725,3.0
0.5,0.6931471805599453,4.072002473361533,0.03660209673902517,4.1086045701005585,0.008908644313300107,-0.49109135568669987,-4.711784638919295,-4.711784638919295,0.05092417697506697,-0.6422230035848783,2.8229965852593574e-24,1.0,192.0,1274.3162675845113,3343.553660554695,0.6272230549195041,100.0,0.1253987136061701,2.0,400.0,,False,False,False,False,susceptible-enriched,susceptible-dominant,True,0.9960347143808478,0.9697224300066594,0.3027756999334066,0.9960347143808478,0.95,0.9,0.8,0.02,0.35,1.0,1.38,3.0,6.309573444801933,3.0,1.0,0.7,100.0,i_hi,i,h_i,6.309573444801933,3.0
0.5,0.6931471805599453,4.073263205582857,0.03540041624196984,4.108663621824827,0.008616041491916306,-0.4913839585080837,-4.745476149285584,-4.745476149285584,0.049540593573182724,-0.6436065869867625,2.7432096989289593e-24,1.0,192.0,1273.9359837841696,3348.294496478219,0.6256131342566621,100.0,0.12520088749782685,2.0,402.0,,False,False,False,False,susceptible-enriched,susceptible-dominant,True,0.9980087108292717,0.969860609758049,0.3013939024195099,0.9980087108292717,0.95,0.9,0.8,0.02,0.35,1.0,1.38,3.0,7.943282347242818,3.0,1.0,0.7,100.0,i_hi,i,h_i,7.943282347242818,3.0
0.5,0.6931471805599453,4.073883769272196,0.03481096357479195,4.108694732846987,0.008472511548861363,-0.49152748845113864,-4.762419684083844,-4.762419684083844,0.04885826307447744,-0.6442889174854678,2.7042079546222287e-24,1.0,192.0,1273.7392376036091,3350.6763274915857,0.6248061578861631,100.0,0.12510160888511815,2.0,402.0,,False,False,False,False,susceptible-enriched,susceptible-dominant,True,0.999000999000999,0.9699300699300699,0.30069930069930073,0.999000999000999,0.95,0.9,0.8,0.02,0.35,1.0,1.38,3.0,10.0,3.0,1.0,0.7,100.0,i_hi,i,h_i,10.0,3.0
0.5,0.6931471805599453,1.2855265021902766,2.8000814016266085,4.085607903816885,0.6853524536729766,0.1853524536729766,0.7784801250060821,0.7784801250060825,0.622768903333615,-0.07037827722633028,0.012413525555041077,0.9689661861123973,14.0,2358.874007768216,385.1951551685637,439.82394809562,100.0,0.8379226389542418,22.0,,,False,False,False,False,resistant-enriched,mixed,True,0.0004639435398458807,0.9000324760477892,0.9996752395221079,0.0004639435398458807,0.95,0.9,0.8,0.02,0.35,1.0,1.38,3.0,0.1,3.333333333333333,1.0,0.7,100.0,i_hi,i,h_i,0.1,3.333333333333333
0.5,0.6931471805599453,1.2840550710907666,2.801489017061088,4.085544088151854,0.6857076944012066,0.1857076944012066,0.7801279730319223,0.7801279730319223,0.6224920628255567,-0.0706551177343886,0.012359332148429807,0.9691016696289255,14.0,2358.5902025695245,385.5596632381486,379.4463473920779,100.0,0.8302682244381755,20.0,,,False,False,False,False,resistant-enriched,mixed,True,0.000999000999001,0.9000699300699301,0.9993006993006993,0.000999000999001,0.95,0.9,0.8,0.02,0.35,1.0,1.38,3.0,0.12589254117941673,3.333333333333333,1.0,0.7,100.0,i_hi,i,h_i,0.12589254117941673,3.333333333333333
0.5,0.6931471805599453,1.2808520818332945,2.80455467786012,4.085406759693415,0.6864811370877021,0.1864811370877021,0.7837192208585759,0.783719220858576,0.6218872900474876,-0.07125989051245774,0.012247341554660151,0.9693816461133496,14.0,2357.9810548266996,386.3485425954094,284.0226648599249,100.0,0.8154316261774783,20.0,,,False,False,False,False,resistant-enriched,mixed,True,0.002149803079700241,0.900150486215579,0.9984951378442098,0.002149803079700241,0.95,0.9,0.8,0.02,0.35,1.0,1.38,3.0,0.15848931924611134,3.333333333333333,1.0,0.7,100.0,i_hi,i,h_i,0.15848931924611134,3.333333333333333
0.5,0.6931471805599453,1.2737937669327892,2.811314784817347,4.085108551750136,0.6881860663440456,0.18818606634404555,0.7916526032121907,0.7916526032121909,0.6205443446415841,-0.07260283591836114,0.01202657384370527,0.9699335653907368,14.0,2356.697492066571,388.065128304027,171.49564596512033,100.0,0.786320001386444,18.0,,,False,False,False,False,resistant-enriched,mixed,True,0.004620144024698061,0.9003234100817289,0.9967658991827114,0.004620144024698061,0.95,0.9,0.8,0.02,0.35,1.0,1.38,3.0,0.19952623149688797,3.333333333333333,1.0,0.7,100.0,i_hi,i,h_i,0.19952623149688797,3.333333333333333
0.5,0.6931471805599453,1.2578097495594087,2.8266457651669468,4.084455514726356,0.6920495902025565,0.19204959020255652,0.8097188523331099,0.8097188523331099,0.6174509161863502,-0.07569626437359511,0.011043413632177913,0.9723914659195552,16.0,2354.1050466029537,391.8467083142966,85.42866124119759,99.99999999999999,0.7384724823240204,14.0,382.0,,False,False,False,False,resistant-enriched,mixed,True,0.009900990099009905,0.9006930693069307,0.9930693069306931,0.009900990099009905,0.95,0.9,0.8,0.02,0.35,1.0,1.38,3.0,0.251188643150958,3.333333333333333,1.0,0.7,100.0,i_hi,i,h_i,0.251188643150958,3.333333333333333
0.5,0.6931471805599453,1.219237902662995,2.8637184409145937,4.082956343577589,0.7013835564073976,0.20138355640739758,0.853894940919917,0.853894940919917,0.6096874559687516,-0.08345972459119366,0.008714448705939216,0.9782138782351519,16.0,2347.2537980813977,400.4216238048359,40.42516427143246,100.0,0.6668070810612625,12.0,218.0,,False,False,False,False,resistant-enriched,mixed,True,0.021089977117186395,0.9014762983982031,0.9852370160179695,0.021089977117186395,0.95,0.9,0.8,0.02,0.35,1.0,1.38,3.0,0.31622776601683794,3.333333333333333,1.0,0.7,100.0,i_hi,i,h_i,0.31622776601683794,3.333333333333333
0.5,0.6931471805599453,1.1095937278162193,2.969255135183372,4.078848862999592,0.7279640003625379,0.22796400036253794,0.9843171877759207,0.9843171877759211,0.585273392196562,-0.10787378836338324,0.005393146816295183,0.986517132959262,18.0,2328.360737167719,421.50060313881295,19.52400119834375,100.0,0.5708864120537362,8.0,124.0,,False,False,False,False,resistant-enriched,mixed,True,0.04435701794430151,0.9031049912561011,0.9689500874389889,0.04435701794430151,0.95,0.9,0.8,0.02,0.35,1.0,1.38,3.0,0.3981071705534973,3.333333333333333,1.0,0.7,100.0,i_hi,i,h_i,0.3981071705534973,3.333333333333333
0.5,0.6931471805599453,0.6012277177260378,3.4607253499056294,4.061953067631667,0.8519855577561891,0.3519855577561891,1.7502597239635755,1.7502597239635755,0.41924942011115435,-0.27389776044879094,0.0007212246651948824,0.9981969383370128,30.0,2228.2219208441165,495.14892677358404,10.329371174272486,100.0,0.45967460164430257,6.0,92.0,,False,False,False,False,resistant-enriched,resistant-dominant,True,0.09090909090909095,0.9063636363636364,0.9363636363636363,0.09090909090909095,0.95,0.9,0.8,0.02,0.35,1.0,1.38,3.0,0.5011872336272724,3.333333333333333,1.0,0.7,100.0,i_hi,i,h_i,0.5011872336272724,3.333333333333333
0.5,0.6931471805599453,0.03411319822213631,4.048629574781014,4.08274277300315,0.9916445389487413,0.49164453894874127,4.776449372196581,4.776449372196581,0.04830000027730283,-0.6448471802826424,1.0332429084123993e-09,0.9999999974168927,96.0,1830.8325122029498,849.4861766554774,4.782374073499882,100.0,0.34625688889160183,4.0,170.0,,False,False,False,False,resistant-enriched,resistant-dominant,True,0.17725503036342644,0.9124078521254398,0.8759214787456016,0.17725503036342644,0.95,0.9,0.8,0.02,0.35,1.0,1.38,3.0,0.6309573444801934,3.333333333333333,1.0,0.7,100.0,i_hi,i,h_i,0.6309573444801934,3.333333333333333
0.5,0.6931471805599453,0.03015141333698755,4.063069865668607,4.093221279005594,0.9926338178950558,0.4926338178950558,4.903462292503362,4.903462292503362,0.04351324258732016,-0.6496339379726251,7.167444837438823e-15,0.9999999999999821,138.0,1590.6242064126527,1424.160590515123,2.480151880601161,100.00000000000001,0.25875030157449436,4.0,220.0,,False,False,False,False,resistant-enriched,resistant-dominant,True,0.31701401305280863,0.9221909809136967,0.778090190863034,0.31701401305280863,0.95,0.9,0.8,0.02,0.35,1.0,1.38,3.0,0.7943282347242815,3.333333333333333,1.0,0.7,100.0,i_hi,i,h_i,0.7943282347242815,3.333333333333333
0.5,0.6931471805599453,0.1965516181800162,3.904204845710997,4.100756463891013,0.9520694242853139,0.45206942428531394,2.9888843321297016,2.9888843321297016,0.19237626896378024,-0.500770911596165,1.831001450267852e-18,1.0,162.0,1450.34982028873,2038.2882969063671,1.472034707718741,100.0,0.19260497957601994,2.0,252.0,,False,False,False,False,resistant-enriched,resistant-dominant,True,0.5,0.935,0.65,0.5,0.95,0.9,0.8,0.02,0.35,1.0,1.38,3.0,1.0,3.333333333333333,1.0,0.7,100.0,i_hi,i,h_i,1.0,3.333333333333333
0.5,0.6931471805599453,1.68430143662854,2.4216503535520664,4.105951790180606,0.5897902550496207,0.08979025504962068,0.3630983718396159,0.3630983718396159,0.6769347957075711,-0.016212384852374195,4.1925687533599074e-21,1.0,178.0,1364.0285399719526,2556.9887080385124,1.0151892900016808,100.0,0.16315054752935537,2.0,274.0,,False,False,False,False,resistant-enriched,mixed,True,0.6829859869471915,0.9478090190863034,0.521909809136966,0.6829859869471915,0.95,0.9,0.8,0.02,0.35,1.0,1.38,3.0,1.2589254117941675,3.333333333333333,1.0,0.7,100.0,i_hi,i,h_i,1.2589254117941675,3.333333333333333
0.5,0.6931471805599453,3.541146123214811,0.5649931668841043,4.106139290098915,0.1375971750998476,-0.3624028249001524,-1.8353920802848194,-1.8353920802848194,0.4005775686542567,-0.2925696119056886,8.703321406132947e-23,1.0,186.0,1316.896323809125,2917.8510537405523,0.8040352533595524,100.00000000000001,0.14460415145509029,2.0,302.0,,False,False,False,False,susceptible-enriched,susceptible-dominant,True,0.8227449696365738,0.9575921478745602,0.4240785212543984,0.8227449696365738,0.95,0.9,0.8,0.02,0.35,1.0,1.38,3.0,1.584893192461114,3.333333333333333,1.0,0.7,100.0,i_hi,i,h_i,1.584893192461114,3.333333333333333
0.5,0.6931471805599453,3.952985061834122,0.15356363084637378,4.106548692680495,0.0373948155345352,-0.4626051844654648,-3.2481112700122496,-3.2481112700122496,0.1595744580073329,-0.5335727225526123,1.2592645396534139e-23,1.0,190.0,1293.9884666103853,3132.037551189165,0.7062543495488904,100.0,0.134561853433374,2.0,342.0,,False,False,False,False,susceptible-enriched,susceptible-dominant,True,0.9090909090909091,0.9636363636363636,0.36363636363636365,0.9090909090909091,0.95,0.9,0.8,0.02,0.35,1.0,1.38,3.0,1.9952623149688797,3.333333333333333,1.0,0.7,100.0,i_hi,i,h_i,1.9952623149688797,3.333333333333333
0.5,0.6931471805599453,4.035575707305008,0.0719589782838894,4.107534685588897,0.01751877556539067,-0.48248122443460933,-4.026808038324789,-4.026808038324789,0.08821879167986155,-0.6049283888800837,5.377275149397925e-24,1.0,190.0,1283.110725438621,3245.8681281174536,0.661877162954821,100.0,0.12954415391156474,2.0,374.0,,False,False,False,False,susceptible-enriched,susceptible-dominant,True,0.9556429820556985,0.9668950087438989,0.331049912561011,0.9556429820556985,0.95,0.9,0.8,0.02,0.35,1.0,1.38,3.0,2.511886431509581,3.333333333333333,1.0,0.7,100.0,i_hi,i,h_i,2.511886431509581,3.333333333333333
0.5,0.6931471805599453,4.059286454436266,0.048833645083533404,4.108120099519799,0.011887102592069205,-0.4881128974079308,-4.420342963279285,-4.420342963279285,0.06450338942755512,-0.6286437911323901,3.6590012977646745e-24,1.0,192.0,1277.8059675086934,3302.2884649313296,0.6415184896003575,100.0,0.1271333329453334,2.0,390.0,,False,False,False,False,susceptible-enriched,susceptible-dominant,True,0.9789100228828136,0.9685237016017969,0.3147629839820305,0.9789100228828136,0.95,0.9,0.8,0.02,0.35,1.0,1.38,3.0,3.1622776601683795,3.333333333333333,1.0,0.7,100.0,i_hi,i,h_i,3.1622776601683795,3.333333333333333
0.5,0.6931471805599453,4.067967747130269,0.040459558418356814,4.108427305548626,0.009847943120160423,-0.4901520568798396,-4.6105959110526635,-4.6105959110526635,0.055301641121841244,-0.6378455394381041,3.0817709360723837e-24,1.0,192.0,1275.4250309219183,3329.2782026038935,0.6321060066772669,100.00000000000001,0.12599620191160216,2.0,396.0,,False,False,False,False,susceptible-enriched,susceptible-dominant,True,0.9900990099009901,0.9693069306930693,0.306930693069307,0.9900990099009901,0.95,0.9,0.8,0.02,0.35,1.0,1.38,3.0,3.981071705534973,3.333333333333333,1.0,0.7,100.0,i_hi,i,h_i,3.981071705534973,3.333333333333333
0.5,0.6931471805599453,4.071575783228507,0.03700944898257276,4.10858523221108,0.009007832840467987,-0.49099216715953203,-4.7006121158837555,-4.7006121158837555,0.051390976847399364,-0.6417562037125459,2.8501296920218783e-24,1.0,192.0,1274.439812464052,3341.9801734359767,0.6277585524424968,100.0,0.12546443733496362,2.0,400.0,,False,False,False,False,susceptible-enriched,susceptible-dominant,True,0.995379855975302,0.9696765899182711,0.30323410081728863,0.995379855975302,0.95,0.9,0.8,0.02,0.35,1.0,1.38,3.0,5.011872336272725,3.333333333333333,1.0,0.7,100.0,i_hi,i,h_i,5.011872336272725,3.333333333333333
0.5,0.6931471805599453,4.07316359049393,0.03549547818659754,4.108659068680528,0.008639188015664854,-0.4913608119843351,-4.742769958117957,-4.742769958117957,0.04965040351622896,-0.6434967770437163,2.749507647766246e-24,1.0,192.0,1273.9671289145315,3347.913929023284,0.6257421841156594,100.0,0.12521675703499208,2.0,400.0,,False,False,False,False,susceptible-enriched,susceptible-dominant,True,0.9978501969202997,0.969849513784421,0.3015048621557902,0.9978501969202997,0.95,0.9,0.8,0.02,0.35,1.0,1.38,3.0,6.309573444801933,3.333333333333333,1.0,0.7,100.0,i_hi,i,h_i,6.309573444801933,3.333333333333333
0.5,0.6931471805599453,4.073883769272196,0.03481096357479195,4.108694732846987,0.008472511548861363,-0.49152748845113864,-4.762419684083844,-4.762419684083844,0.04885826307447744,-0.6442889174854678,2.7042079546222287e-24,1.0,192.0,1273.7392376036091,3350.6763274915857,0.6248061578861631,100.0,0.12510160888511815,2.0,402.0,,False,False,False,False,susceptible-enriched,susceptible-dominant,True,0.999000999000999,0.9699300699300699,0.30069930069930073,0.999000999000999,0.95,0.9,0.8,0.02,0.35,1.0,1.38,3.0,7.943282347242818,3.333333333333333,1.0,0.7,100.0,i_hi,i,h_i,7.943282347242818,3.333333333333333
0.5,0.6931471805599453,4.074212653993983,0.03449708530108358,4.108709739295066,0.008396087212284376,-0.49160391278771565,-4.7715579568212005,-4.7715579568212005,0.04849394963926951,-0.6446532309206758,2.683476570129986e-24,1.0,192.0,1273.6306216563062,3351.9602879182357,0.6243716327847268,100.0,0.1250481219123585,2.0,402.0,,False,False,False,False,susceptible-enriched,susceptible-dominant,True,0.9995360564601541,0.9699675239522108,0.30032476047789214,0.9995360564601541,0.95,0.9,0.8,0.02,0.35,1.0,1.38,3.0,10.0,3.333333333333333,1.0,0.7,100.0,i_hi,i,h_i,10.0,3.333333333333333
0.5,0.6931471805599453,1.2862066368942926,2.7994320267048227,4.0856386635991155,0.6851883529608932,0.1851883529608932,0.7777192542145362,0.7777192542145362,0.6228965900438185,-0.07025059051612681,0.012439176792201228,0.9689020580194969,14.0,2359.0063664126174,385.0263182332013,472.4027691631195,100.0,0.8415610148918545,22.0,28.0,,False,False,False,False,resistant-enriched,mixed,True,0.00021539706311269837,0.9000150777944179,0.9998492220558212,0.00021539706311269837,0.95,0.9,0.8,0.02,0.35,1.0,1.38,3.0,0.1,3.6666666666666665,1.0,0.7,100.0,i_hi,i,h_i,0.1,3.6666666666666665
0.5,0.6931471805599453,1.2854251380402615,2.8001783797556556,4.085603517795917,0.6853769259691365,0.18537692596913646,0.7785936118541282,0.7785936118541283,0.6227498507488092,-0.07039732981113611,0.01240973385047035,0.9689756653738242,14.0,2358.854408992256,385.220310383771,435.2388769935536,100.00000000000001,0.8373826009316192,22.0,,,False,False,False,False,resistant-enriched,mixed,True,0.0005009361708135986,0.900035065531957,0.9996493446804304,0.0005009361708135986,0.95,0.9,0.8,0.02,0.35,1.0,1.38,3.0,0.12589254117941673,3.6666666666666665,1.0,0.7,100.0,i_hi,i,h_i,0.12589254117941673,3.6666666666666665
0.5,0.6931471805599453,1.2835976366414152,2.8019270715195033,4.085524708160919,0.6858181682080142,0.18581816820801422,0.7806406312247947,0.7806406312247948,0.6224058508018266,-0.07074132975811864,0.012342843115120282,0.9691428922121993,14.0,2358.502602932492,385.67273896544043,363.1141065415115,100.0,0.8281170859819461,20.0,,,False,False,False,False,resistant-enriched,mixed,True,0.001164556627836448,0.9000815189639486,0.9991848103605145,0.001164556627836448,0.95,0.9,0.8,0.02,0.35,1.0,1.38,3.0,0.15848931924611134,3.6666666666666665,1.0,0.7,100.0,i_hi,i,h_i,0.15848931924611134,3.6666666666666665
0.5,0.6931471805599453,1.2792883250725318,2.806053150120676,4.085341475193207,0.6868588995949156,0.18685889959491564,0.7854749958263701,0.7854749958263703,0.6215908987129185,-0.07155628184702678,0.012195474381246492,0.9695113140468837,14.0,2357.6896816660565,386.7315107757687,250.23934684065932,100.0,0.808370623691352,20.0,,,False,False,False,False,resistant-enriched,mixed,True,0.0027049360554400126,0.9001893455238809,0.998106544761192,0.0027049360554400126,0.95,0.9,0.8,0.02,0.35,1.0,1.38,3.0,0.19952623149688797,3.6666666666666665,1.0,0.7,100.0,i_hi,i,h_i,0.19952623149688797,3.6666666666666665
0.5,0.6931471805599453,1.268935207063185,2.815971979549246,4.084907186612431,0.6893600884686197,0.18936008846861974,0.7971293586372388,0.797129358637239,0.6196117131623459,-0.07353546739759942,0.011892600910519562,0.970268497723701,14.0,2355.8698573681604,389.2297781233923,131.84320557193547,100.0,0.7695937833258698,16.0,528.0,,False,False,False,False,resistant-enriched,mixed,True,0.006270012341433842,0.9004389008639004,0.9956109913609963,0.006270012341433842,0.95,0.9,0.8,0.02,0.35,1.0,1.38,3.0,0.251188643150958,3.6666666666666665,1.0,0.7,100.0,i_hi,i,h_i,0.251188643150958,3.6666666666666665
0.5,0.6931471805599453,1.2429087811813488,2.84095509125317,4.083863872434518,0.6956537191234996,0.1956537191234996,0.8266858715549903,0.8266858715549903,0.6145020429127144,-0.07864513764723091,0.009895586120812944,0.9752610346979677,16.0,2351.627545708336,395.2473946209835,58.7396414864391,100.0,0.7057001108448342,12.0,290.0,,False,False,False,False,resistant-enriched,mixed,True,0.01446566574042607,0.9010125966018299,0.9898740339817017,0.01446566574042607,0.95,0.9,0.8,0.02,0.35,1.0,1.38,3.0,0.31622776601683794,3.6666666666666665,1.0,0.7,100.0,i_hi,i,h_i,0.31622776601683794,3.6666666666666665
0.5,0.6931471805599453,1.1691120791110792,2.9119688101325933,4.0810808892436725,0.7135288148312725,0.2135288148312725,0.9125848655194659,0.9125848655194659,0.5989617256856231,-0.09418545487432217,0.007234709468591632,0.981913226328521,18.0,2338.655869630657,410.58156946314665,25.99987376287313,100.0,0.6129276551563386,10.0,156.0,,False,False,False,False,resistant-enriched,mixed,True,0.033018070581145934,0.9023112649406803,0.9768873505931979,0.033018070581145934,0.95,0.9,0.8,0.02,0.35,1.0,1.38,3.0,0.3981071705534973,3.6666666666666665,1.0,0.7,100.0,i_hi,i,h_i,0.3981071705534973,3.6666666666666665
0.5,0.6931471805599453,0.8614606042231474,3.2077736722595276,4.069234276482675,0.7882990887986503,0.2882990887986503,1.3147030898163756,1.3147030898163756,0.5162015488971237,-0.17694563166282162,0.0020145223843364467,0.9949636940391589,24.0,2283.068363632552,459.23747512550034,12.282901788393277,100.0,0.49203591464185537,8.0,90.0,,False,False,False,False,resistant-enriched,mixed,True,0.07358755611757357,0.9051511289282301,0.9484887107176985,0.07358755611757357,0.95,0.9,0.8,0.02,0.35,1.0,1.38,3.0,0.5011872336272724,3.6666666666666665,1.0,0.7,100.0,i_hi,i,h_i,0.5011872336272724,3.6666666666666665
0.5,0.6931471805599453,0.05030293306396041,4.028935150187558,4.079238083251519,0.9876685469106367,0.48766854691063666,4.383194002486557,4.383194002486557,0.06645926757851221,-0.6266879129814331,2.3154519183342283e-08,0.999999942113702,84.0,1900.0859624734424,755.3749610383235,5.554481916850051,99.99999999999999,0.36647652532911673,6.0,156.0,,False,False,False,False,resistant-enriched,resistant-dominant,True,0.1559649918776253,0.9109175494314338,0.8908245056856623,0.1559649918776253,0.95,0.9,0.8,0.02,0.35,1.0,1.38,3.0,0.6309573444801934,3.6666666666666665,1.0,0.7,100.0,i_hi,i,h_i,0.6309573444801934,3.6666666666666665
0.5,0.6931471805599453,0.027285495140034935,4.0650975033030186,4.092382998443053,0.9933326144814854,0.49333261448148535,5.003837760304634,5.003837760304634,0.04005222724746741,-0.6530949533124779,1.908161572248088e-14,0.9999999999999523,136.0,1608.8452832844773,1362.0779181745404,2.6329806606252366,100.0,0.26743244691618945,4.0,216.0,,False,False,False,False,resistant-enriched,resistant-dominant,True,0.30063388048039635,0.9210443716336277,0.7895562836637225,0.30063388048039635,0.95,0.9,0.8,0.02,0.35,1.0,1.38,3.0,0.7943282347242815,3.6666666666666665,1.0,0.7,100.0,i_hi,i,h_i,0.7943282347242815,3.6666666666666665
0.5,0.6931471805599453,0.1965516181800162,3.904204845710997,4.100756463891013,0.9520694242853139,0.45206942428531394,2.9888843321297016,2.9888843321297016,0.19237626896378024,-0.500770911596165,1.831001450267852e-18,1.0,162.0,1450.34982028873,2038.2882969063671,1.472034707718741,100.0,0.19260497957601994,2.0,252.0,,False,False,False,False,resistant-enriched,resistant-dominant,True,0.5,0.935,0.65,0.5,0.95,0.9,0.8,0.02,0.35,1.0,1.38,3.0,1.0,3.6666666666666665,1.0,0.7,100.0,i_hi,i,h_i,1.0,3.6666666666666665
0.5,0.6931471805599453,1.9388327196199895,2.167374374759206,4.1062070943791955,0.5278288028204979,0.027828802820497933,0.11143036833521215,0.11143036833521215,0.6915974953534638,-0.001549685206481466,2.5582538607120492e-21,1.0,178.0,1357.5894559883627,2600.5172995879175,0.9862170681264496,100.0,0.16081585415413238,2.0,276.0,,False,False,False,False,resistant-enriched,mixed,True,0.6993661195196038,0.9489556283663723,0.5104437163362774,0.6993661195196038,0.95,0.9,0.8,0.02,0.35,1.0,1.38,3.0,1.2589254117941675,3.6666666666666665,1.0,0.7,100.0,i_hi,i,h_i,1.2589254117941675,3.6666666666666665
0.5,0.6931471805599453,3.6889904441635513,0.4170639833529086,4.10605442751646,0.10157293107416725,-0.39842706892583274,-2.1798684599081057,-2.1798684599081053,0.3285253746918366,-0.36462180586810866,5.1628659435846857e-23,1.0,186.0,1310.9796902214648,2971.1058950563306,0.7779564956032962,100.0,0.14203479044790382,2.0,308.0,,False,False,False,False,susceptible-enriched,susceptible-dominant,True,0.844035008122375,0.9590824505685662,0.40917549431433753,0.844035008122375,0.95,0.9,0.8,0.02,0.35,1.0,1.38,3.0,1.584893192461114,3.6666666666666665,1.0,0.7,100.0,i_hi,i,h_i,1.584893192461114,3.6666666666666665
0.5,0.6931471805599453,3.990680072741908,0.11619068882843689,4.106870761570344,0.02829178115748864,-0.47170821884251135,-3.5364842290131886,-3.5364842290131886,0.12875314383681516,-0.5643940367231302,8.983636384542568e-24,1.0,190.0,1290.0499366395786,3174.520251504054,0.6891585027351804,100.00000000000001,0.1326638590254905,2.0,354.0,,False,False,False,False,susceptible-enriched,susceptible-dominant,True,0.9264124438824265,0.9648488710717699,0.35151128928230146,0.9264124438824265,0.95,0.9,0.8,0.02,0.35,1.0,1.38,3.0,1.9952623149688797,3.6666666666666665,1.0,0.7,100.0,i_hi,i,h_i,1.9952623149688797,3.6666666666666665
0.5,0.6931471805599453,4.048214977797441,0.05960818376917918,4.10782316156662,0.014510893342946663,-0.48548910665705336,-4.218238440512222,-4.218238440512222,0.07582761417628746,-0.6173195663836578,4.43634486757414e-24,1.0,192.0,1280.751156297997,3273.410739001243,0.6518477002381623,100.0,0.12836139083067122,2.0,382.0,,False,False,False,False,susceptible-enriched,susceptible-dominant,True,0.9669819294188541,0.9676887350593197,0.3231126494068022,0.9669819294188541,0.95,0.9,0.8,0.02,0.35,1.0,1.38,3.0,2.511886431509581,3.6666666666666665,1.0,0.7,100.0,i_hi,i,h_i,2.511886431509581,3.6666666666666665
0.5,0.6931471805599453,4.06462131458669,0.04369238451257807,4.108313699099268,0.01063511399388938,-0.4893648860061106,-4.532902040630745,-4.532902040630745,0.05890000093346465,-0.6342471796264806,3.3020007955094016e-24,1.0,192.0,1276.3326311947726,3318.279395450547,0.6359111343493224,100.00000000000001,0.12645838783382482,2.0,394.0,,False,False,False,False,susceptible-enriched,susceptible-dominant,True,0.9855343342595739,0.9689874033981701,0.31012596601829834,0.9855343342595739,0.95,0.9,0.8,0.02,0.35,1.0,1.38,3.0,3.1622776601683795,3.6666666666666665,1.0,0.7,100.0,i_hi,i,h_i,3.1622776601683795,3.6666666666666665
0.5,0.6931471805599453,4.070471638309765,0.0380553342875369,4.108526972597303,0.009262525119429682,-0.4907374748805703,-4.672472887364411,-4.672472887364411,0.05258458653904172,-0.6405625940209035,2.9200222800873038e-24,1.0,192.0,1274.7447874066077,3338.013931204463,0.6291110474561936,100.0,0.12563023686582186,2.0,398.0,,False,False,False,False,susceptible-enriched,susceptible-dominant,True,0.9937299876585661,0.9695610991360997,0.30438900863900376,0.9937299876585661,0.95,0.9,0.8,0.02,0.35,1.0,1.38,3.0,3.981071705534973,3.6666666666666665,1.0,0.7,100.0,i_hi,i,h_i,3.981071705534973,3.6666666666666665
0.5,0.6931471805599453,4.072811089081456,0.03583034492608413,4.10864143400754,0.008720728129136221,-0.4912792718708638,-4.733293567291091,-4.733293567291091,0.05003674256417945,-0.6431104379957658,2.7717124099499416e-24,1.0,192.0,1274.07485721883,3346.5809652141716,0.6261944394654146,100.0,0.1252723560332443,2.0,400.0,,False,False,False,False,susceptible-enriched,susceptible-dominant,True,0.99729506394456,0.9698106544761192,0.30189345523880806,0.99729506394456,0.95,0.9,0.8,0.02,0.35,1.0,1.38,3.0,5.011872336272725,3.6666666666666665,1.0,0.7,100.0,i_hi,i,h_i,5.011872336272725,3.6666666666666665
0.5,0.6931471805599453,4.073781436689038,0.03490864483983392,4.108690081528872,0.008496295448705192,-0.49150370455129483,-4.759592445331933,-4.759592445331933,0.04897149835030251,-0.6441756822096427,2.7106647598386763e-24,1.0,192.0,1273.7725533486732,3350.2789975928226,0.6249406928208697,100.0,0.125118165112435,2.0,402.0,,False,False,False,False,susceptible-enriched,susceptible-dominant,True,0.9988354433721636,0.9699184810360515,0.3008151896394855,0.9988354433721636,0.95,0.9,0.8,0.02,0.35,1.0,1.38,3.0,6.309573444801933,3.6666666666666665,1.0,0.7,100.0,i_hi,i,h_i,6.309573444801933,3.6666666666666665
0.5,0.6931471805599453,4.07419001463093,0.03451869720584744,4.108708711836777,0.008401349335474316,-0.4915986506645257,-4.770926111269868,-4.770926111269868,0.04851905650244957,-0.6446281240574957,2.684903224178235e-24,1.0,192.0,1273.6381810255416,3351.871526027985,0.6244016613226542,100.0,0.12505181884958294,2.0,402.0,,False,False,False,False,susceptible-enriched,susceptible-dominant,True,0.9994990638291864,0.969964934468043,0.3003506553195695,0.9994990638291864,0.95,0.9,0.8,0.02,0.35,1.0,1.38,3.0,7.943282347242818,3.6666666666666665,1.0,0.7,100.0,i_hi,i,h_i,7.943282347242818,3.6666666666666665
0.5,0.6931471805599453,4.074364503679878,0.034352221027409334,4.108716724707287,0.00836081514718118,-0.4916391848528188,-4.77580338818723,-4.77580338818723,0.04832557211589711,-0.6448216084440481,2.6739166779192814e-24,1.0,192.0,1273.5796727862278,3352.556630733323,0.6241699284065382,100.0,0.1250232868499246,2.0,402.0,,False,False,False,False,susceptible-enriched,susceptible-dominant,True,0.9997846029368873,0.9699849222055821,0.3001507779441789,0.9997846029368873,0.95,0.9,0.8,0.02,0.35,1.0,1.38,3.0,10.0,3.6666666666666665,1.0,0.7,100.0,i_hi,i,h_i,10.0,3.6666666666666665
0.5,0.6931471805599453,1.2865210191756598,2.7991300519509,4.085651071126559,0.6851123610952612,0.1851123610952612,0.7773669823039832,0.7773669823039832,0.6229556769956933,-0.07019150356425197,0.012451193545707201,0.968872016135732,14.0,2359.066691441253,384.9480267421491,488.6430318638105,100.0,0.8432563009111088,22.0,28.0,,False,False,False,False,resistant-enriched,mixed,True,9.999000099990003e-05,0.90000699930007,0.9999300069993001,9.999000099990003e-05,0.95,0.9,0.8,0.02,0.35,1.0,1.38,3.0,0.1,4.0,1.0,0.7,100.0,i_hi,i,h_i,0.1,4.0
0.5,0.6931471805599453,1.2861086853762682,2.7995245052977786,4.085633190674047,0.6852119058774128,0.18521190587741276,0.7778284466899065,0.7778284466899065,0.6228782712012564,-0.0702689093586889,0.012435470375426893,0.9689113240614328,14.0,2358.9867457772416,385.0505695300842,467.5226111292435,100.0,0.8410369368152959,22.0,240.0,,False,False,False,False,resistant-enriched,mixed,True,0.00025112556326146193,0.9000175787894283,0.9998242121057169,0.00025112556326146193,0.95,0.9,0.8,0.02,0.35,1.0,1.38,3.0,0.12589254117941673,4.0,1.0,0.7,100.0,i_hi,i,h_i,0.12589254117941673,4.0
0.5,0.6931471805599453,1.285069427913336,2.800518390877057,4.085587818790392,0.6854627816337572,0.18546278163375718,0.778991793251703,0.778991793251703,0.6226829869841504,-0.07046419357579492,0.012396500570746405,0.969008748573134,14.0,2358.785529354755,385.30850886673795,419.6800093840232,100.0,0.8354933042181139,22.0,,,False,False,False,False,resistant-enriched,mixed,True,0.0006305594883398934,0.9000441391641838,0.9995586083581621,0.0006305594883398934,0.95,0.9,0.8,0.02,0.35,1.0,1.38,3.0,0.15848931924611134,4.0,1.0,0.7,100.0,i_hi,i,h_i,0.15848931924611134,4.0
0.5,0.6931471805599453,1.2824383748027188,2.8030374355862837,4.085475810389003,0.6860981598418495,0.18609815984184952,0.7819403815639785,0.7819403815639785,0.6221870960111011,-0.07096008454884417,0.012301785182184156,0.9692455370445396,14.0,2358.281716910141,385.95873456686707,326.0949459673176,100.0,0.8227131337867465,20.0,,,False,False,False,False,resistant-enriched,mixed,True,0.0015823852808017206,0.9001107669696562,0.9988923303034388,0.0015823852808017206,0.95,0.9,0.8,0.02,0.35,1.0,1.38,3.0,0.19952623149688797,4.0,1.0,0.7,100.0,i_hi,i,h_i,0.19952623149688797,4.0
0.5,0.6931471805599453,1.2756895130728825,2.809498396028694,4.085187909101577,0.687728069930219,0.18772806993021895,0.7895191336594005,0.7895191336594005,0.6209064300688454,-0.0722407504910999,0.012082630197601758,0.9697934245059956,14.0,2357.0330063175634,387.6069466843444,193.27304075488564,99.99999999999999,0.7935700946779878,18.0,,,False,False,False,False,resistant-enriched,mixed,True,0.003965285619152201,0.9002775699933406,0.9972243000665935,0.003965285619152201,0.95,0.9,0.8,0.02,0.35,1.0,1.38,3.0,0.251188643150958,4.0,1.0,0.7,100.0,i_hi,i,h_i,0.251188643150958,4.0
0.5,0.6931471805599453,1.2578097495594138,2.8266457651669383,4.084455514726352,0.6920495902025551,0.19204959020255508,0.8097188523331029,0.8097188523331029,0.6174509161863513,-0.075696264373594,0.011043413632178397,0.972391465919554,16.0,2354.1050466029515,391.84670831429656,85.42866124119732,99.99999999999999,0.7384724823240204,14.0,382.0,,False,False,False,False,resistant-enriched,mixed,True,0.009900990099009901,0.9006930693069307,0.9930693069306931,0.009900990099009901,0.95,0.9,0.8,0.02,0.35,1.0,1.38,3.0,0.31622776601683794,4.0,1.0,0.7,100.0,i_hi,i,h_i,0.31622776601683794,4.0
0.5,0.6931471805599453,1.205967962099358,2.876486840119776,4.082454802219134,0.7045973512201972,0.20459735122019718,0.8692871698193311,0.8692871698193313,0.6069185048643843,-0.08622867569556103,0.00826636378797649,0.9793340905300588,16.0,2345.120554462067,403.2108214530156,34.856415331003426,100.00000000000001,0.6494578192965411,10.0,194.0,,False,False,False,False,resistant-enriched,mixed,True,0.024503367550336004,0.9017152357285235,0.9828476427147648,0.024503367550336004,0.95,0.9,0.8,0.02,0.35,1.0,1.38,3.0,0.3981071705534973,4.0,1.0,0.7,100.0,i_hi,i,h_i,0.3981071705534973,4.0
0.5,0.6931471805599453,1.0045374395199618,3.0702311665273236,4.074768606047286,0.7534737462075398,0.2534737462075398,1.1172256809322634,1.1172256809322634,0.5584865657420346,-0.1346606148179107,0.0035259214762956054,0.9911851963092609,20.0,2309.760279378645,438.60299878852254,14.84607771616245,100.00000000000001,0.5287459780904933,8.0,102.0,,False,False,False,False,resistant-enriched,mixed,True,0.059350943102767624,0.9041545660171938,0.9584543398280627,0.059350943102767624,0.95,0.9,0.8,0.02,0.35,1.0,1.38,3.0,0.5011872336272724,4.0,1.0,0.7,100.0,i_hi,i,h_i,0.5011872336272724,4.0
0.5,0.6931471805599453,0.08631323438963086,3.9881262605849876,4.0744394949746185,0.9788159243753431,0.47881592437534315,3.8330938510770616,3.8330938510770616,0.10261222827941993,-0.5905349522805253,6.539830952720725e-07,0.9999983650422618,70.0,1979.293798358729,671.228479137634,6.510172398749314,100.0,0.3913365787475457,6.0,140.0,,False,False,False,False,resistant-enriched,resistant-dominant,True,0.13680688860321008,0.9095764822022248,0.904235177977753,0.13680688860321008,0.95,0.9,0.8,0.02,0.35,1.0,1.38,3.0,0.6309573444801934,4.0,1.0,0.7,100.0,i_hi,i,h_i,0.6309573444801934,4.0
0.5,0.6931471805599453,0.025226665024054913,4.066296457829424,4.091523122853479,0.9938344073181085,0.49383440731810846,5.082586331987918,5.082586331987918,0.037521835532480695,-0.6556253450274646,5.259019121109476e-14,0.9999999999998685,132.0,1628.3796767876488,1300.5068739102453,2.7986136385246505,100.0,0.27621098035494634,4.0,212.0,,False,False,False,False,resistant-enriched,resistant-dominant,True,0.2847472489508014,0.9199323074265561,0.800676925734439,0.2847472489508014,0.95,0.9,0.8,0.02,0.35,1.0,1.38,3.0,0.7943282347242815,4.0,1.0,0.7,100.0,i_hi,i,h_i,0.7943282347242815,4.0
0.5,0.6931471805599453,0.1965516181800162,3.904204845710997,4.100756463891013,0.9520694242853139,0.45206942428531394,2.9888843321297016,2.9888843321297016,0.19237626896378024,-0.500770911596165,1.831001450267852e-18,1.0,162.0,1450.34982028873,2038.2882969063671,1.472034707718741,100.0,0.19260497957601994,2.0,252.0,,False,False,False,False,resistant-enriched,resistant-dominant,True,0.5,0.935,0.65,0.5,0.95,0.9,0.8,0.02,0.35,1.0,1.38,3.0,1.0,4.0,1.0,0.7,100.0,i_hi,i,h_i,1.0,4.0
0.5,0.6931471805599453,2.190903982102293,1.9154881523502385,4.106392134452531,0.4664649866921717,-0.03353501330782832,-0.1343417358829079,-0.1343417358829079,0.6908962969916934,-0.0022508835682518713,1.61224493204204e-21,1.0,180.0,1351.7925553488772,2642.3797869104237,0.9593581071736511,100.0,0.1585943503060749,2.0,278.0,,False,False,False,False,susceptible-enriched,mixed,True,0.7152527510491987,0.9500676925734439,0.4993230742655609,0.7152527510491987,0.95,0.9,0.8,0.02,0.35,1.0,1.38,3.0,1.2589254117941675,4.0,1.0,0.7,100.0,i_hi,i,h_i,1.2589254117941675,4.0
0.5,0.6931471805599453,3.792287892954016,0.3137886918108308,4.106076584764847,0.0764205648221735,-0.4235794351778265,-2.492004978275459,-2.492004978275459,0.2699388956691539,-0.4232082848907914,3.330862303082254e-23,1.0,188.0,1305.9628245088634,3018.7518403087865,0.7555594114003582,100.0,0.13977597213208232,2.0,316.0,,False,False,False,False,susceptible-enriched,susceptible-dominant,True,0.8631931113967901,0.9604235177977754,0.39576482202224694,0.8631931113967901,0.95,0.9,0.8,0.02,0.35,1.0,1.38,3.0,1.584893192461114,4.0,1.0,0.7,100.0,i_hi,i,h_i,1.584893192461114,4.0
0.5,0.6931471805599453,4.015048354822847,0.09211928969078541,4.107167644513632,0.022428909083815618,-0.4775710909161844,-3.7747203056229144,-3.7747203056229144,0.1073471210387817,-0.5858000595211635,6.936986573898357e-24,1.0,190.0,1286.5242665797637,3209.327228953836,0.6756300862355858,100.0,0.13113154869595023,2.0,364.0,,False,False,False,False,susceptible-enriched,susceptible-dominant,True,0.9406490568972324,0.9658454339828063,0.3415456601719373,0.9406490568972324,0.95,0.9,0.8,0.02,0.35,1.0,1.38,3.0,1.9952623149688797,4.0,1.0,0.7,100.0,i_hi,i,h_i,1.9952623149688797,4.0
0.5,0.6931471805599453,4.056325321727057,0.051707373529885664,4.108032695256942,0.01258689435203036,-0.48741310564796964,-4.362432356768245,-4.362432356768245,0.06757625555164169,-0.6255709250083036,3.862339913517597e-24,1.0,192.0,1278.6404759957875,3294.035570831635,0.644446724866309,100.0,0.12748308146714504,2.0,388.0,,False,False,False,False,susceptible-enriched,susceptible-dominant,True,0.975496632449664,0.9682847642714765,0.3171523572852353,0.975496632449664,0.95,0.9,0.8,0.02,0.35,1.0,1.38,3.0,2.511886431509581,4.0,1.0,0.7,100.0,i_hi,i,h_i,2.511886431509581,4.0
0.5,0.6931471805599453,4.067967747130269,0.040459558418356814,4.108427305548626,0.009847943120160423,-0.4901520568798396,-4.6105959110526635,-4.6105959110526635,0.055301641121841244,-0.6378455394381041,3.0817709360723837e-24,1.0,192.0,1275.4250309219183,3329.2782026038935,0.6321060066772669,100.00000000000001,0.12599620191160216,2.0,396.0,,False,False,False,False,susceptible-enriched,susceptible-dominant,True,0.9900990099009901,0.9693069306930693,0.306930693069307,0.9900990099009901,0.95,0.9,0.8,0.02,0.35,1.0,1.38,3.0,3.1622776601683795,4.0,1.0,0.7,100.0,i_hi,i,h_i,3.1622776601683795,4.0
0.5,0.6931471805599453,4.072002473361533,0.03660209673902517,4.1086045701005585,0.008908644313300107,-0.49109135568669987,-4.711784638919295,-4.711784638919295,0.05092417697506697,-0.6422230035848783,2.8229965852593574e-24,1.0,192.0,1274.3162675845113,3343.553660554695,0.6272230549195041,100.0,0.1253987136061701,2.0,400.0,,False,False,False,False,susceptible-enriched,susceptible-dominant,True,0.9960347143808478,0.9697224300066594,0.3027756999334066,0.9960347143808478,0.95,0.9,0.8,0.02,0.35,1.0,1.38,3.0,3.981071705534973,4.0,1.0,0.7,100.0,i_hi,i,h_i,3.981071705534973,4.0
0.5,0.6931471805599453,4.073518862244829,0.03515633533769524,4.108675197582524,0.008556610987011248,-0.49144338901298873,-4.752457650997004,-4.752457650997004,0.049258360309778,-0.6438888202501672,2.7270497878502473e-24,1.0,192.0,1273.8550782145646,3349.2761103062285,0.625280413538959,100.0,0.12515996326474219,2.0,402.0,,False,False,False,False,susceptible-enriched,susceptible-dominant,True,0.9984176147191983,0.9698892330303439,0.3011076696965612,0.9984176147191983,0.95,0.9,0.8,0.02,0.35,1.0,1.38,3.0,5.011872336272725,4.0,1.0,0.7,100.0,i_hi,i,h_i,5.011872336272725,4.0
0.5,0.6931471805599453,4.074110532262999,0.03459452970020953,4.108705061963208,0.008419813342279594,-0.4915801866577204,-4.768712159144013,-4.768712159144013,0.048607126468006925,-0.6445400540919384,2.6899100559426697e-24,1.0,192.0,1273.664598685844,3351.5604920869782,0.6245068980372476,100.0,0.12506477423614631,2.0,402.0,,False,False,False,False,susceptible-enriched,susceptible-dominant,True,0.9993694405116601,0.9699558608358162,0.3004413916418379,0.9993694405116601,0.95,0.9,0.8,0.02,0.35,1.0,1.38,3.0,6.309573444801933,4.0,1.0,0.7,100.0,i_hi,i,h_i,6.309573444801933,4.0
0.5,0.6931471805599453,4.074342711277064,0.03437300870442472,4.108715719981488,0.008365876601601338,-0.4916341233983987,-4.775193089108692,-4.775193089108692,0.04834974308241108,-0.6447974374775343,2.6752881805241135e-24,1.0,192.0,1273.5870163214129,3352.4709099604675,0.6241989178404885,99.99999999999999,0.12502685646053857,2.0,402.0,,False,False,False,False,susceptible-enriched,susceptible-dominant,True,0.9997488744367385,0.9699824212105717,0.300175787894283,0.9997488744367385,0.95,0.9,0.8,0.02,0.35,1.0,1.38,3.0,7.943282347242818,4.0,1.0,0.7,100.0,i_hi,i,h_i,7.943282347242818,4.0
0.5,0.6931471805599453,4.074434813222788,0.03428515813376761,4.108719971356556,0.008344486451445327,-0.4916555135485547,-4.777774766857447,-4.777774766857447,0.04824757338565577,-0.6448996071742895,2.669492815529017e-24,1.0,192.0,1273.5559069197625,3352.833510701486,0.6240763019185036,100.0,0.12501175757984775,2.0,402.0,,False,False,False,False,susceptible-enriched,susceptible-dominant,True,0.9999000099990001,0.96999300069993,0.30006999300070003,0.9999000099990001,0.95,0.9,0.8,0.02,0.35,1.0,1.38,3.0,10.0,4.0,1.0,0.7,100.0,i_hi,i,h_i,10.0,4.0
0.5,0.6931471805599453,1.2866670597361143,2.7989905841938563,4.08565764392997,0.6850771229822192,0.18507712298221923,0.7772036462353525,0.7772036462353525,0.6229830670634344,-0.07016411349651086,0.012456794963155276,0.9688580125921118,14.0,2359.095149890548,384.9117032979384,496.4374927430619,100.00000000000001,0.844044590573919,22.0,28.0,,False,False,False,False,resistant-enriched,mixed,True,4.641373400143315e-05,0.9000032489613802,0.999967510386199,4.641373400143315e-05,0.95,0.9,0.8,0.02,0.35,1.0,1.38,3.0,0.1,4.333333333333333,1.0,0.7,100.0,i_hi,i,h_i,0.1,4.333333333333333
0.5,0.6931471805599453,1.2864508418695555,2.7991983712839668,4.0856492131535225,0.6851293944355531,0.1851293944355531,0.7774459389614614,0.7774459389614614,0.6229424351669075,-0.07020474539303778,0.012448492270218494,0.9688787693244537,14.0,2359.053695186989,384.96558242689935,484.9356832791424,99.99999999999999,0.8428757088670809,22.0,28.0,,False,False,False,False,resistant-enriched,mixed,True,0.00012587669424250338,0.900008811368597,0.9999118863140303,0.00012587669424250338,0.95,0.9,0.8,0.02,0.35,1.0,1.38,3.0,0.12589254117941673,4.333333333333333,1.0,0.7,100.0,i_hi,i,h_i,0.12589254117941673,4.333333333333333
0.5,0.6931471805599453,1.2858621665304575,2.79976039173524,4.0856225582656975,0.6852714248091747,0.1852714248091747,0.778104399059817,0.778104399059817,0.6228319674709601,-0.07031521308898514,0.012426140679922678,0.9689346483001933,14.0,2358.939021446028,385.11183121134854,455.4999271385048,100.0,0.8397152595224493,22.0,,,False,False,False,False,resistant-enriched,mixed,True,0.0003413383357403704,0.9000238936835019,0.9997610631649817,0.0003413383357403704,0.95,0.9,0.8,0.02,0.35,1.0,1.38,3.0,0.15848931924611134,4.333333333333333,1.0,0.7,100.0,i_hi,i,h_i,0.15848931924611134,4.333333333333333
0.5,0.6931471805599453,1.2842585639730841,2.8012944505771196,4.085553014550204,0.6856585731725051,0.18565857317250511,0.7799000553236349,0.7799000553236352,0.6225303780722585,-0.07061680248768676,0.012366718565867909,0.9690832035853302,14.0,2358.6293951257694,385.5093432105883,387.0545061434033,100.00000000000001,0.8312281768571811,20.0,,,False,False,False,False,resistant-enriched,mixed,True,0.0009252618258234764,0.9000647683278077,0.9993523167219236,0.0009252618258234764,0.95,0.9,0.8,0.02,0.35,1.0,1.38,3.0,0.19952623149688797,4.333333333333333,1.0,0.7,100.0,i_hi,i,h_i,0.19952623149688797,4.333333333333333
0.5,0.6931471805599453,1.2798514191529156,2.805513936958149,4.0853653561110645,0.6867228980540361,0.18672289805403608,0.7848427515164912,0.7848427515164914,0.6216976815278806,-0.07144949903206466,0.012213943118343885,0.9694651422041403,14.0,2357.794361539184,386.5938071993812,261.63378795506037,100.0,0.8108990424611988,20.0,,,False,False,False,False,resistant-enriched,mixed,True,0.002505592667285736,0.90017539148671,0.9982460851329,0.002505592667285736,0.95,0.9,0.8,0.02,0.35,1.0,1.38,3.0,0.251188643150958,4.333333333333333,1.0,0.7,100.0,i_hi,i,h_i,0.251188643150958,4.333333333333333
0.5,0.6931471805599453,1.2674492096579433,2.81739874981303,4.084847959470974,0.6897193672241132,0.1897193672241132,0.7988076457015966,0.7988076457015966,0.6193250200639313,-0.07382216049601398,0.011854163788562933,0.9703645905285927,14.0,2355.626462060609,389.5834139783795,122.95376994252774,100.0,0.7649300928110779,16.0,500.0,,False,False,False,False,resistant-enriched,mixed,True,0.006766818890153485,0.9004736773223108,0.9952632267768926,0.006766818890153485,0.95,0.9,0.8,0.02,0.35,1.0,1.38,3.0,0.31622776601683794,4.333333333333333,1.0,0.7,100.0,i_hi,i,h_i,0.31622776601683794,4.333333333333333
0.5,0.6931471805599453,1.2300881367694922,2.853281426738947,4.083369563508439,0.6987565985302103,0.19875659853021033,0.8413838870292989,0.8413838870292989,0.6119141552931684,-0.08123302526677689,0.009181543625097325,0.9770461409372567,16.0,2349.2159389324197,398.08297064587373,46.92153818979031,99.99999999999999,0.6838087099606937,12.0,244.0,,False,False,False,False,resistant-enriched,mixed,True,0.01814323818419052,0.9012700266728934,0.9872997332710667,0.01814323818419052,0.95,0.9,0.8,0.02,0.35,1.0,1.38,3.0,0.3981071705534973,4.333333333333333,1.0,0.7,100.0,i_hi,i,h_i,0.3981071705534973,4.333333333333333
0.5,0.6931471805599453,1.089012715730432,2.9890509127130103,4.078063628443442,0.7329583805081291,0.23295838050812911,1.009684396113932,1.009684396113932,0.5802941146829359,-0.11285306587700938,0.005069351693157045,0.9873266207671074,18.0,2325.0573467688782,425.042921617609,18.203857001099635,100.0,0.5610877539106397,8.0,118.0,,False,False,False,False,resistant-enriched,mixed,True,0.04772672103420394,0.9033408704723943,0.9665912952760572,0.04772672103420394,0.95,0.9,0.8,0.02,0.35,1.0,1.38,3.0,0.5011872336272724,4.333333333333333,1.0,0.7,100.0,i_hi,i,h_i,0.5011872336272724,4.333333333333333
0.5,0.6931471805599453,0.17175225164315563,3.8961282015308885,4.067880453174044,0.9577784417167072,0.45777844171670723,3.1216855291377827,3.1216855291377827,0.17494122696376158,-0.5182059535961837,1.689485080119832e-05,0.999957762872997,54.0,2068.534817408672,597.7548763004007,7.702604738867389,100.0,0.4153237029929914,6.0,122.0,,False,False,False,False,resistant-enriched,resistant-dominant,True,0.11966843402942083,0.9083767903820594,0.9162320961794054,0.11966843402942083,0.95,0.9,0.8,0.02,0.35,1.0,1.38,3.0,0.6309573444801934,4.333333333333333,1.0,0.7,100.0,i_hi,i,h_i,0.6309573444801934,4.333333333333333
0.5,0.6931471805599453,0.023858466677833874,4.066777546354704,4.090636013032538,0.994167541037183,0.49416754103718297,5.1384670558666,5.1384670558666,0.035819432412753115,-0.6573277481471922,1.5120793296220978e-13,0.999999999999622,128.0,1648.4362053036953,1239.627422979383,2.978676595396762,100.0,0.28505569505921086,4.0,208.0,,False,False,False,False,resistant-enriched,resistant-dominant,True,0.269376770867385,0.918856373960717,0.8114362603928305,0.269376770867385,0.95,0.9,0.8,0.02,0.35,1.0,1.38,3.0,0.7943282347242815,4.333333333333333,1.0,0.7,100.0,i_hi,i,h_i,0.7943282347242815,4.333333333333333
0.5,0.6931471805599453,0.1965516181800162,3.904204845710997,4.100756463891013,0.9520694242853139,0.45206942428531394,2.9888843321297016,2.9888843321297016,0.19237626896378024,-0.500770911596165,1.831001450267852e-18,1.0,162.0,1450.34982028873,2038.2882969063671,1.472034707718741,100.0,0.19260497957601994,2.0,252.0,,False,False,False,False,resistant-enriched,resistant-dominant,True,0.5,0.935,0.65,0.5,0.95,0.9,0.8,0.02,0.35,1.0,1.38,3.0,1.0,4.333333333333333,1.0,0.7,100.0,i_hi,i,h_i,1.0,4.333333333333333
0.5,0.6931471805599453,2.4324054580717216,1.674103917531819,4.10650937560354,0.4076707890836785,-0.09232921091632151,-0.3736026206459604,-0.3736026206459604,0.6759995743058252,-0.01714760625412004,1.0296017939642935e-21,1.0,180.0,1346.5892375201483,2682.56655199323,0.9344514926326604,100.0,0.15648431946579808,2.0,280.0,,False,False,False,False,susceptible-enriched,mixed,True,0.7306232291326152,0.951143626039283,0.48856373960716937,0.7306232291326152,0.95,0.9,0.8,0.02,0.35,1.0,1.38,3.0,1.2589254117941675,4.333333333333333,1.0,0.7,100.0,i_hi,i,h_i,1.2589254117941675,4.333333333333333
0.5,0.6931471805599453,3.864730148475631,0.24145370627474527,4.106183854750377,0.058802458636968105,-0.4411975413630319,-2.7729693770290242,-2.7729693770290242,0.22365965146314265,-0.46948752909680264,2.2685486074180915e-23,1.0,188.0,1301.154325289495,3061.1835863432984,0.7363921497715654,100.0,0.13779693603040238,2.0,326.0,,False,False,False,False,susceptible-enriched,susceptible-dominant,True,0.8803315659705794,0.9616232096179406,0.38376790382059445,0.8803315659705794,0.95,0.9,0.8,0.02,0.35,1.0,1.38,3.0,1.584893192461114,4.333333333333333,1.0,0.7,100.0,i_hi,i,h_i,1.584893192461114,4.333333333333333
0.5,0.6931471805599453,4.031369099842433,0.07608200029625506,4.107451100138688,0.018522922961562747,-0.48147707703843723,-3.9700496143513524,-3.9700496143513524,0.0922335437281768,-0.6009136368317685,5.685394183537813e-24,1.0,190.0,1283.7890437817834,3237.667084710331,0.6649108903425521,100.0,0.12989856689173673,2.0,372.0,,False,False,False,False,susceptible-enriched,susceptible-dominant,True,0.952273278965796,0.9666591295276057,0.3334087047239428,0.952273278965796,0.95,0.9,0.8,0.02,0.35,1.0,1.38,3.0,1.9952623149688797,4.333333333333333,1.0,0.7,100.0,i_hi,i,h_i,1.9952623149688797,4.333333333333333
0.5,0.6931471805599453,4.061727472097621,0.04647794842616928,4.10820542052379,0.011313443138450318,-0.48868655686154966,-4.470385675122992,-4.470385675122992,0.06195338109602155,-0.6311937994639237,3.494349720988694e-24,1.0,192.0,1277.1247261717701,3309.4062632255095,0.6390115466348558,100.0,0.1268324737968279,2.0,392.0,,False,False,False,False,susceptible-enriched,susceptible-dominant,True,0.9818567618158095,0.9687299733271066,0.31270026672893336,0.9818567618158095,0.95,0.9,0.8,0.02,0.35,1.0,1.38,3.0,2.511886431509581,4.333333333333333,1.0,0.7,100.0,i_hi,i,h_i,2.511886431509581,4.333333333333333
0.5,0.6931471805599453,4.070140453387337,0.038375921858428565,4.108516375245766,0.0093405790201172,-0.4906594209798828,-4.664002559284679,-4.664002559284679,0.05294896024469161,-0.6401982203152536,2.9414983805589356e-24,1.0,192.0,1274.8382679461727,3336.8192524235606,0.6295192918005608,100.0,0.12568022215385097,2.0,398.0,,False,False,False,False,susceptible-enriched,susceptible-dominant,True,0.9932331811098465,0.9695263226776892,0.30473677322310755,0.9932331811098465,0.95,0.9,0.8,0.02,0.35,1.0,1.38,3.0,3.1622776601683795,4.333333333333333,1.0,0.7,100.0,i_hi,i,h_i,3.1622776601683795,4.333333333333333
0.5,0.6931471805599453,4.0729392101362905,0.03570975467762777,4.108648964813918,0.00869136180370792,-0.49130863819629206,-4.736696290721918,-4.736696290721918,0.04989769319003433,-0.6432494873699109,2.7637121577863483e-24,1.0,192.0,1274.0366873284538,3347.0596513117785,0.6260319830789021,100.0,0.1252523869536718,2.0,400.0,,False,False,False,False,susceptible-enriched,susceptible-dominant,True,0.9974944073327142,0.96982460851329,0.3017539148671001,0.9974944073327142,0.95,0.9,0.8,0.02,0.35,1.0,1.38,3.0,3.981071705534973,4.333333333333333,1.0,0.7,100.0,i_hi,i,h_i,3.981071705534973,4.333333333333333
0.5,0.6931471805599453,4.073929258752847,0.03476754162995134,4.108696800382798,0.008461938984330048,-0.49153806101566994,-4.763678992808493,-4.763678992808493,0.04880790542935435,-0.644339275130591,2.7013385040685784e-24,1.0,192.0,1273.7243539496178,3350.8532921015676,0.6247462485585284,100.0,0.12509423565680539,2.0,402.0,,False,False,False,False,susceptible-enriched,susceptible-dominant,True,0.9990747381741766,0.9699352316721923,0.30064768327807645,0.9990747381741766,0.95,0.9,0.8,0.02,0.35,1.0,1.38,3.0,5.011872336272725,4.333333333333333,1.0,0.7,100.0,i_hi,i,h_i,5.011872336272725,4.333333333333333
0.5,0.6931471805599453,4.074287632791925,0.03442555115318606,4.1087131839451105,0.008378669819958395,-0.4916213301800416,-4.77365214160828,-4.77365214160828,0.048410823310969096,-0.6447363572489762,2.6787552348190352e-24,1.0,192.0,1273.6055289625376,3352.254464024056,0.6242721230364068,100.0,0.12503587019200835,2.0,402.0,,False,False,False,False,susceptible-enriched,susceptible-dominant,True,0.9996586616642597,0.9699761063164982,0.30023893683501823,0.9996586616642597,0.95,0.9,0.8,0.02,0.35,1.0,1.38,3.0,6.309573444801933,4.333333333333333,1.0,0.7,100.0,i_hi,i,h_i,6.309573444801933,4.333333333333333
0.5,0.6931471805599453,4.074419053188597,0.0343001897531361,4.108719242941733,0.008348146399163082,-0.4916518536008369,-4.777332565559108,-4.777332565559108,0.048265058982234134,-0.6448821215777112,2.67048429302763e-24,1.0,192.0,1273.5612438373844,3352.771405419885,0.6240973013842489,99.99999999999999,0.12501434355476204,2.0,402.0,,False,False,False,False,susceptible-enriched,susceptible-dominant,True,0.9998741233057575,0.969991188631403,0.30008811368596977,0.9998741233057575,0.95,0.9,0.8,0.02,0.35,1.0,1.38,3.0,7.943282347242818,4.333333333333333,1.0,0.7,100.0,i_hi,i,h_i,7.943282347242818,4.333333333333333
0.5,0.6931471805599453,4.07446741082482,0.03425406839882411,4.108721479223644,0.008336916622855762,-0.49166308337714426,-4.778689977382357,-4.778689977382357,0.04821140298615722,-0.6449357775737881,2.667442329943544e-24,1.0,192.0,1273.5448502444024,3352.9620447006228,0.6240328435543563,100.0,0.12500640576698857,2.0,402.0,,False,False,False,False,susceptible-enriched,susceptible-dominant,True,0.9999535862659986,0.9699967510386199,0.300032489613801,0.9999535862659986,0.95,0.9,0.8,0.02,0.35,1.0,1.38,3.0,10.0,4.333333333333333,1.0,0.7,100.0,i_hi,i,h_i,10.0,4.333333333333333
0.5,0.6931471805599453,1.2867348150109799,2.7989258890658815,4.0856607040768615,0.6850607751820859,0.18506077518208586,0.7771278740952461,0.7771278740952461,0.6229957720139492,-0.07015140854599611,0.01245940004441817,0.9688514998889546,14.0,2359.108361929273,384.89484695683063,500.11221659786,100.0,0.8444310854422478,24.0,28.0,,False,False,False,False,resistant-enriched,mixed,True,2.1543882751435294e-05,0.9000015080717926,0.999984919282074,2.1543882751435294e-05,0.95,0.9,0.8,0.02,0.35,1.0,1.38,3.0,0.1,4.666666666666666,1.0,0.7,100.0,i_hi,i,h_i,0.1,4.666666666666666
0.5,0.6931471805599453,1.2866215934966432,2.7990339521404284,4.085655545637072,0.6850880895060815,0.18508808950608147,0.7772544773224903,0.7772544773224904,0.6229745435623828,-0.07017263699756249,0.012455049716695523,0.9688623757082612,14.0,2359.086262211182,384.92300907638065,493.99338557896743,100.00000000000001,0.8437991133108703,22.0,28.0,,False,False,False,False,resistant-enriched,mixed,True,6.309175362748667e-05,0.900004416422754,0.9999558357724607,6.309175362748667e-05,0.95,0.9,0.8,0.02,0.35,1.0,1.38,3.0,0.12589254117941673,4.666666666666666,1.0,0.7,100.0,i_hi,i,h_i,0.12589254117941673,4.666666666666666
0.5,0.6931471805599453,1.2862900219450033,2.7993508650349357,4.085640886979939,0.6851681149843263,0.18516811498432628,0.7776254334905991,0.7776254334905991,0.6229123285584846,-0.07023485200146073,0.012442361306134176,0.9688940967346645,14.0,2359.021796412007,385.0055208473291,476.64364991363914,99.99999999999999,0.8420108393466679,22.0,28.0,,False,False,False,False,resistant-enriched,mixed,True,0.00018475084056189867,0.9000129325588394,0.9998706744116067,0.00018475084056189867,0.95,0.9,0.8,0.02,0.35,1.0,1.38,3.0,0.15848931924611134,4.666666666666666,1.0,0.7,100.0,i_hi,i,h_i,0.15848931924611134,4.666666666666666
0.5,0.6931471805599453,1.2853156362158868,2.8002831456872896,4.085598781903176,0.6854033631718596,0.18540336317185957,0.7787162160471068,0.7787162160471068,0.62272926529101,-0.07041791526893526,0.012405647524897968,0.9689858811877551,14.0,2358.8332458479244,385.2474779249668,430.3615444444389,100.0,0.8367999551509798,22.0,,,False,False,False,False,resistant-enriched,mixed,True,0.0005408768204935979,0.9000378613774346,0.9996213862256544,0.0005408768204935979,0.95,0.9,0.8,0.02,0.35,1.0,1.38,3.0,0.19952623149688797,4.666666666666666,1.0,0.7,100.0,i_hi,i,h_i,0.19952623149688797,4.666666666666666
0.5,0.6931471805599453,1.282438374802699,2.8030374355862415,4.085475810388941,0.6860981598418496,0.18609815984184963,0.7819403815639787,0.7819403815639787,0.6221870960111009,-0.0709600845488444,0.01230178518218416,0.9692455370445396,14.0,2358.2817169101054,385.95873456686707,326.09494596731724,100.0,0.8227131337867468,20.0,,,False,False,False,False,resistant-enriched,mixed,True,0.0015823852808017215,0.9001107669696562,0.9988923303034388,0.0015823852808017215,0.95,0.9,0.8,0.02,0.35,1.0,1.38,3.0,0.251188643150958,4.666666666666666,1.0,0.7,100.0,i_hi,i,h_i,0.251188643150958,4.666666666666666
0.5,0.6931471805599453,1.2737937669327892,2.811314784817347,4.085108551750136,0.6881860663440456,0.18818606634404555,0.7916526032121907,0.7916526032121909,0.6205443446415841,-0.07260283591836114,0.01202657384370527,0.9699335653907368,14.0,2356.697492066571,388.065128304027,171.49564596512033,100.0,0.786320001386444,18.0,,,False,False,False,False,resistant-enriched,mixed,True,0.004620144024698061,0.9003234100817289,0.9967658991827114,0.004620144024698061,0.95,0.9,0.8,0.02,0.35,1.0,1.38,3.0,0.31622776601683794,4.666666666666666,1.0,0.7,100.0,i_hi,i,h_i,0.31622776601683794,4.666666666666666
0.5,0.6931471805599453,1.2464465656880808,2.8375564776982154,4.084003043386296,0.6947978362291876,0.19479783622918756,0.8226465310598879,0.8226465310598877,0.6152078601535484,-0.07793932040639684,0.01013220385105088,0.9746694903723728,16.0,2352.2566429527274,394.4504846072358,63.31767951529287,100.0,0.7121180504030361,12.0,306.0,,False,False,False,False,resistant-enriched,mixed,True,0.013411257127919745,0.9009387879989544,0.9906121200104562,0.013411257127919745,0.95,0.9,0.8,0.02,0.35,1.0,1.38,3.0,0.3981071705534973,4.666666666666666,1.0,0.7,100.0,i_hi,i,h_i,0.3981071705534973,4.666666666666666
0.5,0.6931471805599453,1.1431486479382318,2.936964631018727,4.080113278956959,0.7198242867829232,0.2198242867829232,0.943590182543479,0.943590182543479,0.5931191952697197,-0.10002798529022561,0.006196593141442974,0.9845085171463925,18.0,2334.4572397925585,415.4807970051319,22.50597487231708,100.0,0.5914859662633026,10.0,138.0,,False,False,False,False,resistant-enriched,mixed,True,0.038286503882254776,0.9026800552717579,0.9731994472824217,0.038286503882254776,0.95,0.9,0.8,0.02,0.35,1.0,1.38,3.0,0.5011872336272724,4.666666666666666,1.0,0.7,100.0,i_hi,i,h_i,0.5011872336272724,4.666666666666666
0.5,0.6931471805599453,0.35748226974654523,3.7041623352408037,4.061644604987349,0.9119858322149633,0.4119858322149633,2.338126656024926,2.338126656024926,0.29791909568653113,-0.39522808487341415,0.00018815616551745508,0.9995296095862064,38.0,2159.662657033543,537.2153085978489,9.068046096690841,99.99999999999999,0.43817107989559134,6.0,104.0,,False,False,False,False,resistant-enriched,resistant-dominant,True,0.10441727916673246,0.9073092095416713,0.9269079045832873,0.10441727916673246,0.95,0.9,0.8,0.02,0.35,1.0,1.38,3.0,0.6309573444801934,4.666666666666666,1.0,0.7,100.0,i_hi,i,h_i,0.6309573444801934,4.666666666666666
0.5,0.6931471805599453,0.023111805987254132,4.066601812833417,4.089713618820671,0.9943487959937111,0.49434879599371107,5.170219425592868,5.170219425592868,0.034885197206241,-0.6582619833537042,4.5386364276026384e-13,0.9999999999988654,124.0,1670.1517373935499,1179.636206308186,3.1741182055991506,100.0,0.2939357246752799,4.0,202.0,,False,False,False,False,resistant-enriched,resistant-dominant,True,0.25454071590092864,0.917817850113065,0.82182149886935,0.25454071590092864,0.95,0.9,0.8,0.02,0.35,1.0,1.38,3.0,0.7943282347242815,4.666666666666666,1.0,0.7,100.0,i_hi,i,h_i,0.7943282347242815,4.666666666666666
0.5,0.6931471805599453,0.1965516181800162,3.904204845710997,4.100756463891013,0.9520694242853139,0.45206942428531394,2.9888843321297016,2.9888843321297016,0.19237626896378024,-0.500770911596165,1.831001450267852e-18,1.0,162.0,1450.34982028873,2038.2882969063671,1.472034707718741,100.0,0.19260497957601994,2.0,252.0,,False,False,False,False,resistant-enriched,resistant-dominant,True,0.5,0.935,0.65,0.5,0.95,0.9,0.8,0.02,0.35,1.0,1.38,3.0,1.0,4.666666666666666,1.0,0.7,100.0,i_hi,i,h_i,1.0,4.666666666666666
0.5,0.6931471805599453,2.6569176968508463,1.4496425482585351,4.106560245109382,0.35300652169536667,-0.14699347830463333,-0.605849682729664,-0.6058496827296638,0.6492879536027822,-0.043859226957163044,6.796346486354846e-22,1.0,180.0,1341.191056925049,2721.0802156680274,0.9114416139203758,99.99999999999999,0.15448354694471247,2.0,284.0,,False,False,False,False,susceptible-enriched,mixed,True,0.7454592840990715,0.9521821498869351,0.47817850113064997,0.7454592840990715,0.95,0.9,0.8,0.02,0.35,1.0,1.38,3.0,1.2589254117941675,4.666666666666666,1.0,0.7,100.0,i_hi,i,h_i,1.2589254117941675,4.666666666666666
0.5,0.6931471805599453,3.916080465343575,0.19027641271715412,4.106356878060729,0.04633703751706408,-0.4536629624829359,-3.0243687325466486,-3.024368732546648,0.1875852461824451,-0.5055619343775002,1.6475127455005363e-23,1.0,188.0,1297.6096226447642,3098.808998433851,0.7201899742139424,100.0,0.1360681567654019,2.0,334.0,,False,False,False,False,susceptible-enriched,susceptible-dominant,True,0.8955827208332677,0.9626907904583287,0.3730920954167126,0.8955827208332677,0.95,0.9,0.8,0.02,0.35,1.0,1.38,3.0,1.584893192461114,4.666666666666666,1.0,0.7,100.0,i_hi,i,h_i,1.584893192461114,4.666666666666666
0.5,0.6931471805599453,4.042606525352534,0.0650681846537396,4.107674710006274,0.01584063716029749,-0.4841593628397025,-4.12920922770095,-4.12920922770095,0.0813767460726082,-0.6117704344873371,4.846406586448849e-24,1.0,192.0,1281.9049125739225,3260.623934653648,0.6564805841823039,100.0,0.12890906361865315,2.0,378.0,,False,False,False,False,susceptible-enriched,susceptible-dominant,True,0.9617134961177453,0.9673199447282421,0.32680055271757835,0.9617134961177453,0.95,0.9,0.8,0.02,0.35,1.0,1.38,3.0,1.9952623149688797,4.666666666666666,1.0,0.7,100.0,i_hi,i,h_i,1.9952623149688797,4.666666666666666
0.5,0.6931471805599453,4.065410594091677,0.0429239927390868,4.108334586830764,0.010448027499191362,-0.4895519725008086,-4.550839083130212,-4.550839083130212,0.05805028320095461,-0.6350968973589907,3.2493766703209888e-24,1.0,192.0,1276.114059355569,3320.8214573637856,0.635027997901537,100.0,0.1263514162817779,2.0,394.0,,False,False,False,False,susceptible-enriched,susceptible-dominant,True,0.9865887428720803,0.9690612120010457,0.30938787998954387,0.9865887428720803,0.95,0.9,0.8,0.02,0.35,1.0,1.38,3.0,2.511886431509581,4.666666666666666,1.0,0.7,100.0,i_hi,i,h_i,2.511886431509581,4.666666666666666
0.5,0.6931471805599453,4.071575783228507,0.03700944898257276,4.10858523221108,0.009007832840467987,-0.49099216715953203,-4.7006121158837555,-4.7006121158837555,0.051390976847399364,-0.6417562037125459,2.8501296920218783e-24,1.0,192.0,1274.439812464052,3341.9801734359767,0.6277585524424968,100.0,0.12546443733496362,2.0,400.0,,False,False,False,False,susceptible-enriched,susceptible-dominant,True,0.995379855975302,0.9696765899182711,0.30323410081728863,0.995379855975302,0.95,0.9,0.8,0.02,0.35,1.0,1.38,3.0,3.1622776601683795,4.666666666666666,1.0,0.7,100.0,i_hi,i,h_i,3.1622776601683795,4.666666666666666
0.5,0.6931471805599453,4.073518862244829,0.03515633533769524,4.108675197582524,0.008556610987011248,-0.49144338901298873,-4.752457650997004,-4.752457650997004,0.049258360309778,-0.6438888202501672,2.7270497878502473e-24,1.0,192.0,1273.8550782145646,3349.2761103062285,0.625280413538959,100.0,0.12515996326474219,2.0,402.0,,False,False,False,False,susceptible-enriched,susceptible-dominant,True,0.9984176147191983,0.9698892330303439,0.3011076696965612,0.9984176147191983,0.95,0.9,0.8,0.02,0.35,1.0,1.38,3.0,3.981071705534973,4.666666666666666,1.0,0.7,100.0,i_hi,i,h_i,3.981071705534973,4.666666666666666
0.5,0.6931471805599453,4.0741655329994595,0.03454204602568926,4.108707579025149,0.008407034416862753,-0.49159296558313725,-4.770243920150538,-4.770243920150538,0.04854617766631756,-0.6446010028936278,2.686444679094482e-24,1.0,192.0,1273.6463277424232,3351.7756891698996,0.624434085143184,100.0,0.12505581057472376,2.0,402.0,,False,False,False,False,susceptible-enriched,susceptible-dominant,True,0.9994591231795064,0.9699621386225654,0.3003786137743456,0.9994591231795064,0.95,0.9,0.8,0.02,0.35,1.0,1.38,3.0,5.011872336272725,4.666666666666666,1.0,0.7,100.0,i_hi,i,h_i,5.011872336272725,4.666666666666666
0.5,0.6931471805599453,4.07438318656662,0.03433440009634741,4.1087175866629675,0.008356476046880905,-0.4916435239531191,-4.776326879112121,-4.776326879112121,0.04830484829033898,-0.6448423322696063,2.6727409964054985e-24,1.0,192.0,1273.5733685596635,3352.6301570672445,0.6241450641116716,100.0,0.12502022511969307,2.0,402.0,,False,False,False,False,susceptible-enriched,susceptible-dominant,True,0.9998152491594381,0.9699870674411607,0.30012932558839334,0.9998152491594381,0.95,0.9,0.8,0.02,0.35,1.0,1.38,3.0,6.309573444801933,4.666666666666666,1.0,0.7,100.0,i_hi,i,h_i,6.309573444801933,4.666666666666666
0.5,0.6931471805599453,4.074457266258738,0.03426374353011863,4.108721009788857,0.008339272354702762,-0.4916607276452972,-4.7784050754377745,-4.7784050754377745,0.04822265996273196,-0.6449245205972133,2.6680804159416646e-24,1.0,192.0,1273.5482937451015,3352.922032993208,0.6240463714777621,100.0,0.12500807172482625,2.0,402.0,,False,False,False,False,susceptible-enriched,susceptible-dominant,True,0.9999369082463725,0.969995583577246,0.3000441642275393,0.9999369082463725,0.95,0.9,0.8,0.02,0.35,1.0,1.38,3.0,7.943282347242818,4.666666666666666,1.0,0.7,100.0,i_hi,i,h_i,7.943282347242818,4.666666666666666
0.5,0.6931471805599453,4.074482533280725,0.0342396460249821,4.108722179305707,0.008333405017607669,-0.49166659498239235,-4.779114818748941,-4.779114818748941,0.04819462136746805,-0.6449525591924772,2.6664912006021976e-24,1.0,192.0,1273.5397126675061,3353.021708712368,0.62401267179471,100.0,0.12500392158937743,2.0,402.0,,False,False,False,False,susceptible-enriched,susceptible-dominant,True,0.9999784561172486,0.9699984919282074,0.30001508071792604,0.9999784561172486,0.95,0.9,0.8,0.02,0.35,1.0,1.38,3.0,10.0,4.666666666666666,1.0,0.7,100.0,i_hi,i,h_i,10.0,4.666666666666666
0.5,0.6931471805599453,1.2867662285415036,2.798895808277005,4.085662036818508,0.6850531891904833,0.1850531891904833,0.7770927137058684,0.7770927137058684,0.6230016671661127,-0.07014551339383257,0.012460610323965265,0.9688484741900868,14.0,2359.114443370897,384.8870236917602,501.8302883415919,99.99999999999999,0.8446204087944528,24.0,28.0,,False,False,False,False,resistant-enriched,mixed,True,9.999900000999992e-06,0.9000006999930001,0.9999930000699992,9.999900000999992e-06,0.95,0.9,0.8,0.02,0.35,1.0,1.38,3.0,0.1,5.0,1.0,0.7,100.0,i_hi,i,h_i,0.1,5.0
0.5,0.6931471805599453,1.2867073872129249,2.7989521548058396,4.085659542018765,0.6850673987933047,0.1850673987933047,0.7771585743122049,0.777158574312205,0.6229906245193708,-0.07015655604057447,0.01245834402228885,0.9688541399442778,14.0,2359.1030532522086,384.9016772039729,498.6187574876486,100.0,0.8442658442729165,24.0,28.0,,False,False,False,False,resistant-enriched,mixed,True,3.162177663330558e-05,0.9000022135243644,0.9999778647563566,3.162177663330558e-05,0.95,0.9,0.8,0.02,0.35,1.0,1.38,3.0,0.12589254117941673,5.0,1.0,0.7,100.0,i_hi,i,h_i,0.12589254117941673,5.0
0.5,0.6931471805599453,1.2865210191756598,2.7991300519509,4.085651071126559,0.6851123610952612,0.1851123610952612,0.7773669823039832,0.7773669823039832,0.6229556769956933,-0.07019150356425197,0.012451193545707201,0.968872016135732,14.0,2359.066691441253,384.9480267421491,488.6430318638105,100.0,0.8432563009111088,22.0,28.0,,False,False,False,False,resistant-enriched,mixed,True,9.999000099989999e-05,0.90000699930007,0.9999300069993001,9.999000099989999e-05,0.95,0.9,0.8,0.02,0.35,1.0,1.38,3.0,0.15848931924611134,5.0,1.0,0.7,100.0,i_hi,i,h_i,0.15848931924611134,5.0
0.5,0.6931471805599453,1.285931172716686,2.7996946168618333,4.085625789578519,0.6852547837355057,0.18525478373550575,0.7780272418814841,0.7780272418814842,0.6228449153215948,-0.07030226523835048,0.012428743859527247,0.9689281403511819,14.0,2358.9525096597777,385.0947071716013,458.81712833018526,99.99999999999999,0.8400843802150443,22.0,,,False,False,False,False,resistant-enriched,mixed,True,0.00031612779762961777,0.9000221289458341,0.9997787105416592,0.00031612779762961777,0.95,0.9,0.8,0.02,0.35,1.0,1.38,3.0,0.19952623149688797,5.0,1.0,0.7,100.0,i_hi,i,h_i,0.19952623149688797,5.0
0.5,0.6931471805599453,1.2840550710907623,2.801489017061077,4.085544088151839,0.6857076944012065,0.1857076944012065,0.7801279730319215,0.7801279730319215,0.6224920628255568,-0.07065511773438848,0.012359332148429554,0.9691016696289261,14.0,2358.5902025695154,385.5596632381486,379.44634739207766,100.0,0.8302682244381753,20.0,,,False,False,False,False,resistant-enriched,mixed,True,0.0009990009990009992,0.9000699300699301,0.9993006993006993,0.0009990009990009992,0.95,0.9,0.8,0.02,0.35,1.0,1.38,3.0,0.251188643150958,5.0,1.0,0.7,100.0,i_hi,i,h_i,0.251188643150958,5.0
0.5,0.6931471805599453,1.2780183473573943,2.8072686279854295,4.085286975342823,0.6871655883488706,0.18716558834887065,0.7869012799618051,0.7869012799618054,0.6213497836719795,-0.07179739688796583,0.01215465187669738,0.9696133703082566,14.0,2357.4551816979597,387.0413015384717,227.29198873683293,100.0,0.8027250575692344,20.0,,,False,False,False,False,resistant-enriched,mixed,True,0.003152309183260213,0.9002206616428282,0.9977933835717179,0.003152309183260213,0.95,0.9,0.8,0.02,0.35,1.0,1.38,3.0,0.31622776601683794,5.0,1.0,0.7,100.0,i_hi,i,h_i,0.31622776601683794,5.0
0.5,0.6931471805599453,1.2578097495594107,2.82664576516695,4.08445551472636,0.6920495902025565,0.19204959020255652,0.8097188523331095,0.8097188523331095,0.6174509161863502,-0.07569626437359511,0.011043413632177847,0.9723914659195554,16.0,2354.105046602956,391.84670831429617,85.42866124119759,99.99999999999999,0.7384724823240215,14.0,382.0,,False,False,False,False,resistant-enriched,mixed,True,0.009900990099009908,0.9006930693069307,0.9930693069306931,0.009900990099009908,0.95,0.9,0.8,0.02,0.35,1.0,1.38,3.0,0.3981071705534973,5.0,1.0,0.7,100.0,i_hi,i,h_i,0.3981071705534973,5.0
0.5,0.6931471805599453,1.179934380730135,2.901549610689519,4.081483991419654,0.7109055472934194,0.21090554729341937,0.8997861154121535,0.8997861154121536,0.6013388774672558,-0.0918083030926895,0.0076502415827388245,0.980874396043153,16.0,2340.667796949008,408.4716550411821,27.96302536724165,100.0,0.6228351824150261,10.0,164.0,,False,False,False,False,resistant-enriched,mixed,True,0.030653430031715525,0.9021457401022202,0.9785425989777992,0.030653430031715525,0.95,0.9,0.8,0.02,0.35,1.0,1.38,3.0,0.5011872336272724,5.0,1.0,0.7,100.0,i_hi,i,h_i,0.5011872336272724,5.0
0.5,0.6931471805599453,0.6012277177260382,3.4607253499056267,4.061953067631665,0.851985557756189,0.351985557756189,1.7502597239635742,1.7502597239635742,0.41924942011115457,-0.2738977604487907,0.000721224665194872,0.9981969383370128,30.0,2228.2219208441143,495.1489267735841,10.329371174272456,100.0,0.4596746016443026,6.0,92.0,,False,False,False,False,resistant-enriched,resistant-dominant,True,0.09090909090909098,0.9063636363636364,0.9363636363636363,0.09090909090909098,0.95,0.9,0.8,0.02,0.35,1.0,1.38,3.0,0.6309573444801934,5.0,1.0,0.7,100.0,i_hi,i,h_i,0.6309573444801934,5.0
0.5,0.6931471805599453,0.022961418966186063,4.065788670234686,4.088750089200872,0.9943842449488828,0.4943842449488828,5.1765476467764735,5.1765476467764735,0.03470180628214796,-0.6584453742777974,1.4259304682567857e-12,0.9999999999964352,120.0,1693.0904638769507,1120.7295263448532,3.386875320562644,100.0,0.30281999152018607,4.0,198.0,,False,False,False,False,resistant-enriched,resistant-dominant,True,0.2402530733520421,0.9168177151346429,0.8318228486535706,0.2402530733520421,0.95,0.9,0.8,0.02,0.35,1.0,1.38,3.0,0.7943282347242815,5.0,1.0,0.7,100.0,i_hi,i,h_i,0.7943282347242815,5.0
0.5,0.6931471805599453,0.1965516181800162,3.904204845710997,4.100756463891013,0.9520694242853139,0.45206942428531394,2.9888843321297016,2.9888843321297016,0.19237626896378024,-0.500770911596165,1.831001450267852e-18,1.0,162.0,1450.34982028873,2038.2882969063671,1.472034707718741,100.0,0.19260497957601994,2.0,252.0,,False,False,False,False,resistant-enriched,resistant-dominant,True,0.5,0.935,0.65,0.5,0.95,0.9,0.8,0.02,0.35,1.0,1.38,3.0,1.0,5.0,1.0,0.7,100.0,i_hi,i,h_i,1.0,5.0
0.5,0.6931471805599453,2.860205329129957,1.2463397907076887,4.106545119837646,0.3035008150006552,-0.19649918499934482,-0.8306823272460061,-0.8306823272460061,0.613801419226102,-0.0793457613338433,4.541715398491372e-22,1.0,182.0,1336.5803864675945,2757.92407984122,0.8900849332170545,100.0,0.1525893924866585,2.0,286.0,,False,False,False,False,susceptible-enriched,mixed,True,0.759746926647958,0.953182284865357,0.46817715134642945,0.759746926647958,0.95,0.9,0.8,0.02,0.35,1.0,1.38,3.0,1.2589254117941675,5.0,1.0,0.7,100.0,i_hi,i,h_i,1.2589254117941675,5.0
0.5,0.6931471805599453,3.952985061833583,0.1535636308463702,4.1065486926799535,0.03739481553453926,-0.46260518446546073,-3.248111270012137,-3.248111270012137,0.15957445800734613,-0.5335727225525991,1.259264539653457e-23,1.0,190.0,1293.9884666102148,3132.0375511891652,0.7062543495488908,100.0,0.1345618534333743,2.0,342.0,,False,False,False,False,susceptible-enriched,susceptible-dominant,True,0.9090909090909093,0.9636363636363636,0.36363636363636354,0.9090909090909093,0.95,0.9,0.8,0.02,0.35,1.0,1.38,3.0,1.584893192461114,5.0,1.0,0.7,100.0,i_hi,i,h_i,1.584893192461114,5.0
0.5,0.6931471805599453,4.050571088859657,0.05730388185489221,4.107874970714549,0.013949762897706795,-0.4860502371022932,-4.25824479216994,-4.25824479216994,0.07344948048058969,-0.6196977000793555,4.266624632519456e-24,1.0,192.0,1280.1798708843153,3279.143707664914,0.6497805936315981,100.0,0.12811663036491233,2.0,384.0,,False,False,False,False,susceptible-enriched,susceptible-dominant,True,0.9693465699682845,0.96785425989778,0.3214574010222009,0.9693465699682845,0.95,0.9,0.8,0.02,0.35,1.0,1.38,3.0,1.9952623149688797,5.0,1.0,0.7,100.0,i_hi,i,h_i,1.9952623149688797,5.0
0.5,0.6931471805599453,4.067967747130269,0.040459558418356814,4.108427305548626,0.009847943120160423,-0.4901520568798396,-4.6105959110526635,-4.6105959110526635,0.055301641121841244,-0.6378455394381041,3.0817709360723837e-24,1.0,192.0,1275.4250309219183,3329.2782026038935,0.6321060066772669,100.00000000000001,0.12599620191160216,2.0,396.0,,False,False,False,False,susceptible-enriched,susceptible-dominant,True,0.9900990099009901,0.9693069306930693,0.306930693069307,0.9900990099009901,0.95,0.9,0.8,0.02,0.35,1.0,1.38,3.0,2.511886431509581,5.0,1.0,0.7,100.0,i_hi,i,h_i,2.511886431509581,5.0
0.5,0.6931471805599453,4.072526135459388,0.036102456573628976,4.108628592033017,0.008786984699379918,-0.49121301530062006,-4.725657845847824,-4.725657845847824,0.050350101087263975,-0.6427970794726813,2.7897766539108755e-24,1.0,192.0,1274.1612335247044,3345.5065531268124,0.6265592603623806,100.00000000000001,0.1253171874998293,2.0,400.0,,False,False,False,False,susceptible-enriched,susceptible-dominant,True,0.9968476908167397,0.9697793383571718,0.30220661642828217,0.9968476908167397,0.95,0.9,0.8,0.02,0.35,1.0,1.38,3.0,3.1622776601683795,5.0,1.0,0.7,100.0,i_hi,i,h_i,3.1622776601683795,5.0
0.5,0.6931471805599453,4.073883769272196,0.03481096357479195,4.108694732846987,0.008472511548861363,-0.49152748845113864,-4.762419684083844,-4.762419684083844,0.04885826307447744,-0.6442889174854678,2.7042079546222287e-24,1.0,192.0,1273.7392376036091,3350.6763274915857,0.6248061578861631,100.0,0.12510160888511815,2.0,402.0,,False,False,False,False,susceptible-enriched,susceptible-dominant,True,0.999000999000999,0.9699300699300699,0.30069930069930073,0.999000999000999,0.95,0.9,0.8,0.02,0.35,1.0,1.38,3.0,3.981071705534973,5.0,1.0,0.7,100.0,i_hi,i,h_i,3.981071705534973,5.0
0.5,0.6931471805599453,4.074303032576232,0.034410859956776424,4.108713892533008,0.008375092755743633,-0.4916249072442564,-4.774082765120557,-4.774082765120557,0.04839374688059004,-0.6447534336793552,2.677785756030223e-24,1.0,192.0,1273.6003597226947,3352.3149519567373,0.6242516641841834,100.0,0.12503335115552577,2.0,402.0,,False,False,False,False,susceptible-enriched,susceptible-dominant,True,0.9996838722023704,0.9699778710541659,0.3002212894583407,0.9996838722023704,0.95,0.9,0.8,0.02,0.35,1.0,1.38,3.0,5.011872336272725,5.0,1.0,0.7,100.0,i_hi,i,h_i,5.011872336272725,5.0
0.5,0.6931471805599453,4.074434813222788,0.03428515813376761,4.108719971356556,0.008344486451445327,-0.4916555135485547,-4.777774766857447,-4.777774766857447,0.04824757338565577,-0.6448996071742895,2.669492815529017e-24,1.0,192.0,1273.5559069197625,3352.833510701486,0.6240763019185036,100.0,0.12501175757984775,2.0,402.0,,False,False,False,False,susceptible-enriched,susceptible-dominant,True,0.9999000099990001,0.96999300069993,0.30006999300070003,0.9999000099990001,0.95,0.9,0.8,0.02,0.35,1.0,1.38,3.0,6.309573444801933,5.0,1.0,0.7,100.0,i_hi,i,h_i,6.309573444801933,5.0
0.5,0.6931471805599453,4.074476405981026,0.0342454896232748,4.108721895604301,0.008334827835369483,-0.4916651721646305,-4.778942661884718,-4.778942661884718,0.048201421054440446,-0.6449457595055048,2.666876569124291e-24,1.0,192.0,1273.54179493556,3352.997531409237,0.6240208457952523,100.00000000000001,0.12500492823277984,2.0,402.0,,False,False,False,False,susceptible-enriched,susceptible-dominant,True,0.9999683782233667,0.9699977864756357,0.3000221352436433,0.9999683782233667,0.95,0.9,0.8,0.02,0.35,1.0,1.38,3.0,7.943282347242818,5.0,1.0,0.7,100.0,i_hi,i,h_i,7.943282347242818,5.0
0.5,0.6931471805599453,4.074489550778082,0.03423295351867298,4.108722504296755,0.008331775505129244,-0.49166822449487074,-4.7793120208893285,-4.7793120208893285,0.04818683357956851,-0.6449603469803767,2.6660498593495237e-24,1.0,192.0,1273.537326823894,3353.049403115168,0.6240033088556333,100.0,0.12500276851771802,2.0,402.0,,False,False,False,False,susceptible-enriched,susceptible-dominant,True,0.999990000099999,0.969999300007,0.3000069999300007,0.999990000099999,0.95,0.9,0.8,0.02,0.35,1.0,1.38,3.0,10.0,5.0,1.0,0.7,100.0,i_hi,i,h_i,10.0,5.0
