initial_fR,initial_H,final_ns,final_nr,final_total,final_fR,delta_fR,final_log_ratio,delta_log_ratio,final_H,delta_H,min_total,peak_loss,peak_loss_time,auc_total,auc_a,auc_b,peak_a,peak_b,time_peak_b,time_to_ss,time_to_recovery,resistant_extinct,susceptible_extinct,community_collapsed,susceptible_recovered,selection_direction,outcome,solver_success,iota,beta,phi,effective_db_iota,alpha,beta_min,xi,d_a,kappa_b,d_b,gamma,h_a,i,h_i,phi_max,c,a0,plane,x_name,y_name,x_value,y_value
0.5,0.6931471805599453,1.6602892577701351,2.4127991766894437,4.073088434459579,0.5923758385102621,0.0923758385102621,0.37379571874810025,0.37379571874810036,0.6759821496127114,-0.017165030947233872,0.0659513728218988,0.835121567945253,8.0,1568.466056905092,42.37472201820181,9.502368402822473,10.000000000000002,0.46329479520865485,6.666666666666666,70.66666666666666,,False,False,False,False,resistant-enriched,mixed,True,0.09090909090909091,0.9063636363636364,0.9363636363636364,0.09090909090909091,0.95,0.9,0.8,0.02,0.35,1.0,1.38,3.0,0.1,1.0,1.0,0.7,10.0,hi_db_i_0.1,h_i,d_b,1.0,1.0
0.5,0.6931471805599453,1.6862525299838056,2.4013773929236026,4.087629922907408,0.5874742670480245,0.08747426704802452,0.35353385754682976,0.35353385754682987,0.67776464840027,-0.015382532159675333,0.07625610867615865,0.8093597283096035,8.0,1579.9043888929937,39.19507032862544,18.541853393972815,10.0,0.5808600049346534,9.333333333333332,121.33333333333333,,False,False,False,False,resistant-enriched,mixed,True,0.04435701794430148,0.9031049912561011,0.9689500874389889,0.04435701794430148,0.95,0.9,0.8,0.02,0.35,1.0,1.38,3.0,0.1,1.3333333333333333,1.0,0.7,10.0,hi_db_i_0.1,h_i,d_b,1.3333333333333333,1.0
0.5,0.6931471805599453,1.696522521594132,2.3974957933187353,4.0940183149128675,0.5856094450251039,0.08560944502510393,0.34584419268019867,0.34584419268019867,0.6784167546049961,-0.014730425954949222,0.08367618523629622,0.7908095369092595,6.666666666666666,1584.806987106433,37.84042474361694,38.142296600895804,10.0,0.6764914428984774,10.666666666666666,214.66666666666666,,False,False,False,False,resistant-enriched,mixed,True,0.021089977117186395,0.9014762983982031,0.9852370160179695,0.021089977117186395,0.95,0.9,0.8,0.02,0.35,1.0,1.38,3.0,0.1,1.6666666666666665,1.0,0.7,10.0,hi_db_i_0.1,h_i,d_b,1.6666666666666665,1.0
0.5,0.6931471805599453,1.7009416872988565,2.395964015070655,4.0969057023695115,0.5848228368265618,0.08482283682656178,0.34260362998586846,0.34260362998586824,0.6786875238384653,-0.014459656721479974,0.08509495465346559,0.7872626133663361,6.666666666666666,1586.9773369874467,37.23440910556336,78.869090110359,10.0,0.7309699203232484,12.0,374.66666666666663,,False,False,False,False,resistant-enriched,mixed,True,0.009900990099009903,0.9006930693069307,0.9930693069306931,0.009900990099009903,0.95,0.9,0.8,0.02,0.35,1.0,1.38,3.0,0.1,2.0,1.0,0.7,10.0,hi_db_i_0.1,h_i,d_b,2.0,1.0
0.5,0.6931471805599453,1.7029217531612713,2.3953081407979786,4.09822989395925,0.5844738345031935,0.08447383450319346,0.3411664284730024,0.34116642847300216,0.6788068424978211,-0.014340338062124203,0.08580827952424788,0.7854793011893804,6.666666666666666,1587.954927705232,36.957720744232745,144.15105821063185,10.0,0.7612049021361127,12.0,,,False,False,False,False,resistant-enriched,mixed,True,0.004620144024698061,0.9003234100817289,0.9967658991827114,0.004620144024698061,0.95,0.9,0.8,0.02,0.35,1.0,1.38,3.0,0.1,2.333333333333333,1.0,0.7,10.0,hi_db_i_0.1,h_i,d_b,2.333333333333333,1.0
0.5,0.6931471805599453,1.7038255014799504,2.3950150282344036,4.098840529714354,0.5843152498546488,0.08431524985464878,0.34051348775152457,0.34051348775152457,0.6788608944818373,-0.014286286078108001,0.08615224574274018,0.7846193856431496,6.666666666666666,1588.4032354505653,36.83025864133785,211.139575504691,10.0,0.7759019971784636,12.0,,,False,False,False,False,resistant-enriched,mixed,True,0.002149803079700241,0.900150486215579,0.9984951378442098,0.002149803079700241,0.95,0.9,0.8,0.02,0.35,1.0,1.38,3.0,0.1,2.6666666666666665,1.0,0.7,10.0,hi_db_i_0.1,h_i,d_b,2.6666666666666665,1.0
0.5,0.6931471805599453,1.7042419048066701,2.394881614880744,4.099123519687414,0.5842423638562055,0.08424236385620554,0.3402134182826905,0.3402134182826903,0.678885702211852,-0.014261478348093326,0.08631479569255873,0.7842130107686032,6.666666666666666,1588.6104920185228,36.77130128815493,258.8279707676855,10.0,0.7828735840009302,12.0,,,False,False,False,False,resistant-enriched,mixed,True,0.0009990009990009994,0.9000699300699301,0.9993006993006993,0.0009990009990009994,0.95,0.9,0.8,0.02,0.35,1.0,1.38,3.0,0.1,3.0,1.0,0.7,10.0,hi_db_i_0.1,h_i,d_b,3.0,1.0
0.5,0.6931471805599453,1.704434496670343,2.394820221498635,4.099254718168979,0.584208688199872,0.08420868819987204,0.3400747817404736,0.34007478174047373,0.6788971567876587,-0.014250023772286569,0.08639088079847633,0.7840227980038093,6.666666666666666,1588.7065096332062,36.74397969472589,286.1997591694704,10.0,0.7864906197936813,13.333333333333332,,,False,False,False,False,resistant-enriched,mixed,True,0.0004639435398458807,0.9000324760477892,0.9996752395221079,0.0004639435398458807,0.95,0.9,0.8,0.02,0.35,1.0,1.38,3.0,0.1,3.333333333333333,1.0,0.7,10.0,hi_db_i_0.1,h_i,d_b,3.333333333333333,1.0
0.5,0.6931471805599453,1.7045237425457163,2.3947918394630108,4.099315582008727,0.584193090664546,0.08419309066454606,0.34001057062594936,0.3400105706259496,0.6789024606153119,-0.014244719944633388,0.08642633468396882,0.7839341632900779,6.666666666666666,1588.7510396630664,36.73130758624762,300.26362559853766,9.999999999999998,0.7882609059477361,13.333333333333332,17.333333333333332,,False,False,False,False,resistant-enriched,mixed,True,0.00021539706311269837,0.9000150777944179,0.9998492220558212,0.00021539706311269837,0.95,0.9,0.8,0.02,0.35,1.0,1.38,3.0,0.1,3.6666666666666665,1.0,0.7,10.0,hi_db_i_0.1,h_i,d_b,3.6666666666666665,1.0
0.5,0.6931471805599453,1.7045651350994164,2.394778690275845,4.099343825375262,0.5841858581005028,0.08418585810050283,0.3399807962216335,0.3399807962216335,0.6789049196558665,-0.014242260904078763,0.08644282084482174,0.7838929478879456,6.666666666666666,1588.7717008026416,36.72542774839978,307.11135594797196,10.0,0.7890846370204034,13.333333333333332,17.333333333333332,,False,False,False,False,resistant-enriched,mixed,True,9.999000099990003e-05,0.90000699930007,0.9999300069993001,9.999000099990003e-05,0.95,0.9,0.8,0.02,0.35,1.0,1.38,3.0,0.1,4.0,1.0,0.7,10.0,hi_db_i_0.1,h_i,d_b,4.0,1.0
0.5,0.6931471805599453,1.704584340992828,2.394772592259517,4.099356933252345,0.5841825025857297,0.08418250258572968,0.33996698257458846,0.33996698257458846,0.6789060604432748,-0.014241120116670447,0.08645047950280141,0.7838738012429964,6.666666666666666,1588.781289178176,36.72269900737831,310.36160681263533,10.000000000000002,0.7894674188728366,13.333333333333332,17.333333333333332,,False,False,False,False,resistant-enriched,mixed,True,4.641373400143315e-05,0.9000032489613802,0.999967510386199,4.641373400143315e-05,0.95,0.9,0.8,0.02,0.35,1.0,1.38,3.0,0.1,4.333333333333333,1.0,0.7,10.0,hi_db_i_0.1,h_i,d_b,4.333333333333333,1.0
0.5,0.6931471805599453,1.7045932541081568,2.3947697629513756,4.099363017059533,0.5841809454262825,0.08418094542628252,0.3399605722274945,0.3399605722274945,0.6789065898210827,-0.014240590738862635,0.08645403572994229,0.7838649106751443,6.666666666666666,1588.7857393485465,36.72143253231042,311.8860159373804,10.000000000000002,0.7896451853024891,13.333333333333332,17.333333333333332,,False,False,False,False,resistant-enriched,mixed,True,2.1543882751435294e-05,0.9000015080717926,0.999984919282074,2.1543882751435294e-05,0.95,0.9,0.8,0.02,0.35,1.0,1.38,3.0,0.1,4.666666666666666,1.0,0.7,10.0,hi_db_i_0.1,h_i,d_b,4.666666666666666,1.0
0.5,0.6931471805599453,1.7045973908929626,2.394768449948573,4.099365840841536,0.5841802227285391,0.08418022272853909,0.3399575971052435,0.3399575971052435,0.678906835508746,-0.01424034505119931,0.08645568668460947,0.7838607832884763,6.666666666666666,1588.787804857439,36.72084470697742,312.5970148910346,10.0,0.7897277176099454,13.333333333333332,17.333333333333332,,False,False,False,False,resistant-enriched,mixed,True,9.999900000999992e-06,0.9000006999930001,0.9999930000699992,9.999900000999992e-06,0.95,0.9,0.8,0.02,0.35,1.0,1.38,3.0,0.1,5.0,1.0,0.7,10.0,hi_db_i_0.1,h_i,d_b,5.0,1.0
0.5,0.6931471805599453,1.5685914045347558,2.481595301039736,4.050186705574491,0.6127113344242086,0.11271133442420855,0.4587235978415013,0.4587235978415014,0.667519810355951,-0.025627370203994304,0.05459628398336046,0.8635092900415988,9.333333333333332,1550.5594162555897,46.70690633935446,5.88568844792294,10.000000000000002,0.37193227155990866,5.333333333333333,49.33333333333333,,False,False,False,False,resistant-enriched,mixed,True,0.09090909090909091,0.9063636363636364,0.9363636363636364,0.1590909090909091,0.95,0.9,0.8,0.02,0.35,1.75,1.38,3.0,0.1,1.0,1.0,0.7,10.0,hi_db_i_0.1,h_i,d_b,1.0,1.75
0.5,0.6931471805599453,1.6515181360740305,2.4265416150711228,4.078059751145153,0.5950235560893216,0.09502355608932156,0.3847720925965648,0.3847720925965649,0.6749779179299138,-0.01816926263003149,0.07078815057346474,0.8230296235663381,8.0,1573.129416129752,40.768658481249844,10.969556378790458,10.0,0.49086360795449185,6.666666666666666,78.66666666666666,,False,False,False,False,resistant-enriched,mixed,True,0.04435701794430148,0.9031049912561011,0.9689500874389889,0.0776247814025276,0.95,0.9,0.8,0.02,0.35,1.75,1.38,3.0,0.1,1.3333333333333333,1.0,0.7,10.0,hi_db_i_0.1,h_i,d_b,1.3333333333333333,1.75
0.5,0.6931471805599453,1.6818187975583054,2.4080722997232185,4.089891097281524,0.5887864107980333,0.08878641079803329,0.3589507263962496,0.3589507263962496,0.6772972078688968,-0.015849972691048486,0.0799689070926508,0.800077732268373,8.0,1581.9107196031264,38.497126627649685,22.13467434982795,10.0,0.6094337142848398,10.666666666666666,140.0,,False,False,False,False,resistant-enriched,mixed,True,0.021089977117186395,0.9014762983982031,0.9852370160179695,0.03690745995507619,0.95,0.9,0.8,0.02,0.35,1.75,1.38,3.0,0.1,1.6666666666666665,1.0,0.7,10.0,hi_db_i_0.1,h_i,d_b,1.6666666666666665,1.75
0.5,0.6931471805599453,1.694395316536497,2.400662660328288,4.095057976864785,0.5862341080128634,0.08623410801286335,0.34841887593565457,0.34841887593565435,0.6781999144429285,-0.0149472661170168,0.08454186839638211,0.7886453290090447,6.666666666666666,1585.712573884512,37.524988580501656,46.24335349208737,10.0,0.6945972344669885,10.666666666666666,248.0,,False,False,False,False,resistant-enriched,mixed,True,0.009900990099009903,0.9006930693069307,0.9930693069306931,0.017326732673267328,0.95,0.9,0.8,0.02,0.35,1.75,1.38,3.0,0.1,2.0,1.0,0.7,10.0,hi_db_i_0.1,h_i,d_b,2.0,1.75
0.5,0.6931471805599453,1.6999404041502497,2.397445960006852,4.097386364157102,0.5851159121773583,0.08511591217735825,0.343810793312821,0.3438107933128208,0.6785869382705636,-0.014560242289381686,0.08553168287416171,0.7861707928145958,6.666666666666666,1587.385023104081,37.089674691232645,94.39365518792913,10.0,0.741322926305007,12.0,,,False,False,False,False,resistant-enriched,mixed,True,0.004620144024698061,0.9003234100817289,0.9967658991827114,0.008085252043221606,0.95,0.9,0.8,0.02,0.35,1.75,1.38,3.0,0.1,2.333333333333333,1.0,0.7,10.0,hi_db_i_0.1,h_i,d_b,2.333333333333333,1.75
0.5,0.6931471805599453,1.7024542879198723,2.3959989779263475,4.09845326584622,0.5846105402477094,0.08461054024770942,0.3417293449707117,0.3417293449707117,0.6787601646108637,-0.014387015949081539,0.0860192668932562,0.7849518327668595,6.666666666666666,1588.142317502104,36.89089040843618,163.2421570076503,10.0,0.7663308572379018,12.0,,,False,False,False,False,resistant-enriched,mixed,True,0.002149803079700241,0.900150486215579,0.9984951378442098,0.003762155389475421,0.95,0.9,0.8,0.02,0.35,1.75,1.38,3.0,0.1,2.6666666666666665,1.0,0.7,10.0,hi_db_i_0.1,h_i,d_b,2.6666666666666665,1.75
0.5,0.6931471805599453,1.7036079029693219,2.3953362414751465,4.098944144444468,0.5843788441766599,0.08437884417665986,0.3407753160710407,0.3407753160710405,0.6788392314321122,-0.014307949127833064,0.08625204893775915,0.7843698776556022,6.666666666666666,1588.489885238726,36.79931265806401,226.25762184224533,10.0,0.7783545833565726,12.0,,,False,False,False,False,resistant-enriched,mixed,True,0.0009990009990009994,0.9000699300699301,0.9993006993006993,0.001748251748251749,0.95,0.9,0.8,0.02,0.35,1.75,1.38,3.0,0.1,3.0,1.0,0.7,10.0,hi_db_i_0.1,h_i,d_b,3.0,1.75
0.5,0.6931471805599453,1.7041407732356333,2.395030830077695,4.099171603313328,0.5842719119496754,0.08427191194967543,0.34033506506780564,0.34033506506780575,0.6788756477567597,-0.014271532803185605,0.08636153237015767,0.7840961690746058,6.666666666666666,1588.6506541262113,36.75695323885299,267.9778115537578,10.0,0.7840310006137692,13.333333333333332,,,False,False,False,False,resistant-enriched,mixed,True,0.0004639435398458807,0.9000324760477892,0.9996752395221079,0.0008119011947302912,0.95,0.9,0.8,0.02,0.35,1.75,1.38,3.0,0.1,3.333333333333333,1.0,0.7,10.0,hi_db_i_0.1,h_i,d_b,3.333333333333333,1.75
0.5,0.6931471805599453,1.7043875273575697,2.3948895071401726,4.099277034497742,0.5842224097043988,0.08422240970439876,0.3401312702840389,0.3401312702840391,0.6788924900624483,-0.014254690497496947,0.08641266374652262,0.7839683406336935,6.666666666666666,1588.725140146292,36.73732331313008,291.02097996196756,9.999999999999998,0.787114458931308,13.333333333333332,,,False,False,False,False,resistant-enriched,mixed,True,0.00021539706311269837,0.9000150777944179,0.9998492220558212,0.00037694486044722214,0.95,0.9,0.8,0.02,0.35,1.75,1.38,3.0,0.1,3.6666666666666665,1.0,0.7,10.0,hi_db_i_0.1,h_i,d_b,3.6666666666666665,1.75
0.5,0.6931471805599453,1.7045019352562085,2.3948240046248497,4.099325939881059,0.5841994610202513,0.08419946102025133,0.3400367956879796,0.3400367956879796,0.678900294543502,-0.014246886016443305,0.08643646485097453,0.7839088378725637,6.666666666666666,1588.7596849144852,36.72821869739598,302.63894789508527,10.0,0.7885514674378342,13.333333333333332,17.333333333333332,,False,False,False,False,resistant-enriched,mixed,True,9.999000099990003e-05,0.90000699930007,0.9999300069993001,0.00017498250174982505,0.95,0.9,0.8,0.02,0.35,1.75,1.38,3.0,0.1,4.0,1.0,0.7,10.0,hi_db_i_0.1,h_i,d_b,4.0,1.75
0.5,0.6931471805599453,1.7045550117462356,2.3947936212312073,4.099348632977443,0.5841888152586374,0.08418881525863742,0.33999296998061185,0.33999296998061185,0.6789039142608896,-0.014243266299055701,0.08644752704462343,0.7838811823884415,6.666666666666666,1588.7757130966615,36.72399417032268,308.2450092497461,10.000000000000002,0.7892197199298348,13.333333333333332,17.333333333333332,,False,False,False,False,resistant-enriched,mixed,True,4.641373400143315e-05,0.9000032489613802,0.999967510386199,8.122403450250802e-05,0.95,0.9,0.8,0.02,0.35,1.75,1.38,3.0,0.1,4.333333333333333,1.0,0.7,10.0,hi_db_i_0.1,h_i,d_b,4.333333333333333,1.75
0.5,0.6931471805599453,1.7045796418673689,2.394779522855358,4.099359164722727,0.5841838752417139,0.08418387524171389,0.3399726333833412,0.3399726333833412,0.6789055937816835,-0.014241586778261817,0.08645266483143255,0.7838683379214186,6.666666666666666,1588.7831514186419,36.72203363320102,310.89466572113656,10.000000000000002,0.7895301654421732,13.333333333333332,17.333333333333332,,False,False,False,False,resistant-enriched,mixed,True,2.1543882751435294e-05,0.9000015080717926,0.999984919282074,3.7701794815011764e-05,0.95,0.9,0.8,0.02,0.35,1.75,1.38,3.0,0.1,4.666666666666666,1.0,0.7,10.0,hi_db_i_0.1,h_i,d_b,4.666666666666666,1.75
0.5,0.6931471805599453,1.7045910729066822,2.3947729799052757,4.099364052811958,0.5841815825707359,0.08418158257073594,0.3399631951546461,0.3399631951546461,0.678906373216254,-0.014240807343691264,0.08645505026456364,0.7838623743385909,6.666666666666666,1588.786603702299,36.721123700270965,312.1349354174836,10.0,0.7896743197331365,13.333333333333332,17.333333333333332,,False,False,False,False,resistant-enriched,mixed,True,9.999900000999992e-06,0.9000006999930001,0.9999930000699992,1.7499825001749987e-05,0.95,0.9,0.8,0.02,0.35,1.75,1.38,3.0,0.1,5.0,1.0,0.7,10.0,hi_db_i_0.1,h_i,d_b,5.0,1.75
0.5,0.6931471805599453,1.4521641860447108,2.575865065003082,4.028029251047792,0.6394851934933278,0.13948519349332777,0.5731304394735732,0.5731304394735733,0.6537138209763356,-0.03943335958360972,0.043696455124558595,0.8907588621886036,10.666666666666666,1529.8683699106773,52.267501143258684,4.452792291484651,10.000000000000002,0.31471323067473783,4.0,41.33333333333333,,False,False,False,False,resistant-enriched,mixed,True,0.09090909090909091,0.9063636363636364,0.9363636363636364,0.2272727272727273,0.95,0.9,0.8,0.02,0.35,2.5,1.38,3.0,0.1,1.0,1.0,0.7,10.0,hi_db_i_0.1,h_i,d_b,1.0,2.5
0.5,0.6931471805599453,1.6123801154873492,2.455396011503211,4.067776126990561,0.6036212256645925,0.10362122566459253,0.42057663644634424,0.42057663644634435,0.6715160392584791,-0.02163114130146615,0.0668542178034185,0.8328644554914537,8.0,1565.5937132274369,42.51920762455546,7.966569044767379,10.0,0.4321693345447993,6.666666666666666,61.33333333333333,,False,False,False,False,resistant-enriched,mixed,True,0.04435701794430148,0.9031049912561011,0.9689500874389889,0.1108925448607537,0.95,0.9,0.8,0.02,0.35,2.5,1.38,3.0,0.1,1.3333333333333333,1.0,0.7,10.0,hi_db_i_0.1,h_i,d_b,1.3333333333333333,2.5
0.5,0.6931471805599453,1.6662821436839632,2.4193068464232956,4.085588990107259,0.5921561988446081,0.09215619884460813,0.37288618868485957,0.37288618868485957,0.6760641500921667,-0.017083030467778593,0.07672272798051333,0.8081931800487167,8.0,1578.8988008944907,39.18552568797299,15.740295751457547,10.0,0.5558326818224063,9.333333333333332,106.66666666666666,,False,False,False,False,resistant-enriched,mixed,True,0.021089977117186395,0.9014762983982031,0.9852370160179695,0.05272494279296599,0.95,0.9,0.8,0.02,0.35,2.5,1.38,3.0,0.1,1.6666666666666665,1.0,0.7,10.0,hi_db_i_0.1,h_i,d_b,1.6666666666666665,2.5
0.5,0.6931471805599453,1.6876819904971272,2.405492427559624,4.093174418056751,0.5876838321250037,0.08768383212500375,0.3543986500129409,0.3543986500129407,0.6776904694373362,-0.015456711122609046,0.08402038051144717,0.789949048721382,6.666666666666666,1584.4077298787165,37.821829684188884,32.62906723729997,10.0,0.6612299384417365,10.666666666666666,189.33333333333331,,False,False,False,False,resistant-enriched,mixed,True,0.009900990099009903,0.9006930693069307,0.9930693069306931,0.024752475247524757,0.95,0.9,0.8,0.02,0.35,2.5,1.38,3.0,0.1,2.0,1.0,0.7,10.0,hi_db_i_0.1,h_i,d_b,2.0,2.5
0.5,0.6931471805599453,1.6969244858527077,2.3996113069215785,4.0965357927742865,0.5857659808939435,0.0857659808939435,0.34648928213996877,0.34648928213996855,0.6783625670949225,-0.0147846134650228,0.08526271667503368,0.7868432083124158,6.666666666666666,1586.8077015329466,37.22292789532091,68.37590361408381,10.0,0.7223202295731062,10.666666666666666,334.66666666666663,,False,False,False,False,resistant-enriched,mixed,True,0.004620144024698061,0.9003234100817289,0.9967658991827114,0.011550360061745153,0.95,0.9,0.8,0.02,0.35,2.5,1.38,3.0,0.1,2.333333333333333,1.0,0.7,10.0,hi_db_i_0.1,h_i,d_b,2.333333333333333,2.5
0.5,0.6931471805599453,1.701075157930622,2.396987977427069,4.098063135357691,0.5849075278382339,0.08490752783823385,0.342952442770562,0.342952442770562,0.6786584936199314,-0.014488686940013928,0.08588802224987188,0.7852799443753203,6.666666666666666,1587.8794836271986,36.95179726936364,130.12423778805783,10.0,0.7569129600832853,12.0,,,False,False,False,False,resistant-enriched,mixed,True,0.002149803079700241,0.900150486215579,0.9984951378442098,0.0053745076992506025,0.95,0.9,0.8,0.02,0.35,2.5,1.38,3.0,0.1,2.6666666666666665,1.0,0.7,10.0,hi_db_i_0.1,h_i,d_b,2.6666666666666665,2.5
0.5,0.6931471805599453,1.7029723111155954,2.3957920851953833,4.098764396310979,0.5845156865692681,0.08451568656926811,0.34133875803158464,0.3413387580315844,0.6787925603717577,-0.014354620188187561,0.08618968526072981,0.7845257868481754,6.666666666666666,1588.3689813831654,36.82738282783211,199.21183765572835,10.0,0.7738694489740793,12.0,,,False,False,False,False,resistant-enriched,mixed,True,0.0009990009990009994,0.9000699300699301,0.9993006993006993,0.002497502497502499,0.95,0.9,0.8,0.02,0.35,2.5,1.38,3.0,0.1,3.0,1.0,0.7,10.0,hi_db_i_0.1,h_i,d_b,3.0,2.5
0.5,0.6931471805599453,1.7038467091693121,2.3952417009332088,4.099088410102521,0.5843352134171954,0.08433521341719541,0.3405956797880733,0.3405956797880734,0.6788540957991056,-0.01429308476083968,0.08633226743948456,0.7841693314012886,6.666666666666666,1588.5947374643617,36.7699394045939,251.31268955919526,10.0,0.7819213175013963,12.0,,,False,False,False,False,resistant-enriched,mixed,True,0.0004639435398458807,0.9000324760477892,0.9996752395221079,0.0011598588496147017,0.95,0.9,0.8,0.02,0.35,2.5,1.38,3.0,0.1,3.333333333333333,1.0,0.7,10.0,hi_db_i_0.1,h_i,d_b,3.333333333333333,2.5
0.5,0.6931471805599453,1.704251238734247,2.3949872310069975,4.099238469741245,0.5842517454609504,0.08425174546095038,0.3402520412170069,0.34025204121700714,0.6788825102828604,-0.01426467027708489,0.0863990108956582,0.7840024727608546,6.666666666666666,1588.6992275269763,36.7433417546343,282.15930189412865,9.999999999999998,0.7859701304647799,13.333333333333332,,,False,False,False,False,resistant-enriched,mixed,True,0.00021539706311269837,0.9000150777944179,0.9998492220558212,0.000538492657781746,0.95,0.9,0.8,0.02,0.35,2.5,1.38,3.0,0.1,3.6666666666666665,1.0,0.7,10.0,hi_db_i_0.1,h_i,d_b,3.6666666666666665,2.5
0.5,0.6931471805599453,1.7044387196019994,2.39486933106795,4.099308050669949,0.5842130675386927,0.08421306753869273,0.34009281049745393,0.34009281049745393,0.678895667445488,-0.01425151311445727,0.0864301127635683,0.7839247180910793,6.666666666666666,1588.747666223555,36.73101023077864,298.25367803130837,10.0,0.7880187553886927,13.333333333333332,17.333333333333332,,False,False,False,False,resistant-enriched,mixed,True,9.999000099990003e-05,0.90000699930007,0.9999300069993001,0.00024997500249975007,0.95,0.9,0.8,0.02,0.35,2.5,1.38,3.0,0.1,4.0,1.0,0.7,10.0,hi_db_i_0.1,h_i,d_b,4.0,2.5
0.5,0.6931471805599453,1.704525679094627,2.3948146528077245,4.099340331902352,0.5841951287065692,0.0841951287065692,0.34001896069091453,0.34001896069091453,0.678901767650931,-0.014245412909014266,0.08644457542903597,0.78388856142741,6.666666666666666,1588.7701364135828,36.7252894591184,306.1477177088439,10.000000000000002,0.7889721196702322,13.333333333333332,17.333333333333332,,False,False,False,False,resistant-enriched,mixed,True,4.641373400143315e-05,0.9000032489613802,0.999967510386199,0.00011603433500358288,0.95,0.9,0.8,0.02,0.35,2.5,1.38,3.0,0.1,4.333333333333333,1.0,0.7,10.0,hi_db_i_0.1,h_i,d_b,4.333333333333333,2.5
0.5,0.6931471805599453,1.7045660288930515,2.3947892833206015,4.099355312213653,0.5841868052241157,0.0841868052241157,0.3399846952510494,0.3399846952510494,0.6789045976501801,-0.014242582909765211,0.08645129411457692,0.7838717647135577,6.666666666666666,1588.7805633593782,36.72263476120934,309.9075291359188,10.000000000000002,0.7894151668535915,13.333333333333332,17.333333333333332,,False,False,False,False,resistant-enriched,mixed,True,2.1543882751435294e-05,0.9000015080717926,0.999984919282074,5.3859706878588237e-05,0.95,0.9,0.8,0.02,0.35,2.5,1.38,3.0,0.1,4.666666666666666,1.0,0.7,10.0,hi_db_i_0.1,h_i,d_b,4.666666666666666,2.5
0.5,0.6931471805599453,1.7045847547624533,2.394777509982713,4.099362264745166,0.5841829424488744,0.08418294244887436,0.3399687933572852,0.3399687933572852,0.6789059109039306,-0.014241269656014688,0.08645441388363484,0.783863965290913,6.666666666666666,1588.785402519282,36.72140269939764,311.67376863295624,10.0,0.7896209264403441,13.333333333333332,17.333333333333332,,False,False,False,False,resistant-enriched,mixed,True,9.999900000999992e-06,0.9000006999930001,0.9999930000699992,2.499975000249998e-05,0.95,0.9,0.8,0.02,0.35,2.5,1.38,3.0,0.1,5.0,1.0,0.7,10.0,hi_db_i_0.1,h_i,d_b,5.0,2.5
0.5,0.6931471805599453,1.3107949026562322,2.7007958912157535,4.011590793871986,0.6732481028078505,0.17324810280785052,0.7229127549895186,0.7229127549895187,0.6318544794524886,-0.06129270110745666,0.03253430715284533,0.9186642321178866,13.333333333333332,1507.6513126137997,59.33958405099101,3.6400740991207883,10.000000000000002,0.27517728332196795,4.0,41.33333333333333,,False,False,False,False,resistant-enriched,mixed,True,0.09090909090909091,0.9063636363636364,0.9363636363636364,0.29545454545454547,0.95,0.9,0.8,0.02,0.35,3.25,1.38,3.0,0.1,1.0,1.0,0.7,10.0,hi_db_i_0.1,h_i,d_b,1.0,3.25
0.5,0.6931471805599453,1.5684406429994726,2.48857757622829,4.057018219227762,0.6134006410013069,0.11340064100130687,0.46162938795185965,0.46162938795185976,0.6672026077824402,-0.02594457277750506,0.060965379695085725,0.8475865507622857,9.333333333333332,1557.3420888733567,44.4714948571114,6.3659596984765665,10.0,0.3902088182658368,5.333333333333333,52.0,,False,False,False,False,resistant-enriched,mixed,True,0.04435701794430148,0.9031049912561011,0.9689500874389889,0.14416030831897983,0.95,0.9,0.8,0.02,0.35,3.25,1.38,3.0,0.1,1.3333333333333333,1.0,0.7,10.0,hi_db_i_0.1,h_i,d_b,1.3333333333333333,3.25
0.5,0.6931471805599453,1.6498650789764089,2.431250255538314,4.081115334514723,0.595731817470777,0.09573181747077697,0.3877121192385605,0.3877121192385605,0.674704357659718,-0.01844282290022725,0.07396874352821066,0.8150781411794734,8.0,1575.780456964562,39.9076270555411,12.306604104454555,10.0,0.5140128670382922,8.0,86.66666666666666,,False,False,False,False,resistant-enriched,mixed,True,0.021089977117186395,0.9014762983982031,0.9852370160179695,0.06854242563085579,0.95,0.9,0.8,0.02,0.35,3.25,1.38,3.0,0.1,1.6666666666666665,1.0,0.7,10.0,hi_db_i_0.1,h_i,d_b,1.6666666666666665,3.25
0.5,0.6931471805599453,1.6807953703701097,2.410456078663397,4.091251449033507,0.5891732905423911,0.08917329054239109,0.36054885773238726,0.36054885773238704,0.6771580279759637,-0.015989152583981592,0.08218663357988043,0.7945334160502989,8.0,1583.0639653960548,38.12511714778376,25.27929642041585,10.0,0.6296819750750926,10.666666666666666,154.66666666666666,,False,False,False,False,resistant-enriched,mixed,True,0.009900990099009903,0.9006930693069307,0.9930693069306931,0.032178217821782186,0.95,0.9,0.8,0.02,0.35,3.25,1.38,3.0,0.1,2.0,1.0,0.7,10.0,hi_db_i_0.1,h_i,d_b,2.0,3.25
0.5,0.6931471805599453,1.693873551375229,2.4018047944250864,4.095678345800316,0.5864241748593082,0.0864241748593082,0.34920250397556496,0.34920250397556474,0.6781336170967618,-0.015013563463183499,0.08500108910949697,0.7874972772262576,6.666666666666666,1586.22247317258,37.357497975515244,53.17345492979247,10.0,0.7058039532724175,10.666666666666666,276.0,,False,False,False,False,resistant-enriched,mixed,True,0.004620144024698061,0.9003234100817289,0.9967658991827114,0.015015468080268699,0.95,0.9,0.8,0.02,0.35,3.25,1.38,3.0,0.1,2.333333333333333,1.0,0.7,10.0,hi_db_i_0.1,h_i,d_b,2.333333333333333,3.25
0.5,0.6931471805599453,1.699688716203222,2.3979828161506638,4.0976715323538855,0.5852062072855204,0.08520620728552042,0.3441827644907524,0.3441827644907524,0.6785558770443825,-0.014591303515562815,0.08575848374464018,0.7856037906383996,6.666666666666666,1587.6152056867456,37.01298054830586,106.61866711386645,10.0,0.7476455868097924,12.0,,,False,False,False,False,resistant-enriched,mixed,True,0.002149803079700241,0.900150486215579,0.9984951378442098,0.006986860009025783,0.95,0.9,0.8,0.02,0.35,3.25,1.38,3.0,0.1,2.6666666666666665,1.0,0.7,10.0,hi_db_i_0.1,h_i,d_b,2.6666666666666665,3.25
0.5,0.6931471805599453,1.702335177075252,2.3962492207797514,4.098584397855003,0.5846528918701369,0.08465289187013691,0.3419037481301448,0.34190374813014457,0.6787456881255629,-0.01440149243438238,0.08612770175957599,0.78468074560106,6.666666666666666,1588.2478205715267,36.85551195647757,176.63282775237195,10.0,0.7694178955085276,12.0,,,False,False,False,False,resistant-enriched,mixed,True,0.0009990009990009994,0.9000699300699301,0.9993006993006993,0.0032467532467532483,0.95,0.9,0.8,0.02,0.35,3.25,1.38,3.0,0.1,3.0,1.0,0.7,10.0,hi_db_i_0.1,h_i,d_b,3.0,3.25
0.5,0.6931471805599453,1.7035523019758023,2.395452831777244,4.099005133753046,0.5843985927346154,0.08439859273461536,0.3408566264973021,0.3408566264973022,0.678832500808153,-0.014314679751792236,0.08630308571172768,0.7842422857206808,6.666666666666666,1588.538757192464,36.782938208122765,236.0545216840527,10.0,0.7798217758566344,12.0,,,False,False,False,False,resistant-enriched,mixed,True,0.0004639435398458807,0.9000324760477892,0.9996752395221079,0.0015078165044991123,0.95,0.9,0.8,0.02,0.35,3.25,1.38,3.0,0.1,3.333333333333333,1.0,0.7,10.0,hi_db_i_0.1,h_i,d_b,3.333333333333333,3.25
0.5,0.6931471805599453,1.7041148766290197,2.3950850111057442,4.099199887734764,0.5842810979459893,0.08428109794598926,0.3403728834785416,0.34037288347854183,0.6788725212664067,-0.01427465929353855,0.08638537610171867,0.7840365597457033,6.666666666666666,1588.6733017353124,36.74936291236172,273.66091100160315,9.999999999999998,0.7848279168395416,13.333333333333332,,,False,False,False,False,resistant-enriched,mixed,True,0.00021539706311269837,0.9000150777944179,0.9998492220558212,0.0007000404551162697,0.95,0.9,0.8,0.02,0.35,3.25,1.38,3.0,0.1,3.6666666666666665,1.0,0.7,10.0,hi_db_i_0.1,h_i,d_b,3.6666666666666665,3.25
0.5,0.6931471805599453,1.7043754881332915,2.3949146696108525,4.099290157744144,0.5842266776569883,0.08422667765698832,0.34014884065535295,0.34014884065535295,0.6788910383608178,-0.01425614219912752,0.08642376457961053,0.7839405885509737,6.666666666666666,1588.7356447238978,36.733802348704124,293.9536246257642,10.0,0.7874865005009621,13.333333333333332,,,False,False,False,False,resistant-enriched,mixed,True,9.999000099990003e-05,0.90000699930007,0.9999300069993001,0.0003249675032496751,0.95,0.9,0.8,0.02,0.35,3.25,1.38,3.0,0.1,4.0,1.0,0.7,10.0,hi_db_i_0.1,h_i,d_b,4.0,3.25
0.5,0.6931471805599453,1.704496343037533,2.394835686989607,4.09933203002714,0.5842014429296549,0.08420144292965492,0.3400449547060824,0.3400449547060824,0.6788996206132938,-0.0142475599466515,0.08644162465575216,0.7838959383606197,6.666666666666666,1588.7645591282858,36.7265848737877,304.0695315856144,10.000000000000002,0.7887246180567427,13.333333333333332,17.333333333333332,,False,False,False,False,resistant-enriched,mixed,True,4.641373400143315e-05,0.9000032489613802,0.999967510386199,0.00015084463550465774,0.95,0.9,0.8,0.02,0.35,3.25,1.38,3.0,0.1,4.333333333333333,1.0,0.7,10.0,hi_db_i_0.1,h_i,d_b,4.333333333333333,3.25
0.5,0.6931471805599453,1.7045524151852542,2.394799044346903,4.099351459532157,0.5841897353734613,0.0841897353734613,0.3399967578305135,0.3399967578305135,0.6789036014265752,-0.014243579133370043,0.08644992357930922,0.783875191051727,6.666666666666666,1588.777975170643,36.723235916324896,308.9245860234522,10.000000000000002,0.7893001895330923,13.333333333333332,17.333333333333332,,False,False,False,False,resistant-enriched,mixed,True,2.1543882751435294e-05,0.9000015080717926,0.999984919282074,7.001761894216471e-05,0.95,0.9,0.8,0.02,0.35,3.25,1.38,3.0,0.1,4.666666666666666,1.0,0.7,10.0,hi_db_i_0.1,h_i,d_b,4.666666666666666,3.25
0.5,0.6931471805599453,1.7045784364601722,2.394782040181118,4.099360476641291,0.5841843023629928,0.08418430236299279,0.33997439171331967,0.33997439171331967,0.678905448571762,-0.014241731988183237,0.08645377754185583,0.7838655561453605,6.666666666666666,1588.7842013084178,36.721681704368635,311.2135134477321,10.0,0.7895675377311315,13.333333333333332,17.333333333333332,,False,False,False,False,resistant-enriched,mixed,True,9.999900000999992e-06,0.9000006999930001,0.9999930000699992,3.249967500324998e-05,0.95,0.9,0.8,0.02,0.35,3.25,1.38,3.0,0.1,5.0,1.0,0.7,10.0,hi_db_i_0.1,h_i,d_b,5.0,3.25
0.5,0.6931471805599453,1.1495523723929473,2.8539959631903633,4.003548335583311,0.7128666183006231,0.21286661830062314,0.9093474794107631,0.9093474794107632,0.5995649640779604,-0.09358221648198484,0.022631354451522194,0.9434216138711945,16.0,1484.7521492066169,68.02215133319996,3.0678064621850836,10.000000000000002,0.24209912535642522,4.0,42.666666666666664,,False,False,False,False,resistant-enriched,mixed,True,0.09090909090909091,0.9063636363636364,0.9363636363636364,0.36363636363636365,0.95,0.9,0.8,0.02,0.35,4.0,1.38,3.0,0.1,1.0,1.0,0.7,10.0,hi_db_i_0.1,h_i,d_b,1.0,4.0
0.5,0.6931471805599453,1.5194249358390894,2.5267442462419907,4.04616918208108,0.6244781502048814,0.1244781502048814,0.5085996832443257,0.5085996832443258,0.6618292315480275,-0.031317949011917756,0.05574359014277645,0.8606410246430589,9.333333333333332,1548.5127144449334,46.65165728212211,5.3734022165956095,10.0,0.3550641072477873,5.333333333333333,45.33333333333333,,False,False,False,False,resistant-enriched,mixed,True,0.04435701794430148,0.9031049912561011,0.9689500874389889,0.17742807177720593,0.95,0.9,0.8,0.02,0.35,4.0,1.38,3.0,0.1,1.3333333333333333,1.0,0.7,10.0,hi_db_i_0.1,h_i,d_b,1.3333333333333333,4.0
0.5,0.6931471805599453,1.6325225447435083,2.4439572523450397,4.076479797088548,0.5995263987547619,0.09952639875476188,0.4034921582760227,0.4034921582760227,0.6732032285629561,-0.019943951996989173,0.071620048558892,0.82094987860277,8.0,1572.4685724553706,40.66545970478704,10.16806300003571,10.0,0.47975277395636023,6.666666666666666,74.66666666666666,,False,False,False,False,resistant-enriched,mixed,True,0.021089977117186395,0.9014762983982031,0.9852370160179695,0.08435990846874558,0.95,0.9,0.8,0.02,0.35,4.0,1.38,3.0,0.1,1.6666666666666665,1.0,0.7,10.0,hi_db_i_0.1,h_i,d_b,1.6666666666666665,4.0
0.5,0.6931471805599453,1.6737317118899595,2.415559401733881,4.08929111362384,0.5907037025772579,0.0907037025772579,0.3668752050748638,0.3668752050748636,0.6766013996240187,-0.016545780935926624,0.08046546653062772,0.7988363336734308,8.0,1581.6886549330764,38.435042776262094,20.688180993008412,10.0,0.6006705160520448,9.333333333333332,132.0,,False,False,False,False,resistant-enriched,mixed,True,0.009900990099009903,0.9006930693069307,0.9930693069306931,0.03960396039603961,0.95,0.9,0.8,0.02,0.35,4.0,1.38,3.0,0.1,2.0,1.0,0.7,10.0,hi_db_i_0.1,h_i,d_b,2.0,4.0
0.5,0.6931471805599453,1.6907862150265252,2.40402545615437,4.094811671180896,0.5870906037202628,0.08709060372026278,0.35195096895181477,0.35195096895181455,0.677899982714396,-0.015247197845549287,0.08474664118092434,0.7881333970476891,6.666666666666666,1585.6280683051161,37.493399955603856,43.42692234619709,10.0,0.6897245768082212,10.666666666666666,237.33333333333331,,False,False,False,False,resistant-enriched,mixed,True,0.004620144024698061,0.9003234100817289,0.9967658991827114,0.018480576098792244,0.95,0.9,0.8,0.02,0.35,4.0,1.38,3.0,0.1,2.333333333333333,1.0,0.7,10.0,hi_db_i_0.1,h_i,d_b,2.333333333333333,4.0
0.5,0.6931471805599453,1.6982945714389661,2.3989834525104623,4.097278023949428,0.585506631106777,0.08550663110677703,0.3454205319166215,0.3454205319166215,0.6784522904222015,-0.014694890137743832,0.08563062381997462,0.7859234404500635,6.666666666666666,1587.3492334365942,37.07444255303794,89.49265954276093,10.0,0.7385257554648043,12.0,,,False,False,False,False,resistant-enriched,mixed,True,0.002149803079700241,0.900150486215579,0.9984951378442098,0.008599212318800963,0.95,0.9,0.8,0.02,0.35,4.0,1.38,3.0,0.1,2.6666666666666665,1.0,0.7,10.0,hi_db_i_0.1,h_i,d_b,2.6666666666666665,4.0
0.5,0.6931471805599453,1.7016966115022614,2.396707806308159,4.09840441781042,0.5847904603783841,0.08479046037838411,0.3424702881250359,0.34247028812503566,0.6786986139685611,-0.01444856659138416,0.08606609555707362,0.784834761107316,6.666666666666666,1588.1264995323138,36.88370020884564,157.67923437254245,10.0,0.7649996389048549,12.0,,,False,False,False,False,resistant-enriched,mixed,True,0.0009990009990009994,0.9000699300699301,0.9993006993006993,0.003996003996003998,0.95,0.9,0.8,0.02,0.35,4.0,1.38,3.0,0.1,3.0,1.0,0.7,10.0,hi_db_i_0.1,h_i,d_b,3.0,4.0
0.5,0.6931471805599453,1.7032575529917555,2.3956642254406275,4.098921778432383,0.5844620500069264,0.08446205000692641,0.34111790567977435,0.34111790567977446,0.6788108626864152,-0.014336317873530069,0.08627398689332896,0.7843150327666776,6.666666666666666,1588.4827141418082,36.79594966517707,222.06881839347733,10.0,0.7777295591417895,12.0,,,False,False,False,False,resistant-enriched,mixed,True,0.0004639435398458807,0.9000324760477892,0.9996752395221079,0.0018557741593835228,0.95,0.9,0.8,0.02,0.35,4.0,1.38,3.0,0.1,3.333333333333333,1.0,0.7,10.0,hi_db_i_0.1,h_i,d_b,3.333333333333333,4.0
0.5,0.6931471805599453,1.7039784409955052,2.395182847478478,4.099161288473983,0.5843104671712359,0.08431046717123591,0.34049379712206124,0.34049379712206146,0.67886252300296,-0.01428465755698527,0.08637175933503624,0.7840706016624094,6.666666666666666,1588.647362701279,36.755386787876205,265.50900682164036,9.999999999999998,0.7837365632082001,12.0,,,False,False,False,False,resistant-enriched,mixed,True,0.00021539706311269837,0.9000150777944179,0.9998492220558212,0.0008615882524507935,0.95,0.9,0.8,0.02,0.35,4.0,1.38,3.0,0.1,3.6666666666666665,1.0,0.7,10.0,hi_db_i_0.1,h_i,d_b,3.6666666666666665,4.0
0.5,0.6931471805599453,1.704312240845352,2.3949600202579444,4.099272261103296,0.5842402913763416,0.08424029137634159,0.3402048861671465,0.3402048861671465,0.6788864072884695,-0.01426077327147579,0.0864174202961596,0.783956449259601,6.666666666666666,1588.7236204085948,36.7365950513407,289.73692184211995,10.0,0.7869547024028866,13.333333333333332,,,False,False,False,False,resistant-enriched,mixed,True,9.999000099990003e-05,0.90000699930007,0.9999300069993001,0.0003999600039996001,0.95,0.9,0.8,0.02,0.35,4.0,1.38,3.0,0.1,4.0,1.0,0.7,10.0,hi_db_i_0.1,h_i,d_b,4.0,4.0
0.5,0.6931471805599453,1.7044670035756113,2.394856723778886,4.099323727354498,0.5842077579280154,0.08420775792801538,0.34007095202666393,0.34007095202666393,0.678897473147876,-0.014249707412069323,0.08643867472448823,0.7839033131887795,6.666666666666666,1588.7589812410815,36.72788041434894,302.0102157737309,10.000000000000002,0.7884772150521098,13.333333333333332,17.333333333333332,,False,False,False,False,resistant-enriched,mixed,True,4.641373400143315e-05,0.9000032489613802,0.999967510386199,0.0001856549360057326,0.95,0.9,0.8,0.02,0.35,4.0,1.38,3.0,0.1,4.333333333333333,1.0,0.7,10.0,hi_db_i_0.1,h_i,d_b,4.333333333333333,4.0
0.5,0.6931471805599453,1.704538800743914,2.394808805934472,4.099347606678386,0.5841926656897815,0.08419266568978145,0.3400088211218668,0.3400088211218668,0.6789026051108523,-0.014244575449092967,0.08644855322561339,0.7838786169359666,6.666666666666666,1588.7753868524173,36.72383709855716,307.94580782398145,10.000000000000002,0.789185233476907,13.333333333333332,17.333333333333332,,False,False,False,False,resistant-enriched,mixed,True,2.1543882751435294e-05,0.9000015080717926,0.999984919282074,8.617553100574118e-05,0.95,0.9,0.8,0.02,0.35,4.0,1.38,3.0,0.1,4.666666666666666,1.0,0.7,10.0,hi_db_i_0.1,h_i,d_b,4.666666666666666,4.0
0.5,0.6931471805599453,1.7045721179998905,2.3947865705003664,4.099358688500256,0.5841856623130715,0.08418566231307145,0.3399799902226682,0.3399799902226682,0.6789049862197545,-0.014242194340190806,0.0864531412392093,0.7838671469019768,6.666666666666666,1588.783000069678,36.72196071517844,310.7541674855114,10.0,0.7895141536051593,13.333333333333332,17.333333333333332,,False,False,False,False,resistant-enriched,mixed,True,9.999900000999992e-06,0.9000006999930001,0.9999930000699992,3.999960000399997e-05,0.95,0.9,0.8,0.02,0.35,4.0,1.38,3.0,0.1,5.0,1.0,0.7,10.0,hi_db_i_0.1,h_i,d_b,5.0,4.0
0.5,0.6931471805599453,0.9804892331876958,3.0225310723879444,4.003020305575641,0.7550626381230159,0.2550626381230159,1.1257981981605907,1.1257981981605907,0.5567046094364396,-0.13644257112350566,0.014772560532804,0.96306859866799,20.0,1461.5452268441456,78.05629649635972,2.618633068156496,10.0,0.22031527466756232,2.6666666666666665,46.666666666666664,,False,False,False,False,resistant-enriched,mixed,True,0.09090909090909091,0.9063636363636364,0.9363636363636364,0.4318181818181818,0.95,0.9,0.8,0.02,0.35,4.75,1.38,3.0,0.1,1.0,1.0,0.7,10.0,hi_db_i_0.1,h_i,d_b,1.0,4.75
0.5,0.6931471805599453,1.4652274242854186,2.5704857469321527,4.035713171217571,0.6369346972586358,0.13693469725863583,0.5620844187951448,0.5620844187951449,0.6551614944186638,-0.037985686141281505,0.05056973971895015,0.8735756507026247,10.666666666666666,1539.207590487158,49.084886106292835,4.694337585064659,10.0,0.3265681905596188,4.0,42.666666666666664,,False,False,False,False,resistant-enriched,mixed,True,0.04435701794430148,0.9031049912561011,0.9689500874389889,0.21069583523543203,0.95,0.9,0.8,0.02,0.35,4.75,1.38,3.0,0.1,1.3333333333333333,1.0,0.7,10.0,hi_db_i_0.1,h_i,d_b,1.3333333333333333,4.75
0.5,0.6931471805599453,1.6142139332363785,2.457487675310592,4.07170160854697,0.6035529887927058,0.1035529887927058,0.4202914483560071,0.4202914483560071,0.6715447283622715,-0.02160245219767376,0.06960599619387771,0.8259850095153057,8.0,1568.9728740507894,41.46128807967077,8.710884652407708,10.0,0.45156769537813307,6.666666666666666,65.33333333333333,,False,False,False,False,resistant-enriched,mixed,True,0.021089977117186395,0.9014762983982031,0.9852370160179695,0.10017739130663537,0.95,0.9,0.8,0.02,0.35,4.75,1.38,3.0,0.1,1.6666666666666665,1.0,0.7,10.0,hi_db_i_0.1,h_i,d_b,1.6666666666666665,4.75
0.5,0.6931471805599453,1.6664859619481092,2.4208071752286218,4.087293137176731,0.5922763780287061,0.09227637802870614,0.3733838329815589,0.3733838329815587,0.6760193070314637,-0.017127873528481552,0.07887494082191926,0.8028126479452018,8.0,1580.2892133631826,38.751800964348504,17.54980777507066,10.0,0.5754800188019732,9.333333333333332,116.0,,False,False,False,False,resistant-enriched,mixed,True,0.009900990099009903,0.9006930693069307,0.9930693069306931,0.04702970297029704,0.95,0.9,0.8,0.02,0.35,4.75,1.38,3.0,0.1,2.0,1.0,0.7,10.0,hi_db_i_0.1,h_i,d_b,2.0,4.75
0.5,0.6931471805599453,1.6876623384298515,2.406274010925442,4.093936349355293,0.587765369460221,0.08776536946022095,0.3547351578819945,0.3547351578819943,0.677661558996967,-0.01548562156297828,0.08449904953379894,0.7887523761655026,6.666666666666666,1585.024581283591,37.63065123655868,36.706822373864625,10.0,0.6740669008684989,10.666666666666666,208.0,,False,False,False,False,resistant-enriched,mixed,True,0.004620144024698061,0.9003234100817289,0.9967658991827114,0.02194568411731579,0.95,0.9,0.8,0.02,0.35,4.75,1.38,3.0,0.1,2.333333333333333,1.0,0.7,10.0,hi_db_i_0.1,h_i,d_b,2.333333333333333,4.75
0.5,0.6931471805599453,1.696893079097327,2.3999900892819275,4.096883168379255,0.5858087698974765,0.08580876989747654,0.34666562944777146,0.34666562944777146,0.6783477373909611,-0.014799443168984183,0.08550441541910064,0.7862389614522484,6.666666666666666,1587.0817336027594,37.13618451264856,76.69160521831786,10.0,0.7295508793690131,12.0,366.66666666666663,,False,False,False,False,resistant-enriched,mixed,True,0.002149803079700241,0.900150486215579,0.9984951378442098,0.010211564628576144,0.95,0.9,0.8,0.02,0.35,4.75,1.38,3.0,0.1,2.6666666666666665,1.0,0.7,10.0,hi_db_i_0.1,h_i,d_b,2.6666666666666665,4.75
0.5,0.6931471805599453,1.7010562089459234,2.3971673102287285,4.098223519174652,0.5849283961728613,0.0849283961728613,0.3430383953458899,0.3430383953458897,0.678651335876753,-0.014495844683192316,0.08600486380041805,0.7849878404989549,6.666666666666666,1588.0046498398867,36.911947742743905,141.6800364417814,10.0,0.760614396389997,12.0,,,False,False,False,False,resistant-enriched,mixed,True,0.0009990009990009994,0.9000699300699301,0.9993006993006993,0.004745254745254748,0.95,0.9,0.8,0.02,0.35,4.75,1.38,3.0,0.1,3.0,1.0,0.7,10.0,hi_db_i_0.1,h_i,d_b,3.0,4.75
0.5,0.6931471805599453,1.7029624612293053,2.395875881650419,4.098838342879724,0.5845255853557636,0.0845255853557636,0.3413795178885078,0.3413795178885079,0.6787891813305329,-0.014357999229412388,0.08624497069186825,0.7843875732703294,6.666666666666666,1588.4266071558009,36.80897379187204,209.23486711260833,10.0,0.7756446387103394,12.0,,,False,False,False,False,resistant-enriched,mixed,True,0.0004639435398458807,0.9000324760477892,0.9996752395221079,0.0022037318142679335,0.95,0.9,0.8,0.02,0.35,4.75,1.38,3.0,0.1,3.333333333333333,1.0,0.7,10.0,hi_db_i_0.1,h_i,d_b,3.333333333333333,4.75
0.5,0.6931471805599453,1.7038419317871096,2.395280740167834,4.099122671954944,0.5843398531484989,0.0843398531484989,0.34061478220135977,0.34061478220136,0.6788525154823533,-0.014294665077592028,0.08635816056607888,0.7841045985848027,6.666666666666666,1588.6214103547227,36.76141338290842,257.6876088998328,9.999999999999998,0.7827579474328477,12.0,,,False,False,False,False,resistant-enriched,mixed,True,0.00021539706311269837,0.9000150777944179,0.9998492220558212,0.0010231360497853174,0.95,0.9,0.8,0.02,0.35,4.75,1.38,3.0,0.1,3.6666666666666665,1.0,0.7,10.0,hi_db_i_0.1,h_i,d_b,3.6666666666666665,4.75
0.5,0.6931471805599453,1.7042489777335825,2.3950053830133124,4.099254360746895,0.5842539086979067,0.08425390869790672,0.3402609470381011,0.3402609470381011,0.6788817742274376,-0.014265406332507724,0.08641107991022165,0.7839723002244459,6.666666666666666,1588.7115932706695,36.739388338841145,285.60174801120064,10.0,0.7864233607231191,13.333333333333332,,,False,False,False,False,resistant-enriched,mixed,True,9.999000099990003e-05,0.90000699930007,0.9999300069993001,0.0004749525047495251,0.95,0.9,0.8,0.02,0.35,4.75,1.38,3.0,0.1,4.0,1.0,0.7,10.0,hi_db_i_0.1,h_i,d_b,4.0,4.75
0.5,0.6931471805599453,1.7044376607062097,2.394877763172644,4.099315423878854,0.5842140737017409,0.08421407370174094,0.34009695265308293,0.34009695265308293,0.6788953252545853,-0.014251855305359995,0.08643572563490207,0.7839106859127448,6.666666666666666,1588.7534027492584,36.72917608080602,299.96963904760497,10.000000000000002,0.7882299106191869,13.333333333333332,17.333333333333332,,False,False,False,False,resistant-enriched,mixed,True,4.641373400143315e-05,0.9000032489613802,0.999967510386199,0.00022046523650680748,0.95,0.9,0.8,0.02,0.35,4.75,1.38,3.0,0.1,4.333333333333333,1.0,0.7,10.0,hi_db_i_0.1,h_i,d_b,4.333333333333333,4.75
0.5,0.6931471805599453,1.7045251855689159,2.3948185680832568,4.099343753652173,0.5841955961730884,0.08419559617308836,0.34002088512516354,0.34002088512516354,0.6789016087030011,-0.014245571856944195,0.08644718305346415,0.7838820423663396,6.666666666666666,1588.7727984045728,36.72443830790337,306.97118816189356,10.000000000000002,0.7890702986813162,13.333333333333332,17.333333333333332,,False,False,False,False,resistant-enriched,mixed,True,2.1543882751435294e-05,0.9000015080717926,0.999984919282074,0.00010233344306931764,0.95,0.9,0.8,0.02,0.35,4.75,1.38,3.0,0.1,4.666666666666666,1.0,0.7,10.0,hi_db_i_0.1,h_i,d_b,4.666666666666666,4.75
0.5,0.6931471805599453,1.7045657993815981,2.3947911009404756,4.099356900322074,0.5841870222991133,0.08418702229911335,0.33998558888534497,0.33998558888534497,0.6789045238479062,-0.014242656712039059,0.08645250497568609,0.7838687375607848,6.666666666666666,1588.7817988030597,36.72223973182715,310.2957287217991,10.0,0.7894607740620542,13.333333333333332,17.333333333333332,,False,False,False,False,resistant-enriched,mixed,True,9.999900000999992e-06,0.9000006999930001,0.9999930000699992,4.749952500474996e-05,0.95,0.9,0.8,0.02,0.35,4.75,1.38,3.0,0.1,5.0,1.0,0.7,10.0,hi_db_i_0.1,h_i,d_b,5.0,4.75
0.5,0.6931471805599453,0.8210265985311788,3.186226099476002,4.007252698007181,0.7951148429098375,0.29511484290983747,1.3560369478655998,1.3560369478655998,0.5071005613537856,-0.18604661920615972,0.009173287360804822,0.977066781597988,22.666666666666664,1438.6342690809074,88.7610505927585,2.2531857860248103,10.0,0.20301310797144154,2.6666666666666665,50.666666666666664,,False,False,False,False,resistant-enriched,mixed,True,0.09090909090909091,0.9063636363636364,0.9363636363636364,0.5,0.95,0.9,0.8,0.02,0.35,5.5,1.38,3.0,0.1,1.0,1.0,0.7,10.0,hi_db_i_0.1,h_i,d_b,1.0,5.5
0.5,0.6931471805599453,1.4059499123111117,2.620218621545331,4.026168533856443,0.6507970541997082,0.15079705419970824,0.6225445891210993,0.6225445891210994,0.6469518344900775,-0.04619534606986775,0.045313900280050556,0.8867152492998736,10.666666666666666,1529.5801505673883,51.792885277370516,4.194023820218535,10.0,0.3054508095534364,4.0,40.0,,False,False,False,False,resistant-enriched,mixed,True,0.04435701794430148,0.9031049912561011,0.9689500874389889,0.24396359869365816,0.95,0.9,0.8,0.02,0.35,5.5,1.38,3.0,0.1,1.3333333333333333,1.0,0.7,10.0,hi_db_i_0.1,h_i,d_b,1.3333333333333333,5.5
0.5,0.6931471805599453,1.594901370607834,2.4719008421334534,4.066802212741288,0.6078242099871467,0.1078242099871467,0.4381755286700219,0.4381755286700219,0.6697114012526977,-0.023435779307247606,0.06786942434843383,0.8303264391289155,8.0,1565.3967128580998,42.297512721077204,7.655891548478312,10.0,0.4254122284356876,6.666666666666666,58.666666666666664,,False,False,False,False,resistant-enriched,mixed,True,0.021089977117186395,0.9014762983982031,0.9852370160179695,0.11599487414452517,0.95,0.9,0.8,0.02,0.35,5.5,1.38,3.0,0.1,1.6666666666666665,1.0,0.7,10.0,hi_db_i_0.1,h_i,d_b,1.6666666666666665,5.5
0.5,0.6931471805599453,1.6590534977133677,2.4262042789462805,4.085257776659648,0.5938925795106351,0.09389257951063512,0.3800807533418867,0.38008075334188646,0.6754104328654987,-0.017736747694446553,0.07740361383214414,0.8064909654196397,8.0,1578.8705959698625,39.07560026318077,15.269919850081129,10.0,0.5514929385363818,9.333333333333332,104.0,,False,False,False,False,resistant-enriched,mixed,True,0.009900990099009903,0.9006930693069307,0.9930693069306931,0.05445544554455446,0.95,0.9,0.8,0.02,0.35,5.5,1.38,3.0,0.1,2.0,1.0,0.7,10.0,hi_db_i_0.1,h_i,d_b,2.0,5.5
0.5,0.6931471805599453,1.6845016185455126,2.408551537781954,4.093053156327467,0.5884486337683069,0.08844863376830692,0.3575558004391398,0.3575558004391396,0.6774182175823964,-0.015728962977548888,0.08425810012480939,0.7893547496879765,6.666666666666666,1584.4124104344612,37.76927141090435,31.809057982114506,10.0,0.6588164505194153,10.666666666666666,185.33333333333331,,False,False,False,False,resistant-enriched,mixed,True,0.004620144024698061,0.9003234100817289,0.9967658991827114,0.025410792135839334,0.95,0.9,0.8,0.02,0.35,5.5,1.38,3.0,0.1,2.333333333333333,1.0,0.7,10.0,hi_db_i_0.1,h_i,d_b,2.333333333333333,5.5
0.5,0.6931471805599453,1.6954839668076478,2.4010025968304824,4.0964865636381305,0.5861126503239713,0.08611265032397131,0.3479181725827935,0.3479181725827935,0.6782422021867927,-0.014904978373152633,0.08537983197669516,0.7865504200582621,6.666666666666666,1586.8124857592263,37.19820813022007,66.88762866362487,10.0,0.7211946789081355,10.666666666666666,329.3333333333333,,False,False,False,False,resistant-enriched,mixed,True,0.002149803079700241,0.900150486215579,0.9984951378442098,0.011823916938351324,0.95,0.9,0.8,0.02,0.35,5.5,1.38,3.0,0.1,2.6666666666666665,1.0,0.7,10.0,hi_db_i_0.1,h_i,d_b,2.6666666666666665,5.5
0.5,0.6931471805599453,1.7004140103753336,2.39762779740876,4.098041807784093,0.5850667001138314,0.08506670011383144,0.3436080738734929,0.3436080738734927,0.6786038529210157,-0.014543327638929626,0.08594400366102198,0.785139990847445,6.666666666666666,1587.8823053438366,36.940254720237455,128.09818493451854,10.0,0.7562618864524638,12.0,,,False,False,False,False,resistant-enriched,mixed,True,0.0009990009990009994,0.9000699300699301,0.9993006993006993,0.005494505494505497,0.95,0.9,0.8,0.02,0.35,5.5,1.38,3.0,0.1,3.0,1.0,0.7,10.0,hi_db_i_0.1,h_i,d_b,3.0,5.5
0.5,0.6931471805599453,1.7026670571884885,2.396087842527019,4.098754899715507,0.5845891987084494,0.08458919870844939,0.3416414628765844,0.34164146287658453,0.6787674567033238,-0.014379723856621451,0.0862160368161447,0.7844599079596383,6.666666666666666,1588.3704635148306,36.822010602348115,197.44422413635334,10.0,0.7735669859759214,12.0,,,False,False,False,False,resistant-enriched,mixed,True,0.0004639435398458807,0.9000324760477892,0.9996752395221079,0.002551689469152344,0.95,0.9,0.8,0.02,0.35,5.5,1.38,3.0,0.1,3.333333333333333,1.0,0.7,10.0,hi_db_i_0.1,h_i,d_b,3.333333333333333,5.5
0.5,0.6931471805599453,1.7037053497047054,2.3953786902141934,4.099084039918899,0.5843692558841966,0.08436925588419664,0.34073583874804453,0.34073583874804475,0.6788424986962467,-0.014304681863698598,0.08634457976529814,0.7841385505867546,6.666666666666666,1588.5954452725398,36.76744269873406,250.18153081997525,9.999999999999998,0.781780919276951,12.0,,,False,False,False,False,resistant-enriched,mixed,True,0.00021539706311269837,0.9000150777944179,0.9998492220558212,0.001184683847119841,0.95,0.9,0.8,0.02,0.35,5.5,1.38,3.0,0.1,3.6666666666666665,1.0,0.7,10.0,hi_db_i_0.1,h_i,d_b,3.6666666666666665,5.5
0.5,0.6931471805599453,1.704185698793375,2.395050757881028,4.099236456674403,0.5842675296228378,0.08426752962283779,0.34031702327348345,0.34031702327348345,0.6788771391767165,-0.014270041383228738,0.08640474341880193,0.7839881414529952,6.666666666666666,1588.6995633031227,36.74218221135732,281.5463230818928,10.0,0.7858924750906352,13.333333333333332,,,False,False,False,False,resistant-enriched,mixed,True,9.999000099990003e-05,0.90000699930007,0.9999300069993001,0.0005499450054994501,0.95,0.9,0.8,0.02,0.35,5.5,1.38,3.0,0.1,4.0,1.0,0.7,10.0,hi_db_i_0.1,h_i,d_b,4.0,5.5
0.5,0.6931471805599453,1.7044083144298843,2.3948988051731366,4.09930711960302,0.5842203902509896,0.0842203902509896,0.3401229565860412,0.3401229565860412,0.6788931769333071,-0.0142540036266382,0.08643277738674116,0.7839180565331472,6.666666666666666,1588.7478236531579,36.73047187319003,297.94758384867424,10.000000000000002,0.7879827047206621,13.333333333333332,36.0,,False,False,False,False,resistant-enriched,mixed,True,4.641373400143315e-05,0.9000032489613802,0.999967510386199,0.00025527553700788235,0.95,0.9,0.8,0.02,0.35,5.5,1.38,3.0,0.1,4.333333333333333,1.0,0.7,10.0,hi_db_i_0.1,h_i,d_b,4.333333333333333,5.5
0.5,0.6931471805599453,1.704511569660274,2.3948283307932887,4.099339900453563,0.5841985268233839,0.08419852682338391,0.34003294984041715,0.34003294984041715,0.678900612203015,-0.014246568356930278,0.08644581306282131,0.7838854673429467,6.666666666666666,1588.7702098270604,36.725039544364996,306.00070156178026,10.000000000000002,0.7889553851426029,13.333333333333332,17.333333333333332,,False,False,False,False,resistant-enriched,mixed,True,2.1543882751435294e-05,0.9000015080717926,0.999984919282074,0.00011849135513289412,0.95,0.9,0.8,0.02,0.35,5.5,1.38,3.0,0.1,4.666666666666666,1.0,0.7,10.0,hi_db_i_0.1,h_i,d_b,4.666666666666666,5.5
0.5,0.6931471805599453,1.70455948060525,2.3947956315015295,4.09935511210678,0.5841883823211337,0.08418838232113368,0.3399911877014123,0.3399911877014123,0.6789040614562115,-0.01424311910373377,0.08645186875130031,0.7838703281217492,6.666666666666666,1588.7805975085653,36.722518754319246,309.83819514103004,10.0,0.7894073991014188,13.333333333333332,17.333333333333332,,False,False,False,False,resistant-enriched,mixed,True,9.999900000999992e-06,0.9000006999930001,0.9999930000699992,5.499945000549996e-05,0.95,0.9,0.8,0.02,0.35,5.5,1.38,3.0,0.1,5.0,1.0,0.7,10.0,hi_db_i_0.1,h_i,d_b,5.0,5.5
0.5,0.6931471805599453,0.6860166480988588,3.327397068031734,4.013413716130593,0.8290690428097055,0.3290690428097055,1.579043720269215,1.579043720269215,0.45735929741494913,-0.23578788314499616,0.005694416546861318,0.9857639586328467,26.666666666666664,1417.2126435059067,99.24965664235367,1.955933365604929,10.0,0.18757342549241063,2.6666666666666665,54.666666666666664,,False,False,False,False,resistant-enriched,resistant-dominant,True,0.09090909090909091,0.9063636363636364,0.9363636363636364,0.5681818181818182,0.95,0.9,0.8,0.02,0.35,6.25,1.38,3.0,0.1,1.0,1.0,0.7,10.0,hi_db_i_0.1,h_i,d_b,1.0,6.25
0.5,0.6931471805599453,1.341914079179111,2.6760591025634857,4.0179731817425965,0.6660221413929094,0.16602214139290938,0.6902482161386955,0.6902482161386956,0.6369599847930287,-0.05618719576691655,0.03991156630883336,0.9002210842279166,12.0,1519.7966659118338,54.79086549761451,3.8026621429924177,10.0,0.28612074238199553,4.0,40.0,,False,False,False,False,resistant-enriched,mixed,True,0.04435701794430148,0.9031049912561011,0.9689500874389889,0.27723136215188426,0.95,0.9,0.8,0.02,0.35,6.25,1.38,3.0,0.1,1.3333333333333333,1.0,0.7,10.0,hi_db_i_0.1,h_i,d_b,1.3333333333333333,6.25
0.5,0.6931471805599453,1.5745529098094209,2.487257548074218,4.061810457883639,0.612351948438819,0.11235194843881902,0.4572093519972945,0.4572093519972945,0.66768439707336,-0.02546278348658526,0.0659295000653227,0.8351762498366933,9.333333333333332,1561.6598676149545,43.17629962149912,6.857747583605607,10.0,0.40541020357427476,5.333333333333333,54.666666666666664,,False,False,False,False,resistant-enriched,mixed,True,0.021089977117186395,0.9014762983982031,0.9852370160179695,0.13181235698241497,0.95,0.9,0.8,0.02,0.35,6.25,1.38,3.0,0.1,1.6666666666666665,1.0,0.7,10.0,hi_db_i_0.1,h_i,d_b,1.6666666666666665,6.25
0.5,0.6931471805599453,1.6514298778466505,2.4317560563569423,4.083185934203593,0.5955535935767385,0.09555359357673854,0.3869721480264593,0.3869721480264591,0.6747733912815436,-0.01837378927840172,0.07604104087087729,0.8098973978228068,8.0,1577.4321785091572,39.406633369840776,13.539450440280485,10.0,0.5317115051314253,8.0,94.66666666666666,,False,False,False,False,resistant-enriched,mixed,True,0.009900990099009903,0.9006930693069307,0.9930693069306931,0.061881188118811895,0.95,0.9,0.8,0.02,0.35,6.25,1.38,3.0,0.1,2.0,1.0,0.7,10.0,hi_db_i_0.1,h_i,d_b,2.0,6.25
0.5,0.6931471805599453,1.6813035108639145,2.41085824833793,4.092161759201844,0.5891405057282378,0.08914050572823784,0.36041341186465126,0.36041341186465103,0.677169846282965,-0.015977334276980337,0.08355514205785958,0.7911121448553511,8.0,1583.7917988446206,37.909278269906,28.085193358306686,10.0,0.6439595131014224,10.666666666666666,169.33333333333331,,False,False,False,False,resistant-enriched,mixed,True,0.004620144024698061,0.9003234100817289,0.9967658991827114,0.02887590015436288,0.95,0.9,0.8,0.02,0.35,6.25,1.38,3.0,0.1,2.333333333333333,1.0,0.7,10.0,hi_db_i_0.1,h_i,d_b,2.333333333333333,6.25
0.5,0.6931471805599453,1.6940671878195133,2.402021019627835,4.096088207447348,0.5864182844648154,0.08641828446481536,0.3491782168309079,0.3491782168309079,0.6781356739657375,-0.015011506594207802,0.0852568474096986,0.7868578814757535,6.666666666666666,1586.5414360703894,37.26051507644202,59.20702340362804,10.0,0.7134724758571783,10.666666666666666,300.0,,False,False,False,False,resistant-enriched,mixed,True,0.002149803079700241,0.900150486215579,0.9984951378442098,0.013436269248126504,0.95,0.9,0.8,0.02,0.35,6.25,1.38,3.0,0.1,2.6666666666666665,1.0,0.7,10.0,hi_db_i_0.1,h_i,d_b,2.6666666666666665,6.25
0.5,0.6931471805599453,1.6997705547516657,2.398089874035619,4.097860428787285,0.5852053567244863,0.08520535672448626,0.3441792604900821,0.34417926049008185,0.6785561697913405,-0.014591010768604806,0.08588351233433555,0.7852912191641611,6.666666666666666,1587.759905030165,36.96862099976196,116.50289686705936,10.0,0.7519419116896872,12.0,,,False,False,False,False,resistant-enriched,mixed,True,0.0009990009990009994,0.9000699300699301,0.9993006993006993,0.006243756243756247,0.95,0.9,0.8,0.02,0.35,6.25,1.38,3.0,0.1,3.0,1.0,0.7,10.0,hi_db_i_0.1,h_i,d_b,3.0,6.25
0.5,0.6931471805599453,1.702371299705448,2.3963000535099637,4.098671353215412,0.5846528904129051,0.08465289041290514,0.34190374212920405,0.34190374212920416,0.6787456886237959,-0.014401491936149369,0.08618718497606385,0.7845320375598404,6.666666666666666,1588.3142454505394,36.83506011642224,186.59944417688413,10.0,0.7714965724123934,12.0,,,False,False,False,False,resistant-enriched,mixed,True,0.0004639435398458807,0.9000324760477892,0.9996752395221079,0.0028996471240367544,0.95,0.9,0.8,0.02,0.35,6.25,1.38,3.0,0.1,3.333333333333333,1.0,0.7,10.0,hi_db_i_0.1,h_i,d_b,3.333333333333333,6.25
0.5,0.6931471805599453,1.703568692677267,2.39547669495593,4.099045387633197,0.5843986754045402,0.08439867540454016,0.3408569668752251,0.3408569668752253,0.6788324726295473,-0.014314707930398018,0.08633101690323419,0.7841724577419145,6.666666666666666,1588.5694656398096,36.77347473737608,242.9763402207944,9.999999999999998,0.7808054758641221,12.0,,,False,False,False,False,resistant-enriched,mixed,True,0.00021539706311269837,0.9000150777944179,0.9998492220558212,0.001346231644454365,0.95,0.9,0.8,0.02,0.35,6.25,1.38,3.0,0.1,3.6666666666666665,1.0,0.7,10.0,hi_db_i_0.1,h_i,d_b,3.6666666666666665,6.25
0.5,0.6931471805599453,1.704122404019967,2.3950961448655503,4.099218548885517,0.5842811541523498,0.08428115415234982,0.3403731148788129,0.3403731148788129,0.6788725021352793,-0.01427467842466601,0.08639841081897372,0.7840039729525657,6.666666666666666,1588.687530499009,36.74497666906138,277.56891072817257,10.0,0.785362045134604,13.333333333333332,,,False,False,False,False,resistant-enriched,mixed,True,9.999000099990003e-05,0.90000699930007,0.9999300069993001,0.0006249375062493752,0.95,0.9,0.8,0.02,0.35,6.25,1.38,3.0,0.1,4.0,1.0,0.7,10.0,hi_db_i_0.1,h_i,d_b,4.0,6.25
0.5,0.6931471805599453,1.7043789647462866,2.3949198497805133,4.0992988145268,0.5842267075758344,0.08422670757583439,0.34014896382589166,0.34014896382589166,0.6788910281839551,-0.014256152375990205,0.08642982997967132,0.7839254250508217,6.666666666666666,1588.7422439520465,36.731767791501895,295.9438606770326,10.000000000000002,0.7877355973194389,13.333333333333332,,,False,False,False,False,resistant-enriched,mixed,True,4.641373400143315e-05,0.9000032489613802,0.999967510386199,0.0002900858375089572,0.95,0.9,0.8,0.02,0.35,6.25,1.38,3.0,0.1,4.333333333333333,1.0,0.7,10.0,hi_db_i_0.1,h_i,d_b,4.333333333333333,6.25
0.5,0.6931471805599453,1.70449795301787,2.39483809406478,4.09933604708265,0.5842014576407075,0.08420145764070752,0.34004501526779435,0.34004501526779435,0.6788996156108742,-0.01424756494907109,0.08644444325367986,0.7838888918658004,6.666666666666666,1588.76762111984,36.72564080795108,305.03432828048216,10.000000000000002,0.7888404928569998,13.333333333333332,17.333333333333332,,False,False,False,False,resistant-enriched,mixed,True,2.1543882751435294e-05,0.9000015080717926,0.999984919282074,0.00013464926719647057,0.95,0.9,0.8,0.02,0.35,6.25,1.38,3.0,0.1,4.666666666666666,1.0,0.7,10.0,hi_db_i_0.1,h_i,d_b,4.666666666666666,6.25
0.5,0.6931471805599453,1.7045531616708545,2.3948001621835218,4.099353323854376,0.5841897423791309,0.0841897423791309,0.33999678667086347,0.33999678667086347,0.6789035990446702,-0.01424358151527505,0.08645123256604734,0.7838719185848817,6.666666666666666,1588.7793961861885,36.72279778265489,309.3815647315038,10.0,0.7893540287228784,13.333333333333332,17.333333333333332,,False,False,False,False,resistant-enriched,mixed,True,9.999900000999992e-06,0.9000006999930001,0.9999930000699992,6.249937500624996e-05,0.95,0.9,0.8,0.02,0.35,6.25,1.38,3.0,0.1,5.0,1.0,0.7,10.0,hi_db_i_0.1,h_i,d_b,5.0,6.25
0.5,0.6931471805599453,0.5805790284619998,3.439019446402542,4.019598474864542,0.8555629294586283,0.35556292945862833,1.7789157346040492,1.7789157346040492,0.412937007112137,-0.2802101734478083,0.0036236581306330756,0.9909408546734173,29.333333333333332,1398.2356817241312,108.83794486860549,1.716290713813919,10.0,0.173768093586276,2.6666666666666665,60.0,,False,False,False,False,resistant-enriched,resistant-dominant,True,0.09090909090909091,0.9063636363636364,0.9363636363636364,0.6363636363636364,0.95,0.9,0.8,0.02,0.35,7.0,1.38,3.0,0.1,1.0,1.0,0.7,10.0,hi_db_i_0.1,h_i,d_b,1.0,7.0
0.5,0.6931471805599453,1.2736726618030751,2.737739168512865,4.01141183031594,0.6824876837183879,0.18248768371838786,0.7652278720438966,0.7652278720438968,0.6249800720556209,-0.06816710850432439,0.034978155517948153,0.9125546112051296,13.333333333333332,1509.878459841134,58.08446450779911,3.4814828994154277,10.0,0.2684090838599509,4.0,40.0,,False,False,False,False,resistant-enriched,mixed,True,0.04435701794430148,0.9031049912561011,0.9689500874389889,0.3104991256101104,0.95,0.9,0.8,0.02,0.35,7.0,1.38,3.0,0.1,1.3333333333333333,1.0,0.7,10.0,hi_db_i_0.1,h_i,d_b,1.3333333333333333,7.0
0.5,0.6931471805599453,1.553145452042304,2.5036207885470745,4.056766240589378,0.617146919508811,0.11714691950881095,0.47745580096264917,0.47745580096264917,0.6654435884804724,-0.027703592079472927,0.06257500671967321,0.843562483200817,9.333333333333332,1557.737167675256,44.10003495416021,6.233281991056188,10.0,0.38734389748455633,5.333333333333333,50.666666666666664,,False,False,False,False,resistant-enriched,mixed,True,0.021089977117186395,0.9014762983982031,0.9852370160179695,0.14762983982030475,0.95,0.9,0.8,0.02,0.35,7.0,1.38,3.0,0.1,1.6666666666666665,1.0,0.7,10.0,hi_db_i_0.1,h_i,d_b,1.6666666666666665,7.0
0.5,0.6931471805599453,1.6436105363720133,2.437467661454527,4.081078197826541,0.5972607098664879,0.09726070986648794,0.39406428815455474,0.3940642881545545,0.674106732649671,-0.01904044791027426,0.07477774825402023,0.8130556293649495,8.0,1575.9660244868903,39.74509328657098,12.181788036785878,10.0,0.5130957819362186,8.0,86.66666666666666,,False,False,False,False,resistant-enriched,mixed,True,0.009900990099009903,0.9006930693069307,0.9930693069306931,0.06930693069306931,0.95,0.9,0.8,0.02,0.35,7.0,1.38,3.0,0.1,2.0,1.0,0.7,10.0,hi_db_i_0.1,h_i,d_b,2.0,7.0
0.5,0.6931471805599453,1.6780672632199296,2.413194229266283,4.091261492486213,0.5898411122579732,0.0898411122579732,0.3633085836683037,0.3633085836683035,0.6769163241926622,-0.016230856367283053,0.08269408025387351,0.7932647993653162,8.0,1583.1630669861897,38.05069053391153,25.1596295454102,10.0,0.6294830347877257,10.666666666666666,154.66666666666666,,False,False,False,False,resistant-enriched,mixed,True,0.004620144024698061,0.9003234100817289,0.9967658991827114,0.032341008172886425,0.95,0.9,0.8,0.02,0.35,7.0,1.38,3.0,0.1,2.333333333333333,1.0,0.7,10.0,hi_db_i_0.1,h_i,d_b,2.333333333333333,7.0
0.5,0.6931471805599453,1.6926428816788144,2.4030459958031742,4.095688877481988,0.586725717623492,0.08672571762349202,0.3504459548321126,0.3504459548321126,0.6780281301383762,-0.015119050421569136,0.08513540302350615,0.7871614924412347,6.666666666666666,1586.2688260907892,37.32310886225293,53.06412233030663,10.0,0.7058462929188288,10.666666666666666,276.0,,False,False,False,False,resistant-enriched,mixed,True,0.002149803079700241,0.900150486215579,0.9984951378442098,0.015048621557901685,0.95,0.9,0.8,0.02,0.35,7.0,1.38,3.0,0.1,2.6666666666666665,1.0,0.7,10.0,hi_db_i_0.1,h_i,d_b,2.6666666666666665,7.0
0.5,0.6931471805599453,1.6991249849813748,2.3985526553274386,4.097677640308813,0.58534439891828,0.08534439891828005,0.34475209132543483,0.3447520913254346,0.678508274528724,-0.01463890603122131,0.08582338703958561,0.785441532401036,6.666666666666666,1587.6367612673253,36.99704735570868,106.5472751173978,10.0,0.7476540294644143,12.0,,,False,False,False,False,resistant-enriched,mixed,True,0.0009990009990009994,0.9000699300699301,0.9993006993006993,0.006993006993006996,0.95,0.9,0.8,0.02,0.35,7.0,1.38,3.0,0.1,3.0,1.0,0.7,10.0,hi_db_i_0.1,h_i,d_b,3.0,7.0
0.5,0.6931471805599453,1.7020751887038774,2.396512515835532,4.098587704539409,0.5847166606148902,0.08471666061489025,0.34216635629939807,0.3421663562993982,0.6787238769796837,-0.01442330358026156,0.08615841488268589,0.7846039627932853,6.666666666666666,1588.2579531211445,36.848122348492296,176.61288919480143,10.0,0.7694333695535429,12.0,,,False,False,False,False,resistant-enriched,mixed,True,0.0004639435398458807,0.9000324760477892,0.9996752395221079,0.003247604778921165,0.95,0.9,0.8,0.02,0.35,7.0,1.38,3.0,0.1,3.333333333333333,1.0,0.7,10.0,hi_db_i_0.1,h_i,d_b,3.333333333333333,7.0
0.5,0.6931471805599453,1.7034319624584353,2.395574756839795,4.099006719298231,0.5844281117084699,0.08442811170846987,0.3409781665837421,0.3409781665837423,0.6788224372764441,-0.014324743283501196,0.08631747195046714,0.7842063201238322,6.666666666666666,1588.5434729257674,36.77950950016618,236.0583025891694,9.999999999999998,0.7798316143208042,12.0,,,False,False,False,False,resistant-enriched,mixed,True,0.00021539706311269837,0.9000150777944179,0.9998492220558212,0.0015077794417888886,0.95,0.9,0.8,0.02,0.35,7.0,1.38,3.0,0.1,3.6666666666666665,1.0,0.7,10.0,hi_db_i_0.1,h_i,d_b,3.6666666666666665,7.0
0.5,0.6931471805599453,1.7040590934086426,2.395141543971042,4.099200637379685,0.5842947822876216,0.08429478228762155,0.3404292218594588,0.3404292218594588,0.6788678631021106,-0.014279317457834728,0.08639208210776912,0.7840197947305771,6.666666666666666,1588.6754948512898,36.747771712113064,273.66780962672203,10.0,0.7848320704845967,13.333333333333332,,,False,False,False,False,resistant-enriched,mixed,True,9.999000099990003e-05,0.90000699930007,0.9999300069993001,0.0006999300069993002,0.95,0.9,0.8,0.02,0.35,7.0,1.38,3.0,0.1,4.0,1.0,0.7,10.0,hi_db_i_0.1,h_i,d_b,4.0,7.0
0.5,0.6931471805599453,1.7043496116548102,2.394940896995539,4.099290508650349,0.584233025676448,0.08423302567644797,0.34017497437339544,0.34017497437339544,0.6788888790064095,-0.014258301553535802,0.0864268834134382,0.7839327914664045,6.666666666666666,1588.7366636452855,36.733063835775305,293.95828195377453,10.000000000000002,0.7874885883782154,13.333333333333332,,,False,False,False,False,resistant-enriched,mixed,True,4.641373400143315e-05,0.9000032489613802,0.999967510386199,0.0003248961380100321,0.95,0.9,0.8,0.02,0.35,7.0,1.38,3.0,0.1,4.333333333333333,1.0,0.7,10.0,hi_db_i_0.1,h_i,d_b,4.333333333333333,7.0
0.5,0.6931471805599453,1.704484335641803,2.3948478578974166,4.09933219353922,0.5842043886250138,0.08420438862501378,0.3400570814071147,0.3400570814071147,0.6788986189265882,-0.014248561633357082,0.08644307362595902,0.7838923159351024,6.666666666666666,1588.7650322827826,36.72624209864588,304.07204868393154,10.000000000000002,0.7887256218208865,13.333333333333332,17.333333333333332,,False,False,False,False,resistant-enriched,mixed,True,2.1543882751435294e-05,0.9000015080717926,0.999984919282074,0.00015080717926004705,0.95,0.9,0.8,0.02,0.35,7.0,1.38,3.0,0.1,4.666666666666666,1.0,0.7,10.0,hi_db_i_0.1,h_i,d_b,4.666666666666666,7.0
0.5,0.6931471805599453,1.7045468425784578,2.394804692986332,4.099351535564789,0.5841911024730859,0.08419110247308592,0.3400023857936218,0.3400023857936218,0.6789031366132883,-0.014244043946657015,0.08645059641990499,0.7838735089502376,6.666666666666666,1588.7781948359034,36.723076816826975,308.9258354859078,10.0,0.7893006629261077,13.333333333333332,17.333333333333332,,False,False,False,False,resistant-enriched,mixed,True,9.999900000999992e-06,0.9000006999930001,0.9999930000699992,6.999930000699995e-05,0.95,0.9,0.8,0.02,0.35,7.0,1.38,3.0,0.1,5.0,1.0,0.7,10.0,hi_db_i_0.1,h_i,d_b,5.0,7.0
0.5,0.6931471805599453,0.5014560408805256,3.5235227074068773,4.024978748287403,0.8754139904232063,0.37541399042320633,1.949700589019318,1.9497005890193182,0.37596378885933945,-0.31718339170060583,0.0024039912290000328,0.9939900219275,32.0,1382.0878858726342,117.24332215869416,1.523582956612346,10.0,0.16139893821478188,2.6666666666666665,62.666666666666664,,False,False,False,False,resistant-enriched,resistant-dominant,True,0.09090909090909091,0.9063636363636364,0.9363636363636364,0.7045454545454546,0.95,0.9,0.8,0.02,0.35,7.75,1.38,3.0,0.1,1.0,1.0,0.7,10.0,hi_db_i_0.1,h_i,d_b,1.0,7.75
0.5,0.6931471805599453,1.2020149383879037,2.804574621207889,4.006589559595793,0.6999904980261642,0.1999904980261642,0.8472526133022033,0.8472526133022034,0.610872352842025,-0.08227482771792027,0.030245482113240723,0.9243862947168981,14.666666666666666,1499.9586843048685,61.66812448663943,3.2081222894537005,10.0,0.2521639063986631,4.0,40.0,,False,False,False,False,resistant-enriched,mixed,True,0.04435701794430148,0.9031049912561011,0.9689500874389889,0.34376688906833647,0.95,0.9,0.8,0.02,0.35,7.75,1.38,3.0,0.1,1.3333333333333333,1.0,0.7,10.0,hi_db_i_0.1,h_i,d_b,1.3333333333333333,7.75
0.5,0.6931471805599453,1.5306620887973814,2.521049760932973,4.051711849730355,0.622218423825167,0.12221842382516701,0.4989750070037657,0.4989750070037657,0.6629676487981756,-0.030179531761769685,0.05976245818643193,0.8505938545339202,9.333333333333332,1553.7762722782334,45.07121638776512,5.7313494334856605,10.0,0.37029944394417463,5.333333333333333,48.0,,False,False,False,False,resistant-enriched,mixed,True,0.021089977117186395,0.9014762983982031,0.9852370160179695,0.16344732265819456,0.95,0.9,0.8,0.02,0.35,7.75,1.38,3.0,0.1,1.6666666666666665,1.0,0.7,10.0,hi_db_i_0.1,h_i,d_b,1.6666666666666665,7.75
0.5,0.6931471805599453,1.6355911140689452,2.4433444698773275,4.078935583946272,0.5990152135507495,0.09901521355074949,0.40136350848368324,0.401363508483683,0.6734089436787398,-0.019738236881205462,0.07360513974101571,0.8159871506474607,8.0,1574.4598452290504,40.09117409463216,11.088668876491534,10.0,0.4952570071442092,8.0,80.0,,False,False,False,False,resistant-enriched,mixed,True,0.009900990099009903,0.9006930693069307,0.9930693069306931,0.07673267326732675,0.95,0.9,0.8,0.02,0.35,7.75,1.38,3.0,0.1,2.0,1.0,0.7,10.0,hi_db_i_0.1,h_i,d_b,2.0,7.75
0.5,0.6931471805599453,1.674792977072406,2.415560735073912,4.090353712146318,0.5905505746118965,0.09055057461189653,0.3662418867286012,0.366241886728601,0.6766575299874107,-0.016489650572534598,0.08186450505735285,0.7953387373566179,8.0,1582.527464360276,38.193527560318266,22.80100377425862,10.0,0.6153746151144949,10.666666666666666,142.66666666666666,,False,False,False,False,resistant-enriched,mixed,True,0.004620144024698061,0.9003234100817289,0.9967658991827114,0.03580611619140997,0.95,0.9,0.8,0.02,0.35,7.75,1.38,3.0,0.1,2.333333333333333,1.0,0.7,10.0,hi_db_i_0.1,h_i,d_b,2.333333333333333,7.75
0.5,0.6931471805599453,1.691210617103083,2.4040763561806964,4.0952869732837796,0.5870348944687027,0.08703489446870272,0.3517211643409472,0.3517211643409472,0.677919583238298,-0.015227597321647246,0.08501554175217083,0.7874611456195729,6.666666666666666,1585.9940309631745,37.38598754141629,48.058723938113225,10.0,0.6983147994656237,10.666666666666666,256.0,,False,False,False,False,resistant-enriched,mixed,True,0.002149803079700241,0.900150486215579,0.9984951378442098,0.016660973867676867,0.95,0.9,0.8,0.02,0.35,7.75,1.38,3.0,0.1,2.6666666666666665,1.0,0.7,10.0,hi_db_i_0.1,h_i,d_b,2.6666666666666665,7.75
0.5,0.6931471805599453,1.6984782672093703,2.399017320084386,4.097495587293756,0.5854838080908948,0.08548380809089484,0.34532649028933915,0.3453264902893389,0.6784601728873277,-0.014687007672617547,0.08576362501958672,0.7855909374510333,6.666666666666666,1587.5136984865267,37.0255336508872,97.95117355168117,10.0,0.7433980429986139,12.0,,,False,False,False,False,resistant-enriched,mixed,True,0.0009990009990009994,0.9000699300699301,0.9993006993006993,0.0077422577422577455,0.95,0.9,0.8,0.02,0.35,7.75,1.38,3.0,0.1,3.0,1.0,0.7,10.0,hi_db_i_0.1,h_i,d_b,3.0,7.75
0.5,0.6931471805599453,1.7017789275353568,2.3967255026015133,4.09850443013687,0.5847805079770219,0.08478050797702186,0.342429299932248,0.34242929993224813,0.6787020221663576,-0.014445158393587731,0.08612972624820125,0.7846756843794969,6.666666666666666,1588.2017692504032,36.861197314856156,167.4056946111894,10.0,0.7673773489929477,12.0,,,False,False,False,False,resistant-enriched,mixed,True,0.0004639435398458807,0.9000324760477892,0.9996752395221079,0.0035955624338055753,0.95,0.9,0.8,0.02,0.35,7.75,1.38,3.0,0.1,3.333333333333333,1.0,0.7,10.0,hi_db_i_0.1,h_i,d_b,3.333333333333333,7.75
0.5,0.6931471805599453,1.7032951584780893,2.3956728752090926,4.098968033687182,0.5844575648115243,0.08445756481152433,0.3410994379427819,0.34109943794278214,0.6788123926254617,-0.014334787934483617,0.08630394487765275,0.7842401378058681,6.666666666666666,1588.5174666154753,36.785546988737,229.41435524069456,9.999999999999998,0.778859331776198,12.0,,,False,False,False,False,resistant-enriched,mixed,True,0.00021539706311269837,0.9000150777944179,0.9998492220558212,0.0016693272391234124,0.95,0.9,0.8,0.02,0.35,7.75,1.38,3.0,0.1,3.6666666666666665,1.0,0.7,10.0,hi_db_i_0.1,h_i,d_b,3.6666666666666665,7.75
0.5,0.6931471805599453,1.7039957669549999,2.3951869552015297,4.099182722156529,0.5843084140297732,0.08430841402977318,0.34048534422054955,0.34048534422054955,0.6788632220762152,-0.014283958483730097,0.08638575728217826,0.7840356067945544,6.666666666666666,1588.663456352992,36.75056734064874,269.84136883575195,10.0,0.7843025507705995,13.333333333333332,,,False,False,False,False,resistant-enriched,mixed,True,9.999000099990003e-05,0.90000699930007,0.9999300069993001,0.0007749225077492252,0.95,0.9,0.8,0.02,0.35,7.75,1.38,3.0,0.1,4.0,1.0,0.7,10.0,hi_db_i_0.1,h_i,d_b,4.0,7.75
0.5,0.6931471805599453,1.7043202551551266,2.3949619468182823,4.099282201973409,0.5842393445528925,0.0842393445528925,0.34020098822886063,0.34020098822886063,0.6788867294005878,-0.014260451159357479,0.08642393768770078,0.783940155780748,6.666666666666666,1588.7310827321182,36.73436000600888,291.9906623168421,10.000000000000002,0.7872416778599369,13.333333333333332,,,False,False,False,False,resistant-enriched,mixed,True,4.641373400143315e-05,0.9000032489613802,0.999967510386199,0.00035970643851110693,0.95,0.9,0.8,0.02,0.35,7.75,1.38,3.0,0.1,4.333333333333333,1.0,0.7,10.0,hi_db_i_0.1,h_i,d_b,4.333333333333333,7.75
0.5,0.6931471805599453,1.7044707175330274,2.3948576222931273,4.099328339826155,0.5842073197763634,0.08420731977636342,0.34006914825863177,0.34006914825863177,0.6788976221501303,-0.01424955840981501,0.08644170417967904,0.7838957395508024,6.666666666666666,1588.7624433168635,36.726843416468114,303.1138114382836,10.000000000000002,0.7886107720304242,13.333333333333332,17.333333333333332,,False,False,False,False,resistant-enriched,mixed,True,2.1543882751435294e-05,0.9000015080717926,0.999984919282074,0.00016696509132362353,0.95,0.9,0.8,0.02,0.35,7.75,1.38,3.0,0.1,4.666666666666666,1.0,0.7,10.0,hi_db_i_0.1,h_i,d_b,4.666666666666666,7.75
0.5,0.6931471805599453,1.7045405233280504,2.3948092239100873,4.099349747238138,0.5841924626030132,0.08419246260301316,0.3400079850697469,0.3400079850697469,0.6789026741620601,-0.014244506397885215,0.08644996031288216,0.7838750992177946,6.666666666666666,1588.7769934577418,36.72335585684234,308.47099850550126,10.0,0.7892473017107017,13.333333333333332,17.333333333333332,,False,False,False,False,resistant-enriched,mixed,True,9.999900000999992e-06,0.9000006999930001,0.9999930000699992,7.749922500774994e-05,0.95,0.9,0.8,0.02,0.35,7.75,1.38,3.0,0.1,5.0,1.0,0.7,10.0,hi_db_i_0.1,h_i,d_b,5.0,7.75
0.5,0.6931471805599453,0.44246471717824204,3.586931105523602,4.0293958227018445,0.8901908036223766,0.39019080362237657,2.0926915445571534,2.0926915445571534,0.34611622991487645,-0.34703095064506884,0.0016699619332015453,0.9958250951669961,34.666666666666664,1368.4894046697407,124.48286927740929,1.3675519830742826,10.0,0.15029366762864046,2.6666666666666665,66.66666666666666,,False,False,False,False,resistant-enriched,resistant-dominant,True,0.09090909090909091,0.9063636363636364,0.9363636363636364,0.7727272727272727,0.95,0.9,0.8,0.02,0.35,8.5,1.38,3.0,0.1,1.0,1.0,0.7,10.0,hi_db_i_0.1,h_i,d_b,1.0,8.5
0.5,0.6931471805599453,1.1279682108292115,2.8754772654009084,4.0034454762301195,0.7182506374755545,0.2182506374755545,0.9358006950390336,0.9358006950390337,0.594597942860383,-0.09854923769956225,0.025748011710403036,0.9356299707239925,14.666666666666666,1490.0084404387947,65.52280757672469,2.9693006437868465,10.0,0.2372484128028681,4.0,41.33333333333333,,False,False,False,False,resistant-enriched,mixed,True,0.04435701794430148,0.9031049912561011,0.9689500874389889,0.3770346525265626,0.95,0.9,0.8,0.02,0.35,8.5,1.38,3.0,0.1,1.3333333333333333,1.0,0.7,10.0,hi_db_i_0.1,h_i,d_b,1.3333333333333333,8.5
0.5,0.6931471805599453,1.5070945609366624,2.5395983233027586,4.046692884239421,0.627573773436992,0.12757377343699206,0.5218222626157778,0.5218222626157778,0.6602343438589822,-0.03291283670096312,0.05738693402574426,0.8565326649356393,9.333333333333332,1549.6366832706028,46.09180025931276,5.3187909259442625,10.0,0.3542131102924302,5.333333333333333,45.33333333333333,,False,False,False,False,resistant-enriched,mixed,True,0.021089977117186395,0.9014762983982031,0.9852370160179695,0.17926480549608437,0.95,0.9,0.8,0.02,0.35,8.5,1.38,3.0,0.1,1.6666666666666665,1.0,0.7,10.0,hi_db_i_0.1,h_i,d_b,1.6666666666666665,8.5
0.5,0.6931471805599453,1.6273690205927143,2.4493940011079265,4.076763021700641,0.6008183424127876,0.10081834241278764,0.40887603451138654,0.4088760345113863,0.6726784622208464,-0.020468718339098912,0.07251544722963682,0.818711381925908,8.0,1572.9061434871537,40.445079144480104,10.190041911536898,10.0,0.4808646000704633,6.666666666666666,74.66666666666666,,False,False,False,False,resistant-enriched,mixed,True,0.009900990099009903,0.9006930693069307,0.9930693069306931,0.08415841584158418,0.95,0.9,0.8,0.02,0.35,8.5,1.38,3.0,0.1,2.0,1.0,0.7,10.0,hi_db_i_0.1,h_i,d_b,2.0,8.5
0.5,0.6931471805599453,1.6714800643798078,2.4179578398133916,4.0894379041932,0.5912689950210719,0.09126899502107189,0.3692138160435308,0.3692138160435306,0.6763933468900951,-0.01675383366985017,0.0810651798123543,0.7973370504691143,8.0,1581.8856057321627,38.33780311976975,20.859331366121243,10.0,0.6023673100288397,9.333333333333332,133.33333333333331,,False,False,False,False,resistant-enriched,mixed,True,0.004620144024698061,0.9003234100817289,0.9967658991827114,0.039271224209933515,0.95,0.9,0.8,0.02,0.35,8.5,1.38,3.0,0.1,2.333333333333333,1.0,0.7,10.0,hi_db_i_0.1,h_i,d_b,2.333333333333333,8.5
0.5,0.6931471805599453,1.689770764710655,2.405112962447287,4.094883727157942,0.5873458497725301,0.08734584977253013,0.35300399473552335,0.35300399473552335,0.6778100142327566,-0.015337166327188734,0.08489722605648173,0.7877569348587957,6.666666666666666,1585.7174912658152,37.44915448173924,43.911999247166754,10.0,0.6908762848517935,10.666666666666666,238.66666666666666,,False,False,False,False,resistant-enriched,mixed,True,0.002149803079700241,0.900150486215579,0.9984951378442098,0.018273326177452046,0.95,0.9,0.8,0.02,0.35,8.5,1.38,3.0,0.1,2.6666666666666665,1.0,0.7,10.0,hi_db_i_0.1,h_i,d_b,2.6666666666666665,8.5
0.5,0.6931471805599453,1.697829780254455,2.399483046183376,4.097312826437831,0.5856235898564441,0.08562358985644414,0.34590248106484817,0.34590248106484794,0.6784118622849816,-0.01473531827496366,0.08570422354056831,0.7857394411485792,6.666666666666666,1587.3901538533755,37.05408004198925,90.48743207869572,10.0,0.73917367583653,12.0,,,False,False,False,False,resistant-enriched,mixed,True,0.0009990009990009994,0.9000699300699301,0.9993006993006993,0.008491508491508495,0.95,0.9,0.8,0.02,0.35,8.5,1.38,3.0,0.1,3.0,1.0,0.7,10.0,hi_db_i_0.1,h_i,d_b,3.0,8.5
0.5,0.6931471805599453,1.7014821164978815,2.3969384801828073,4.098420596680689,0.5848444354696265,0.0848444354696265,0.34269258531367813,0.34269258531367824,0.6786801231042939,-0.014467057455651355,0.08610111878595372,0.7847472030351157,6.666666666666666,1588.1453332518927,36.87428503058287,158.90685423606223,10.0,0.7653284823837254,12.0,,,False,False,False,False,resistant-enriched,mixed,True,0.0004639435398458807,0.9000324760477892,0.9996752395221079,0.003943520088689986,0.95,0.9,0.8,0.02,0.35,8.5,1.38,3.0,0.1,3.333333333333333,1.0,0.7,10.0,hi_db_i_0.1,h_i,d_b,3.333333333333333,8.5
0.5,0.6931471805599453,1.7031582806896945,2.395771050105929,4.098929330795624,0.5844870347254553,0.08448703472545527,0.34122078100595277,0.341220781005953,0.6788023386664048,-0.014344841893540461,0.08629043565545533,0.7842739108613617,6.666666666666666,1588.491446637565,36.79158720471185,223.0320827030078,9.999999999999998,0.7778886253624451,12.0,,,False,False,False,False,resistant-enriched,mixed,True,0.00021539706311269837,0.9000150777944179,0.9998492220558212,0.001830875036457936,0.95,0.9,0.8,0.02,0.35,8.5,1.38,3.0,0.1,3.6666666666666665,1.0,0.7,10.0,hi_db_i_0.1,h_i,d_b,3.6666666666666665,8.5
0.5,0.6931471805599453,1.7039324246541447,2.3952323785615657,4.099164803215711,0.5843220493800481,0.08432204938004806,0.34054148196772305,0.34054148196772305,0.6788585790565549,-0.014288601503390397,0.0863794363392985,0.7840514091517538,6.666666666666666,1588.651414997111,36.7533635548518,266.0879616216314,10.0,0.7838118188338101,12.0,,,False,False,False,False,resistant-enriched,mixed,True,9.999000099990003e-05,0.90000699930007,0.9999300069993001,0.0008499150084991503,0.95,0.9,0.8,0.02,0.35,8.5,1.38,3.0,0.1,4.0,1.0,0.7,10.0,hi_db_i_0.1,h_i,d_b,4.0,8.5
0.5,0.6931471805599453,1.7042908952466604,2.394982999249457,4.099273894496117,0.5842456642053308,0.08424566420533075,0.3402270053930086,0.3402270053930086,0.6788845793663734,-0.014262601193571922,0.08642099280219712,0.7839475179945072,6.666666666666666,1588.7255012119017,36.7356563022334,290.04081837785554,10.000000000000002,0.7869948657273544,13.333333333333332,,,False,False,False,False,resistant-enriched,mixed,True,4.641373400143315e-05,0.9000032489613802,0.999967510386199,0.0003945167390121818,0.95,0.9,0.8,0.02,0.35,8.5,1.38,3.0,0.1,4.333333333333333,1.0,0.7,10.0,hi_db_i_0.1,h_i,d_b,4.333333333333333,8.5
0.5,0.6931471805599453,1.7044570986892953,2.3948673872486532,4.099324485937949,0.5842102510947469,0.08421025109474689,0.34008121582231254,0.34008121582231254,0.6788966252814974,-0.014250555278447874,0.08644033491477697,0.7838991627130576,6.666666666666666,1588.7598542199999,36.72744476140967,302.1596543628806,10.000000000000002,0.7884959434819663,13.333333333333332,17.333333333333332,,False,False,False,False,resistant-enriched,mixed,True,2.1543882751435294e-05,0.9000015080717926,0.999984919282074,0.0001831230033872,0.95,0.9,0.8,0.02,0.35,8.5,1.38,3.0,0.1,4.666666666666666,1.0,0.7,10.0,hi_db_i_0.1,h_i,d_b,4.666666666666666,8.5
0.5,0.6931471805599453,1.704534203919491,2.394813754954889,4.09934795887438,0.5841938227689433,0.08419382276894327,0.34001358449936486,0.34001358449936486,0.6789022116909749,-0.01424496886897042,0.08644932424500337,0.7838766893874916,6.666666666666666,1588.7757920516724,36.723634902706344,308.0170641995606,10.0,0.7891939450762376,13.333333333333332,17.333333333333332,,False,False,False,False,resistant-enriched,mixed,True,9.999900000999992e-06,0.9000006999930001,0.9999930000699992,8.499915000849994e-05,0.95,0.9,0.8,0.02,0.35,8.5,1.38,3.0,0.1,5.0,1.0,0.7,10.0,hi_db_i_0.1,h_i,d_b,5.0,8.5
0.5,0.6931471805599453,0.397939986112159,3.6350188813573325,4.032958867469492,0.9013280325465235,0.4013280325465235,2.2120683790234987,2.2120683790234987,0.3221551506550114,-0.3709920299049339,0.0012116086321187773,0.9969709784197031,36.0,1357.099178482058,130.70222469740182,1.2395903302374884,10.0,0.14030231919378772,2.6666666666666665,69.33333333333333,,False,False,False,False,resistant-enriched,resistant-dominant,True,0.09090909090909091,0.9063636363636364,0.9363636363636364,0.8409090909090909,0.95,0.9,0.8,0.02,0.35,9.25,1.38,3.0,0.1,1.0,1.0,0.7,10.0,hi_db_i_0.1,h_i,d_b,1.0,9.25
0.5,0.6931471805599453,1.0527804666849776,2.9490316592111303,4.001812125896108,0.7369240650073663,0.2369240650073663,1.030042137614556,1.030042137614556,0.5762497230902345,-0.11689745746971081,0.02161724753777738,0.9459568811555565,17.333333333333332,1480.129986802478,69.61616648674033,2.756981986638665,10.0,0.22654378309335269,2.6666666666666665,42.666666666666664,,False,False,False,False,resistant-enriched,mixed,True,0.04435701794430148,0.9031049912561011,0.9689500874389889,0.4103024159847887,0.95,0.9,0.8,0.02,0.35,9.25,1.38,3.0,0.1,1.3333333333333333,1.0,0.7,10.0,hi_db_i_0.1,h_i,d_b,1.3333333333333333,9.25
0.5,0.6931471805599453,1.4824455438513584,2.559315934323792,4.04176147817515,0.6332179541379863,0.13321795413798632,0.5460468910604613,0.5460468910604613,0.6572207926086955,-0.035926387951249805,0.05536608328221616,0.8615847917944597,9.333333333333332,1545.4332072542777,47.16416944878647,4.9731143906503466,10.0,0.3390253560922625,5.333333333333333,42.666666666666664,,False,False,False,False,resistant-enriched,mixed,True,0.021089977117186395,0.9014762983982031,0.9852370160179695,0.19508228833397415,0.95,0.9,0.8,0.02,0.35,9.25,1.38,3.0,0.1,1.6666666666666665,1.0,0.7,10.0,hi_db_i_0.1,h_i,d_b,1.6666666666666665,9.25
0.5,0.6931471805599453,1.6189374828433702,2.4556184521323456,4.074555934975716,0.6026714300455372,0.10267143004553725,0.4166085855737148,0.41660858557371455,0.6719136164294941,-0.021233564130451188,0.07150156774463967,0.8212460806384008,8.0,1571.3047610673475,40.807033635693585,9.438551670667126,10.0,0.46734781325967806,6.666666666666666,70.66666666666666,,False,False,False,False,resistant-enriched,mixed,True,0.009900990099009903,0.9006930693069307,0.9930693069306931,0.0915841584158416,0.95,0.9,0.8,0.02,0.35,9.25,1.38,3.0,0.1,2.0,1.0,0.7,10.0,hi_db_i_0.1,h_i,d_b,2.0,9.25
0.5,0.6931471805599453,1.66812795106188,2.420386443895713,4.088514394957593,0.5919965567152706,0.09199655671527063,0.3722252047158439,0.3722252047158437,0.6761236256758143,-0.017023554884130987,0.08029457899798162,0.799263552505046,8.0,1581.238386126554,38.483549151179965,19.233221831990434,10.0,0.5904331904632347,9.333333333333332,125.33333333333333,,False,False,False,False,resistant-enriched,mixed,True,0.004620144024698061,0.9003234100817289,0.9967658991827114,0.04273633222845706,0.95,0.9,0.8,0.02,0.35,9.25,1.38,3.0,0.1,2.333333333333333,1.0,0.7,10.0,hi_db_i_0.1,h_i,d_b,2.333333333333333,9.25
0.5,0.6931471805599453,1.688322400683944,2.406154880474517,4.094477281158461,0.587658622883783,0.08765862288378301,0.3542946144779513,0.3542946144779513,0.6776994022470602,-0.01544777831288513,0.08478039145134703,0.7880490213716325,6.666666666666666,1585.4384690366473,37.512611746626206,40.42590591178717,10.0,0.6835293129520165,10.666666666666666,224.0,,False,False,False,False,resistant-enriched,mixed,True,0.002149803079700241,0.900150486215579,0.9984951378442098,0.019885678487227228,0.95,0.9,0.8,0.02,0.35,9.25,1.38,3.0,0.1,2.6666666666666665,1.0,0.7,10.0,hi_db_i_0.1,h_i,d_b,2.6666666666666665,9.25
0.5,0.6931471805599453,1.697179457660947,2.3999498806735993,4.097129338334546,0.5857637585952221,0.08576375859522212,0.3464801234746981,0.34648012347469787,0.6783633370874345,-0.014783843472510827,0.08564517989193833,0.7858870502701542,6.666666666666666,1587.2661076385987,37.08268675564325,83.97131263194092,10.0,0.7349806147388893,12.0,,,False,False,False,False,resistant-enriched,mixed,True,0.0009990009990009994,0.9000699300699301,0.9993006993006993,0.009240759240759245,0.95,0.9,0.8,0.02,0.35,9.25,1.38,3.0,0.1,3.0,1.0,0.7,10.0,hi_db_i_0.1,h_i,d_b,3.0,9.25
0.5,0.6931471805599453,1.7011849618838586,2.397151725550206,4.098336687434065,0.5849084417344548,0.08490844173445478,0.34295620690349143,0.34295620690349155,0.6786581801952699,-0.014489000364675375,0.08607259221043298,0.7848185194739176,6.666666666666666,1588.088830789546,36.887385512194726,151.05247472035205,10.0,0.7632867414384068,12.0,,,False,False,False,False,resistant-enriched,mixed,True,0.0004639435398458807,0.9000324760477892,0.9996752395221079,0.004291477743574397,0.95,0.9,0.8,0.02,0.35,9.25,1.38,3.0,0.1,3.333333333333333,1.0,0.7,10.0,hi_db_i_0.1,h_i,d_b,3.333333333333333,9.25
0.5,0.6931471805599453,1.7030213290465388,2.3958692815728977,4.098890610619437,0.5845165214620907,0.08451652146209065,0.34134219582718367,0.3413421958271839,0.6787922753890434,-0.014354905170901877,0.08627694425465335,0.7843076393633667,6.666666666666666,1588.4654129205824,36.797630149694584,216.89966893800636,9.999999999999998,0.7769194922143361,12.0,,,False,False,False,False,resistant-enriched,mixed,True,0.00021539706311269837,0.9000150777944179,0.9998492220558212,0.0019924228337924598,0.95,0.9,0.8,0.02,0.35,9.25,1.38,3.0,0.1,3.6666666666666665,1.0,0.7,10.0,hi_db_i_0.1,h_i,d_b,3.6666666666666665,9.25
0.5,0.6931471805599453,1.7038690665016614,2.3952778140554303,4.099146880557091,0.5843356883395947,0.0843356883395947,0.34059763510622354,0.34059763510622354,0.6788539340421239,-0.014293246517821379,0.0863731192761488,0.784067201809628,6.666666666666666,1588.6393707767356,36.75616035487978,262.4060055453993,10.0,0.7833572798723805,12.0,,,False,False,False,False,resistant-enriched,mixed,True,9.999000099990003e-05,0.90000699930007,0.9999300069993001,0.0009249075092490753,0.95,0.9,0.8,0.02,0.35,9.25,1.38,3.0,0.1,4.0,1.0,0.7,10.0,hi_db_i_0.1,h_i,d_b,4.0,9.25
0.5,0.6931471805599453,1.704261531929023,2.395004054289279,4.099265586218302,0.5842519846338484,0.08425198463384842,0.34025302586624395,0.34025302586624395,0.6788824289036759,-0.014264751656269392,0.08641804875660489,0.7839548781084877,6.666666666666666,1588.719919083905,36.73695272445353,288.1085687497139,10.000000000000002,0.7867481519434011,13.333333333333332,,,False,False,False,False,resistant-enriched,mixed,True,4.641373400143315e-05,0.9000032489613802,0.999967510386199,0.00042932703951325667,0.95,0.9,0.8,0.02,0.35,9.25,1.38,3.0,0.1,4.333333333333333,1.0,0.7,10.0,hi_db_i_0.1,h_i,d_b,4.333333333333333,9.25
0.5,0.6931471805599453,1.7044434791116365,2.3948771527657646,4.099320631877401,0.584213182580198,0.08421318258019805,0.34009328409830053,0.34009328409830053,0.678895628320672,-0.014251552239273324,0.08643896583124758,0.7839025854218811,6.666666666666666,1588.7572649931458,36.72804613347977,301.2095321028595,10.000000000000002,0.7883811361717347,13.333333333333332,17.333333333333332,,False,False,False,False,resistant-enriched,mixed,True,2.1543882751435294e-05,0.9000015080717926,0.999984919282074,0.00019928091545077647,0.95,0.9,0.8,0.02,0.35,9.25,1.38,3.0,0.1,4.666666666666666,1.0,0.7,10.0,hi_db_i_0.1,h_i,d_b,4.666666666666666,9.25
0.5,0.6931471805599453,1.7045278843529454,2.3948182861204286,4.099346170473374,0.5841951829708214,0.0841951829708214,0.3400191840822506,0.3400191840822506,0.6789017492000504,-0.014245431359894867,0.08644868821621071,0.7838782794594732,6.666666666666666,1588.7745906176544,36.72391395440306,307.56402494020654,10.0,0.7891405930224422,13.333333333333332,17.333333333333332,,False,False,False,False,resistant-enriched,mixed,True,9.999900000999992e-06,0.9000006999930001,0.9999930000699992,9.249907500924993e-05,0.95,0.9,0.8,0.02,0.35,9.25,1.38,3.0,0.1,5.0,1.0,0.7,10.0,hi_db_i_0.1,h_i,d_b,5.0,9.25
0.5,0.6931471805599453,0.3636602117083734,3.672175433014486,4.03583564472286,0.9098922147179395,0.40989221471793946,2.3123195791232893,2.3123195791232893,0.302787127990495,-0.3903600525694503,0.0009151599976559931,0.99771210000586,37.33333333333333,1347.4935819765178,136.069881330087,1.1331621711132245,10.0,0.13129421719971465,2.6666666666666665,70.66666666666666,,False,False,False,False,resistant-enriched,resistant-dominant,True,0.09090909090909091,0.9063636363636364,0.9363636363636364,0.9090909090909092,0.95,0.9,0.8,0.02,0.35,10.0,1.38,3.0,0.1,1.0,1.0,0.7,10.0,hi_db_i_0.1,h_i,d_b,1.0,10.0
0.5,0.6931471805599453,0.9778696388970335,3.023593136765148,4.001462775662182,0.7556219578388529,0.2556219578388529,1.1288248159378254,1.1288248159378256,0.5560740821027024,-0.13707309845724291,0.017954279323576475,0.9551143016910588,18.666666666666664,1470.2747583440678,73.90190656494212,2.5661285364533915,10.0,0.2175317133792402,2.6666666666666665,44.0,,False,False,False,False,resistant-enriched,mixed,True,0.04435701794430148,0.9031049912561011,0.9689500874389889,0.4435701794430148,0.95,0.9,0.8,0.02,0.35,10.0,1.38,3.0,0.1,1.3333333333333333,1.0,0.7,10.0,hi_db_i_0.1,h_i,d_b,1.3333333333333333,10.0
0.5,0.6931471805599453,1.456726079639801,2.5802405006950933,4.036966580334894,0.6391532972465293,0.13915329724652925,0.5716911053670378,0.5716911053670378,0.6539038019473633,-0.03924337861258198,0.05306643419417069,0.8673339145145733,10.666666666666666,1541.1547140289354,48.29008021104309,4.67851408356672,10.0,0.326988334687448,4.0,41.33333333333333,,False,False,False,False,resistant-enriched,mixed,True,0.021089977117186395,0.9014762983982031,0.9852370160179695,0.21089977117186395,0.95,0.9,0.8,0.02,0.35,10.0,1.38,3.0,0.1,1.6666666666666665,1.0,0.7,10.0,hi_db_i_0.1,h_i,d_b,1.6666666666666665,10.0
0.5,0.6931471805599453,1.6102955364813347,2.4620269373334565,4.072322473814792,0.6045756329869246,0.10457563298692463,0.4245672437600163,0.4245672437600161,0.6711127337683294,-0.022034446791615925,0.07055709811731507,0.8236072547067124,8.0,1569.6710902423251,41.177272286666444,8.80105365896515,10.0,0.4542984542760016,6.666666666666666,66.66666666666666,,False,False,False,False,resistant-enriched,mixed,True,0.009900990099009903,0.9006930693069307,0.9930693069306931,0.09900990099009903,0.95,0.9,0.8,0.02,0.35,10.0,1.38,3.0,0.1,2.0,1.0,0.7,10.0,hi_db_i_0.1,h_i,d_b,2.0,10.0
0.5,0.6931471805599453,1.6647359318777435,2.4228463564454055,4.087582288323149,0.5927333532505669,0.09273335325056686,0.375276517978373,0.3752765179783728,0.675848247441713,-0.017298933118232274,0.07955175685158662,0.8011206078710335,8.0,1580.586179261968,38.630778442342184,17.851679571376664,10.0,0.5787686519547025,9.333333333333332,117.33333333333333,,False,False,False,False,resistant-enriched,mixed,True,0.004620144024698061,0.9003234100817289,0.9967658991827114,0.04620144024698061,0.95,0.9,0.8,0.02,0.35,10.0,1.38,3.0,0.1,2.333333333333333,1.0,0.7,10.0,hi_db_i_0.1,h_i,d_b,2.333333333333333,10.0
0.5,0.6931471805599453,1.6868666061859598,2.4072035746442073,4.094070180830167,0.5879732071803643,0.08797320718036428,0.35559300248995995,0.35559300248995995,0.6775877425065043,-0.015559438053440955,0.08466503172190548,0.7883374206952363,6.666666666666666,1585.1579490162708,37.57636098218897,37.45709208043679,10.0,0.6762723656460032,10.666666666666666,210.66666666666666,,False,False,False,False,resistant-enriched,mixed,True,0.002149803079700241,0.900150486215579,0.9984951378442098,0.02149803079700241,0.95,0.9,0.8,0.02,0.35,10.0,1.38,3.0,0.1,2.6666666666666665,1.0,0.7,10.0,hi_db_i_0.1,h_i,d_b,2.6666666666666665,10.0
0.5,0.6931471805599453,1.696527710619006,2.400418133569897,4.0969458441889035,0.585904286964067,0.08590428696406704,0.3470593053980646,0.3470593053980644,0.6783146061057743,-0.014832574454170966,0.08558649138607163,0.7860337715348209,6.666666666666666,1587.1418430682388,37.111353841318994,78.25196422836326,10.0,0.7308186636002052,12.0,372.0,,False,False,False,False,resistant-enriched,mixed,True,0.0009990009990009994,0.9000699300699301,0.9993006993006993,0.009990009990009995,0.95,0.9,0.8,0.02,0.35,10.0,1.38,3.0,0.1,3.0,1.0,0.7,10.0,hi_db_i_0.1,h_i,d_b,3.0,10.0
0.5,0.6931471805599453,1.7008874402736875,2.3973652084006773,4.0982526486743645,0.5849725270539721,0.08497252705397207,0.3432201659186599,0.34322016591866,0.6786361932792844,-0.014510987280660914,0.08604414623721451,0.7848896344069637,6.666666666666666,1588.0322404458082,36.90049877605825,143.7847574200438,10.0,0.7612520979289098,12.0,,,False,False,False,False,resistant-enriched,mixed,True,0.0004639435398458807,0.9000324760477892,0.9996752395221079,0.004639435398458807,0.95,0.9,0.8,0.02,0.35,10.0,1.38,3.0,0.1,3.333333333333333,1.0,0.7,10.0,hi_db_i_0.1,h_i,d_b,3.333333333333333,10.0
0.5,0.6931471805599453,1.702884303501973,2.3959675696524707,4.098851873154444,0.5845460250332377,0.08454602503323772,0.34146368246033015,0.3414636824603304,0.6787822027831447,-0.01436497777680057,0.08626347064605044,0.784341323384874,6.666666666666666,1588.4393653928987,36.80367582529173,211.00587663848842,9.999999999999998,0.7759519294695246,12.0,,,False,False,False,False,resistant-enriched,mixed,True,0.00021539706311269837,0.9000150777944179,0.9998492220558212,0.002153970631126984,0.95,0.9,0.8,0.02,0.35,10.0,1.38,3.0,0.1,3.6666666666666665,1.0,0.7,10.0,hi_db_i_0.1,h_i,d_b,3.6666666666666665,10.0
0.5,0.6931471805599453,1.7038056924925808,2.3953232616868037,4.099128954179385,0.5843493309095785,0.08434933090957852,0.3406538036413693,0.3406538036413693,0.6788492870319096,-0.014297893528035677,0.08636680608975894,0.7840829847756027,6.666666666666666,1588.6273236845134,36.75895774098334,258.7939660733419,10.0,0.7829030834197275,12.0,,,False,False,False,False,resistant-enriched,mixed,True,9.999000099990003e-05,0.90000699930007,0.9999300069993001,0.0009999000099990003,0.95,0.9,0.8,0.02,0.35,10.0,1.38,3.0,0.1,4.0,1.0,0.7,10.0,hi_db_i_0.1,h_i,d_b,4.0,10.0
0.5,0.6931471805599453,1.7042321652017154,2.395025111938231,4.099257277139946,0.5842583058385741,0.08425830583857408,0.3402790496491473,0.3402790496491473,0.67888027801239,-0.014266902547555249,0.08641510555063531,0.7839622361234118,6.666666666666666,1588.714336347437,36.73824927268889,286.1937343554332,10.000000000000002,0.7865015364709326,13.333333333333332,,,False,False,False,False,resistant-enriched,mixed,True,4.641373400143315e-05,0.9000032489613802,0.999967510386199,0.0004641373400143315,0.95,0.9,0.8,0.02,0.35,10.0,1.38,3.0,0.1,4.333333333333333,1.0,0.7,10.0,hi_db_i_0.1,h_i,d_b,4.333333333333333,10.0
0.5,0.6931471805599453,1.704429858800055,2.3948869188443758,4.099316777644431,0.5842161142327081,0.08421611423270814,0.3401053530865661,0.3401053530865661,0.6788946312676509,-0.014252549292294359,0.08643759692905155,0.7839060076773712,6.666666666666666,1588.7546756362099,36.72864753267444,300.2634253582459,10.000000000000002,0.7882663500960454,13.333333333333332,17.333333333333332,,False,False,False,False,resistant-enriched,mixed,True,2.1543882751435294e-05,0.9000015080717926,0.999984919282074,0.00021543882751435295,0.95,0.9,0.8,0.02,0.35,10.0,1.38,3.0,0.1,4.666666666666666,1.0,0.7,10.0,hi_db_i_0.1,h_i,d_b,4.666666666666666,10.0
0.5,0.6931471805599453,1.704521564628331,2.3948228174069315,4.099344382035262,0.5841965432086821,0.08419654320868208,0.34002478381854756,0.34002478381854756,0.6789012866892743,-0.01424589387067099,0.08644805222653684,0.783879869433658,6.666666666666666,1588.773389155723,36.724193011943775,307.11187874011017,10.0,0.7890872455488843,13.333333333333332,17.333333333333332,,False,False,False,False,resistant-enriched,mixed,True,9.999900000999992e-06,0.9000006999930001,0.9999930000699992,9.999900000999992e-05,0.95,0.9,0.8,0.02,0.35,10.0,1.38,3.0,0.1,5.0,1.0,0.7,10.0,hi_db_i_0.1,h_i,d_b,5.0,10.0
