initial_fR,initial_H,final_ns,final_nr,final_total,final_fR,delta_fR,final_log_ratio,delta_log_ratio,final_H,delta_H,min_total,peak_loss,peak_loss_time,auc_total,auc_a,auc_b,peak_a,peak_b,time_peak_b,time_to_ss,time_to_recovery,resistant_extinct,susceptible_extinct,community_collapsed,susceptible_recovered,selection_direction,outcome,solver_success,iota,beta,phi,effective_db_iota,alpha,beta_min,xi,d_a,kappa_b,d_b,gamma,h_a,i,h_i,phi_max,c,a0,plane,x_name,y_name,x_value,y_value
0.5,0.6931471805599453,1.6602892577701351,2.4127991766894437,4.073088434459579,0.5923758385102621,0.0923758385102621,0.37379571874810025,0.37379571874810036,0.6759821496127114,-0.017165030947233872,0.0659513728218988,0.835121567945253,8.0,1568.466056905092,42.37472201820181,9.502368402822473,10.000000000000002,0.46329479520865485,6.666666666666666,70.66666666666666,,False,False,False,False,resistant-enriched,mixed,True,0.09090909090909091,0.9063636363636364,0.9363636363636364,0.09090909090909091,0.95,0.9,0.8,0.02,0.35,1.0,1.38,3.0,0.1,1.0,1.0,0.7,10.0,i_hi,i,h_i,0.1,1.0
0.5,0.6931471805599453,1.6456569037398456,2.4200654248889584,4.065722328628804,0.5952362776592134,0.09523627765921339,0.38565493679588114,0.38565493679588114,0.6748959747089527,-0.018251205850992602,0.061114358447091455,0.8472141038822714,9.333333333333332,1562.423962197931,44.0613329591618,7.916808166901184,10.0,0.426454985582984,6.666666666666666,61.33333333333333,,False,False,False,False,resistant-enriched,mixed,True,0.11181576977811696,0.9078271038844682,0.9217289611553181,0.11181576977811696,0.95,0.9,0.8,0.02,0.35,1.0,1.38,3.0,0.12589254117941673,1.0,1.0,0.7,10.0,i_hi,i,h_i,0.12589254117941673,1.0
0.5,0.6931471805599453,1.6251027864228824,2.431148140006963,4.056250926429845,0.5993584184267332,0.09935841842673321,0.40279256440124195,0.40279256440124217,0.6732709485476933,-0.01987623201225197,0.05434216288960915,0.8641445927759771,9.333333333333332,1554.3090949158723,46.35089423455916,6.674674065384735,10.0,0.3945660567969558,5.333333333333333,53.33333333333333,,False,False,False,False,resistant-enriched,mixed,True,0.13680688860321,0.9095764822022248,0.904235177977753,0.13680688860321,0.95,0.9,0.8,0.02,0.35,1.0,1.38,3.0,0.15848931924611134,1.0,1.0,0.7,10.0,i_hi,i,h_i,0.15848931924611134,1.0
0.5,0.6931471805599453,1.595583599309257,2.4487222520626206,4.0443058513718775,0.6054740521743637,0.10547405217436367,0.4283267964441692,0.4283267964441692,0.6707296058053194,-0.022417574754625913,0.047458216749976495,0.8813544581250587,10.666666666666666,1543.213911800307,49.543061832454775,5.706130387787563,10.0,0.36121148959759697,5.333333333333333,48.0,,False,False,False,False,resistant-enriched,mixed,True,0.1663375308165619,0.9116436271571593,0.8835637284284067,0.1663375308165619,0.95,0.9,0.8,0.02,0.35,1.0,1.38,3.0,0.19952623149688797,1.0,1.0,0.7,10.0,i_hi,i,h_i,0.19952623149688797,1.0
0.5,0.6931471805599453,1.552172903600418,2.477880845097677,4.030053748698095,0.6148505701439227,0.11485057014392275,0.4677478744261637,0.4677478744261637,0.6665288432262824,-0.026618337333662923,0.03882505776966677,0.9029373555758331,12.0,1528.0296845119467,54.1647032818131,4.948945800737794,9.999999999999998,0.32951421906544,4.0,45.33333333333333,,False,False,False,False,resistant-enriched,mixed,True,0.20076000891310175,0.9140532006239172,0.8594679937608287,0.20076000891310175,0.95,0.9,0.8,0.02,0.35,1.0,1.38,3.0,0.251188643150958,1.0,1.0,0.7,10.0,i_hi,i,h_i,0.251188643150958,1.0
0.5,0.6931471805599453,1.4869049093205366,2.5284745676935505,4.015379477014087,0.6296975372234986,0.12969753722349864,0.5309194657979541,0.5309194657979541,0.6591164602475008,-0.034030720312444473,0.02838294283981531,0.9290426429004617,13.333333333333332,1506.9556119556437,61.20543728882763,4.3372801330720305,9.999999999999998,0.3031562561618849,4.0,45.33333333333333,,False,False,False,False,resistant-enriched,mixed,True,0.24025307335204213,0.9168177151346429,0.8318228486535705,0.24025307335204213,0.95,0.9,0.8,0.02,0.35,1.0,1.38,3.0,0.31622776601683794,1.0,1.0,0.7,10.0,i_hi,i,h_i,0.31622776601683794,1.0
0.5,0.6931471805599453,1.3881442129446209,2.6175566799121057,4.005700892856726,0.6534578466854413,0.15345784668544127,0.634273561241355,0.6342735612413551,0.6452797776257448,-0.04786740293420044,0.01750747511626163,0.956231312209346,17.333333333333332,1477.3095677078145,72.55950993891386,3.79048691314074,10.0,0.2765581631886474,4.0,48.0,,False,False,False,False,resistant-enriched,mixed,True,0.28474724895080145,0.9199323074265561,0.800676925734439,0.28474724895080145,0.95,0.9,0.8,0.02,0.35,1.0,1.38,3.0,0.3981071705534973,1.0,1.0,0.7,10.0,i_hi,i,h_i,0.3981071705534973,1.0
0.5,0.6931471805599453,1.2516091596968335,2.7576425618569904,4.009251721553824,0.6878197612367027,0.18781976123670274,0.7899461193095524,0.7899461193095524,0.6208340184530733,-0.072313162106872,0.007586984744464143,0.9810325381388396,22.666666666666664,1435.2465385485161,91.02667554863949,3.2269644052124513,10.000000000000002,0.2505464828235205,4.0,57.33333333333333,,False,False,False,False,resistant-enriched,mixed,True,0.3338605754168779,0.9233702402791815,0.7662975972081855,0.3338605754168779,0.95,0.9,0.8,0.02,0.35,1.0,1.38,3.0,0.5011872336272724,1.0,1.0,0.7,10.0,i_hi,i,h_i,0.5011872336272724,1.0
0.5,0.6931471805599453,1.1299599153004818,2.895732639251418,4.0256925545519,0.7193129132469835,0.21931291324698354,0.941055990651528,0.941055990651528,0.5936010742383295,-0.09954610632161576,0.0020727847339796863,0.9948180381650508,32.0,1382.832989113002,116.21523818695435,2.655089739657707,9.999999999999998,0.23068169184934934,2.6666666666666665,69.33333333333333,,False,False,False,False,resistant-enriched,mixed,True,0.38686317984685703,0.92708042258928,0.7291957741072002,0.38686317984685703,0.95,0.9,0.8,0.02,0.35,1.0,1.38,3.0,0.6309573444801934,1.0,1.0,0.7,10.0,i_hi,i,h_i,0.6309573444801934,1.0
0.5,0.6931471805599453,1.1080363306163359,2.9333623998448575,4.041398730461193,0.7258285052982413,0.22582850529824128,0.9735599646525198,0.9735599646525196,0.5873639013493849,-0.10578327921056041,0.00043098175826268125,0.9989225456043433,40.0,1333.625331522967,141.69933712639704,2.189062216723985,10.000000000000002,0.21479974442067204,2.6666666666666665,81.33333333333333,,False,False,False,False,resistant-enriched,mixed,True,0.44268836623770724,0.9309881856366395,0.690118143633605,0.44268836623770724,0.95,0.9,0.8,0.02,0.35,1.0,1.38,3.0,0.7943282347242815,1.0,1.0,0.7,10.0,i_hi,i,h_i,0.7943282347242815,1.0
0.5,0.6931471805599453,1.1917755410895263,2.8594650300107722,4.051240571100299,0.705824544315855,0.20582454431585495,0.8751903084349323,0.8751903084349325,0.6058481009685721,-0.08729907959137317,9.041555541284485e-05,0.9997739611114679,46.666666666666664,1293.2331712179862,164.50083842780987,1.8507989891104544,9.999999999999998,0.19995071977303883,2.6666666666666665,90.66666666666666,,False,False,False,False,resistant-enriched,mixed,True,0.5,0.935,0.65,0.5,0.95,0.9,0.8,0.02,0.35,1.0,1.38,3.0,1.0,1.0,1.0,0.7,10.0,i_hi,i,h_i,1.0,1.0
0.5,0.6931471805599453,1.3590052042610323,2.697826012004903,4.056831216265936,0.6650081968379464,0.16500819683794643,0.6856933032992475,0.6856933032992473,0.6376575484185082,-0.055489632141437095,2.1345933403686415e-05,0.9999466351664907,52.0,1259.87481014313,184.9266034427767,1.6026155087467964,10.0,0.18642727823244987,2.6666666666666665,98.66666666666666,,False,False,False,False,resistant-enriched,mixed,True,0.5573116337622929,0.9390118143633606,0.609881856366395,0.5573116337622929,0.95,0.9,0.8,0.02,0.35,1.0,1.38,3.0,1.2589254117941675,1.0,1.0,0.7,10.0,i_hi,i,h_i,1.2589254117941675,1.0
0.5,0.6931471805599453,1.5910064727089621,2.46845595700337,4.059462429712332,0.6080745910926668,0.10807459109266682,0.4392260188748405,0.4392260188748406,0.6696015588729392,-0.023545621687006135,5.847092561450757e-06,0.9999853822685963,56.0,1231.900066689272,203.32506658503218,1.4158323664791328,10.0,0.17440095107663464,2.6666666666666665,105.33333333333333,,False,False,False,False,resistant-enriched,mixed,True,0.6131368201531432,0.9429195774107201,0.5708042258927998,0.6131368201531432,0.95,0.9,0.8,0.02,0.35,1.0,1.38,3.0,1.584893192461114,1.0,1.0,0.7,10.0,i_hi,i,h_i,1.584893192461114,1.0
0.5,0.6931471805599453,1.8655978571510803,2.19410554033895,4.05970339749003,0.5404595669958272,0.0404595669958272,0.16219289620809638,0.16219289620809638,0.6898696451229219,-0.00327753543702336,1.8615639573892177e-06,0.9999953460901065,60.0,1208.0671427277355,219.81962233638603,1.2726227047845031,10.0,0.16392769799648702,2.6666666666666665,110.66666666666666,,False,False,False,False,resistant-enriched,mixed,True,0.6661394245831221,0.9466297597208185,0.5337024027918145,0.6661394245831221,0.95,0.9,0.8,0.02,0.35,1.0,1.38,3.0,1.9952623149688797,1.0,1.0,0.7,10.0,i_hi,i,h_i,1.9952623149688797,1.0
0.5,0.6931471805599453,2.1551919045024635,1.902669252744465,4.057861157246928,0.4688847594862852,-0.03111524051371478,-0.12462200027262565,-0.12462200027262565,0.691209612461787,-0.00193756809815826,6.897278764543213e-07,0.9999982756803089,64.0,1187.7797000586002,234.45985610860407,1.1612784757401846,10.0,0.15496896685727427,2.6666666666666665,116.0,110.66666666666666,False,False,False,True,susceptible-enriched,mixed,True,0.7152527510491986,0.9500676925734439,0.499323074265561,0.7152527510491986,0.95,0.9,0.8,0.02,0.35,1.0,1.38,3.0,2.511886431509581,1.0,1.0,0.7,10.0,i_hi,i,h_i,2.511886431509581,1.0
0.5,0.6931471805599453,2.432551130503809,1.6217318658876336,4.054282996391443,0.4000046043483085,-0.09999539565169152,-0.40544592336035057,-0.40544592336035035,0.6730135338676745,-0.0201336466922708,2.94517044506746e-07,0.9999992637073888,66.66666666666666,1170.432034069103,247.3010949621575,1.073537960150041,10.0,0.14741959723639603,2.6666666666666665,121.33333333333333,113.33333333333333,False,False,False,True,susceptible-enriched,mixed,True,0.7597469266479577,0.953182284865357,0.4681771513464297,0.7597469266479577,0.95,0.9,0.8,0.02,0.35,1.0,1.38,3.0,3.1622776601683795,1.0,1.0,0.7,10.0,i_hi,i,h_i,3.1622776601683795,1.0
0.5,0.6931471805599453,2.6780360772313956,1.371451220941452,4.049487298172847,0.3386728047178365,-0.1613271952821635,-0.6692142543333462,-0.6692142543333462,0.640151229648104,-0.05299595091184128,1.434103616067195e-07,0.999999641474096,68.0,1155.6319753787884,258.4301121120884,1.0036120169712808,10.0,0.14113538001304402,2.6666666666666665,126.66666666666666,117.33333333333333,False,False,False,True,susceptible-enriched,mixed,True,0.7992399910868984,0.9559467993760828,0.4405320062391712,0.7992399910868984,0.95,0.9,0.8,0.02,0.35,1.0,1.38,3.0,3.981071705534973,1.0,1.0,0.7,10.0,i_hi,i,h_i,3.981071705534973,1.0
0.5,0.6931471805599453,2.88268120916951,1.1614417743032737,4.044122983472784,0.28719249613569275,-0.21280750386430725,-0.9090586942365173,-0.9090586942365173,0.5996187111057597,-0.09352846945418558,7.882131923867912e-08,0.9999998029467019,70.66666666666666,1143.2007911348896,267.9663943365342,0.9471294649859353,10.0,0.13595572156001715,2.6666666666666665,132.0,120.0,False,False,False,True,susceptible-enriched,mixed,True,0.8336624691834381,0.9583563728428407,0.41643627157159335,0.8336624691834381,0.95,0.9,0.8,0.02,0.35,1.0,1.38,3.0,5.011872336272725,1.0,1.0,0.7,10.0,i_hi,i,h_i,5.011872336272725,1.0
0.5,0.6931471805599453,3.046387038030285,0.9924183909810402,4.038805429011325,0.24572077274442464,-0.2542792272555754,-1.121566806270914,-1.121566806270914,0.5575849139248616,-0.13556226663508364,4.801048443309864e-08,0.9999998799737889,72.0,1132.8932082455872,276.05486855364387,0.901463805930374,10.000000000000002,0.13332981209035305,1.3333333333333333,136.0,121.33333333333333,False,False,False,True,susceptible-enriched,mixed,True,0.86319311139679,0.9604235177977754,0.39576482202224705,0.86319311139679,0.95,0.9,0.8,0.02,0.35,1.0,1.38,3.0,6.309573444801933,1.0,1.0,0.7,10.0,i_hi,i,h_i,6.309573444801933,1.0
0.5,0.6931471805599453,3.174072400077117,0.8599078917844087,4.033980291861526,0.21316611127705698,-0.286833888722943,-1.3059454302490678,-1.3059454302490678,0.5181214307161955,-0.17502574984374974,3.2045898135281507e-08,0.9999999198852546,73.33333333333333,1124.3484124177824,282.85312786697995,0.8642443551566932,10.0,0.13145459740004856,1.3333333333333333,141.33333333333331,122.66666666666666,False,False,False,True,susceptible-enriched,mixed,True,0.8881842302218831,0.9621728961155318,0.37827103884468183,0.8881842302218831,0.95,0.9,0.8,0.02,0.35,1.0,1.38,3.0,7.943282347242818,1.0,1.0,0.7,10.0,i_hi,i,h_i,7.943282347242818,1.0
0.5,0.6931471805599453,3.272342889457963,0.7575192585836117,4.029862148041575,0.18797646935683632,-0.3120235306431637,-1.4632125263655351,-1.4632125263655353,0.4832754852406357,-0.2098716953193096,2.3028715331835546e-08,0.9999999424282117,73.33333333333333,1117.4391249421537,288.5204096452671,0.8342094932306701,10.0,0.12991342932631322,1.3333333333333333,145.33333333333331,124.0,False,False,False,True,susceptible-enriched,susceptible-dominant,True,0.9090909090909091,0.9636363636363636,0.36363636363636365,0.9090909090909091,0.95,0.9,0.8,0.02,0.35,1.0,1.38,3.0,10.0,1.0,1.0,0.7,10.0,i_hi,i,h_i,10.0,1.0
0.5,0.6931471805599453,1.6862525299838056,2.4013773929236026,4.087629922907408,0.5874742670480245,0.08747426704802452,0.35353385754682976,0.35353385754682987,0.67776464840027,-0.015382532159675333,0.07625610867615865,0.8093597283096035,8.0,1579.9043888929937,39.19507032862544,18.541853393972815,10.0,0.5808600049346534,9.333333333333332,121.33333333333333,,False,False,False,False,resistant-enriched,mixed,True,0.04435701794430148,0.9031049912561011,0.9689500874389889,0.04435701794430148,0.95,0.9,0.8,0.02,0.35,1.0,1.38,3.0,0.1,1.3333333333333333,1.0,0.7,10.0,i_hi,i,h_i,0.1,1.3333333333333333
0.5,0.6931471805599453,1.6787574907476772,2.4044587172412886,4.083216207988966,0.5888639236239499,0.0888639236239499,0.35927088168677646,0.35927088168677646,0.6772693721757761,-0.01587780838416919,0.07235534628999438,0.8191116342750141,8.0,1576.5327425735518,40.144217029053074,14.067414814706744,10.0,0.5339288921756462,8.0,97.33333333333333,,False,False,False,False,resistant-enriched,mixed,True,0.05935094310276761,0.9041545660171938,0.9584543398280627,0.05935094310276761,0.95,0.9,0.8,0.02,0.35,1.0,1.38,3.0,0.12589254117941673,1.3333333333333333,1.0,0.7,10.0,i_hi,i,h_i,0.12589254117941673,1.3333333333333333
0.5,0.6931471805599453,1.6677310580388391,2.4093203886849155,4.077051446723755,0.5909467712557324,0.09094677125573236,0.36788065658894553,0.36788065658894564,0.6765121015595904,-0.01663507900035488,0.06812468232863295,0.8296882941784176,8.0,1571.645754103532,41.49194303985509,10.79154989193993,10.0,0.4859705138346028,6.666666666666666,78.66666666666666,,False,False,False,False,resistant-enriched,mixed,True,0.07899428263617196,0.9055295997845321,0.9447040021546796,0.07899428263617196,0.95,0.9,0.8,0.02,0.35,1.0,1.38,3.0,0.15848931924611134,1.3333333333333333,1.0,0.7,10.0,i_hi,i,h_i,0.15848931924611134,1.3333333333333333
0.5,0.6931471805599453,1.6510797672602302,2.4173092981645583,4.068389065424789,0.5941686646215981,0.09416866462159812,0.3812255830474002,0.3812255830474002,0.6753053401989901,-0.017841840360955152,0.06359517207615498,0.8410120698096126,9.333333333333332,1564.6659701860385,43.442956458920875,8.40333001421811,10.0,0.43908063931540064,6.666666666666666,64.0,,False,False,False,False,resistant-enriched,mixed,True,0.10441727916673238,0.9073092095416713,0.9269079045832873,0.10441727916673238,0.95,0.9,0.8,0.02,0.35,1.0,1.38,3.0,0.19952623149688797,1.3333333333333333,1.0,0.7,10.0,i_hi,i,h_i,0.19952623149688797,1.3333333333333333
0.5,0.6931471805599453,1.6251027864228653,2.4311481400069397,4.056250926429805,0.5993584184267333,0.09935841842673332,0.4027925644012427,0.40279256440124295,0.6732709485476933,-0.01987623201225197,0.05434216288960911,0.8641445927759772,9.333333333333332,1554.3090949158568,46.35089423455915,6.674674065384719,10.0,0.3945660567969559,5.333333333333333,53.33333333333333,,False,False,False,False,resistant-enriched,mixed,True,0.13680688860321003,0.9095764822022248,0.904235177977753,0.13680688860321003,0.95,0.9,0.8,0.02,0.35,1.0,1.38,3.0,0.251188643150958,1.3333333333333333,1.0,0.7,10.0,i_hi,i,h_i,0.251188643150958,1.3333333333333333
0.5,0.6931471805599453,1.5829742013864576,2.4567954342627445,4.039769635649202,0.608152359130233,0.10815235913023302,0.43955234826067363,0.43955234826067363,0.6695673884385545,-0.02357979212139083,0.04437359548061208,0.8890660112984698,10.666666666666666,1538.702093631005,50.88883674698528,5.433289963002435,10.0,0.34975938795883693,5.333333333333333,46.666666666666664,,False,False,False,False,resistant-enriched,mixed,True,0.17725503036342635,0.9124078521254398,0.8759214787456016,0.17725503036342635,0.95,0.9,0.8,0.02,0.35,1.0,1.38,3.0,0.31622776601683794,1.3333333333333333,1.0,0.7,10.0,i_hi,i,h_i,0.31622776601683794,1.3333333333333333
0.5,0.6931471805599453,1.5117467120802766,2.5083277268390183,4.020074438919295,0.623950567321665,0.12395056732166498,0.5063505415579662,0.5063505415579662,0.662096966675737,-0.031050213884208255,0.03220272880140519,0.919493177996487,12.0,1514.7750858328684,58.49750618200137,4.529609255995543,10.0,0.31200919888957773,4.0,45.33333333333333,,False,False,False,False,resistant-enriched,mixed,True,0.22652371251959852,0.9158566598763719,0.8414334012362811,0.22652371251959852,0.95,0.9,0.8,0.02,0.35,1.0,1.38,3.0,0.3981071705534973,1.3333333333333333,1.0,0.7,10.0,i_hi,i,h_i,0.3981071705534973,1.3333333333333333
0.5,0.6931471805599453,1.3881442129446142,2.6175566799121173,4.005700892856732,0.6534578466854433,0.15345784668544327,0.6342735612413641,0.6342735612413642,0.6452797776257435,-0.047867402934201775,0.01750747511626076,0.9562313122093481,17.333333333333332,1477.3095677078147,72.55950993891472,3.7904869131407097,10.0,0.2765581631886463,4.0,48.0,,False,False,False,False,resistant-enriched,mixed,True,0.2847472489508015,0.9199323074265561,0.8006769257344389,0.2847472489508015,0.95,0.9,0.8,0.02,0.35,1.0,1.38,3.0,0.5011872336272724,1.3333333333333333,1.0,0.7,10.0,i_hi,i,h_i,0.5011872336272724,1.3333333333333333
0.5,0.6931471805599453,1.20431498378672,2.8095766097666357,4.013891593553356,0.6999632511946884,0.19996325119468839,0.847122872200137,0.847122872200137,0.6108954360236649,-0.08225174453628037,0.005168911883005126,0.9870777202924872,25.333333333333332,1418.3121136202249,98.93989973839433,3.03190079280673,10.0,0.24214362307668014,4.0,61.33333333333333,,False,False,False,False,resistant-enriched,mixed,True,0.35114211462456424,0.9245799480237196,0.754200519762805,0.35114211462456424,0.95,0.9,0.8,0.02,0.35,1.0,1.38,3.0,0.6309573444801934,1.3333333333333333,1.0,0.7,10.0,i_hi,i,h_i,0.6309573444801934,1.3333333333333333
0.5,0.6931471805599453,1.1025102925478054,2.934321502847009,4.036831795394814,0.72688723523097,0.22688723523096999,0.9788865881170978,0.9788865881170976,0.586330345678921,-0.10681683488102434,0.000733477706531251,0.9981663057336718,37.33333333333333,1349.042887624842,133.48053736325298,2.3287523682374314,10.0,0.2199967155616191,2.6666666666666665,77.33333333333333,,False,False,False,False,resistant-enriched,mixed,True,0.42384440259474404,0.9296691081816321,0.7033089181836791,0.42384440259474404,0.95,0.9,0.8,0.02,0.35,1.0,1.38,3.0,0.7943282347242815,1.3333333333333333,1.0,0.7,10.0,i_hi,i,h_i,0.7943282347242815,1.3333333333333333
0.5,0.6931471805599453,1.1917755410895263,2.8594650300107722,4.051240571100299,0.705824544315855,0.20582454431585495,0.8751903084349323,0.8751903084349325,0.6058481009685721,-0.08729907959137317,9.041555541284485e-05,0.9997739611114679,46.666666666666664,1293.2331712179862,164.50083842780987,1.8507989891104544,9.999999999999998,0.19995071977303883,2.6666666666666665,90.66666666666666,,False,False,False,False,resistant-enriched,mixed,True,0.5,0.935,0.65,0.5,0.95,0.9,0.8,0.02,0.35,1.0,1.38,3.0,1.0,1.3333333333333333,1.0,0.7,10.0,i_hi,i,h_i,1.0,1.3333333333333333
0.5,0.6931471805599453,1.4301058899525396,2.627893685550054,4.057999575502594,0.6475835289422331,0.14758352894223314,0.6084341548467564,0.6084341548467562,0.6489297092232376,-0.044217471336707725,1.3626430544903987e-05,0.9999659339236378,53.33333333333333,1250.010096384123,191.27568856064974,1.534576638915623,10.0,0.18224716660262488,2.6666666666666665,101.33333333333333,,False,False,False,False,resistant-enriched,mixed,True,0.576155597405256,0.9403308918183679,0.5966910818163208,0.576155597405256,0.95,0.9,0.8,0.02,0.35,1.0,1.38,3.0,1.2589254117941675,1.3333333333333333,1.0,0.7,10.0,i_hi,i,h_i,1.2589254117941675,1.3333333333333333
0.5,0.6931471805599453,1.7709686266187612,2.288900146608635,4.059868773227397,0.5637867316556322,0.0637867316556322,0.2565447732903206,0.2565447732903204,0.6849874683912719,-0.008159712168673394,2.681529737500764e-06,0.9999932961756562,58.666666666666664,1215.6144058837117,214.52948786668185,1.3163367704778626,10.0,0.16724695009238305,2.6666666666666665,109.33333333333333,,False,False,False,False,resistant-enriched,mixed,True,0.6488578853754359,0.9454200519762805,0.5457994802371949,0.6488578853754359,0.95,0.9,0.8,0.02,0.35,1.0,1.38,3.0,1.584893192461114,1.3333333333333333,1.0,0.7,10.0,i_hi,i,h_i,1.584893192461114,1.3333333333333333
0.5,0.6931471805599453,2.1551919045024635,1.902669252744465,4.057861157246928,0.4688847594862852,-0.03111524051371478,-0.12462200027262565,-0.12462200027262565,0.691209612461787,-0.00193756809815826,6.897278764543213e-07,0.9999982756803089,64.0,1187.7797000586002,234.45985610860407,1.1612784757401846,10.0,0.15496896685727427,2.6666666666666665,116.0,110.66666666666666,False,False,False,True,susceptible-enriched,mixed,True,0.7152527510491986,0.9500676925734439,0.499323074265561,0.7152527510491986,0.95,0.9,0.8,0.02,0.35,1.0,1.38,3.0,1.9952623149688797,1.3333333333333333,1.0,0.7,10.0,i_hi,i,h_i,1.9952623149688797,1.3333333333333333
0.5,0.6931471805599453,2.5185824598328774,1.5342065160648597,4.052788975897737,0.378555736602352,-0.12144426339764802,-0.49568290757158884,-0.4956829075715886,0.6633526610260003,-0.029794519533944963,2.2825247768277206e-07,0.9999994293688058,66.66666666666666,1165.2317005925502,251.1956523291146,1.048456702925089,10.0,0.14519206368819018,2.6666666666666665,122.66666666666666,114.66666666666666,False,False,False,True,susceptible-enriched,mixed,True,0.7734762874804016,0.9541433401236281,0.45856659876371886,0.7734762874804016,0.95,0.9,0.8,0.02,0.35,1.0,1.38,3.0,2.511886431509581,1.3333333333333333,1.0,0.7,10.0,i_hi,i,h_i,2.511886431509581,1.3333333333333333
0.5,0.6931471805599453,2.819150247854904,1.2267815425466442,4.045931790401548,0.30321359975890483,-0.19678640024109517,-0.8320414010497916,-0.8320414010497916,0.6135626394446956,-0.07958454111524971,9.494136145293393e-08,0.9999997626465964,69.33333333333333,1147.140677765447,264.9557513397803,0.9645376686963937,10.0,0.13756959683841236,2.6666666666666665,130.66666666666666,118.66666666666666,False,False,False,True,susceptible-enriched,mixed,True,0.8227449696365737,0.9575921478745602,0.4240785212543984,0.8227449696365737,0.95,0.9,0.8,0.02,0.35,1.0,1.38,3.0,3.1622776601683795,1.3333333333333333,1.0,0.7,10.0,i_hi,i,h_i,3.1622776601683795,1.3333333333333333
0.5,0.6931471805599453,3.046387038030285,0.9924183909810402,4.038805429011325,0.24572077274442464,-0.2542792272555754,-1.121566806270914,-1.121566806270914,0.5575849139248616,-0.13556226663508364,4.801048443309864e-08,0.9999998799737889,72.0,1132.8932082455872,276.05486855364387,0.901463805930374,10.000000000000002,0.13332981209035305,1.3333333333333333,136.0,121.33333333333333,False,False,False,True,susceptible-enriched,mixed,True,0.86319311139679,0.9604235177977754,0.39576482202224705,0.86319311139679,0.95,0.9,0.8,0.02,0.35,1.0,1.38,3.0,3.981071705534973,1.3333333333333333,1.0,0.7,10.0,i_hi,i,h_i,3.981071705534973,1.3333333333333333
0.5,0.6931471805599453,3.2097661199425396,0.8227577381291601,4.032523858071699,0.20403047001998204,-0.29596952998001796,-1.3612915606584044,-1.3612915606584044,0.505939329745355,-0.18720785081459024,2.8441903652316897e-08,0.9999999288952409,73.33333333333333,1121.9181241572617,284.8599205818458,0.8534923223633255,10.0,0.13090636243321785,1.3333333333333333,142.66666666666666,124.0,False,False,False,True,susceptible-enriched,mixed,True,0.8955827208332677,0.9626907904583287,0.3730920954167126,0.8955827208332677,0.95,0.9,0.8,0.02,0.35,1.0,1.38,3.0,5.011872336272725,1.3333333333333333,1.0,0.7,10.0,i_hi,i,h_i,5.011872336272725,1.3333333333333333
0.5,0.6931471805599453,3.324706571390514,0.7028288829771597,4.027535454367674,0.17450594561867228,-0.3254940543813277,-1.5540232475135096,-1.5540232475135098,0.4629595144140305,-0.2301876661459148,1.915956712767957e-08,0.9999999521010822,74.66666666666666,1113.6305539098553,291.7468543932802,0.8178478310316034,10.0,0.12904615490816237,1.3333333333333333,148.0,125.33333333333333,False,False,False,True,susceptible-enriched,susceptible-dominant,True,0.9210057173638281,0.9644704002154679,0.3552959978453204,0.9210057173638281,0.95,0.9,0.8,0.02,0.35,1.0,1.38,3.0,6.309573444801933,1.3333333333333333,1.0,0.7,10.0,i_hi,i,h_i,6.309573444801933,1.3333333333333333
0.5,0.6931471805599453,3.405184199836352,0.6186280903895958,4.023812290225948,0.1537417865868833,-0.3462582134131167,-1.7055500451508447,-1.7055500451508447,0.4291450601995419,-0.2640021203604034,1.423734415012678e-08,0.9999999644066396,74.66666666666666,1107.4581423365794,297.0679443260664,0.7911329613674628,10.0,0.127633559626459,1.3333333333333333,152.0,126.66666666666666,False,False,False,True,susceptible-enriched,susceptible-dominant,True,0.9406490568972324,0.9658454339828063,0.3415456601719373,0.9406490568972324,0.95,0.9,0.8,0.02,0.35,1.0,1.38,3.0,7.943282347242818,1.3333333333333333,1.0,0.7,10.0,i_hi,i,h_i,7.943282347242818,1.3333333333333333
0.5,0.6931471805599453,3.461735293630874,0.5593859896943637,4.021121283325238,0.13911194173973868,-0.3608880582602613,-1.8226855370616606,-1.8226855370616608,0.4033481208835018,-0.2897990596764435,1.1393042931105801e-08,0.9999999715173927,76.0,1102.8843672734379,301.1369760911225,0.7711465638046483,10.000000000000002,0.1265695557539289,1.3333333333333333,156.0,128.0,False,False,False,True,susceptible-enriched,susceptible-dominant,True,0.9556429820556985,0.9668950087438989,0.331049912561011,0.9556429820556985,0.95,0.9,0.8,0.02,0.35,1.0,1.38,3.0,10.0,1.3333333333333333,1.0,0.7,10.0,i_hi,i,h_i,10.0,1.3333333333333333
0.5,0.6931471805599453,1.696522521594132,2.3974957933187353,4.0940183149128675,0.5856094450251039,0.08560944502510393,0.34584419268019867,0.34584419268019867,0.6784167546049961,-0.014730425954949222,0.08367618523629622,0.7908095369092595,6.666666666666666,1584.806987106433,37.84042474361694,38.142296600895804,10.0,0.6764914428984774,10.666666666666666,214.66666666666666,,False,False,False,False,resistant-enriched,mixed,True,0.021089977117186395,0.9014762983982031,0.9852370160179695,0.021089977117186395,0.95,0.9,0.8,0.02,0.35,1.0,1.38,3.0,0.1,1.6666666666666665,1.0,0.7,10.0,i_hi,i,h_i,0.1,1.6666666666666665
0.5,0.6931471805599453,1.6924871184979766,2.3989700695290974,4.091457188027074,0.5863363489539275,0.0863363489539275,0.34884039270819955,0.34884039270819966,0.6781642702212939,-0.0149829103386514,0.08045551934363883,0.7988612016409029,8.0,1582.843903540294,38.38100972084756,26.481112888383397,10.0,0.6341202355432287,10.666666666666666,161.33333333333331,,False,False,False,False,resistant-enriched,mixed,True,0.030653430031715518,0.9021457401022202,0.9785425989777992,0.030653430031715518,0.95,0.9,0.8,0.02,0.35,1.0,1.38,3.0,0.12589254117941673,1.6666666666666665,1.0,0.7,10.0,i_hi,i,h_i,0.12589254117941673,1.6666666666666665
0.5,0.6931471805599453,1.6862525299838056,2.4013773929236026,4.087629922907408,0.5874742670480245,0.08747426704802452,0.35353385754682976,0.35353385754682987,0.67776464840027,-0.015382532159675333,0.07625610867615865,0.8093597283096035,8.0,1579.9043888929937,39.19507032862544,18.541853393972815,10.0,0.5808600049346534,9.333333333333332,121.33333333333333,,False,False,False,False,resistant-enriched,mixed,True,0.04435701794430148,0.9031049912561011,0.9689500874389889,0.04435701794430148,0.95,0.9,0.8,0.02,0.35,1.0,1.38,3.0,0.15848931924611134,1.6666666666666665,1.0,0.7,10.0,i_hi,i,h_i,0.15848931924611134,1.6666666666666665
0.5,0.6931471805599453,1.6763946203803863,2.4054685143496384,4.081863134730025,0.5893065090504894,0.08930650905048942,0.3610992650138048,0.3610992650138049,0.6771099595334218,-0.016037221026523496,0.07132111067122354,0.8216972233219412,8.0,1575.483308956096,40.437490243774604,13.149905664072415,9.999999999999998,0.5222052356936011,8.0,92.0,,False,False,False,False,resistant-enriched,mixed,True,0.06378367566893509,0.9044648572968255,0.9553514270317455,0.06378367566893509,0.95,0.9,0.8,0.02,0.35,1.0,1.38,3.0,0.19952623149688797,1.6666666666666665,1.0,0.7,10.0,i_hi,i,h_i,0.19952623149688797,1.6666666666666665
0.5,0.6931471805599453,1.6602892577701616,2.41279917668947,4.073088434459631,0.5923758385102609,0.09237583851026088,0.3737957187480951,0.3737957187480952,0.6759821496127119,-0.01716503094723343,0.0659513728218988,0.835121567945253,8.0,1568.466056905112,42.37472201820181,9.502368402822468,10.000000000000002,0.4632947952086548,6.666666666666666,70.66666666666666,,False,False,False,False,resistant-enriched,mixed,True,0.09090909090909093,0.9063636363636364,0.9363636363636364,0.09090909090909093,0.95,0.9,0.8,0.02,0.35,1.0,1.38,3.0,0.251188643150958,1.6666666666666665,1.0,0.7,10.0,i_hi,i,h_i,0.251188643150958,1.6666666666666665
0.5,0.6931471805599453,1.6327699729599585,2.42689893486437,4.059668907824328,0.5978071093893719,0.09780710938937187,0.39633634143927277,0.396336341439273,0.6738907954320739,-0.019256385127871423,0.05648261151664262,0.8587934712083934,9.333333333333332,1557.2836563974108,45.50553505604882,7.055117262664549,10.0,0.4052397707146909,5.333333333333333,56.0,,False,False,False,False,resistant-enriched,mixed,True,0.12799310777667883,0.9089595175443675,0.9104048245563248,0.12799310777667883,0.95,0.9,0.8,0.02,0.35,1.0,1.38,3.0,0.31622776601683794,1.6666666666666665,1.0,0.7,10.0,i_hi,i,h_i,0.31622776601683794,1.6666666666666665
0.5,0.6931471805599453,1.5829742013864485,2.4567954342627294,4.0397696356491775,0.608152359130233,0.10815235913023302,0.43955234826067324,0.43955234826067324,0.6695673884385545,-0.02357979212139083,0.04437359548061202,0.88906601129847,10.666666666666666,1538.702093630996,50.88883674698531,5.433289963002328,10.0,0.3497593879588368,5.333333333333333,46.666666666666664,,False,False,False,False,resistant-enriched,mixed,True,0.17725503036342638,0.9124078521254398,0.8759214787456016,0.17725503036342638,0.95,0.9,0.8,0.02,0.35,1.0,1.38,3.0,0.3981071705534973,1.6666666666666665,1.0,0.7,10.0,i_hi,i,h_i,0.3981071705534973,1.6666666666666665
0.5,0.6931471805599453,1.4869049093205355,2.528474567693548,4.015379477014084,0.6296975372234985,0.12969753722349853,0.5309194657979538,0.5309194657979538,0.6591164602475008,-0.034030720312444473,0.02838294283981525,0.9290426429004619,13.333333333333332,1506.9556119556423,61.20543728882767,4.337280133072024,9.999999999999998,0.3031562561618848,4.0,45.33333333333333,,False,False,False,False,resistant-enriched,mixed,True,0.24025307335204224,0.9168177151346429,0.8318228486535705,0.24025307335204224,0.95,0.9,0.8,0.02,0.35,1.0,1.38,3.0,0.5011872336272724,1.6666666666666665,1.0,0.7,10.0,i_hi,i,h_i,0.5011872336272724,1.6666666666666665
0.5,0.6931471805599453,1.2999529478101852,2.7062804480755607,4.0062333958857455,0.6755174201420245,0.17551742014202454,0.7332470939060556,0.7332470939060556,0.6302022421031915,-0.06294493845675375,0.010552799766809617,0.973618000582976,20.0,1450.8188070059696,83.94706923832868,3.419561249938637,10.0,0.25910184809212794,4.0,53.33333333333333,,False,False,False,False,resistant-enriched,mixed,True,0.31701401305280874,0.9221909809136967,0.7780901908630339,0.31701401305280874,0.95,0.9,0.8,0.02,0.35,1.0,1.38,3.0,0.6309573444801934,1.6666666666666665,1.0,0.7,10.0,i_hi,i,h_i,0.6309573444801934,1.6666666666666665
0.5,0.6931471805599453,1.1097008199586151,2.921853983493501,4.031554803452116,0.7247461899790107,0.22474618997901075,0.9681278932287217,0.9681278932287217,0.5884146594071173,-0.10473252115282794,0.0012425317206330427,0.9968936706984174,34.666666666666664,1365.4560766381805,124.95761719607421,2.4841555083675986,10.0,0.22529566177163518,2.6666666666666665,73.33333333333333,,False,False,False,False,resistant-enriched,mixed,True,0.4052193438583777,0.9283653540700865,0.7163464592991355,0.4052193438583777,0.95,0.9,0.8,0.02,0.35,1.0,1.38,3.0,0.7943282347242815,1.6666666666666665,1.0,0.7,10.0,i_hi,i,h_i,0.7943282347242815,1.6666666666666665
0.5,0.6931471805599453,1.1917755410895263,2.8594650300107722,4.051240571100299,0.705824544315855,0.20582454431585495,0.8751903084349323,0.8751903084349325,0.6058481009685721,-0.08729907959137317,9.041555541284485e-05,0.9997739611114679,46.666666666666664,1293.2331712179862,164.50083842780987,1.8507989891104544,9.999999999999998,0.19995071977303883,2.6666666666666665,90.66666666666666,,False,False,False,False,resistant-enriched,mixed,True,0.5,0.935,0.65,0.5,0.95,0.9,0.8,0.02,0.35,1.0,1.38,3.0,1.0,1.6666666666666665,1.0,0.7,10.0,i_hi,i,h_i,1.0,1.6666666666666665
0.5,0.6931471805599453,1.5077113177547121,2.5511595431859884,4.058870860940701,0.6285392244765139,0.1285392244765139,0.5259551612229739,0.5259551612229739,0.6597285553094233,-0.03341862525052197,8.851137026345539e-06,0.9999778721574342,54.666666666666664,1240.7110694838373,197.4071353709781,1.4725311649941253,9.999999999999998,0.1782377308547683,2.6666666666666665,102.66666666666666,,False,False,False,False,resistant-enriched,mixed,True,0.5947806561416225,0.9416346459299136,0.5836535407008643,0.5947806561416225,0.95,0.9,0.8,0.02,0.35,1.0,1.38,3.0,1.2589254117941675,1.6666666666666665,1.0,0.7,10.0,i_hi,i,h_i,1.2589254117941675,1.6666666666666665
0.5,0.6931471805599453,1.961893080865016,2.0974139077171214,4.059306988582137,0.516692606303649,0.016692606303648994,0.06679524864204034,0.06679524864204012,0.692589790780707,-0.0005573897792382487,1.3141893017096183e-06,0.9999967145267458,61.33333333333333,1200.9223946127024,224.90365371154658,1.2324559807143305,10.0,0.16077727436116748,2.6666666666666665,112.0,,False,False,False,False,resistant-enriched,mixed,True,0.6829859869471915,0.9478090190863034,0.521909809136966,0.6829859869471915,0.95,0.9,0.8,0.02,0.35,1.0,1.38,3.0,1.584893192461114,1.6666666666666665,1.0,0.7,10.0,i_hi,i,h_i,1.584893192461114,1.6666666666666665
0.5,0.6931471805599453,2.432551130503809,1.6217318658876336,4.054282996391443,0.4000046043483085,-0.09999539565169152,-0.40544592336035057,-0.40544592336035035,0.6730135338676745,-0.0201336466922708,2.94517044506746e-07,0.9999992637073888,66.66666666666666,1170.432034069103,247.3010949621575,1.073537960150041,10.0,0.14741959723639603,2.6666666666666665,121.33333333333333,113.33333333333333,False,False,False,True,susceptible-enriched,mixed,True,0.7597469266479577,0.953182284865357,0.4681771513464297,0.7597469266479577,0.95,0.9,0.8,0.02,0.35,1.0,1.38,3.0,1.9952623149688797,1.6666666666666665,1.0,0.7,10.0,i_hi,i,h_i,1.9952623149688797,1.6666666666666665
0.5,0.6931471805599453,2.819150247854904,1.2267815425466442,4.045931790401548,0.30321359975890483,-0.19678640024109517,-0.8320414010497916,-0.8320414010497916,0.6135626394446956,-0.07958454111524971,9.494136145293393e-08,0.9999997626465964,69.33333333333333,1147.140677765447,264.9557513397803,0.9645376686963937,10.0,0.13756959683841236,2.6666666666666665,130.66666666666666,118.66666666666666,False,False,False,True,susceptible-enriched,mixed,True,0.8227449696365737,0.9575921478745602,0.4240785212543984,0.8227449696365737,0.95,0.9,0.8,0.02,0.35,1.0,1.38,3.0,2.511886431509581,1.6666666666666665,1.0,0.7,10.0,i_hi,i,h_i,2.511886431509581,1.6666666666666665
0.5,0.6931471805599453,3.092636097938693,0.9444923469697143,4.037128444908407,0.23395152268709712,-0.2660484773129029,-1.1861315281557823,-1.1861315281557823,0.5440071020539857,-0.14914007850595956,4.1513807972851855e-08,0.99999989621548,72.0,1129.8300227535292,278.45634614625124,0.8880043291910715,10.000000000000002,0.13266432592693564,1.3333333333333333,138.66666666666666,122.66666666666666,False,False,False,True,susceptible-enriched,mixed,True,0.8720068922233212,0.9610404824556324,0.38959517544367517,0.8720068922233212,0.95,0.9,0.8,0.02,0.35,1.0,1.38,3.0,3.1622776601683795,1.6666666666666665,1.0,0.7,10.0,i_hi,i,h_i,3.1622776601683795,1.6666666666666665
0.5,0.6931471805599453,3.272342889457963,0.7575192585836117,4.029862148041575,0.18797646935683632,-0.3120235306431637,-1.4632125263655351,-1.4632125263655353,0.4832754852406357,-0.2098716953193096,2.3028715331835546e-08,0.9999999424282117,73.33333333333333,1117.4391249421537,288.5204096452671,0.8342094932306701,10.0,0.12991342932631322,1.3333333333333333,145.33333333333331,124.0,False,False,False,True,susceptible-enriched,susceptible-dominant,True,0.9090909090909091,0.9636363636363636,0.36363636363636365,0.9090909090909091,0.95,0.9,0.8,0.02,0.35,1.0,1.38,3.0,3.981071705534973,1.6666666666666665,1.0,0.7,10.0,i_hi,i,h_i,3.981071705534973,1.6666666666666665
0.5,0.6931471805599453,3.387659497293483,0.6369759372925988,4.024635434586082,0.1582692265288643,-0.3417307734711357,-1.6711626683436103,-1.6711626683436103,0.4367886852636041,-0.2563584952963412,1.5201395253830574e-08,0.9999999619965119,74.66666666666666,1108.8336785208123,295.8664368763925,0.7969241868317012,10.0,0.12795046744370187,1.3333333333333333,152.0,126.66666666666666,False,False,False,True,susceptible-enriched,susceptible-dominant,True,0.9362163243310649,0.9655351427031745,0.3446485729682546,0.9362163243310649,0.95,0.9,0.8,0.02,0.35,1.0,1.38,3.0,5.011872336272725,1.6666666666666665,1.0,0.7,10.0,i_hi,i,h_i,5.011872336272725,1.6666666666666665
0.5,0.6931471805599453,3.461735293630874,0.5593859896943637,4.021121283325238,0.13911194173973868,-0.3608880582602613,-1.8226855370616606,-1.8226855370616608,0.4033481208835018,-0.2897990596764435,1.1393042931105801e-08,0.9999999715173927,76.0,1102.8843672734379,301.1369760911225,0.7711465638046483,10.000000000000002,0.1265695557539289,1.3333333333333333,156.0,128.0,False,False,False,True,susceptible-enriched,susceptible-dominant,True,0.9556429820556985,0.9668950087438989,0.331049912561011,0.9556429820556985,0.95,0.9,0.8,0.02,0.35,1.0,1.38,3.0,6.309573444801933,1.6666666666666665,1.0,0.7,10.0,i_hi,i,h_i,6.309573444801933,1.6666666666666665
0.5,0.6931471805599453,3.5097963227939246,0.5090210042495377,4.018817327043462,0.12665940320905578,-0.3733405967909442,-1.9308240056669008,-1.9308240056669008,0.3799866702529822,-0.31316051030696307,9.339469424358291e-09,0.9999999766513264,76.0,1098.7986089254066,304.86663458303593,0.7535274321793773,10.0,0.1256077478179874,1.3333333333333333,160.0,128.0,False,False,False,True,susceptible-enriched,susceptible-dominant,True,0.9693465699682846,0.96785425989778,0.3214574010222008,0.9693465699682846,0.95,0.9,0.8,0.02,0.35,1.0,1.38,3.0,7.943282347242818,1.6666666666666665,1.0,0.7,10.0,i_hi,i,h_i,7.943282347242818,1.6666666666666665
0.5,0.6931471805599453,3.5413370965441664,0.4759764819311506,4.017313578475317,0.1184812867189215,-0.3815187132810785,-2.00689120039805,-2.00689120039805,0.3638881001910856,-0.3292590803688597,8.160059946100252e-09,0.9999999795998501,77.33333333333333,1096.0774622591725,307.4776734408004,0.7416895335892015,9.999999999999998,0.12494246893322213,1.3333333333333333,162.66666666666666,129.33333333333331,False,False,False,True,susceptible-enriched,susceptible-dominant,True,0.9789100228828136,0.9685237016017969,0.3147629839820305,0.9789100228828136,0.95,0.9,0.8,0.02,0.35,1.0,1.38,3.0,10.0,1.6666666666666665,1.0,0.7,10.0,i_hi,i,h_i,10.0,1.6666666666666665
0.5,0.6931471805599453,1.7009416872988565,2.395964015070655,4.0969057023695115,0.5848228368265618,0.08482283682656178,0.34260362998586846,0.34260362998586824,0.6786875238384653,-0.014459656721479974,0.08509495465346559,0.7872626133663361,6.666666666666666,1586.9773369874467,37.23440910556336,78.869090110359,10.0,0.7309699203232484,12.0,374.66666666666663,,False,False,False,False,resistant-enriched,mixed,True,0.009900990099009903,0.9006930693069307,0.9930693069306931,0.009900990099009903,0.95,0.9,0.8,0.02,0.35,1.0,1.38,3.0,0.1,2.0,1.0,0.7,10.0,i_hi,i,h_i,0.1,2.0
0.5,0.6931471805599453,1.6987290606105627,2.396719098062498,4.095448158673061,0.5852153427914574,0.08521534279145737,0.3442203995690769,0.3442203995690769,0.6785527325887866,-0.01459444797115872,0.08435703945133471,0.7891074013716632,6.666666666666666,1585.8890555109542,37.53972664565866,51.21165933851219,10.000000000000002,0.7021528934064936,10.666666666666666,268.0,,False,False,False,False,resistant-enriched,mixed,True,0.015601662241829605,0.9010921163569281,0.9890788364307193,0.015601662241829605,0.95,0.9,0.8,0.02,0.35,1.0,1.38,3.0,0.12589254117941673,2.0,1.0,0.7,10.0,i_hi,i,h_i,0.12589254117941673,2.0
0.5,0.6931471805599453,1.6951107003909491,2.398004151595981,4.09311485198693,0.585862903512691,0.08586290351269099,0.3468887392132389,0.3468887392132389,0.678328965088338,-0.014818215471607332,0.08257112466541217,0.7935721883364696,8.0,1584.1170496996945,38.03089713285026,32.93725388288737,10.0,0.6610365966490824,10.666666666666666,190.66666666666666,,False,False,False,False,resistant-enriched,mixed,True,0.02450336755033599,0.9017152357285235,0.9828476427147648,0.02450336755033599,0.95,0.9,0.8,0.02,0.35,1.0,1.38,3.0,0.15848931924611134,2.0,1.0,0.7,10.0,i_hi,i,h_i,0.15848931924611134,2.0
0.5,0.6931471805599453,1.6890830817883338,2.400266012702426,4.08934909449076,0.5869555171839218,0.0869555171839218,0.3513937432939205,0.35139374329392026,0.6779474889143031,-0.015199691645642166,0.07803422291093387,0.8049144427226653,8.0,1581.2214097423966,38.828476514213705,21.355755583880637,9.999999999999998,0.6023537271381639,9.333333333333332,136.0,,False,False,False,False,resistant-enriched,mixed,True,0.038286503882254734,0.9026800552717579,0.9731994472824217,0.038286503882254734,0.95,0.9,0.8,0.02,0.35,1.0,1.38,3.0,0.19952623149688797,2.0,1.0,0.7,10.0,i_hi,i,h_i,0.19952623149688797,2.0
0.5,0.6931471805599453,1.6787574907476754,2.404458717241291,4.083216207988967,0.5888639236239502,0.08886392362395024,0.35927088168677845,0.35927088168677845,0.6772693721757759,-0.015877808384169412,0.07235534628999436,0.8191116342750141,8.0,1576.5327425735525,40.144217029053074,14.06741481470676,10.0,0.5339288921756467,8.0,97.33333333333333,,False,False,False,False,resistant-enriched,mixed,True,0.059350943102767596,0.9041545660171938,0.9584543398280627,0.059350943102767596,0.95,0.9,0.8,0.02,0.35,1.0,1.38,3.0,0.251188643150958,2.0,1.0,0.7,10.0,i_hi,i,h_i,0.251188643150958,2.0
0.5,0.6931471805599453,1.6602892577701351,2.4127991766894437,4.073088434459579,0.5923758385102621,0.0923758385102621,0.37379571874810025,0.37379571874810036,0.6759821496127114,-0.017165030947233872,0.0659513728218988,0.835121567945253,8.0,1568.466056905092,42.37472201820181,9.502368402822473,10.000000000000002,0.46329479520865485,6.666666666666666,70.66666666666666,,False,False,False,False,resistant-enriched,mixed,True,0.09090909090909091,0.9063636363636364,0.9363636363636364,0.09090909090909091,0.95,0.9,0.8,0.02,0.35,1.0,1.38,3.0,0.31622776601683794,2.0,1.0,0.7,10.0,i_hi,i,h_i,0.31622776601683794,2.0
0.5,0.6931471805599453,1.625102786422868,2.431148140006945,4.056250926429813,0.5993584184267334,0.09935841842673343,0.4027925644012433,0.4027925644012435,0.6732709485476933,-0.01987623201225197,0.05434216288960912,0.8641445927759772,9.333333333333332,1554.30909491586,46.35089423455916,6.674674065384729,10.0,0.39456605679695583,5.333333333333333,53.33333333333333,,False,False,False,False,resistant-enriched,mixed,True,0.13680688860321005,0.9095764822022248,0.904235177977753,0.13680688860321005,0.95,0.9,0.8,0.02,0.35,1.0,1.38,3.0,0.3981071705534973,2.0,1.0,0.7,10.0,i_hi,i,h_i,0.3981071705534973,2.0
0.5,0.6931471805599453,1.5521729036013947,2.477880845099104,4.030053748700499,0.6148505701439101,0.11485057014391009,0.4677478744261102,0.4677478744261102,0.6665288432262884,-0.026618337333656927,0.03882505776966343,0.9029373555758414,12.0,1528.0296845128562,54.164703281812315,4.948945800735954,9.999999999999998,0.3295142190654421,4.0,45.33333333333333,,False,False,False,False,resistant-enriched,mixed,True,0.2007600089131018,0.9140532006239172,0.8594679937608287,0.2007600089131018,0.95,0.9,0.8,0.02,0.35,1.0,1.38,3.0,0.5011872336272724,2.0,1.0,0.7,10.0,i_hi,i,h_i,0.5011872336272724,2.0
0.5,0.6931471805599453,1.3881442129446142,2.6175566799121173,4.005700892856732,0.6534578466854433,0.15345784668544327,0.6342735612413641,0.6342735612413642,0.6452797776257435,-0.047867402934201775,0.01750747511626076,0.9562313122093481,17.333333333333332,1477.3095677078147,72.55950993891472,3.7904869131407097,10.0,0.2765581631886463,4.0,48.0,,False,False,False,False,resistant-enriched,mixed,True,0.2847472489508015,0.9199323074265561,0.8006769257344389,0.2847472489508015,0.95,0.9,0.8,0.02,0.35,1.0,1.38,3.0,0.6309573444801934,2.0,1.0,0.7,10.0,i_hi,i,h_i,0.6309573444801934,2.0
0.5,0.6931471805599453,1.1299599153004718,2.8957326392514133,4.025692554551885,0.719312913246985,0.219312913246985,0.9410559906515353,0.9410559906515353,0.5936010742383281,-0.0995461063216172,0.0020727847339796295,0.9948180381650509,32.0,1382.832989112996,116.21523818695483,2.655089739657709,9.999999999999998,0.23068169184934928,2.6666666666666665,69.33333333333333,,False,False,False,False,resistant-enriched,mixed,True,0.386863179846857,0.92708042258928,0.7291957741072002,0.386863179846857,0.95,0.9,0.8,0.02,0.35,1.0,1.38,3.0,0.7943282347242815,2.0,1.0,0.7,10.0,i_hi,i,h_i,0.7943282347242815,2.0
0.5,0.6931471805599453,1.1917755410895263,2.8594650300107722,4.051240571100299,0.705824544315855,0.20582454431585495,0.8751903084349323,0.8751903084349325,0.6058481009685721,-0.08729907959137317,9.041555541284485e-05,0.9997739611114679,46.666666666666664,1293.2331712179862,164.50083842780987,1.8507989891104544,9.999999999999998,0.19995071977303883,2.6666666666666665,90.66666666666666,,False,False,False,False,resistant-enriched,mixed,True,0.5,0.935,0.65,0.5,0.95,0.9,0.8,0.02,0.35,1.0,1.38,3.0,1.0,2.0,1.0,0.7,10.0,i_hi,i,h_i,1.0,2.0
0.5,0.6931471805599453,1.5910064727089621,2.46845595700337,4.059462429712332,0.6080745910926668,0.10807459109266682,0.4392260188748405,0.4392260188748406,0.6696015588729392,-0.023545621687006135,5.847092561450757e-06,0.9999853822685963,56.0,1231.900066689272,203.32506658503218,1.4158323664791328,10.0,0.17440095107663464,2.6666666666666665,105.33333333333333,,False,False,False,False,resistant-enriched,mixed,True,0.6131368201531432,0.9429195774107201,0.5708042258927998,0.6131368201531432,0.95,0.9,0.8,0.02,0.35,1.0,1.38,3.0,1.2589254117941675,2.0,1.0,0.7,10.0,i_hi,i,h_i,1.2589254117941675,2.0
0.5,0.6931471805599453,2.155191904501953,1.9026692527440079,4.057861157245961,0.46888475948628433,-0.03111524051371567,-0.12462200027262917,-0.12462200027262917,0.691209612461787,-0.00193756809815826,6.897278764542886e-07,0.9999982756803089,64.0,1187.7797000583223,234.45985610860367,1.1612784757401775,10.0,0.15496896685727427,2.6666666666666665,116.0,110.66666666666666,False,False,False,True,susceptible-enriched,mixed,True,0.7152527510491987,0.9500676925734439,0.4993230742655609,0.7152527510491987,0.95,0.9,0.8,0.02,0.35,1.0,1.38,3.0,1.584893192461114,2.0,1.0,0.7,10.0,i_hi,i,h_i,1.584893192461114,2.0
0.5,0.6931471805599453,2.6780360772313956,1.371451220941452,4.049487298172847,0.3386728047178365,-0.1613271952821635,-0.6692142543333462,-0.6692142543333462,0.640151229648104,-0.05299595091184128,1.434103616067195e-07,0.999999641474096,68.0,1155.6319753787884,258.4301121120884,1.0036120169712808,10.0,0.14113538001304402,2.6666666666666665,126.66666666666666,117.33333333333333,False,False,False,True,susceptible-enriched,mixed,True,0.7992399910868984,0.9559467993760828,0.4405320062391712,0.7992399910868984,0.95,0.9,0.8,0.02,0.35,1.0,1.38,3.0,1.9952623149688797,2.0,1.0,0.7,10.0,i_hi,i,h_i,1.9952623149688797,2.0
0.5,0.6931471805599453,3.046387038014318,0.9924183909773776,4.0388054289916955,0.24572077274471205,-0.25427922725528795,-1.1215668062693636,-1.1215668062693636,0.557584913925184,-0.13556226663476134,4.801048443310597e-08,0.9999998799737889,72.0,1132.8932082407177,276.05486855355406,0.9014638059301123,10.000000000000002,0.13332981209035324,1.3333333333333333,136.0,121.33333333333333,False,False,False,True,susceptible-enriched,mixed,True,0.8631931113967901,0.9604235177977754,0.39576482202224694,0.8631931113967901,0.95,0.9,0.8,0.02,0.35,1.0,1.38,3.0,2.511886431509581,2.0,1.0,0.7,10.0,i_hi,i,h_i,2.511886431509581,2.0
0.5,0.6931471805599453,3.272342889457963,0.7575192585836117,4.029862148041575,0.18797646935683632,-0.3120235306431637,-1.4632125263655351,-1.4632125263655353,0.4832754852406357,-0.2098716953193096,2.3028715331835546e-08,0.9999999424282117,73.33333333333333,1117.4391249421537,288.5204096452671,0.8342094932306701,10.0,0.12991342932631322,1.3333333333333333,145.33333333333331,124.0,False,False,False,True,susceptible-enriched,susceptible-dominant,True,0.9090909090909091,0.9636363636363636,0.36363636363636365,0.9090909090909091,0.95,0.9,0.8,0.02,0.35,1.0,1.38,3.0,3.1622776601683795,2.0,1.0,0.7,10.0,i_hi,i,h_i,3.1622776601683795,2.0
0.5,0.6931471805599453,3.405184199836352,0.6186280903895958,4.023812290225948,0.1537417865868833,-0.3462582134131167,-1.7055500451508447,-1.7055500451508447,0.4291450601995419,-0.2640021203604034,1.423734415012678e-08,0.9999999644066396,74.66666666666666,1107.4581423365794,297.0679443260664,0.7911329613674628,10.0,0.127633559626459,1.3333333333333333,152.0,126.66666666666666,False,False,False,True,susceptible-enriched,susceptible-dominant,True,0.9406490568972324,0.9658454339828063,0.3415456601719373,0.9406490568972324,0.95,0.9,0.8,0.02,0.35,1.0,1.38,3.0,3.981071705534973,2.0,1.0,0.7,10.0,i_hi,i,h_i,3.981071705534973,2.0
0.5,0.6931471805599453,3.4834471323605074,0.5366327834556818,4.020079915816189,0.1334880884691891,-0.36651191153081086,-1.8704636068691602,-1.8704636068691605,0.3929640346354985,-0.3001831459244468,1.0422722588474088e-08,0.9999999739431935,76.0,1101.079911401469,302.78771790954215,0.7635133946982223,10.0,0.12614224238194158,1.3333333333333333,157.33333333333331,128.0,False,False,False,True,susceptible-enriched,susceptible-dominant,True,0.9617134961177453,0.9673199447282421,0.32680055271757835,0.9617134961177453,0.95,0.9,0.8,0.02,0.35,1.0,1.38,3.0,5.011872336272725,2.0,1.0,0.7,10.0,i_hi,i,h_i,5.011872336272725,2.0
0.5,0.6931471805599453,3.530265168361791,0.48757441668878415,4.0178395850505755,0.12135238512332161,-0.3786476148766784,-1.9796853372160228,-1.9796853372160226,0.3696108923415472,-0.3235362882183981,8.563958618238788e-09,0.9999999785901035,76.0,1097.038126280973,306.54479007585013,0.7457873374749984,10.0,0.12517936269153906,1.3333333333333333,161.33333333333331,128.0,False,False,False,True,susceptible-enriched,susceptible-dominant,True,0.975496632449664,0.9682847642714765,0.3171523572852353,0.975496632449664,0.95,0.9,0.8,0.02,0.35,1.0,1.38,3.0,6.309573444801933,2.0,1.0,0.7,10.0,i_hi,i,h_i,6.309573444801933,2.0
0.5,0.6931471805599453,3.55871323048609,0.4577807621498594,4.016493992635949,0.11397521395256129,-0.38602478604743873,-2.050763922150364,-2.050763922150364,0.354746610338794,-0.3384005702211513,7.538251855598753e-09,0.9999999811543704,77.33333333333333,1094.5136141798391,308.9800146007083,0.7350300991597636,10.0,0.12456286503177966,1.3333333333333333,164.0,129.33333333333331,False,False,False,True,susceptible-enriched,susceptible-dominant,True,0.9843983377581705,0.9689078836430719,0.3109211635692807,0.9843983377581705,0.95,0.9,0.8,0.02,0.35,1.0,1.38,3.0,7.943282347242818,2.0,1.0,0.7,10.0,i_hi,i,h_i,7.943282347242818,2.0
0.5,0.6931471805599453,3.5762101491644525,0.43946477914169485,4.015674928306147,0.10943733917403159,-0.3905626608259684,-2.0965013256692995,-2.0965013256692995,0.34533733949302486,-0.3478098410669204,6.951513219217307e-09,0.9999999826212169,77.33333333333333,1092.8872180548483,310.54369432734046,0.7278922817037576,10.0,0.12417025322470865,1.3333333333333333,166.66666666666666,129.33333333333331,False,False,False,True,susceptible-enriched,susceptible-dominant,True,0.9900990099009901,0.9693069306930693,0.306930693069307,0.9900990099009901,0.95,0.9,0.8,0.02,0.35,1.0,1.38,3.0,10.0,2.0,1.0,0.7,10.0,i_hi,i,h_i,10.0,2.0
0.5,0.6931471805599453,1.7029217531612713,2.3953081407979786,4.09822989395925,0.5844738345031935,0.08447383450319346,0.3411664284730024,0.34116642847300216,0.6788068424978211,-0.014340338062124203,0.08580827952424788,0.7854793011893804,6.666666666666666,1587.954927705232,36.957720744232745,144.15105821063185,10.0,0.7612049021361127,12.0,,,False,False,False,False,resistant-enriched,mixed,True,0.004620144024698061,0.9003234100817289,0.9967658991827114,0.004620144024698061,0.95,0.9,0.8,0.02,0.35,1.0,1.38,3.0,0.1,2.333333333333333,1.0,0.7,10.0,i_hi,i,h_i,0.1,2.333333333333333
0.5,0.6931471805599453,1.7017065248395684,2.395707491247542,4.097414016087111,0.5846876790682138,0.08468767906821384,0.3420470049890031,0.3420470049890033,0.6787337917604113,-0.014413388799534022,0.08536440527406536,0.7865889868148366,6.666666666666666,1587.3541252147656,37.12786854076612,96.4689792860283,10.000000000000002,0.7423512813093998,12.0,,,False,False,False,False,resistant-enriched,mixed,True,0.007880683850330292,0.9005516478695231,0.9944835213047688,0.007880683850330292,0.95,0.9,0.8,0.02,0.35,1.0,1.38,3.0,0.12589254117941673,2.333333333333333,1.0,0.7,10.0,i_hi,i,h_i,0.12589254117941673,2.333333333333333
0.5,0.6931471805599453,1.6995888488730113,2.396423316662926,4.096012165535937,0.5850625485994789,0.08506254859947893,0.3435909728445635,0.3435909728445633,0.6786052793793684,-0.014541901180576855,0.08463677008666004,0.78840807478335,6.666666666666666,1586.3116939466179,37.42158208349109,59.28997300662374,10.0,0.7126850695385251,10.666666666666666,300.0,,False,False,False,False,resistant-enriched,mixed,True,0.013411257127919733,0.9009387879989544,0.9906121200104562,0.013411257127919733,0.95,0.9,0.8,0.02,0.35,1.0,1.38,3.0,0.15848931924611134,2.333333333333333,1.0,0.7,10.0,i_hi,i,h_i,0.15848931924611134,2.333333333333333
0.5,0.6931471805599453,1.6958461267795875,2.3977379057588,4.093584032538388,0.5857307158470589,0.08573071584705894,0.346343947498211,0.346343947498211,0.6783747834930751,-0.014772397066870169,0.08320899231819671,0.7919775192045082,8.0,1584.476037595105,37.93183716624488,35.440770198106456,10.000000000000002,0.6689998012551818,10.666666666666666,202.66666666666666,,False,False,False,False,resistant-enriched,mixed,True,0.022734184192685785,0.901591392893488,0.9840860710651199,0.022734184192685785,0.95,0.9,0.8,0.02,0.35,1.0,1.38,3.0,0.19952623149688797,2.333333333333333,1.0,0.7,10.0,i_hi,i,h_i,0.19952623149688797,2.333333333333333
0.5,0.6931471805599453,1.6890830817883158,2.400266012702403,4.089349094490719,0.586955517183922,0.08695551718392203,0.3513937432939214,0.3513937432939212,0.6779474889143031,-0.015199691645642166,0.07803422291093388,0.8049144427226653,8.0,1581.2214097423812,38.828476514213705,21.35575558388091,9.999999999999998,0.6023537271381644,9.333333333333332,136.0,,False,False,False,False,resistant-enriched,mixed,True,0.03828650388225475,0.9026800552717579,0.9731994472824217,0.03828650388225475,0.95,0.9,0.8,0.02,0.35,1.0,1.38,3.0,0.251188643150958,2.333333333333333,1.0,0.7,10.0,i_hi,i,h_i,0.251188643150958,2.333333333333333
0.5,0.6931471805599453,1.6763946203803863,2.4054685143496384,4.081863134730025,0.5893065090504894,0.08930650905048942,0.3610992650138048,0.3610992650138049,0.6771099595334218,-0.016037221026523496,0.07132111067122354,0.8216972233219412,8.0,1575.483308956096,40.437490243774604,13.149905664072415,9.999999999999998,0.5222052356936011,8.0,92.0,,False,False,False,False,resistant-enriched,mixed,True,0.06378367566893509,0.9044648572968255,0.9553514270317455,0.06378367566893509,0.95,0.9,0.8,0.02,0.35,1.0,1.38,3.0,0.31622776601683794,2.333333333333333,1.0,0.7,10.0,i_hi,i,h_i,0.31622776601683794,2.333333333333333
0.5,0.6931471805599453,1.6510797672602262,2.4173092981645596,4.068389065424785,0.5941686646215989,0.0941686646215989,0.38122558304740317,0.38122558304740317,0.6753053401989898,-0.017841840360955485,0.06359517207615502,0.8410120698096124,9.333333333333332,1564.6659701860372,43.44295645892087,8.403330014218108,10.0,0.43908063931540053,6.666666666666666,64.0,,False,False,False,False,resistant-enriched,mixed,True,0.10441727916673242,0.9073092095416713,0.9269079045832873,0.10441727916673242,0.95,0.9,0.8,0.02,0.35,1.0,1.38,3.0,0.3981071705534973,2.333333333333333,1.0,0.7,10.0,i_hi,i,h_i,0.3981071705534973,2.333333333333333
0.5,0.6931471805599453,1.595583599314451,2.4487222520702483,4.044305851384699,0.6054740521743301,0.10547405217433015,0.428326796444029,0.428326796444029,0.6707296058053338,-0.02241757475461148,0.0474582167499761,0.8813544581250597,10.666666666666666,1543.2139118051625,49.543061832455464,5.706130387788561,10.0,0.3612114895975982,5.333333333333333,48.0,,False,False,False,False,resistant-enriched,mixed,True,0.16633753081656197,0.9116436271571594,0.8835637284284066,0.16633753081656197,0.95,0.9,0.8,0.02,0.35,1.0,1.38,3.0,0.5011872336272724,2.333333333333333,1.0,0.7,10.0,i_hi,i,h_i,0.5011872336272724,2.333333333333333
0.5,0.6931471805599453,1.4583354120952583,2.5528687289906173,4.011204141085876,0.6364345067462781,0.1364345067462781,0.5599220620251282,0.5599220620251282,0.6554421028636396,-0.03770507769630571,0.024839178761245882,0.9379020530968853,14.666666666666666,1498.1597567022604,64.38128177487275,4.152268187712269,10.0,0.2942761875156258,4.0,45.33333333333333,,False,False,False,False,resistant-enriched,mixed,True,0.2545407159009288,0.917817850113065,0.8218214988693499,0.2545407159009288,0.95,0.9,0.8,0.02,0.35,1.0,1.38,3.0,0.6309573444801934,2.333333333333333,1.0,0.7,10.0,i_hi,i,h_i,0.6309573444801934,2.333333333333333
0.5,0.6931471805599453,1.1623902108934774,2.857214561268108,4.0196047721615855,0.7108197753809538,0.21081977538095376,0.89936880885035,0.8993688088503498,0.6014160359460687,-0.09173114461387655,0.003343279800281078,0.9916418004992973,28.0,1400.6426035441389,107.44415310464588,2.839282536239277,10.0,0.23613886926761415,2.6666666666666665,65.33333333333333,,False,False,False,False,resistant-enriched,mixed,True,0.36882291180490384,0.9258176038263433,0.7418239617365674,0.36882291180490384,0.95,0.9,0.8,0.02,0.35,1.0,1.38,3.0,0.7943282347242815,2.333333333333333,1.0,0.7,10.0,i_hi,i,h_i,0.7943282347242815,2.333333333333333
0.5,0.6931471805599453,1.1917755410895263,2.8594650300107722,4.051240571100299,0.705824544315855,0.20582454431585495,0.8751903084349323,0.8751903084349325,0.6058481009685721,-0.08729907959137317,9.041555541284485e-05,0.9997739611114679,46.666666666666664,1293.2331712179862,164.50083842780987,1.8507989891104544,9.999999999999998,0.19995071977303883,2.6666666666666665,90.66666666666666,,False,False,False,False,resistant-enriched,mixed,True,0.5,0.935,0.65,0.5,0.95,0.9,0.8,0.02,0.35,1.0,1.38,3.0,1.0,2.333333333333333,1.0,0.7,10.0,i_hi,i,h_i,1.0,2.333333333333333
0.5,0.6931471805599453,1.6790886500460045,2.3807044295879574,4.059793079633962,0.5864102881328637,0.08641028813286367,0.34914524669450536,0.34914524669450536,0.6781384659788494,-0.015008714581095872,3.927177876568117e-06,0.9999901820553085,57.33333333333333,1223.4956606259545,209.03202678574698,1.3639133885169694,10.000000000000002,0.17073751991587308,2.6666666666666665,106.66666666666666,,False,False,False,False,resistant-enriched,mixed,True,0.6311770881950962,0.9441823961736567,0.5581760382634327,0.6311770881950962,0.95,0.9,0.8,0.02,0.35,1.0,1.38,3.0,1.2589254117941675,2.333333333333333,1.0,0.7,10.0,i_hi,i,h_i,1.2589254117941675,2.333333333333333
0.5,0.6931471805599453,2.342884088021943,1.7127557666812578,4.055639854703201,0.4223145614606355,-0.07768543853936449,-0.3132790538848821,-0.313279053884882,0.6810280886899163,-0.01211909187002902,3.8453892693484363e-07,0.9999990386526827,65.33333333333333,1175.9100236435652,243.21599385214273,1.100569640272164,10.0,0.14978783106917906,2.6666666666666665,120.0,112.0,False,False,False,True,susceptible-enriched,mixed,True,0.7454592840990715,0.9521821498869351,0.47817850113064997,0.7454592840990715,0.95,0.9,0.8,0.02,0.35,1.0,1.38,3.0,1.584893192461114,2.333333333333333,1.0,0.7,10.0,i_hi,i,h_i,1.584893192461114,2.333333333333333
0.5,0.6931471805599453,2.88268120916951,1.1614417743032737,4.044122983472784,0.28719249613569275,-0.21280750386430725,-0.9090586942365173,-0.9090586942365173,0.5996187111057597,-0.09352846945418558,7.882131923867912e-08,0.9999998029467019,70.66666666666666,1143.2007911348896,267.9663943365342,0.9471294649859353,10.0,0.13595572156001715,2.6666666666666665,132.0,120.0,False,False,False,True,susceptible-enriched,mixed,True,0.8336624691834381,0.9583563728428407,0.41643627157159335,0.8336624691834381,0.95,0.9,0.8,0.02,0.35,1.0,1.38,3.0,1.9952623149688797,2.333333333333333,1.0,0.7,10.0,i_hi,i,h_i,1.9952623149688797,2.333333333333333
0.5,0.6931471805599453,3.2097661199425396,0.8227577381291601,4.032523858071699,0.20403047001998204,-0.29596952998001796,-1.3612915606584044,-1.3612915606584044,0.505939329745355,-0.18720785081459024,2.8441903652316897e-08,0.9999999288952409,73.33333333333333,1121.9181241572617,284.8599205818458,0.8534923223633255,10.0,0.13090636243321785,1.3333333333333333,142.66666666666666,124.0,False,False,False,True,susceptible-enriched,mixed,True,0.8955827208332677,0.9626907904583287,0.3730920954167126,0.8955827208332677,0.95,0.9,0.8,0.02,0.35,1.0,1.38,3.0,2.511886431509581,2.333333333333333,1.0,0.7,10.0,i_hi,i,h_i,2.511886431509581,2.333333333333333
0.5,0.6931471805599453,3.387659497293483,0.6369759372925988,4.024635434586082,0.1582692265288643,-0.3417307734711357,-1.6711626683436103,-1.6711626683436103,0.4367886852636041,-0.2563584952963412,1.5201395253830574e-08,0.9999999619965119,74.66666666666666,1108.8336785208123,295.8664368763925,0.7969241868317012,10.0,0.12795046744370187,1.3333333333333333,152.0,126.66666666666666,False,False,False,True,susceptible-enriched,susceptible-dominant,True,0.9362163243310649,0.9655351427031745,0.3446485729682546,0.9362163243310649,0.95,0.9,0.8,0.02,0.35,1.0,1.38,3.0,3.1622776601683795,2.333333333333333,1.0,0.7,10.0,i_hi,i,h_i,3.1622776601683795,2.333333333333333
0.5,0.6931471805599453,3.4834471323605074,0.5366327834556818,4.020079915816189,0.1334880884691891,-0.36651191153081086,-1.8704636068691602,-1.8704636068691605,0.3929640346354985,-0.3001831459244468,1.0422722588474088e-08,0.9999999739431935,76.0,1101.079911401469,302.78771790954215,0.7635133946982223,10.0,0.12614224238194158,1.3333333333333333,157.33333333333331,128.0,False,False,False,True,susceptible-enriched,susceptible-dominant,True,0.9617134961177453,0.9673199447282421,0.32680055271757835,0.9617134961177453,0.95,0.9,0.8,0.02,0.35,1.0,1.38,3.0,3.981071705534973,2.333333333333333,1.0,0.7,10.0,i_hi,i,h_i,3.981071705534973,2.333333333333333
0.5,0.6931471805599453,3.536029385928933,0.4815360638164344,4.0175654497453674,0.11985767745164028,-0.3801423225483597,-1.9937786068979997,-1.9937786068979997,0.3666413275937692,-0.32650585296617607,8.355410976064649e-09,0.9999999791114725,76.0,1096.5405281384644,307.02817067057526,0.743655684219504,10.0,0.12505650194458767,1.3333333333333333,162.66666666666666,129.33333333333331,False,False,False,True,susceptible-enriched,susceptible-dominant,True,0.9772658158073142,0.968408607106512,0.31591392893488013,0.9772658158073142,0.95,0.9,0.8,0.02,0.35,1.0,1.38,3.0,5.011872336272725,2.333333333333333,1.0,0.7,10.0,i_hi,i,h_i,5.011872336272725,2.333333333333333
0.5,0.6931471805599453,3.565502832938257,0.4506727818543679,4.016175614792624,0.11221441119118951,-0.3877855888088105,-2.0683188329634756,-2.0683188329634756,0.3511201991854648,-0.3420269813744805,7.3059999959098245e-09,0.999999981735,77.33333333333333,1093.884810544621,309.58048480868536,0.7322969135501566,10.0,0.12441180727722959,1.3333333333333333,165.33333333333331,129.33333333333331,False,False,False,True,susceptible-enriched,susceptible-dominant,True,0.9865887428720803,0.9690612120010457,0.30938787998954387,0.9865887428720803,0.95,0.9,0.8,0.02,0.35,1.0,1.38,3.0,6.309573444801933,2.333333333333333,1.0,0.7,10.0,i_hi,i,h_i,6.309573444801933,2.333333333333333
0.5,0.6931471805599453,3.582279229558244,0.4331150538386675,4.015394283396912,0.1078636425891069,-0.3921363574108931,-2.112751127156037,-2.112751127156037,0.3420253234918257,-0.3511218570681196,6.756837768243632e-09,0.9999999831079056,77.33333333333333,1092.3238105433782,311.0986951330583,0.7253896314678563,10.0,0.12403152166026861,1.3333333333333333,166.66666666666666,129.33333333333331,False,False,False,True,susceptible-enriched,susceptible-dominant,True,0.9921193161496697,0.9694483521304769,0.30551647869523124,0.9921193161496697,0.95,0.9,0.8,0.02,0.35,1.0,1.38,3.0,7.943282347242818,2.333333333333333,1.0,0.7,10.0,i_hi,i,h_i,7.943282347242818,2.333333333333333
0.5,0.6931471805599453,3.591931214041561,0.4230219309837631,4.014953145025324,0.10536161088402811,-0.3946383891159719,-2.139021255473401,-2.139021255473401,0.33670640205036295,-0.35644077850958233,6.456364044691285e-09,0.9999999838590898,77.33333333333333,1091.4336423419045,311.9954376738809,0.7214623052869736,10.0,0.12380807527836792,1.3333333333333333,168.0,129.33333333333331,False,False,False,True,susceptible-enriched,susceptible-dominant,True,0.995379855975302,0.9696765899182711,0.30323410081728863,0.995379855975302,0.95,0.9,0.8,0.02,0.35,1.0,1.38,3.0,10.0,2.333333333333333,1.0,0.7,10.0,i_hi,i,h_i,10.0,2.333333333333333
0.5,0.6931471805599453,1.7038255014799504,2.3950150282344036,4.098840529714354,0.5843152498546488,0.08431524985464878,0.34051348775152457,0.34051348775152457,0.6788608944818373,-0.014286286078108001,0.08615224574274018,0.7846193856431496,6.666666666666666,1588.4032354505653,36.83025864133785,211.139575504691,10.0,0.7759019971784636,12.0,,,False,False,False,False,resistant-enriched,mixed,True,0.002149803079700241,0.900150486215579,0.9984951378442098,0.002149803079700241,0.95,0.9,0.8,0.02,0.35,1.0,1.38,3.0,0.1,2.6666666666666665,1.0,0.7,10.0,i_hi,i,h_i,0.1,2.6666666666666665
0.5,0.6931471805599453,1.7031627658073523,2.3952296938480444,4.098392459655397,0.5844315100192824,0.0844315100192824,0.34099215879491046,0.34099215879491046,0.6788212785028789,-0.014325902057066409,0.08589880789632258,0.7852529802591935,6.666666666666666,1588.074346045379,36.923811287525915,158.37663718870238,10.0,0.7650657064460449,12.0,,,False,False,False,False,resistant-enriched,mixed,True,0.003965285619152202,0.9002775699933406,0.9972243000665935,0.003965285619152202,0.95,0.9,0.8,0.02,0.35,1.0,1.38,3.0,0.12589254117941673,2.6666666666666665,1.0,0.7,10.0,i_hi,i,h_i,0.12589254117941673,2.6666666666666665
0.5,0.6931471805599453,1.7019236921468521,2.395635472437369,4.097559164584221,0.5846493915556321,0.08464939155563211,0.3418893337077427,0.3418893337077428,0.6787468848709843,-0.014400295688960951,0.08544226533493335,0.7863943366626667,6.666666666666666,1587.461307559578,37.09754645416957,102.81986521277352,10.0,0.7456491769898759,12.0,,,False,False,False,False,resistant-enriched,mixed,True,0.007302700791854772,0.9005111890554298,0.9948881094457016,0.007302700791854772,0.95,0.9,0.8,0.02,0.35,1.0,1.38,3.0,0.15848931924611134,2.6666666666666665,1.0,0.7,10.0,i_hi,i,h_i,0.15848931924611134,2.6666666666666665
0.5,0.6931471805599453,1.6995888488730113,2.396423316662926,4.096012165535937,0.5850625485994789,0.08506254859947893,0.3435909728445635,0.3435909728445633,0.6786052793793684,-0.014541901180576855,0.08463677008666004,0.78840807478335,6.666666666666666,1586.3116939466179,37.42158208349109,59.28997300662374,10.0,0.7126850695385251,10.666666666666666,300.0,,False,False,False,False,resistant-enriched,mixed,True,0.013411257127919733,0.9009387879989544,0.9906121200104562,0.013411257127919733,0.95,0.9,0.8,0.02,0.35,1.0,1.38,3.0,0.19952623149688797,2.6666666666666665,1.0,0.7,10.0,i_hi,i,h_i,0.19952623149688797,2.6666666666666665
0.5,0.6931471805599453,1.6951107003909744,2.398004151596016,4.09311485198699,0.5858629035126909,0.08586290351269088,0.3468887392132386,0.3468887392132386,0.678328965088338,-0.014818215471607332,0.08257112466541211,0.7935721883364697,8.0,1584.1170496997174,38.030897132850264,32.937253882887255,10.0,0.6610365966490825,10.666666666666666,190.66666666666666,,False,False,False,False,resistant-enriched,mixed,True,0.024503367550335994,0.9017152357285235,0.9828476427147648,0.024503367550335994,0.95,0.9,0.8,0.02,0.35,1.0,1.38,3.0,0.251188643150958,2.6666666666666665,1.0,0.7,10.0,i_hi,i,h_i,0.251188643150958,2.6666666666666665
0.5,0.6931471805599453,1.6862525299838056,2.4013773929236026,4.087629922907408,0.5874742670480245,0.08747426704802452,0.35353385754682976,0.35353385754682987,0.67776464840027,-0.015382532159675333,0.07625610867615865,0.8093597283096035,8.0,1579.9043888929937,39.19507032862544,18.541853393972815,10.0,0.5808600049346534,9.333333333333332,121.33333333333333,,False,False,False,False,resistant-enriched,mixed,True,0.04435701794430148,0.9031049912561011,0.9689500874389889,0.04435701794430148,0.95,0.9,0.8,0.02,0.35,1.0,1.38,3.0,0.31622776601683794,2.6666666666666665,1.0,0.7,10.0,i_hi,i,h_i,0.31622776601683794,2.6666666666666665
0.5,0.6931471805599453,1.6677310580388527,2.409320388684931,4.077051446723784,0.5909467712557319,0.09094677125573192,0.36788065658894387,0.367880656588944,0.6765121015595905,-0.01663507900035477,0.06812468232863295,0.8296882941784176,8.0,1571.6457541035434,41.49194303985509,10.791549891939958,10.0,0.4859705138346028,6.666666666666666,78.66666666666666,,False,False,False,False,resistant-enriched,mixed,True,0.07899428263617199,0.9055295997845321,0.9447040021546796,0.07899428263617199,0.95,0.9,0.8,0.02,0.35,1.0,1.38,3.0,0.3981071705534973,2.6666666666666665,1.0,0.7,10.0,i_hi,i,h_i,0.3981071705534973,2.6666666666666665
0.5,0.6931471805599453,1.625102786422868,2.431148140006945,4.056250926429813,0.5993584184267334,0.09935841842673343,0.4027925644012433,0.4027925644012435,0.6732709485476933,-0.01987623201225197,0.05434216288960912,0.8641445927759772,9.333333333333332,1554.30909491586,46.35089423455916,6.674674065384729,10.0,0.39456605679695583,5.333333333333333,53.33333333333333,,False,False,False,False,resistant-enriched,mixed,True,0.13680688860321005,0.9095764822022248,0.904235177977753,0.13680688860321005,0.95,0.9,0.8,0.02,0.35,1.0,1.38,3.0,0.5011872336272724,2.6666666666666665,1.0,0.7,10.0,i_hi,i,h_i,0.5011872336272724,2.6666666666666665
0.5,0.6931471805599453,1.5117467120802899,2.508327726839037,4.020074438919327,0.6239505673216648,0.12395056732166476,0.5063505415579648,0.5063505415579648,0.662096966675737,-0.031050213884208255,0.03220272880140522,0.919493177996487,12.0,1514.7750858328804,58.497506182001416,4.529609255995532,10.0,0.3120091988895777,4.0,45.33333333333333,,False,False,False,False,resistant-enriched,mixed,True,0.22652371251959857,0.9158566598763719,0.841433401236281,0.22652371251959857,0.95,0.9,0.8,0.02,0.35,1.0,1.38,3.0,0.6309573444801934,2.6666666666666665,1.0,0.7,10.0,i_hi,i,h_i,0.6309573444801934,2.6666666666666665
0.5,0.6931471805599453,1.2043149837874414,2.809576609768087,4.013891593555528,0.6999632511946711,0.19996325119467107,0.8471228722000546,0.8471228722000546,0.6108954360236796,-0.08225174453626571,0.005168911883006806,0.987077720292483,25.333333333333332,1418.3121136209975,98.93989973838822,3.031900792808948,10.0,0.24214362307666537,4.0,61.33333333333333,,False,False,False,False,resistant-enriched,mixed,True,0.3511421146245642,0.9245799480237195,0.7542005197628051,0.3511421146245642,0.95,0.9,0.8,0.02,0.35,1.0,1.38,3.0,0.7943282347242815,2.6666666666666665,1.0,0.7,10.0,i_hi,i,h_i,0.7943282347242815,2.6666666666666665
0.5,0.6931471805599453,1.1917755410895263,2.8594650300107722,4.051240571100299,0.705824544315855,0.20582454431585495,0.8751903084349323,0.8751903084349325,0.6058481009685721,-0.08729907959137317,9.041555541284485e-05,0.9997739611114679,46.666666666666664,1293.2331712179862,164.50083842780987,1.8507989891104544,9.999999999999998,0.19995071977303883,2.6666666666666665,90.66666666666666,,False,False,False,False,resistant-enriched,mixed,True,0.5,0.935,0.65,0.5,0.95,0.9,0.8,0.02,0.35,1.0,1.38,3.0,1.0,2.6666666666666665,1.0,0.7,10.0,i_hi,i,h_i,1.0,2.6666666666666665
0.5,0.6931471805599453,1.7709686266187565,2.288900146608624,4.059868773227381,0.5637867316556316,0.06378673165563165,0.2565447732903184,0.25654477329031816,0.684987468391272,-0.008159712168673283,2.6815297375008424e-06,0.9999932961756562,58.666666666666664,1215.614405883721,214.52948786667895,1.3163367704778852,10.0,0.16724695009238078,2.6666666666666665,109.33333333333333,,False,False,False,False,resistant-enriched,mixed,True,0.648857885375436,0.9454200519762805,0.5457994802371948,0.648857885375436,0.95,0.9,0.8,0.02,0.35,1.0,1.38,3.0,1.2589254117941675,2.6666666666666665,1.0,0.7,10.0,i_hi,i,h_i,1.2589254117941675,2.6666666666666665
0.5,0.6931471805599453,2.5185824598328774,1.5342065160648597,4.052788975897737,0.378555736602352,-0.12144426339764802,-0.49568290757158884,-0.4956829075715886,0.6633526610260003,-0.029794519533944963,2.2825247768277206e-07,0.9999994293688058,66.66666666666666,1165.2317005925502,251.1956523291146,1.048456702925089,10.0,0.14519206368819018,2.6666666666666665,122.66666666666666,114.66666666666666,False,False,False,True,susceptible-enriched,mixed,True,0.7734762874804016,0.9541433401236281,0.45856659876371886,0.7734762874804016,0.95,0.9,0.8,0.02,0.35,1.0,1.38,3.0,1.584893192461114,2.6666666666666665,1.0,0.7,10.0,i_hi,i,h_i,1.584893192461114,2.6666666666666665
0.5,0.6931471805599453,3.046387038030285,0.9924183909810402,4.038805429011325,0.24572077274442464,-0.2542792272555754,-1.121566806270914,-1.121566806270914,0.5575849139248616,-0.13556226663508364,4.801048443309864e-08,0.9999998799737889,72.0,1132.8932082455872,276.05486855364387,0.901463805930374,10.000000000000002,0.13332981209035305,1.3333333333333333,136.0,121.33333333333333,False,False,False,True,susceptible-enriched,mixed,True,0.86319311139679,0.9604235177977754,0.39576482202224705,0.86319311139679,0.95,0.9,0.8,0.02,0.35,1.0,1.38,3.0,1.9952623149688797,2.6666666666666665,1.0,0.7,10.0,i_hi,i,h_i,1.9952623149688797,2.6666666666666665
0.5,0.6931471805599453,3.324706571390514,0.7028288829771597,4.027535454367674,0.17450594561867228,-0.3254940543813277,-1.5540232475135096,-1.5540232475135098,0.4629595144140305,-0.2301876661459148,1.915956712767957e-08,0.9999999521010822,74.66666666666666,1113.6305539098553,291.7468543932802,0.8178478310316034,10.0,0.12904615490816237,1.3333333333333333,148.0,125.33333333333333,False,False,False,True,susceptible-enriched,susceptible-dominant,True,0.9210057173638281,0.9644704002154679,0.3552959978453204,0.9210057173638281,0.95,0.9,0.8,0.02,0.35,1.0,1.38,3.0,2.511886431509581,2.6666666666666665,1.0,0.7,10.0,i_hi,i,h_i,2.511886431509581,2.6666666666666665
0.5,0.6931471805599453,3.461735293630874,0.5593859896943637,4.021121283325238,0.13911194173973868,-0.3608880582602613,-1.8226855370616606,-1.8226855370616608,0.4033481208835018,-0.2897990596764435,1.1393042931105801e-08,0.9999999715173927,76.0,1102.8843672734379,301.1369760911225,0.7711465638046483,10.000000000000002,0.1265695557539289,1.3333333333333333,156.0,128.0,False,False,False,True,susceptible-enriched,susceptible-dominant,True,0.9556429820556985,0.9668950087438989,0.331049912561011,0.9556429820556985,0.95,0.9,0.8,0.02,0.35,1.0,1.38,3.0,3.1622776601683795,2.6666666666666665,1.0,0.7,10.0,i_hi,i,h_i,3.1622776601683795,2.6666666666666665
0.5,0.6931471805599453,3.530265168361791,0.48757441668878415,4.0178395850505755,0.12135238512332161,-0.3786476148766784,-1.9796853372160228,-1.9796853372160226,0.3696108923415472,-0.3235362882183981,8.563958618238788e-09,0.9999999785901035,76.0,1097.038126280973,306.54479007585013,0.7457873374749984,10.0,0.12517936269153906,1.3333333333333333,161.33333333333331,128.0,False,False,False,True,susceptible-enriched,susceptible-dominant,True,0.975496632449664,0.9682847642714765,0.3171523572852353,0.975496632449664,0.95,0.9,0.8,0.02,0.35,1.0,1.38,3.0,3.981071705534973,2.6666666666666665,1.0,0.7,10.0,i_hi,i,h_i,3.981071705534973,2.6666666666666665
0.5,0.6931471805599453,3.565502832938257,0.4506727818543679,4.016175614792624,0.11221441119118951,-0.3877855888088105,-2.0683188329634756,-2.0683188329634756,0.3511201991854648,-0.3420269813744805,7.3059999959098245e-09,0.999999981735,77.33333333333333,1093.884810544621,309.58048480868536,0.7322969135501566,10.0,0.12441180727722959,1.3333333333333333,165.33333333333331,129.33333333333331,False,False,False,True,susceptible-enriched,susceptible-dominant,True,0.9865887428720803,0.9690612120010457,0.30938787998954387,0.9865887428720803,0.95,0.9,0.8,0.02,0.35,1.0,1.38,3.0,5.011872336272725,2.6666666666666665,1.0,0.7,10.0,i_hi,i,h_i,5.011872336272725,2.6666666666666665
0.5,0.6931471805599453,3.5840027361614144,0.4313119753726777,4.015314711534092,0.10741672978551924,-0.39258327021448075,-2.117403868503185,-2.117403868503185,0.34108006891013065,-0.35206711164981463,6.702353929305942e-09,0.9999999832441152,77.33333333333333,1092.1642684856317,311.2575595210903,0.7246823980502508,9.999999999999998,0.1239918716859945,1.3333333333333333,166.66666666666666,129.33333333333331,False,False,False,True,susceptible-enriched,susceptible-dominant,True,0.9926972992081452,0.9694888109445702,0.30511189055429844,0.9926972992081452,0.95,0.9,0.8,0.02,0.35,1.0,1.38,3.0,6.309573444801933,2.6666666666666665,1.0,0.7,10.0,i_hi,i,h_i,6.309573444801933,2.6666666666666665
0.5,0.6931471805599453,3.593848001668769,0.421017661143454,4.014865662812223,0.10486469448857003,-0.39513530551142995,-2.144303990941414,-2.144303990941414,0.3356421756920399,-0.3575050048679054,6.397956677818755e-09,0.9999999840051083,77.33333333333333,1091.2571241596893,312.17569478046136,0.7206921183271557,10.0,0.12376326444499665,1.3333333333333333,168.0,129.33333333333331,False,False,False,True,susceptible-enriched,susceptible-dominant,True,0.9960347143808478,0.9697224300066594,0.3027756999334066,0.9960347143808478,0.95,0.9,0.8,0.02,0.35,1.0,1.38,3.0,7.943282347242818,2.6666666666666665,1.0,0.7,10.0,i_hi,i,h_i,7.943282347242818,2.6666666666666665
0.5,0.6931471805599453,3.5991249497356432,0.4155009593060136,4.014625909041657,0.10349680610844239,-0.39650319389155764,-2.1589611022882336,-2.1589611022882336,0.33269900191944746,-0.36044817864049783,6.239328937587855e-09,0.9999999844016777,77.33333333333333,1090.7703875594234,312.67571164046734,0.7185852061867419,10.0,0.12363915097558284,1.3333333333333333,169.33333333333331,129.33333333333331,False,False,False,True,susceptible-enriched,susceptible-dominant,True,0.9978501969202997,0.969849513784421,0.3015048621557902,0.9978501969202997,0.95,0.9,0.8,0.02,0.35,1.0,1.38,3.0,10.0,2.6666666666666665,1.0,0.7,10.0,i_hi,i,h_i,10.0,2.6666666666666665
0.5,0.6931471805599453,1.7042419048066701,2.394881614880744,4.099123519687414,0.5842423638562055,0.08424236385620554,0.3402134182826905,0.3402134182826903,0.678885702211852,-0.014261478348093326,0.08631479569255873,0.7842130107686032,6.666666666666666,1588.6104920185228,36.77130128815493,258.8279707676855,10.0,0.7828735840009302,12.0,,,False,False,False,False,resistant-enriched,mixed,True,0.0009990009990009994,0.9000699300699301,0.9993006993006993,0.0009990009990009994,0.95,0.9,0.8,0.02,0.35,1.0,1.38,3.0,0.1,3.0,1.0,0.7,10.0,i_hi,i,h_i,0.1,3.0
0.5,0.6931471805599453,1.7038830349397505,2.394996540241247,4.098879575180998,0.5843051732339536,0.08430517323395359,0.3404720017022474,0.3404720017022474,0.6788643254980751,-0.014282855061870214,0.08617454752163765,0.7845636311959059,6.666666666666666,1588.431844963331,36.82212194727499,216.92727852269024,10.0,0.7768575099224492,12.0,,,False,False,False,False,resistant-enriched,mixed,True,0.00199128917072832,0.900139390241951,0.9986060975804901,0.00199128917072832,0.95,0.9,0.8,0.02,0.35,1.0,1.38,3.0,0.12589254117941673,3.0,1.0,0.7,10.0,i_hi,i,h_i,0.12589254117941673,3.0
0.5,0.6931471805599453,1.7031627658073494,2.3952296938480417,4.098392459655392,0.5844315100192825,0.08443151001928251,0.34099215879491096,0.34099215879491096,0.6788212785028787,-0.01432590205706663,0.08589880789632261,0.7852529802591934,6.666666666666666,1588.0743460453766,36.92381128752593,158.37663718870033,10.0,0.7650657064460451,12.0,,,False,False,False,False,resistant-enriched,mixed,True,0.0039652856191522,0.9002775699933406,0.9972243000665935,0.0039652856191522,0.95,0.9,0.8,0.02,0.35,1.0,1.38,3.0,0.15848931924611134,3.0,1.0,0.7,10.0,i_hi,i,h_i,0.15848931924611134,3.0
0.5,0.6931471805599453,1.7017065248395684,2.395707491247542,4.097414016087111,0.5846876790682138,0.08468767906821384,0.3420470049890031,0.3420470049890033,0.6787337917604113,-0.014413388799534022,0.08536440527406536,0.7865889868148366,6.666666666666666,1587.3541252147656,37.12786854076612,96.46897928602837,10.000000000000002,0.7423512813093998,12.0,,,False,False,False,False,resistant-enriched,mixed,True,0.007880683850330288,0.9005516478695231,0.9944835213047688,0.007880683850330288,0.95,0.9,0.8,0.02,0.35,1.0,1.38,3.0,0.19952623149688797,3.0,1.0,0.7,10.0,i_hi,i,h_i,0.19952623149688797,3.0
0.5,0.6931471805599453,1.6987290606105638,2.3967190980624977,4.095448158673062,0.5852153427914571,0.08521534279145715,0.34422039956907613,0.34422039956907613,0.6785527325887866,-0.01459444797115872,0.08435703945133466,0.7891074013716634,6.666666666666666,1585.8890555109542,37.539726645658675,51.21165933851222,10.000000000000002,0.7021528934064938,10.666666666666666,268.0,,False,False,False,False,resistant-enriched,mixed,True,0.015601662241829602,0.9010921163569281,0.9890788364307193,0.015601662241829602,0.95,0.9,0.8,0.02,0.35,1.0,1.38,3.0,0.251188643150958,3.0,1.0,0.7,10.0,i_hi,i,h_i,0.251188643150958,3.0
0.5,0.6931471805599453,1.6924871184979826,2.398970069529109,4.091457188027092,0.5863363489539277,0.08633634895392772,0.3488403927082008,0.3488403927082009,0.6781642702212938,-0.014982910338651512,0.08045551934363875,0.7988612016409031,8.0,1582.8439035403007,38.38100972084758,26.481112888383368,10.0,0.6341202355432282,10.666666666666666,161.33333333333331,,False,False,False,False,resistant-enriched,mixed,True,0.03065343003171551,0.9021457401022202,0.9785425989777992,0.03065343003171551,0.95,0.9,0.8,0.02,0.35,1.0,1.38,3.0,0.31622776601683794,3.0,1.0,0.7,10.0,i_hi,i,h_i,0.31622776601683794,3.0
0.5,0.6931471805599453,1.678757490747676,2.4044587172412912,4.083216207988968,0.5888639236239502,0.08886392362395024,0.3592708816867781,0.3592708816867781,0.6772693721757759,-0.015877808384169412,0.07235534628999445,0.8191116342750139,8.0,1576.5327425735527,40.14421702905307,14.067414814706714,10.0,0.5339288921756464,8.0,97.33333333333333,,False,False,False,False,resistant-enriched,mixed,True,0.059350943102767624,0.9041545660171938,0.9584543398280627,0.059350943102767624,0.95,0.9,0.8,0.02,0.35,1.0,1.38,3.0,0.3981071705534973,3.0,1.0,0.7,10.0,i_hi,i,h_i,0.3981071705534973,3.0
0.5,0.6931471805599453,1.6456569037398443,2.420065424888957,4.065722328628802,0.5952362776592134,0.09523627765921339,0.3856549367958813,0.3856549367958813,0.6748959747089527,-0.018251205850992602,0.061114358447091476,0.8472141038822714,9.333333333333332,1562.42396219793,44.06133295916178,7.916808166901189,10.0,0.4264549855829841,6.666666666666666,61.33333333333333,,False,False,False,False,resistant-enriched,mixed,True,0.11181576977811701,0.9078271038844682,0.9217289611553181,0.11181576977811701,0.95,0.9,0.8,0.02,0.35,1.0,1.38,3.0,0.5011872336272724,3.0,1.0,0.7,10.0,i_hi,i,h_i,0.5011872336272724,3.0
0.5,0.6931471805599453,1.5521729036013947,2.477880845099104,4.030053748700499,0.6148505701439101,0.11485057014391009,0.4677478744261102,0.4677478744261102,0.6665288432262884,-0.026618337333656927,0.03882505776966343,0.9029373555758414,12.0,1528.0296845128562,54.164703281812315,4.948945800735954,9.999999999999998,0.3295142190654421,4.0,45.33333333333333,,False,False,False,False,resistant-enriched,mixed,True,0.2007600089131018,0.9140532006239172,0.8594679937608287,0.2007600089131018,0.95,0.9,0.8,0.02,0.35,1.0,1.38,3.0,0.6309573444801934,3.0,1.0,0.7,10.0,i_hi,i,h_i,0.6309573444801934,3.0
0.5,0.6931471805599453,1.2516091596968335,2.7576425618569904,4.009251721553824,0.6878197612367027,0.18781976123670274,0.7899461193095524,0.7899461193095524,0.6208340184530733,-0.072313162106872,0.007586984744464143,0.9810325381388396,22.666666666666664,1435.2465385485161,91.02667554863949,3.2269644052124513,10.000000000000002,0.2505464828235205,4.0,57.33333333333333,,False,False,False,False,resistant-enriched,mixed,True,0.3338605754168779,0.9233702402791815,0.7662975972081855,0.3338605754168779,0.95,0.9,0.8,0.02,0.35,1.0,1.38,3.0,0.7943282347242815,3.0,1.0,0.7,10.0,i_hi,i,h_i,0.7943282347242815,3.0
0.5,0.6931471805599453,1.1917755410895263,2.8594650300107722,4.051240571100299,0.705824544315855,0.20582454431585495,0.8751903084349323,0.8751903084349325,0.6058481009685721,-0.08729907959137317,9.041555541284485e-05,0.9997739611114679,46.666666666666664,1293.2331712179862,164.50083842780987,1.8507989891104544,9.999999999999998,0.19995071977303883,2.6666666666666665,90.66666666666666,,False,False,False,False,resistant-enriched,mixed,True,0.5,0.935,0.65,0.5,0.95,0.9,0.8,0.02,0.35,1.0,1.38,3.0,1.0,3.0,1.0,0.7,10.0,i_hi,i,h_i,1.0,3.0
0.5,0.6931471805599453,1.8655978571527954,2.1941055403408534,4.0597033974936485,0.5404595669958143,0.04045956699581432,0.16219289620804464,0.16219289620804464,0.689869645122924,-0.0032775354370212506,1.8615639573893022e-06,0.9999953460901065,60.0,1208.0671427287957,219.8196223363858,1.2726227047844032,10.0,0.1639276979964871,2.6666666666666665,110.66666666666666,,False,False,False,False,resistant-enriched,mixed,True,0.6661394245831223,0.9466297597208185,0.5337024027918145,0.6661394245831223,0.95,0.9,0.8,0.02,0.35,1.0,1.38,3.0,1.2589254117941675,3.0,1.0,0.7,10.0,i_hi,i,h_i,1.2589254117941675,3.0
0.5,0.6931471805599453,2.6780360772313516,1.371451220941432,4.049487298172783,0.3386728047178369,-0.1613271952821631,-0.6692142543333442,-0.6692142543333442,0.6401512296481042,-0.05299595091184106,1.4341036160671694e-07,0.999999641474096,68.0,1155.6319753787707,258.4301121120883,1.0036120169712768,10.0,0.14113538001304396,2.6666666666666665,126.66666666666666,117.33333333333333,False,False,False,True,susceptible-enriched,mixed,True,0.7992399910868985,0.9559467993760828,0.4405320062391711,0.7992399910868985,0.95,0.9,0.8,0.02,0.35,1.0,1.38,3.0,1.584893192461114,3.0,1.0,0.7,10.0,i_hi,i,h_i,1.584893192461114,3.0
0.5,0.6931471805599453,3.1740724000774247,0.8599078917844584,4.033980291861883,0.2131661112770504,-0.28683388872294957,-1.3059454302491071,-1.305945430249107,0.518121430716187,-0.1750257498437583,3.204589813527752e-08,0.9999999198852546,73.33333333333333,1124.3484124178738,282.85312786698114,0.8642443551566918,10.0,0.1314545974000486,1.3333333333333333,141.33333333333331,122.66666666666666,False,False,False,True,susceptible-enriched,mixed,True,0.888184230221883,0.9621728961155318,0.37827103884468194,0.888184230221883,0.95,0.9,0.8,0.02,0.35,1.0,1.38,3.0,1.9952623149688797,3.0,1.0,0.7,10.0,i_hi,i,h_i,1.9952623149688797,3.0
0.5,0.6931471805599453,3.4051841998362735,0.6186280903895645,4.0238122902258375,0.15374178658687973,-0.34625821341312024,-1.7055500451508723,-1.7055500451508723,0.4291450601995358,-0.2640021203604095,1.423734415012684e-08,0.9999999644066396,74.66666666666666,1107.4581423365498,297.06794432606625,0.7911329613674649,10.0,0.12763355962645873,1.3333333333333333,152.0,126.66666666666666,False,False,False,True,susceptible-enriched,susceptible-dominant,True,0.9406490568972325,0.9658454339828063,0.3415456601719372,0.9406490568972325,0.95,0.9,0.8,0.02,0.35,1.0,1.38,3.0,2.511886431509581,3.0,1.0,0.7,10.0,i_hi,i,h_i,2.511886431509581,3.0
0.5,0.6931471805599453,3.5097963227939246,0.5090210042495377,4.018817327043462,0.12665940320905578,-0.3733405967909442,-1.9308240056669008,-1.9308240056669008,0.3799866702529822,-0.31316051030696307,9.339469424358291e-09,0.9999999766513264,76.0,1098.7986089254066,304.86663458303593,0.7535274321793773,10.0,0.1256077478179874,1.3333333333333333,160.0,128.0,False,False,False,True,susceptible-enriched,susceptible-dominant,True,0.9693465699682846,0.96785425989778,0.3214574010222008,0.9693465699682846,0.95,0.9,0.8,0.02,0.35,1.0,1.38,3.0,3.1622776601683795,3.0,1.0,0.7,10.0,i_hi,i,h_i,3.1622776601683795,3.0
0.5,0.6931471805599453,3.558713230515564,0.45778076218676805,4.016493992702332,0.1139752139598668,-0.3860247860401332,-2.050763922078021,-2.050763922078021,0.35474661035377586,-0.3384005702061694,7.5382518555991e-09,0.9999999811543704,77.33333333333333,1094.5136142171527,308.9800145936031,0.7350300991245394,10.0,0.12456286503178021,1.3333333333333333,164.0,129.33333333333331,False,False,False,True,susceptible-enriched,susceptible-dominant,True,0.9843983377581704,0.9689078836430719,0.3109211635692808,0.9843983377581704,0.95,0.9,0.8,0.02,0.35,1.0,1.38,3.0,3.981071705534973,3.0,1.0,0.7,10.0,i_hi,i,h_i,3.981071705534973,3.0
0.5,0.6931471805599453,3.582279229558244,0.4331150538386675,4.015394283396912,0.1078636425891069,-0.3921363574108931,-2.112751127156037,-2.112751127156037,0.3420253234918257,-0.3511218570681196,6.756837768243632e-09,0.9999999831079056,77.33333333333333,1092.3238105433782,311.0986951330583,0.7253896314678563,10.0,0.12403152166026861,1.3333333333333333,166.66666666666666,129.33333333333331,False,False,False,True,susceptible-enriched,susceptible-dominant,True,0.9921193161496697,0.9694483521304769,0.30551647869523124,0.9921193161496697,0.95,0.9,0.8,0.02,0.35,1.0,1.38,3.0,5.011872336272725,3.0,1.0,0.7,10.0,i_hi,i,h_i,5.011872336272725,3.0
0.5,0.6931471805599453,3.593848001668769,0.421017661143454,4.014865662812223,0.10486469448857003,-0.39513530551142995,-2.144303990941414,-2.144303990941414,0.3356421756920399,-0.3575050048679054,6.397956677818755e-09,0.9999999840051083,77.33333333333333,1091.2571241596893,312.17569478046136,0.7206921183271557,10.0,0.12376326444499665,1.3333333333333333,168.0,129.33333333333331,False,False,False,True,susceptible-enriched,susceptible-dominant,True,0.9960347143808478,0.9697224300066594,0.3027756999334066,0.9960347143808478,0.95,0.9,0.8,0.02,0.35,1.0,1.38,3.0,6.309573444801933,3.0,1.0,0.7,10.0,i_hi,i,h_i,6.309573444801933,3.0
0.5,0.6931471805599453,3.5995830924237042,0.41502205732765857,4.014605149751363,0.10337805135166585,-0.39662194864833417,-2.160241641072488,-2.160241641072488,0.33244253899668985,-0.36070464156325543,6.2257049829243825e-09,0.9999999844357376,77.33333333333333,1090.7280115393867,312.71938963675365,0.7184029216910067,10.0,0.12362832249432035,1.3333333333333333,169.33333333333331,129.33333333333331,False,False,False,True,susceptible-enriched,susceptible-dominant,True,0.9980087108292717,0.969860609758049,0.3013939024195099,0.9980087108292717,0.95,0.9,0.8,0.02,0.35,1.0,1.38,3.0,7.943282347242818,3.0,1.0,0.7,10.0,i_hi,i,h_i,7.943282347242818,3.0
0.5,0.6931471805599453,3.6024416828603254,0.4120342384799318,4.014475921340257,0.10263711790862397,-0.39736288209137605,-2.1682606907755417,-2.1682606907755417,0.33083897608122104,-0.36230820447872425,6.141229872637736e-09,0.9999999846469253,77.33333333333333,1090.4629369756262,312.9928873668615,0.7172663164381827,10.0,0.1235605665188966,1.3333333333333333,169.33333333333331,130.66666666666666,False,False,False,True,susceptible-enriched,susceptible-dominant,True,0.999000999000999,0.9699300699300699,0.30069930069930073,0.999000999000999,0.95,0.9,0.8,0.02,0.35,1.0,1.38,3.0,10.0,3.0,1.0,0.7,10.0,i_hi,i,h_i,10.0,3.0
0.5,0.6931471805599453,1.704434496670343,2.394820221498635,4.099254718168979,0.584208688199872,0.08420868819987204,0.3400747817404736,0.34007478174047373,0.6788971567876587,-0.014250023772286569,0.08639088079847633,0.7840227980038093,6.666666666666666,1588.7065096332062,36.74397969472589,286.1997591694704,10.0,0.7864906197936813,13.333333333333332,,,False,False,False,False,resistant-enriched,mixed,True,0.0004639435398458807,0.9000324760477892,0.9996752395221079,0.0004639435398458807,0.95,0.9,0.8,0.02,0.35,1.0,1.38,3.0,0.1,3.333333333333333,1.0,0.7,10.0,i_hi,i,h_i,0.1,3.333333333333333
0.5,0.6931471805599453,1.7042419048066701,2.394881614880744,4.099123519687414,0.5842423638562055,0.08424236385620554,0.3402134182826905,0.3402134182826903,0.678885702211852,-0.014261478348093326,0.08631479569255873,0.7842130107686032,6.666666666666666,1588.6104920185228,36.77130128815493,258.8279707676853,10.0,0.7828735840009302,12.0,,,False,False,False,False,resistant-enriched,mixed,True,0.000999000999001,0.9000699300699301,0.9993006993006993,0.000999000999001,0.95,0.9,0.8,0.02,0.35,1.0,1.38,3.0,0.12589254117941673,3.333333333333333,1.0,0.7,10.0,i_hi,i,h_i,0.12589254117941673,3.333333333333333
0.5,0.6931471805599453,1.7038255014799504,2.3950150282344036,4.098840529714354,0.5843152498546488,0.08431524985464878,0.34051348775152457,0.34051348775152457,0.6788608944818373,-0.014286286078108001,0.08615224574274018,0.7846193856431496,6.666666666666666,1588.4032354505653,36.83025864133785,211.139575504691,10.0,0.7759019971784636,12.0,,,False,False,False,False,resistant-enriched,mixed,True,0.002149803079700241,0.900150486215579,0.9984951378442098,0.002149803079700241,0.95,0.9,0.8,0.02,0.35,1.0,1.38,3.0,0.15848931924611134,3.333333333333333,1.0,0.7,10.0,i_hi,i,h_i,0.15848931924611134,3.333333333333333
0.5,0.6931471805599453,1.7029217531612713,2.3953081407979786,4.09822989395925,0.5844738345031935,0.08447383450319346,0.3411664284730024,0.34116642847300216,0.6788068424978211,-0.014340338062124203,0.08580827952424788,0.7854793011893804,6.666666666666666,1587.954927705232,36.957720744232745,144.15105821063185,10.0,0.7612049021361127,12.0,,,False,False,False,False,resistant-enriched,mixed,True,0.004620144024698061,0.9003234100817289,0.9967658991827114,0.004620144024698061,0.95,0.9,0.8,0.02,0.35,1.0,1.38,3.0,0.19952623149688797,3.333333333333333,1.0,0.7,10.0,i_hi,i,h_i,0.19952623149688797,3.333333333333333
0.5,0.6931471805599453,1.7009416872988554,2.3959640150706587,4.096905702369514,0.5848228368265622,0.08482283682656222,0.3426036299858705,0.3426036299858703,0.6786875238384653,-0.014459656721479974,0.08509495465346559,0.7872626133663361,6.666666666666666,1586.9773369874476,37.23440910556336,78.86909011035871,10.0,0.7309699203232485,12.0,374.66666666666663,,False,False,False,False,resistant-enriched,mixed,True,0.009900990099009905,0.9006930693069307,0.9930693069306931,0.009900990099009905,0.95,0.9,0.8,0.02,0.35,1.0,1.38,3.0,0.251188643150958,3.333333333333333,1.0,0.7,10.0,i_hi,i,h_i,0.251188643150958,3.333333333333333
0.5,0.6931471805599453,1.696522521594132,2.3974957933187353,4.0940183149128675,0.5856094450251039,0.08560944502510393,0.34584419268019867,0.34584419268019867,0.6784167546049961,-0.014730425954949222,0.08367618523629622,0.7908095369092595,6.666666666666666,1584.806987106433,37.84042474361694,38.142296600895804,10.0,0.6764914428984774,10.666666666666666,214.66666666666666,,False,False,False,False,resistant-enriched,mixed,True,0.021089977117186395,0.9014762983982031,0.9852370160179695,0.021089977117186395,0.95,0.9,0.8,0.02,0.35,1.0,1.38,3.0,0.31622776601683794,3.333333333333333,1.0,0.7,10.0,i_hi,i,h_i,0.31622776601683794,3.333333333333333
0.5,0.6931471805599453,1.6862525299838107,2.4013773929236066,4.087629922907418,0.5874742670480241,0.08747426704802408,0.35353385754682837,0.3535338575468285,0.6777646484002701,-0.015382532159675222,0.0762561086761589,0.8093597283096028,8.0,1579.904388892997,39.195070328625455,18.54185339397236,10.0,0.5808600049346536,9.333333333333332,121.33333333333333,,False,False,False,False,resistant-enriched,mixed,True,0.04435701794430151,0.9031049912561011,0.9689500874389889,0.04435701794430151,0.95,0.9,0.8,0.02,0.35,1.0,1.38,3.0,0.3981071705534973,3.333333333333333,1.0,0.7,10.0,i_hi,i,h_i,0.3981071705534973,3.333333333333333
0.5,0.6931471805599453,1.6602892577769446,2.4127991766988335,4.073088434475778,0.5923758385102115,0.09237583851021147,0.37379571874789047,0.3737957187478906,0.6759821496127303,-0.017165030947215,0.06595137282189778,0.8351215679452555,8.0,1568.466056911294,42.374722018202405,9.50236841352209,10.000000000000002,0.46329479520865396,6.666666666666666,70.66666666666666,,False,False,False,False,resistant-enriched,mixed,True,0.09090909090909095,0.9063636363636364,0.9363636363636363,0.09090909090909095,0.95,0.9,0.8,0.02,0.35,1.0,1.38,3.0,0.5011872336272724,3.333333333333333,1.0,0.7,10.0,i_hi,i,h_i,0.5011872336272724,3.333333333333333
0.5,0.6931471805599453,1.5829742013862018,2.4567954342624105,4.039769635648613,0.6081523591302392,0.10815235913023924,0.4395523482606993,0.4395523482606993,0.6695673884385518,-0.023579792121393495,0.04437359548061204,0.8890660112984698,10.666666666666666,1538.702093630779,50.88883674698549,5.433289963004002,10.0,0.34975938795883593,5.333333333333333,46.666666666666664,,False,False,False,False,resistant-enriched,mixed,True,0.17725503036342644,0.9124078521254398,0.8759214787456016,0.17725503036342644,0.95,0.9,0.8,0.02,0.35,1.0,1.38,3.0,0.6309573444801934,3.333333333333333,1.0,0.7,10.0,i_hi,i,h_i,0.6309573444801934,3.333333333333333
0.5,0.6931471805599453,1.2999529478101814,2.7062804480755993,4.006233395885781,0.6755174201420282,0.1755174201420282,0.7332470939060727,0.7332470939060727,0.6302022421031888,-0.06294493845675653,0.010552799766808896,0.9736180005829778,20.0,1450.8188070059794,83.94706923833016,3.4195612499386177,10.0,0.2591018480921277,4.0,53.33333333333333,,False,False,False,False,resistant-enriched,mixed,True,0.31701401305280863,0.9221909809136967,0.778090190863034,0.31701401305280863,0.95,0.9,0.8,0.02,0.35,1.0,1.38,3.0,0.7943282347242815,3.333333333333333,1.0,0.7,10.0,i_hi,i,h_i,0.7943282347242815,3.333333333333333
0.5,0.6931471805599453,1.1917755410895263,2.8594650300107722,4.051240571100299,0.705824544315855,0.20582454431585495,0.8751903084349323,0.8751903084349325,0.6058481009685721,-0.08729907959137317,9.041555541284485e-05,0.9997739611114679,46.666666666666664,1293.2331712179862,164.50083842780987,1.8507989891104544,9.999999999999998,0.19995071977303883,2.6666666666666665,90.66666666666666,,False,False,False,False,resistant-enriched,mixed,True,0.5,0.935,0.65,0.5,0.95,0.9,0.8,0.02,0.35,1.0,1.38,3.0,1.0,3.333333333333333,1.0,0.7,10.0,i_hi,i,h_i,1.0,3.333333333333333
0.5,0.6931471805599453,1.961893080865016,2.0974139077171214,4.059306988582137,0.516692606303649,0.016692606303648994,0.06679524864204034,0.06679524864204012,0.692589790780707,-0.0005573897792382487,1.3141893017096183e-06,0.9999967145267458,61.33333333333333,1200.9223946127024,224.90365371154658,1.2324559807143305,10.0,0.16077727436116748,2.6666666666666665,112.0,,False,False,False,False,resistant-enriched,mixed,True,0.6829859869471915,0.9478090190863034,0.521909809136966,0.6829859869471915,0.95,0.9,0.8,0.02,0.35,1.0,1.38,3.0,1.2589254117941675,3.333333333333333,1.0,0.7,10.0,i_hi,i,h_i,1.2589254117941675,3.333333333333333
0.5,0.6931471805599453,2.8191502478548953,1.2267815425466386,4.045931790401534,0.3032135997589045,-0.1967864002410955,-0.8320414010497931,-0.8320414010497931,0.6135626394446954,-0.07958454111524993,9.494136145292902e-08,0.9999997626465964,69.33333333333333,1147.1406777654427,264.9557513397808,0.9645376686963973,10.0,0.1375695968384121,2.6666666666666665,130.66666666666666,118.66666666666666,False,False,False,True,susceptible-enriched,mixed,True,0.8227449696365738,0.9575921478745602,0.4240785212543984,0.8227449696365738,0.95,0.9,0.8,0.02,0.35,1.0,1.38,3.0,1.584893192461114,3.333333333333333,1.0,0.7,10.0,i_hi,i,h_i,1.584893192461114,3.333333333333333
0.5,0.6931471805599453,3.272342889457963,0.7575192585836117,4.029862148041575,0.18797646935683632,-0.3120235306431637,-1.4632125263655351,-1.4632125263655353,0.4832754852406357,-0.2098716953193096,2.3028715331835546e-08,0.9999999424282117,73.33333333333333,1117.4391249421537,288.5204096452671,0.8342094932306701,10.0,0.12991342932631322,1.3333333333333333,145.33333333333331,124.0,False,False,False,True,susceptible-enriched,susceptible-dominant,True,0.9090909090909091,0.9636363636363636,0.36363636363636365,0.9090909090909091,0.95,0.9,0.8,0.02,0.35,1.0,1.38,3.0,1.9952623149688797,3.333333333333333,1.0,0.7,10.0,i_hi,i,h_i,1.9952623149688797,3.333333333333333
0.5,0.6931471805599453,3.461735293630874,0.5593859896943637,4.021121283325238,0.13911194173973868,-0.3608880582602613,-1.8226855370616606,-1.8226855370616608,0.4033481208835018,-0.2897990596764435,1.1393042931105801e-08,0.9999999715173927,76.0,1102.8843672734379,301.1369760911225,0.7711465638046483,10.000000000000002,0.1265695557539289,1.3333333333333333,156.0,128.0,False,False,False,True,susceptible-enriched,susceptible-dominant,True,0.9556429820556985,0.9668950087438989,0.331049912561011,0.9556429820556985,0.95,0.9,0.8,0.02,0.35,1.0,1.38,3.0,2.511886431509581,3.333333333333333,1.0,0.7,10.0,i_hi,i,h_i,2.511886431509581,3.333333333333333
0.5,0.6931471805599453,3.5413370965441664,0.4759764819311506,4.017313578475317,0.1184812867189215,-0.3815187132810785,-2.00689120039805,-2.00689120039805,0.3638881001910856,-0.3292590803688597,8.160059946100252e-09,0.9999999795998501,77.33333333333333,1096.0774622591725,307.4776734408004,0.7416895335892015,9.999999999999998,0.12494246893322213,1.3333333333333333,162.66666666666666,129.33333333333331,False,False,False,True,susceptible-enriched,susceptible-dominant,True,0.9789100228828136,0.9685237016017969,0.3147629839820305,0.9789100228828136,0.95,0.9,0.8,0.02,0.35,1.0,1.38,3.0,3.1622776601683795,3.333333333333333,1.0,0.7,10.0,i_hi,i,h_i,3.1622776601683795,3.333333333333333
0.5,0.6931471805599453,3.5762101491644525,0.43946477914169485,4.015674928306147,0.10943733917403159,-0.3905626608259684,-2.0965013256692995,-2.0965013256692995,0.34533733949302486,-0.3478098410669204,6.951513219217307e-09,0.9999999826212169,77.33333333333333,1092.8872180548483,310.54369432734046,0.7278922817037576,10.0,0.12417025322470865,1.3333333333333333,166.66666666666666,129.33333333333331,False,False,False,True,susceptible-enriched,susceptible-dominant,True,0.9900990099009901,0.9693069306930693,0.306930693069307,0.9900990099009901,0.95,0.9,0.8,0.02,0.35,1.0,1.38,3.0,3.981071705534973,3.333333333333333,1.0,0.7,10.0,i_hi,i,h_i,3.981071705534973,3.333333333333333
0.5,0.6931471805599453,3.591931214041561,0.4230219309837631,4.014953145025324,0.10536161088402811,-0.3946383891159719,-2.139021255473401,-2.139021255473401,0.33670640205036295,-0.35644077850958233,6.456364044691285e-09,0.9999999838590898,77.33333333333333,1091.4336423419045,311.9954376738809,0.7214623052869736,10.0,0.12380807527836792,1.3333333333333333,168.0,129.33333333333331,False,False,False,True,susceptible-enriched,susceptible-dominant,True,0.995379855975302,0.9696765899182711,0.30323410081728863,0.995379855975302,0.95,0.9,0.8,0.02,0.35,1.0,1.38,3.0,5.011872336272725,3.333333333333333,1.0,0.7,10.0,i_hi,i,h_i,5.011872336272725,3.333333333333333
0.5,0.6931471805599453,3.5991249497356432,0.4155009593060136,4.014625909041657,0.10349680610844239,-0.39650319389155764,-2.1589611022882336,-2.1589611022882336,0.33269900191944746,-0.36044817864049783,6.239328937587855e-09,0.9999999844016777,77.33333333333333,1090.7703875594234,312.67571164046734,0.7185852061867419,10.0,0.12363915097558284,1.3333333333333333,169.33333333333331,129.33333333333331,False,False,False,True,susceptible-enriched,susceptible-dominant,True,0.9978501969202997,0.969849513784421,0.3015048621557902,0.9978501969202997,0.95,0.9,0.8,0.02,0.35,1.0,1.38,3.0,6.309573444801933,3.333333333333333,1.0,0.7,10.0,i_hi,i,h_i,6.309573444801933,3.333333333333333
0.5,0.6931471805599453,3.6024416828603254,0.4120342384799318,4.014475921340257,0.10263711790862397,-0.39736288209137605,-2.1682606907755417,-2.1682606907755417,0.33083897608122104,-0.36230820447872425,6.141229872637736e-09,0.9999999846469253,77.33333333333333,1090.4629369756262,312.9928873668615,0.7172663164381827,10.0,0.1235605665188966,1.3333333333333333,169.33333333333331,130.66666666666666,False,False,False,True,susceptible-enriched,susceptible-dominant,True,0.999000999000999,0.9699300699300699,0.30069930069930073,0.999000999000999,0.95,0.9,0.8,0.02,0.35,1.0,1.38,3.0,7.943282347242818,3.333333333333333,1.0,0.7,10.0,i_hi,i,h_i,7.943282347242818,3.333333333333333
0.5,0.6931471805599453,3.603975830273994,0.41043034803505485,4.014406178309049,0.1022393673696309,-0.3977606326303691,-2.172586673768055,-2.172586673768055,0.32997568938496624,-0.36317149117497904,6.0962531439504635e-09,0.9999999847593671,77.33333333333333,1090.3199159629173,313.14041686188585,0.7166559374421084,10.000000000000002,0.12352405267736237,1.3333333333333333,169.33333333333331,130.66666666666666,False,False,False,True,susceptible-enriched,susceptible-dominant,True,0.9995360564601541,0.9699675239522108,0.30032476047789214,0.9995360564601541,0.95,0.9,0.8,0.02,0.35,1.0,1.38,3.0,10.0,3.333333333333333,1.0,0.7,10.0,i_hi,i,h_i,10.0,3.333333333333333
0.5,0.6931471805599453,1.7045237425457163,2.3947918394630108,4.099315582008727,0.584193090664546,0.08419309066454606,0.34001057062594936,0.3400105706259496,0.6789024606153119,-0.014244719944633388,0.08642633468396882,0.7839341632900779,6.666666666666666,1588.7510396630664,36.73130758624762,300.26362559853766,9.999999999999998,0.7882609059477361,13.333333333333332,17.333333333333332,,False,False,False,False,resistant-enriched,mixed,True,0.00021539706311269837,0.9000150777944179,0.9998492220558212,0.00021539706311269837,0.95,0.9,0.8,0.02,0.35,1.0,1.38,3.0,0.1,3.6666666666666665,1.0,0.7,10.0,i_hi,i,h_i,0.1,3.6666666666666665
0.5,0.6931471805599453,1.7044212019032754,2.3948244531616156,4.099245655064891,0.5842110121413804,0.08421101214138038,0.34008434888029765,0.34008434888029765,0.6788963664626406,-0.014250814097304665,0.08638560999832287,0.7840359750041929,6.666666666666666,1588.699878072611,36.745866809984015,284.18329688025347,10.0,0.7862275741241751,13.333333333333332,,,False,False,False,False,resistant-enriched,mixed,True,0.0005009361708135986,0.900035065531957,0.9996493446804304,0.0005009361708135986,0.95,0.9,0.8,0.02,0.35,1.0,1.38,3.0,0.12589254117941673,3.6666666666666665,1.0,0.7,10.0,i_hi,i,h_i,0.12589254117941673,3.6666666666666665
0.5,0.6931471805599453,1.704182183877925,2.394900692578234,4.099082876456159,0.5842528108747909,0.08425281087479086,0.3402564274130793,0.3402564274130793,0.6788821477712899,-0.01426503278865543,0.08629131934373474,0.7842717016406632,6.666666666666666,1588.5807388699577,36.77976661772057,251.09092560169486,10.000000000000002,0.7818656825316553,12.0,,,False,False,False,False,resistant-enriched,mixed,True,0.001164556627836448,0.9000815189639486,0.9991848103605145,0.001164556627836448,0.95,0.9,0.8,0.02,0.35,1.0,1.38,3.0,0.15848931924611134,3.6666666666666665,1.0,0.7,10.0,i_hi,i,h_i,0.15848931924611134,3.6666666666666665
0.5,0.6931471805599453,1.7036235649370841,2.3950800571324553,4.098703622069539,0.5843506332675791,0.08435063326757908,0.34065916567512505,0.34065916567512516,0.6788488433752115,-0.014298337184733834,0.08607436322651141,0.7848140919337214,6.666666666666666,1588.302882959587,36.8587941305358,192.5406057753633,10.0,0.7725676141817094,12.0,,,False,False,False,False,resistant-enriched,mixed,True,0.0027049360554400126,0.9001893455238809,0.998106544761192,0.0027049360554400126,0.95,0.9,0.8,0.02,0.35,1.0,1.38,3.0,0.19952623149688797,3.6666666666666665,1.0,0.7,10.0,i_hi,i,h_i,0.19952623149688797,3.6666666666666665
0.5,0.6931471805599453,1.7023099874749583,2.3955083312857055,4.097818318760664,0.5845813906191425,0.0845813906191425,0.3416093103564037,0.3416093103564037,0.6787701241448519,-0.014377056415093348,0.08558225711874029,0.7860443572031492,6.666666666666666,1587.6522127283629,37.04354282048256,116.1057067089785,10.0,0.7515886216024615,12.0,,,False,False,False,False,resistant-enriched,mixed,True,0.006270012341433842,0.9004389008639004,0.9956109913609963,0.006270012341433842,0.95,0.9,0.8,0.02,0.35,1.0,1.38,3.0,0.251188643150958,3.6666666666666665,1.0,0.7,10.0,i_hi,i,h_i,0.251188643150958,3.6666666666666665
0.5,0.6931471805599453,1.6991766711035639,2.3965651159370065,4.09574178704057,0.5851357923783264,0.08513579237832636,0.3438926878834865,0.3438926878834865,0.6785801024288591,-0.014567078131086153,0.08450153105719806,0.7887461723570048,6.666666666666666,1586.109146532256,37.4783235167038,55.11258343877323,10.0,0.7075939373924789,10.666666666666666,284.0,,False,False,False,False,resistant-enriched,mixed,True,0.01446566574042607,0.9010125966018299,0.9898740339817017,0.01446566574042607,0.95,0.9,0.8,0.02,0.35,1.0,1.38,3.0,0.31622776601683794,3.6666666666666665,1.0,0.7,10.0,i_hi,i,h_i,0.31622776601683794,3.6666666666666665
0.5,0.6931471805599453,1.6914506271107734,2.399359719388278,4.090810346499051,0.5865243108719693,0.08652431087196932,0.34961539818010234,0.34961539818010257,0.6780986286778588,-0.015048551882086536,0.07968216650685528,0.8007945837328618,8.0,1582.345766443385,38.518066368952134,24.63943255072445,10.0,0.6240772837901362,10.666666666666666,152.0,,False,False,False,False,resistant-enriched,mixed,True,0.033018070581145934,0.9023112649406803,0.9768873505931979,0.033018070581145934,0.95,0.9,0.8,0.02,0.35,1.0,1.38,3.0,0.3981071705534973,3.6666666666666665,1.0,0.7,10.0,i_hi,i,h_i,0.3981071705534973,3.6666666666666665
0.5,0.6931471805599453,1.6709128014360524,2.407879308078549,4.078792109514602,0.5903412685490116,0.09034126854901159,0.36537634017034193,0.36537634017034193,0.6767340960503505,-0.016413084509594777,0.06920236120583698,0.8269940969854076,8.0,1573.0476521454025,41.10825821231347,11.516779261649322,10.0,0.49730540362450454,8.0,82.66666666666666,,False,False,False,False,resistant-enriched,mixed,True,0.07358755611757357,0.9051511289282301,0.9484887107176985,0.07358755611757357,0.95,0.9,0.8,0.02,0.35,1.0,1.38,3.0,0.5011872336272724,3.6666666666666665,1.0,0.7,10.0,i_hi,i,h_i,0.5011872336272724,3.6666666666666665
0.5,0.6931471805599453,1.6066741652481695,2.4418984323888866,4.048572597637056,0.6031504619218381,0.10315046192183808,0.4186094762947811,0.41860947629478124,0.67171356842474,-0.021433612135205338,0.05042400858272486,0.8739399785431878,9.333333333333332,1547.3202500476634,48.352780745700976,6.002462840539398,10.0,0.37252026293182855,5.333333333333333,49.33333333333333,,False,False,False,False,resistant-enriched,mixed,True,0.1559649918776253,0.9109175494314338,0.8908245056856623,0.1559649918776253,0.95,0.9,0.8,0.02,0.35,1.0,1.38,3.0,0.6309573444801934,3.6666666666666665,1.0,0.7,10.0,i_hi,i,h_i,0.6309573444801934,3.6666666666666665
0.5,0.6931471805599453,1.346068819329516,2.6590018774553426,4.005070696784859,0.6639088492470065,0.16390884924700655,0.6807624596470637,0.6807624596470637,0.6384086526114416,-0.054738527948503646,0.013869831893413412,0.9653254202664665,18.666666666666664,1464.811903598234,77.80012108994902,3.6073366336628148,10.0,0.26778211152103015,4.0,50.666666666666664,,False,False,False,False,resistant-enriched,mixed,True,0.30063388048039635,0.9210443716336277,0.7895562836637225,0.30063388048039635,0.95,0.9,0.8,0.02,0.35,1.0,1.38,3.0,0.7943282347242815,3.6666666666666665,1.0,0.7,10.0,i_hi,i,h_i,0.7943282347242815,3.6666666666666665
0.5,0.6931471805599453,1.1917755410895263,2.8594650300107722,4.051240571100299,0.705824544315855,0.20582454431585495,0.8751903084349323,0.8751903084349325,0.6058481009685721,-0.08729907959137317,9.041555541284485e-05,0.9997739611114679,46.666666666666664,1293.2331712179862,164.50083842780987,1.8507989891104544,9.999999999999998,0.19995071977303883,2.6666666666666665,90.66666666666666,,False,False,False,False,resistant-enriched,mixed,True,0.5,0.935,0.65,0.5,0.95,0.9,0.8,0.02,0.35,1.0,1.38,3.0,1.0,3.6666666666666665,1.0,0.7,10.0,i_hi,i,h_i,1.0,3.6666666666666665
0.5,0.6931471805599453,2.0587716153699356,1.9999164425563525,4.058688057926288,0.4927494830874421,-0.007250516912557903,-0.029004100758172256,-0.02900410075817181,0.6930420368838308,-0.00010514367611447195,9.437647041001027e-07,0.9999976405882397,62.666666666666664,1194.185512218979,229.78295141688534,1.1954353616033084,9.999999999999998,0.15779236786813106,2.6666666666666665,113.33333333333333,,False,False,False,False,susceptible-enriched,mixed,True,0.6993661195196038,0.9489556283663723,0.5104437163362774,0.6993661195196038,0.95,0.9,0.8,0.02,0.35,1.0,1.38,3.0,1.2589254117941675,3.6666666666666665,1.0,0.7,10.0,i_hi,i,h_i,1.2589254117941675,3.6666666666666665
0.5,0.6931471805599453,2.941620818179226,1.100697069899659,4.042317888078885,0.27229354552884166,-0.22770645447115834,-0.9830170491316034,-0.9830170491316031,0.5855267316048739,-0.10762044895507139,6.598773926215056e-08,0.9999998350306518,70.66666666666666,1139.5787267585322,270.81567752169775,0.9308352196508579,10.0,0.13479212201105922,1.3333333333333333,133.33333333333331,120.0,False,False,False,True,susceptible-enriched,mixed,True,0.844035008122375,0.9590824505685662,0.40917549431433753,0.844035008122375,0.95,0.9,0.8,0.02,0.35,1.0,1.38,3.0,1.584893192461114,3.6666666666666665,1.0,0.7,10.0,i_hi,i,h_i,1.584893192461114,3.6666666666666665
0.5,0.6931471805599453,3.3475864943197613,0.6789090358281823,4.026495530147944,0.16861040345007844,-0.33138959654992156,-1.5955077649821523,-1.5955077649821523,0.45367597337391397,-0.23947120718603132,1.7625656784755602e-08,0.999999955935858,74.66666666666666,1111.87694950032,293.2109446382932,0.810232253830262,10.0,0.12865521626063814,1.3333333333333333,149.33333333333331,125.33333333333333,False,False,False,True,susceptible-enriched,susceptible-dominant,True,0.9264124438824265,0.9648488710717699,0.35151128928230146,0.9264124438824265,0.95,0.9,0.8,0.02,0.35,1.0,1.38,3.0,1.9952623149688797,3.6666666666666665,1.0,0.7,10.0,i_hi,i,h_i,1.9952623149688797,3.6666666666666665
0.5,0.6931471805599453,3.5017457890048247,0.5174565923878683,4.019202381392693,0.12874609021518457,-0.37125390978481543,-1.9120912778005101,-1.9120912778005101,0.3839961055109502,-0.3091510750489951,9.659944577033893e-09,0.9999999758501386,76.0,1099.497088332156,304.22219147366377,0.7566297317624259,9.999999999999998,0.12577299468981182,1.3333333333333333,160.0,128.0,False,False,False,True,susceptible-enriched,susceptible-dominant,True,0.9669819294188541,0.9676887350593197,0.3231126494068022,0.9669819294188541,0.95,0.9,0.8,0.02,0.35,1.0,1.38,3.0,2.511886431509581,3.6666666666666665,1.0,0.7,10.0,i_hi,i,h_i,2.511886431509581,3.6666666666666665
0.5,0.6931471805599453,3.5622448089042296,0.4540832625521124,4.016328071456342,0.11305930553314072,-0.3869406944668593,-2.0598656105049584,-2.0598656105049584,0.3528641351271221,-0.3402830454328232,7.416701902129023e-09,0.9999999814582452,77.33333333333333,1094.1871688770761,309.29139186149877,0.7336167234906197,10.0,0.12448449134729696,1.3333333333333333,165.33333333333331,129.33333333333331,False,False,False,True,susceptible-enriched,susceptible-dominant,True,0.9855343342595739,0.9689874033981701,0.31012596601829834,0.9855343342595739,0.95,0.9,0.8,0.02,0.35,1.0,1.38,3.0,3.1622776601683795,3.6666666666666665,1.0,0.7,10.0,i_hi,i,h_i,3.1622776601683795,3.6666666666666665
0.5,0.6931471805599453,3.5870701874816358,0.4281054239518987,4.015175611433534,0.10662184307277475,-0.3933781569272252,-2.125721561627583,-2.125721561627583,0.3393936704995664,-0.35375351006037886,6.60638652688525e-09,0.9999999834840336,77.33333333333333,1091.881549650369,311.54152885062933,0.7234302791050427,10.0,0.12392107214094404,1.3333333333333333,168.0,129.33333333333331,False,False,False,True,susceptible-enriched,susceptible-dominant,True,0.9937299876585661,0.9695610991360997,0.30438900863900376,0.9937299876585661,0.95,0.9,0.8,0.02,0.35,1.0,1.38,3.0,3.981071705534973,3.6666666666666665,1.0,0.7,10.0,i_hi,i,h_i,3.981071705534973,3.6666666666666665
0.5,0.6931471805599453,3.597517214777003,0.4171816307027028,4.014698845479706,0.103913555352333,-0.396086444647667,-2.154477531753534,-2.154477531753534,0.3335978125107628,-0.35954936804918247,6.287325603940001e-09,0.999999984281686,77.33333333333333,1090.9189105559494,312.5227723767924,0.7192254851184815,10.0,0.12367708380877593,1.3333333333333333,169.33333333333331,129.33333333333331,False,False,False,True,susceptible-enriched,susceptible-dominant,True,0.99729506394456,0.9698106544761192,0.30189345523880806,0.99729506394456,0.95,0.9,0.8,0.02,0.35,1.0,1.38,3.0,5.011872336272725,3.6666666666666665,1.0,0.7,10.0,i_hi,i,h_i,5.011872336272725,3.6666666666666665
0.5,0.6931471805599453,3.6019657479451013,0.4125315081471349,4.014497256092236,0.10276044092970647,-0.3972395590702935,-2.166922430269204,-2.166922430269204,0.3311062900063127,-0.3620408905536326,6.155227401759457e-09,0.9999999846119315,77.33333333333333,1090.507108962709,312.9472476678481,0.717455480967059,10.0,0.12357186752095511,1.3333333333333333,169.33333333333331,130.66666666666666,False,False,False,True,susceptible-enriched,susceptible-dominant,True,0.9988354433721636,0.9699184810360515,0.3008151896394855,0.9988354433721636,0.95,0.9,0.8,0.02,0.35,1.0,1.38,3.0,6.309573444801933,3.6666666666666665,1.0,0.7,10.0,i_hi,i,h_i,6.309573444801933,3.6666666666666665
0.5,0.6931471805599453,3.603869884040746,0.41054107422176644,4.014410958262513,0.10226682780864413,-0.39773317219135584,-2.1722875319767163,-2.172287531976716,0.33003534546137686,-0.3631118350985684,6.099349920169082e-09,0.9999999847516252,77.33333333333333,1090.329798385995,313.13021589605495,0.7166981005960005,10.0,0.12352657668071915,1.3333333333333333,169.33333333333331,130.66666666666666,False,False,False,True,susceptible-enriched,susceptible-dominant,True,0.9994990638291864,0.969964934468043,0.3003506553195695,0.9994990638291864,0.95,0.9,0.8,0.02,0.35,1.0,1.38,3.0,7.943282347242818,3.6666666666666665,1.0,0.7,10.0,i_hi,i,h_i,7.943282347242818,3.6666666666666665
0.5,0.6931471805599453,3.6046873415603558,0.40968691544129393,4.014374257001649,0.10205498770493077,-0.39794501229506923,-2.174597069731863,-2.174597069731863,0.32957492329387184,-0.36357225726607345,6.075495591834755e-09,0.9999999848112611,77.33333333333333,1090.253468474682,313.20897605977984,0.7163727313188254,10.000000000000002,0.1235070962213934,1.3333333333333333,169.33333333333331,130.66666666666666,False,False,False,True,susceptible-enriched,susceptible-dominant,True,0.9997846029368873,0.9699849222055821,0.3001507779441789,0.9997846029368873,0.95,0.9,0.8,0.02,0.35,1.0,1.38,3.0,10.0,3.6666666666666665,1.0,0.7,10.0,i_hi,i,h_i,10.0,3.6666666666666665
0.5,0.6931471805599453,1.7045651350994164,2.394778690275845,4.099343825375262,0.5841858581005028,0.08418585810050283,0.3399807962216335,0.3399807962216335,0.6789049196558665,-0.014242260904078763,0.08644282084482174,0.7838929478879456,6.666666666666666,1588.7717008026416,36.72542774839978,307.11135594797196,10.0,0.7890846370204034,13.333333333333332,17.333333333333332,,False,False,False,False,resistant-enriched,mixed,True,9.999000099990003e-05,0.90000699930007,0.9999300069993001,9.999000099990003e-05,0.95,0.9,0.8,0.02,0.35,1.0,1.38,3.0,0.1,4.0,1.0,0.7,10.0,i_hi,i,h_i,0.1,4.0
0.5,0.6931471805599453,1.704510921945563,2.394795914052284,4.099306835997847,0.5841953310307268,0.08419533103072685,0.3400197936051163,0.3400197936051165,0.678901698856797,-0.014245481703148322,0.08642123386578032,0.7839469153355492,6.666666666666666,1588.7446412744334,36.73312844284075,298.18533223785363,10.0,0.788006113284,13.333333333333332,17.333333333333332,,False,False,False,False,resistant-enriched,mixed,True,0.00025112556326146193,0.9000175787894283,0.9998242121057169,0.00025112556326146193,0.95,0.9,0.8,0.02,0.35,1.0,1.38,3.0,0.12589254117941673,4.0,1.0,0.7,10.0,i_hi,i,h_i,0.12589254117941673,4.0
0.5,0.6931471805599453,1.7043745925200198,2.394839296183219,4.099213888703239,0.5842191603573074,0.08421916035730737,0.3401178933580032,0.3401178933580032,0.678893595245269,-0.014253585314676243,0.08636715322134773,0.7840821169466307,6.666666666666666,1588.6766328665938,36.75248147072964,277.2681913016411,10.0,0.7853067449968282,13.333333333333332,,,False,False,False,False,resistant-enriched,mixed,True,0.0006305594883398934,0.9000441391641838,0.9995586083581621,0.0006305594883398934,0.95,0.9,0.8,0.02,0.35,1.0,1.38,3.0,0.15848931924611134,4.0,1.0,0.7,10.0,i_hi,i,h_i,0.15848931924611134,4.0
0.5,0.6931471805599453,1.704031187065354,2.3949490130437527,4.098980200109107,0.5842792343763953,0.08427923437639528,0.34036521121121316,0.3403652112112127,0.678873155567814,-0.014274024992131262,0.0862322072041953,0.7844194819895117,6.666666666666666,1588.5055547836068,36.80115577051081,232.94460653322872,10.0,0.7793293761557112,12.0,,,False,False,False,False,resistant-enriched,mixed,True,0.0015823852808017206,0.9001107669696562,0.9988923303034388,0.0015823852808017206,0.95,0.9,0.8,0.02,0.35,1.0,1.38,3.0,0.19952623149688797,4.0,1.0,0.7,10.0,i_hi,i,h_i,0.19952623149688797,4.0
0.5,0.6931471805599453,1.7031627658073494,2.3952296938480417,4.098392459655392,0.5844315100192825,0.08443151001928251,0.34099215879491096,0.34099215879491096,0.6788212785028787,-0.01432590205706663,0.08589880789632261,0.7852529802591934,6.666666666666666,1588.0743460453766,36.92381128752593,158.37663718870033,10.0,0.7650657064460451,12.0,,,False,False,False,False,resistant-enriched,mixed,True,0.003965285619152201,0.9002775699933406,0.9972243000665935,0.003965285619152201,0.95,0.9,0.8,0.02,0.35,1.0,1.38,3.0,0.251188643150958,4.0,1.0,0.7,10.0,i_hi,i,h_i,0.251188643150958,4.0
0.5,0.6931471805599453,1.7009416872988572,2.395964015070659,4.096905702369517,0.584822836826562,0.084822836826562,0.34260362998586974,0.3426036299858695,0.6786875238384653,-0.014459656721479974,0.08509495465346559,0.7872626133663361,6.666666666666666,1586.9773369874488,37.23440910556336,78.86909011035885,10.0,0.7309699203232484,12.0,374.66666666666663,,False,False,False,False,resistant-enriched,mixed,True,0.009900990099009901,0.9006930693069307,0.9930693069306931,0.009900990099009901,0.95,0.9,0.8,0.02,0.35,1.0,1.38,3.0,0.31622776601683794,4.0,1.0,0.7,10.0,i_hi,i,h_i,0.31622776601683794,4.0
0.5,0.6931471805599453,1.6951107003909955,2.398004151596039,4.093114851987035,0.5858629035126901,0.0858629035126901,0.34688873921323576,0.34688873921323576,0.6783289650883382,-0.01481821547160711,0.08257112466541214,0.7935721883364697,8.0,1584.1170496997347,38.03089713285027,32.93725388288715,10.0,0.6610365966490824,10.666666666666666,190.66666666666666,,False,False,False,False,resistant-enriched,mixed,True,0.024503367550336004,0.9017152357285235,0.9828476427147648,0.024503367550336004,0.95,0.9,0.8,0.02,0.35,1.0,1.38,3.0,0.3981071705534973,4.0,1.0,0.7,10.0,i_hi,i,h_i,0.3981071705534973,4.0
0.5,0.6931471805599453,1.678757490747676,2.4044587172412912,4.083216207988968,0.5888639236239502,0.08886392362395024,0.3592708816867781,0.3592708816867781,0.6772693721757759,-0.015877808384169412,0.07235534628999445,0.8191116342750139,8.0,1576.5327425735527,40.14421702905307,14.067414814706714,10.0,0.5339288921756464,8.0,97.33333333333333,,False,False,False,False,resistant-enriched,mixed,True,0.059350943102767624,0.9041545660171938,0.9584543398280627,0.059350943102767624,0.95,0.9,0.8,0.02,0.35,1.0,1.38,3.0,0.5011872336272724,4.0,1.0,0.7,10.0,i_hi,i,h_i,0.5011872336272724,4.0
0.5,0.6931471805599453,1.6251027864228886,2.4311481400069663,4.056250926429855,0.5993584184267325,0.09935841842673254,0.4027925644012393,0.4027925644012395,0.6732709485476935,-0.01987623201225175,0.054342162889609136,0.8641445927759772,9.333333333333332,1554.309094915876,46.35089423455916,6.6746740653847345,10.0,0.3945660567969558,5.333333333333333,53.33333333333333,,False,False,False,False,resistant-enriched,mixed,True,0.13680688860321008,0.9095764822022248,0.904235177977753,0.13680688860321008,0.95,0.9,0.8,0.02,0.35,1.0,1.38,3.0,0.6309573444801934,4.0,1.0,0.7,10.0,i_hi,i,h_i,0.6309573444801934,4.0
0.5,0.6931471805599453,1.3881442129445498,2.6175566799121643,4.005700892856714,0.6534578466854579,0.15345784668545792,0.6342735612414286,0.6342735612414288,0.6452797776257343,-0.04786740293421099,0.0175074751162565,0.9562313122093588,17.333333333333332,1477.3095677077988,72.55950993891862,3.790486913140564,10.0,0.2765581631886427,4.0,48.0,,False,False,False,False,resistant-enriched,mixed,True,0.2847472489508014,0.9199323074265561,0.800676925734439,0.2847472489508014,0.95,0.9,0.8,0.02,0.35,1.0,1.38,3.0,0.7943282347242815,4.0,1.0,0.7,10.0,i_hi,i,h_i,0.7943282347242815,4.0
0.5,0.6931471805599453,1.1917755410895263,2.8594650300107722,4.051240571100299,0.705824544315855,0.20582454431585495,0.8751903084349323,0.8751903084349325,0.6058481009685721,-0.08729907959137317,9.041555541284485e-05,0.9997739611114679,46.666666666666664,1293.2331712179862,164.50083842780987,1.8507989891104544,9.999999999999998,0.19995071977303883,2.6666666666666665,90.66666666666666,,False,False,False,False,resistant-enriched,mixed,True,0.5,0.935,0.65,0.5,0.95,0.9,0.8,0.02,0.35,1.0,1.38,3.0,1.0,4.0,1.0,0.7,10.0,i_hi,i,h_i,1.0,4.0
0.5,0.6931471805599453,2.155191904501953,1.9026692527440079,4.057861157245961,0.46888475948628433,-0.03111524051371567,-0.12462200027262917,-0.12462200027262917,0.691209612461787,-0.00193756809815826,6.897278764542886e-07,0.9999982756803089,64.0,1187.7797000583223,234.45985610860367,1.1612784757401775,10.0,0.15496896685727427,2.6666666666666665,116.0,110.66666666666666,False,False,False,True,susceptible-enriched,mixed,True,0.7152527510491987,0.9500676925734439,0.4993230742655609,0.7152527510491987,0.95,0.9,0.8,0.02,0.35,1.0,1.38,3.0,1.2589254117941675,4.0,1.0,0.7,10.0,i_hi,i,h_i,1.2589254117941675,4.0
0.5,0.6931471805599453,3.046387038014318,0.9924183909773776,4.0388054289916955,0.24572077274471205,-0.25427922725528795,-1.1215668062693636,-1.1215668062693636,0.557584913925184,-0.13556226663476134,4.801048443310597e-08,0.9999998799737889,72.0,1132.8932082407177,276.05486855355406,0.9014638059301123,10.000000000000002,0.13332981209035324,1.3333333333333333,136.0,121.33333333333333,False,False,False,True,susceptible-enriched,mixed,True,0.8631931113967901,0.9604235177977754,0.39576482202224694,0.8631931113967901,0.95,0.9,0.8,0.02,0.35,1.0,1.38,3.0,1.584893192461114,4.0,1.0,0.7,10.0,i_hi,i,h_i,1.584893192461114,4.0
0.5,0.6931471805599453,3.405184199836352,0.6186280903895958,4.023812290225948,0.1537417865868833,-0.3462582134131167,-1.7055500451508447,-1.7055500451508447,0.4291450601995419,-0.2640021203604034,1.423734415012678e-08,0.9999999644066396,74.66666666666666,1107.4581423365794,297.0679443260664,0.7911329613674628,10.0,0.127633559626459,1.3333333333333333,152.0,126.66666666666666,False,False,False,True,susceptible-enriched,susceptible-dominant,True,0.9406490568972324,0.9658454339828063,0.3415456601719373,0.9406490568972324,0.95,0.9,0.8,0.02,0.35,1.0,1.38,3.0,1.9952623149688797,4.0,1.0,0.7,10.0,i_hi,i,h_i,1.9952623149688797,4.0
0.5,0.6931471805599453,3.530265168361791,0.48757441668878415,4.0178395850505755,0.12135238512332161,-0.3786476148766784,-1.9796853372160228,-1.9796853372160226,0.3696108923415472,-0.3235362882183981,8.563958618238788e-09,0.9999999785901035,76.0,1097.038126280973,306.54479007585013,0.7457873374749984,10.0,0.12517936269153906,1.3333333333333333,161.33333333333331,128.0,False,False,False,True,susceptible-enriched,susceptible-dominant,True,0.975496632449664,0.9682847642714765,0.3171523572852353,0.975496632449664,0.95,0.9,0.8,0.02,0.35,1.0,1.38,3.0,2.511886431509581,4.0,1.0,0.7,10.0,i_hi,i,h_i,2.511886431509581,4.0
0.5,0.6931471805599453,3.5762101491644525,0.43946477914169485,4.015674928306147,0.10943733917403159,-0.3905626608259684,-2.0965013256692995,-2.0965013256692995,0.34533733949302486,-0.3478098410669204,6.951513219217307e-09,0.9999999826212169,77.33333333333333,1092.8872180548483,310.54369432734046,0.7278922817037576,10.0,0.12417025322470865,1.3333333333333333,166.66666666666666,129.33333333333331,False,False,False,True,susceptible-enriched,susceptible-dominant,True,0.9900990099009901,0.9693069306930693,0.306930693069307,0.9900990099009901,0.95,0.9,0.8,0.02,0.35,1.0,1.38,3.0,3.1622776601683795,4.0,1.0,0.7,10.0,i_hi,i,h_i,3.1622776601683795,4.0
0.5,0.6931471805599453,3.593848001668769,0.421017661143454,4.014865662812223,0.10486469448857003,-0.39513530551142995,-2.144303990941414,-2.144303990941414,0.3356421756920399,-0.3575050048679054,6.397956677818755e-09,0.9999999840051083,77.33333333333333,1091.2571241596893,312.17569478046136,0.7206921183271557,10.0,0.12376326444499665,1.3333333333333333,168.0,129.33333333333331,False,False,False,True,susceptible-enriched,susceptible-dominant,True,0.9960347143808478,0.9697224300066594,0.3027756999334066,0.9960347143808478,0.95,0.9,0.8,0.02,0.35,1.0,1.38,3.0,3.981071705534973,4.0,1.0,0.7,10.0,i_hi,i,h_i,3.981071705534973,4.0
0.5,0.6931471805599453,3.600762890333069,0.41378872162127706,4.014551611954346,0.10307221369109222,-0.3969277863089078,-2.1635455066626657,-2.1635455066626657,0.3317813507444132,-0.3613658298155321,6.190725709889065e-09,0.9999999845231857,77.33333333333333,1090.6187174281795,312.8320764288006,0.7179336844700162,10.0,0.12360039528517423,1.3333333333333333,169.33333333333331,129.33333333333331,False,False,False,True,susceptible-enriched,susceptible-dominant,True,0.9984176147191983,0.9698892330303439,0.3011076696965612,0.9984176147191983,0.95,0.9,0.8,0.02,0.35,1.0,1.38,3.0,5.011872336272725,4.0,1.0,0.7,10.0,i_hi,i,h_i,5.011872336272725,4.0
0.5,0.6931471805599453,3.603498466395462,0.41092925206172315,4.014427718457185,0.10236309653114155,-0.39763690346885844,-2.1712393852006584,-2.1712393852006584,0.33024441834809176,-0.3629027622118535,6.1102161006979874e-09,0.9999999847244597,77.33333333333333,1090.3644242874325,313.0944728388465,0.7168458836080491,10.000000000000002,0.12353542142748311,1.3333333333333333,169.33333333333331,130.66666666666666,False,False,False,True,susceptible-enriched,susceptible-dominant,True,0.9993694405116601,0.9699558608358162,0.3004413916418379,0.9993694405116601,0.95,0.9,0.8,0.02,0.35,1.0,1.38,3.0,6.309573444801933,4.0,1.0,0.7,10.0,i_hi,i,h_i,6.309573444801933,4.0
0.5,0.6931471805599453,3.604585153819555,0.40979370019389155,4.014378854013446,0.10208147140477114,-0.39791852859522886,-2.174308105067046,-2.174308105067046,0.32963251084336687,-0.3635146697165784,6.078474232970064e-09,0.9999999848038145,77.33333333333333,1090.2630128572814,313.19912252101847,0.7164134238941674,9.999999999999998,0.12350953351054653,1.3333333333333333,169.33333333333331,130.66666666666666,False,False,False,True,susceptible-enriched,susceptible-dominant,True,0.9997488744367385,0.9699824212105717,0.300175787894283,0.9997488744367385,0.95,0.9,0.8,0.02,0.35,1.0,1.38,3.0,7.943282347242818,4.0,1.0,0.7,10.0,i_hi,i,h_i,7.943282347242818,4.0
0.5,0.6931471805599453,3.605017478309089,0.40934216350829633,4.014359641817386,0.10196947957631879,-0.3980305204236812,-2.1755305061643564,-2.1755305061643564,0.3293889376646945,-0.36375824289525077,6.0658862675938476e-09,0.9999999848352843,77.33333333333333,1090.222696441368,313.24080512439,0.7162413121968492,10.000000000000002,0.12349922395727644,1.3333333333333333,169.33333333333331,130.66666666666666,False,False,False,True,susceptible-enriched,susceptible-dominant,True,0.9999000099990001,0.96999300069993,0.30006999300070003,0.9999000099990001,0.95,0.9,0.8,0.02,0.35,1.0,1.38,3.0,10.0,4.0,1.0,0.7,10.0,i_hi,i,h_i,10.0,4.0
0.5,0.6931471805599453,1.704584340992828,2.394772592259517,4.099356933252345,0.5841825025857297,0.08418250258572968,0.33996698257458846,0.33996698257458846,0.6789060604432748,-0.014241120116670447,0.08645047950280141,0.7838738012429964,6.666666666666666,1588.781289178176,36.72269900737831,310.36160681263533,10.000000000000002,0.7894674188728366,13.333333333333332,17.333333333333332,,False,False,False,False,resistant-enriched,mixed,True,4.641373400143315e-05,0.9000032489613802,0.999967510386199,4.641373400143315e-05,0.95,0.9,0.8,0.02,0.35,1.0,1.38,3.0,0.1,4.333333333333333,1.0,0.7,10.0,i_hi,i,h_i,0.1,4.333333333333333
0.5,0.6931471805599453,1.7045558530099725,2.3947816381199036,4.0993374911298766,0.58418747987979,0.08418747987979003,0.33998747261164136,0.3399874726116416,0.6789043682766394,-0.014242812283305928,0.08643912154985817,0.7839021961253546,6.666666666666666,1588.7670671946532,36.726746411128865,305.5572616565141,9.999999999999998,0.7888997717993353,13.333333333333332,17.333333333333332,,False,False,False,False,resistant-enriched,mixed,True,0.00012587669424250338,0.900008811368597,0.9999118863140303,0.00012587669424250338,0.95,0.9,0.8,0.02,0.35,1.0,1.38,3.0,0.12589254117941673,4.333333333333333,1.0,0.7,10.0,i_hi,i,h_i,0.12589254117941673,4.333333333333333
0.5,0.6931471805599453,1.7044785378779246,2.3948062101472716,4.099284748025196,0.5842009905022952,0.08420099050229524,0.34004309217645895,0.34004309217645895,0.6788997744585136,-0.014247406101431714,0.08640836101430424,0.7839790974642394,6.666666666666666,1588.728481480092,36.73772714916731,293.02335349855184,10.0,0.7873632438880778,13.333333333333332,,,False,False,False,False,resistant-enriched,mixed,True,0.0003413383357403704,0.9000238936835019,0.9997610631649817,0.0003413383357403704,0.95,0.9,0.8,0.02,0.35,1.0,1.38,3.0,0.15848931924611134,4.333333333333333,1.0,0.7,10.0,i_hi,i,h_i,0.15848931924611134,4.333333333333333
0.5,0.6931471805599453,1.7042684849873744,2.3948731300192128,4.099141615006587,0.5842377148551781,0.08423771485517806,0.34019427899975857,0.34019427899975857,0.6788872838198937,-0.01425989674005157,0.08632526212597702,0.7841868446850575,6.666666666666666,1588.6237375005253,36.76753255754553,262.3804993236697,10.0,0.7833230469467147,12.0,,,False,False,False,False,resistant-enriched,mixed,True,0.0009252618258234764,0.9000647683278077,0.9993523167219236,0.0009252618258234764,0.95,0.9,0.8,0.02,0.35,1.0,1.38,3.0,0.19952623149688797,4.333333333333333,1.0,0.7,10.0,i_hi,i,h_i,0.19952623149688797,4.333333333333333
0.5,0.6931471805599453,1.703696158905407,2.395056655279394,4.098752814184801,0.5843379105445631,0.08433791054456308,0.34060678422570967,0.34060678422570945,0.6788531771542013,-0.014294003405743938,0.08610229071200165,0.7847442732199958,6.666666666666666,1588.3389473119732,36.8485401351983,198.93455868755888,10.0,0.7737628312101105,12.0,,,False,False,False,False,resistant-enriched,mixed,True,0.002505592667285736,0.90017539148671,0.9982460851329,0.002505592667285736,0.95,0.9,0.8,0.02,0.35,1.0,1.38,3.0,0.251188643150958,4.333333333333333,1.0,0.7,10.0,i_hi,i,h_i,0.251188643150958,4.333333333333333
0.5,0.6931471805599453,1.7021245823276385,2.3955694596995927,4.097694042027231,0.584614037829541,0.08461403782954102,0.3417437477498161,0.3417437477498163,0.6787589693593281,-0.014388211200617174,0.085514768596132,0.78621307850967,6.666666666666666,1587.5606088722188,37.069495424646874,109.37480579852486,10.0,0.7487236707240263,12.0,,,False,False,False,False,resistant-enriched,mixed,True,0.006766818890153485,0.9004736773223108,0.9952632267768926,0.006766818890153485,0.95,0.9,0.8,0.02,0.35,1.0,1.38,3.0,0.31622776601683794,4.333333333333333,1.0,0.7,10.0,i_hi,i,h_i,0.31622776601683794,4.333333333333333
0.5,0.6931471805599453,1.697716609835679,2.3970723968001315,4.094789006635811,0.5853958269682652,0.0853958269682652,0.3449639805684151,0.3449639805684151,0.6784905391524464,-0.014656641407498894,0.08403824227298928,0.7899043943175268,6.666666666666666,1585.3920601347104,37.678137190481266,44.196143978527424,10.0,0.690142124308803,10.666666666666666,240.0,,False,False,False,False,resistant-enriched,mixed,True,0.01814323818419052,0.9012700266728934,0.9872997332710667,0.01814323818419052,0.95,0.9,0.8,0.02,0.35,1.0,1.38,3.0,0.3981071705534973,4.333333333333333,1.0,0.7,10.0,i_hi,i,h_i,0.3981071705534973,4.333333333333333
0.5,0.6931471805599453,1.6846323120374411,2.4020273491717288,4.08665966120917,0.5877727895894839,0.08777278958948387,0.3547657820410204,0.3547657820410204,0.677658926702624,-0.015488253857321332,0.0753211861677523,0.8116970345806193,8.0,1579.163875641164,39.40284017694526,17.289933193894246,10.0,0.5692867770159785,9.333333333333332,114.66666666666666,,False,False,False,False,resistant-enriched,mixed,True,0.04772672103420394,0.9033408704723943,0.9665912952760572,0.04772672103420394,0.95,0.9,0.8,0.02,0.35,1.0,1.38,3.0,0.5011872336272724,4.333333333333333,1.0,0.7,10.0,i_hi,i,h_i,0.5011872336272724,4.333333333333333
0.5,0.6931471805599453,1.6395849719182847,2.4232364298214857,4.06282140173977,0.5964417802820016,0.09644178028200157,0.3906608704777238,0.3906608704777239,0.6744280498205987,-0.018719130739346612,0.05874143295078336,0.8531464176230417,9.333333333333332,1559.9553678425846,44.745852088837474,7.468314189804469,10.0,0.41564402200386735,5.333333333333333,58.666666666666664,,False,False,False,False,resistant-enriched,mixed,True,0.11966843402942083,0.9083767903820594,0.9162320961794054,0.11966843402942083,0.95,0.9,0.8,0.02,0.35,1.0,1.38,3.0,0.6309573444801934,4.333333333333333,1.0,0.7,10.0,i_hi,i,h_i,0.6309573444801934,4.333333333333333
0.5,0.6931471805599453,1.42554441977332,2.5823156602953303,4.00786008006865,0.6443128274705383,0.1443128274705383,0.5941327494107883,0.5941327494107884,0.650896311622743,-0.04225086893720231,0.02122364496585944,0.9469408875853514,16.0,1488.3743930082242,68.12695366318658,3.971122770670237,10.0,0.2853998051584138,4.0,46.666666666666664,,False,False,False,False,resistant-enriched,mixed,True,0.269376770867385,0.918856373960717,0.8114362603928305,0.269376770867385,0.95,0.9,0.8,0.02,0.35,1.0,1.38,3.0,0.7943282347242815,4.333333333333333,1.0,0.7,10.0,i_hi,i,h_i,0.7943282347242815,4.333333333333333
0.5,0.6931471805599453,1.1917755410895263,2.8594650300107722,4.051240571100299,0.705824544315855,0.20582454431585495,0.8751903084349323,0.8751903084349325,0.6058481009685721,-0.08729907959137317,9.041555541284485e-05,0.9997739611114679,46.666666666666664,1293.2331712179862,164.50083842780987,1.8507989891104544,9.999999999999998,0.19995071977303883,2.6666666666666665,90.66666666666666,,False,False,False,False,resistant-enriched,mixed,True,0.5,0.935,0.65,0.5,0.95,0.9,0.8,0.02,0.35,1.0,1.38,3.0,1.0,4.333333333333333,1.0,0.7,10.0,i_hi,i,h_i,1.0,4.333333333333333
0.5,0.6931471805599453,2.250183676407483,1.8066543099365184,4.056837986344002,0.44533558303733606,-0.05466441696266394,-0.21953515960181663,-0.21953515960181663,0.6871588205325236,-0.005988360027421646,5.112470615771862e-07,0.9999987218823461,64.0,1181.688180777191,238.93662634998404,1.1297404561187188,10.0,0.15230247608524825,2.6666666666666665,117.33333333333333,112.0,False,False,False,True,susceptible-enriched,mixed,True,0.7306232291326152,0.951143626039283,0.48856373960716937,0.7306232291326152,0.95,0.9,0.8,0.02,0.35,1.0,1.38,3.0,1.2589254117941675,4.333333333333333,1.0,0.7,10.0,i_hi,i,h_i,1.2589254117941675,4.333333333333333
0.5,0.6931471805599453,3.13511337017134,0.9004035874170706,4.035516957588411,0.22311976306379935,-0.2768802369362007,-1.2475775218744145,-1.2475775218744145,0.5308282767961293,-0.16231890376381597,3.6315939763600847e-08,0.9999999092101506,72.0,1127.040278470747,280.7204239402362,0.8758587572702047,10.0,0.13203992412330415,1.3333333333333333,140.0,122.66666666666666,False,False,False,True,susceptible-enriched,mixed,True,0.8803315659705794,0.9616232096179406,0.38376790382059445,0.8803315659705794,0.95,0.9,0.8,0.02,0.35,1.0,1.38,3.0,1.584893192461114,4.333333333333333,1.0,0.7,10.0,i_hi,i,h_i,1.584893192461114,4.333333333333333
0.5,0.6931471805599453,3.4493920172992656,0.572321955014969,4.0217139723142346,0.14230797091858696,-0.35769202908141307,-1.7962515761736568,-1.7962515761736568,0.40913110145786286,-0.28401607910208243,1.1978230508056144e-08,0.9999999700544238,76.0,1103.8784626207503,300.22162842569224,0.7754357534322849,10.0,0.12680761352439687,1.3333333333333333,156.0,126.66666666666666,False,False,False,True,susceptible-enriched,susceptible-dominant,True,0.952273278965796,0.9666591295276057,0.3334087047239428,0.952273278965796,0.95,0.9,0.8,0.02,0.35,1.0,1.38,3.0,1.9952623149688797,4.333333333333333,1.0,0.7,10.0,i_hi,i,h_i,1.9952623149688797,4.333333333333333
0.5,0.6931471805599453,3.5507294746879143,0.46613772159334355,4.016867196281257,0.11604509156411379,-0.3839549084358862,-2.030427216825511,-2.030427216825511,0.3589703384929492,-0.3341768420669961,7.818882965881329e-09,0.9999999804527926,77.33333333333333,1095.2407912920821,308.2839297478435,0.7381467747729676,10.0,0.12473845752717064,1.3333333333333333,164.0,129.33333333333331,False,False,False,True,susceptible-enriched,susceptible-dominant,True,0.9818567618158095,0.9687299733271066,0.31270026672893336,0.9818567618158095,0.95,0.9,0.8,0.02,0.35,1.0,1.38,3.0,2.511886431509581,4.333333333333333,1.0,0.7,10.0,i_hi,i,h_i,2.511886431509581,4.333333333333333
0.5,0.6931471805599453,3.5855995031242,0.42964562942282125,4.015245132547021,0.10700358639131975,-0.39299641360868026,-2.121720213176648,-2.121720213176648,0.34020438635825906,-0.3529427942016862,6.652291316366042e-09,0.9999999833692718,77.33333333333333,1092.0178192367594,311.4049263448981,0.724030586863071,9.999999999999998,0.1239551254824857,1.3333333333333333,168.0,129.33333333333331,False,False,False,True,susceptible-enriched,susceptible-dominant,True,0.9932331811098465,0.9695263226776892,0.30473677322310755,0.9932331811098465,0.95,0.9,0.8,0.02,0.35,1.0,1.38,3.0,3.1622776601683795,4.333333333333333,1.0,0.7,10.0,i_hi,i,h_i,3.1622776601683795,4.333333333333333
0.5,0.6931471805599453,3.5980951239609653,0.41657748862354044,4.014672612584506,0.10376375082683577,-0.39623624917316425,-2.156087360753652,-2.156087360753652,0.33327494147222264,-0.35987223908772265,6.2700393956412266e-09,0.9999999843249016,77.33333333333333,1090.8655534138609,312.57768691235026,0.7189952093970826,10.0,0.12366346061425727,1.3333333333333333,169.33333333333331,129.33333333333331,False,False,False,True,susceptible-enriched,susceptible-dominant,True,0.9974944073327142,0.96982460851329,0.3017539148671001,0.9974944073327142,0.95,0.9,0.8,0.02,0.35,1.0,1.38,3.0,3.981071705534973,4.333333333333333,1.0,0.7,10.0,i_hi,i,h_i,3.981071705534973,4.333333333333333
0.5,0.6931471805599453,3.6026533597586154,0.4118129240960376,4.014466283854653,0.10258223509119091,-0.3974177649088091,-2.1688567188362815,-2.168856718836281,0.3307199594710236,-0.36242722108892167,6.1350076703752865e-09,0.9999999846624809,77.33333333333333,1090.4432440446578,313.0132181686618,0.717182152180157,10.0,0.12355553346386622,1.3333333333333333,169.33333333333331,130.66666666666666,False,False,False,True,susceptible-enriched,susceptible-dominant,True,0.9990747381741766,0.9699352316721923,0.30064768327807645,0.9990747381741766,0.95,0.9,0.8,0.02,0.35,1.0,1.38,3.0,5.011872336272725,4.333333333333333,1.0,0.7,10.0,i_hi,i,h_i,5.011872336272725,4.333333333333333
0.5,0.6931471805599453,3.604327271482175,0.41006345284090084,4.014390724323076,0.10214836596655587,-0.39785163403344415,-2.1735785117025066,-2.1735785117025066,0.3297779358259648,-0.36336924473398047,6.086003002928864e-09,0.9999999847849925,77.33333333333333,1090.2871803809082,313.1742432262236,0.7165161883826509,10.000000000000002,0.12351568784556456,1.3333333333333333,169.33333333333331,130.66666666666666,False,False,False,True,susceptible-enriched,susceptible-dominant,True,0.9996586616642597,0.9699761063164982,0.30023893683501823,0.9996586616642597,0.95,0.9,0.8,0.02,0.35,1.0,1.38,3.0,6.309573444801933,4.333333333333333,1.0,0.7,10.0,i_hi,i,h_i,6.309573444801933,4.333333333333333
0.5,0.6931471805599453,3.6049435192657437,0.4094194815539293,4.014363000819673,0.1019886546060563,-0.39801134539394367,-2.175321124545931,-2.175321124545931,0.32943065151934003,-0.36371652904060525,6.068040117239082e-09,0.9999999848298997,77.33333333333333,1090.2296213377322,313.2336654186969,0.7162707876581056,9.999999999999998,0.12350098970656723,1.3333333333333333,169.33333333333331,130.66666666666666,False,False,False,True,susceptible-enriched,susceptible-dominant,True,0.9998741233057575,0.969991188631403,0.30008811368596977,0.9998741233057575,0.95,0.9,0.8,0.02,0.35,1.0,1.38,3.0,7.943282347242818,4.333333333333333,1.0,0.7,10.0,i_hi,i,h_i,7.943282347242818,4.333333333333333
0.5,0.6931471805599453,3.6051698115342403,0.4091824811357943,4.014352292670035,0.10192988838646196,-0.39807011161353806,-2.1759629323700778,-2.1759629323700778,0.32930279726374284,-0.36384438329620244,6.0614261610160306e-09,0.9999999848464346,77.33333333333333,1090.2084825850907,313.2555454210575,0.7161804552806904,10.0,0.12349556959357173,1.3333333333333333,169.33333333333331,130.66666666666666,False,False,False,True,susceptible-enriched,susceptible-dominant,True,0.9999535862659986,0.9699967510386199,0.300032489613801,0.9999535862659986,0.95,0.9,0.8,0.02,0.35,1.0,1.38,3.0,10.0,4.333333333333333,1.0,0.7,10.0,i_hi,i,h_i,10.0,4.333333333333333
0.5,0.6931471805599453,1.7045932541081568,2.3947697629513756,4.099363017059533,0.5841809454262825,0.08418094542628252,0.3399605722274945,0.3399605722274945,0.6789065898210827,-0.014240590738862635,0.08645403572994229,0.7838649106751443,6.666666666666666,1588.7857393485465,36.72143253231042,311.8860159373804,10.000000000000002,0.7896451853024891,13.333333333333332,17.333333333333332,,False,False,False,False,resistant-enriched,mixed,True,2.1543882751435294e-05,0.9000015080717926,0.999984919282074,2.1543882751435294e-05,0.95,0.9,0.8,0.02,0.35,1.0,1.38,3.0,0.1,4.666666666666666,1.0,0.7,10.0,i_hi,i,h_i,0.1,4.666666666666666
0.5,0.6931471805599453,1.7045783629803697,2.3947744901113013,4.099352853091671,0.5841835469969847,0.08418354699698471,0.3399712820987646,0.3399712820987648,0.6789057053756868,-0.014241475184258445,0.0864480950501364,0.783879762374659,6.666666666666666,1588.7783045892293,36.72354838949421,309.34490339245065,10.0,0.7893482353149485,13.333333333333332,17.333333333333332,,False,False,False,False,resistant-enriched,mixed,True,6.309175362748667e-05,0.900004416422754,0.9999558357724607,6.309175362748667e-05,0.95,0.9,0.8,0.02,0.35,1.0,1.38,3.0,0.12589254117941673,4.666666666666666,1.0,0.7,10.0,i_hi,i,h_i,0.12589254117941673,4.666666666666666
0.5,0.6931471805599453,1.704534737186505,2.3947883458949706,4.099323083081476,0.5841911694588365,0.08419116945883653,0.34000266155517883,0.34000266155517894,0.678903113837964,-0.014244066721981308,0.08643071108483634,0.7839232222879091,6.666666666666666,1588.7565271550043,36.72974594348757,302.06185355801404,10.0,0.7884795392779678,13.333333333333332,17.333333333333332,,False,False,False,False,resistant-enriched,mixed,True,0.00018475084056189867,0.9000129325588394,0.9998706744116067,0.00018475084056189867,0.95,0.9,0.8,0.02,0.35,1.0,1.38,3.0,0.15848931924611134,4.666666666666666,1.0,0.7,10.0,i_hi,i,h_i,0.15848931924611134,4.666666666666666
0.5,0.6931471805599453,1.7044068442193334,2.3948290242087733,4.0992358684281065,0.5842135220013809,0.08421352200138088,0.34009468142167965,0.34009468142167965,0.67889551288557,-0.014251667674375246,0.08637992090345832,0.7840501977413542,6.666666666666666,1588.692716890766,36.747904619285855,282.02775882405655,10.000000000000002,0.7859436926119897,13.333333333333332,,,False,False,False,False,resistant-enriched,mixed,True,0.0005408768204935979,0.9000378613774346,0.9996213862256544,0.0005408768204935979,0.95,0.9,0.8,0.02,0.35,1.0,1.38,3.0,0.19952623149688797,4.666666666666666,1.0,0.7,10.0,i_hi,i,h_i,0.19952623149688797,4.666666666666666
0.5,0.6931471805599453,1.704031187065355,2.3949490130437527,4.098980200109108,0.5842792343763952,0.08427923437639517,0.34036521121121255,0.3403652112112121,0.6788731555678141,-0.014274024992131151,0.0862322072041953,0.7844194819895117,6.666666666666666,1588.5055547836073,36.80115577051082,232.94460653322827,10.0,0.779329376155711,12.0,,,False,False,False,False,resistant-enriched,mixed,True,0.0015823852808017215,0.9001107669696562,0.9988923303034388,0.0015823852808017215,0.95,0.9,0.8,0.02,0.35,1.0,1.38,3.0,0.251188643150958,4.666666666666666,1.0,0.7,10.0,i_hi,i,h_i,0.251188643150958,4.666666666666666
0.5,0.6931471805599453,1.7029217531612713,2.3953081407979786,4.09822989395925,0.5844738345031935,0.08447383450319346,0.3411664284730024,0.34116642847300216,0.6788068424978211,-0.014340338062124203,0.08580827952424788,0.7854793011893804,6.666666666666666,1587.954927705232,36.957720744232745,144.15105821063185,10.0,0.7612049021361127,12.0,,,False,False,False,False,resistant-enriched,mixed,True,0.004620144024698061,0.9003234100817289,0.9967658991827114,0.004620144024698061,0.95,0.9,0.8,0.02,0.35,1.0,1.38,3.0,0.31622776601683794,4.666666666666666,1.0,0.7,10.0,i_hi,i,h_i,0.31622776601683794,4.666666666666666
0.5,0.6931471805599453,1.6995888488729862,2.396423316662888,4.096012165535874,0.5850625485994786,0.0850625485994786,0.3435909728445624,0.3435909728445622,0.6786052793793684,-0.014541901180576855,0.0846367700866601,0.7884080747833497,6.666666666666666,1586.3116939465938,37.421582083491096,59.289973006623406,10.0,0.7126850695385247,10.666666666666666,300.0,,False,False,False,False,resistant-enriched,mixed,True,0.013411257127919745,0.9009387879989544,0.9906121200104562,0.013411257127919745,0.95,0.9,0.8,0.02,0.35,1.0,1.38,3.0,0.3981071705534973,4.666666666666666,1.0,0.7,10.0,i_hi,i,h_i,0.3981071705534973,4.666666666666666
0.5,0.6931471805599453,1.6890830817883302,2.4002660127024185,4.089349094490749,0.5869555171839215,0.08695551718392147,0.35139374329391937,0.35139374329391915,0.6779474889143033,-0.015199691645641944,0.07803422291093393,0.8049144427226652,8.0,1581.2214097423926,38.82847651421371,21.355755583880676,9.999999999999998,0.6023537271381638,9.333333333333332,136.0,,False,False,False,False,resistant-enriched,mixed,True,0.038286503882254776,0.9026800552717579,0.9731994472824217,0.038286503882254776,0.95,0.9,0.8,0.02,0.35,1.0,1.38,3.0,0.5011872336272724,4.666666666666666,1.0,0.7,10.0,i_hi,i,h_i,0.5011872336272724,4.666666666666666
0.5,0.6931471805599453,1.6510797672602286,2.4173092981645614,4.06838906542479,0.5941686646215987,0.09416866462159867,0.38122558304740245,0.38122558304740245,0.6753053401989899,-0.017841840360955374,0.06359517207615495,0.8410120698096126,9.333333333333332,1564.665970186039,43.44295645892088,8.4033300142181,10.0,0.4390806393154003,6.666666666666666,64.0,,False,False,False,False,resistant-enriched,mixed,True,0.10441727916673246,0.9073092095416713,0.9269079045832873,0.10441727916673246,0.95,0.9,0.8,0.02,0.35,1.0,1.38,3.0,0.6309573444801934,4.666666666666666,1.0,0.7,10.0,i_hi,i,h_i,0.6309573444801934,4.666666666666666
0.5,0.6931471805599453,1.458335412095343,2.552868728990607,4.01120414108595,0.6364345067462637,0.13643450674626367,0.5599220620250662,0.5599220620250662,0.6554421028636477,-0.037705077696297606,0.024839178761252134,0.9379020530968697,14.666666666666666,1498.159756702297,64.38128177486882,4.152268187712303,10.0,0.29427618751563034,4.0,45.33333333333333,,False,False,False,False,resistant-enriched,mixed,True,0.25454071590092864,0.917817850113065,0.82182149886935,0.25454071590092864,0.95,0.9,0.8,0.02,0.35,1.0,1.38,3.0,0.7943282347242815,4.666666666666666,1.0,0.7,10.0,i_hi,i,h_i,0.7943282347242815,4.666666666666666
0.5,0.6931471805599453,1.1917755410895263,2.8594650300107722,4.051240571100299,0.705824544315855,0.20582454431585495,0.8751903084349323,0.8751903084349325,0.6058481009685721,-0.08729907959137317,9.041555541284485e-05,0.9997739611114679,46.666666666666664,1293.2331712179862,164.50083842780987,1.8507989891104544,9.999999999999998,0.19995071977303883,2.6666666666666665,90.66666666666666,,False,False,False,False,resistant-enriched,mixed,True,0.5,0.935,0.65,0.5,0.95,0.9,0.8,0.02,0.35,1.0,1.38,3.0,1.0,4.666666666666666,1.0,0.7,10.0,i_hi,i,h_i,1.0,4.666666666666666
0.5,0.6931471805599453,2.342884088021943,1.7127557666812578,4.055639854703201,0.4223145614606355,-0.07768543853936449,-0.3132790538848821,-0.313279053884882,0.6810280886899163,-0.01211909187002902,3.8453892693484363e-07,0.9999990386526827,65.33333333333333,1175.9100236435652,243.21599385214273,1.100569640272164,10.0,0.14978783106917906,2.6666666666666665,120.0,112.0,False,False,False,True,susceptible-enriched,mixed,True,0.7454592840990715,0.9521821498869351,0.47817850113064997,0.7454592840990715,0.95,0.9,0.8,0.02,0.35,1.0,1.38,3.0,1.2589254117941675,4.666666666666666,1.0,0.7,10.0,i_hi,i,h_i,1.2589254117941675,4.666666666666666
0.5,0.6931471805599453,3.2097661199425396,0.8227577381291601,4.032523858071699,0.20403047001998204,-0.29596952998001796,-1.3612915606584044,-1.3612915606584044,0.505939329745355,-0.18720785081459024,2.8441903652316897e-08,0.9999999288952409,73.33333333333333,1121.9181241572617,284.8599205818458,0.8534923223633255,10.0,0.13090636243321785,1.3333333333333333,142.66666666666666,124.0,False,False,False,True,susceptible-enriched,mixed,True,0.8955827208332677,0.9626907904583287,0.3730920954167126,0.8955827208332677,0.95,0.9,0.8,0.02,0.35,1.0,1.38,3.0,1.584893192461114,4.666666666666666,1.0,0.7,10.0,i_hi,i,h_i,1.584893192461114,4.666666666666666
0.5,0.6931471805599453,3.4834471323605074,0.5366327834556818,4.020079915816189,0.1334880884691891,-0.36651191153081086,-1.8704636068691602,-1.8704636068691605,0.3929640346354985,-0.3001831459244468,1.0422722588474088e-08,0.9999999739431935,76.0,1101.079911401469,302.78771790954215,0.7635133946982223,10.0,0.12614224238194158,1.3333333333333333,157.33333333333331,128.0,False,False,False,True,susceptible-enriched,susceptible-dominant,True,0.9617134961177453,0.9673199447282421,0.32680055271757835,0.9617134961177453,0.95,0.9,0.8,0.02,0.35,1.0,1.38,3.0,1.9952623149688797,4.666666666666666,1.0,0.7,10.0,i_hi,i,h_i,1.9952623149688797,4.666666666666666
0.5,0.6931471805599453,3.565502832938257,0.4506727818543679,4.016175614792624,0.11221441119118951,-0.3877855888088105,-2.0683188329634756,-2.0683188329634756,0.3511201991854648,-0.3420269813744805,7.3059999959098245e-09,0.999999981735,77.33333333333333,1093.884810544621,309.58048480868536,0.7322969135501566,10.0,0.12441180727722959,1.3333333333333333,165.33333333333331,129.33333333333331,False,False,False,True,susceptible-enriched,susceptible-dominant,True,0.9865887428720803,0.9690612120010457,0.30938787998954387,0.9865887428720803,0.95,0.9,0.8,0.02,0.35,1.0,1.38,3.0,2.511886431509581,4.666666666666666,1.0,0.7,10.0,i_hi,i,h_i,2.511886431509581,4.666666666666666
0.5,0.6931471805599453,3.591931214041561,0.4230219309837631,4.014953145025324,0.10536161088402811,-0.3946383891159719,-2.139021255473401,-2.139021255473401,0.33670640205036295,-0.35644077850958233,6.456364044691285e-09,0.9999999838590898,77.33333333333333,1091.4336423419045,311.9954376738809,0.7214623052869736,10.0,0.12380807527836792,1.3333333333333333,168.0,129.33333333333331,False,False,False,True,susceptible-enriched,susceptible-dominant,True,0.995379855975302,0.9696765899182711,0.30323410081728863,0.995379855975302,0.95,0.9,0.8,0.02,0.35,1.0,1.38,3.0,3.1622776601683795,4.666666666666666,1.0,0.7,10.0,i_hi,i,h_i,3.1622776601683795,4.666666666666666
0.5,0.6931471805599453,3.600762890333069,0.41378872162127706,4.014551611954346,0.10307221369109222,-0.3969277863089078,-2.1635455066626657,-2.1635455066626657,0.3317813507444132,-0.3613658298155321,6.190725709889065e-09,0.9999999845231857,77.33333333333333,1090.6187174281795,312.8320764288006,0.7179336844700162,10.0,0.12360039528517423,1.3333333333333333,169.33333333333331,129.33333333333331,False,False,False,True,susceptible-enriched,susceptible-dominant,True,0.9984176147191983,0.9698892330303439,0.3011076696965612,0.9984176147191983,0.95,0.9,0.8,0.02,0.35,1.0,1.38,3.0,3.981071705534973,4.666666666666666,1.0,0.7,10.0,i_hi,i,h_i,3.981071705534973,4.666666666666666
0.5,0.6931471805599453,3.6037554693232,0.4106606514201165,4.014416120743316,0.10229648324152252,-0.3977035167584775,-2.1719645588248633,-2.1719645588248633,0.3300997607993146,-0.3630474197606307,6.10269561512095e-09,0.999999984743261,77.33333333333333,1090.340468004637,313.11920219941055,0.7167436296311397,9.999999999999998,0.12352930190694879,1.3333333333333333,169.33333333333331,130.66666666666666,False,False,False,True,susceptible-enriched,susceptible-dominant,True,0.9994591231795064,0.9699621386225654,0.3003786137743456,0.9994591231795064,0.95,0.9,0.8,0.02,0.35,1.0,1.38,3.0,5.011872336272725,4.666666666666666,1.0,0.7,10.0,i_hi,i,h_i,5.011872336272725,4.666666666666666
0.5,0.6931471805599453,3.60477528187902,0.40959537092514875,4.014370652804169,0.10203227513110504,-0.397967724868895,-2.174844940443261,-2.174844940443261,0.32952552978258587,-0.3636216507773594,6.072942056553158e-09,0.9999999848176448,77.33333333333333,1090.2453724721784,313.21742805080197,0.7163378325885392,10.000000000000002,0.12350500568254279,1.3333333333333333,169.33333333333331,130.66666666666666,False,False,False,True,susceptible-enriched,susceptible-dominant,True,0.9998152491594381,0.9699870674411607,0.30012932558839334,0.9998152491594381,0.95,0.9,0.8,0.02,0.35,1.0,1.38,3.0,6.309573444801933,4.666666666666666,1.0,0.7,10.0,i_hi,i,h_i,6.309573444801933,4.666666666666666
0.5,0.6931471805599453,3.6051221592353095,0.40923227590181227,4.014354435137122,0.1019422381640882,-0.3980577618359118,-2.175828028619551,-2.1758280286195504,0.32932966908905,-0.3638175114708953,6.062812491863925e-09,0.9999999848429688,77.33333333333333,1090.2129389548475,313.25094540887216,0.7161994431608594,10.0,0.12349670716243423,1.3333333333333333,169.33333333333331,130.66666666666666,False,False,False,True,susceptible-enriched,susceptible-dominant,True,0.9999369082463725,0.969995583577246,0.3000441642275393,0.9999369082463725,0.95,0.9,0.8,0.02,0.35,1.0,1.38,3.0,7.943282347242818,4.666666666666666,1.0,0.7,10.0,i_hi,i,h_i,7.943282347242818,4.666666666666666
0.5,0.6931471805599453,3.6052408635294912,0.40910823754205367,4.014349101071545,0.1019114748721906,-0.3980885251278094,-2.176164100727142,-2.176164100727142,0.3292627282871749,-0.3638844522727704,6.0593596088370306e-09,0.999999984851601,77.33333333333333,1090.201837733511,313.26240496146386,0.7161521423687849,10.000000000000002,0.12349387330580301,1.3333333333333333,169.33333333333331,130.66666666666666,False,False,False,True,susceptible-enriched,susceptible-dominant,True,0.9999784561172486,0.9699984919282074,0.30001508071792604,0.9999784561172486,0.95,0.9,0.8,0.02,0.35,1.0,1.38,3.0,10.0,4.666666666666666,1.0,0.7,10.0,i_hi,i,h_i,10.0,4.666666666666666
0.5,0.6931471805599453,1.7045973908929626,2.394768449948573,4.099365840841536,0.5841802227285391,0.08418022272853909,0.3399575971052435,0.3399575971052435,0.678906835508746,-0.01424034505119931,0.08645568668460947,0.7838607832884763,6.666666666666666,1588.787804857439,36.72084470697742,312.5970148910346,10.0,0.7897277176099454,13.333333333333332,17.333333333333332,,False,False,False,False,resistant-enriched,mixed,True,9.999900000999992e-06,0.9000006999930001,0.9999930000699992,9.999900000999992e-06,0.95,0.9,0.8,0.02,0.35,1.0,1.38,3.0,0.1,5.0,1.0,0.7,10.0,i_hi,i,h_i,0.1,5.0
0.5,0.6931471805599453,1.7045896424537157,2.3947709093547953,4.099360551808511,0.5841815763920294,0.08418157639202939,0.3399631697188116,0.3399631697188118,0.6789063753167868,-0.014240805243158516,0.08645259457146753,0.7838685135713311,6.666666666666666,1588.783936080858,36.72194572530849,311.2670817944337,10.0,0.7895731436583071,13.333333333333332,17.333333333333332,,False,False,False,False,resistant-enriched,mixed,True,3.162177663330558e-05,0.9000022135243644,0.9999778647563566,3.162177663330558e-05,0.95,0.9,0.8,0.02,0.35,1.0,1.38,3.0,0.12589254117941673,5.0,1.0,0.7,10.0,i_hi,i,h_i,0.12589254117941673,5.0
0.5,0.6931471805599453,1.7045651350994164,2.394778690275845,4.099343825375262,0.5841858581005028,0.08418585810050283,0.3399807962216335,0.3399807962216335,0.6789049196558665,-0.014242260904078763,0.08644282084482174,0.7838929478879456,6.666666666666666,1588.7717008026416,36.72542774839978,307.11135594797196,10.0,0.7890846370204034,13.333333333333332,17.333333333333332,,False,False,False,False,resistant-enriched,mixed,True,9.999000099989999e-05,0.90000699930007,0.9999300069993001,9.999000099989999e-05,0.95,0.9,0.8,0.02,0.35,1.0,1.38,3.0,0.15848931924611134,5.0,1.0,0.7,10.0,i_hi,i,h_i,0.15848931924611134,5.0
0.5,0.6931471805599453,1.7044875896396523,2.3948033316906914,4.0992909213303435,0.5841994085439307,0.08419940854393071,0.34003657965643536,0.34003657965643536,0.6789003123873762,-0.014246868172569038,0.086411957481966,0.783970106295085,6.666666666666666,1588.7329980401128,36.73644184822669,294.45367501221847,9.999999999999998,0.7875428300951104,13.333333333333332,,,False,False,False,False,resistant-enriched,mixed,True,0.00031612779762961777,0.9000221289458341,0.9997787105416592,0.00031612779762961777,0.95,0.9,0.8,0.02,0.35,1.0,1.38,3.0,0.19952623149688797,5.0,1.0,0.7,10.0,i_hi,i,h_i,0.19952623149688797,5.0
0.5,0.6931471805599453,1.7042419048066684,2.3948816148807452,4.099123519687414,0.5842423638562059,0.08424236385620587,0.3402134182826921,0.34021341828269186,0.6788857022118517,-0.014261478348093548,0.0863147956925587,0.7842130107686033,6.666666666666666,1588.6104920185228,36.77130128815493,258.8279707676859,10.0,0.7828735840009305,12.0,,,False,False,False,False,resistant-enriched,mixed,True,0.0009990009990009992,0.9000699300699301,0.9993006993006993,0.0009990009990009992,0.95,0.9,0.8,0.02,0.35,1.0,1.38,3.0,0.251188643150958,5.0,1.0,0.7,10.0,i_hi,i,h_i,0.251188643150958,5.0
0.5,0.6931471805599453,1.7034603683342315,2.395132849830564,4.098593218164796,0.5843792546221552,0.08437925462215523,0.3407770059804527,0.3407770059804528,0.678839091562072,-0.01430808899787328,0.08601184773717709,0.7849703806570573,6.666666666666666,1588.221872223257,36.8818357240714,179.249185677637,9.999999999999998,0.7698939240932,12.0,,,False,False,False,False,resistant-enriched,mixed,True,0.003152309183260213,0.9002206616428282,0.9977933835717179,0.003152309183260213,0.95,0.9,0.8,0.02,0.35,1.0,1.38,3.0,0.31622776601683794,5.0,1.0,0.7,10.0,i_hi,i,h_i,0.31622776601683794,5.0
0.5,0.6931471805599453,1.7009416872988496,2.395964015070659,4.096905702369509,0.5848228368265631,0.08482283682656311,0.3426036299858741,0.3426036299858739,0.6786875238384649,-0.014459656721480418,0.08509495465346564,0.7872626133663359,6.666666666666666,1586.9773369874451,37.23440910556339,78.86909011035864,10.0,0.730969920323247,12.0,374.66666666666663,,False,False,False,False,resistant-enriched,mixed,True,0.009900990099009908,0.9006930693069307,0.9930693069306931,0.009900990099009908,0.95,0.9,0.8,0.02,0.35,1.0,1.38,3.0,0.3981071705534973,5.0,1.0,0.7,10.0,i_hi,i,h_i,0.3981071705534973,5.0
0.5,0.6931471805599453,1.6924871184979775,2.3989700695290948,4.091457188027072,0.5863363489539271,0.08633634895392706,0.34884039270819794,0.34884039270819805,0.678164270221294,-0.01498291033865129,0.08045551934363879,0.798861201640903,8.0,1582.8439035402935,38.38100972084758,26.48111288838338,10.0,0.6341202355432282,10.666666666666666,161.33333333333331,,False,False,False,False,resistant-enriched,mixed,True,0.030653430031715525,0.9021457401022202,0.9785425989777992,0.030653430031715525,0.95,0.9,0.8,0.02,0.35,1.0,1.38,3.0,0.5011872336272724,5.0,1.0,0.7,10.0,i_hi,i,h_i,0.5011872336272724,5.0
0.5,0.6931471805599453,1.6602892577769608,2.412799176698863,4.073088434475824,0.592375838510212,0.09237583851021203,0.3737957187478929,0.373795718747893,0.6759821496127301,-0.01716503094721522,0.06595137282189785,0.8351215679452554,8.0,1568.4660569113112,42.374722018202384,9.502368402820002,10.000000000000002,0.4632947952086541,6.666666666666666,70.66666666666666,,False,False,False,False,resistant-enriched,mixed,True,0.09090909090909098,0.9063636363636364,0.9363636363636363,0.09090909090909098,0.95,0.9,0.8,0.02,0.35,1.0,1.38,3.0,0.6309573444801934,5.0,1.0,0.7,10.0,i_hi,i,h_i,0.6309573444801934,5.0
0.5,0.6931471805599453,1.4869049093205398,2.528474567693568,4.015379477014108,0.6296975372234997,0.12969753722349975,0.5309194657979589,0.5309194657979589,0.6591164602475001,-0.03403072031244514,0.02838294283981498,0.9290426429004626,13.333333333333332,1506.955611955651,61.205437288827824,4.337280133072029,9.999999999999998,0.3031562561618848,4.0,45.33333333333333,,False,False,False,False,resistant-enriched,mixed,True,0.2402530733520421,0.9168177151346429,0.8318228486535706,0.2402530733520421,0.95,0.9,0.8,0.02,0.35,1.0,1.38,3.0,0.7943282347242815,5.0,1.0,0.7,10.0,i_hi,i,h_i,0.7943282347242815,5.0
0.5,0.6931471805599453,1.1917755410895263,2.8594650300107722,4.051240571100299,0.705824544315855,0.20582454431585495,0.8751903084349323,0.8751903084349325,0.6058481009685721,-0.08729907959137317,9.041555541284485e-05,0.9997739611114679,46.666666666666664,1293.2331712179862,164.50083842780987,1.8507989891104544,9.999999999999998,0.19995071977303883,2.6666666666666665,90.66666666666666,,False,False,False,False,resistant-enriched,mixed,True,0.5,0.935,0.65,0.5,0.95,0.9,0.8,0.02,0.35,1.0,1.38,3.0,1.0,5.0,1.0,0.7,10.0,i_hi,i,h_i,1.0,5.0
0.5,0.6931471805599453,2.4325511305038194,1.621731865887619,4.054282996391438,0.4000046043483053,-0.09999539565169469,-0.4054459233603639,-0.40544592336036367,0.6730135338676733,-0.020133646692272023,2.945170445067486e-07,0.9999992637073888,66.66666666666666,1170.4320340691015,247.30109496215712,1.0735379601500432,10.0,0.14741959723639617,2.6666666666666665,121.33333333333333,113.33333333333333,False,False,False,True,susceptible-enriched,mixed,True,0.759746926647958,0.953182284865357,0.46817715134642945,0.759746926647958,0.95,0.9,0.8,0.02,0.35,1.0,1.38,3.0,1.2589254117941675,5.0,1.0,0.7,10.0,i_hi,i,h_i,1.2589254117941675,5.0
0.5,0.6931471805599453,3.272342889458003,0.7575192585836137,4.029862148041617,0.18797646935683485,-0.3120235306431651,-1.4632125263655447,-1.4632125263655449,0.4832754852406335,-0.20987169531931177,2.3028715331836035e-08,0.9999999424282117,73.33333333333333,1117.4391249421642,288.52040964526725,0.8342094932306704,10.0,0.12991342932631306,1.3333333333333333,145.33333333333331,124.0,False,False,False,True,susceptible-enriched,susceptible-dominant,True,0.9090909090909093,0.9636363636363636,0.36363636363636354,0.9090909090909093,0.95,0.9,0.8,0.02,0.35,1.0,1.38,3.0,1.584893192461114,5.0,1.0,0.7,10.0,i_hi,i,h_i,1.584893192461114,5.0
0.5,0.6931471805599453,3.509796322792673,0.5090210042493274,4.018817327042001,0.1266594032090495,-0.3733405967909505,-1.9308240056669572,-1.9308240056669572,0.3799866702529701,-0.31316051030697517,9.339469424360652e-09,0.9999999766513264,76.0,1098.7986089249825,304.8666345830477,0.7535274321794547,10.0,0.12560774781798695,1.3333333333333333,160.0,128.0,False,False,False,True,susceptible-enriched,susceptible-dominant,True,0.9693465699682845,0.96785425989778,0.3214574010222009,0.9693465699682845,0.95,0.9,0.8,0.02,0.35,1.0,1.38,3.0,1.9952623149688797,5.0,1.0,0.7,10.0,i_hi,i,h_i,1.9952623149688797,5.0
0.5,0.6931471805599453,3.5762101491644525,0.43946477914169485,4.015674928306147,0.10943733917403159,-0.3905626608259684,-2.0965013256692995,-2.0965013256692995,0.34533733949302486,-0.3478098410669204,6.951513219217307e-09,0.9999999826212169,77.33333333333333,1092.8872180548483,310.54369432734046,0.7278922817037576,10.0,0.12417025322470865,1.3333333333333333,166.66666666666666,129.33333333333331,False,False,False,True,susceptible-enriched,susceptible-dominant,True,0.9900990099009901,0.9693069306930693,0.306930693069307,0.9900990099009901,0.95,0.9,0.8,0.02,0.35,1.0,1.38,3.0,2.511886431509581,5.0,1.0,0.7,10.0,i_hi,i,h_i,2.511886431509581,5.0
0.5,0.6931471805599453,3.596217859780927,0.4185400297193797,4.014757889500307,0.10425037853813718,-0.3957496214618628,-2.150865441857877,-2.1508654418578774,0.3343228818889552,-0.3588242986709901,6.326329373024204e-09,0.9999999841841766,77.33333333333333,1091.0387757509084,312.3995500567842,0.719743863216164,10.0,0.12370766497401287,1.3333333333333333,168.0,129.33333333333331,False,False,False,True,susceptible-enriched,susceptible-dominant,True,0.9968476908167397,0.9697793383571718,0.30220661642828217,0.9968476908167397,0.95,0.9,0.8,0.02,0.35,1.0,1.38,3.0,3.1622776601683795,5.0,1.0,0.7,10.0,i_hi,i,h_i,3.1622776601683795,5.0
0.5,0.6931471805599453,3.6024416828603254,0.4120342384799318,4.014475921340257,0.10263711790862397,-0.39736288209137605,-2.1682606907755417,-2.1682606907755417,0.33083897608122104,-0.36230820447872425,6.141229872637736e-09,0.9999999846469253,77.33333333333333,1090.4629369756262,312.9928873668615,0.7172663164381827,10.0,0.1235605665188966,1.3333333333333333,169.33333333333331,130.66666666666666,False,False,False,True,susceptible-enriched,susceptible-dominant,True,0.999000999000999,0.9699300699300699,0.30069930069930073,0.999000999000999,0.95,0.9,0.8,0.02,0.35,1.0,1.38,3.0,3.981071705534973,5.0,1.0,0.7,10.0,i_hi,i,h_i,3.981071705534973,5.0
0.5,0.6931471805599453,3.6043993897306974,0.4099880588598833,4.014387448590581,0.10212966837663535,-0.39787033162336466,-2.173782396506326,-2.173782396506326,0.3297372932402673,-0.363409887319678,6.083897908039098e-09,0.9999999847902552,77.33333333333333,1090.2804385317481,313.1811957146583,0.7164874673041489,10.0,0.12351396793457453,1.3333333333333333,169.33333333333331,130.66666666666666,False,False,False,True,susceptible-enriched,susceptible-dominant,True,0.9996838722023704,0.9699778710541659,0.3002212894583407,0.9996838722023704,0.95,0.9,0.8,0.02,0.35,1.0,1.38,3.0,5.011872336272725,5.0,1.0,0.7,10.0,i_hi,i,h_i,5.011872336272725,5.0
0.5,0.6931471805599453,3.605017478309089,0.40934216350829633,4.014359641817386,0.10196947957631879,-0.3980305204236812,-2.1755305061643564,-2.1755305061643564,0.3293889376646945,-0.36375824289525077,6.0658862675938476e-09,0.9999999848352843,77.33333333333333,1090.222696441368,313.24080512439,0.7162413121968492,10.000000000000002,0.12349922395727644,1.3333333333333333,169.33333333333331,130.66666666666666,False,False,False,True,susceptible-enriched,susceptible-dominant,True,0.9999000099990001,0.96999300069993,0.30006999300070003,0.9999000099990001,0.95,0.9,0.8,0.02,0.35,1.0,1.38,3.0,6.309573444801933,5.0,1.0,0.7,10.0,i_hi,i,h_i,6.309573444801933,5.0
0.5,0.6931471805599453,3.6052120727546884,0.4091383216779957,4.014350394432684,0.10191893618589214,-0.39808106381410785,-2.176082581703045,-2.176082581703045,0.3292789650260736,-0.36386821553387166,6.060196925707972e-09,0.9999999848495077,77.33333333333333,1090.2045304904818,313.2596252803939,0.7161636152819664,10.0,0.12349456068071545,1.3333333333333333,169.33333333333331,130.66666666666666,False,False,False,True,susceptible-enriched,susceptible-dominant,True,0.9999683782233667,0.9699977864756357,0.3000221352436433,0.9999683782233667,0.95,0.9,0.8,0.02,0.35,1.0,1.38,3.0,7.943282347242818,5.0,1.0,0.7,10.0,i_hi,i,h_i,7.943282347242818,5.0
0.5,0.6931471805599453,3.60527384055858,0.40907377918316024,4.0143476197417405,0.10190292867797972,-0.39809707132202027,-2.176257479178622,-2.1762574791786213,0.32924412996712504,-0.36390305059282024,6.0584006541666575e-09,0.9999999848539983,77.33333333333333,1090.1987532689398,313.2655890132983,0.7161390006175887,10.000000000000002,0.12349308594101559,1.3333333333333333,169.33333333333331,130.66666666666666,False,False,False,True,susceptible-enriched,susceptible-dominant,True,0.999990000099999,0.969999300007,0.3000069999300007,0.999990000099999,0.95,0.9,0.8,0.02,0.35,1.0,1.38,3.0,10.0,5.0,1.0,0.7,10.0,i_hi,i,h_i,10.0,5.0
