initial_fR,initial_H,final_ns,final_nr,final_total,final_fR,delta_fR,final_log_ratio,delta_log_ratio,final_H,delta_H,min_total,peak_loss,peak_loss_time,auc_total,auc_a,auc_b,peak_a,peak_b,time_peak_b,time_to_ss,time_to_recovery,resistant_extinct,susceptible_extinct,community_collapsed,susceptible_recovered,selection_direction,outcome,solver_success,iota,beta,phi,effective_db_iota,alpha,beta_min,xi,d_a,kappa_b,d_b,gamma,h_a,i,h_i,phi_max,c,a0,plane,x_name,y_name,x_value,y_value
0.5,0.6931471805599453,1.7009416872988565,2.395964015070655,4.0969057023695115,0.5848228368265618,0.08482283682656178,0.34260362998586846,0.34260362998586824,0.6786875238384653,-0.014459656721479974,0.08509495465346559,0.7872626133663361,6.666666666666666,1586.9773369874467,37.23440910556336,78.869090110359,10.0,0.7309699203232484,12.0,374.66666666666663,,False,False,False,False,resistant-enriched,mixed,True,0.009900990099009903,0.9006930693069307,0.9930693069306931,0.009900990099009903,0.95,0.9,0.8,0.02,0.35,1.0,1.38,3.0,0.1,2.0,1.0,0.7,10.0,i_db,i,d_b,0.1,1.0
0.5,0.6931471805599453,1.6987290606105627,2.396719098062498,4.095448158673061,0.5852153427914574,0.08521534279145737,0.3442203995690769,0.3442203995690769,0.6785527325887866,-0.01459444797115872,0.08435703945133471,0.7891074013716632,6.666666666666666,1585.8890555109542,37.53972664565866,51.21165933851219,10.000000000000002,0.7021528934064936,10.666666666666666,268.0,,False,False,False,False,resistant-enriched,mixed,True,0.015601662241829605,0.9010921163569281,0.9890788364307193,0.015601662241829605,0.95,0.9,0.8,0.02,0.35,1.0,1.38,3.0,0.12589254117941673,2.0,1.0,0.7,10.0,i_db,i,d_b,0.12589254117941673,1.0
0.5,0.6931471805599453,1.6951107003909491,2.398004151595981,4.09311485198693,0.585862903512691,0.08586290351269099,0.3468887392132389,0.3468887392132389,0.678328965088338,-0.014818215471607332,0.08257112466541217,0.7935721883364696,8.0,1584.1170496996945,38.03089713285026,32.93725388288737,10.0,0.6610365966490824,10.666666666666666,190.66666666666666,,False,False,False,False,resistant-enriched,mixed,True,0.02450336755033599,0.9017152357285235,0.9828476427147648,0.02450336755033599,0.95,0.9,0.8,0.02,0.35,1.0,1.38,3.0,0.15848931924611134,2.0,1.0,0.7,10.0,i_db,i,d_b,0.15848931924611134,1.0
0.5,0.6931471805599453,1.6890830817883338,2.400266012702426,4.08934909449076,0.5869555171839218,0.0869555171839218,0.3513937432939205,0.35139374329392026,0.6779474889143031,-0.015199691645642166,0.07803422291093387,0.8049144427226653,8.0,1581.2214097423966,38.828476514213705,21.355755583880637,9.999999999999998,0.6023537271381639,9.333333333333332,136.0,,False,False,False,False,resistant-enriched,mixed,True,0.038286503882254734,0.9026800552717579,0.9731994472824217,0.038286503882254734,0.95,0.9,0.8,0.02,0.35,1.0,1.38,3.0,0.19952623149688797,2.0,1.0,0.7,10.0,i_db,i,d_b,0.19952623149688797,1.0
0.5,0.6931471805599453,1.6787574907476754,2.404458717241291,4.083216207988967,0.5888639236239502,0.08886392362395024,0.35927088168677845,0.35927088168677845,0.6772693721757759,-0.015877808384169412,0.07235534628999436,0.8191116342750141,8.0,1576.5327425735525,40.144217029053074,14.06741481470676,10.0,0.5339288921756467,8.0,97.33333333333333,,False,False,False,False,resistant-enriched,mixed,True,0.059350943102767596,0.9041545660171938,0.9584543398280627,0.059350943102767596,0.95,0.9,0.8,0.02,0.35,1.0,1.38,3.0,0.251188643150958,2.0,1.0,0.7,10.0,i_db,i,d_b,0.251188643150958,1.0
0.5,0.6931471805599453,1.6602892577701351,2.4127991766894437,4.073088434459579,0.5923758385102621,0.0923758385102621,0.37379571874810025,0.37379571874810036,0.6759821496127114,-0.017165030947233872,0.0659513728218988,0.835121567945253,8.0,1568.466056905092,42.37472201820181,9.502368402822473,10.000000000000002,0.46329479520865485,6.666666666666666,70.66666666666666,,False,False,False,False,resistant-enriched,mixed,True,0.09090909090909091,0.9063636363636364,0.9363636363636364,0.09090909090909091,0.95,0.9,0.8,0.02,0.35,1.0,1.38,3.0,0.31622776601683794,2.0,1.0,0.7,10.0,i_db,i,d_b,0.31622776601683794,1.0
0.5,0.6931471805599453,1.625102786422868,2.431148140006945,4.056250926429813,0.5993584184267334,0.09935841842673343,0.4027925644012433,0.4027925644012435,0.6732709485476933,-0.01987623201225197,0.05434216288960912,0.8641445927759772,9.333333333333332,1554.30909491586,46.35089423455916,6.674674065384729,10.0,0.39456605679695583,5.333333333333333,53.33333333333333,,False,False,False,False,resistant-enriched,mixed,True,0.13680688860321005,0.9095764822022248,0.904235177977753,0.13680688860321005,0.95,0.9,0.8,0.02,0.35,1.0,1.38,3.0,0.3981071705534973,2.0,1.0,0.7,10.0,i_db,i,d_b,0.3981071705534973,1.0
0.5,0.6931471805599453,1.5521729036013947,2.477880845099104,4.030053748700499,0.6148505701439101,0.11485057014391009,0.4677478744261102,0.4677478744261102,0.6665288432262884,-0.026618337333656927,0.03882505776966343,0.9029373555758414,12.0,1528.0296845128562,54.164703281812315,4.948945800735954,9.999999999999998,0.3295142190654421,4.0,45.33333333333333,,False,False,False,False,resistant-enriched,mixed,True,0.2007600089131018,0.9140532006239172,0.8594679937608287,0.2007600089131018,0.95,0.9,0.8,0.02,0.35,1.0,1.38,3.0,0.5011872336272724,2.0,1.0,0.7,10.0,i_db,i,d_b,0.5011872336272724,1.0
0.5,0.6931471805599453,1.3881442129446142,2.6175566799121173,4.005700892856732,0.6534578466854433,0.15345784668544327,0.6342735612413641,0.6342735612413642,0.6452797776257435,-0.047867402934201775,0.01750747511626076,0.9562313122093481,17.333333333333332,1477.3095677078147,72.55950993891472,3.7904869131407097,10.0,0.2765581631886463,4.0,48.0,,False,False,False,False,resistant-enriched,mixed,True,0.2847472489508015,0.9199323074265561,0.8006769257344389,0.2847472489508015,0.95,0.9,0.8,0.02,0.35,1.0,1.38,3.0,0.6309573444801934,2.0,1.0,0.7,10.0,i_db,i,d_b,0.6309573444801934,1.0
0.5,0.6931471805599453,1.1299599153004718,2.8957326392514133,4.025692554551885,0.719312913246985,0.219312913246985,0.9410559906515353,0.9410559906515353,0.5936010742383281,-0.0995461063216172,0.0020727847339796295,0.9948180381650509,32.0,1382.832989112996,116.21523818695483,2.655089739657709,9.999999999999998,0.23068169184934928,2.6666666666666665,69.33333333333333,,False,False,False,False,resistant-enriched,mixed,True,0.386863179846857,0.92708042258928,0.7291957741072002,0.386863179846857,0.95,0.9,0.8,0.02,0.35,1.0,1.38,3.0,0.7943282347242815,2.0,1.0,0.7,10.0,i_db,i,d_b,0.7943282347242815,1.0
0.5,0.6931471805599453,1.1917755410895263,2.8594650300107722,4.051240571100299,0.705824544315855,0.20582454431585495,0.8751903084349323,0.8751903084349325,0.6058481009685721,-0.08729907959137317,9.041555541284485e-05,0.9997739611114679,46.666666666666664,1293.2331712179862,164.50083842780987,1.8507989891104544,9.999999999999998,0.19995071977303883,2.6666666666666665,90.66666666666666,,False,False,False,False,resistant-enriched,mixed,True,0.5,0.935,0.65,0.5,0.95,0.9,0.8,0.02,0.35,1.0,1.38,3.0,1.0,2.0,1.0,0.7,10.0,i_db,i,d_b,1.0,1.0
0.5,0.6931471805599453,1.5910064727089621,2.46845595700337,4.059462429712332,0.6080745910926668,0.10807459109266682,0.4392260188748405,0.4392260188748406,0.6696015588729392,-0.023545621687006135,5.847092561450757e-06,0.9999853822685963,56.0,1231.900066689272,203.32506658503218,1.4158323664791328,10.0,0.17440095107663464,2.6666666666666665,105.33333333333333,,False,False,False,False,resistant-enriched,mixed,True,0.6131368201531432,0.9429195774107201,0.5708042258927998,0.6131368201531432,0.95,0.9,0.8,0.02,0.35,1.0,1.38,3.0,1.2589254117941675,2.0,1.0,0.7,10.0,i_db,i,d_b,1.2589254117941675,1.0
0.5,0.6931471805599453,2.155191904501953,1.9026692527440079,4.057861157245961,0.46888475948628433,-0.03111524051371567,-0.12462200027262917,-0.12462200027262917,0.691209612461787,-0.00193756809815826,6.897278764542886e-07,0.9999982756803089,64.0,1187.7797000583223,234.45985610860367,1.1612784757401775,10.0,0.15496896685727427,2.6666666666666665,116.0,110.66666666666666,False,False,False,True,susceptible-enriched,mixed,True,0.7152527510491987,0.9500676925734439,0.4993230742655609,0.7152527510491987,0.95,0.9,0.8,0.02,0.35,1.0,1.38,3.0,1.584893192461114,2.0,1.0,0.7,10.0,i_db,i,d_b,1.584893192461114,1.0
0.5,0.6931471805599453,2.6780360772313956,1.371451220941452,4.049487298172847,0.3386728047178365,-0.1613271952821635,-0.6692142543333462,-0.6692142543333462,0.640151229648104,-0.05299595091184128,1.434103616067195e-07,0.999999641474096,68.0,1155.6319753787884,258.4301121120884,1.0036120169712808,10.0,0.14113538001304402,2.6666666666666665,126.66666666666666,117.33333333333333,False,False,False,True,susceptible-enriched,mixed,True,0.7992399910868984,0.9559467993760828,0.4405320062391712,0.7992399910868984,0.95,0.9,0.8,0.02,0.35,1.0,1.38,3.0,1.9952623149688797,2.0,1.0,0.7,10.0,i_db,i,d_b,1.9952623149688797,1.0
0.5,0.6931471805599453,3.046387038014318,0.9924183909773776,4.0388054289916955,0.24572077274471205,-0.25427922725528795,-1.1215668062693636,-1.1215668062693636,0.557584913925184,-0.13556226663476134,4.801048443310597e-08,0.9999998799737889,72.0,1132.8932082407177,276.05486855355406,0.9014638059301123,10.000000000000002,0.13332981209035324,1.3333333333333333,136.0,121.33333333333333,False,False,False,True,susceptible-enriched,mixed,True,0.8631931113967901,0.9604235177977754,0.39576482202224694,0.8631931113967901,0.95,0.9,0.8,0.02,0.35,1.0,1.38,3.0,2.511886431509581,2.0,1.0,0.7,10.0,i_db,i,d_b,2.511886431509581,1.0
0.5,0.6931471805599453,3.272342889457963,0.7575192585836117,4.029862148041575,0.18797646935683632,-0.3120235306431637,-1.4632125263655351,-1.4632125263655353,0.4832754852406357,-0.2098716953193096,2.3028715331835546e-08,0.9999999424282117,73.33333333333333,1117.4391249421537,288.5204096452671,0.8342094932306701,10.0,0.12991342932631322,1.3333333333333333,145.33333333333331,124.0,False,False,False,True,susceptible-enriched,susceptible-dominant,True,0.9090909090909091,0.9636363636363636,0.36363636363636365,0.9090909090909091,0.95,0.9,0.8,0.02,0.35,1.0,1.38,3.0,3.1622776601683795,2.0,1.0,0.7,10.0,i_db,i,d_b,3.1622776601683795,1.0
0.5,0.6931471805599453,3.405184199836352,0.6186280903895958,4.023812290225948,0.1537417865868833,-0.3462582134131167,-1.7055500451508447,-1.7055500451508447,0.4291450601995419,-0.2640021203604034,1.423734415012678e-08,0.9999999644066396,74.66666666666666,1107.4581423365794,297.0679443260664,0.7911329613674628,10.0,0.127633559626459,1.3333333333333333,152.0,126.66666666666666,False,False,False,True,susceptible-enriched,susceptible-dominant,True,0.9406490568972324,0.9658454339828063,0.3415456601719373,0.9406490568972324,0.95,0.9,0.8,0.02,0.35,1.0,1.38,3.0,3.981071705534973,2.0,1.0,0.7,10.0,i_db,i,d_b,3.981071705534973,1.0
0.5,0.6931471805599453,3.4834471323605074,0.5366327834556818,4.020079915816189,0.1334880884691891,-0.36651191153081086,-1.8704636068691602,-1.8704636068691605,0.3929640346354985,-0.3001831459244468,1.0422722588474088e-08,0.9999999739431935,76.0,1101.079911401469,302.78771790954215,0.7635133946982223,10.0,0.12614224238194158,1.3333333333333333,157.33333333333331,128.0,False,False,False,True,susceptible-enriched,susceptible-dominant,True,0.9617134961177453,0.9673199447282421,0.32680055271757835,0.9617134961177453,0.95,0.9,0.8,0.02,0.35,1.0,1.38,3.0,5.011872336272725,2.0,1.0,0.7,10.0,i_db,i,d_b,5.011872336272725,1.0
0.5,0.6931471805599453,3.530265168361791,0.48757441668878415,4.0178395850505755,0.12135238512332161,-0.3786476148766784,-1.9796853372160228,-1.9796853372160226,0.3696108923415472,-0.3235362882183981,8.563958618238788e-09,0.9999999785901035,76.0,1097.038126280973,306.54479007585013,0.7457873374749984,10.0,0.12517936269153906,1.3333333333333333,161.33333333333331,128.0,False,False,False,True,susceptible-enriched,susceptible-dominant,True,0.975496632449664,0.9682847642714765,0.3171523572852353,0.975496632449664,0.95,0.9,0.8,0.02,0.35,1.0,1.38,3.0,6.309573444801933,2.0,1.0,0.7,10.0,i_db,i,d_b,6.309573444801933,1.0
0.5,0.6931471805599453,3.55871323048609,0.4577807621498594,4.016493992635949,0.11397521395256129,-0.38602478604743873,-2.050763922150364,-2.050763922150364,0.354746610338794,-0.3384005702211513,7.538251855598753e-09,0.9999999811543704,77.33333333333333,1094.5136141798391,308.9800146007083,0.7350300991597636,10.0,0.12456286503177966,1.3333333333333333,164.0,129.33333333333331,False,False,False,True,susceptible-enriched,susceptible-dominant,True,0.9843983377581705,0.9689078836430719,0.3109211635692807,0.9843983377581705,0.95,0.9,0.8,0.02,0.35,1.0,1.38,3.0,7.943282347242818,2.0,1.0,0.7,10.0,i_db,i,d_b,7.943282347242818,1.0
0.5,0.6931471805599453,3.5762101491644525,0.43946477914169485,4.015674928306147,0.10943733917403159,-0.3905626608259684,-2.0965013256692995,-2.0965013256692995,0.34533733949302486,-0.3478098410669204,6.951513219217307e-09,0.9999999826212169,77.33333333333333,1092.8872180548483,310.54369432734046,0.7278922817037576,10.0,0.12417025322470865,1.3333333333333333,166.66666666666666,129.33333333333331,False,False,False,True,susceptible-enriched,susceptible-dominant,True,0.9900990099009901,0.9693069306930693,0.306930693069307,0.9900990099009901,0.95,0.9,0.8,0.02,0.35,1.0,1.38,3.0,10.0,2.0,1.0,0.7,10.0,i_db,i,d_b,10.0,1.0
0.5,0.6931471805599453,1.694395316536497,2.400662660328288,4.095057976864785,0.5862341080128634,0.08623410801286335,0.34841887593565457,0.34841887593565435,0.6781999144429285,-0.0149472661170168,0.08454186839638211,0.7886453290090447,6.666666666666666,1585.712573884512,37.524988580501656,46.24335349208737,10.0,0.6945972344669885,10.666666666666666,248.0,,False,False,False,False,resistant-enriched,mixed,True,0.009900990099009903,0.9006930693069307,0.9930693069306931,0.017326732673267328,0.95,0.9,0.8,0.02,0.35,1.75,1.38,3.0,0.1,2.0,1.0,0.7,10.0,i_db,i,d_b,0.1,1.75
0.5,0.6931471805599453,1.6881343023004802,2.404333015038991,4.092467317339471,0.5875020687036439,0.08750206870364385,0.3536485764867826,0.3536485764867826,0.6777548179790298,-0.015392362580915475,0.08279401540420536,0.7930149614894866,8.0,1583.816557053769,38.011501156180344,29.648755079979235,10.000000000000002,0.6496928613715865,10.666666666666666,176.0,,False,False,False,False,resistant-enriched,mixed,True,0.015601662241829605,0.9010921163569281,0.9890788364307193,0.02730290892320181,0.95,0.9,0.8,0.02,0.35,1.75,1.38,3.0,0.12589254117941673,2.0,1.0,0.7,10.0,i_db,i,d_b,0.12589254117941673,1.75
0.5,0.6931471805599453,1.6777417735956672,2.410506734272688,4.0882485078683555,0.5896184465385018,0.08961844653850182,0.3623882817759354,0.3623882817759354,0.676997118097173,-0.016150062462772286,0.0783583367690454,0.8041041580773866,8.0,1580.6957973092694,38.80813969787075,19.16207351899781,10.0,0.5879045243710751,9.333333333333332,124.0,,False,False,False,False,resistant-enriched,mixed,True,0.02450336755033599,0.9017152357285235,0.9828476427147648,0.04288089321308798,0.95,0.9,0.8,0.02,0.35,1.75,1.38,3.0,0.15848931924611134,2.0,1.0,0.7,10.0,i_db,i,d_b,0.15848931924611134,1.75
0.5,0.6931471805599453,1.660018298468233,2.4212731023833336,4.081291400851566,0.5932615107752738,0.09326151077527378,0.3774648517231449,0.3774648517231447,0.6756494644716322,-0.017497716088313076,0.07281793926045671,0.8179551518488583,8.0,1575.5750323645777,40.14003367157554,12.566669255553277,9.999999999999998,0.5163443008133872,8.0,88.0,,False,False,False,False,resistant-enriched,mixed,True,0.038286503882254734,0.9026800552717579,0.9731994472824217,0.06700138179394578,0.95,0.9,0.8,0.02,0.35,1.75,1.38,3.0,0.19952623149688797,2.0,1.0,0.7,10.0,i_db,i,d_b,0.19952623149688797,1.75
0.5,0.6931471805599453,1.6284709575524934,2.4411649126303057,4.069635870182799,0.5998484853438876,0.09984848534388757,0.4048338368729158,0.4048338368729158,0.6730730530912494,-0.020074127468695857,0.06660199297698977,0.8334950175575255,8.0,1566.6268300849629,42.44728297555393,8.440022208932406,10.0,0.442857444135743,6.666666666666666,64.0,,False,False,False,False,resistant-enriched,mixed,True,0.059350943102767596,0.9041545660171938,0.9584543398280627,0.10386415042984329,0.95,0.9,0.8,0.02,0.35,1.75,1.38,3.0,0.251188643150958,2.0,1.0,0.7,10.0,i_db,i,d_b,0.251188643150958,1.75
0.5,0.6931471805599453,1.5685914045347558,2.481595301039736,4.050186705574491,0.6127113344242086,0.11271133442420855,0.4587235978415013,0.4587235978415014,0.667519810355951,-0.025627370203994304,0.05459628398336046,0.8635092900415988,9.333333333333332,1550.5594162555897,46.70690633935446,5.88568844792294,10.000000000000002,0.37193227155990866,5.333333333333333,49.33333333333333,,False,False,False,False,resistant-enriched,mixed,True,0.09090909090909091,0.9063636363636364,0.9363636363636364,0.1590909090909091,0.95,0.9,0.8,0.02,0.35,1.75,1.38,3.0,0.31622776601683794,2.0,1.0,0.7,10.0,i_db,i,d_b,0.31622776601683794,1.75
0.5,0.6931471805599453,1.4447150314453188,2.577056247286463,4.021771278731782,0.6407764312492449,0.14077643124924488,0.5787356660421944,0.5787356660421946,0.6529701554212256,-0.04017702513871968,0.03729341351542273,0.9067664662114432,12.0,1520.7862874476687,55.54863752021416,4.302972872101304,10.0,0.30607018998632557,4.0,42.666666666666664,,False,False,False,False,resistant-enriched,mixed,True,0.13680688860321005,0.9095764822022248,0.904235177977753,0.23941205505561758,0.95,0.9,0.8,0.02,0.35,1.75,1.38,3.0,0.3981071705534973,2.0,1.0,0.7,10.0,i_db,i,d_b,0.3981071705534973,1.75
0.5,0.6931471805599453,1.1700274669003345,2.834481147190049,4.004508614090383,0.7078224622158531,0.2078224622158531,0.884831679048605,0.884831679048605,0.6040899176538206,-0.0890572629061247,0.014468068618483158,0.9638298284537921,18.666666666666664,1463.9375116611604,77.58544013221176,3.1482016063643927,9.999999999999998,0.24527276666607986,4.0,48.0,,False,False,False,False,resistant-enriched,mixed,True,0.2007600089131018,0.9140532006239172,0.8594679937608287,0.35133001559792815,0.95,0.9,0.8,0.02,0.35,1.75,1.38,3.0,0.5011872336272724,2.0,1.0,0.7,10.0,i_db,i,d_b,0.5011872336272724,1.75
0.5,0.6931471805599453,0.7941895688082773,3.238871965951686,4.033061534759963,0.8030802252920385,0.3030802252920385,1.4056582051099906,1.4056582051099906,0.4961025601284672,-0.19704462043147808,0.001334763038206265,0.9966630924044844,34.666666666666664,1365.9306432182916,125.13834941310127,2.0531444031600947,10.0,0.2019760063411746,2.6666666666666665,70.66666666666666,,False,False,False,False,resistant-enriched,resistant-dominant,True,0.2847472489508015,0.9199323074265561,0.8006769257344389,0.4983076856639026,0.95,0.9,0.8,0.02,0.35,1.75,1.38,3.0,0.6309573444801934,2.0,1.0,0.7,10.0,i_db,i,d_b,0.6309573444801934,1.75
0.5,0.6931471805599453,0.7560652501156474,3.3005273518062905,4.056592601921938,0.8136206111115427,0.3136206111115427,1.4737098561331543,1.4737098561331543,0.48093024372905113,-0.21221693683089415,6.520539168496473e-05,0.9998369865207876,48.0,1282.4872078507478,172.45857633539842,1.3667210807051016,9.999999999999998,0.16404628850532574,2.6666666666666665,90.66666666666666,,False,False,False,False,resistant-enriched,resistant-dominant,True,0.386863179846857,0.92708042258928,0.7291957741072002,0.6770105647319997,0.95,0.9,0.8,0.02,0.35,1.75,1.38,3.0,0.7943282347242815,2.0,1.0,0.7,10.0,i_db,i,d_b,0.7943282347242815,1.75
0.5,0.6931471805599453,1.0093128766218942,3.057567792044854,4.066880668666748,0.7518213690413545,0.25182136904135455,1.1083499815570566,1.1083499815570568,0.560325305463951,-0.1328218750959943,4.417724423190329e-06,0.999988955688942,58.666666666666664,1223.2008767674727,212.2039716231256,0.9903924387771675,10.0,0.13276329785023866,2.6666666666666665,105.33333333333333,,False,False,False,False,resistant-enriched,mixed,True,0.5,0.935,0.65,0.875,0.95,0.9,0.8,0.02,0.35,1.75,1.38,3.0,1.0,2.0,1.0,0.7,10.0,i_db,i,d_b,1.0,1.75
0.5,0.6931471805599453,1.5159960410652402,2.5540858225352734,4.070081863600514,0.6275268921190332,0.12752689211903323,0.5216216844488478,0.5216216844488479,0.6602588028726692,-0.03288837768727604,4.597657003721862e-07,0.9999988505857491,65.33333333333333,1178.123731696392,246.19581521705408,0.7690992942598458,10.000000000000002,0.11792500113964079,1.3333333333333333,116.0,,False,False,False,False,resistant-enriched,mixed,True,0.6131368201531432,0.9429195774107201,0.5708042258927998,1.0729894352680005,0.95,0.9,0.8,0.02,0.35,1.75,1.38,3.0,1.2589254117941675,2.0,1.0,0.7,10.0,i_db,i,d_b,1.2589254117941675,1.75
0.5,0.6931471805599453,2.1606354362975515,1.9060422335587663,4.066677669856318,0.4686976417351783,-0.031302358264821695,-0.12537339870165667,-0.12537339870165667,0.691186223173915,-0.0019609573860303042,7.560458740135656e-08,0.9999998109885315,70.66666666666666,1143.5609045923372,274.2150569745496,0.6342284567378899,10.0,0.10723500984355872,1.3333333333333333,126.66666666666666,121.33333333333333,False,False,False,True,susceptible-enriched,mixed,True,0.7152527510491987,0.9500676925734439,0.4993230742655609,1.2516923143360978,0.95,0.9,0.8,0.02,0.35,1.75,1.38,3.0,1.584893192461114,2.0,1.0,0.7,10.0,i_db,i,d_b,1.584893192461114,1.75
0.5,0.6931471805599453,2.727200802280507,1.330429569558692,4.057630371839199,0.327883382082348,-0.17211661791765198,-0.7177738613029265,-0.7177738613029265,0.6326695361614382,-0.06047764439850711,1.96001623642065e-08,0.999999950999594,74.66666666666666,1117.4566580595788,296.107758229742,0.5488935574827898,10.0,0.09946609169695299,1.3333333333333333,137.33333333333331,126.66666666666666,False,False,False,True,susceptible-enriched,mixed,True,0.7992399910868984,0.9559467993760828,0.4405320062391712,1.3986699844020722,0.95,0.9,0.8,0.02,0.35,1.75,1.38,3.0,1.9952623149688797,2.0,1.0,0.7,10.0,i_db,i,d_b,1.9952623149688797,1.75
0.5,0.6931471805599453,3.1089316644709357,0.937970785230097,4.046902449701033,0.23177499257472592,-0.2682250074252741,-1.198315627199718,-1.198315627199718,0.5414122059223279,-0.15173497463761743,7.586264983410209e-09,0.9999999810343375,77.33333333333333,1098.4786338426593,312.37088085535606,0.4930241141406853,10.000000000000002,0.0940939126835565,1.3333333333333333,146.66666666666666,130.66666666666666,False,False,False,True,susceptible-enriched,mixed,True,0.8631931113967901,0.9604235177977754,0.39576482202224694,1.5105879449443826,0.95,0.9,0.8,0.02,0.35,1.75,1.38,3.0,2.511886431509581,2.0,1.0,0.7,10.0,i_db,i,d_b,2.511886431509581,1.75
0.5,0.6931471805599453,3.335274147038716,0.703010135349582,4.038284282388298,0.1740863411760135,-0.3259136588239865,-1.5569388489921367,-1.556938848992137,0.4623068278493401,-0.2308403527106052,4.000186058042276e-09,0.9999999899995349,80.0,1085.5289329927425,323.9636616070841,0.45627879082095146,10.0,0.0905004744240746,1.3333333333333333,154.66666666666666,133.33333333333331,False,False,False,True,susceptible-enriched,susceptible-dominant,True,0.9090909090909091,0.9636363636363636,0.36363636363636365,1.5909090909090908,0.95,0.9,0.8,0.02,0.35,1.75,1.38,3.0,3.1622776601683795,2.0,1.0,0.7,10.0,i_db,i,d_b,3.1622776601683795,1.75
0.5,0.6931471805599453,3.4653363406373003,0.5673056314438929,4.032641972081193,0.14067840273732854,-0.35932159726267143,-1.8096667838873872,-1.8096667838873872,0.40619307406920485,-0.28695410649074043,2.6327549180616077e-09,0.9999999934181127,81.33333333333333,1077.0887012048845,331.96066011098253,0.4327113509542866,10.0,0.08814790369066755,1.3333333333333333,162.66666666666666,134.66666666666666,False,False,False,True,susceptible-enriched,susceptible-dominant,True,0.9406490568972324,0.9658454339828063,0.3415456601719373,1.6461358495701568,0.95,0.9,0.8,0.02,0.35,1.75,1.38,3.0,3.981071705534973,2.0,1.0,0.7,10.0,i_db,i,d_b,3.981071705534973,1.75
0.5,0.6931471805599453,3.5408521839609857,0.48838968765934376,4.0292418716203295,0.1212113105195498,-0.3787886894804502,-1.9810090796144748,-1.981009079614475,0.36933151565939293,-0.32381566490055236,2.003313547791196e-09,0.9999999949917161,81.33333333333333,1071.7390674865699,337.33509866940153,0.4176091594650727,10.0,0.08662858669478535,1.3333333333333333,168.0,136.0,False,False,False,True,susceptible-enriched,susceptible-dominant,True,0.9617134961177453,0.9673199447282421,0.32680055271757835,1.6829986182060541,0.95,0.9,0.8,0.02,0.35,1.75,1.38,3.0,5.011872336272725,2.0,1.0,0.7,10.0,i_db,i,d_b,5.011872336272725,1.75
0.5,0.6931471805599453,3.585615015908092,0.44161927511892707,4.027234291027019,0.10965820292673013,-0.3903417970732699,-2.0942371484973634,-2.094237148497363,0.34580013053233416,-0.3473470500276111,1.6883996481030924e-09,0.9999999957790009,81.33333333333333,1068.312098244882,340.87591407692815,0.40787306821206004,10.0,0.0856558090622987,1.3333333333333333,172.0,136.0,False,False,False,True,susceptible-enriched,susceptible-dominant,True,0.975496632449664,0.9682847642714765,0.3171523572852353,1.707119106786912,0.95,0.9,0.8,0.02,0.35,1.75,1.38,3.0,6.309573444801933,2.0,1.0,0.7,10.0,i_db,i,d_b,6.309573444801933,1.75
0.5,0.6931471805599453,3.6126586525689444,0.41338334308563907,4.026041995654584,0.1026773549634641,-0.3973226450365359,-2.167823895174144,-2.167823895174144,0.33092621171735076,-0.3622209688425945,1.5099546494476112e-09,0.9999999962251134,82.66666666666666,1066.21746478453,343.1752660883568,0.40203176505036936,10.0,0.08503633521052768,1.3333333333333333,174.66666666666666,137.33333333333331,False,False,False,True,susceptible-enriched,susceptible-dominant,True,0.9843983377581705,0.9689078836430719,0.3109211635692807,1.7226970910767985,0.95,0.9,0.8,0.02,0.35,1.75,1.38,3.0,7.943282347242818,2.0,1.0,0.7,10.0,i_db,i,d_b,7.943282347242818,1.75
0.5,0.6931471805599453,3.6292343158961398,0.39608968177792375,4.025323997674064,0.09839945356120268,-0.40160054643879733,-2.215136317999154,-2.215136317999154,0.321551913434696,-0.37159526712524926,1.4066864027537479e-09,0.999999996483284,82.66666666666666,1064.8731548284218,344.65371263395866,0.39837394525769987,10.0,0.08464319305679306,1.3333333333333333,177.33333333333331,137.33333333333331,False,False,False,True,susceptible-enriched,susceptible-dominant,True,0.9900990099009901,0.9693069306930693,0.306930693069307,1.7326732673267327,0.95,0.9,0.8,0.02,0.35,1.75,1.38,3.0,10.0,2.0,1.0,0.7,10.0,i_db,i,d_b,10.0,1.75
0.5,0.6931471805599453,1.6876819904971272,2.405492427559624,4.093174418056751,0.5876838321250037,0.08768383212500375,0.3543986500129409,0.3543986500129407,0.6776904694373362,-0.015456711122609046,0.08402038051144717,0.789949048721382,6.666666666666666,1584.4077298787165,37.821829684188884,32.62906723729997,10.0,0.6612299384417365,10.666666666666666,189.33333333333331,,False,False,False,False,resistant-enriched,mixed,True,0.009900990099009903,0.9006930693069307,0.9930693069306931,0.024752475247524757,0.95,0.9,0.8,0.02,0.35,2.5,1.38,3.0,0.1,2.0,1.0,0.7,10.0,i_db,i,d_b,0.1,2.5
0.5,0.6931471805599453,1.6771025428643551,2.4122869914717318,4.089389534336087,0.5898892661648499,0.08988926616484993,0.3635076290610853,0.3635076290610853,0.6768988246725787,-0.016248355887366617,0.08003902336228515,0.7999024415942871,8.0,1581.655982861619,38.49970346851076,20.9909684791163,10.000000000000002,0.6021765744112002,9.333333333333332,133.33333333333331,,False,False,False,False,resistant-enriched,mixed,True,0.015601662241829605,0.9010921163569281,0.9890788364307193,0.039004155604574015,0.95,0.9,0.8,0.02,0.35,2.5,1.38,3.0,0.12589254117941673,2.0,1.0,0.7,10.0,i_db,i,d_b,0.12589254117941673,2.5
0.5,0.6931471805599453,1.6592176230791047,2.423928479869896,4.083146102949001,0.5936423578179689,0.09364235781796892,0.3790433828994238,0.3790433828994238,0.6755054075244475,-0.017641773035497743,0.0748911056738591,0.8127722358153522,8.0,1577.1366176983875,39.62963278163634,13.66555097769932,10.0,0.5320380258156361,8.0,94.66666666666666,,False,False,False,False,resistant-enriched,mixed,True,0.02450336755033599,0.9017152357285235,0.9828476427147648,0.06125841887583998,0.95,0.9,0.8,0.02,0.35,2.5,1.38,3.0,0.15848931924611134,2.0,1.0,0.7,10.0,i_db,i,d_b,0.15848931924611134,2.5
0.5,0.6931471805599453,1.6278174928165865,2.4448605469883113,4.072678039804898,0.6003078375194698,0.10030783751946981,0.4067479291570406,0.4067479291570404,0.6728866521943762,-0.02026052836556913,0.06891729328922565,0.8277067667769359,8.0,1569.3130949133351,41.57530512058036,9.073733100538222,9.999999999999998,0.45819174211206426,6.666666666666666,68.0,,False,False,False,False,resistant-enriched,mixed,True,0.038286503882254734,0.9026800552717579,0.9731994472824217,0.09571625970563684,0.95,0.9,0.8,0.02,0.35,2.5,1.38,3.0,0.19952623149688797,2.0,1.0,0.7,10.0,i_db,i,d_b,0.19952623149688797,2.5
0.5,0.6931471805599453,1.5694335099169352,2.485633030331638,4.055066540248573,0.6129697270465185,0.11296972704651853,0.45981263514439014,0.45981263514439014,0.6674011388687504,-0.025746041691194876,0.058833985473335945,0.8529150363166602,9.333333333333332,1555.4344270297363,45.121531648908956,6.220141246032532,10.000000000000002,0.38486795088234593,5.333333333333333,50.666666666666664,,False,False,False,False,resistant-enriched,mixed,True,0.059350943102767596,0.9041545660171938,0.9584543398280627,0.148377357756919,0.95,0.9,0.8,0.02,0.35,2.5,1.38,3.0,0.251188643150958,2.0,1.0,0.7,10.0,i_db,i,d_b,0.251188643150958,2.5
0.5,0.6931471805599453,1.4521641860447108,2.575865065003082,4.028029251047792,0.6394851934933278,0.13948519349332777,0.5731304394735732,0.5731304394735733,0.6537138209763356,-0.03943335958360972,0.043696455124558595,0.8907588621886036,10.666666666666666,1529.8683699106773,52.267501143258684,4.452792291484651,10.000000000000002,0.31471323067473783,4.0,41.33333333333333,,False,False,False,False,resistant-enriched,mixed,True,0.09090909090909091,0.9063636363636364,0.9363636363636364,0.2272727272727273,0.95,0.9,0.8,0.02,0.35,2.5,1.38,3.0,0.31622776601683794,2.0,1.0,0.7,10.0,i_db,i,d_b,0.31622776601683794,2.5
0.5,0.6931471805599453,1.1992727670752086,2.8049867874399643,4.004259554515173,0.7005007415858152,0.2005007415858152,0.8496834829557063,0.8496834829557065,0.6104394275855242,-0.08270775297442112,0.021242481333501227,0.946893796666247,16.0,1482.8807560338055,69.15710235983963,3.2370674547889076,10.0,0.2509634433035379,4.0,44.0,,False,False,False,False,resistant-enriched,mixed,True,0.13680688860321005,0.9095764822022248,0.904235177977753,0.34201722150802516,0.95,0.9,0.8,0.02,0.35,2.5,1.38,3.0,0.3981071705534973,2.0,1.0,0.7,10.0,i_db,i,d_b,0.3981071705534973,2.5
0.5,0.6931471805599453,0.7659592959999008,3.255911993943458,4.021871289943359,0.8095515145113735,0.3095515145113735,1.4470986679226328,1.4470986679226328,0.48687262010313487,-0.20627456045681042,0.003277235391735295,0.9918069115206618,29.333333333333332,1397.0089962997313,109.37387682257676,2.1333800342304934,9.999999999999998,0.20174286771377395,2.6666666666666665,62.666666666666664,,False,False,False,False,resistant-enriched,resistant-dominant,True,0.2007600089131018,0.9140532006239172,0.8594679937608287,0.5019000222827545,0.95,0.9,0.8,0.02,0.35,2.5,1.38,3.0,0.5011872336272724,2.0,1.0,0.7,10.0,i_db,i,d_b,0.5011872336272724,2.5
0.5,0.6931471805599453,0.5683354935575782,3.4820201385256446,4.050355632083223,0.8596825698326974,0.3596825698326974,1.812656001896793,1.812656001896793,0.4055392946797397,-0.2876078858802056,0.0001964008313839858,0.99950899792154,44.0,1308.0295760503236,157.5906101034741,1.348847233768025,10.0,0.1587255008241975,2.6666666666666665,84.0,,False,False,False,False,resistant-enriched,resistant-dominant,True,0.2847472489508015,0.9199323074265561,0.8006769257344389,0.7118681223770038,0.95,0.9,0.8,0.02,0.35,2.5,1.38,3.0,0.6309573444801934,2.0,1.0,0.7,10.0,i_db,i,d_b,0.6309573444801934,2.5
0.5,0.6931471805599453,0.6453030378580674,3.418930919568799,4.064233957426866,0.8412239441386343,0.3412239441386343,1.6673631519722647,1.6673631519722647,0.4376347162537111,-0.2555124643062342,1.3662834600499841e-05,0.9999658429134988,54.666666666666664,1244.740479804702,198.2085846284369,0.9213227423075291,10.0,0.12465152344844546,1.3333333333333333,98.66666666666666,,False,False,False,False,resistant-enriched,resistant-dominant,True,0.386863179846857,0.92708042258928,0.7291957741072002,0.9671579496171424,0.95,0.9,0.8,0.02,0.35,2.5,1.38,3.0,0.7943282347242815,2.0,1.0,0.7,10.0,i_db,i,d_b,0.7943282347242815,2.5
0.5,0.6931471805599453,0.9441084554550528,3.1273451429498342,4.071453598404887,0.7681151380860792,0.26811513808607923,1.1976986776713683,1.1976986776713685,0.5415438301746475,-0.15160335038529782,1.275166432911173e-06,0.9999968120839178,62.666666666666664,1195.8557226840157,234.10541379943928,0.6733599322239721,10.0,0.10704084312424537,1.3333333333333333,110.66666666666666,,False,False,False,False,resistant-enriched,mixed,True,0.5,0.935,0.65,1.25,0.95,0.9,0.8,0.02,0.35,2.5,1.38,3.0,1.0,2.0,1.0,0.7,10.0,i_db,i,d_b,1.0,2.5
0.5,0.6931471805599453,1.4866732021116205,2.586870546029172,4.073543748140793,0.6350417979946444,0.13504179799464444,0.5539079883687043,0.5539079883687044,0.6562177221535568,-0.036929458406388505,1.639048629426048e-07,0.9999995902378427,69.33333333333333,1156.8076777786034,265.5898686817836,0.5241041460428644,10.000000000000002,0.09285722289111623,1.3333333333333333,121.33333333333333,,False,False,False,False,resistant-enriched,mixed,True,0.6131368201531432,0.9429195774107201,0.5708042258927998,1.532842050382858,0.95,0.9,0.8,0.02,0.35,2.5,1.38,3.0,1.2589254117941675,2.0,1.0,0.7,10.0,i_db,i,d_b,1.2589254117941675,2.5
0.5,0.6931471805599453,2.162551183520832,1.9071769239546958,4.069728107475528,0.4686251448718345,-0.03137485512816551,-0.12566452984476326,-0.12566452984476326,0.6911771234427473,-0.0019700571171979986,3.094438215594467e-08,0.9999999226390446,74.66666666666666,1126.0019090593485,291.9345807650079,0.4322787773650285,9.999999999999998,0.08235754476156484,1.3333333333333333,132.0,126.66666666666666,False,False,False,True,susceptible-enriched,mixed,True,0.7152527510491987,0.9500676925734439,0.4993230742655609,1.7881318776229969,0.95,0.9,0.8,0.02,0.35,2.5,1.38,3.0,1.584893192461114,2.0,1.0,0.7,10.0,i_db,i,d_b,1.584893192461114,2.5
0.5,0.6931471805599453,2.7463138531938402,1.3142372848849826,4.060551138078823,0.32365982848003,-0.17634017151997,-0.7370031096318905,-0.7370031096318905,0.629597417253086,-0.06354976330685924,8.805294456252695e-09,0.9999999779867639,77.33333333333333,1102.183517271686,312.72318291223814,0.37393048316162436,10.000000000000002,0.07503685719708619,1.3333333333333333,141.33333333333331,130.66666666666666,False,False,False,True,susceptible-enriched,mixed,True,0.7992399910868984,0.9559467993760828,0.4405320062391712,1.998099977717246,0.95,0.9,0.8,0.02,0.35,2.5,1.38,3.0,1.9952623149688797,2.0,1.0,0.7,10.0,i_db,i,d_b,1.9952623149688797,2.5
0.5,0.6931471805599453,3.1329971057206225,0.9168823198102894,4.049879425530912,0.22639743643481247,-0.27360256356518753,-1.228766234848753,-1.228766234848753,0.5348865465836676,-0.15826063397627765,3.6114202647418094e-09,0.9999999909714493,80.0,1084.6721922650925,328.2715502406622,0.33560338355626684,10.0,0.0701276749248235,1.3333333333333333,150.66666666666666,134.66666666666666,False,False,False,True,susceptible-enriched,mixed,True,0.8631931113967901,0.9604235177977754,0.39576482202224694,2.1579827784919754,0.95,0.9,0.8,0.02,0.35,2.5,1.38,3.0,2.511886431509581,2.0,1.0,0.7,10.0,i_db,i,d_b,2.511886431509581,2.5
0.5,0.6931471805599453,3.359243656826727,0.6821862536045529,4.04142991043128,0.16879823941614605,-0.331201760583854,-1.594168405797465,-1.5941684057974652,0.45397554130779927,-0.23917163925214602,1.9834526510121566e-09,0.9999999950413684,81.33333333333333,1072.6997749570528,339.410101752724,0.31048569715394914,9.999999999999998,0.06691374503821057,1.3333333333333333,158.66666666666666,136.0,False,False,False,True,susceptible-enriched,susceptible-dominant,True,0.9090909090909091,0.9636363636363636,0.36363636363636365,2.2727272727272725,0.95,0.9,0.8,0.02,0.35,2.5,1.38,3.0,3.1622776601683795,2.0,1.0,0.7,10.0,i_db,i,d_b,3.1622776601683795,2.5
0.5,0.6931471805599453,3.488083832764196,0.5478799176919025,4.035963750456098,0.13574946445690633,-0.36425053554309367,-1.851051684726352,-1.851051684726352,0.3971718554020085,-0.2959753251579368,1.3345878574525447e-09,0.9999999966635303,82.66666666666666,1064.9030811678908,347.12109459154243,0.29410653417755844,10.0,0.0648398769887275,1.3333333333333333,166.66666666666666,137.33333333333331,False,False,False,True,susceptible-enriched,susceptible-dominant,True,0.9406490568972324,0.9658454339828063,0.3415456601719373,2.3516226422430813,0.95,0.9,0.8,0.02,0.35,2.5,1.38,3.0,3.981071705534973,2.0,1.0,0.7,10.0,i_db,i,d_b,3.981071705534973,2.5
0.5,0.6931471805599453,3.562460000278817,0.47023856048111606,4.0326985607599335,0.11660642455569577,-0.38339357544430425,-2.024966455098987,-2.024966455098987,0.36010855055352003,-0.33303863000642525,1.0344347378747757e-09,0.9999999974139131,84.0,1059.9397857538343,352.31658096811583,0.2839454815060803,10.000000000000002,0.06351324039227853,1.3333333333333333,172.0,138.66666666666666,False,False,False,True,susceptible-enriched,susceptible-dominant,True,0.9617134961177453,0.9673199447282421,0.32680055271757835,2.404283740294363,0.95,0.9,0.8,0.02,0.35,2.5,1.38,3.0,5.011872336272725,2.0,1.0,0.7,10.0,i_db,i,d_b,5.011872336272725,2.5
0.5,0.6931471805599453,3.606389229455453,0.4243933984273139,4.0307826278827665,0.10528808859390995,-0.3947119114060901,-2.1398014857858745,-2.139801485785874,0.33654910762983364,-0.35659807293011164,8.780381047529023e-10,0.9999999978049048,84.0,1056.8366105685234,355.7452592515715,0.2774161408369373,10.0,0.06266905043386617,1.3333333333333333,176.0,140.0,False,False,False,True,susceptible-enriched,susceptible-dominant,True,0.975496632449664,0.9682847642714765,0.3171523572852353,2.43874158112416,0.95,0.9,0.8,0.02,0.35,2.5,1.38,3.0,6.309573444801933,2.0,1.0,0.7,10.0,i_db,i,d_b,6.309573444801933,2.5
0.5,0.6931471805599453,3.6328671987381007,0.3967814795264601,4.029648678264561,0.09846552670128579,-0.4015344732987142,-2.2143917776525304,-2.2143917776525304,0.3216982498474277,-0.3714489307125176,7.921010786282118e-10,0.9999999980197473,84.0,1054.8562600877267,357.9742303959236,0.27346774792502504,10.0,0.06213358243510982,1.3333333333333333,178.66666666666666,140.0,False,False,False,True,susceptible-enriched,susceptible-dominant,True,0.9843983377581705,0.9689078836430719,0.3109211635692807,2.4609958443954265,0.95,0.9,0.8,0.02,0.35,2.5,1.38,3.0,7.943282347242818,2.0,1.0,0.7,10.0,i_db,i,d_b,7.943282347242818,2.5
0.5,0.6931471805599453,3.6490728779792025,0.3798949686618462,4.028967846641049,0.09429089114686401,-0.405709108853136,-2.2623335920213523,-2.2623335920213523,0.3123545468629878,-0.3807926336969575,7.423912401929092e-10,0.9999999981440219,84.0,1053.5892207278334,359.4082071267761,0.2707915446292174,10.0,0.0617946085275092,1.3333333333333333,181.33333333333331,140.0,False,False,False,True,susceptible-enriched,susceptible-dominant,True,0.9900990099009901,0.9693069306930693,0.306930693069307,2.4752475247524752,0.95,0.9,0.8,0.02,0.35,2.5,1.38,3.0,10.0,2.0,1.0,0.7,10.0,i_db,i,d_b,10.0,2.5
0.5,0.6931471805599453,1.6807953703701097,2.410456078663397,4.091251449033507,0.5891732905423911,0.08917329054239109,0.36054885773238726,0.36054885773238704,0.6771580279759637,-0.015989152583981592,0.08218663357988043,0.7945334160502989,8.0,1583.0639653960548,38.12511714778376,25.27929642041585,10.0,0.6296819750750926,10.666666666666666,154.66666666666666,,False,False,False,False,resistant-enriched,mixed,True,0.009900990099009903,0.9006930693069307,0.9930693069306931,0.032178217821782186,0.95,0.9,0.8,0.02,0.35,3.25,1.38,3.0,0.1,2.0,1.0,0.7,10.0,i_db,i,d_b,0.1,3.25
0.5,0.6931471805599453,1.6656153723851368,2.420601351356051,4.086216723741188,0.592382028415722,0.09238202841572196,0.3738213534215513,0.3738213534215513,0.6759798357732131,-0.017167344786732208,0.07760694008267824,0.8059826497933045,8.0,1579.435425075315,39.00512390520214,16.335667432205508,10.000000000000002,0.5628763586054413,9.333333333333332,109.33333333333333,,False,False,False,False,resistant-enriched,mixed,True,0.015601662241829605,0.9010921163569281,0.9890788364307193,0.050705402285946215,0.95,0.9,0.8,0.02,0.35,3.25,1.38,3.0,0.12589254117941673,2.0,1.0,0.7,10.0,i_db,i,d_b,0.12589254117941673,3.25
0.5,0.6931471805599453,1.6394647748379327,2.438353186993734,4.077817961831666,0.5979553795232387,0.09795537952323874,0.39695305631458444,0.39695305631458444,0.6738319848703938,-0.019315195689551534,0.07201777857396228,0.8199555535650943,8.0,1573.3663713025262,40.49856545401104,10.7168482234632,10.0,0.48836244118949346,6.666666666666666,77.33333333333333,,False,False,False,False,resistant-enriched,mixed,True,0.02450336755033599,0.9017152357285235,0.9828476427147648,0.07963594453859196,0.95,0.9,0.8,0.02,0.35,3.25,1.38,3.0,0.15848931924611134,2.0,1.0,0.7,10.0,i_db,i,d_b,0.15848931924611134,3.25
0.5,0.6931471805599453,1.592211237305774,2.4714101635094994,4.063621400815274,0.608179237124223,0.10817923712422295,0.4396651387597862,0.43966513875978597,0.6695555726373947,-0.02359160792255055,0.0657704389799946,0.8355739025500135,9.333333333333332,1562.6257388722465,43.14945326695802,7.208597704955364,9.999999999999998,0.4134469243568865,5.333333333333333,56.0,,False,False,False,False,resistant-enriched,mixed,True,0.038286503882254734,0.9026800552717579,0.9731994472824217,0.12443113761732788,0.95,0.9,0.8,0.02,0.35,3.25,1.38,3.0,0.19952623149688797,2.0,1.0,0.7,10.0,i_db,i,d_b,0.19952623149688797,3.25
0.5,0.6931471805599453,1.5008694491763444,2.5395767235989015,4.040446172775246,0.6285386848389944,0.12853868483899444,0.5259528499211507,0.5259528499211507,0.6597288391339383,-0.03341834142600697,0.0526210779362217,0.8684473051594458,10.666666666666666,1543.122207220069,48.236187965008746,5.03639288878028,10.000000000000002,0.3395139123238687,5.333333333333333,44.0,,False,False,False,False,resistant-enriched,mixed,True,0.059350943102767596,0.9041545660171938,0.9584543398280627,0.1928905650839947,0.95,0.9,0.8,0.02,0.35,3.25,1.38,3.0,0.251188643150958,2.0,1.0,0.7,10.0,i_db,i,d_b,0.251188643150958,3.25
0.5,0.6931471805599453,1.3107949026562322,2.7007958912157535,4.011590793871986,0.6732481028078505,0.17324810280785052,0.7229127549895186,0.7229127549895187,0.6318544794524886,-0.06129270110745666,0.03253430715284533,0.9186642321178866,13.333333333333332,1507.6513126137997,59.33958405099101,3.6400740991207883,10.000000000000002,0.27517728332196795,4.0,41.33333333333333,,False,False,False,False,resistant-enriched,mixed,True,0.09090909090909091,0.9063636363636364,0.9363636363636364,0.29545454545454547,0.95,0.9,0.8,0.02,0.35,3.25,1.38,3.0,0.31622776601683794,2.0,1.0,0.7,10.0,i_db,i,d_b,0.31622776601683794,3.25
0.5,0.6931471805599453,0.9249360669797548,3.0820328538241486,4.006968920803903,0.7691681454833476,0.26916814548334755,1.2036200573821443,1.2036200573821445,0.5402795286321442,-0.15286765192780105,0.009857004821842628,0.9753574879453935,22.666666666666664,1443.0457165427474,86.7935180011953,2.5164614432361185,10.0,0.2165735304590148,2.6666666666666665,50.666666666666664,,False,False,False,False,resistant-enriched,mixed,True,0.13680688860321005,0.9095764822022248,0.904235177977753,0.4446223879604327,0.95,0.9,0.8,0.02,0.35,3.25,1.38,3.0,0.3981071705534973,2.0,1.0,0.7,10.0,i_db,i,d_b,0.3981071705534973,3.25
0.5,0.6931471805599453,0.5490852714065947,3.488438937559524,4.0375242089661185,0.8640044633819799,0.3640044633819799,1.8489558685297263,1.8489558685297263,0.3976270897637969,-0.2955200907961484,0.000886305394562588,0.9977842365135935,37.33333333333333,1350.1954724399334,133.9192880035245,1.5594505623715929,9.999999999999998,0.16991234030001826,2.6666666666666665,73.33333333333333,,False,False,False,False,resistant-enriched,resistant-dominant,True,0.2007600089131018,0.9140532006239172,0.8594679937608287,0.6524700289675809,0.95,0.9,0.8,0.02,0.35,3.25,1.38,3.0,0.5011872336272724,2.0,1.0,0.7,10.0,i_db,i,d_b,0.5011872336272724,3.25
0.5,0.6931471805599453,0.4770224859683727,3.5800428104806463,4.057065296449019,0.8824217873974347,0.3824217873974347,2.015566407385885,2.015566407385885,0.3620718158429677,-0.33107536471697757,6.419875651916441e-05,0.9998395031087021,49.33333333333333,1278.4913246444457,176.28161451600764,1.0052890225199709,10.0,0.1279038279358991,2.6666666666666665,89.33333333333333,,False,False,False,False,resistant-enriched,resistant-dominant,True,0.2847472489508015,0.9199323074265561,0.8006769257344389,0.9254285590901049,0.95,0.9,0.8,0.02,0.35,3.25,1.38,3.0,0.6309573444801934,2.0,1.0,0.7,10.0,i_db,i,d_b,0.6309573444801934,3.25
0.5,0.6931471805599453,0.5928509319321481,3.474736243594708,4.067587175526856,0.8542499751451895,0.3542499751451895,1.7683308661389046,1.7683308661389046,0.41526568477348635,-0.27788149578645893,5.811227368077485e-06,0.9999854719315798,58.666666666666664,1224.8147967530304,213.16552225957122,0.6931599277219843,10.0,0.1064705872025026,1.3333333333333333,104.0,,False,False,False,False,resistant-enriched,resistant-dominant,True,0.386863179846857,0.92708042258928,0.7291957741072002,1.257305334502285,0.95,0.9,0.8,0.02,0.35,3.25,1.38,3.0,0.7943282347242815,2.0,1.0,0.7,10.0,i_db,i,d_b,0.7943282347242815,3.25
0.5,0.6931471805599453,0.9106174172273681,3.163006075604494,4.073623492831862,0.7764600928805195,0.27646009288051954,1.2451552942231616,1.2451552942231618,0.5313519301200034,-0.16179525043994192,6.49712814202108e-07,0.9999983757179645,65.33333333333333,1181.2681927968706,246.71351895571024,0.507812967714054,10.0,0.0887230517559951,1.3333333333333333,114.66666666666666,,False,False,False,False,resistant-enriched,mixed,True,0.5,0.935,0.65,1.625,0.95,0.9,0.8,0.02,0.35,3.25,1.38,3.0,1.0,2.0,1.0,0.7,10.0,i_db,i,d_b,1.0,3.25
0.5,0.6931471805599453,1.471038224634691,2.60421555747732,4.075253782112011,0.6390315049600858,0.13903150496008576,0.5711630735321298,0.5711630735321299,0.6539733973583359,-0.03917378320160936,9.405857211060087e-08,0.9999997648535697,72.0,1145.3828613951375,276.6397417214788,0.3953537602475256,10.000000000000002,0.07514528004358438,1.3333333333333333,125.33333333333333,,False,False,False,False,resistant-enriched,mixed,True,0.6131368201531432,0.9429195774107201,0.5708042258927998,1.9926946654977153,0.95,0.9,0.8,0.02,0.35,3.25,1.38,3.0,1.2589254117941675,2.0,1.0,0.7,10.0,i_db,i,d_b,1.2589254117941675,3.25
0.5,0.6931471805599453,2.1635257645856805,1.9077411715294033,4.071266936115084,0.46858660988459355,-0.03141339011540645,-0.12581927987471148,-0.12581927987471148,0.6911722779800527,-0.0019749025798926345,1.9124705218345704e-08,0.999999952188237,76.0,1116.5120561748126,301.9540114062639,0.325990988453688,9.999999999999998,0.0655190589909107,1.3333333333333333,134.66666666666666,129.33333333333331,False,False,False,True,susceptible-enriched,mixed,True,0.7152527510491987,0.9500676925734439,0.4993230742655609,2.324571440909896,0.95,0.9,0.8,0.02,0.35,3.25,1.38,3.0,1.584893192461114,2.0,1.0,0.7,10.0,i_db,i,d_b,1.584893192461114,3.25
0.5,0.6931471805599453,2.756479897031518,1.3055686191534683,4.062048516184986,0.32140645636099846,-0.17859354363900154,-0.7473157967245003,-0.7473157967245003,0.6279250629217472,-0.06522211763819807,5.720829242485856e-09,0.9999999856979269,80.0,1093.9176837503437,322.0701702004409,0.28192929404570133,10.000000000000002,0.05902441560799156,1.3333333333333333,142.66666666666666,133.33333333333331,False,False,False,True,susceptible-enriched,mixed,True,0.7992399910868984,0.9559467993760828,0.4405320062391712,2.5975299710324196,0.95,0.9,0.8,0.02,0.35,3.25,1.38,3.0,1.9952623149688797,2.0,1.0,0.7,10.0,i_db,i,d_b,1.9952623149688797,3.25
0.5,0.6931471805599453,3.1457330951501565,0.9056854647493299,4.051418559899487,0.22354774046644033,-0.2764522595335597,-1.245110163973213,-1.245110163973213,0.5313616836766807,-0.1617854968832646,2.421539284863528e-09,0.9999999939461518,81.33333333333333,1077.300673221728,337.18659264625785,0.2529311102590753,10.0,0.05476912768712434,1.3333333333333333,152.0,136.0,False,False,False,True,susceptible-enriched,mixed,True,0.8631931113967901,0.9604235177977754,0.39576482202224694,2.805377612039568,0.95,0.9,0.8,0.02,0.35,3.25,1.38,3.0,2.511886431509581,2.0,1.0,0.7,10.0,i_db,i,d_b,2.511886431509581,3.25
0.5,0.6931471805599453,3.3718565930527213,0.6711967879351637,4.043053380987885,0.16601234875883894,-0.33398765124116103,-1.6141564198806289,-1.614156419880629,0.4495065819268264,-0.24364059863311888,1.3573660684757424e-09,0.9999999966065848,82.66666666666666,1065.8321752638549,348.0511397430952,0.23371958682734584,10.0,0.05202645115468592,1.3333333333333333,161.33333333333331,138.66666666666666,False,False,False,True,susceptible-enriched,susceptible-dominant,True,0.9090909090909091,0.9636363636363636,0.36363636363636365,2.9545454545454546,0.95,0.9,0.8,0.02,0.35,3.25,1.38,3.0,3.1622776601683795,2.0,1.0,0.7,10.0,i_db,i,d_b,3.1622776601683795,3.25
0.5,0.6931471805599453,3.5000253687773597,0.537671098885886,4.037696467663245,0.1331628326180385,-0.3668371673819615,-1.8732784628170753,-1.8732784628170753,0.39235519778631145,-0.30079198277363384,9.258421212738279e-10,0.9999999976853947,84.0,1058.3858281655703,355.59079112265147,0.2215349444228057,10.0,0.05027463584342455,1.3333333333333333,168.0,140.0,False,False,False,True,susceptible-enriched,susceptible-dominant,True,0.9406490568972324,0.9658454339828063,0.3415456601719373,3.0571094349160055,0.95,0.9,0.8,0.02,0.35,3.25,1.38,3.0,3.981071705534973,2.0,1.0,0.7,10.0,i_db,i,d_b,3.981071705534973,3.25
0.5,0.6931471805599453,3.573774083401899,0.4607231617666885,4.034497245168588,0.11419592919995573,-0.38580407080004425,-2.0485801367468626,-2.0485801367468626,0.35519900414015065,-0.33794817641979463,7.248120633338946e-10,0.9999999981879698,85.33333333333333,1053.5989830432075,360.67881880662213,0.2136613369038865,10.000000000000002,0.049161340032081745,1.3333333333333333,174.66666666666666,140.0,False,False,False,True,susceptible-enriched,susceptible-dominant,True,0.9617134961177453,0.9673199447282421,0.32680055271757835,3.1255688623826723,0.95,0.9,0.8,0.02,0.35,3.25,1.38,3.0,5.011872336272725,2.0,1.0,0.7,10.0,i_db,i,d_b,5.011872336272725,3.25
0.5,0.6931471805599453,3.6172605496627686,0.4153799444277782,4.032640494090547,0.10300445701432553,-0.39699554298567447,-2.164278633968469,-2.1642786339684688,0.33163473125612275,-0.36151244930382254,6.180888866856071e-10,0.9999999984547778,85.33333333333333,1050.6323329559534,364.04026086896783,0.20898375089650786,10.0,0.04845586392559243,1.3333333333333333,178.66666666666666,141.33333333333331,False,False,False,True,susceptible-enriched,susceptible-dominant,True,0.975496632449664,0.9682847642714765,0.3171523572852353,3.170364055461408,0.95,0.9,0.8,0.02,0.35,3.25,1.38,3.0,6.309573444801933,2.0,1.0,0.7,10.0,i_db,i,d_b,6.309573444801933,3.25
0.5,0.6931471805599453,3.6434347697864298,0.3881034141559128,4.0315381839423425,0.09626683326521193,-0.4037331667347881,-2.239410298336539,-2.239410298336539,0.31680206950458945,-0.37634511105535584,5.591721969525252e-10,0.9999999986020696,85.33333333333333,1048.7084994765546,366.2268942296508,0.20579975595205632,10.0,0.04800956828654554,1.3333333333333333,181.33333333333331,141.33333333333331,False,False,False,True,susceptible-enriched,susceptible-dominant,True,0.9843983377581705,0.9689078836430719,0.3109211635692807,3.1992945977140543,0.95,0.9,0.8,0.02,0.35,3.25,1.38,3.0,7.943282347242818,2.0,1.0,0.7,10.0,i_db,i,d_b,7.943282347242818,3.25
0.5,0.6931471805599453,3.6594369606269916,0.37143403004336173,4.030870990670353,0.0921473376109193,-0.4078526623890807,-2.2876933075503323,-2.2876933075503323,0.3074780271998122,-0.3856691533601331,5.249859560861555e-10,0.9999999986875351,85.33333333333333,1047.5180638430663,367.63435584589286,0.20376820829559425,10.0,0.047727518611386625,1.3333333333333333,182.66666666666666,141.33333333333331,False,False,False,True,susceptible-enriched,susceptible-dominant,True,0.9900990099009901,0.9693069306930693,0.306930693069307,3.217821782178218,0.95,0.9,0.8,0.02,0.35,3.25,1.38,3.0,10.0,2.0,1.0,0.7,10.0,i_db,i,d_b,10.0,3.25
0.5,0.6931471805599453,1.6737317118899595,2.415559401733881,4.08929111362384,0.5907037025772579,0.0907037025772579,0.3668752050748638,0.3668752050748636,0.6766013996240187,-0.016545780935926624,0.08046546653062772,0.7988363336734308,8.0,1581.6886549330764,38.435042776262094,20.688180993008412,10.0,0.6006705160520448,9.333333333333332,132.0,,False,False,False,False,resistant-enriched,mixed,True,0.009900990099009903,0.9006930693069307,0.9930693069306931,0.03960396039603961,0.95,0.9,0.8,0.02,0.35,4.0,1.38,3.0,0.1,2.0,1.0,0.7,10.0,i_db,i,d_b,0.1,4.0
0.5,0.6931471805599453,1.6536545996935723,2.429297504889584,4.082952104583156,0.5949855503234222,0.09498555032342215,0.38461437539616194,0.38461437539616194,0.6749925384908931,-0.01815464206905215,0.0754541695836775,0.8113645760408063,8.0,1577.1653158173401,39.52855695154298,13.431714124004378,10.000000000000002,0.5298723392379021,8.0,93.33333333333333,,False,False,False,False,resistant-enriched,mixed,True,0.015601662241829605,0.9010921163569281,0.9890788364307193,0.06240664896731842,0.95,0.9,0.8,0.02,0.35,4.0,1.38,3.0,0.12589254117941673,2.0,1.0,0.7,10.0,i_db,i,d_b,0.12589254117941673,4.0
0.5,0.6931471805599453,1.61841326388206,2.453870959375415,4.0722842232574745,0.602578509957866,0.102578509957866,0.4162205586007165,0.4162205586007165,0.6719523097078008,-0.021194870852144443,0.06961916218694848,0.8259520945326289,8.0,1569.3249574866313,41.41842479843724,8.882448529297253,10.0,0.45507974513423655,6.666666666666666,66.66666666666666,,False,False,False,False,resistant-enriched,mixed,True,0.02450336755033599,0.9017152357285235,0.9828476427147648,0.09801347020134396,0.95,0.9,0.8,0.02,0.35,4.0,1.38,3.0,0.15848931924611134,2.0,1.0,0.7,10.0,i_db,i,d_b,0.15848931924611134,4.0
0.5,0.6931471805599453,1.5529878222689995,2.5013314120050727,4.054319234274072,0.6169547259277272,0.11695472592772715,0.47664245220177,0.47664245220176976,0.6655352742579828,-0.02761190630196253,0.05991746410006385,0.8502063397498404,9.333333333333332,1555.38944731758,44.87811689313371,6.052615372040392,9.999999999999998,0.3805495027563123,5.333333333333333,49.33333333333333,,False,False,False,False,resistant-enriched,mixed,True,0.038286503882254734,0.9026800552717579,0.9731994472824217,0.15314601552901894,0.95,0.9,0.8,0.02,0.35,4.0,1.38,3.0,0.19952623149688797,2.0,1.0,0.7,10.0,i_db,i,d_b,0.19952623149688797,4.0
0.5,0.6931471805599453,1.422568193452576,2.604473071414008,4.027041264866584,0.646746059976193,0.14674605997619306,0.6047665538685324,0.6047665538685324,0.649437717918498,-0.04370946264144726,0.044919108402192764,0.8877022289945181,10.666666666666666,1529.9657148780584,51.85782684323485,4.290562850536029,10.000000000000002,0.30911595048028145,4.0,41.33333333333333,,False,False,False,False,resistant-enriched,mixed,True,0.059350943102767596,0.9041545660171938,0.9584543398280627,0.23740377241107039,0.95,0.9,0.8,0.02,0.35,4.0,1.38,3.0,0.251188643150958,2.0,1.0,0.7,10.0,i_db,i,d_b,0.251188643150958,4.0
0.5,0.6931471805599453,1.1495523723929473,2.8539959631903633,4.003548335583311,0.7128666183006231,0.21286661830062314,0.9093474794107631,0.9093474794107632,0.5995649640779604,-0.09358221648198484,0.022631354451522194,0.9434216138711945,16.0,1484.7521492066169,68.02215133319996,3.0678064621850836,10.000000000000002,0.24209912535642522,4.0,42.666666666666664,,False,False,False,False,resistant-enriched,mixed,True,0.09090909090909091,0.9063636363636364,0.9363636363636364,0.36363636363636365,0.95,0.9,0.8,0.02,0.35,4.0,1.38,3.0,0.31622776601683794,2.0,1.0,0.7,10.0,i_db,i,d_b,0.31622776601683794,4.0
0.5,0.6931471805599453,0.6966152038869666,3.3213843898298796,4.017999593716846,0.8266263627860243,0.3266263627860243,1.5619037763414994,1.5619037763414996,0.46119542305666295,-0.23195175750328234,0.004234089142864465,0.9894147771428389,28.0,1405.8440160186124,104.95401751083716,1.9946596326032224,10.0,0.19179414956392318,2.6666666666666665,58.666666666666664,,False,False,False,False,resistant-enriched,resistant-dominant,True,0.13680688860321005,0.9095764822022248,0.904235177977753,0.5472275544128402,0.95,0.9,0.8,0.02,0.35,4.0,1.38,3.0,0.3981071705534973,2.0,1.0,0.7,10.0,i_db,i,d_b,0.3981071705534973,4.0
0.5,0.6931471805599453,0.44441430390695547,3.601335616254103,4.045749920161058,0.8901527991900045,0.39015279919000445,2.0923028158972374,2.0923028158972374,0.34619575408207776,-0.34695142647786753,0.0003491046074473366,0.9991272384813816,42.666666666666664,1321.371585539704,150.31402756065236,1.2258551158471933,9.999999999999998,0.14492904210600407,2.6666666666666665,78.66666666666666,,False,False,False,False,resistant-enriched,resistant-dominant,True,0.2007600089131018,0.9140532006239172,0.8594679937608287,0.8030400356524072,0.95,0.9,0.8,0.02,0.35,4.0,1.38,3.0,0.5011872336272724,2.0,1.0,0.7,10.0,i_db,i,d_b,0.5011872336272724,4.0
0.5,0.6931471805599453,0.4283923330786165,3.6321447890667717,4.060537122145388,0.8944986044476119,0.39449860444761187,2.1375391619862003,2.1375391619862003,0.337005300820009,-0.3561418797399363,3.1519852811192596e-05,0.999921200367972,52.0,1260.5086558276216,188.5424468743645,0.8005663150482495,10.0,0.11320516276104496,1.3333333333333333,94.66666666666666,,False,False,False,False,resistant-enriched,resistant-dominant,True,0.2847472489508015,0.9199323074265561,0.8006769257344389,1.138988995803206,0.95,0.9,0.8,0.02,0.35,4.0,1.38,3.0,0.6309573444801934,2.0,1.0,0.7,10.0,i_db,i,d_b,0.6309573444801934,4.0
0.5,0.6931471805599453,0.5623069648072837,3.507161536487055,4.069468501294339,0.8618229961410352,0.3618229961410352,1.8305144087340177,1.8305144087340177,0.40164036682697635,-0.29150681373296894,3.400394872376464e-06,0.999991499012819,60.0,1212.5329209584625,222.96291088089845,0.5541316611809929,10.0,0.09198736283084732,1.3333333333333333,106.66666666666666,,False,False,False,False,resistant-enriched,resistant-dominant,True,0.386863179846857,0.92708042258928,0.7291957741072002,1.547452719387428,0.95,0.9,0.8,0.02,0.35,4.0,1.38,3.0,0.7943282347242815,2.0,1.0,0.7,10.0,i_db,i,d_b,0.7943282347242815,4.0
0.5,0.6931471805599453,0.8902357891768081,3.1846535517810444,4.074889340957853,0.7815312970026451,0.2815312970026451,1.2746124278415076,1.2746124278415079,0.5249630065090888,-0.1681841740508565,4.266652389280664e-07,0.9999989333369027,66.66666666666666,1172.1504396395428,254.90821509673117,0.4062665189449257,10.0,0.07486159700093753,1.3333333333333333,117.33333333333333,,False,False,False,False,resistant-enriched,mixed,True,0.5,0.935,0.65,2.0,0.95,0.9,0.8,0.02,0.35,4.0,1.38,3.0,1.0,2.0,1.0,0.7,10.0,i_db,i,d_b,1.0,4.0
0.5,0.6931471805599453,1.4613194417538498,2.6149498410067324,4.076269282760582,0.6415056659936371,0.14150566599363712,0.5819051612402255,0.5819051612402256,0.652546965785044,-0.04060021477490128,6.644317982648684e-08,0.9999998338920504,73.33333333333333,1138.2827268657647,283.7747273052499,0.31627287882188504,10.0,0.0623239414966327,1.3333333333333333,126.66666666666666,,False,False,False,False,resistant-enriched,mixed,True,0.6131368201531432,0.9429195774107201,0.5708042258927998,2.4525472806125728,0.95,0.9,0.8,0.02,0.35,4.0,1.38,3.0,1.2589254117941675,2.0,1.0,0.7,10.0,i_db,i,d_b,1.2589254117941675,4.0
0.5,0.6931471805599453,2.1641168671826967,1.908079060338197,4.072195927520894,0.4685626856612996,-0.031437314338700395,-0.1259153562900233,-0.1259153562900233,0.6911692667022307,-0.0019779138577146194,1.4160553605702572e-08,0.999999964598616,77.33333333333333,1110.6151719826762,308.3946143864871,0.26072101216555726,9.999999999999998,0.05373998801448235,1.3333333333333333,136.0,130.66666666666666,False,False,False,True,susceptible-enriched,mixed,True,0.7152527510491987,0.9500676925734439,0.4993230742655609,2.861011004196795,0.95,0.9,0.8,0.02,0.35,4.0,1.38,3.0,1.584893192461114,2.0,1.0,0.7,10.0,i_db,i,d_b,1.584893192461114,4.0
0.5,0.6931471805599453,2.762786676215601,1.3001661989106554,4.062952875126257,0.32000523729191727,-0.17999476270808273,-0.7537477340435307,-0.7537477340435307,0.6268734052323679,-0.06627377532757739,4.35769620347685e-09,0.9999999891057595,80.0,1088.7798381289097,328.06036264803447,0.22546936285400312,10.0,0.04809112458630443,1.3333333333333333,144.0,134.66666666666666,False,False,False,True,susceptible-enriched,mixed,True,0.7992399910868984,0.9559467993760828,0.4405320062391712,3.1969599643475934,0.95,0.9,0.8,0.02,0.35,4.0,1.38,3.0,1.9952623149688797,2.0,1.0,0.7,10.0,i_db,i,d_b,1.9952623149688797,4.0
0.5,0.6931471805599453,3.1536088379932252,0.8987424220370038,4.052351260030229,0.2217829512711836,-0.27821704872881636,-1.255306261573623,-1.255306261573623,0.5291553382113212,-0.16399184234862407,1.8851618548744557e-09,0.9999999952870954,82.66666666666666,1072.665682057535,342.88828834900045,0.20217876131698914,10.0,0.044450855150375716,1.3333333333333333,153.33333333333331,137.33333333333331,False,False,False,True,susceptible-enriched,mixed,True,0.8631931113967901,0.9604235177977754,0.39576482202224694,3.4527724455871605,0.95,0.9,0.8,0.02,0.35,4.0,1.38,3.0,2.511886431509581,2.0,1.0,0.7,10.0,i_db,i,d_b,2.511886431509581,4.0
0.5,0.6931471805599453,3.379661478929324,0.6644099556545289,4.044071434583852,0.16429233914432542,-0.3357076608556746,-1.6266314672426536,-1.6266314672426538,0.4467195037032743,-0.246427676856671,1.0692357914009716e-09,0.9999999973269105,84.0,1061.5068179404702,353.571127417841,0.1868566639536321,10.0,0.042129316931975525,1.3333333333333333,162.66666666666666,138.66666666666666,False,False,False,True,susceptible-enriched,susceptible-dominant,True,0.9090909090909091,0.9636363636363636,0.36363636363636365,3.6363636363636362,0.95,0.9,0.8,0.02,0.35,4.0,1.38,3.0,3.1622776601683795,2.0,1.0,0.7,10.0,i_db,i,d_b,3.1622776601683795,4.0
0.5,0.6931471805599453,3.507385098263218,0.5313796972799738,4.038764795543192,0.13156985469080928,-0.3684301453091907,-1.887149226071269,-1.887149226071269,0.3893600774127516,-0.3037871031471937,7.374288809557385e-10,0.9999999981564278,85.33333333333333,1054.265298180249,360.9965183728657,0.17701821880139354,10.0,0.04065633289516962,1.3333333333333333,169.33333333333331,140.0,False,False,False,True,susceptible-enriched,susceptible-dominant,True,0.9406490568972324,0.9658454339828063,0.3415456601719373,3.7625962275889298,0.95,0.9,0.8,0.02,0.35,4.0,1.38,3.0,3.981071705534973,2.0,1.0,0.7,10.0,i_db,i,d_b,3.981071705534973,4.0
0.5,0.6931471805599453,3.5807485352459634,0.4548688120682357,4.035617347314199,0.11271356348266318,-0.38728643651733685,-2.0633180933439026,-2.0633180933439026,0.3521513563988802,-0.3409958241610651,5.791833767073546e-10,0.9999999985520416,85.33333333333333,1049.6298908554681,366.01334318232904,0.1709118703754816,10.0,0.039724124509525546,1.3333333333333333,176.0,141.33333333333331,False,False,False,True,susceptible-enriched,susceptible-dominant,True,0.9617134961177453,0.9673199447282421,0.32680055271757835,3.846853984470981,0.95,0.9,0.8,0.02,0.35,4.0,1.38,3.0,5.011872336272725,2.0,1.0,0.7,10.0,i_db,i,d_b,5.011872336272725,4.0
0.5,0.6931471805599453,3.6239458685261887,0.40983811560288846,4.0337839841290775,0.10160140384695772,-0.3983985961530423,-2.1795564883748515,-2.179556488374851,0.3285874371496774,-0.36455974341026787,4.975708492674133e-10,0.9999999987560729,85.33333333333333,1046.7517765218724,369.3299683879763,0.16697203003371686,10.0,0.03913493479497599,1.3333333333333333,180.0,142.66666666666666,False,False,False,True,susceptible-enriched,susceptible-dominant,True,0.975496632449664,0.9682847642714765,0.3171523572852353,3.901986529798656,0.95,0.9,0.8,0.02,0.35,4.0,1.38,3.0,6.309573444801933,2.0,1.0,0.7,10.0,i_db,i,d_b,6.309573444801933,4.0
0.5,0.6931471805599453,3.649930982736792,0.38277088170928697,4.032701864446079,0.09491673190223879,-0.4050832680977612,-2.2550269474630977,-2.2550269474630977,0.3137681187716509,-0.3793790617882944,4.504540629786412e-10,0.9999999988738648,86.66666666666666,1044.9078123945749,371.48867185640796,0.16463666408991123,9.999999999999998,0.03876281040274077,1.3333333333333333,182.66666666666666,142.66666666666666,False,False,False,True,susceptible-enriched,susceptible-dominant,True,0.9843983377581705,0.9689078836430719,0.3109211635692807,3.937593351032682,0.95,0.9,0.8,0.02,0.35,4.0,1.38,3.0,7.943282347242818,2.0,1.0,0.7,10.0,i_db,i,d_b,7.943282347242818,4.0
0.5,0.6931471805599453,3.6658161749258014,0.3662376944616252,4.032053869387426,0.09083154797167087,-0.40916845202832913,-2.303523722887104,-2.303523722887104,0.3044575117500666,-0.3886896688098787,4.229112649007413e-10,0.9999999989427218,86.66666666666666,1043.7275466795306,372.87855841966365,0.16302799211989322,10.0,0.038527875705569925,1.3333333333333333,184.0,142.66666666666666,False,False,False,True,susceptible-enriched,susceptible-dominant,True,0.9900990099009901,0.9693069306930693,0.306930693069307,3.9603960396039604,0.95,0.9,0.8,0.02,0.35,4.0,1.38,3.0,10.0,2.0,1.0,0.7,10.0,i_db,i,d_b,10.0,4.0
0.5,0.6931471805599453,1.6664859619481092,2.4208071752286218,4.087293137176731,0.5922763780287061,0.09227637802870614,0.3733838329815589,0.3733838329815587,0.6760193070314637,-0.017127873528481552,0.07887494082191926,0.8028126479452018,8.0,1580.2892133631826,38.751800964348504,17.54980777507066,10.0,0.5754800188019732,9.333333333333332,116.0,,False,False,False,False,resistant-enriched,mixed,True,0.009900990099009903,0.9006930693069307,0.9930693069306931,0.04702970297029704,0.95,0.9,0.8,0.02,0.35,4.75,1.38,3.0,0.1,2.0,1.0,0.7,10.0,i_db,i,d_b,0.1,4.75
0.5,0.6931471805599453,1.6412015629467391,2.4383950900178166,4.079596652964556,0.5977049442488113,0.09770494424881127,0.3959114389950581,0.3959114389950581,0.6739312654846967,-0.019215915075248557,0.07354329496380012,0.8161417625904998,8.0,1574.8162140136674,40.07079114829354,11.449477346954817,10.000000000000002,0.5009895293971673,8.0,82.66666666666666,,False,False,False,False,resistant-enriched,mixed,True,0.015601662241829605,0.9010921163569281,0.9890788364307193,0.07410789564869062,0.95,0.9,0.8,0.02,0.35,4.75,1.38,3.0,0.12589254117941673,2.0,1.0,0.7,10.0,i_db,i,d_b,0.12589254117941673,4.75
0.5,0.6931471805599453,1.596002674132623,2.4705787151683394,4.066581389300962,0.6075320960422305,0.10753209604223046,0.43695024628757745,0.43695024628757745,0.6698392194660376,-0.023307961093907648,0.06760189904964586,0.8309952523758853,8.0,1565.158794818532,42.3930259013252,7.633900819817785,10.0,0.4245679739665425,6.666666666666666,58.666666666666664,,False,False,False,False,resistant-enriched,mixed,True,0.02450336755033599,0.9017152357285235,0.9828476427147648,0.11639099586409596,0.95,0.9,0.8,0.02,0.35,4.75,1.38,3.0,0.15848931924611134,2.0,1.0,0.7,10.0,i_db,i,d_b,0.15848931924611134,4.75
0.5,0.6931471805599453,1.5100154068402267,2.53502268356093,4.045038090401157,0.6266993355579318,0.12669933555793178,0.5180827311731516,0.5180827311731514,0.6606890097584694,-0.03245817080147584,0.055648512402289296,0.8608787189942768,9.333333333333332,1547.7285386395674,46.77723555771338,5.265961962027997,9.999999999999998,0.350946931260007,5.333333333333333,45.33333333333333,,False,False,False,False,resistant-enriched,mixed,True,0.038286503882254734,0.9026800552717579,0.9731994472824217,0.18186089344071,0.95,0.9,0.8,0.02,0.35,4.75,1.38,3.0,0.19952623149688797,2.0,1.0,0.7,10.0,i_db,i,d_b,0.19952623149688797,4.75
0.5,0.6931471805599453,1.3350329443537405,2.6810155629892787,4.016048507343019,0.6675754931961752,0.16757549319617515,0.6972396951902483,0.6972396951902483,0.6358823584793081,-0.05726482208063721,0.037788353131304124,0.9055291171717397,12.0,1516.4220314189672,56.03716042134356,3.7612525272405586,10.000000000000002,0.2831899656343807,4.0,40.0,,False,False,False,False,resistant-enriched,mixed,True,0.059350943102767596,0.9041545660171938,0.9584543398280627,0.28191697973814606,0.95,0.9,0.8,0.02,0.35,4.75,1.38,3.0,0.251188643150958,2.0,1.0,0.7,10.0,i_db,i,d_b,0.251188643150958,4.75
0.5,0.6931471805599453,0.9804892331876958,3.0225310723879444,4.003020305575641,0.7550626381230159,0.2550626381230159,1.1257981981605907,1.1257981981605907,0.5567046094364396,-0.13644257112350566,0.014772560532804,0.96306859866799,20.0,1461.5452268441456,78.05629649635972,2.618633068156496,10.0,0.22031527466756232,2.6666666666666665,46.666666666666664,,False,False,False,False,resistant-enriched,mixed,True,0.09090909090909091,0.9063636363636364,0.9363636363636364,0.4318181818181818,0.95,0.9,0.8,0.02,0.35,4.75,1.38,3.0,0.31622776601683794,2.0,1.0,0.7,10.0,i_db,i,d_b,0.31622776601683794,4.75
0.5,0.6931471805599453,0.5462317469780165,3.481813149405088,4.028044896383104,0.8643928354749737,0.3643928354749737,1.8522651263204648,1.852265126320465,0.39690836454976003,-0.29623881601018526,0.0019738391860606927,0.9950654020348483,33.33333333333333,1376.0108139289673,120.28955424284425,1.6285124229440213,10.0,0.17087807818615602,2.6666666666666665,65.33333333333333,,False,False,False,False,resistant-enriched,resistant-dominant,True,0.13680688860321005,0.9095764822022248,0.904235177977753,0.6498327208652478,0.95,0.9,0.8,0.02,0.35,4.75,1.38,3.0,0.3981071705534973,2.0,1.0,0.7,10.0,i_db,i,d_b,0.3981071705534973,4.75
0.5,0.6931471805599453,0.3858616119662101,3.6645723655612685,4.0504339775274785,0.9047357359465583,0.4047357359465583,2.2509881399426446,2.2509881399426446,0.31455111094742283,-0.37859606961252246,0.00017902958190722345,0.999552426045232,45.33333333333333,1302.3494556001122,161.87650994673157,1.0099247717378133,9.999999999999998,0.1252044358411615,1.3333333333333333,82.66666666666666,,False,False,False,False,resistant-enriched,resistant-dominant,True,0.2007600089131018,0.9140532006239172,0.8594679937608287,0.9536100423372336,0.95,0.9,0.8,0.02,0.35,4.75,1.38,3.0,0.5011872336272724,2.0,1.0,0.7,10.0,i_db,i,d_b,0.5011872336272724,4.75
0.5,0.6931471805599453,0.3982793475198686,3.6643750918212943,4.062654439341163,0.901965733619112,0.40196573361911203,2.219259455502551,2.219259455502551,0.32074222160596394,-0.37240495895398135,1.9266201033691584e-05,0.9999518344974158,54.666666666666664,1248.43854303758,197.23779374151715,0.6642302060157557,10.0,0.10122261202904533,1.3333333333333333,97.33333333333333,,False,False,False,False,resistant-enriched,resistant-dominant,True,0.2847472489508015,0.9199323074265561,0.8006769257344389,1.3525494325163072,0.95,0.9,0.8,0.02,0.35,4.75,1.38,3.0,0.6309573444801934,2.0,1.0,0.7,10.0,i_db,i,d_b,0.6309573444801934,4.75
0.5,0.6931471805599453,0.5423327808240745,3.5283398319260137,4.070672612750088,0.8667707201199651,0.36677072011996514,1.8727029369426889,1.8727029369426889,0.39247965288871767,-0.3006675276712276,2.354190064326204e-06,0.9999941145248392,61.33333333333333,1204.1118568412803,229.88110806553013,0.4606176769437811,10.0,0.08033935250802236,1.3333333333333333,109.33333333333333,,False,False,False,False,resistant-enriched,resistant-dominant,True,0.386863179846857,0.92708042258928,0.7291957741072002,1.8376001042725707,0.95,0.9,0.8,0.02,0.35,4.75,1.38,3.0,0.7943282347242815,2.0,1.0,0.7,10.0,i_db,i,d_b,0.7943282347242815,4.75
0.5,0.6931471805599453,0.8765272626562424,3.1991886411258776,4.07571590378212,0.784939067553051,0.284939067553051,1.294684699112662,1.2946846991126622,0.5205852837798848,-0.1725618967800605,3.191072641172827e-07,0.9999992022318397,68.0,1165.968061449475,260.6613080775038,0.33777449249557967,10.0,0.0642018465789749,1.3333333333333333,118.66666666666666,,False,False,False,False,resistant-enriched,mixed,True,0.5,0.935,0.65,2.375,0.95,0.9,0.8,0.02,0.35,4.75,1.38,3.0,1.0,2.0,1.0,0.7,10.0,i_db,i,d_b,1.0,4.75
0.5,0.6931471805599453,1.4546928502392822,2.6222479465238044,4.076940796763086,0.6431900969976693,0.14319009699766927,0.5892371659153167,0.5892371659153168,0.6515606137103671,-0.04158656684957818,5.228822681933931e-08,0.999999869279433,73.33333333333333,1133.4044223368087,288.76208802928295,0.262957801291553,10.0,0.052816290125806534,1.3333333333333333,128.0,,False,False,False,False,resistant-enriched,mixed,True,0.6131368201531432,0.9429195774107201,0.5708042258927998,2.91239989572743,0.95,0.9,0.8,0.02,0.35,4.75,1.38,3.0,1.2589254117941675,2.0,1.0,0.7,10.0,i_db,i,d_b,1.2589254117941675,4.75
0.5,0.6931471805599453,2.1645136499414903,1.9083039820938201,4.07281763203531,0.4685463859426927,-0.03145361405730729,-0.12598081406756728,-0.12598081406756728,0.6911672137838835,-0.0019799667760618256,1.1539934706949594e-08,0.9999999711501633,77.33333333333333,1106.538588950267,312.8824628612128,0.216812806589851,10.0,0.04523092932507775,1.3333333333333333,137.33333333333331,130.66666666666666,False,False,False,True,susceptible-enriched,mixed,True,0.7152527510491987,0.9500676925734439,0.4993230742655609,3.397450567483694,0.95,0.9,0.8,0.02,0.35,4.75,1.38,3.0,1.584893192461114,2.0,1.0,0.7,10.0,i_db,i,d_b,1.584893192461114,4.75
0.5,0.6931471805599453,2.767086359924434,1.2964799056516343,4.0635662655760685,0.31904977571907267,-0.18095022428092733,-0.7581420840303793,-0.7581420840303793,0.6261511294755566,-0.06699605108438866,3.6246899965905144e-09,0.999999990938275,81.33333333333333,1085.3063634281589,332.2256697128652,0.18748354047553292,10.0,0.0403285013873339,1.3333333333333333,145.33333333333331,134.66666666666666,False,False,False,True,susceptible-enriched,mixed,True,0.7992399910868984,0.9559467993760828,0.4405320062391712,3.7963899576627673,0.95,0.9,0.8,0.02,0.35,4.75,1.38,3.0,1.9952623149688797,2.0,1.0,0.7,10.0,i_db,i,d_b,1.9952623149688797,4.75
0.5,0.6931471805599453,3.158974008190224,0.8940202071228236,4.052994215313047,0.2205826506598581,-0.2794173493401419,-1.2622741949444916,-1.2622741949444916,0.5276444142389236,-0.16550276632102168,1.5899572636007928e-09,0.9999999960251068,82.66666666666666,1069.45079032537,346.848263331677,0.16815527717392298,10.0,0.03720431411383157,1.3333333333333333,154.66666666666666,137.33333333333331,False,False,False,True,susceptible-enriched,mixed,True,0.8631931113967901,0.9604235177977754,0.39576482202224694,4.100167279134753,0.95,0.9,0.8,0.02,0.35,4.75,1.38,3.0,2.511886431509581,2.0,1.0,0.7,10.0,i_db,i,d_b,2.511886431509581,4.75
0.5,0.6931471805599453,3.384948249527161,0.6597996696390535,4.044747919166214,0.16312504087400947,-0.3368749591259905,-1.6351576389586326,-1.6351576389586329,0.4448157680685132,-0.2483314124914321,9.107002524100655e-10,0.9999999977232493,84.0,1058.5815049938828,357.4016769986386,0.15559310416929362,10.0,0.03522521352035477,1.3333333333333333,162.66666666666666,140.0,False,False,False,True,susceptible-enriched,susceptible-dominant,True,0.9090909090909091,0.9636363636363636,0.36363636363636365,4.318181818181818,0.95,0.9,0.8,0.02,0.35,4.75,1.38,3.0,3.1622776601683795,2.0,1.0,0.7,10.0,i_db,i,d_b,3.1622776601683795,4.75
0.5,0.6931471805599453,3.512372203846608,0.5271131529196296,4.039485356766238,0.1304901754469049,-0.3695098245530951,-1.8966316928169868,-1.8966316928169868,0.3873174485219917,-0.3058297320379536,6.300976087582662e-10,0.999999998424756,85.33333333333333,1051.4604877562454,364.74597290055686,0.14742580904796443,10.000000000000002,0.033974530002026125,1.3333333333333333,170.66666666666666,141.33333333333331,False,False,False,True,susceptible-enriched,susceptible-dominant,True,0.9406490568972324,0.9658454339828063,0.3415456601719373,4.468083020261854,0.95,0.9,0.8,0.02,0.35,4.75,1.38,3.0,3.981071705534973,2.0,1.0,0.7,10.0,i_db,i,d_b,3.981071705534973,4.75
0.5,0.6931471805599453,3.585471784505773,0.4509031098889448,4.036374894394718,0.11170991835151646,-0.38829008164848355,-2.0733928614850203,-2.0733928614850203,0.3500754680785536,-0.3430717124813917,4.982459986648208e-10,0.999999998754385,86.66666666666666,1046.9597327013612,369.711902248036,0.1421856532654466,10.0,0.033184923230121614,1.3333333333333333,176.0,142.66666666666666,False,False,False,True,susceptible-enriched,susceptible-dominant,True,0.9617134961177453,0.9673199447282421,0.32680055271757835,4.56813910655929,0.95,0.9,0.8,0.02,0.35,4.75,1.38,3.0,5.011872336272725,2.0,1.0,0.7,10.0,i_db,i,d_b,5.011872336272725,4.75
0.5,0.6931471805599453,3.628473597215226,0.40608666809991095,4.034560265315137,0.10065202683697966,-0.39934797316302034,-2.1900007371434564,-2.190000737143456,0.32651326544740344,-0.36663391511254184,4.271565904696019e-10,0.9999999989321086,86.66666666666666,1044.0601280367314,372.9968947954492,0.13893701966881086,10.0,0.032686599106872626,1.3333333333333333,180.0,142.66666666666666,False,False,False,True,susceptible-enriched,susceptible-dominant,True,0.975496632449664,0.9682847642714765,0.3171523572852353,4.633609004135904,0.95,0.9,0.8,0.02,0.35,4.75,1.38,3.0,6.309573444801933,2.0,1.0,0.7,10.0,i_db,i,d_b,6.309573444801933,4.75
0.5,0.6931471805599453,3.654328255056899,0.3791619851918089,4.0334902402487085,0.09400344679362095,-0.40599655320637906,-2.2657040520127794,-2.2657040520127794,0.31170376765783936,-0.3814434129021059,3.8769896351638814e-10,0.9999999990307525,86.66666666666666,1042.2714617765253,375.13557298153154,0.13679379507223038,9.999999999999998,0.032372150470100565,1.3333333333333333,184.0,142.66666666666666,False,False,False,True,susceptible-enriched,susceptible-dominant,True,0.9843983377581705,0.9689078836430719,0.3109211635692807,4.67589210435131,0.95,0.9,0.8,0.02,0.35,4.75,1.38,3.0,7.943282347242818,2.0,1.0,0.7,10.0,i_db,i,d_b,7.943282347242818,4.75
0.5,0.6931471805599453,3.670127017066766,0.3627218099756945,4.032848827042461,0.08994183157658825,-0.41005816842341175,-2.3143453732499477,-2.3143453732499477,0.30240322194061797,-0.3907439586193273,3.647357263375e-10,0.9999999990881607,86.66666666666666,1041.1594017458115,376.51293169040076,0.13557182993928563,10.0,0.03217374058494813,1.3333333333333333,185.33333333333331,144.0,False,False,False,True,susceptible-enriched,susceptible-dominant,True,0.9900990099009901,0.9693069306930693,0.306930693069307,4.702970297029703,0.95,0.9,0.8,0.02,0.35,4.75,1.38,3.0,10.0,2.0,1.0,0.7,10.0,i_db,i,d_b,10.0,4.75
0.5,0.6931471805599453,1.6590534977133677,2.4262042789462805,4.085257776659648,0.5938925795106351,0.09389257951063512,0.3800807533418867,0.38008075334188646,0.6754104328654987,-0.017736747694446553,0.07740361383214414,0.8064909654196397,8.0,1578.8705959698625,39.07560026318077,15.269919850081129,10.0,0.5514929385363818,9.333333333333332,104.0,,False,False,False,False,resistant-enriched,mixed,True,0.009900990099009903,0.9006930693069307,0.9930693069306931,0.05445544554455446,0.95,0.9,0.8,0.02,0.35,5.5,1.38,3.0,0.1,2.0,1.0,0.7,10.0,i_db,i,d_b,0.1,5.5
0.5,0.6931471805599453,1.6282403704332857,2.4479180791836255,4.076158449616911,0.600545368743869,0.10054536874386899,0.4077379953365656,0.4077379953365656,0.6727899192788229,-0.020357261281122363,0.07184218223971803,0.8203945444007049,8.0,1572.3503857038536,40.63263329240541,10.011792057380639,10.000000000000002,0.47744283918484154,6.666666666666666,73.33333333333333,,False,False,False,False,resistant-enriched,mixed,True,0.015601662241829605,0.9010921163569281,0.9890788364307193,0.08580914233006283,0.95,0.9,0.8,0.02,0.35,5.5,1.38,3.0,0.12589254117941673,2.0,1.0,0.7,10.0,i_db,i,d_b,0.12589254117941673,5.5
0.5,0.6931471805599453,1.5721806688233013,2.4885730102845605,4.060753679107862,0.6128352534870557,0.1128352534870557,0.45924584127959156,0.45924584127959156,0.6674629334002772,-0.025684247159668105,0.06488734126820173,0.8377816468294956,9.333333333333332,1560.7597139534241,43.4258929924474,6.730709722442177,9.999999999999998,0.40180333282459313,5.333333333333333,53.33333333333333,,False,False,False,False,resistant-enriched,mixed,True,0.02450336755033599,0.9017152357285235,0.9828476427147648,0.13476852152684796,0.95,0.9,0.8,0.02,0.35,5.5,1.38,3.0,0.15848931924611134,2.0,1.0,0.7,10.0,i_db,i,d_b,0.15848931924611134,5.5
0.5,0.6931471805599453,1.4632623532725124,2.572831133098173,4.036093486370685,0.6374557828717938,0.13745578287179383,0.5643384692852533,0.5643384692852531,0.6548680130985459,-0.038279167461399366,0.0512341406385914,0.8719146484035215,10.666666666666666,1539.7667890416078,48.86200903819252,4.693223873657248,9.999999999999998,0.3267927247048052,4.0,42.666666666666664,,False,False,False,False,resistant-enriched,mixed,True,0.038286503882254734,0.9026800552717579,0.9731994472824217,0.21057577135240105,0.95,0.9,0.8,0.02,0.35,5.5,1.38,3.0,0.19952623149688797,2.0,1.0,0.7,10.0,i_db,i,d_b,0.19952623149688797,5.5
0.5,0.6931471805599453,1.2395783716396351,2.768610440653229,4.008188812292864,0.6907385281257395,0.19073852812573955,0.803574249434447,0.803574249434447,0.6185084783095858,-0.07463870225035951,0.031112031303290592,0.9222199217417735,13.333333333333332,1502.6815992808383,60.79371972249517,3.3508651719602978,10.000000000000002,0.2601233252016929,4.0,40.0,,False,False,False,False,resistant-enriched,mixed,True,0.059350943102767596,0.9041545660171938,0.9584543398280627,0.32643018706522176,0.95,0.9,0.8,0.02,0.35,5.5,1.38,3.0,0.251188643150958,2.0,1.0,0.7,10.0,i_db,i,d_b,0.251188643150958,5.5
0.5,0.6931471805599453,0.8210265985311788,3.186226099476002,4.007252698007181,0.7951148429098375,0.29511484290983747,1.3560369478655998,1.3560369478655998,0.5071005613537856,-0.18604661920615972,0.009173287360804822,0.977066781597988,22.666666666666664,1438.6342690809074,88.7610505927585,2.2531857860248103,10.0,0.20301310797144154,2.6666666666666665,50.666666666666664,,False,False,False,False,resistant-enriched,mixed,True,0.09090909090909091,0.9063636363636364,0.9363636363636364,0.5,0.95,0.9,0.8,0.02,0.35,5.5,1.38,3.0,0.31622776601683794,2.0,1.0,0.7,10.0,i_db,i,d_b,0.31622776601683794,5.5
0.5,0.6931471805599453,0.45302791736628567,3.582138649931452,4.035166567297738,0.8877300577780934,0.38773005777809344,2.067761537954159,2.0677615379541594,0.35123503958741303,-0.34191214097253225,0.0010510848432413447,0.9973722878918967,37.33333333333333,1353.7817781689828,132.28618638919482,1.370638602144365,10.0,0.153141525530015,2.6666666666666665,70.66666666666666,,False,False,False,False,resistant-enriched,resistant-dominant,True,0.13680688860321005,0.9095764822022248,0.904235177977753,0.7524378873176553,0.95,0.9,0.8,0.02,0.35,5.5,1.38,3.0,0.3981071705534973,2.0,1.0,0.7,10.0,i_db,i,d_b,0.3981071705534973,5.5
0.5,0.6931471805599453,0.34886692758266546,3.7045444210904845,4.05341134867315,0.9139325132405168,0.41393251324051683,2.362625013735401,2.362625013735401,0.2933437440585059,-0.3998034365014394,0.00010934273875632595,0.9997266431531092,48.0,1288.8890509815194,170.49635875629394,0.8584332051365412,9.999999999999998,0.11520219376112084,1.3333333333333333,86.66666666666666,,False,False,False,False,resistant-enriched,resistant-dominant,True,0.2007600089131018,0.9140532006239172,0.8594679937608287,1.10418004902206,0.95,0.9,0.8,0.02,0.35,5.5,1.38,3.0,0.5011872336272724,2.0,1.0,0.7,10.0,i_db,i,d_b,0.5011872336272724,5.5
0.5,0.6931471805599453,0.37782793009456245,3.6862534662252906,4.064081396319853,0.9070323910252641,0.4070323910252641,2.2779270198517096,2.2779270198517096,0.309350545693225,-0.3837966348667203,1.3454715621217543e-05,0.999966363210947,56.0,1239.6909041223803,203.73415570472298,0.566883382632558,10.0,0.09106097365418432,1.3333333333333333,100.0,,False,False,False,False,resistant-enriched,resistant-dominant,True,0.2847472489508015,0.9199323074265561,0.8006769257344389,1.5661098692294082,0.95,0.9,0.8,0.02,0.35,5.5,1.38,3.0,0.6309573444801934,2.0,1.0,0.7,10.0,i_db,i,d_b,0.6309573444801934,5.5
0.5,0.6931471805599453,0.5282560104127878,3.543251599101538,4.071507609514326,0.8702554284367894,0.3702554284367894,1.90321908095448,1.90321908095448,0.38590085876936203,-0.30724632179058325,1.7971151705563468e-06,0.9999955072120736,62.666666666666664,1198.0604441302148,235.02767810409188,0.39346402259969526,10.0,0.07088081837506932,1.3333333333333333,110.66666666666666,,False,False,False,False,resistant-enriched,resistant-dominant,True,0.386863179846857,0.92708042258928,0.7291957741072002,2.1277474891577133,0.95,0.9,0.8,0.02,0.35,5.5,1.38,3.0,0.7943282347242815,2.0,1.0,0.7,10.0,i_db,i,d_b,0.7943282347242815,5.5
0.5,0.6931471805599453,0.866677154038578,3.2096207379917456,4.076297892030324,0.7873862075357542,0.28738620753575417,1.3092415229034537,1.309241522903454,0.5173992225267082,-0.17574795803323706,2.5847700418970865e-07,0.9999993538074895,69.33333333333333,1161.4446825549335,264.922251285232,0.28858690471046794,10.0,0.05587160589627166,1.3333333333333333,120.0,,False,False,False,False,resistant-enriched,mixed,True,0.5,0.935,0.65,2.75,0.95,0.9,0.8,0.02,0.35,5.5,1.38,3.0,1.0,2.0,1.0,0.7,10.0,i_db,i,d_b,1.0,5.5
0.5,0.6931471805599453,1.4498869568962605,2.627535418722026,4.077422375618286,0.6444108990115589,0.1444108990115589,0.5945607110543122,0.5945607110543123,0.6508380231234407,-0.04230915743650454,4.3981292601010046e-08,0.9999998900467685,74.66666666666666,1129.8196660709136,292.4440089522212,0.22470460645949228,10.0,0.04559871591088961,1.3333333333333333,129.33333333333331,,False,False,False,False,resistant-enriched,mixed,True,0.6131368201531432,0.9429195774107201,0.5708042258927998,3.3722525108422876,0.95,0.9,0.8,0.02,0.35,5.5,1.38,3.0,1.2589254117941675,2.0,1.0,0.7,10.0,i_db,i,d_b,1.2589254117941675,5.5
0.5,0.6931471805599453,2.164797281373916,1.9084635013786586,4.073260782752574,0.46853457295434503,-0.03146542704565497,-0.12602825382574667,-0.12602825382574667,0.6911657252937924,-0.0019814552661528984,9.92588842117092e-09,0.9999999751852789,78.66666666666666,1103.6061208468886,316.1882700800399,0.18532310884128184,10.0,0.038894391110463326,1.3333333333333333,137.33333333333331,132.0,False,False,False,True,susceptible-enriched,mixed,True,0.7152527510491987,0.9500676925734439,0.4993230742655609,3.933890130770593,0.95,0.9,0.8,0.02,0.35,5.5,1.38,3.0,1.584893192461114,2.0,1.0,0.7,10.0,i_db,i,d_b,1.584893192461114,5.5
0.5,0.6931471805599453,2.7702046564243483,1.2938032537377497,4.064007910162098,0.31835648018857937,-0.18164351981142063,-0.761335061161935,-0.761335061161935,0.6256244063324068,-0.0675227742275385,3.164936089141559e-09,0.9999999920876598,81.33333333333333,1082.7226532349835,335.289828944676,0.16030602556488677,10.0,0.034615064891671106,1.3333333333333333,146.66666666666666,136.0,False,False,False,True,susceptible-enriched,mixed,True,0.7992399910868984,0.9559467993760828,0.4405320062391712,4.395819950977941,0.95,0.9,0.8,0.02,0.35,5.5,1.38,3.0,1.9952623149688797,2.0,1.0,0.7,10.0,i_db,i,d_b,1.9952623149688797,5.5
0.5,0.6931471805599453,3.1628550101706323,0.8905971449176286,4.0534521550882605,0.21971324955684265,-0.2802867504431573,-1.2673381958300052,-1.2673381958300052,0.5265447913774379,-0.16660238918250736,1.40507423382054e-09,0.9999999964873144,84.0,1067.1921627235317,349.7586400677588,0.14383350818113738,10.000000000000002,0.03190716782726727,1.3333333333333333,154.66666666666666,138.66666666666666,False,False,False,True,susceptible-enriched,mixed,True,0.8631931113967901,0.9604235177977754,0.39576482202224694,4.7475621126823455,0.95,0.9,0.8,0.02,0.35,5.5,1.38,3.0,2.511886431509581,2.0,1.0,0.7,10.0,i_db,i,d_b,2.511886431509581,5.5
0.5,0.6931471805599453,3.3887758821343397,0.6564651049161665,4.045240987050506,0.16228083988509492,-0.3377191601149051,-1.6413544993299123,-1.6413544993299125,0.4434327524972759,-0.2497144280626694,8.090979745213695e-10,0.999999997977255,85.33333333333333,1056.4152046575832,360.2151677955785,0.13294019417026473,10.0,0.030198518428903323,1.3333333333333333,164.0,140.0,False,False,False,True,susceptible-enriched,susceptible-dominant,True,0.9090909090909091,0.9636363636363636,0.36363636363636365,5.0,0.95,0.9,0.8,0.02,0.35,5.5,1.38,3.0,3.1622776601683795,2.0,1.0,0.7,10.0,i_db,i,d_b,3.1622776601683795,5.5
0.5,0.6931471805599453,3.515976961176352,0.5240298340882877,4.04000679526464,0.1297101368003915,-0.3702898631996085,-1.9035240882338644,-1.9035240882338644,0.3858353166204875,-0.3073118639394578,5.632255479787622e-10,0.9999999985919361,85.33333333333333,1049.4147380230709,367.49887251371257,0.12595279264979403,10.0,0.029121140660876205,1.3333333333333333,170.66666666666666,141.33333333333331,False,False,False,True,susceptible-enriched,susceptible-dominant,True,0.9406490568972324,0.9658454339828063,0.3415456601719373,5.173569812934779,0.95,0.9,0.8,0.02,0.35,5.5,1.38,3.0,3.981071705534973,2.0,1.0,0.7,10.0,i_db,i,d_b,3.981071705534973,5.5
0.5,0.6931471805599453,3.588878015365926,0.44803821333447613,4.036916228700402,0.11098526398669221,-0.38901473601330777,-2.0807163756967904,-2.0807163756967904,0.3485703239007752,-0.3445768566591701,4.4499090661665066e-10,0.9999999988875228,86.66666666666666,1044.948009042679,372.42711851833496,0.12168393731703435,10.0,0.028441819825907707,1.3333333333333333,177.33333333333331,142.66666666666666,False,False,False,True,susceptible-enriched,susceptible-dominant,True,0.9617134961177453,0.9673199447282421,0.32680055271757835,5.289424228647599,0.95,0.9,0.8,0.02,0.35,5.5,1.38,3.0,5.011872336272725,2.0,1.0,0.7,10.0,i_db,i,d_b,5.011872336272725,5.5
0.5,0.6931471805599453,3.6317385348737345,0.40337807903583095,4.035116613909565,0.09996689504470203,-0.400033104955298,-2.1975924643053752,-2.197592464305375,0.3250102282808938,-0.36813695227905147,3.828961049508386e-10,0.9999999990427597,86.66666666666666,1042.1529287239966,375.68812945018055,0.11879328984286887,10.0,0.02801342267902212,1.3333333333333333,181.33333333333331,144.0,False,False,False,True,susceptible-enriched,susceptible-dominant,True,0.975496632449664,0.9682847642714765,0.3171523572852353,5.365231478473152,0.95,0.9,0.8,0.02,0.35,5.5,1.38,3.0,6.309573444801933,2.0,1.0,0.7,10.0,i_db,i,d_b,6.309573444801933,5.5
0.5,0.6931471805599453,3.657489838977666,0.3765563851950348,4.034046224172701,0.09334458860154948,-0.4066554113984505,-2.2734645572561636,-2.2734645572561636,0.31020843613330507,-0.3829387444266402,3.4831586939247896e-10,0.9999999991292103,86.66666666666666,1040.3868212039295,377.81211222851374,0.11718257522915,10.0,0.02774322235187204,1.3333333333333333,184.0,144.0,False,False,False,True,susceptible-enriched,susceptible-dominant,True,0.9843983377581705,0.9689078836430719,0.3109211635692807,5.414190857669938,0.95,0.9,0.8,0.02,0.35,5.5,1.38,3.0,7.943282347242818,2.0,1.0,0.7,10.0,i_db,i,d_b,7.943282347242818,5.5
0.5,0.6931471805599453,3.67322905133129,0.3601836924342878,4.033412743765577,0.08929998373982967,-0.41070001626017033,-2.322212246630695,-2.322212246630695,0.3009152424183339,-0.3922319381416114,3.281579276069385e-10,0.9999999991796051,86.66666666666666,1039.248315287336,379.18015854425136,0.11609844581735428,10.0,0.02757277985631048,1.3333333333333333,186.66666666666666,144.0,False,False,False,True,susceptible-enriched,susceptible-dominant,True,0.9900990099009901,0.9693069306930693,0.306930693069307,5.445544554455445,0.95,0.9,0.8,0.02,0.35,5.5,1.38,3.0,10.0,2.0,1.0,0.7,10.0,i_db,i,d_b,10.0,5.5
0.5,0.6931471805599453,1.6514298778466505,2.4317560563569423,4.083185934203593,0.5955535935767385,0.09555359357673854,0.3869721480264593,0.3869721480264591,0.6747733912815436,-0.01837378927840172,0.07604104087087729,0.8098973978228068,8.0,1577.4321785091572,39.406633369840776,13.539450440280485,10.0,0.5317115051314253,8.0,94.66666666666666,,False,False,False,False,resistant-enriched,mixed,True,0.009900990099009903,0.9006930693069307,0.9930693069306931,0.061881188118811895,0.95,0.9,0.8,0.02,0.35,6.25,1.38,3.0,0.1,2.0,1.0,0.7,10.0,i_db,i,d_b,0.1,6.25
0.5,0.6931471805599453,1.614754352029763,2.4578887433765098,4.0726430954062725,0.603511941949659,0.10351194194965896,0.42011990595119136,0.42011990595119136,0.6715619764787282,-0.021585204081217113,0.07032324610343718,0.824191884741407,8.0,1569.781886868469,41.21499421235462,8.922481997746102,10.000000000000002,0.45652795691609316,6.666666666666666,66.66666666666666,,False,False,False,False,resistant-enriched,mixed,True,0.015601662241829605,0.9010921163569281,0.9890788364307193,0.09751038901143504,0.95,0.9,0.8,0.02,0.35,6.25,1.38,3.0,0.12589254117941673,2.0,1.0,0.7,10.0,i_db,i,d_b,0.12589254117941673,6.25
0.5,0.6931471805599453,1.5469109108392969,2.5079565377599,4.054867448599197,0.6185051840908644,0.11850518409086441,0.4832083115852091,0.4832083115852091,0.6647911713434631,-0.02835600921648218,0.06120999279996324,0.8469750180000919,9.333333333333332,1556.169334650335,44.52097189636835,6.047573147329882,9.999999999999998,0.3811405481852654,5.333333333333333,49.33333333333333,,False,False,False,False,resistant-enriched,mixed,True,0.02450336755033599,0.9017152357285235,0.9828476427147648,0.15314604718959993,0.95,0.9,0.8,0.02,0.35,6.25,1.38,3.0,0.15848931924611134,2.0,1.0,0.7,10.0,i_db,i,d_b,0.15848931924611134,6.25
0.5,0.6931471805599453,1.4128114180846123,2.6149976073191032,4.027809025403716,0.649235748474196,0.14923574847419596,0.6156815498152135,0.6156815498152133,0.6479184574314856,-0.045228723128459714,0.0464722414928457,0.8838193962678857,10.666666666666666,1531.570888586157,51.1453169234949,4.2532073433490005,9.999999999999998,0.30844739400710003,4.0,40.0,,False,False,False,False,resistant-enriched,mixed,True,0.038286503882254734,0.9026800552717579,0.9731994472824217,0.23929064926409208,0.95,0.9,0.8,0.02,0.35,6.25,1.38,3.0,0.19952623149688797,2.0,1.0,0.7,10.0,i_db,i,d_b,0.19952623149688797,6.25
0.5,0.6931471805599453,1.1384085347122543,2.8651657291355463,4.003574263847801,0.715651950060709,0.21565195006070903,0.9229949297369285,0.9229949297369285,0.5970131418497013,-0.09613403871024395,0.02492349012097306,0.9376912746975673,16.0,1488.8719833521036,66.10366101894058,3.012998483091366,10.000000000000002,0.23956332014687215,4.0,41.33333333333333,,False,False,False,False,resistant-enriched,mixed,True,0.059350943102767596,0.9041545660171938,0.9584543398280627,0.37094339439229745,0.95,0.9,0.8,0.02,0.35,6.25,1.38,3.0,0.251188643150958,2.0,1.0,0.7,10.0,i_db,i,d_b,0.251188643150958,6.25
0.5,0.6931471805599453,0.6860166480988588,3.327397068031734,4.013413716130593,0.8290690428097055,0.3290690428097055,1.579043720269215,1.579043720269215,0.45735929741494913,-0.23578788314499616,0.005694416546861318,0.9857639586328467,26.666666666666664,1417.2126435059067,99.24965664235367,1.955933365604929,10.0,0.18757342549241063,2.6666666666666665,54.666666666666664,,False,False,False,False,resistant-enriched,resistant-dominant,True,0.09090909090909091,0.9063636363636364,0.9363636363636364,0.5681818181818182,0.95,0.9,0.8,0.02,0.35,6.25,1.38,3.0,0.31622776601683794,2.0,1.0,0.7,10.0,i_db,i,d_b,0.31622776601683794,6.25
0.5,0.6931471805599453,0.3930001309229308,3.6470690007094526,4.040069131632383,0.9027244044301441,0.4027244044301441,2.227869165477793,2.2278691654777933,0.31905527203832773,-0.37409190852161756,0.0006304156264766521,0.9984239609338084,40.0,1337.067885649314,141.67008975985837,1.182334430231104,10.000000000000002,0.1380304168541861,2.6666666666666665,74.66666666666666,,False,False,False,False,resistant-enriched,resistant-dominant,True,0.13680688860321005,0.9095764822022248,0.904235177977753,0.8550430537700628,0.95,0.9,0.8,0.02,0.35,6.25,1.38,3.0,0.3981071705534973,2.0,1.0,0.7,10.0,i_db,i,d_b,0.3981071705534973,6.25
0.5,0.6931471805599453,0.32347244676966647,3.731990537707353,4.055462984477019,0.9202378500290072,0.42023785002900715,2.4455830884752943,2.4455830884752943,0.2781880747821204,-0.4149591057778249,7.482143537476904e-05,0.999812946411563,49.33333333333333,1278.8035046314365,177.18728471932837,0.7460690653661345,9.999999999999998,0.10633339194756933,1.3333333333333333,89.33333333333333,,False,False,False,False,resistant-enriched,resistant-dominant,True,0.2007600089131018,0.9140532006239172,0.8594679937608287,1.2547500557068862,0.95,0.9,0.8,0.02,0.35,6.25,1.38,3.0,0.5011872336272724,2.0,1.0,0.7,10.0,i_db,i,d_b,0.5011872336272724,6.25
0.5,0.6931471805599453,0.3630433041789175,3.7020647264617628,4.065108030640681,0.9106928274863828,0.4106928274863828,2.322123854759535,2.322123854759535,0.30093193595914314,-0.39221524460080215,1.023914807423739e-05,0.9999744021298144,57.33333333333333,1233.1336852446148,208.7750792939304,0.4938745086481557,10.0,0.082398766099605,1.3333333333333333,101.33333333333333,,False,False,False,False,resistant-enriched,resistant-dominant,True,0.2847472489508015,0.9199323074265561,0.8006769257344389,1.7796703059425094,0.95,0.9,0.8,0.02,0.35,6.25,1.38,3.0,0.6309573444801934,2.0,1.0,0.7,10.0,i_db,i,d_b,0.6309573444801934,6.25
0.5,0.6931471805599453,0.5178051870598472,3.5543167012261465,4.072121888285993,0.8728414322396922,0.37284143223969224,1.9263190311863647,1.9263190311863647,0.38094934415960546,-0.3121978364003398,1.4646068127244693e-06,0.9999963384829682,64.0,1193.4395940670818,239.00577916257342,0.3429904994856439,10.0,0.06312568644546193,1.3333333333333333,112.0,,False,False,False,False,resistant-enriched,resistant-dominant,True,0.386863179846857,0.92708042258928,0.7291957741072002,2.4178948740428563,0.95,0.9,0.8,0.02,0.35,6.25,1.38,3.0,0.7943282347242815,2.0,1.0,0.7,10.0,i_db,i,d_b,0.7943282347242815,6.25
0.5,0.6931471805599453,0.8592577570028664,3.2174747678852014,4.076732524888068,0.7892288121045031,0.28922881210450313,1.320283153957496,1.3202831539574962,0.5149766462296385,-0.17817053433030683,2.2039863568592105e-07,0.9999994490034108,69.33333333333333,1157.9981529944464,268.20500567421266,0.25164076349476727,9.999999999999998,0.04925861168409349,1.3333333333333333,120.0,,False,False,False,False,resistant-enriched,mixed,True,0.5,0.935,0.65,3.125,0.95,0.9,0.8,0.02,0.35,6.25,1.38,3.0,1.0,2.0,1.0,0.7,10.0,i_db,i,d_b,1.0,6.25
0.5,0.6931471805599453,1.4462411267045963,2.631540161308317,4.077781288012913,0.6453362687802848,0.14533626878028483,0.59860142332476,0.5986014233247601,0.6502859654040813,-0.04286121515586394,3.851142099581468e-08,0.9999999037214475,74.66666666666666,1127.1569866447535,295.27316913984924,0.19601778918801746,10.0,0.03999626002283728,1.3333333333333333,129.33333333333331,,False,False,False,False,resistant-enriched,mixed,True,0.6131368201531432,0.9429195774107201,0.5708042258927998,3.832105125957145,0.95,0.9,0.8,0.02,0.35,6.25,1.38,3.0,1.2589254117941675,2.0,1.0,0.7,10.0,i_db,i,d_b,1.2589254117941675,6.25
0.5,0.6931471805599453,2.1650103028645518,1.908582649380202,4.073592952244754,0.4685256165146489,-0.03147438348535109,-0.12606422206984455,-0.12606422206984455,0.6911645963682633,-0.0019825841916819575,8.85214637162792e-09,0.999999977869634,78.66666666666666,1101.3614952658645,318.7247361038124,0.16175147482771784,10.0,0.034041923604484915,1.3333333333333333,137.33333333333331,132.0,False,False,False,True,susceptible-enriched,mixed,True,0.7152527510491987,0.9500676925734439,0.4993230742655609,4.470329694057492,0.95,0.9,0.8,0.02,0.35,6.25,1.38,3.0,1.584893192461114,2.0,1.0,0.7,10.0,i_db,i,d_b,1.584893192461114,6.25
0.5,0.6931471805599453,2.7725669340814787,1.2917702934767916,4.06433722755827,0.3178304902255485,-0.1821695097744515,-0.7637599839633565,-0.7637599839633565,0.625223314082976,-0.06792386647696924,2.86002850947835e-09,0.9999999928499287,81.33333333333333,1080.8217107871856,337.63830068576027,0.13992522298732588,10.0,0.030272371402067712,1.3333333333333333,146.66666666666666,136.0,False,False,False,True,susceptible-enriched,mixed,True,0.7992399910868984,0.9559467993760828,0.4405320062391712,4.995249944293115,0.95,0.9,0.8,0.02,0.35,6.25,1.38,3.0,1.9952623149688797,2.0,1.0,0.7,10.0,i_db,i,d_b,1.9952623149688797,6.25
0.5,0.6931471805599453,3.1657955171147916,0.8880029551731662,4.053798472287958,0.21905453890804263,-0.2809454610919574,-1.271184580330786,-1.271184580330786,0.5257087158407852,-0.16743846471916013,1.2762809776758986e-09,0.9999999968092975,84.0,1065.3982956883683,351.98794364745675,0.12567986957275584,10.000000000000002,0.0278970319563287,1.3333333333333333,156.0,138.66666666666666,False,False,False,True,susceptible-enriched,mixed,True,0.8631931113967901,0.9604235177977754,0.39576482202224694,5.3949569462299385,0.95,0.9,0.8,0.02,0.35,6.25,1.38,3.0,2.511886431509581,2.0,1.0,0.7,10.0,i_db,i,d_b,2.511886431509581,6.25
0.5,0.6931471805599453,3.391667825990242,0.6539400920420085,4.045607918032251,0.16164198441654215,-0.33835801558345785,-1.646061318578738,-1.6460613185787383,0.4423826615083307,-0.25076451905161457,7.388817751938487e-10,0.9999999981527956,85.33333333333333,1054.8245038813523,362.36917001327424,0.11613746289254719,10.0,0.026401406118721254,1.3333333333333333,164.0,141.33333333333331,False,False,False,True,susceptible-enriched,susceptible-dominant,True,0.9090909090909091,0.9636363636363636,0.36363636363636365,5.681818181818182,0.95,0.9,0.8,0.02,0.35,6.25,1.38,3.0,3.1622776601683795,2.0,1.0,0.7,10.0,i_db,i,d_b,3.1622776601683795,6.25
0.5,0.6931471805599453,3.518700073451368,0.5216973124590487,4.040397385910417,0.12912029749308815,-0.3708797025069118,-1.9087593445615858,-1.9087593445615858,0.38471100030936073,-0.30843618025058456,5.168359873311762e-10,0.99999999870791,86.66666666666666,1047.8963241146587,369.605930176171,0.1101003581773755,10.0,0.025459392311023094,1.3333333333333333,172.0,142.66666666666666,False,False,False,True,susceptible-enriched,susceptible-dominant,True,0.9406490568972324,0.9658454339828063,0.3415456601719373,5.879056605607703,0.95,0.9,0.8,0.02,0.35,6.25,1.38,3.0,3.981071705534973,2.0,1.0,0.7,10.0,i_db,i,d_b,3.981071705534973,6.25
0.5,0.6931471805599453,3.5914529289062056,0.4458721030735957,4.037325031979801,0.11043750491769334,-0.38956249508230667,-2.086279968693516,-2.086279968693516,0.3474290699817839,-0.3457181105781614,4.088442425662381e-10,0.9999999989778894,86.66666666666666,1043.449442288471,374.5047724173122,0.1061793485902463,10.000000000000002,0.024865779241238836,1.3333333333333333,177.33333333333331,142.66666666666666,False,False,False,True,susceptible-enriched,susceptible-dominant,True,0.9617134961177453,0.9673199447282421,0.32680055271757835,6.010709350735908,0.95,0.9,0.8,0.02,0.35,6.25,1.38,3.0,5.011872336272725,2.0,1.0,0.7,10.0,i_db,i,d_b,5.011872336272725,6.25
0.5,0.6931471805599453,3.6342113604244832,0.4013311356101582,4.035542496034641,0.09944911644580862,-0.4005508835541914,-2.2033605480555196,-2.203360548055519,0.32387086978792445,-0.36927631077202083,3.527465692412059e-10,0.9999999991181335,86.66666666666666,1040.6954276389167,377.7475729610257,0.1038979669315218,10.0,0.02449155885004808,1.3333333333333333,181.33333333333331,144.0,False,False,False,True,susceptible-enriched,susceptible-dominant,True,0.975496632449664,0.9682847642714765,0.3171523572852353,6.0968539528104,0.95,0.9,0.8,0.02,0.35,6.25,1.38,3.0,6.309573444801933,2.0,1.0,0.7,10.0,i_db,i,d_b,6.309573444801933,6.25
0.5,0.6931471805599453,3.6598877669172185,0.3745884837726108,4.0344762506898295,0.09284686796918491,-0.4071531320308151,-2.279359714343053,-2.279359714343053,0.30907542001860494,-0.38407176054134035,3.214338502597536e-10,0.9999999991964154,88.0,1038.903640308542,379.85986338537805,0.10236007989871604,10.0,0.024255575827784554,1.3333333333333333,185.33333333333331,144.0,False,False,False,True,susceptible-enriched,susceptible-dominant,True,0.9843983377581705,0.9689078836430719,0.3109211635692807,6.152489610988566,0.95,0.9,0.8,0.02,0.35,6.25,1.38,3.0,7.943282347242818,2.0,1.0,0.7,10.0,i_db,i,d_b,7.943282347242818,6.25
0.5,0.6931471805599453,3.675593331369944,0.3582682865300159,4.03386161789996,0.08881521491471774,-0.4111847850852823,-2.3281877398750077,-2.3281877398750077,0.29978805913498274,-0.39335912142496254,3.023127607967584e-10,0.9999999992442181,88.0,1037.796490230171,381.2205724966608,0.1013286005109995,10.0,0.024106735249726754,1.3333333333333333,186.66666666666666,144.0,False,False,False,True,susceptible-enriched,susceptible-dominant,True,0.9900990099009901,0.9693069306930693,0.306930693069307,6.188118811881188,0.95,0.9,0.8,0.02,0.35,6.25,1.38,3.0,10.0,2.0,1.0,0.7,10.0,i_db,i,d_b,10.0,6.25
0.5,0.6931471805599453,1.6436105363720133,2.437467661454527,4.081078197826541,0.5972607098664879,0.09726070986648794,0.39406428815455474,0.3940642881545545,0.674106732649671,-0.01904044791027426,0.07477774825402023,0.8130556293649495,8.0,1575.9660244868903,39.74509328657098,12.181788036785878,10.0,0.5130957819362186,8.0,86.66666666666666,,False,False,False,False,resistant-enriched,mixed,True,0.009900990099009903,0.9006930693069307,0.9930693069306931,0.06930693069306931,0.95,0.9,0.8,0.02,0.35,7.0,1.38,3.0,0.1,2.0,1.0,0.7,10.0,i_db,i,d_b,0.1,7.0
0.5,0.6931471805599453,1.6007286847062214,2.4683306263917046,4.069059311097926,0.606609645541316,0.10660964554131602,0.4330831088719787,0.4330831088719787,0.6702405005720029,-0.02290667998794238,0.06896292606419037,0.8275926848395241,8.0,1567.1642884324965,41.81883244066931,8.069380698026933,10.000000000000002,0.436738937428535,6.666666666666666,61.33333333333333,,False,False,False,False,resistant-enriched,mixed,True,0.015601662241829605,0.9010921163569281,0.9890788364307193,0.10921163569280724,0.95,0.9,0.8,0.02,0.35,7.0,1.38,3.0,0.12589254117941673,2.0,1.0,0.7,10.0,i_db,i,d_b,0.12589254117941673,7.0
0.5,0.6931471805599453,1.5201670150004787,2.52881844421747,4.048985459217949,0.6245560695853684,0.12455606958536836,0.5089319684448548,0.5089319684448548,0.6617895888302432,-0.031357591729702095,0.05820457921896038,0.8544885519525991,9.333333333333332,1551.4652081262714,45.681954309987226,5.512630737775518,9.999999999999998,0.36182660108735587,5.333333333333333,46.666666666666664,,False,False,False,False,resistant-enriched,mixed,True,0.02450336755033599,0.9017152357285235,0.9828476427147648,0.17152357285235192,0.95,0.9,0.8,0.02,0.35,7.0,1.38,3.0,0.15848931924611134,2.0,1.0,0.7,10.0,i_db,i,d_b,0.15848931924611134,7.0
0.5,0.6931471805599453,1.3588657475515515,2.661602071032959,4.02046781858451,0.6620130271233041,0.16201302712330412,0.6722778812220428,0.6722778812220426,0.6396912108109497,-0.05345596974899558,0.04210174117704768,0.8947456470573808,12.0,1523.2210415292766,53.63649360150464,3.8996722369008356,9.999999999999998,0.2914520906270105,4.0,40.0,,False,False,False,False,resistant-enriched,mixed,True,0.038286503882254734,0.9026800552717579,0.9731994472824217,0.26800552717578313,0.95,0.9,0.8,0.02,0.35,7.0,1.38,3.0,0.19952623149688797,2.0,1.0,0.7,10.0,i_db,i,d_b,0.19952623149688797,7.0
0.5,0.6931471805599453,1.0346398996702584,2.967204239308122,4.00184413897838,0.7414592213642812,0.24145922136428122,1.0535667327614702,1.0535667327614702,0.5715250771378221,-0.1216221034221232,0.019398075266750955,0.9515048118331226,17.333333333333332,1475.062703880143,71.89115992742869,2.7245895328195133,10.000000000000002,0.22500418725597,2.6666666666666665,42.666666666666664,,False,False,False,False,resistant-enriched,mixed,True,0.059350943102767596,0.9041545660171938,0.9584543398280627,0.41545660171937315,0.95,0.9,0.8,0.02,0.35,7.0,1.38,3.0,0.251188643150958,2.0,1.0,0.7,10.0,i_db,i,d_b,0.251188643150958,7.0
0.5,0.6931471805599453,0.5805790284619998,3.439019446402542,4.019598474864542,0.8555629294586283,0.35556292945862833,1.7789157346040492,1.7789157346040492,0.412937007112137,-0.2802101734478083,0.0036236581306330756,0.9909408546734173,29.333333333333332,1398.2356817241312,108.83794486860549,1.716290713813919,10.0,0.173768093586276,2.6666666666666665,60.0,,False,False,False,False,resistant-enriched,resistant-dominant,True,0.09090909090909091,0.9063636363636364,0.9363636363636364,0.6363636363636364,0.95,0.9,0.8,0.02,0.35,7.0,1.38,3.0,0.31622776601683794,2.0,1.0,0.7,10.0,i_db,i,d_b,0.31622776601683794,7.0
0.5,0.6931471805599453,0.35200772544413556,3.6915371312156653,4.043544856659801,0.9129457597423777,0.4129457597423777,2.35014509437812,2.3501450943781204,0.2956689046636434,-0.3974782758963019,0.0004165818693030999,0.9989585453267422,41.33333333333333,1324.2552812190936,149.16730858310945,1.0393657734008181,10.000000000000002,0.12509467085148449,2.6666666666666665,77.33333333333333,,False,False,False,False,resistant-enriched,resistant-dominant,True,0.13680688860321005,0.9095764822022248,0.904235177977753,0.9576482202224703,0.95,0.9,0.8,0.02,0.35,7.0,1.38,3.0,0.3981071705534973,2.0,1.0,0.7,10.0,i_db,i,d_b,0.3981071705534973,7.0
0.5,0.6931471805599453,0.30499535606692757,3.751966788018654,4.056962144085581,0.9248217397069965,0.42482173970699655,2.5097389077981216,2.5097389077981216,0.26683207874960757,-0.4263151018103377,5.546704906657389e-05,0.9998613323773335,50.666666666666664,1270.9287310807335,182.53938132522558,0.6593304661209659,9.999999999999998,0.09844967382726617,1.3333333333333333,92.0,,False,False,False,False,resistant-enriched,resistant-dominant,True,0.2007600089131018,0.9140532006239172,0.8594679937608287,1.4053200623917126,0.95,0.9,0.8,0.02,0.35,7.0,1.38,3.0,0.5011872336272724,2.0,1.0,0.7,10.0,i_db,i,d_b,0.5011872336272724,7.0
0.5,0.6931471805599453,0.35186169433002906,3.7140194594168277,4.065881153746857,0.9134599165531988,0.4134599165531988,2.356631796823637,2.356631796823637,0.2944588954557246,-0.39868828510422066,8.276080492626233e-06,0.9999793097987685,57.33333333333333,1227.9826816389693,212.8014266721766,0.437139226178982,10.0,0.07497608576307192,1.3333333333333333,102.66666666666666,,False,False,False,False,resistant-enriched,resistant-dominant,True,0.2847472489508015,0.9199323074265561,0.8006769257344389,1.9932307426556104,0.95,0.9,0.8,0.02,0.35,7.0,1.38,3.0,0.6309573444801934,2.0,1.0,0.7,10.0,i_db,i,d_b,0.6309573444801934,7.0
0.5,0.6931471805599453,0.5097389213181704,3.5628534657003708,4.072592387018541,0.8748367445406587,0.37483674454065874,1.9444183624381575,1.9444183624381575,0.3770877199178009,-0.3160594606421444,1.2485279664659441e-06,0.9999968786800838,64.0,1189.824320292902,242.17300754888322,0.3037096368211405,10.0,0.056706000421691063,1.3333333333333333,112.0,,False,False,False,False,resistant-enriched,resistant-dominant,True,0.386863179846857,0.92708042258928,0.7291957741072002,2.708042258927999,0.95,0.9,0.8,0.02,0.35,7.0,1.38,3.0,0.7943282347242815,2.0,1.0,0.7,10.0,i_db,i,d_b,0.7943282347242815,7.0
0.5,0.6931471805599453,0.8534684869533121,3.2235990703460944,4.077067557299406,0.7906660915085161,0.2906660915085161,1.3289451186477206,1.3289451186477208,0.5130728108245247,-0.18007436973542057,1.9449108273974317e-07,0.9999995137722931,70.66666666666666,1155.3577295793887,270.81144624594003,0.22290179389159073,9.999999999999998,0.04392861642384266,1.3333333333333333,121.33333333333333,,False,False,False,False,resistant-enriched,mixed,True,0.5,0.935,0.65,3.5,0.95,0.9,0.8,0.02,0.35,7.0,1.38,3.0,1.0,2.0,1.0,0.7,10.0,i_db,i,d_b,1.0,7.0
0.5,0.6931471805599453,1.4433801782196747,2.6346788278609328,4.078059006080608,0.6460619681893969,0.14606196818939687,0.6017735787437608,0.6017735787437609,0.64985040986655,-0.043296770693395326,3.476140631656758e-08,0.9999999130964842,74.66666666666666,1125.0048713031315,297.5156565369209,0.17372488509578585,10.0,0.03555641022261907,1.3333333333333333,129.33333333333331,,False,False,False,False,resistant-enriched,mixed,True,0.6131368201531432,0.9429195774107201,0.5708042258927998,4.291957741072002,0.95,0.9,0.8,0.02,0.35,7.0,1.38,3.0,1.2589254117941675,2.0,1.0,0.7,10.0,i_db,i,d_b,1.2589254117941675,7.0
0.5,0.6931471805599453,2.165176994094251,1.9086757156756644,4.073852709769915,0.4685185871100046,-0.0314814128899954,-0.12609245157415144,-0.12609245157415144,0.6911637101126169,-0.0019834704473283837,8.101768047285552e-09,0.9999999797455799,78.66666666666666,1099.6428895091613,320.7322031103684,0.1434198350756022,10.0,0.030231357289644288,1.3333333333333333,138.66666666666666,133.33333333333331,False,False,False,True,susceptible-enriched,mixed,True,0.7152527510491987,0.9500676925734439,0.4993230742655609,5.006769257344391,0.95,0.9,0.8,0.02,0.35,7.0,1.38,3.0,1.584893192461114,2.0,1.0,0.7,10.0,i_db,i,d_b,1.584893192461114,7.0
0.5,0.6931471805599453,2.7744187599499974,1.2901734978491153,4.064592257799113,0.31741769309665413,-0.18258230690334587,-0.7656645655988872,-0.7656645655988872,0.624907643097031,-0.06823953746291433,2.6440436292046337e-09,0.9999999933898909,81.33333333333333,1079.2581115344979,339.495896798815,0.12419830776409631,10.000000000000002,0.02687743887233785,1.3333333333333333,146.66666666666666,136.0,False,False,False,True,susceptible-enriched,mixed,True,0.7992399910868984,0.9559467993760828,0.4405320062391712,5.594679937608289,0.95,0.9,0.8,0.02,0.35,7.0,1.38,3.0,1.9952623149688797,2.0,1.0,0.7,10.0,i_db,i,d_b,1.9952623149688797,7.0
0.5,0.6931471805599453,3.168098663028116,0.8859682512595413,4.054066914287658,0.21853814206596914,-0.2814618579340309,-1.2742057799117836,-1.2742057799117836,0.5250515002897568,-0.1680956802701885,1.1845118675806166e-09,0.9999999970387203,84.0,1064.020694872477,353.74982254275795,0.11143083283278014,10.0,0.024768861561945688,1.3333333333333333,156.0,140.0,False,False,False,True,susceptible-enriched,mixed,True,0.8631931113967901,0.9604235177977754,0.39576482202224694,6.042351779777531,0.95,0.9,0.8,0.02,0.35,7.0,1.38,3.0,2.511886431509581,2.0,1.0,0.7,10.0,i_db,i,d_b,2.511886431509581,7.0
0.5,0.6931471805599453,3.3939343296942712,0.6519623355137915,4.045896665208063,0.1611416181535778,-0.3388583818464222,-1.6497583040248303,-1.6497583040248305,0.4415581034202963,-0.251589077139649,6.885693649984647e-10,0.9999999982785766,85.33333333333333,1053.52881911725,364.0713423497227,0.10317429253652016,9.999999999999998,0.023442559507518213,1.3333333333333333,165.33333333333331,141.33333333333331,False,False,False,True,susceptible-enriched,susceptible-dominant,True,0.9090909090909091,0.9636363636363636,0.36363636363636365,6.363636363636363,0.95,0.9,0.8,0.02,0.35,7.0,1.38,3.0,3.1622776601683795,2.0,1.0,0.7,10.0,i_db,i,d_b,3.1622776601683795,7.0
0.5,0.6931471805599453,3.520835461621732,0.5198719144588171,4.040707376080549,0.1286586397065675,-0.3713413602934325,-1.9128711245957184,-1.9128711245957184,0.38382885806047595,-0.30931832249946933,4.822651031059397e-10,0.9999999987943372,86.66666666666666,1046.658518822723,371.2705990755919,0.09780080668345124,10.0,0.02260758499390067,1.3333333333333333,172.0,142.66666666666666,False,False,False,True,susceptible-enriched,susceptible-dominant,True,0.9406490568972324,0.9658454339828063,0.3415456601719373,6.584543398280627,0.95,0.9,0.8,0.02,0.35,7.0,1.38,3.0,3.981071705534973,2.0,1.0,0.7,10.0,i_db,i,d_b,3.981071705534973,7.0
0.5,0.6931471805599453,3.593471689107334,0.44417781571593384,4.037649504823268,0.11000900776189983,-0.3899909922381002,-2.090649090409921,-2.090649090409921,0.3465341694022701,-0.3466130111576752,3.8278561209863075e-10,0.9999999990430359,86.66666666666666,1042.300800890622,376.14588451438715,0.09428154532418039,10.000000000000002,0.022081542154895606,1.3333333333333333,178.66666666666666,144.0,False,False,False,True,susceptible-enriched,susceptible-dominant,True,0.9617134961177453,0.9673199447282421,0.32680055271757835,6.7319944728242165,0.95,0.9,0.8,0.02,0.35,7.0,1.38,3.0,5.011872336272725,2.0,1.0,0.7,10.0,i_db,i,d_b,5.011872336272725,7.0
0.5,0.6931471805599453,3.636142367604965,0.3997291038277153,4.035871471432681,0.09904406189769388,-0.4009559381023061,-2.207891532291321,-2.2078915322913204,0.3229774714843358,-0.3701697090756095,3.309611212510045e-10,0.9999999991725972,86.66666666666666,1039.511985075689,379.37416195977863,0.0922352356835623,10.0,0.021749956658056586,1.3333333333333333,182.66666666666666,144.0,False,False,False,True,susceptible-enriched,susceptible-dominant,True,0.975496632449664,0.9682847642714765,0.3171523572852353,6.828476427147648,0.95,0.9,0.8,0.02,0.35,7.0,1.38,3.0,6.309573444801933,2.0,1.0,0.7,10.0,i_db,i,d_b,6.309573444801933,7.0
0.5,0.6931471805599453,3.661775911045304,0.3730497511461929,4.034825662191497,0.09245746467855383,-0.4075425353214462,-2.283991738472219,-2.283991738472219,0.30818692854981383,-0.38496025201013145,3.0084650009215063e-10,0.9999999992478837,88.0,1037.765203392344,381.47715664189803,0.09078412726843231,10.0,0.021540872267587278,1.3333333333333333,185.33333333333331,144.0,False,False,False,True,susceptible-enriched,susceptible-dominant,True,0.9843983377581705,0.9689078836430719,0.3109211635692807,6.890788364307194,0.95,0.9,0.8,0.02,0.35,7.0,1.38,3.0,7.943282347242818,2.0,1.0,0.7,10.0,i_db,i,d_b,7.943282347242818,7.0
0.5,0.6931471805599453,3.677418391412139,0.3567676604448322,4.034186051856971,0.08843609487981074,-0.41156390512018926,-2.3328815020757556,-2.3328815020757556,0.29890450734079715,-0.39424267321914813,2.8319653488256676e-10,0.9999999992920087,88.0,1036.686927448812,382.832041274456,0.0899265844940337,10.0,0.021409001991011756,1.3333333333333333,186.66666666666666,144.0,False,False,False,True,susceptible-enriched,susceptible-dominant,True,0.9900990099009901,0.9693069306930693,0.306930693069307,6.930693069306931,0.95,0.9,0.8,0.02,0.35,7.0,1.38,3.0,10.0,2.0,1.0,0.7,10.0,i_db,i,d_b,10.0,7.0
0.5,0.6931471805599453,1.6355911140689452,2.4433444698773275,4.078935583946272,0.5990152135507495,0.09901521355074949,0.40136350848368324,0.401363508483683,0.6734089436787398,-0.019738236881205462,0.07360513974101571,0.8159871506474607,8.0,1574.4598452290504,40.09117409463216,11.088668876491534,10.0,0.4952570071442092,8.0,80.0,,False,False,False,False,resistant-enriched,mixed,True,0.009900990099009903,0.9006930693069307,0.9930693069306931,0.07673267326732675,0.95,0.9,0.8,0.02,0.35,7.75,1.38,3.0,0.1,2.0,1.0,0.7,10.0,i_db,i,d_b,0.1,7.75
0.5,0.6931471805599453,1.5861516500525297,2.479269122742869,4.065420772795399,0.609843177693539,0.10984317769353902,0.4466530715890053,0.4466530715890053,0.6688181836998692,-0.024328996860076058,0.067741036558571,0.8306474086035724,8.0,1564.5048765250858,42.44503070163834,7.38369569841414,10.000000000000002,0.4187340892149496,5.333333333333333,57.33333333333333,,False,False,False,False,resistant-enriched,mixed,True,0.015601662241829605,0.9010921163569281,0.9890788364307193,0.12091288237417944,0.95,0.9,0.8,0.02,0.35,7.75,1.38,3.0,0.12589254117941673,2.0,1.0,0.7,10.0,i_db,i,d_b,0.12589254117941673,7.75
0.5,0.6931471805599453,1.4919438118574,2.551246393688461,4.04319020554586,0.6309983611923654,0.1309983611923654,0.536502180134589,0.536502180134589,0.658422197297313,-0.03472498326263229,0.05572401869014461,0.8606899532746385,9.333333333333332,1546.555677073325,46.91231700594688,5.081730296941759,9.999999999999998,0.3437643934065069,5.333333333333333,44.0,,False,False,False,False,resistant-enriched,mixed,True,0.02450336755033599,0.9017152357285235,0.9828476427147648,0.18990109851510392,0.95,0.9,0.8,0.02,0.35,7.75,1.38,3.0,0.15848931924611134,2.0,1.0,0.7,10.0,i_db,i,d_b,0.15848931924611134,7.75
0.5,0.6931471805599453,1.3017510218338433,2.712523106799005,4.014274128632849,0.6757194501120969,0.1757194501120969,0.7341689394359654,0.7341689394359652,0.6300540110995668,-0.06309316946037846,0.037719499165536005,0.90570125208616,12.0,1514.8002382838936,56.34009695103314,3.6048432828258683,9.999999999999998,0.27569581801030724,4.0,38.666666666666664,,False,False,False,False,resistant-enriched,mixed,True,0.038286503882254734,0.9026800552717579,0.9731994472824217,0.2967204050874742,0.95,0.9,0.8,0.02,0.35,7.75,1.38,3.0,0.19952623149688797,2.0,1.0,0.7,10.0,i_db,i,d_b,0.19952623149688797,7.75
0.5,0.6931471805599453,0.9320845555701847,3.070305403487059,4.002389959057243,0.7671180057153313,0.2671180057153313,1.1921087801655978,1.1921087801655978,0.5427353059729749,-0.15041187458697036,0.014939066848069562,0.9626523328798261,20.0,1461.2673036410042,78.02693717362948,2.4736990157879757,10.000000000000002,0.21316231482082204,2.6666666666666665,45.33333333333333,,False,False,False,False,resistant-enriched,mixed,True,0.059350943102767596,0.9041545660171938,0.9584543398280627,0.45996980904644885,0.95,0.9,0.8,0.02,0.35,7.75,1.38,3.0,0.251188643150958,2.0,1.0,0.7,10.0,i_db,i,d_b,0.251188643150958,7.75
0.5,0.6931471805599453,0.5014560408805256,3.5235227074068773,4.024978748287403,0.8754139904232063,0.37541399042320633,1.949700589019318,1.9497005890193182,0.37596378885933945,-0.31718339170060583,0.0024039912290000328,0.9939900219275,32.0,1382.0878858726342,117.24332215869416,1.523582956612346,10.0,0.16139893821478188,2.6666666666666665,62.666666666666664,,False,False,False,False,resistant-enriched,resistant-dominant,True,0.09090909090909091,0.9063636363636364,0.9363636363636364,0.7045454545454546,0.95,0.9,0.8,0.02,0.35,7.75,1.38,3.0,0.31622776601683794,2.0,1.0,0.7,10.0,i_db,i,d_b,0.31622776601683794,7.75
0.5,0.6931471805599453,0.3225081114334394,3.72359797921505,4.04610609064849,0.9202917313070875,0.4202917313070875,2.446317390894494,2.4463173908944946,0.2780562838591201,-0.41509089670082516,0.000296576332744136,0.9992585591681397,44.0,1314.096404279443,155.29330880394318,0.9270944957984134,10.000000000000002,0.11786898120418864,1.3333333333333333,80.0,,False,False,False,False,resistant-enriched,resistant-dominant,True,0.13680688860321005,0.9095764822022248,0.904235177977753,1.060253386674878,0.95,0.9,0.8,0.02,0.35,7.75,1.38,3.0,0.3981071705534973,2.0,1.0,0.7,10.0,i_db,i,d_b,0.3981071705534973,7.75
0.5,0.6931471805599453,0.29096299665478975,3.767141247630754,4.058104244285544,0.9283007583985768,0.42830075839857684,2.5608756032176663,2.5608756032176663,0.25801234418714036,-0.4351348363728049,4.35434703318313e-05,0.9998911413241705,52.0,1264.6944536474703,186.921623994467,0.5903407051693235,10.0,0.09142367934369991,1.3333333333333333,93.33333333333333,,False,False,False,False,resistant-enriched,resistant-dominant,True,0.2007600089131018,0.9140532006239172,0.8594679937608287,1.555890069076539,0.95,0.9,0.8,0.02,0.35,7.75,1.38,3.0,0.5011872336272724,2.0,1.0,0.7,10.0,i_db,i,d_b,0.5011872336272724,7.75
0.5,0.6931471805599453,0.3431123457194917,3.723372669946064,4.066485015665555,0.915624342792928,0.41562434279292804,2.3843272361531467,2.3843272361531467,0.2893282820929216,-0.4038188984670237,6.938471463186979e-06,0.999982653821342,58.666666666666664,1223.8241146118187,216.09188918095387,0.39181522445945943,10.0,0.06858217886134692,1.3333333333333333,104.0,,False,False,False,False,resistant-enriched,resistant-dominant,True,0.2847472489508015,0.9199323074265561,0.8006769257344389,2.206791179368712,0.95,0.9,0.8,0.02,0.35,7.75,1.38,3.0,0.6309573444801934,2.0,1.0,0.7,10.0,i_db,i,d_b,0.6309573444801934,7.75
0.5,0.6931471805599453,0.5033253637680716,3.569638307748112,4.072963671516184,0.8764228202456061,0.37642282024560614,1.9589827478426274,1.9589827478426274,0.3739921961468269,-0.3191549844131184,1.0967546728883065e-06,0.9999972581133177,65.33333333333333,1186.9533699432513,244.75472139774385,0.2723253474338318,10.0,0.05134156195585283,1.3333333333333333,113.33333333333333,,False,False,False,False,resistant-enriched,resistant-dominant,True,0.386863179846857,0.92708042258928,0.7291957741072002,2.9981896438131415,0.95,0.9,0.8,0.02,0.35,7.75,1.38,3.0,0.7943282347242815,2.0,1.0,0.7,10.0,i_db,i,d_b,0.7943282347242815,7.75
0.5,0.6931471805599453,0.8488251492810351,3.228508569847325,4.07733371912836,0.7918185736676727,0.2918185736676727,1.3359223504194397,1.33592235041944,0.5115372074405704,-0.18160997311937488,1.7549353821368965e-07,0.9999995612661544,70.66666666666666,1153.1562472359878,272.9308390518486,0.19997839882243496,9.999999999999998,0.03957028520145885,1.3333333333333333,121.33333333333333,,False,False,False,False,resistant-enriched,mixed,True,0.5,0.935,0.65,3.875,0.95,0.9,0.8,0.02,0.35,7.75,1.38,3.0,1.0,2.0,1.0,0.7,10.0,i_db,i,d_b,1.0,7.75
0.5,0.6931471805599453,1.441075421712011,2.6372052734340756,4.078280695146087,0.6466463371618439,0.14664633716184394,0.6043300923992518,0.604330092399252,0.6494980051782264,-0.04364917538171886,3.2010168751746566e-08,0.9999999199745782,76.0,1123.3415013522717,299.3362546991797,0.1559495812168764,10.000000000000002,0.03197050195606478,1.3333333333333333,130.66666666666666,,False,False,False,False,resistant-enriched,mixed,True,0.6131368201531432,0.9429195774107201,0.5708042258927998,4.751810356186859,0.95,0.9,0.8,0.02,0.35,7.75,1.38,3.0,1.2589254117941675,2.0,1.0,0.7,10.0,i_db,i,d_b,1.2589254117941675,7.75
0.5,0.6931471805599453,2.1653091620619245,1.9087488852752093,4.074058047337134,0.4685129330748727,-0.031487066925127316,-0.12611515774531654,-0.12611515774531654,0.6911629971172751,-0.001984183442670151,7.549875786377568e-09,0.9999999811253105,78.66666666666666,1098.1942767146556,322.36093929435987,0.1288140732409547,9.999999999999998,0.02717173670283711,1.3333333333333333,138.66666666666666,133.33333333333331,False,False,False,True,susceptible-enriched,mixed,True,0.7152527510491987,0.9500676925734439,0.4993230742655609,5.54320882063129,0.95,0.9,0.8,0.02,0.35,7.75,1.38,3.0,1.584893192461114,2.0,1.0,0.7,10.0,i_db,i,d_b,1.584893192461114,7.75
0.5,0.6931471805599453,2.7759116213948563,1.2888884823988673,4.064800103793724,0.31708533002543793,-0.18291466997456207,-0.7671990000685771,-0.7671990000685771,0.6246529094996454,-0.06849427106029993,2.4750720950211268e-09,0.9999999938123197,82.66666666666666,1078.0153579832809,341.0013495778129,0.11158425632499301,10.000000000000002,0.024158395369260517,1.3333333333333333,148.0,137.33333333333331,False,False,False,True,susceptible-enriched,mixed,True,0.7992399910868984,0.9559467993760828,0.4405320062391712,6.194109930923462,0.95,0.9,0.8,0.02,0.35,7.75,1.38,3.0,1.9952623149688797,2.0,1.0,0.7,10.0,i_db,i,d_b,1.9952623149688797,7.75
0.5,0.6931471805599453,3.1699514454555127,0.8843307662644352,4.054282211719948,0.21812264664458955,-0.2818773533554104,-1.276640387227111,-1.276640387227111,0.5245215679538265,-0.16862561260611875,1.1159906481995554e-09,0.9999999972100234,84.0,1062.941833664985,355.1773950934197,0.1001050004392814,10.0,0.022266070807425372,1.3333333333333333,156.0,140.0,False,False,False,True,susceptible-enriched,mixed,True,0.8631931113967901,0.9604235177977754,0.39576482202224694,6.6897466133251235,0.95,0.9,0.8,0.02,0.35,7.75,1.38,3.0,2.511886431509581,2.0,1.0,0.7,10.0,i_db,i,d_b,2.511886431509581,7.75
0.5,0.6931471805599453,3.395758752480862,0.6503713609367832,4.046130113417645,0.16073911186890477,-0.33926088813109523,-1.6527389819161127,-1.652738981916113,0.4408934656660248,-0.2522537148939205,6.508405154358641e-10,0.9999999983728987,85.33333333333333,1052.4695318492986,365.4501681254281,0.09272109671704813,10.0,0.021076260863186053,1.3333333333333333,165.33333333333331,141.33333333333331,False,False,False,True,susceptible-enriched,susceptible-dominant,True,0.9090909090909091,0.9636363636363636,0.36363636363636365,7.045454545454545,0.95,0.9,0.8,0.02,0.35,7.75,1.38,3.0,3.1622776601683795,2.0,1.0,0.7,10.0,i_db,i,d_b,3.1622776601683795,7.75
0.5,0.6931471805599453,3.5225425426349752,0.5184021675192854,4.04094471015426,0.12828736958875533,-0.3717126304112447,-1.916186994897267,-1.916186994897267,0.3831180508836783,-0.310029129676267,4.5630368475374083e-10,0.9999999988592407,86.66666666666666,1045.6497607784474,372.6187579105001,0.08787741703572174,10.0,0.02032731147698159,1.3333333333333333,172.0,142.66666666666666,False,False,False,True,susceptible-enriched,susceptible-dominant,True,0.9406490568972324,0.9658454339828063,0.3415456601719373,7.290030190953551,0.95,0.9,0.8,0.02,0.35,7.75,1.38,3.0,3.981071705534973,2.0,1.0,0.7,10.0,i_db,i,d_b,3.981071705534973,7.75
0.5,0.6931471805599453,3.5950805464693376,0.44281401664566344,4.037894563115001,0.10966458131191473,-0.3903354186880853,-2.094171820133507,-2.094171820133507,0.34581348817518864,-0.34733369238475664,3.631493275012274e-10,0.9999999990921267,86.66666666666666,1041.3476703579784,377.4749956677785,0.08483153644308086,10.0,0.019855482385546474,1.3333333333333333,178.66666666666666,144.0,False,False,False,True,susceptible-enriched,susceptible-dominant,True,0.9617134961177453,0.9673199447282421,0.32680055271757835,7.453279594912526,0.95,0.9,0.8,0.02,0.35,7.75,1.38,3.0,5.011872336272725,2.0,1.0,0.7,10.0,i_db,i,d_b,5.011872336272725,7.75
0.5,0.6931471805599453,3.637694061654917,0.3984419583908729,4.03613602004579,0.09871866468621951,-0.4012813353137805,-2.211543422928673,-2.2115434229286723,0.32225843586909086,-0.3708887446908544,3.1371249444795103e-10,0.9999999992157188,88.0,1038.568922094844,380.6911853846476,0.08285672565387629,10.0,0.019558071688968632,1.3333333333333333,182.66666666666666,144.0,False,False,False,True,susceptible-enriched,susceptible-dominant,True,0.975496632449664,0.9682847642714765,0.3171523572852353,7.560098901484896,0.95,0.9,0.8,0.02,0.35,7.75,1.38,3.0,6.309573444801933,2.0,1.0,0.7,10.0,i_db,i,d_b,6.309573444801933,7.75
0.5,0.6931471805599453,3.6632697823691758,0.37181140650761396,4.03508118887679,0.09214471508839996,-0.40785528491160006,-2.2877246567613825,-2.2877246567613825,0.30747202763148895,-0.38567515292845633,2.853308566662753e-10,0.9999999992866728,88.0,1036.8648217737964,382.7867190729537,0.08160315178617089,9.999999999999998,0.019370535990255993,1.3333333333333333,185.33333333333331,144.0,False,False,False,True,susceptible-enriched,susceptible-dominant,True,0.9843983377581705,0.9689078836430719,0.3109211635692807,7.629087117625821,0.95,0.9,0.8,0.02,0.35,7.75,1.38,3.0,7.943282347242818,2.0,1.0,0.7,10.0,i_db,i,d_b,7.943282347242818,7.75
0.5,0.6931471805599453,3.6788939104601504,0.35556255930954905,4.034456469769699,0.08813146503718401,-0.411868534962816,-2.3366662088579764,-2.3366662088579764,0.2981932658480593,-0.394953914711886,2.68777212920385e-10,0.9999999993280569,88.0,1035.7930624022333,384.1369499175867,0.08089972597988862,10.0,0.019252256080362157,1.3333333333333333,188.0,145.33333333333331,False,False,False,True,susceptible-enriched,susceptible-dominant,True,0.9900990099009901,0.9693069306930693,0.306930693069307,7.673267326732673,0.95,0.9,0.8,0.02,0.35,7.75,1.38,3.0,10.0,2.0,1.0,0.7,10.0,i_db,i,d_b,10.0,7.75
0.5,0.6931471805599453,1.6273690205927143,2.4493940011079265,4.076763021700641,0.6008183424127876,0.10081834241278764,0.40887603451138654,0.4088760345113863,0.6726784622208464,-0.020468718339098912,0.07251544722963682,0.818711381925908,8.0,1572.9061434871537,40.445079144480104,10.190041911536898,10.0,0.4808646000704633,6.666666666666666,74.66666666666666,,False,False,False,False,resistant-enriched,mixed,True,0.009900990099009903,0.9006930693069307,0.9930693069306931,0.08415841584158418,0.95,0.9,0.8,0.02,0.35,8.5,1.38,3.0,0.1,2.0,1.0,0.7,10.0,i_db,i,d_b,0.1,8.5
0.5,0.6931471805599453,1.5710115444060848,2.4907271483059703,4.061738692712055,0.6132169833512584,0.1132169833512584,0.46085498758618043,0.46085498758618043,0.6672873184366691,-0.02585986212327618,0.06635357138077212,0.8341160715480698,9.333333333333332,1561.739500991167,43.0944012269159,6.820865730200168,10.000000000000002,0.40471025629765045,5.333333333333333,54.666666666666664,,False,False,False,False,resistant-enriched,mixed,True,0.015601662241829605,0.9010921163569281,0.9890788364307193,0.13261412905555164,0.95,0.9,0.8,0.02,0.35,8.5,1.38,3.0,0.12589254117941673,2.0,1.0,0.7,10.0,i_db,i,d_b,0.12589254117941673,8.5
0.5,0.6931471805599453,1.462250399117663,2.5753080650941205,4.037558464211783,0.6378379626997859,0.13783796269978588,0.5659925456009436,0.5659925456009436,0.6546520182661124,-0.038495162293832874,0.05322590227520012,0.8669352443119998,10.666666666666666,1541.5939102331308,48.21544999927235,4.726125086956011,9.999999999999998,0.3286517770740284,4.0,42.666666666666664,,False,False,False,False,resistant-enriched,mixed,True,0.02450336755033599,0.9017152357285235,0.9828476427147648,0.20827862417785592,0.95,0.9,0.8,0.02,0.35,8.5,1.38,3.0,0.15848931924611134,2.0,1.0,0.7,10.0,i_db,i,d_b,0.15848931924611134,8.5
0.5,0.6931471805599453,1.241914888435102,2.7674158123615453,4.009330700796648,0.6902438384071596,0.19024383840715964,0.8012595117006075,0.8012595117006073,0.6189054256062663,-0.07424175495367902,0.03329841267126352,0.9167539683218412,13.333333333333332,1506.385135711626,59.25488001508171,3.3514991417206734,9.999999999999998,0.2610772787781104,4.0,38.666666666666664,,False,False,False,False,resistant-enriched,mixed,True,0.038286503882254734,0.9026800552717579,0.9731994472824217,0.32543528299916524,0.95,0.9,0.8,0.02,0.35,8.5,1.38,3.0,0.19952623149688797,2.0,1.0,0.7,10.0,i_db,i,d_b,0.19952623149688797,8.5
0.5,0.6931471805599453,0.8346854570917949,3.1698451625344006,4.004530619626196,0.7915647209685441,0.29156472096854413,1.33438306526337,1.33438306526337,0.5118761395299637,-0.1812710410299816,0.011303626546863208,0.971740933632842,21.333333333333332,1447.6915529067837,84.33923515577942,2.253561961273177,10.000000000000002,0.2021767705720037,2.6666666666666665,48.0,,False,False,False,False,resistant-enriched,mixed,True,0.059350943102767596,0.9041545660171938,0.9584543398280627,0.5044830163735246,0.95,0.9,0.8,0.02,0.35,8.5,1.38,3.0,0.251188643150958,2.0,1.0,0.7,10.0,i_db,i,d_b,0.251188643150958,8.5
0.5,0.6931471805599453,0.44246471717824204,3.586931105523602,4.0293958227018445,0.8901908036223766,0.39019080362237657,2.0926915445571534,2.0926915445571534,0.34611622991487645,-0.34703095064506884,0.0016699619332015453,0.9958250951669961,34.666666666666664,1368.4894046697407,124.48286927740929,1.3675519830742826,10.0,0.15029366762864046,2.6666666666666665,66.66666666666666,,False,False,False,False,resistant-enriched,resistant-dominant,True,0.09090909090909091,0.9063636363636364,0.9363636363636364,0.7727272727272727,0.95,0.9,0.8,0.02,0.35,8.5,1.38,3.0,0.31622776601683794,2.0,1.0,0.7,10.0,i_db,i,d_b,0.31622776601683794,8.5
0.5,0.6931471805599453,0.3003615720980071,3.747700492588515,4.048062064686522,0.9258011445233939,0.4258011445233939,2.5239107396390144,2.523910739639015,0.26436710233866445,-0.42878007822128084,0.00022323492914992925,0.9994419126771251,45.33333333333333,1305.8176691236051,160.3967581578756,0.8365445350223708,10.000000000000002,0.11150752605538758,1.3333333333333333,82.66666666666666,,False,False,False,False,resistant-enriched,resistant-dominant,True,0.13680688860321005,0.9095764822022248,0.904235177977753,1.1628585531272855,0.95,0.9,0.8,0.02,0.35,8.5,1.38,3.0,0.3981071705534973,2.0,1.0,0.7,10.0,i_db,i,d_b,0.3981071705534973,8.5
0.5,0.6931471805599453,0.2799513273580175,3.7790521801990424,4.05900350755706,0.9310295428824331,0.4310295428824331,2.6026127539978243,2.6026127539978243,0.25096766113240243,-0.44217951942754286,3.573015051617578e-05,0.9999106746237095,52.0,1259.5741836333675,190.57746025316592,0.5341401569781947,10.0,0.08514591271061936,1.3333333333333333,94.66666666666666,,False,False,False,False,resistant-enriched,resistant-dominant,True,0.2007600089131018,0.9140532006239172,0.8594679937608287,1.7064600757613653,0.95,0.9,0.8,0.02,0.35,8.5,1.38,3.0,0.5011872336272724,2.0,1.0,0.7,10.0,i_db,i,d_b,0.5011872336272724,8.5
0.5,0.6931471805599453,0.33608087498116973,3.730888020010649,4.066968894991819,0.9173633033203108,0.4173633033203108,2.407049729023885,2.407049729023885,0.2851623367102777,-0.4079848438496676,6.026697042229918e-06,0.9999849332573945,58.666666666666664,1220.3987759561332,218.83160075509056,0.35477889235017246,10.0,0.06304563579388632,1.3333333333333333,104.0,,False,False,False,False,resistant-enriched,resistant-dominant,True,0.2847472489508015,0.9199323074265561,0.8006769257344389,2.420351616081813,0.95,0.9,0.8,0.02,0.35,8.5,1.38,3.0,0.6309573444801934,2.0,1.0,0.7,10.0,i_db,i,d_b,0.6309573444801934,8.5
0.5,0.6931471805599453,0.4981044096982164,3.575160130606605,4.073264540304821,0.8777137097849921,0.3777137097849921,1.9709555328250308,1.9709555328250308,0.3714556496675175,-0.3216915308924278,9.848177462843323e-07,0.9999975379556343,65.33333333333333,1184.524082384687,246.89895265810947,0.2467002492992145,10.0,0.04681767487682423,1.3333333333333333,113.33333333333333,,False,False,False,False,resistant-enriched,resistant-dominant,True,0.386863179846857,0.92708042258928,0.7291957741072002,3.2883370286982845,0.95,0.9,0.8,0.02,0.35,8.5,1.38,3.0,0.7943282347242815,2.0,1.0,0.7,10.0,i_db,i,d_b,0.7943282347242815,8.5
0.5,0.6931471805599453,0.8450180132201565,3.232532147651038,4.077550160871194,0.792763306426226,0.29276330642622606,1.3416631111819608,1.341663111181961,0.5102724076076136,-0.18287477295233168,1.6145568256966354e-07,0.9999995963607936,70.66666666666666,1151.3809810323023,274.6883742366633,0.181263262485866,9.999999999999998,0.0359578809837299,1.3333333333333333,122.66666666666666,,False,False,False,False,resistant-enriched,mixed,True,0.5,0.935,0.65,4.25,0.95,0.9,0.8,0.02,0.35,8.5,1.38,3.0,1.0,2.0,1.0,0.7,10.0,i_db,i,d_b,1.0,8.5
0.5,0.6931471805599453,1.4391792838024573,2.6392818170845733,4.078461100887031,0.6471268823700566,0.14712688237005656,0.6064338318603006,0.6064338318603008,0.6492070918292521,-0.043940088730693216,2.9837126983433255e-08,0.9999999254071825,76.0,1121.9337635120432,300.8438934255747,0.14145167976489648,10.000000000000002,0.029024223783540155,1.3333333333333333,130.66666666666666,,False,False,False,False,resistant-enriched,mixed,True,0.6131368201531432,0.9429195774107201,0.5708042258927998,5.211662971301717,0.95,0.9,0.8,0.02,0.35,8.5,1.38,3.0,1.2589254117941675,2.0,1.0,0.7,10.0,i_db,i,d_b,1.2589254117941675,8.5
0.5,0.6931471805599453,2.1654190162644142,1.90881001286156,4.074229029125974,0.4685082746246713,-0.03149172537532868,-0.1261338657482032,-0.1261338657482032,0.691162409572518,-0.001984770987427331,7.10772576825546e-09,0.9999999822306855,80.0,1097.010133873793,323.7084143939663,0.11690913424719296,9.999999999999998,0.024666879443743177,1.3333333333333333,138.66666666666666,133.33333333333331,False,False,False,True,susceptible-enriched,mixed,True,0.7152527510491987,0.9500676925734439,0.4993230742655609,6.079648383918189,0.95,0.9,0.8,0.02,0.35,8.5,1.38,3.0,1.584893192461114,2.0,1.0,0.7,10.0,i_db,i,d_b,1.584893192461114,8.5
0.5,0.6931471805599453,2.777141277504237,1.2878304412281303,4.064971718732367,0.3168116607782283,-0.1831883392217717,-0.7684631071699217,-0.7684631071699217,0.6244427777665591,-0.06870440279338619,2.3443458552808083e-09,0.9999999941391353,82.66666666666666,1077.026819722334,342.24636997717334,0.10125479851997062,10.0,0.021935180681790626,1.3333333333333333,148.0,137.33333333333331,False,False,False,True,susceptible-enriched,mixed,True,0.7992399910868984,0.9559467993760828,0.4405320062391712,6.793539924238636,0.95,0.9,0.8,0.02,0.35,8.5,1.38,3.0,1.9952623149688797,2.0,1.0,0.7,10.0,i_db,i,d_b,1.9952623149688797,8.5
0.5,0.6931471805599453,3.171475685671794,0.882984149466819,4.054459835138613,0.21778095859140056,-0.28221904140859944,-1.2786450248680297,-1.2786450248680297,0.5240850127694726,-0.16906216779047267,1.0629858130372434e-09,0.9999999973425354,84.0,1062.0377635267553,356.35773442640215,0.09093633904126484,10.0,0.02022047505530528,1.3333333333333333,156.0,140.0,False,False,False,True,susceptible-enriched,mixed,True,0.8631931113967901,0.9604235177977754,0.39576482202224694,7.337141446872716,0.95,0.9,0.8,0.02,0.35,8.5,1.38,3.0,2.511886431509581,2.0,1.0,0.7,10.0,i_db,i,d_b,2.511886431509581,8.5
0.5,0.6931471805599453,3.397256289084375,0.6490638684658463,4.0463201575502215,0.16040843116546946,-0.33959156883453057,-1.655192288585706,-1.6551922885857062,0.440346531258894,-0.2528006493010513,6.215560367440372e-10,0.9999999984461099,85.33333333333333,1051.6164002630217,366.589631795033,0.08413711228769681,10.0,0.019142409143699076,1.3333333333333333,165.33333333333331,141.33333333333331,False,False,False,True,susceptible-enriched,susceptible-dominant,True,0.9090909090909091,0.9636363636363636,0.36363636363636365,7.727272727272727,0.95,0.9,0.8,0.02,0.35,8.5,1.38,3.0,3.1622776601683795,2.0,1.0,0.7,10.0,i_db,i,d_b,3.1622776601683795,8.5
0.5,0.6931471805599453,3.5239625134569508,0.5171974269809971,4.041159940437948,0.1279824195537649,-0.3720175804462351,-1.9189166775175341,-1.9189166775175341,0.38253329352495835,-0.31061388703498694,4.3609765228558725e-10,0.9999999989097559,86.66666666666666,1044.8435434142082,373.73287543389097,0.07974601998729582,10.0,0.018463773917932823,1.3333333333333333,173.33333333333331,142.66666666666666,False,False,False,True,susceptible-enriched,susceptible-dominant,True,0.9406490568972324,0.9658454339828063,0.3415456601719373,7.995516983626476,0.95,0.9,0.8,0.02,0.35,8.5,1.38,3.0,3.981071705534973,2.0,1.0,0.7,10.0,i_db,i,d_b,3.981071705534973,8.5
0.5,0.6931471805599453,3.5964105928338985,0.4416948197871148,4.038105412621014,0.1093816962793014,-0.3906183037206986,-2.0970723788705983,-2.0970723788705983,0.3452206682041136,-0.34792651235583166,3.478432273265434e-10,0.999999999130392,86.66666666666666,1040.5458835685417,378.5733055143822,0.07707288544109644,10.0,0.018036219662900654,1.3333333333333333,178.66666666666666,144.0,False,False,False,True,susceptible-enriched,susceptible-dominant,True,0.9617134961177453,0.9673199447282421,0.32680055271757835,8.174564717000834,0.95,0.9,0.8,0.02,0.35,8.5,1.38,3.0,5.011872336272725,2.0,1.0,0.7,10.0,i_db,i,d_b,5.011872336272725,8.5
0.5,0.6931471805599453,3.6389557574485005,0.39738332526926057,4.036339082717761,0.09845142271884975,-0.40154857728115023,-2.2145506699776836,-2.214550669977683,0.3216670169842057,-0.3714801635757396,3.001543688788316e-10,0.999999999249614,88.0,1037.8083199289933,381.77949494315635,0.07521120585569042,10.0,0.01776670567686227,1.3333333333333333,182.66666666666666,144.0,False,False,False,True,susceptible-enriched,susceptible-dominant,True,0.975496632449664,0.9682847642714765,0.3171523572852353,8.291721375822144,0.95,0.9,0.8,0.02,0.35,8.5,1.38,3.0,6.309573444801933,2.0,1.0,0.7,10.0,i_db,i,d_b,6.309573444801933,8.5
0.5,0.6931471805599453,3.6645063406632734,0.370795333396603,4.035301674059877,0.0918878843136279,-0.40811211568637207,-2.2907986612764555,-2.2907986612764555,0.30688407495097136,-0.3862631056089739,2.732400411617867e-10,0.9999999993168999,88.0,1036.12342592202,383.8688354771049,0.07415621828367779,9.999999999999998,0.01759675528538787,1.3333333333333333,185.33333333333331,145.33333333333331,False,False,False,True,susceptible-enriched,susceptible-dominant,True,0.9843983377581705,0.9689078836430719,0.3109211635692807,8.36738587094445,0.95,0.9,0.8,0.02,0.35,8.5,1.38,3.0,7.943282347242818,2.0,1.0,0.7,10.0,i_db,i,d_b,7.943282347242818,8.5
0.5,0.6931471805599453,3.6801082321165124,0.35457332997797886,4.034681562094491,0.0878813667252372,-0.4121186332747628,-2.3397822623881583,-2.3397822623881583,0.2976084800805244,-0.3955387004794209,2.5753295504611384e-10,0.9999999993561676,88.0,1035.0389796137363,385.2151677517408,0.07352831580887731,10.0,0.017489564300294115,1.3333333333333333,188.0,145.33333333333331,False,False,False,True,susceptible-enriched,susceptible-dominant,True,0.9900990099009901,0.9693069306930693,0.306930693069307,8.415841584158416,0.95,0.9,0.8,0.02,0.35,8.5,1.38,3.0,10.0,2.0,1.0,0.7,10.0,i_db,i,d_b,10.0,8.5
0.5,0.6931471805599453,1.6189374828433702,2.4556184521323456,4.074555934975716,0.6026714300455372,0.10267143004553725,0.4166085855737148,0.41660858557371455,0.6719136164294941,-0.021233564130451188,0.07150156774463967,0.8212460806384008,8.0,1571.3047610673475,40.807033635693585,9.438551670667126,10.0,0.46734781325967806,6.666666666666666,70.66666666666666,,False,False,False,False,resistant-enriched,mixed,True,0.009900990099009903,0.9006930693069307,0.9930693069306931,0.0915841584158416,0.95,0.9,0.8,0.02,0.35,9.25,1.38,3.0,0.1,2.0,1.0,0.7,10.0,i_db,i,d_b,0.1,9.25
0.5,0.6931471805599453,1.5552999293017342,2.5027287243952814,4.058028653697016,0.6167351041533928,0.11673510415339283,0.4757132187783924,0.4757132187783924,0.6656398532754187,-0.02750732728452654,0.06379409956573052,0.8405147510856736,9.333333333333332,1558.8626293188227,43.7678833804089,6.350749775521921,10.0,0.391280955204217,5.333333333333333,50.666666666666664,,False,False,False,False,resistant-enriched,mixed,True,0.015601662241829605,0.9010921163569281,0.9890788364307193,0.14431537573692385,0.95,0.9,0.8,0.02,0.35,9.25,1.38,3.0,0.12589254117941673,2.0,1.0,0.7,10.0,i_db,i,d_b,0.12589254117941673,9.25
0.5,0.6931471805599453,1.4311184530851075,2.6010568291298557,4.032175282214963,0.6450753370277688,0.14507533702776876,0.5974615615938611,0.5974615615938611,0.6504420108012638,-0.04270516975868144,0.04973385748501542,0.8756653562874614,10.666666666666666,1536.4957568458212,49.59409072109487,4.4264338545719815,9.999999999999998,0.3166719509474671,4.0,41.33333333333333,,False,False,False,False,resistant-enriched,mixed,True,0.02450336755033599,0.9017152357285235,0.9828476427147648,0.22665614984060792,0.95,0.9,0.8,0.02,0.35,9.25,1.38,3.0,0.15848931924611134,2.0,1.0,0.7,10.0,i_db,i,d_b,0.15848931924611134,9.25
0.5,0.6931471805599453,1.1799282790486676,2.8257206422831587,4.005648921331826,0.7054339253834666,0.2054339253834666,0.873309770517678,0.8733097705176778,0.6061895995382903,-0.08695758102165496,0.029305759173091972,0.9267356020672701,14.666666666666666,1497.9621581789493,62.372965508009145,3.128753736106367,9.999999999999998,0.24750401096135885,4.0,40.0,,False,False,False,False,resistant-enriched,mixed,True,0.038286503882254734,0.9026800552717579,0.9731994472824217,0.35415016091085627,0.95,0.9,0.8,0.02,0.35,9.25,1.38,3.0,0.19952623149688797,2.0,1.0,0.7,10.0,i_db,i,d_b,0.19952623149688797,9.25
0.5,0.6931471805599453,0.7457267708995706,3.261903397720177,4.007630168619747,0.813923256507373,0.31392325650737296,1.4757068940427875,1.4757068940427875,0.48048393009225876,-0.21266325046768653,0.008561182265292039,0.9785970443367699,24.0,1434.6285130852164,90.63866511041134,2.0601316867396564,10.000000000000002,0.19197702111964385,2.6666666666666665,50.666666666666664,,False,False,False,False,resistant-enriched,resistant-dominant,True,0.059350943102767596,0.9041545660171938,0.9584543398280627,0.5489962237006003,0.95,0.9,0.8,0.02,0.35,9.25,1.38,3.0,0.251188643150958,2.0,1.0,0.7,10.0,i_db,i,d_b,0.251188643150958,9.25
0.5,0.6931471805599453,0.397939986112159,3.6350188813573325,4.032958867469492,0.9013280325465235,0.4013280325465235,2.2120683790234987,2.2120683790234987,0.3221551506550114,-0.3709920299049339,0.0012116086321187773,0.9969709784197031,36.0,1357.099178482058,130.70222469740182,1.2395903302374884,10.0,0.14030231919378772,2.6666666666666665,69.33333333333333,,False,False,False,False,resistant-enriched,resistant-dominant,True,0.09090909090909091,0.9063636363636364,0.9363636363636364,0.8409090909090909,0.95,0.9,0.8,0.02,0.35,9.25,1.38,3.0,0.31622776601683794,2.0,1.0,0.7,10.0,i_db,i,d_b,0.31622776601683794,9.25
0.5,0.6931471805599453,0.28316521194329164,3.7664354256884507,4.049600637631742,0.9300757686296469,0.4300757686296469,2.5878538076467246,2.587853807646725,0.25344291290722687,-0.4397042676527184,0.00017586573329808787,0.9995603356667547,45.33333333333333,1299.0441458055873,164.71771123221828,0.7619542929044003,10.000000000000002,0.1056423449606662,1.3333333333333333,84.0,,False,False,False,False,resistant-enriched,resistant-dominant,True,0.13680688860321005,0.9095764822022248,0.904235177977753,1.265463719579693,0.95,0.9,0.8,0.02,0.35,9.25,1.38,3.0,0.3981071705534973,2.0,1.0,0.7,10.0,i_db,i,d_b,0.3981071705534973,9.25
0.5,0.6931471805599453,0.2710835340531637,3.7886464942453584,4.059730028298522,0.933226216481499,0.43322621648149895,2.6373370916420633,2.6373370916420633,0.24521262215146583,-0.44793455840847946,3.013282983043179e-05,0.9999246679254239,53.33333333333333,1255.2858888720516,193.67465479569762,0.48747920533021266,10.0,0.07952212740303743,1.3333333333333333,96.0,,False,False,False,False,resistant-enriched,resistant-dominant,True,0.2007600089131018,0.9140532006239172,0.8594679937608287,1.8570300824461916,0.95,0.9,0.8,0.02,0.35,9.25,1.38,3.0,0.5011872336272724,2.0,1.0,0.7,10.0,i_db,i,d_b,0.5011872336272724,9.25
0.5,0.6931471805599453,0.3303070248350872,3.7370588324218623,4.0673658572569495,0.9187909235541826,0.41879092355418257,2.426031572368846,2.426031572368846,0.28171247022354473,-0.41143471033640056,5.334191938595761e-06,0.9999866645201535,60.0,1217.6005536721746,221.14836752402132,0.32399925043913824,10.0,0.05822660948408421,1.3333333333333333,105.33333333333333,,False,False,False,False,resistant-enriched,resistant-dominant,True,0.2847472489508015,0.9199323074265561,0.8006769257344389,2.633912052794914,0.95,0.9,0.8,0.02,0.35,9.25,1.38,3.0,0.6309573444801934,2.0,1.0,0.7,10.0,i_db,i,d_b,0.6309573444801934,9.25
0.5,0.6931471805599453,0.49377189667714133,3.5797413611744338,4.073513257851575,0.8787847576719161,0.3787847576719161,1.980972168370373,1.980972168370373,0.369339304535234,-0.3238078760247113,9.012992929429387e-07,0.9999977467517677,65.33333333333333,1182.5402643832504,248.70844479593936,0.22541026815072843,10.0,0.04296877748786132,1.3333333333333333,114.66666666666666,,False,False,False,False,resistant-enriched,resistant-dominant,True,0.386863179846857,0.92708042258928,0.7291957741072002,3.578484413583427,0.95,0.9,0.8,0.02,0.35,9.25,1.38,3.0,0.7943282347242815,2.0,1.0,0.7,10.0,i_db,i,d_b,0.7943282347242815,9.25
0.5,0.6931471805599453,0.8418405437075352,3.235890062853482,4.077730606561017,0.7935517019312104,0.2935517019312104,1.346468686152556,1.3464686861525563,0.5092127529842811,-0.18393442757566414,1.5069613908305697e-07,0.9999996232596523,70.66666666666666,1149.9224704026951,276.1690853315538,0.16571516790173385,10.0,0.032925825535905666,1.3333333333333333,122.66666666666666,,False,False,False,False,resistant-enriched,mixed,True,0.5,0.935,0.65,4.625,0.95,0.9,0.8,0.02,0.35,9.25,1.38,3.0,1.0,2.0,1.0,0.7,10.0,i_db,i,d_b,1.0,9.25
0.5,0.6931471805599453,1.4375914377874157,2.6410197883502606,4.078611226137676,0.6475291813608889,0.14752918136088888,0.6081960254739801,0.6081960254739802,0.6489627696770073,-0.04418441088293801,2.8146710283741182e-08,0.9999999296332243,76.0,1120.7255078728294,302.11308728241346,0.12940108618537605,10.0,0.026566089039575483,1.3333333333333333,130.66666666666666,,False,False,False,False,resistant-enriched,mixed,True,0.6131368201531432,0.9429195774107201,0.5708042258927998,5.671515586416574,0.95,0.9,0.8,0.02,0.35,9.25,1.38,3.0,1.2589254117941675,2.0,1.0,0.7,10.0,i_db,i,d_b,1.2589254117941675,9.25
0.5,0.6931471805599453,2.165510744255497,1.9088609604587206,4.074371704714218,0.4685043728951114,-0.031495627104888624,-0.1261495348320693,-0.1261495348320693,0.6911619174017172,-0.001985263158228112,6.756235193480446e-09,0.9999999831094121,80.0,1096.0508407781113,324.84170649088605,0.10700682003942226,9.999999999999998,0.022581297210395496,1.3333333333333333,140.0,133.33333333333331,False,False,False,True,susceptible-enriched,mixed,True,0.7152527510491987,0.9500676925734439,0.4993230742655609,6.616087947205088,0.95,0.9,0.8,0.02,0.35,9.25,1.38,3.0,1.584893192461114,2.0,1.0,0.7,10.0,i_db,i,d_b,1.584893192461114,9.25
0.5,0.6931471805599453,2.7781672818031513,1.2869433480377208,4.065110629840872,0.3165826136663095,-0.18341738633369048,-0.7695215501245751,-0.7695215501245751,0.6242666423024341,-0.06888053825751117,2.2410000450191646e-09,0.9999999943974999,82.66666666666666,1076.199988570971,343.29319687741076,0.09268548044063733,10.0,0.02008505485401462,1.3333333333333333,148.0,137.33333333333331,False,False,False,True,susceptible-enriched,mixed,True,0.7992399910868984,0.9559467993760828,0.4405320062391712,7.39296991755381,0.95,0.9,0.8,0.02,0.35,9.25,1.38,3.0,1.9952623149688797,2.0,1.0,0.7,10.0,i_db,i,d_b,1.9952623149688797,9.25
0.5,0.6931471805599453,3.1727497141339764,0.8818563872836083,4.054606101417585,0.2174949588753617,-0.2825050411246383,-1.280324692049772,-1.280324692049772,0.5237190805012496,-0.16942810005869569,1.0207361683548098e-09,0.9999999974481596,84.0,1061.2570795732056,357.34992825602217,0.08332266796455637,10.0,0.0185182393110663,1.3333333333333333,157.33333333333331,140.0,False,False,False,True,susceptible-enriched,mixed,True,0.8631931113967901,0.9604235177977754,0.39576482202224694,7.984536280420309,0.95,0.9,0.8,0.02,0.35,9.25,1.38,3.0,2.511886431509581,2.0,1.0,0.7,10.0,i_db,i,d_b,2.511886431509581,9.25
0.5,0.6931471805599453,3.3985116524070293,0.647970088646585,4.046481741053614,0.16013172185422192,-0.3398682781457781,-1.6572483296811293,-1.6572483296811296,0.43988823974411184,-0.25325894081583344,5.981652973748206e-10,0.9999999985045868,85.33333333333333,1050.9192259894132,367.5472849917593,0.07701124699401603,10.0,0.017533052499309452,1.3333333333333333,165.33333333333331,142.66666666666666,False,False,False,True,susceptible-enriched,susceptible-dominant,True,0.9090909090909091,0.9636363636363636,0.36363636363636365,8.409090909090908,0.95,0.9,0.8,0.02,0.35,9.25,1.38,3.0,3.1622776601683795,2.0,1.0,0.7,10.0,i_db,i,d_b,3.1622776601683795,9.25
0.5,0.6931471805599453,3.525126748204883,0.5161868065559798,4.041313554760863,0.12772748255276722,-0.3722725174472328,-1.9212029433630635,-1.9212029433630635,0.38204379931779936,-0.3111033812421459,4.1996666958071756e-10,0.9999999989500833,86.66666666666666,1044.1760088263393,374.6690411279359,0.07300494213403715,10.0,0.016912814585332638,1.3333333333333333,173.33333333333331,142.66666666666666,False,False,False,True,susceptible-enriched,susceptible-dominant,True,0.9406490568972324,0.9658454339828063,0.3415456601719373,8.7010037762994,0.95,0.9,0.8,0.02,0.35,9.25,1.38,3.0,3.981071705534973,2.0,1.0,0.7,10.0,i_db,i,d_b,3.981071705534973,9.25
0.5,0.6931471805599453,3.5975347901403603,0.4407604640030943,4.0382952541434545,0.10914518039533048,-0.3908548196046695,-2.0995025470052147,-2.0995025470052147,0.34472438998095506,-0.3484227905789902,3.3540764585157896e-10,0.9999999991614809,88.0,1039.876102278644,379.49610284300155,0.07057724322348599,10.0,0.01652201908652289,1.3333333333333333,178.66666666666666,144.0,False,False,False,True,susceptible-enriched,susceptible-dominant,True,0.9617134961177453,0.9673199447282421,0.32680055271757835,8.895849839089143,0.95,0.9,0.8,0.02,0.35,9.25,1.38,3.0,5.011872336272725,2.0,1.0,0.7,10.0,i_db,i,d_b,5.011872336272725,9.25
0.5,0.6931471805599453,3.6400238484455607,0.3964999462143845,4.036523794659945,0.09822807107911213,-0.40177192892088787,-2.2170696069561733,-2.217069606956173,0.3211721122513023,-0.37197506830864296,2.893030179348505e-10,0.9999999992767424,88.0,1037.1833708128324,382.6938651947333,0.06888592536174278,10.0,0.01627566186514912,1.3333333333333333,182.66666666666666,144.0,False,False,False,True,susceptible-enriched,susceptible-dominant,True,0.975496632449664,0.9682847642714765,0.3171523572852353,9.023343850159392,0.95,0.9,0.8,0.02,0.35,9.25,1.38,3.0,6.309573444801933,2.0,1.0,0.7,10.0,i_db,i,d_b,6.309573444801933,9.25
0.5,0.6931471805599453,3.6655443790366204,0.36994642129097,4.03549080032759,0.0916732163683631,-0.4083267836316369,-2.2933739499852974,-2.2933739499852974,0.3063920375902358,-0.3867551429697095,2.635626738426459e-10,0.9999999993410933,88.0,1035.4904371991001,384.7779971678221,0.0679669903102263,10.0,0.016120307661364804,1.3333333333333333,185.33333333333331,145.33333333333331,False,False,False,True,susceptible-enriched,susceptible-dominant,True,0.9843983377581705,0.9689078836430719,0.3109211635692807,9.105684624263077,0.95,0.9,0.8,0.02,0.35,9.25,1.38,3.0,7.943282347242818,2.0,1.0,0.7,10.0,i_db,i,d_b,7.943282347242818,9.25
0.5,0.6931471805599453,3.6811255053228016,0.3537466568965587,4.034872162219361,0.08767233326717895,-0.41232766673282106,-2.3423928297963026,-2.3423928297963026,0.2971191145530215,-0.3960280660069238,2.4852814094254403e-10,0.9999999993786797,88.0,1034.3963937545232,386.12101208902334,0.06736625145821525,10.0,0.016022320271300364,1.3333333333333333,188.0,145.33333333333331,False,False,False,True,susceptible-enriched,susceptible-dominant,True,0.9900990099009901,0.9693069306930693,0.306930693069307,9.158415841584159,0.95,0.9,0.8,0.02,0.35,9.25,1.38,3.0,10.0,2.0,1.0,0.7,10.0,i_db,i,d_b,10.0,9.25
0.5,0.6931471805599453,1.6102955364813347,2.4620269373334565,4.072322473814792,0.6045756329869246,0.10457563298692463,0.4245672437600163,0.4245672437600161,0.6711127337683294,-0.022034446791615925,0.07055709811731507,0.8236072547067124,8.0,1569.6710902423251,41.177272286666444,8.80105365896515,10.0,0.4542984542760016,6.666666666666666,66.66666666666666,,False,False,False,False,resistant-enriched,mixed,True,0.009900990099009903,0.9006930693069307,0.9930693069306931,0.09900990099009903,0.95,0.9,0.8,0.02,0.35,10.0,1.38,3.0,0.1,2.0,1.0,0.7,10.0,i_db,i,d_b,0.1,10.0
0.5,0.6931471805599453,1.5390105397734333,2.5152977612518725,4.054308301025306,0.6204012064439627,0.12040120644396268,0.4912514873905397,0.4912514873905397,0.6638673750049379,-0.02927980555500742,0.06154991118094484,0.8461252220476378,9.333333333333332,1555.9593771378975,44.466509479123516,5.952190848779158,10.0,0.37841842326984126,5.333333333333333,49.33333333333333,,False,False,False,False,resistant-enriched,mixed,True,0.015601662241829605,0.9010921163569281,0.9890788364307193,0.15601662241829606,0.95,0.9,0.8,0.02,0.35,10.0,1.38,3.0,0.12589254117941673,2.0,1.0,0.7,10.0,i_db,i,d_b,0.12589254117941673,10.0
0.5,0.6931471805599453,1.3985950669636986,2.628515235252337,4.027110302216036,0.6527050510153445,0.15270505101534448,0.630950928281057,0.630950928281057,0.6457560051724135,-0.04739117538753179,0.046902765373565594,0.882743086566086,10.666666666666666,1531.3368633008004,51.05052127008048,4.1690331930109465,9.999999999999998,0.30526621223345807,4.0,40.0,,False,False,False,False,resistant-enriched,mixed,True,0.02450336755033599,0.9017152357285235,0.9828476427147648,0.24503367550335992,0.95,0.9,0.8,0.02,0.35,10.0,1.38,3.0,0.15848931924611134,2.0,1.0,0.7,10.0,i_db,i,d_b,0.15848931924611134,10.0
0.5,0.6931471805599453,1.1164834511668131,2.8866824803881928,4.003165931555006,0.72109988187946,0.22109988187945995,0.9499239419603887,0.9499239419603884,0.5919115184837646,-0.10123566207618073,0.025595552160699954,0.9360111195982501,16.0,1489.4957429455203,65.6793886220666,2.929644773967759,9.999999999999998,0.23489151569077038,4.0,40.0,,False,False,False,False,resistant-enriched,mixed,True,0.038286503882254734,0.9026800552717579,0.9731994472824217,0.38286503882254735,0.95,0.9,0.8,0.02,0.35,10.0,1.38,3.0,0.19952623149688797,2.0,1.0,0.7,10.0,i_db,i,d_b,0.19952623149688797,10.0
0.5,0.6931471805599453,0.6672102362374773,3.343955815344266,4.0111660515817436,0.8336617762372682,0.3336617762372682,1.611804567993147,1.611804567993147,0.4500322118512816,-0.24311496870866367,0.006499862297596452,0.9837503442560088,25.333333333333332,1422.1811722396249,96.75155474408302,1.8904322627055934,10.000000000000002,0.18249877089152952,2.6666666666666665,53.33333333333333,,False,False,False,False,resistant-enriched,resistant-dominant,True,0.059350943102767596,0.9041545660171938,0.9584543398280627,0.593509431027676,0.95,0.9,0.8,0.02,0.35,10.0,1.38,3.0,0.251188643150958,2.0,1.0,0.7,10.0,i_db,i,d_b,0.251188643150958,10.0
0.5,0.6931471805599453,0.3636602117083734,3.672175433014486,4.03583564472286,0.9098922147179395,0.40989221471793946,2.3123195791232893,2.3123195791232893,0.302787127990495,-0.3903600525694503,0.0009151599976559931,0.99771210000586,37.33333333333333,1347.4935819765178,136.069881330087,1.1331621711132245,10.0,0.13129421719971465,2.6666666666666665,70.66666666666666,,False,False,False,False,resistant-enriched,resistant-dominant,True,0.09090909090909091,0.9063636363636364,0.9363636363636364,0.9090909090909092,0.95,0.9,0.8,0.02,0.35,10.0,1.38,3.0,0.31622776601683794,2.0,1.0,0.7,10.0,i_db,i,d_b,0.31622776601683794,10.0
0.5,0.6931471805599453,0.26944627006764654,3.781393978061593,4.05084024812924,0.9334838567894445,0.43348385678944445,2.6414789963757808,2.641478996375781,0.24453260456944564,-0.44861457599049964,0.0001430087441054197,0.9996424781397365,46.666666666666664,1293.3112897236335,168.42581373252887,0.6993947103263041,10.000000000000002,0.10022834571500616,1.3333333333333333,85.33333333333333,,False,False,False,False,resistant-enriched,resistant-dominant,True,0.13680688860321005,0.9095764822022248,0.904235177977753,1.3680688860321006,0.95,0.9,0.8,0.02,0.35,10.0,1.38,3.0,0.3981071705534973,2.0,1.0,0.7,10.0,i_db,i,d_b,0.3981071705534973,10.0
0.5,0.6931471805599453,0.2637912983535653,3.7965367493076014,4.060328047661167,0.935032023211643,0.435032023211643,2.666686294424452,2.666686294424452,0.24042371413372848,-0.4527234664262168,2.61854529010473e-05,0.9999345363677474,54.666666666666664,1251.6857993215986,196.33276214765965,0.4481314314013309,10.0,0.07447107603670779,1.3333333333333333,96.0,,False,False,False,False,resistant-enriched,resistant-dominant,True,0.2007600089131018,0.9140532006239172,0.8594679937608287,2.007600089131018,0.95,0.9,0.8,0.02,0.35,10.0,1.38,3.0,0.5011872336272724,2.0,1.0,0.7,10.0,i_db,i,d_b,0.5011872336272724,10.0
0.5,0.6931471805599453,0.32548299963262733,3.7422146351508703,4.067697634783498,0.919983482339156,0.41998348233915594,2.442122631780455,2.442122631780455,0.2788097117752117,-0.4143374687847336,4.816516953943901e-06,0.9999879587076151,60.0,1215.144458959136,223.1327683652617,0.29800998834912457,10.0,0.054010633218350104,1.3333333333333333,105.33333333333333,,False,False,False,False,resistant-enriched,resistant-dominant,True,0.2847472489508015,0.9199323074265561,0.8006769257344389,2.8474724895080152,0.95,0.9,0.8,0.02,0.35,10.0,1.38,3.0,0.6309573444801934,2.0,1.0,0.7,10.0,i_db,i,d_b,0.6309573444801934,10.0
0.5,0.6931471805599453,0.49011964516657563,3.5836029228523505,4.073722568018926,0.8796875248662493,0.37968752486624935,1.9894744412336818,1.9894744412336818,0.36754711418704766,-0.3256000663728976,8.367943141819547e-07,0.9999979080142145,65.33333333333333,1180.8601054225007,250.25576361132954,0.20743490708088194,9.999999999999998,0.03966634558701482,1.3333333333333333,114.66666666666666,,False,False,False,False,resistant-enriched,resistant-dominant,True,0.386863179846857,0.92708042258928,0.7291957741072002,3.8686317984685696,0.95,0.9,0.8,0.02,0.35,10.0,1.38,3.0,0.7943282347242815,2.0,1.0,0.7,10.0,i_db,i,d_b,0.7943282347242815,10.0
0.5,0.6931471805599453,0.8391476832683933,3.23873434758978,4.077882030858174,0.7942197256030483,0.2942197256030483,1.3505511850664198,1.35055118506642,0.5083119169709304,-0.18483526358901492,1.4220497243008963e-07,0.999999644487569,70.66666666666666,1148.635621771191,277.43367427349756,0.15261368849018755,10.0,0.030351223251634394,1.3333333333333333,122.66666666666666,,False,False,False,False,resistant-enriched,mixed,True,0.5,0.935,0.65,5.0,0.95,0.9,0.8,0.02,0.35,10.0,1.38,3.0,1.0,2.0,1.0,0.7,10.0,i_db,i,d_b,1.0,10.0
0.5,0.6931471805599453,1.4362435181488875,2.6424961157170195,4.078739633865907,0.6478707524687991,0.1478707524687991,0.6096929317013949,0.609692931701395,0.648754771855641,-0.044392408704304276,2.6796488232009055e-08,0.9999999330087794,76.0,1119.720957615396,303.1960789136447,0.1192347913867741,10.0,0.024487090679958672,1.3333333333333333,130.66666666666666,,False,False,False,False,resistant-enriched,mixed,True,0.6131368201531432,0.9429195774107201,0.5708042258927998,6.131368201531432,0.95,0.9,0.8,0.02,0.35,10.0,1.38,3.0,1.2589254117941675,2.0,1.0,0.7,10.0,i_db,i,d_b,1.2589254117941675,10.0
0.5,0.6931471805599453,2.165587425715017,1.9089031983237723,4.0744906240387895,0.4685010653998254,-0.03149893460017461,-0.1261628175231127,-0.1261628175231127,0.6911615001407592,-0.00198568041918612,6.473026512636782e-09,0.9999999838174337,80.0,1095.2452920142894,325.80815926191826,0.0986402454441804,10.0,0.020819221331996353,1.3333333333333333,140.0,134.66666666666666,False,False,False,True,susceptible-enriched,mixed,True,0.7152527510491987,0.9500676925734439,0.4993230742655609,7.152527510491987,0.95,0.9,0.8,0.02,0.35,10.0,1.38,3.0,1.584893192461114,2.0,1.0,0.7,10.0,i_db,i,d_b,1.584893192461114,10.0
0.5,0.6931471805599453,2.779041094164918,1.28619064108234,4.065231735247258,0.3163880252952199,-0.18361197470478008,-0.7704210797611135,-0.7704210797611135,0.6241168148432894,-0.06903036571665588,2.157109941657532e-09,0.9999999946072251,82.66666666666666,1075.4810600059177,344.1856594343584,0.08547622966271763,10.0,0.018522057259165507,1.3333333333333333,148.0,137.33333333333331,False,False,False,True,susceptible-enriched,mixed,True,0.7992399910868984,0.9559467993760828,0.4405320062391712,7.992399910868984,0.95,0.9,0.8,0.02,0.35,10.0,1.38,3.0,1.9952623149688797,2.0,1.0,0.7,10.0,i_db,i,d_b,1.9952623149688797,10.0
0.5,0.6931471805599453,3.1738340859592054,0.8808996567304773,4.054733742689683,0.217252158250504,-0.28274784174949597,-1.2817519044301806,-1.2817519044301806,0.5234080436252668,-0.16973913693467846,9.863696917172824e-10,0.9999999975340758,84.0,1060.5869684135762,358.19551719124195,0.0768683826963582,10.000000000000002,0.017079998209101277,1.3333333333333333,157.33333333333331,140.0,False,False,False,True,susceptible-enriched,mixed,True,0.8631931113967901,0.9604235177977754,0.39576482202224694,8.631931113967902,0.95,0.9,0.8,0.02,0.35,10.0,1.38,3.0,2.511886431509581,2.0,1.0,0.7,10.0,i_db,i,d_b,2.511886431509581,10.0
0.5,0.6931471805599453,3.3995717830908845,0.6470410959374795,4.046612879028364,0.15989695957594072,-0.34010304042405926,-1.6589949463611806,-1.6589949463611808,0.4394989753712846,-0.2536482051886607,5.790451864640963e-10,0.9999999985523871,86.66666666666666,1050.3300492247079,368.363341188214,0.07102414008138655,10.0,0.01617310014845913,1.3333333333333333,165.33333333333331,142.66666666666666,False,False,False,True,susceptible-enriched,susceptible-dominant,True,0.9090909090909091,0.9636363636363636,0.36363636363636365,9.09090909090909,0.95,0.9,0.8,0.02,0.35,10.0,1.38,3.0,3.1622776601683795,2.0,1.0,0.7,10.0,i_db,i,d_b,3.1622776601683795,10.0
0.5,0.6931471805599453,3.526115585829115,0.5153291745460351,4.04144476037515,0.12751112661458208,-0.3724888733854179,-1.9231462730721733,-1.9231462730721733,0.3816279254777933,-0.311519255082152,4.067948547789545e-10,0.9999999989830128,86.66666666666666,1043.612244273193,375.46675446672646,0.06734116488656493,10.0,0.015602072679059454,1.3333333333333333,173.33333333333331,144.0,False,False,False,True,susceptible-enriched,susceptible-dominant,True,0.9406490568972324,0.9658454339828063,0.3415456601719373,9.406490568972325,0.95,0.9,0.8,0.02,0.35,10.0,1.38,3.0,3.981071705534973,2.0,1.0,0.7,10.0,i_db,i,d_b,3.981071705534973,10.0
0.5,0.6931471805599453,3.5984687198538516,0.4399655218347615,4.038434241688613,0.10894457988024495,-0.391055420119755,-2.101567313983104,-2.101567313983104,0.3443030216476677,-0.3488441589122776,3.247902764269836e-10,0.9999999991880243,88.0,1039.3084305013572,380.2822938538614,0.06507191187033375,10.0,0.015242249351481527,1.3333333333333333,178.66666666666666,144.0,False,False,False,True,susceptible-enriched,susceptible-dominant,True,0.9617134961177453,0.9673199447282421,0.32680055271757835,9.617134961177452,0.95,0.9,0.8,0.02,0.35,10.0,1.38,3.0,5.011872336272725,2.0,1.0,0.7,10.0,i_db,i,d_b,5.011872336272725,10.0
0.5,0.6931471805599453,3.640926804514536,0.3957500350508696,4.036676839565406,0.09803857251388907,-0.4019614274861109,-2.2192107575170184,-2.219210757517018,0.32075177792749254,-0.37239540263245274,2.804205583927115e-10,0.9999999992989486,88.0,1036.6489349603146,383.4729017684147,0.06356581227986101,10.0,0.015015402900242107,1.3333333333333333,182.66666666666666,145.33333333333331,False,False,False,True,susceptible-enriched,susceptible-dominant,True,0.975496632449664,0.9682847642714765,0.3171523572852353,9.75496632449664,0.95,0.9,0.8,0.02,0.35,10.0,1.38,3.0,6.309573444801933,2.0,1.0,0.7,10.0,i_db,i,d_b,6.309573444801933,10.0
0.5,0.6931471805599453,3.6664196275129672,0.3692257499447281,4.035645377457695,0.09149112853352999,-0.40850887146647,-2.2955626410856484,-2.2955626410856484,0.3059742428855835,-0.3871729376743618,2.5563200879250494e-10,0.99999999936092,88.0,1034.9409605604037,385.5525339619085,0.06272190533266969,10.0,0.014872346660190503,1.3333333333333333,186.66666666666666,145.33333333333331,False,False,False,True,susceptible-enriched,susceptible-dominant,True,0.9843983377581705,0.9689078836430719,0.3109211635692807,9.843983377581706,0.95,0.9,0.8,0.02,0.35,10.0,1.38,3.0,7.943282347242818,2.0,1.0,0.7,10.0,i_db,i,d_b,7.943282347242818,10.0
0.5,0.6931471805599453,3.6819813664778756,0.35304481234054863,4.035026178818424,0.08749504877907154,-0.41250495122092845,-2.344611305056948,-2.344611305056948,0.2967036480485933,-0.396443532511352,2.4114553761049315e-10,0.9999999993971361,88.0,1033.8469282195406,386.8926803456127,0.062136049603442864,10.0,0.014782113729476236,1.3333333333333333,188.0,145.33333333333331,False,False,False,True,susceptible-enriched,susceptible-dominant,True,0.9900990099009901,0.9693069306930693,0.306930693069307,9.900990099009901,0.95,0.9,0.8,0.02,0.35,10.0,1.38,3.0,10.0,2.0,1.0,0.7,10.0,i_db,i,d_b,10.0,10.0
