initial_fR,initial_H,final_ns,final_nr,final_total,final_fR,delta_fR,final_log_ratio,delta_log_ratio,final_H,delta_H,min_total,peak_loss,peak_loss_time,auc_total,auc_a,auc_b,peak_a,peak_b,time_peak_b,time_to_ss,time_to_recovery,resistant_extinct,susceptible_extinct,community_collapsed,susceptible_recovered,selection_direction,outcome,solver_success,iota,beta,phi,effective_db_iota,alpha,beta_min,xi,d_a,kappa_b,d_b,gamma,h_a,i,h_i,phi_max,c,a0,plane,pathway_mode,x_name,y_name,x_value,y_value
0.5,0.6931471805599453,1.9802806788693075,2.1108740138120776,4.0911546926813855,0.515960449402755,0.015960449402754984,0.06386349461158485,0.06386349461158485,0.6926376221138508,-0.0005095584460944602,0.3171039602233499,0.20724009944162525,2.0,1200.407685632999,8.481741461359054,1.5296099022389988,2.15,0.2099876549063666,4.0,19.0,,False,False,False,False,resistant-enriched,mixed,True,0.09090909090909091,0.9063636363636364,0.9363636363636364,0.09090909090909091,0.95,0.9,0.8,0.02,0.35,1.0,1.38,3.0,0.1,1.0,1.0,0.7,2.15,ablation_private_protection_only,private_protection_only,i,h_i,0.1,1.0
0.5,0.6931471805599453,1.986031254929661,2.1046673689842135,4.090698623913875,0.51450071552094,0.01450071552094001,0.05801913203564255,0.05801913203564233,0.6927265800871465,-0.0004206004727987933,0.3166220973716596,0.20844475657085104,2.0,1200.2266151369438,8.495835311621256,1.5306294735415267,2.1499999999999995,0.2097303664758867,4.0,19.0,,False,False,False,False,resistant-enriched,mixed,True,0.11181576977811696,0.9078271038844682,0.9217289611553181,0.11181576977811696,0.95,0.9,0.8,0.02,0.35,1.0,1.38,3.0,0.12589254117941673,1.0,1.0,0.7,2.15,ablation_private_protection_only,private_protection_only,i,h_i,0.12589254117941673,1.0
0.5,0.6931471805599453,1.992929309643832,2.0972223360029845,4.0901516456468165,0.5127492860161007,0.012749286016100703,0.05100820077104613,0.05100820077104613,0.6928220567354098,-0.0003251238245355337,0.3160478217430278,0.20988044564243047,2.0,1200.009517643767,8.51275840285287,1.5318402309384325,2.15,0.20942190002855363,4.0,19.0,,False,False,False,False,resistant-enriched,mixed,True,0.13680688860321,0.9095764822022248,0.904235177977753,0.13680688860321,0.95,0.9,0.8,0.02,0.35,1.0,1.38,3.0,0.15848931924611134,1.0,1.0,0.7,2.15,ablation_private_protection_only,private_protection_only,i,h_i,0.15848931924611134,1.0
0.5,0.6931471805599453,2.0011137068487868,2.088388308025789,4.089502014874576,0.510670565861022,0.010670565861021997,0.04268874500759295,0.04268874500759306,0.6929194413194442,-0.0002277392405011236,0.3153716473685318,0.21157088157867054,2.0,1199.7518473178911,8.532862790720184,1.5332596728484678,2.15,0.2090561450781531,4.0,19.0,,False,False,False,False,resistant-enriched,mixed,True,0.1663375308165619,0.9116436271571593,0.8835637284284067,0.1663375308165619,0.95,0.9,0.8,0.02,0.35,1.0,1.38,3.0,0.19952623149688797,1.0,1.0,0.7,2.15,ablation_private_protection_only,private_protection_only,i,h_i,0.19952623149688797,1.0
0.5,0.6931471805599453,2.0107005490174292,2.0780418495157806,4.08874239853321,0.5082349649274199,0.00823496492741993,0.032942838601151395,0.032942838601151395,0.6930115451327996,-0.000135635427145675,0.3145867536142134,0.21353311596446656,2.0,1199.450556342132,8.556445779315506,1.534899322677116,2.15,0.20862812193949606,4.0,19.0,,False,False,False,False,resistant-enriched,mixed,True,0.20076000891310175,0.9140532006239172,0.8594679937608287,0.20076000891310175,0.95,0.9,0.8,0.02,0.35,1.0,1.38,3.0,0.251188643150958,1.0,1.0,0.7,2.15,ablation_private_protection_only,private_protection_only,i,h_i,0.251188643150958,1.0
0.5,0.6931471805599453,2.0217573150156003,2.066102270202434,4.087859585218034,0.5054239821919506,0.005423982191950616,0.02169677987479474,0.02169677987479485,0.6930883402402379,-5.884031970737613e-05,0.31369058636730895,0.2157735340817276,2.0,1199.1012540408242,8.583701162889081,1.5367588142109723,2.15,0.208134880863027,4.0,19.0,,False,False,False,False,resistant-enriched,mixed,True,0.24025307335204213,0.9168177151346429,0.8318228486535705,0.24025307335204213,0.95,0.9,0.8,0.02,0.35,1.0,1.38,3.0,0.31622776601683794,1.0,1.0,0.7,2.15,ablation_private_protection_only,private_protection_only,i,h_i,0.31622776601683794,1.0
0.5,0.6931471805599453,2.0342948764996716,2.0525687721518704,4.086863648651542,0.5022356869745616,0.002235686974561557,0.008942807496965643,0.008942807496965643,0.6931371839341379,-9.996625807362491e-06,0.31268646967711444,0.21828382580721395,2.0,1198.706903908293,8.614663033452121,1.5388271038614816,2.15,0.20757646604158467,4.0,19.0,,False,False,False,False,resistant-enriched,mixed,True,0.28474724895080145,0.9199323074265561,0.800676925734439,0.28474724895080145,0.95,0.9,0.8,0.02,0.35,1.0,1.38,3.0,0.3981071705534973,1.0,1.0,0.7,2.15,ablation_private_protection_only,private_protection_only,i,h_i,0.3981071705534973,1.0
0.5,0.6931471805599453,2.0482279748503953,2.037524734218975,4.08575270906937,0.4986901751778,-0.0013098248221999897,-0.005239311273858954,-0.005239311273858954,0.693143749273891,-3.4312860542895507e-06,0.3115848819225979,0.2210377951935052,2.0,1198.2676569673981,8.649163534346311,1.541078315960662,2.15,0.20695691326904117,4.0,19.0,,False,False,False,False,susceptible-enriched,mixed,True,0.3338605754168779,0.9233702402791815,0.7662975972081855,0.3338605754168779,0.95,0.9,0.8,0.02,0.35,1.0,1.38,3.0,0.5011872336272724,1.0,1.0,0.7,2.15,ablation_private_protection_only,private_protection_only,i,h_i,0.5011872336272724,1.0
0.5,0.6931471805599453,2.0633764115703253,2.0211664872846664,4.084542898854991,0.4948329684213268,-0.005167031578673209,-0.020668862097955383,-0.020668862097955383,0.6930937831788417,-5.339738110354819e-05,0.3104039821316006,0.2239900446709986,2.0,1197.7897567210262,8.686780964948376,1.5434690561434197,2.15,0.20628469101861893,4.0,19.0,,False,False,False,False,susceptible-enriched,mixed,True,0.38686317984685703,0.92708042258928,0.7291957741072002,0.38686317984685703,0.95,0.9,0.8,0.02,0.35,1.0,1.38,3.0,0.6309573444801934,1.0,1.0,0.7,2.15,ablation_private_protection_only,private_protection_only,i,h_i,0.6309573444801934,1.0
0.5,0.6931471805599453,2.0794565068512827,2.003798868370822,4.083255375222105,0.4907356224962606,-0.009264377503739374,-0.03706175168547371,-0.03706175168547371,0.6929755133554472,-0.0001716672044981271,0.30916902928360634,0.2270774267909842,2.0,1197.2817069543505,8.726841603691145,1.5459432664487978,2.15,0.2055728001784811,4.0,19.0,,False,False,False,False,susceptible-enriched,mixed,True,0.44268836623770724,0.9309881856366395,0.690118143633605,0.44268836623770724,0.95,0.9,0.8,0.02,0.35,1.0,1.38,3.0,0.7943282347242815,1.0,1.0,0.7,2.15,ablation_private_protection_only,private_protection_only,i,h_i,0.7943282347242815,1.0
0.5,0.6931471805599453,2.096098007850193,1.9858217388575845,4.0819197467077775,0.48649210716580715,-0.013507892834192847,-0.05404472212509797,-0.05404472212509797,0.6927822098189301,-0.00036497074101515814,0.3079105564865327,0.23022360878366832,2.0,1196.7551619938977,8.768447369565557,1.5484362658035131,2.15,0.20499869561068434,3.0,19.0,,False,False,False,False,susceptible-enriched,mixed,True,0.5,0.935,0.65,0.5,0.95,0.9,0.8,0.02,0.35,1.0,1.38,3.0,1.0,1.0,1.0,0.7,2.15,ablation_private_protection_only,private_protection_only,i,h_i,1.0,1.0
0.5,0.6931471805599453,2.1128733444813848,1.9676953176090437,4.080568662090428,0.48221105452518376,-0.017788945474816242,-0.07118582739315059,-0.07118582739315081,0.6925141538121671,-0.0006330267477782092,0.30666150190363684,0.23334624524090797,2.0,1196.2230954538209,8.810547788469362,1.5508812805852055,2.15,0.20461574010697708,3.0,19.0,10.0,False,False,False,True,susceptible-enriched,mixed,True,0.5573116337622929,0.9390118143633606,0.609881856366395,0.5573116337622929,0.95,0.9,0.8,0.02,0.35,1.0,1.38,3.0,1.2589254117941675,1.0,1.0,0.7,2.15,ablation_private_protection_only,private_protection_only,i,h_i,1.2589254117941675,1.0
0.5,0.6931471805599453,2.1293408049346922,1.9498951039208623,4.079235908855555,0.4780049861023882,-0.021995013897611826,-0.08803687230313888,-0.08803687230313888,0.6921793069871618,-0.0009678735727834953,0.30545383335901766,0.2363654166024559,2.0,1195.6989162899984,8.852041545764042,1.553216010503661,2.1500000000000004,0.20424016835678582,3.0,19.0,10.0,False,False,False,True,susceptible-enriched,mixed,True,0.6131368201531432,0.9429195774107201,0.5708042258927998,0.6131368201531432,0.95,0.9,0.8,0.02,0.35,1.0,1.38,3.0,1.584893192461114,1.0,1.0,0.7,2.15,ablation_private_protection_only,private_protection_only,i,h_i,1.584893192461114,1.0
0.5,0.6931471805599453,2.1450926000783324,1.9328650474211349,4.077957647499467,0.4739786958322959,-0.026021304167704096,-0.10417933895397526,-0.10417933895397548,0.691792352054726,-0.0013548285052192854,0.30431537924236396,0.23921155189409016,2.0,1195.1964768366972,8.891889200617305,1.5553900514618024,2.15,0.20388132046602916,3.0,19.0,10.0,False,False,False,True,susceptible-enriched,mixed,True,0.6661394245831221,0.9466297597208185,0.5337024027918145,0.6661394245831221,0.95,0.9,0.8,0.02,0.35,1.0,1.38,3.0,1.9952623149688797,1.0,1.0,0.7,2.15,ablation_private_protection_only,private_protection_only,i,h_i,1.9952623149688797,1.0
0.5,0.6931471805599453,2.159788657485793,1.916971274246722,4.076759931732515,0.47021931787679727,-0.02978068212320273,-0.11926389394474274,-0.11926389394474274,0.6913723522505828,-0.0017748283093624861,0.30307864773653,0.24230338065867507,3.0,1194.726124767971,8.92921337678155,1.5573670860770967,2.15,0.20354688546477054,3.0,19.0,10.0,False,False,False,True,susceptible-enriched,mixed,True,0.7152527510491986,0.9500676925734439,0.499323074265561,0.7152527510491986,0.95,0.9,0.8,0.02,0.35,1.0,1.38,3.0,2.511886431509581,1.0,1.0,0.7,2.15,ablation_private_protection_only,private_protection_only,i,h_i,2.511886431509581,1.0
0.5,0.6931471805599453,2.1731846302688607,1.9024780733202606,4.0756627035891215,0.46678987239176956,-0.033210127608230444,-0.13303637777989302,-0.13303637777989302,0.6909397306513716,-0.0022074499085736887,0.3015826459623581,0.24604338509410473,3.0,1194.295672273919,8.963365747912789,1.5591266038311904,2.1499999999999995,0.20324234933955085,3.0,19.0,10.0,False,False,False,True,susceptible-enriched,mixed,True,0.7597469266479577,0.953182284865357,0.4681771513464297,0.7597469266479577,0.95,0.9,0.8,0.02,0.35,1.0,1.38,3.0,3.1622776601683795,1.0,1.0,0.7,2.15,ablation_private_protection_only,private_protection_only,i,h_i,3.1622776601683795,1.0
0.5,0.6931471805599453,2.1851407920722346,1.8895398841105644,4.074680676182799,0.46372710753881796,-0.03627289246118204,-0.14534691032982539,-0.14534691032982539,0.6905134220637501,-0.002633758496195182,0.30026561633144055,0.2493359591713986,3.0,1193.9105846096854,8.993953168161944,1.560663242527938,2.15,0.20297083207603406,3.0,19.0,10.0,False,False,False,True,susceptible-enriched,mixed,True,0.7992399910868984,0.9559467993760828,0.4405320062391712,0.7992399910868984,0.95,0.9,0.8,0.02,0.35,1.0,1.38,3.0,3.981071705534973,1.0,1.0,0.7,2.15,ablation_private_protection_only,private_protection_only,i,h_i,3.981071705534973,1.0
0.5,0.6931471805599453,2.1956118927887256,1.878206091645647,4.073817984434372,0.46104320291728146,-0.03895679708271854,-0.15614365959978635,-0.15614365959978635,0.690108838058143,-0.003038342501802238,0.2991259226542125,0.25218519336446876,3.0,1193.5724623988403,9.020826558938422,1.5619831728307703,2.15,0.202733265309188,3.0,19.0,10.0,False,False,False,True,susceptible-enriched,mixed,True,0.8336624691834381,0.9583563728428407,0.41643627157159335,0.8336624691834381,0.95,0.9,0.8,0.02,0.35,1.0,1.38,3.0,5.011872336272725,1.0,1.0,0.7,2.15,ablation_private_protection_only,private_protection_only,i,h_i,5.011872336272725,1.0
0.5,0.6931471805599453,2.2046317247559175,1.868440882470121,4.073072607226038,0.4587300700594731,-0.04126992994052692,-0.16545614628679028,-0.1654561462867905,0.6897368878602428,-0.0034102926997024996,0.2981542692438585,0.2546143268903538,3.0,1193.2804674853396,9.04404113540059,1.5631010341705882,2.1499999999999995,0.20252879601451776,3.0,19.0,10.0,False,False,False,True,susceptible-enriched,mixed,True,0.86319311139679,0.9604235177977754,0.39576482202224705,0.86319311139679,0.95,0.9,0.8,0.02,0.35,1.0,1.38,3.0,6.309573444801933,1.0,1.0,0.7,2.15,ablation_private_protection_only,private_protection_only,i,h_i,6.309573444801933,1.0
0.5,0.6931471805599453,2.2122926729260883,1.8601475522863786,4.072440225212467,0.4567648509044307,-0.0432351490955693,-0.17337357259216615,-0.17337357259216615,0.6894039514008475,-0.0037432291590977496,0.29733634025961875,0.25665914935095313,3.0,1193.032618087581,9.063803771518012,1.56403689182227,2.15,0.20235528690115845,3.0,20.0,10.0,False,False,False,True,susceptible-enriched,mixed,True,0.8881842302218831,0.9621728961155318,0.37827103884468183,0.8881842302218831,0.95,0.9,0.8,0.02,0.35,1.0,1.38,3.0,7.943282347242818,1.0,1.0,0.7,2.15,ablation_private_protection_only,private_protection_only,i,h_i,7.943282347242818,1.0
0.5,0.6931471805599453,2.218719126967163,1.8531876382938408,4.071906765261004,0.455115439799382,-0.044884560200617984,-0.18002285546554947,-0.18002285546554947,0.6891125039399002,-0.004034676620045086,0.29665514553845973,0.25836213615385073,3.0,1192.8237856264323,9.08041969223061,1.5648121056127389,2.15,0.20220980780233527,3.0,20.0,10.0,False,False,False,True,susceptible-enriched,mixed,True,0.9090909090909091,0.9636363636363636,0.36363636363636365,0.9090909090909091,0.95,0.9,0.8,0.02,0.35,1.0,1.38,3.0,10.0,1.0,1.0,0.7,2.15,ablation_private_protection_only,private_protection_only,i,h_i,10.0,1.0
0.5,0.6931471805599453,1.9675415621704846,2.1246231675696654,4.0921647297401496,0.5191929719077018,0.01919297190770175,0.0768096283003152,0.0768096283003152,0.6924102591831466,-0.0007369213767987048,0.31818165027399986,0.20454587431500038,2.0,1200.8089338389377,8.450564752475405,1.52731783798166,2.15,0.21055799131201208,4.0,19.0,,False,False,False,False,resistant-enriched,mixed,True,0.04435701794430148,0.9031049912561011,0.9689500874389889,0.04435701794430148,0.95,0.9,0.8,0.02,0.35,1.0,1.38,3.0,0.1,1.3333333333333333,1.0,0.7,2.15,ablation_private_protection_only,private_protection_only,i,h_i,0.1,1.3333333333333333
0.5,0.6931471805599453,1.9716348453588626,2.120205408633457,4.09184025399232,0.5181544921175304,0.018154492117530396,0.0726499055170411,0.07264990551704088,0.6924878644798802,-0.0006593160800650866,0.3178338212689662,0.2054154468275845,2.0,1200.6799936602915,8.460575641208594,1.5280593649824634,2.15,0.21037468245035032,4.0,19.0,,False,False,False,False,resistant-enriched,mixed,True,0.05935094310276761,0.9041545660171938,0.9584543398280627,0.05935094310276761,0.95,0.9,0.8,0.02,0.35,1.0,1.38,3.0,0.12589254117941673,1.3333333333333333,1.0,0.7,2.15,ablation_private_protection_only,private_protection_only,i,h_i,0.12589254117941673,1.3333333333333333
0.5,0.6931471805599453,1.9770115929092156,2.114402412606905,4.091414005516121,0.5167901389974782,0.016790138997478166,0.06718581728285196,0.06718581728285196,0.6925832570136077,-0.000563923546337608,0.3173791660310311,0.20655208492242227,2.0,1200.5106605535595,8.473734996839376,1.5290261255689064,2.15,0.21013396897134737,4.0,19.0,,False,False,False,False,resistant-enriched,mixed,True,0.07899428263617196,0.9055295997845321,0.9447040021546796,0.07899428263617196,0.95,0.9,0.8,0.02,0.35,1.0,1.38,3.0,0.15848931924611134,1.3333333333333333,1.0,0.7,2.15,ablation_private_protection_only,private_protection_only,i,h_i,0.15848931924611134,1.3333333333333333
0.5,0.6931471805599453,1.983994145599084,2.1068660431825945,4.0908601887816785,0.5150178558925652,0.015017855892565213,0.060089497712320444,0.060089497712320444,0.6926960407222593,-0.00045113983768596544,0.3167924691732877,0.20801882706678088,2.0,1200.290753217806,8.490841173209766,1.5302693618035905,2.15,0.20982149631709288,4.0,19.0,,False,False,False,False,resistant-enriched,mixed,True,0.10441727916673238,0.9073092095416713,0.9269079045832873,0.10441727916673238,0.95,0.9,0.8,0.02,0.35,1.0,1.38,3.0,0.19952623149688797,1.3333333333333333,1.0,0.7,2.15,ablation_private_protection_only,private_protection_only,i,h_i,0.19952623149688797,1.3333333333333333
0.5,0.6931471805599453,1.992929309643832,2.0972223360029845,4.0901516456468165,0.5127492860161007,0.012749286016100703,0.05100820077104613,0.05100820077104613,0.6928220567354098,-0.0003251238245355337,0.3160478217430278,0.20988044564243047,2.0,1200.009517643767,8.51275840285287,1.5318402309384325,2.15,0.20942190002855363,4.0,19.0,,False,False,False,False,resistant-enriched,mixed,True,0.13680688860321003,0.9095764822022248,0.904235177977753,0.13680688860321003,0.95,0.9,0.8,0.02,0.35,1.0,1.38,3.0,0.251188643150958,1.3333333333333333,1.0,0.7,2.15,ablation_private_protection_only,private_protection_only,i,h_i,0.251188643150958,1.3333333333333333
0.5,0.6931471805599453,2.0041486729158113,2.0851123546670287,4.08926102758284,0.5098995492345808,0.009899549234580807,0.039603372376814085,0.039603372376814085,0.6929511656022269,-0.00019601495771837119,0.31512232599318746,0.21219418501703136,2.0,1199.656298792264,8.540325030371028,1.5337813452090598,2.1500000000000004,0.2089205862001594,4.0,19.0,,False,False,False,False,resistant-enriched,mixed,True,0.17725503036342635,0.9124078521254398,0.8759214787456016,0.17725503036342635,0.95,0.9,0.8,0.02,0.35,1.0,1.38,3.0,0.31622776601683794,1.3333333333333333,1.0,0.7,2.15,ablation_private_protection_only,private_protection_only,i,h_i,0.31622776601683794,1.3333333333333333
0.5,0.6931471805599453,2.017905563559284,2.07026036185773,4.088165925417014,0.5064032134768485,0.006403213476848468,0.025614254253569772,0.025614254253569772,0.6930651760326798,-8.200452726547791e-05,0.3140016046121507,0.2149959884696233,2.0,1199.2225621538728,8.574201905696864,1.5361146984276024,2.15,0.2083066096618629,4.0,19.0,,False,False,False,False,resistant-enriched,mixed,True,0.22652371251959852,0.9158566598763719,0.8414334012362811,0.22652371251959852,0.95,0.9,0.8,0.02,0.35,1.0,1.38,3.0,0.3981071705534973,1.3333333333333333,1.0,0.7,2.15,ablation_private_protection_only,private_protection_only,i,h_i,0.3981071705534973,1.3333333333333333
0.5,0.6931471805599453,2.0342948764996716,2.0525687721518704,4.086863648651542,0.5022356869745616,0.002235686974561557,0.008942807496965643,0.008942807496965643,0.6931371839341379,-9.996625807362491e-06,0.31268646967711444,0.21828382580721395,2.0,1198.706903908293,8.614663033452121,1.5388271038614816,2.15,0.20757646604158467,4.0,19.0,,False,False,False,False,resistant-enriched,mixed,True,0.2847472489508015,0.9199323074265561,0.8006769257344389,0.2847472489508015,0.95,0.9,0.8,0.02,0.35,1.0,1.38,3.0,0.5011872336272724,1.3333333333333333,1.0,0.7,2.15,ablation_private_protection_only,private_protection_only,i,h_i,0.5011872336272724,1.3333333333333333
0.5,0.6931471805599453,2.0531544919459863,2.032205239398865,4.085359731344852,0.4974360577862472,-0.002563942213752779,-0.010255858748922615,-0.010255858748922504,0.693134032902974,-1.3147656971246313e-05,0.3111989475594862,0.2220026311012846,2.0,1198.11235070166,8.66138442670169,1.5418621959113907,2.15,0.20673813842770924,4.0,19.0,,False,False,False,False,susceptible-enriched,mixed,True,0.35114211462456424,0.9245799480237196,0.754200519762805,0.35114211462456424,0.95,0.9,0.8,0.02,0.35,1.0,1.38,3.0,0.6309573444801934,1.3333333333333333,1.0,0.7,2.15,ablation_private_protection_only,private_protection_only,i,h_i,0.6309573444801934,1.3333333333333333
0.5,0.6931471805599453,2.0740143469227896,2.009677239525283,4.083691586448072,0.49212267796973064,-0.007877322030269363,-0.031511895470352866,-0.031511895470352866,0.6930230710207306,-0.0001241095392147118,0.30958488192143196,0.2260377951964201,2.0,1197.4537661887719,8.713268001673443,1.5451130798987147,2.15,0.20581353351816004,4.0,19.0,,False,False,False,False,susceptible-enriched,mixed,True,0.42384440259474404,0.9296691081816321,0.7033089181836791,0.42384440259474404,0.95,0.9,0.8,0.02,0.35,1.0,1.38,3.0,0.7943282347242815,1.3333333333333333,1.0,0.7,2.15,ablation_private_protection_only,private_protection_only,i,h_i,0.7943282347242815,1.3333333333333333
0.5,0.6931471805599453,2.096098007850193,1.9858217388575845,4.0819197467077775,0.48649210716580715,-0.013507892834192847,-0.05404472212509797,-0.05404472212509797,0.6927822098189301,-0.00036497074101515814,0.3079105564865327,0.23022360878366832,2.0,1196.7551619938977,8.768447369565557,1.5484362658035131,2.15,0.20499869561068434,3.0,19.0,,False,False,False,False,susceptible-enriched,mixed,True,0.5,0.935,0.65,0.5,0.95,0.9,0.8,0.02,0.35,1.0,1.38,3.0,1.0,1.3333333333333333,1.0,0.7,2.15,ablation_private_protection_only,private_protection_only,i,h_i,1.0,1.3333333333333333
0.5,0.6931471805599453,2.118417642306827,1.9617023611035387,4.080120003410365,0.4807952607922932,-0.019204739207706822,-0.07685676700089424,-0.07685676700089424,0.6924093550638595,-0.0007378254960858088,0.3062528608869092,0.23436784778272712,2.0,1196.046629020008,8.824500206584926,1.5516745448179616,2.1499999999999995,0.20448924245451786,3.0,19.0,10.0,False,False,False,True,susceptible-enriched,mixed,True,0.576155597405256,0.9403308918183679,0.5966910818163208,0.576155597405256,0.95,0.9,0.8,0.02,0.35,1.0,1.38,3.0,1.2589254117941675,1.3333333333333333,1.0,0.7,2.15,ablation_private_protection_only,private_protection_only,i,h_i,1.2589254117941675,1.3333333333333333
0.5,0.6931471805599453,2.1399443202587953,1.9384316508893362,4.078375971148132,0.4752949861911909,-0.024705013808809073,-0.09890059137964455,-0.09890059137964455,0.6919260079768697,-0.001221172583075636,0.3046857038410225,0.23828574039744377,2.0,1195.3608589772575,8.878847945604646,1.5546858083124295,2.1500000000000004,0.20399856190902396,3.0,19.0,10.0,False,False,False,True,susceptible-enriched,mixed,True,0.6488578853754359,0.9454200519762805,0.5457994802371949,0.6488578853754359,0.95,0.9,0.8,0.02,0.35,1.0,1.38,3.0,1.584893192461114,1.3333333333333333,1.0,0.7,2.15,ablation_private_protection_only,private_protection_only,i,h_i,1.584893192461114,1.3333333333333333
0.5,0.6931471805599453,2.159788657485793,1.916971274246722,4.076759931732515,0.47021931787679727,-0.02978068212320273,-0.11926389394474274,-0.11926389394474274,0.6913723522505828,-0.0017748283093624861,0.30307864773653,0.24230338065867507,3.0,1194.726124767971,8.92921337678155,1.5573670860770967,2.15,0.20354688546477054,3.0,19.0,10.0,False,False,False,True,susceptible-enriched,mixed,True,0.7152527510491986,0.9500676925734439,0.499323074265561,0.7152527510491986,0.95,0.9,0.8,0.02,0.35,1.0,1.38,3.0,1.9952623149688797,1.3333333333333333,1.0,0.7,2.15,ablation_private_protection_only,private_protection_only,i,h_i,1.9952623149688797,1.3333333333333333
0.5,0.6931471805599453,2.177334172320755,1.8979882152645107,4.075322387585266,0.4657271338940912,-0.034272866105908795,-0.13730678062772136,-0.1373067806277216,0.6907960787193472,-0.0023511018405980577,0.30112364414330745,0.24719088964173141,3.0,1194.162184032369,8.97396973955798,1.5596634890198084,2.1499999999999995,0.20314808697056713,3.0,19.0,10.0,False,False,False,True,susceptible-enriched,mixed,True,0.7734762874804016,0.9541433401236281,0.45856659876371886,0.7734762874804016,0.95,0.9,0.8,0.02,0.35,1.0,1.38,3.0,2.511886431509581,1.3333333333333333,1.0,0.7,2.15,ablation_private_protection_only,private_protection_only,i,h_i,2.511886431509581,1.3333333333333333
0.5,0.6931471805599453,2.1922858311017515,1.88180645204774,4.074092283149492,0.46189588287700806,-0.03810411712299194,-0.15271256374302075,-0.15271256374302064,0.6902405157497216,-0.0029066648102237247,0.29948656232809084,0.251283594179773,3.0,1193.6799537075499,9.012281675872654,1.5615665051488312,2.15,0.20280870323795347,3.0,19.0,10.0,False,False,False,True,susceptible-enriched,mixed,True,0.8227449696365737,0.9575921478745602,0.4240785212543984,0.8227449696365737,0.95,0.9,0.8,0.02,0.35,1.0,1.38,3.0,3.1622776601683795,1.3333333333333333,1.0,0.7,2.15,ablation_private_protection_only,private_protection_only,i,h_i,3.1622776601683795,1.3333333333333333
0.5,0.6931471805599453,2.2046317247559175,1.868440882470121,4.073072607226038,0.4587300700594731,-0.04126992994052692,-0.16545614628679028,-0.1654561462867905,0.6897368878602428,-0.0034102926997024996,0.2981542692438585,0.2546143268903538,3.0,1193.2804674853396,9.04404113540059,1.5631010341705882,2.1499999999999995,0.20252879601451776,3.0,19.0,10.0,False,False,False,True,susceptible-enriched,mixed,True,0.86319311139679,0.9604235177977754,0.39576482202224705,0.86319311139679,0.95,0.9,0.8,0.02,0.35,1.0,1.38,3.0,3.981071705534973,1.3333333333333333,1.0,0.7,2.15,ablation_private_protection_only,private_protection_only,i,h_i,3.981071705534973,1.3333333333333333
0.5,0.6931471805599453,2.2145650510744024,1.8576868550936034,4.072251906168006,0.4561817141714322,-0.04381828582856778,-0.17572393152506105,-0.17572393152506105,0.6893021656351923,-0.0038450149247529763,0.2970949603465143,0.2572625991337143,3.0,1192.9588713616945,9.069675161320976,1.5643119951171962,2.15,0.20230383843425256,3.0,20.0,10.0,False,False,False,True,susceptible-enriched,mixed,True,0.8955827208332677,0.9626907904583287,0.3730920954167126,0.8955827208332677,0.95,0.9,0.8,0.02,0.35,1.0,1.38,3.0,5.011872336272725,1.3333333333333333,1.0,0.7,2.15,ablation_private_protection_only,private_protection_only,i,h_i,5.011872336272725,1.3333333333333333
0.5,0.6931471805599453,2.222388943168163,1.8492123808949097,4.071601324063073,0.4541732438208294,-0.04582675617917059,-0.18382290944885435,-0.18382290944885457,0.6889410970344917,-0.004206083525453597,0.2962681703568668,0.25932957410783297,3.0,1192.7042767541573,9.089923253441643,1.5652508705054096,2.1499999999999995,0.202126766490289,3.0,20.0,10.0,False,False,False,True,susceptible-enriched,mixed,True,0.9210057173638281,0.9644704002154679,0.3552959978453204,0.9210057173638281,0.95,0.9,0.8,0.02,0.35,1.0,1.38,3.0,6.309573444801933,1.3333333333333333,1.0,0.7,2.15,ablation_private_protection_only,private_protection_only,i,h_i,6.309573444801933,1.3333333333333333
0.5,0.6931471805599453,2.2284511237965363,1.8426449623142105,4.071096086110747,0.4526164264706782,-0.04738357352932182,-0.19010476187638942,-0.19010476187638942,0.6886500289684769,-0.004497151591468351,0.2956321442266324,0.260919639433419,3.0,1192.5066329042224,9.10564566254299,1.5659694247134048,2.15,0.2019896529855244,3.0,20.0,10.0,False,False,False,True,susceptible-enriched,mixed,True,0.9406490568972324,0.9658454339828063,0.3415456601719373,0.9406490568972324,0.95,0.9,0.8,0.02,0.35,1.0,1.38,3.0,7.943282347242818,1.3333333333333333,1.0,0.7,2.15,ablation_private_protection_only,private_protection_only,i,h_i,7.943282347242818,1.3333333333333333
0.5,0.6931471805599453,2.2330881432065963,1.8376204060100476,4.0707085492166435,0.4514251963245255,-0.04857480367547451,-0.1949139680395587,-0.1949139680395587,0.6884207062298375,-0.004726474330107755,0.2951482975657941,0.26212925608551485,3.0,1192.3551133296135,9.11769251930513,1.5665138523584146,2.1499999999999995,0.20188482069576563,3.0,20.0,10.0,False,False,False,True,susceptible-enriched,mixed,True,0.9556429820556985,0.9668950087438989,0.331049912561011,0.9556429820556985,0.95,0.9,0.8,0.02,0.35,1.0,1.38,3.0,10.0,1.3333333333333333,1.0,0.7,2.15,ablation_private_protection_only,private_protection_only,i,h_i,10.0,1.3333333333333333
0.5,0.6931471805599453,1.9612080966932366,2.131458192205095,4.092666288898331,0.5207994108844978,0.02079941088449777,0.08324568354615856,0.08324568354615856,0.6922816998592186,-0.0008654807007266729,0.3187227510159186,0.2031931224602035,2.0,1201.0083548404032,8.435087705660287,1.526161037458126,2.1500000000000004,0.21084169633340627,4.0,19.0,,False,False,False,False,resistant-enriched,mixed,True,0.021089977117186395,0.9014762983982031,0.9852370160179695,0.021089977117186395,0.95,0.9,0.8,0.02,0.35,1.0,1.38,3.0,0.1,1.6666666666666665,1.0,0.7,2.15,ablation_private_protection_only,private_protection_only,i,h_i,0.1,1.6666666666666665
0.5,0.6931471805599453,1.9638086656036258,2.1286518056291834,4.092460471232809,0.5201398573284082,0.020139857328408173,0.08060303980253701,0.08060303980253701,0.6923357333475773,-0.0008114472123680327,0.31850014307270014,0.20374964231824966,2.0,1200.9264996341758,8.441440785708036,1.5266374359842163,2.15,0.21072519580926155,4.0,19.0,,False,False,False,False,resistant-enriched,mixed,True,0.030653430031715518,0.9021457401022202,0.9785425989777992,0.030653430031715518,0.95,0.9,0.8,0.02,0.35,1.0,1.38,3.0,0.12589254117941673,1.6666666666666665,1.0,0.7,2.15,ablation_private_protection_only,private_protection_only,i,h_i,0.12589254117941673,1.6666666666666665
0.5,0.6931471805599453,1.9675415621704846,2.1246231675696654,4.0921647297401496,0.5191929719077018,0.01919297190770175,0.0768096283003152,0.0768096283003152,0.6924102591831466,-0.0007369213767987048,0.31818165027399986,0.20454587431500038,2.0,1200.8089338389377,8.450564752475405,1.52731783798166,2.15,0.21055799131201208,4.0,19.0,,False,False,False,False,resistant-enriched,mixed,True,0.04435701794430148,0.9031049912561011,0.9689500874389889,0.04435701794430148,0.95,0.9,0.8,0.02,0.35,1.0,1.38,3.0,0.15848931924611134,1.6666666666666665,1.0,0.7,2.15,ablation_private_protection_only,private_protection_only,i,h_i,0.15848931924611134,1.6666666666666665
0.5,0.6931471805599453,1.9728468417966,2.11889750425252,4.09174434604912,0.5178469926398191,0.017846992639819148,0.07141831128939376,0.07141831128939376,0.6925100149291923,-0.0006371656307530005,0.3177311213126901,0.20567219671827475,2.0,1200.6418703792385,8.463540803452439,1.5282779899971737,2.15,0.2103204183689847,4.0,19.0,,False,False,False,False,resistant-enriched,mixed,True,0.06378367566893509,0.9044648572968255,0.9553514270317455,0.06378367566893509,0.95,0.9,0.8,0.02,0.35,1.0,1.38,3.0,0.19952623149688797,1.6666666666666665,1.0,0.7,2.15,ablation_private_protection_only,private_protection_only,i,h_i,0.19952623149688797,1.6666666666666665
0.5,0.6931471805599453,1.9802806788693075,2.1108740138120776,4.0911546926813855,0.515960449402755,0.015960449402754984,0.06386349461158485,0.06386349461158485,0.6926376221138508,-0.0005095584460944602,0.3171039602233499,0.20724009944162525,2.0,1200.407685632999,8.481741461359054,1.5296099022389988,2.15,0.2099876549063666,4.0,19.0,,False,False,False,False,resistant-enriched,mixed,True,0.09090909090909093,0.9063636363636364,0.9363636363636364,0.09090909090909093,0.95,0.9,0.8,0.02,0.35,1.0,1.38,3.0,0.251188643150958,1.6666666666666665,1.0,0.7,2.15,ablation_private_protection_only,private_protection_only,i,h_i,0.251188643150958,1.6666666666666665
0.5,0.6931471805599453,1.9904935944060134,2.0998512868386943,4.090344881244707,0.513367783843132,0.013367783843131975,0.05348388106055302,0.05348388106055302,0.6927897426808827,-0.0003574378790626165,0.31625014099065957,0.2093746475233511,2.0,1200.086194110355,8.506780578776201,1.5314142101222241,2.15,0.20953080130616944,4.0,19.0,,False,False,False,False,resistant-enriched,mixed,True,0.12799310777667883,0.9089595175443675,0.9104048245563248,0.12799310777667883,0.95,0.9,0.8,0.02,0.35,1.0,1.38,3.0,0.31622776601683794,1.6666666666666665,1.0,0.7,2.15,ablation_private_protection_only,private_protection_only,i,h_i,0.31622776601683794,1.6666666666666665
0.5,0.6931471805599453,2.0041486729158113,2.0851123546670287,4.08926102758284,0.5098995492345808,0.009899549234580807,0.039603372376814085,0.039603372376814085,0.6929511656022269,-0.00019601495771837119,0.31512232599318746,0.21219418501703136,2.0,1199.656298792264,8.540325030371028,1.5337813452090598,2.1500000000000004,0.2089205862001594,4.0,19.0,,False,False,False,False,resistant-enriched,mixed,True,0.17725503036342638,0.9124078521254398,0.8759214787456016,0.17725503036342638,0.95,0.9,0.8,0.02,0.35,1.0,1.38,3.0,0.3981071705534973,1.6666666666666665,1.0,0.7,2.15,ablation_private_protection_only,private_protection_only,i,h_i,0.3981071705534973,1.6666666666666665
0.5,0.6931471805599453,2.0217573150156003,2.066102270202434,4.087859585218034,0.5054239821919506,0.005423982191950616,0.02169677987479474,0.02169677987479485,0.6930883402402379,-5.884031970737613e-05,0.31369058636730895,0.2157735340817276,2.0,1199.1012540408242,8.583701162889081,1.5367588142109723,2.15,0.208134880863027,4.0,19.0,,False,False,False,False,resistant-enriched,mixed,True,0.24025307335204224,0.9168177151346429,0.8318228486535705,0.24025307335204224,0.95,0.9,0.8,0.02,0.35,1.0,1.38,3.0,0.5011872336272724,1.6666666666666665,1.0,0.7,2.15,ablation_private_protection_only,private_protection_only,i,h_i,0.5011872336272724,1.6666666666666665
0.5,0.6931471805599453,2.0434374300784284,2.0426973591330753,4.086134789211504,0.4999094411976684,-9.05588023316084e-05,-0.0003622352132873055,-0.0003622352132873055,0.6931471641581518,-1.6401793478948434e-08,0.3119619440112712,0.22009513997182206,2.0,1198.4186880040966,8.63729098606763,1.540309957700976,2.1500000000000004,0.20716979801028507,4.0,19.0,,False,False,False,False,neutral,mixed,True,0.31701401305280874,0.9221909809136967,0.7780901908630339,0.31701401305280874,0.95,0.9,0.8,0.02,0.35,1.0,1.38,3.0,0.6309573444801934,1.6666666666666665,1.0,0.7,2.15,ablation_private_protection_only,private_protection_only,i,h_i,0.6309573444801934,1.6666666666666665
0.5,0.6931471805599453,2.068649633132932,2.0154713668606243,4.084120999993557,0.4934896313953,-0.006510368604700001,-0.02604294625555371,-0.0260429462555536,0.6930624083657384,-8.477219420688353e-05,0.30999691387341793,0.22500771531645525,2.0,1197.62322335502,8.699903297781301,1.5442875689189544,2.1500000000000004,0.2060510396665526,4.0,19.0,,False,False,False,False,susceptible-enriched,mixed,True,0.4052193438583777,0.9283653540700865,0.7163464592991355,0.4052193438583777,0.95,0.9,0.8,0.02,0.35,1.0,1.38,3.0,0.7943282347242815,1.6666666666666665,1.0,0.7,2.15,ablation_private_protection_only,private_protection_only,i,h_i,0.7943282347242815,1.6666666666666665
0.5,0.6931471805599453,2.096098007850193,1.9858217388575845,4.0819197467077775,0.48649210716580715,-0.013507892834192847,-0.05404472212509797,-0.05404472212509797,0.6927822098189301,-0.00036497074101515814,0.3079105564865327,0.23022360878366832,2.0,1196.7551619938977,8.768447369565557,1.5484362658035131,2.15,0.20499869561068434,3.0,19.0,,False,False,False,False,susceptible-enriched,mixed,True,0.5,0.935,0.65,0.5,0.95,0.9,0.8,0.02,0.35,1.0,1.38,3.0,1.0,1.6666666666666665,1.0,0.7,2.15,ablation_private_protection_only,private_protection_only,i,h_i,1.0,1.6666666666666665
0.5,0.6931471805599453,2.1239117121883817,1.9557632666256242,4.079674978814006,0.4793919311665804,-0.02060806883341959,-0.08247900079398986,-0.08247900079399008,0.6922975549093385,-0.0008496256506067557,0.30584995788388847,0.23537510529027883,2.0,1195.871636474867,8.838344361052936,1.5524533272210532,2.15,0.20436393531455388,3.0,19.0,10.0,False,False,False,True,susceptible-enriched,mixed,True,0.5947806561416225,0.9416346459299136,0.5836535407008643,0.5947806561416225,0.95,0.9,0.8,0.02,0.35,1.0,1.38,3.0,1.2589254117941675,1.6666666666666665,1.0,0.7,2.15,ablation_private_protection_only,private_protection_only,i,h_i,1.2589254117941675,1.6666666666666665
0.5,0.6931471805599453,2.1501229024227615,1.9274256696148113,4.077548572037573,0.4726922648653248,-0.027307735134675215,-0.10933974181672486,-0.10933974181672508,0.6916550134281974,-0.0014921671317479346,0.3039551829057104,0.24011204273572406,2.0,1195.0357532977296,8.904648118267572,1.5560722260964197,2.15,0.20376681013270337,3.0,19.0,10.0,False,False,False,True,susceptible-enriched,mixed,True,0.6829859869471915,0.9478090190863034,0.521909809136966,0.6829859869471915,0.95,0.9,0.8,0.02,0.35,1.0,1.38,3.0,1.584893192461114,1.6666666666666665,1.0,0.7,2.15,ablation_private_protection_only,private_protection_only,i,h_i,1.584893192461114,1.6666666666666665
0.5,0.6931471805599453,2.1731846302688607,1.9024780733202606,4.0756627035891215,0.46678987239176956,-0.033210127608230444,-0.13303637777989302,-0.13303637777989302,0.6909397306513716,-0.0022074499085736887,0.3015826459623581,0.24604338509410473,3.0,1194.295672273919,8.963365747912789,1.5591266038311904,2.1499999999999995,0.20324234933955085,3.0,19.0,10.0,False,False,False,True,susceptible-enriched,mixed,True,0.7597469266479577,0.953182284865357,0.4681771513464297,0.7597469266479577,0.95,0.9,0.8,0.02,0.35,1.0,1.38,3.0,1.9952623149688797,1.6666666666666665,1.0,0.7,2.15,ablation_private_protection_only,private_protection_only,i,h_i,1.9952623149688797,1.6666666666666665
0.5,0.6931471805599453,2.1922858311017515,1.88180645204774,4.074092283149492,0.46189588287700806,-0.03810411712299194,-0.15271256374302075,-0.15271256374302064,0.6902405157497216,-0.0029066648102237247,0.29948656232809084,0.251283594179773,3.0,1193.6799537075499,9.012281675872654,1.5615665051488312,2.15,0.20280870323795347,3.0,19.0,10.0,False,False,False,True,susceptible-enriched,mixed,True,0.8227449696365737,0.9575921478745602,0.4240785212543984,0.8227449696365737,0.95,0.9,0.8,0.02,0.35,1.0,1.38,3.0,2.511886431509581,1.6666666666666665,1.0,0.7,2.15,ablation_private_protection_only,private_protection_only,i,h_i,2.511886431509581,1.6666666666666665
0.5,0.6931471805599453,2.2073303528311654,1.8655188193472907,4.072849172178456,0.4580377864445875,-0.04196221355541252,-0.16824459845678602,-0.1682445984567858,0.6896213801186476,-0.0035258004412976884,0.29786534981040724,0.25533662547398195,3.0,1193.1929666822302,9.05099873248722,1.5634320739482914,2.15,0.202467652415988,3.0,19.0,10.0,False,False,False,True,susceptible-enriched,mixed,True,0.8720068922233212,0.9610404824556324,0.38959517544367517,0.8720068922233212,0.95,0.9,0.8,0.02,0.35,1.0,1.38,3.0,3.1622776601683795,1.6666666666666665,1.0,0.7,2.15,ablation_private_protection_only,private_protection_only,i,h_i,3.1622776601683795,1.6666666666666665
0.5,0.6931471805599453,2.218719126967163,1.8531876382938408,4.071906765261004,0.455115439799382,-0.044884560200617984,-0.18002285546554947,-0.18002285546554947,0.6891125039399002,-0.004034676620045086,0.29665514553845973,0.25836213615385073,3.0,1192.8237856264323,9.08041969223061,1.5648121056127389,2.15,0.20220980780233527,3.0,20.0,10.0,False,False,False,True,susceptible-enriched,mixed,True,0.9090909090909091,0.9636363636363636,0.36363636363636365,0.9090909090909091,0.95,0.9,0.8,0.02,0.35,1.0,1.38,3.0,3.981071705534973,1.6666666666666665,1.0,0.7,2.15,ablation_private_protection_only,private_protection_only,i,h_i,3.981071705534973,1.6666666666666665
0.5,0.6931471805599453,2.2270817668927916,1.8441284004315928,4.071210167324384,0.45296811626985134,-0.04703188373014866,-0.18868534958247793,-0.18868534958247793,0.6887166372720159,-0.004430543287929356,0.29577545758257295,0.26056135604356767,3.0,1192.5512673295602,9.102091804452925,1.5658078050382145,2.1499999999999995,0.20202061659530565,3.0,20.0,10.0,False,False,False,True,susceptible-enriched,mixed,True,0.9362163243310649,0.9655351427031745,0.3446485729682546,0.9362163243310649,0.95,0.9,0.8,0.02,0.35,1.0,1.38,3.0,5.011872336272725,1.6666666666666665,1.0,0.7,2.15,ablation_private_protection_only,private_protection_only,i,h_i,5.011872336272725,1.6666666666666665
0.5,0.6931471805599453,2.2330881432065963,1.8376204060100476,4.0707085492166435,0.4514251963245255,-0.04857480367547451,-0.1949139680395587,-0.1949139680395587,0.6884207062298375,-0.004726474330107755,0.2951482975657941,0.26212925608551485,3.0,1192.3551133296135,9.11769251930513,1.5665138523584146,2.1499999999999995,0.20188482069576563,3.0,20.0,10.0,False,False,False,True,susceptible-enriched,mixed,True,0.9556429820556985,0.9668950087438989,0.331049912561011,0.9556429820556985,0.95,0.9,0.8,0.02,0.35,1.0,1.38,3.0,6.309573444801933,1.6666666666666665,1.0,0.7,2.15,ablation_private_protection_only,private_protection_only,i,h_i,6.309573444801933,1.6666666666666665
0.5,0.6931471805599453,2.237333474342061,1.833019520364858,4.070352994706919,0.45033428863504316,-0.049665711364956844,-0.19932012531328827,-0.1993201253132885,0.6882056699012775,-0.004941510658667769,0.2947073255323941,0.2632316861690148,3.0,1192.2161534805505,9.128737568129935,1.5670083168095168,2.15,0.2017888805743094,3.0,20.0,10.0,False,False,False,True,susceptible-enriched,mixed,True,0.9693465699682846,0.96785425989778,0.3214574010222008,0.9693465699682846,0.95,0.9,0.8,0.02,0.35,1.0,1.38,3.0,7.943282347242818,1.6666666666666665,1.0,0.7,2.15,ablation_private_protection_only,private_protection_only,i,h_i,7.943282347242818,1.6666666666666665
0.5,0.6931471805599453,2.240300541852448,1.82980387202825,4.070104413880698,0.44957172739546447,-0.05042827260453553,-0.2024012399819814,-0.2024012399819814,0.6880525013905185,-0.005094679169426741,0.29440027789569967,0.2639993052607509,3.0,1192.118999097068,9.136465549926472,1.5673516737845623,2.1499999999999995,0.20172185320766037,3.0,20.0,10.0,False,False,False,True,susceptible-enriched,mixed,True,0.9789100228828136,0.9685237016017969,0.3147629839820305,0.9789100228828136,0.95,0.9,0.8,0.02,0.35,1.0,1.38,3.0,10.0,1.6666666666666665,1.0,0.7,2.15,ablation_private_protection_only,private_protection_only,i,h_i,10.0,1.6666666666666665
0.5,0.6931471805599453,1.9581705092945156,2.1347365319116824,4.092907041206198,0.5215697572458343,0.02156975724583432,0.08633261109342419,0.08633261109342374,0.6922163828740183,-0.0009307976859269651,0.3189835500114237,0.20254112497144083,2.0,1201.1040840540954,8.427669666381517,1.5256020660626222,2.15,0.21097780096941804,4.0,19.0,,False,False,False,False,resistant-enriched,mixed,True,0.009900990099009903,0.9006930693069307,0.9930693069306931,0.009900990099009903,0.95,0.9,0.8,0.02,0.35,1.0,1.38,3.0,0.1,2.0,1.0,0.7,2.15,ablation_private_protection_only,private_protection_only,i,h_i,0.1,2.0
0.5,0.6931471805599453,1.9597174158559325,2.1330668948615124,4.092784310717445,0.5211774510754994,0.0211774510754994,0.08476051359964659,0.08476051359964659,0.6922499433148239,-0.0008972372451213628,0.3188506279708938,0.20287343007276548,2.0,1201.055294176204,8.43144706879226,1.5258870733315388,2.15,0.21090848383960642,4.0,19.0,,False,False,False,False,resistant-enriched,mixed,True,0.015601662241829605,0.9010921163569281,0.9890788364307193,0.015601662241829605,0.95,0.9,0.8,0.02,0.35,1.0,1.38,3.0,0.12589254117941673,2.0,1.0,0.7,2.15,ablation_private_protection_only,private_protection_only,i,h_i,0.12589254117941673,2.0
0.5,0.6931471805599453,1.9621358165103309,2.1304569695228732,4.0925927860332045,0.5205641217942537,0.02056412179425371,0.08230291414405425,0.08230291414405425,0.6923011757479687,-0.0008460048119766084,0.3186432657755819,0.20339183556104534,2.0,1200.9791289891723,8.437353900277161,1.5263312214505496,2.1500000000000004,0.2108001327601874,4.0,19.0,,False,False,False,False,resistant-enriched,mixed,True,0.02450336755033599,0.9017152357285235,0.9828476427147648,0.02450336755033599,0.95,0.9,0.8,0.02,0.35,1.0,1.38,3.0,0.15848931924611134,2.0,1.0,0.7,2.15,ablation_private_protection_only,private_protection_only,i,h_i,0.15848931924611134,2.0
0.5,0.6931471805599453,1.9658869540898964,2.126408831377412,4.092295785467308,0.5196126924473013,0.01961269244730135,0.07849104256546255,0.07849104256546233,0.6923776677462958,-0.0007695128136494533,0.31832266809906523,0.20419332975233695,2.0,1200.861032597072,8.446519952019933,1.527016764480522,2.15,0.21063209976384373,4.0,19.0,,False,False,False,False,resistant-enriched,mixed,True,0.038286503882254734,0.9026800552717579,0.9731994472824217,0.038286503882254734,0.95,0.9,0.8,0.02,0.35,1.0,1.38,3.0,0.19952623149688797,2.0,1.0,0.7,2.15,ablation_private_protection_only,private_protection_only,i,h_i,0.19952623149688797,2.0
0.5,0.6931471805599453,1.9716348453588626,2.120205408633457,4.09184025399232,0.5181544921175304,0.018154492117530396,0.0726499055170411,0.07264990551704088,0.6924878644798802,-0.0006593160800650866,0.3178338212689662,0.2054154468275845,2.0,1200.6799936602915,8.460575641208594,1.5280593649824634,2.15,0.21037468245035032,4.0,19.0,,False,False,False,False,resistant-enriched,mixed,True,0.059350943102767596,0.9041545660171938,0.9584543398280627,0.059350943102767596,0.95,0.9,0.8,0.02,0.35,1.0,1.38,3.0,0.251188643150958,2.0,1.0,0.7,2.15,ablation_private_protection_only,private_protection_only,i,h_i,0.251188643150958,2.0
0.5,0.6931471805599453,1.9802806788693075,2.1108740138120776,4.0911546926813855,0.515960449402755,0.015960449402754984,0.06386349461158485,0.06386349461158485,0.6926376221138508,-0.0005095584460944602,0.3171039602233499,0.20724009944162525,2.0,1200.407685632999,8.481741461359054,1.5296099022389988,2.15,0.2099876549063666,4.0,19.0,,False,False,False,False,resistant-enriched,mixed,True,0.09090909090909091,0.9063636363636364,0.9363636363636364,0.09090909090909091,0.95,0.9,0.8,0.02,0.35,1.0,1.38,3.0,0.31622776601683794,2.0,1.0,0.7,2.15,ablation_private_protection_only,private_protection_only,i,h_i,0.31622776601683794,2.0
0.5,0.6931471805599453,1.992929309643832,2.0972223360029845,4.0901516456468165,0.5127492860161007,0.012749286016100703,0.05100820077104613,0.05100820077104613,0.6928220567354098,-0.0003251238245355337,0.3160478217430278,0.20988044564243047,2.0,1200.009517643767,8.51275840285287,1.5318402309384325,2.15,0.20942190002855363,4.0,19.0,,False,False,False,False,resistant-enriched,mixed,True,0.13680688860321005,0.9095764822022248,0.904235177977753,0.13680688860321005,0.95,0.9,0.8,0.02,0.35,1.0,1.38,3.0,0.3981071705534973,2.0,1.0,0.7,2.15,ablation_private_protection_only,private_protection_only,i,h_i,0.3981071705534973,2.0
0.5,0.6931471805599453,2.0107005490174292,2.0780418495157806,4.08874239853321,0.5082349649274199,0.00823496492741993,0.032942838601151395,0.032942838601151395,0.6930115451327996,-0.000135635427145675,0.3145867536142134,0.21353311596446656,2.0,1199.450556342132,8.556445779315506,1.534899322677116,2.15,0.20862812193949606,4.0,19.0,,False,False,False,False,resistant-enriched,mixed,True,0.2007600089131018,0.9140532006239172,0.8594679937608287,0.2007600089131018,0.95,0.9,0.8,0.02,0.35,1.0,1.38,3.0,0.5011872336272724,2.0,1.0,0.7,2.15,ablation_private_protection_only,private_protection_only,i,h_i,0.5011872336272724,2.0
0.5,0.6931471805599453,2.0342948764996716,2.0525687721518704,4.086863648651542,0.5022356869745616,0.002235686974561557,0.008942807496965643,0.008942807496965643,0.6931371839341379,-9.996625807362491e-06,0.31268646967711444,0.21828382580721395,2.0,1198.706903908293,8.614663033452121,1.5388271038614816,2.15,0.20757646604158467,4.0,19.0,,False,False,False,False,resistant-enriched,mixed,True,0.2847472489508015,0.9199323074265561,0.8006769257344389,0.2847472489508015,0.95,0.9,0.8,0.02,0.35,1.0,1.38,3.0,0.6309573444801934,2.0,1.0,0.7,2.15,ablation_private_protection_only,private_protection_only,i,h_i,0.6309573444801934,2.0
0.5,0.6931471805599453,2.0633764115703253,2.0211664872846664,4.084542898854991,0.4948329684213268,-0.005167031578673209,-0.020668862097955383,-0.020668862097955383,0.6930937831788417,-5.339738110354819e-05,0.3104039821316006,0.2239900446709986,2.0,1197.7897567210262,8.686780964948376,1.5434690561434197,2.15,0.20628469101861893,4.0,19.0,,False,False,False,False,susceptible-enriched,mixed,True,0.386863179846857,0.92708042258928,0.7291957741072002,0.386863179846857,0.95,0.9,0.8,0.02,0.35,1.0,1.38,3.0,0.7943282347242815,2.0,1.0,0.7,2.15,ablation_private_protection_only,private_protection_only,i,h_i,0.7943282347242815,2.0
0.5,0.6931471805599453,2.096098007850193,1.9858217388575845,4.0819197467077775,0.48649210716580715,-0.013507892834192847,-0.05404472212509797,-0.05404472212509797,0.6927822098189301,-0.00036497074101515814,0.3079105564865327,0.23022360878366832,2.0,1196.7551619938977,8.768447369565557,1.5484362658035131,2.15,0.20499869561068434,3.0,19.0,,False,False,False,False,susceptible-enriched,mixed,True,0.5,0.935,0.65,0.5,0.95,0.9,0.8,0.02,0.35,1.0,1.38,3.0,1.0,2.0,1.0,0.7,2.15,ablation_private_protection_only,private_protection_only,i,h_i,1.0,2.0
0.5,0.6931471805599453,2.1293408049346922,1.9498951039208623,4.079235908855555,0.4780049861023882,-0.021995013897611826,-0.08803687230313888,-0.08803687230313888,0.6921793069871618,-0.0009678735727834953,0.30545383335901766,0.2363654166024559,2.0,1195.6989162899984,8.852041545764042,1.553216010503661,2.1500000000000004,0.20424016835678582,3.0,19.0,10.0,False,False,False,True,susceptible-enriched,mixed,True,0.6131368201531432,0.9429195774107201,0.5708042258927998,0.6131368201531432,0.95,0.9,0.8,0.02,0.35,1.0,1.38,3.0,1.2589254117941675,2.0,1.0,0.7,2.15,ablation_private_protection_only,private_protection_only,i,h_i,1.2589254117941675,2.0
0.5,0.6931471805599453,2.159788657485793,1.916971274246722,4.076759931732515,0.47021931787679727,-0.02978068212320273,-0.11926389394474274,-0.11926389394474274,0.6913723522505828,-0.0017748283093624861,0.30307864773653,0.24230338065867507,3.0,1194.726124767971,8.92921337678155,1.5573670860770967,2.15,0.20354688546477054,3.0,19.0,10.0,False,False,False,True,susceptible-enriched,mixed,True,0.7152527510491987,0.9500676925734439,0.4993230742655609,0.7152527510491987,0.95,0.9,0.8,0.02,0.35,1.0,1.38,3.0,1.584893192461114,2.0,1.0,0.7,2.15,ablation_private_protection_only,private_protection_only,i,h_i,1.584893192461114,2.0
0.5,0.6931471805599453,2.1851407920722346,1.8895398841105644,4.074680676182799,0.46372710753881796,-0.03627289246118204,-0.14534691032982539,-0.14534691032982539,0.6905134220637501,-0.002633758496195182,0.30026561633144055,0.2493359591713986,3.0,1193.9105846096854,8.993953168161944,1.560663242527938,2.15,0.20297083207603406,3.0,19.0,10.0,False,False,False,True,susceptible-enriched,mixed,True,0.7992399910868984,0.9559467993760828,0.4405320062391712,0.7992399910868984,0.95,0.9,0.8,0.02,0.35,1.0,1.38,3.0,1.9952623149688797,2.0,1.0,0.7,2.15,ablation_private_protection_only,private_protection_only,i,h_i,1.9952623149688797,2.0
0.5,0.6931471805599453,2.2046317247559175,1.868440882470121,4.073072607226038,0.4587300700594731,-0.04126992994052692,-0.16545614628679028,-0.1654561462867905,0.6897368878602428,-0.0034102926997024996,0.2981542692438585,0.2546143268903538,3.0,1193.2804674853396,9.04404113540059,1.5631010341705882,2.1499999999999995,0.20252879601451776,3.0,19.0,10.0,False,False,False,True,susceptible-enriched,mixed,True,0.8631931113967901,0.9604235177977754,0.39576482202224694,0.8631931113967901,0.95,0.9,0.8,0.02,0.35,1.0,1.38,3.0,2.511886431509581,2.0,1.0,0.7,2.15,ablation_private_protection_only,private_protection_only,i,h_i,2.511886431509581,2.0
0.5,0.6931471805599453,2.218719126967163,1.8531876382938408,4.071906765261004,0.455115439799382,-0.044884560200617984,-0.18002285546554947,-0.18002285546554947,0.6891125039399002,-0.004034676620045086,0.29665514553845973,0.25836213615385073,3.0,1192.8237856264323,9.08041969223061,1.5648121056127389,2.15,0.20220980780233527,3.0,20.0,10.0,False,False,False,True,susceptible-enriched,mixed,True,0.9090909090909091,0.9636363636363636,0.36363636363636365,0.9090909090909091,0.95,0.9,0.8,0.02,0.35,1.0,1.38,3.0,3.1622776601683795,2.0,1.0,0.7,2.15,ablation_private_protection_only,private_protection_only,i,h_i,3.1622776601683795,2.0
0.5,0.6931471805599453,2.2284511237965363,1.8426449623142105,4.071096086110747,0.4526164264706782,-0.04738357352932182,-0.19010476187638942,-0.19010476187638942,0.6886500289684769,-0.004497151591468351,0.2956321442266324,0.260919639433419,3.0,1192.5066329042224,9.10564566254299,1.5659694247134048,2.15,0.2019896529855244,3.0,20.0,10.0,False,False,False,True,susceptible-enriched,mixed,True,0.9406490568972324,0.9658454339828063,0.3415456601719373,0.9406490568972324,0.95,0.9,0.8,0.02,0.35,1.0,1.38,3.0,3.981071705534973,2.0,1.0,0.7,2.15,ablation_private_protection_only,private_protection_only,i,h_i,3.981071705534973,2.0
0.5,0.6931471805599453,2.2349677791785076,1.835583201245572,4.07055098042408,0.45094219678691666,-0.04905780321308334,-0.19686455963221136,-0.19686455963221136,0.6883260918209341,-0.0048210887390112145,0.2949528071496661,0.26261798212583476,3.0,1192.2935475583506,9.122581219862138,1.566733260903679,2.1499999999999995,0.201842335641126,3.0,20.0,10.0,False,False,False,True,susceptible-enriched,mixed,True,0.9617134961177453,0.9673199447282421,0.32680055271757835,0.9617134961177453,0.95,0.9,0.8,0.02,0.35,1.0,1.38,3.0,5.011872336272725,2.0,1.0,0.7,2.15,ablation_private_protection_only,private_protection_only,i,h_i,5.011872336272725,2.0
0.5,0.6931471805599453,2.239241147436833,1.8309520696268526,4.070193217063686,0.4498440177117036,-0.050155982288296375,-0.20130094681108834,-0.20130094681108812,0.6881074634858095,-0.005039717074135752,0.2945098036883375,0.2637254907791563,3.0,1192.1537027588884,9.13370541458467,1.567229298017401,2.15,0.2017457834714817,3.0,20.0,10.0,False,False,False,True,susceptible-enriched,mixed,True,0.975496632449664,0.9682847642714765,0.3171523572852353,0.975496632449664,0.95,0.9,0.8,0.02,0.35,1.0,1.38,3.0,6.309573444801933,2.0,1.0,0.7,2.15,ablation_private_protection_only,private_protection_only,i,h_i,6.309573444801933,2.0
0.5,0.6931471805599453,2.242004860266141,1.8279566547855053,4.069961515051647,0.4491336461107321,-0.05086635388926791,-0.20417173154702278,-0.204171731547023,0.6879634453972578,-0.005183735162687442,0.2942243266492289,0.26443918337692784,3.0,1192.0631563989477,9.14090788622027,1.5675480574334655,2.1499999999999995,0.20168336039977913,3.0,20.0,10.0,False,False,False,True,susceptible-enriched,mixed,True,0.9843983377581705,0.9689078836430719,0.3109211635692807,0.9843983377581705,0.95,0.9,0.8,0.02,0.35,1.0,1.38,3.0,7.943282347242818,2.0,1.0,0.7,2.15,ablation_private_protection_only,private_protection_only,i,h_i,7.943282347242818,2.0
0.5,0.6931471805599453,2.2437763185677495,1.8260365611310185,4.069812879698768,0.4486782599366521,-0.05132174006334789,-0.2060124984119169,-0.20601249841191713,0.6878700492968234,-0.005277131263121904,0.29404176676193094,0.2648955830951727,3.0,1192.005079562548,9.14552782643927,1.5677515374343098,2.15,0.20164335754396648,3.0,20.0,10.0,False,False,False,True,susceptible-enriched,mixed,True,0.9900990099009901,0.9693069306930693,0.306930693069307,0.9900990099009901,0.95,0.9,0.8,0.02,0.35,1.0,1.38,3.0,10.0,2.0,1.0,0.7,2.15,ablation_private_protection_only,private_protection_only,i,h_i,10.0,2.0
0.5,0.6931471805599453,1.9567386219894314,2.13628178691581,4.093020408905241,0.5219328450617721,0.021932845061772066,0.08778771617363854,0.08778771617363854,0.6921847723921365,-0.0009624081678087926,0.3191067714318804,0.20223307142029912,2.0,1201.149180192981,8.424174157708789,1.525337649443756,2.1499999999999995,0.21104196343652182,4.0,19.0,,False,False,False,False,resistant-enriched,mixed,True,0.004620144024698061,0.9003234100817289,0.9967658991827114,0.004620144024698061,0.95,0.9,0.8,0.02,0.35,1.0,1.38,3.0,0.1,2.333333333333333,1.0,0.7,2.15,ablation_private_protection_only,private_protection_only,i,h_i,0.1,2.333333333333333
0.5,0.6931471805599453,1.9576225893661559,2.1353278709743524,4.092950460340508,0.5217087017458566,0.021708701745856596,0.0868894320366778,0.08688943203667758,0.6922043487490859,-0.0009428318108594125,0.3190306810853165,0.20242329728670871,2.0,1201.121351213734,8.426331959460162,1.525500952157055,2.1500000000000004,0.21100235342950566,4.0,19.0,,False,False,False,False,resistant-enriched,mixed,True,0.007880683850330292,0.9005516478695231,0.9944835213047688,0.007880683850330292,0.95,0.9,0.8,0.02,0.35,1.0,1.38,3.0,0.12589254117941673,2.333333333333333,1.0,0.7,2.15,ablation_private_protection_only,private_protection_only,i,h_i,0.12589254117941673,2.333333333333333
0.5,0.6931471805599453,1.9591229178536573,2.1337086443852273,4.092831562238885,0.5213282325300563,0.021328232530056335,0.08536473108223593,0.08536473108223593,0.6922371174490939,-0.0009100631108514001,0.31890168972292365,0.20274577569269092,2.0,1201.074069188338,8.429995163605344,1.525777617120729,2.1500000000000004,0.21093512458546218,4.0,19.0,,False,False,False,False,resistant-enriched,mixed,True,0.013411257127919733,0.9009387879989544,0.9906121200104562,0.013411257127919733,0.95,0.9,0.8,0.02,0.35,1.0,1.38,3.0,0.15848931924611134,2.333333333333333,1.0,0.7,2.15,ablation_private_protection_only,private_protection_only,i,h_i,0.15848931924611134,2.333333333333333
0.5,0.6931471805599453,1.9616549131704695,2.130975976359069,4.092630889529539,0.5206860901653488,0.020686090165348836,0.08279161920161979,0.08279161920161979,0.6922911075924143,-0.0008560729675309853,0.3186844590850799,0.2032888522873002,2.0,1200.9942791413746,8.43617912910656,1.5262430352714618,2.15,0.21082167791660655,4.0,19.0,,False,False,False,False,resistant-enriched,mixed,True,0.022734184192685785,0.901591392893488,0.9840860710651199,0.022734184192685785,0.95,0.9,0.8,0.02,0.35,1.0,1.38,3.0,0.19952623149688797,2.333333333333333,1.0,0.7,2.15,ablation_private_protection_only,private_protection_only,i,h_i,0.19952623149688797,2.333333333333333
0.5,0.6931471805599453,1.9658869540898964,2.126408831377412,4.092295785467308,0.5196126924473013,0.01961269244730135,0.07849104256546255,0.07849104256546233,0.6923776677462958,-0.0007695128136494533,0.31832266809906523,0.20419332975233695,2.0,1200.861032597072,8.446519952019933,1.527016764480522,2.15,0.21063209976384373,4.0,19.0,,False,False,False,False,resistant-enriched,mixed,True,0.03828650388225475,0.9026800552717579,0.9731994472824217,0.03828650388225475,0.95,0.9,0.8,0.02,0.35,1.0,1.38,3.0,0.251188643150958,2.333333333333333,1.0,0.7,2.15,ablation_private_protection_only,private_protection_only,i,h_i,0.251188643150958,2.333333333333333
0.5,0.6931471805599453,1.9728468417966,2.11889750425252,4.09174434604912,0.5178469926398191,0.017846992639819148,0.07141831128939376,0.07141831128939376,0.6925100149291923,-0.0006371656307530005,0.3177311213126901,0.20567219671827475,2.0,1200.6418703792385,8.463540803452439,1.5282779899971737,2.15,0.2103204183689847,4.0,19.0,,False,False,False,False,resistant-enriched,mixed,True,0.06378367566893509,0.9044648572968255,0.9553514270317455,0.06378367566893509,0.95,0.9,0.8,0.02,0.35,1.0,1.38,3.0,0.31622776601683794,2.333333333333333,1.0,0.7,2.15,ablation_private_protection_only,private_protection_only,i,h_i,0.31622776601683794,2.333333333333333
0.5,0.6931471805599453,1.983994145599084,2.1068660431825945,4.0908601887816785,0.5150178558925652,0.015017855892565213,0.060089497712320444,0.060089497712320444,0.6926960407222593,-0.00045113983768596544,0.3167924691732877,0.20801882706678088,2.0,1200.290753217806,8.490841173209766,1.5302693618035905,2.15,0.20982149631709288,4.0,19.0,,False,False,False,False,resistant-enriched,mixed,True,0.10441727916673242,0.9073092095416713,0.9269079045832873,0.10441727916673242,0.95,0.9,0.8,0.02,0.35,1.0,1.38,3.0,0.3981071705534973,2.333333333333333,1.0,0.7,2.15,ablation_private_protection_only,private_protection_only,i,h_i,0.3981071705534973,2.333333333333333
0.5,0.6931471805599453,2.0011137068477938,2.0883883080248196,4.089502014872613,0.51067056586103,0.01067056586102999,0.042688745007625074,0.042688745007625185,0.6929194413194439,-0.00022773924050134564,0.31537164736853035,0.2115708815786742,2.0,1199.751847317318,8.532862790720412,1.5332596728484253,2.15,0.2090561450781217,4.0,19.0,,False,False,False,False,resistant-enriched,mixed,True,0.16633753081656197,0.9116436271571594,0.8835637284284066,0.16633753081656197,0.95,0.9,0.8,0.02,0.35,1.0,1.38,3.0,0.5011872336272724,2.333333333333333,1.0,0.7,2.15,ablation_private_protection_only,private_protection_only,i,h_i,0.5011872336272724,2.333333333333333
0.5,0.6931471805599453,2.025773989458682,2.0617659979236866,4.087539987382369,0.5044026490965355,0.004402649096535538,0.01761105154306145,0.017611051543061005,0.6931084134208445,-3.8767139100781556e-05,0.3133675140481872,0.21658121487953208,2.0,1198.9747327706305,8.593614268845679,1.5374262894483872,2.1500000000000004,0.20795588054787303,4.0,19.0,,False,False,False,False,resistant-enriched,mixed,True,0.2545407159009288,0.917817850113065,0.8218214988693499,0.2545407159009288,0.95,0.9,0.8,0.02,0.35,1.0,1.38,3.0,0.6309573444801934,2.333333333333333,1.0,0.7,2.15,ablation_private_protection_only,private_protection_only,i,h_i,0.6309573444801934,2.333333333333333
0.5,0.6931471805599453,2.0582073219696686,2.0267485449671003,4.0849558669367685,0.49614943489877184,-0.003850565101228165,-0.015402564905120753,-0.015402564905120975,0.6931175265636267,-2.965399631860155e-05,0.3108049999110543,0.22298750022236424,2.0,1197.95284831812,8.67393197586814,1.5426599041975844,2.1499999999999995,0.20651390283575086,4.0,19.0,,False,False,False,False,susceptible-enriched,mixed,True,0.36882291180490384,0.9258176038263433,0.7418239617365674,0.36882291180490384,0.95,0.9,0.8,0.02,0.35,1.0,1.38,3.0,0.7943282347242815,2.333333333333333,1.0,0.7,2.15,ablation_private_protection_only,private_protection_only,i,h_i,0.7943282347242815,2.333333333333333
0.5,0.6931471805599453,2.096098007850193,1.9858217388575845,4.0819197467077775,0.48649210716580715,-0.013507892834192847,-0.05404472212509797,-0.05404472212509797,0.6927822098189301,-0.00036497074101515814,0.3079105564865327,0.23022360878366832,2.0,1196.7551619938977,8.768447369565557,1.5484362658035131,2.15,0.20499869561068434,3.0,19.0,,False,False,False,False,susceptible-enriched,mixed,True,0.5,0.935,0.65,0.5,0.95,0.9,0.8,0.02,0.35,1.0,1.38,3.0,1.0,2.333333333333333,1.0,0.7,2.15,ablation_private_protection_only,private_protection_only,i,h_i,1.0,2.333333333333333
0.5,0.6931471805599453,2.1346893385591788,1.9441127638799407,4.07880210243912,0.4766381685243722,-0.023361831475627814,-0.0935154167545274,-0.0935154167545274,0.6920552327122164,-0.0010919478477289246,0.3050654538608913,0.2373363653477718,2.0,1195.5283860226016,8.865554472712347,1.553960683696739,2.15,0.2041182735677351,3.0,19.0,10.0,False,False,False,True,susceptible-enriched,mixed,True,0.6311770881950962,0.9441823961736567,0.5581760382634327,0.6311770881950962,0.95,0.9,0.8,0.02,0.35,1.0,1.38,3.0,1.2589254117941675,2.333333333333333,1.0,0.7,2.15,ablation_private_protection_only,private_protection_only,i,h_i,1.2589254117941675,2.333333333333333
0.5,0.6931471805599453,2.1688742041646485,1.9071414886082734,4.076015692772922,0.46789355889619777,-0.03210644110380223,-0.1286027147979879,-0.1286027147979879,0.691084114301036,-0.002063066258909285,0.3020616180798379,0.24484595480040527,3.0,1194.4341703935256,8.952363638660778,1.5585648493687283,2.15,0.2033402987252397,3.0,19.0,10.0,False,False,False,True,susceptible-enriched,mixed,True,0.7454592840990715,0.9521821498869351,0.47817850113064997,0.7454592840990715,0.95,0.9,0.8,0.02,0.35,1.0,1.38,3.0,1.584893192461114,2.333333333333333,1.0,0.7,2.15,ablation_private_protection_only,private_protection_only,i,h_i,1.584893192461114,2.333333333333333
0.5,0.6931471805599453,2.1956118927887256,1.878206091645647,4.073817984434372,0.46104320291728146,-0.03895679708271854,-0.15614365959978635,-0.15614365959978635,0.690108838058143,-0.003038342501802238,0.2991259226542125,0.25218519336446876,3.0,1193.5724623988403,9.020826558938422,1.5619831728307703,2.15,0.202733265309188,3.0,19.0,10.0,False,False,False,True,susceptible-enriched,mixed,True,0.8336624691834381,0.9583563728428407,0.41643627157159335,0.8336624691834381,0.95,0.9,0.8,0.02,0.35,1.0,1.38,3.0,1.9952623149688797,2.333333333333333,1.0,0.7,2.15,ablation_private_protection_only,private_protection_only,i,h_i,1.9952623149688797,2.333333333333333
0.5,0.6931471805599453,2.2145650510744024,1.8576868550936034,4.072251906168006,0.4561817141714322,-0.04381828582856778,-0.17572393152506105,-0.17572393152506105,0.6893021656351923,-0.0038450149247529763,0.2970949603465143,0.2572625991337143,3.0,1192.9588713616945,9.069675161320976,1.5643119951171962,2.15,0.20230383843425256,3.0,20.0,10.0,False,False,False,True,susceptible-enriched,mixed,True,0.8955827208332677,0.9626907904583287,0.3730920954167126,0.8955827208332677,0.95,0.9,0.8,0.02,0.35,1.0,1.38,3.0,2.511886431509581,2.333333333333333,1.0,0.7,2.15,ablation_private_protection_only,private_protection_only,i,h_i,2.511886431509581,2.333333333333333
0.5,0.6931471805599453,2.2270817668927916,1.8441284004315928,4.071210167324384,0.45296811626985134,-0.04703188373014866,-0.18868534958247793,-0.18868534958247793,0.6887166372720159,-0.004430543287929356,0.29577545758257295,0.26056135604356767,3.0,1192.5512673295602,9.102091804452925,1.5658078050382145,2.1499999999999995,0.20202061659530565,3.0,20.0,10.0,False,False,False,True,susceptible-enriched,mixed,True,0.9362163243310649,0.9655351427031745,0.3446485729682546,0.9362163243310649,0.95,0.9,0.8,0.02,0.35,1.0,1.38,3.0,3.1622776601683795,2.333333333333333,1.0,0.7,2.15,ablation_private_protection_only,private_protection_only,i,h_i,3.1622776601683795,2.333333333333333
0.5,0.6931471805599453,2.2349677791785076,1.835583201245572,4.07055098042408,0.45094219678691666,-0.04905780321308334,-0.19686455963221136,-0.19686455963221136,0.6883260918209341,-0.0048210887390112145,0.2949528071496661,0.26261798212583476,3.0,1192.2935475583506,9.122581219862138,1.566733260903679,2.1499999999999995,0.201842335641126,3.0,20.0,10.0,False,False,False,True,susceptible-enriched,mixed,True,0.9617134961177453,0.9673199447282421,0.32680055271757835,0.9617134961177453,0.95,0.9,0.8,0.02,0.35,1.0,1.38,3.0,3.981071705534973,2.333333333333333,1.0,0.7,2.15,ablation_private_protection_only,private_protection_only,i,h_i,3.981071705534973,2.333333333333333
0.5,0.6931471805599453,2.2397901834078753,1.8303570145208463,4.070147197928722,0.44970290397661933,-0.05029709602338067,-0.2018711556304607,-0.20187115563046093,0.6880790169255651,-0.005068163634380229,0.2944530266239708,0.263867433440073,3.0,1192.1357185933252,9.135135751208914,1.5672927490076844,2.1500000000000004,0.20173338119976836,3.0,20.0,10.0,False,False,False,True,susceptible-enriched,mixed,True,0.9772658158073142,0.968408607106512,0.31591392893488013,0.9772658158073142,0.95,0.9,0.8,0.02,0.35,1.0,1.38,3.0,5.011872336272725,2.333333333333333,1.0,0.7,2.15,ablation_private_protection_only,private_protection_only,i,h_i,5.011872336272725,2.333333333333333
0.5,0.6931471805599453,2.242685372922365,1.8272190526814025,4.0699044256037675,0.44895871293349493,-0.05104128706650507,-0.2048788073641307,-0.2048788073641307,0.6879276671427894,-0.005219513417155874,0.2941541564937574,0.2646146087656065,3.0,1192.040849061627,9.142682344664463,1.567626302290892,2.15,0.20166799233790733,3.0,20.0,10.0,False,False,False,True,susceptible-enriched,mixed,True,0.9865887428720803,0.9690612120010457,0.30938787998954387,0.9865887428720803,0.95,0.9,0.8,0.02,0.35,1.0,1.38,3.0,6.309573444801933,2.333333333333333,1.0,0.7,2.15,ablation_private_protection_only,private_protection_only,i,h_i,6.309573444801933,2.333333333333333
0.5,0.6931471805599453,2.24440441544842,1.8253557440393946,4.0697601594878146,0.44851678538941675,-0.05148321461058325,-0.20666529593152247,-0.20666529593152236,0.687836730817415,-0.005310449742530254,0.2939771166373661,0.26505720840658487,3.0,1191.984481177569,9.147166524847483,1.5678235276274177,2.1500000000000004,0.2016291755753301,3.0,20.0,10.0,False,False,False,True,susceptible-enriched,mixed,True,0.9921193161496697,0.9694483521304769,0.30551647869523124,0.9921193161496697,0.95,0.9,0.8,0.02,0.35,1.0,1.38,3.0,7.943282347242818,2.333333333333333,1.0,0.7,2.15,ablation_private_protection_only,private_protection_only,i,h_i,7.943282347242818,2.333333333333333
0.5,0.6931471805599453,2.2454183193126735,1.8242565333006542,4.0696748526133275,0.44825608909006925,-0.051743910909930746,-0.2077193125860605,-0.20771931258606027,0.6877827165529329,-0.005364464007012404,0.29387283257659313,0.26531791855851716,3.0,1191.9511699011068,9.149812729300749,1.5679395790549253,2.1499999999999995,0.2016062819710937,3.0,20.0,10.0,False,False,False,True,susceptible-enriched,mixed,True,0.995379855975302,0.9696765899182711,0.30323410081728863,0.995379855975302,0.95,0.9,0.8,0.02,0.35,1.0,1.38,3.0,10.0,2.333333333333333,1.0,0.7,2.15,ablation_private_protection_only,private_protection_only,i,h_i,10.0,2.333333333333333
0.5,0.6931471805599453,1.956069235996554,2.137004257348956,4.09307349334551,0.5221025864361543,0.02210258643615426,0.0884680008308106,0.0884680008308106,0.6921698134486012,-0.0009773671113441074,0.3191644427191057,0.20208889320223578,2.0,1201.1702888529271,8.422540206584952,1.525213822678475,2.15,0.21107196166948836,4.0,19.0,,False,False,False,False,resistant-enriched,mixed,True,0.002149803079700241,0.900150486215579,0.9984951378442098,0.002149803079700241,0.95,0.9,0.8,0.02,0.35,1.0,1.38,3.0,0.1,2.6666666666666665,1.0,0.7,2.15,ablation_private_protection_only,private_protection_only,i,h_i,0.1,2.6666666666666665
0.5,0.6931471805599453,1.9565611443297153,2.1364733253752393,4.093034469704954,0.5219778482660192,0.02197784826601923,0.08796807675281848,0.08796807675281848,0.6921808176052184,-0.0009663629547268515,0.3191220575993283,0.2021948560016792,2.0,1201.1547727112152,8.423740940649504,1.525304830762344,2.15,0.21104991664194195,4.0,19.0,,False,False,False,False,resistant-enriched,mixed,True,0.003965285619152202,0.9002775699933406,0.9972243000665935,0.003965285619152202,0.95,0.9,0.8,0.02,0.35,1.0,1.38,3.0,0.12589254117941673,2.6666666666666665,1.0,0.7,2.15,ablation_private_protection_only,private_protection_only,i,h_i,0.12589254117941673,2.6666666666666665
0.5,0.6931471805599453,1.9574658679298094,2.1354970114268137,4.092962879356623,0.5217484434558308,0.021748443455830824,0.08704869965729911,0.08704869965729911,0.6922008924496978,-0.0009462881102474396,0.3190441669563274,0.2023895826091815,2.0,1201.1262901939435,8.42594935512983,1.5254720144479075,2.15,0.2110093762743157,4.0,19.0,,False,False,False,False,resistant-enriched,mixed,True,0.007302700791854772,0.9005111890554298,0.9948881094457016,0.007302700791854772,0.95,0.9,0.8,0.02,0.35,1.0,1.38,3.0,0.15848931924611134,2.6666666666666665,1.0,0.7,2.15,ablation_private_protection_only,private_protection_only,i,h_i,0.15848931924611134,2.6666666666666665
0.5,0.6931471805599453,1.9591229178536573,2.1337086443852273,4.092831562238885,0.5213282325300563,0.021328232530056335,0.08536473108223593,0.08536473108223593,0.6922371174490939,-0.0009100631108514001,0.31890168972292365,0.20274577569269092,2.0,1201.074069188338,8.429995163605344,1.525777617120729,2.1500000000000004,0.21093512458546218,4.0,19.0,,False,False,False,False,resistant-enriched,mixed,True,0.013411257127919733,0.9009387879989544,0.9906121200104562,0.013411257127919733,0.95,0.9,0.8,0.02,0.35,1.0,1.38,3.0,0.19952623149688797,2.6666666666666665,1.0,0.7,2.15,ablation_private_protection_only,private_protection_only,i,h_i,0.19952623149688797,2.6666666666666665
0.5,0.6931471805599453,1.9621358165103309,2.1304569695228732,4.0925927860332045,0.5205641217942537,0.02056412179425371,0.08230291414405425,0.08230291414405425,0.6923011757479687,-0.0008460048119766084,0.3186432657755819,0.20339183556104534,2.0,1200.9791289891723,8.437353900277161,1.5263312214505496,2.1500000000000004,0.2108001327601874,4.0,19.0,,False,False,False,False,resistant-enriched,mixed,True,0.024503367550335994,0.9017152357285235,0.9828476427147648,0.024503367550335994,0.95,0.9,0.8,0.02,0.35,1.0,1.38,3.0,0.251188643150958,2.6666666666666665,1.0,0.7,2.15,ablation_private_protection_only,private_protection_only,i,h_i,0.251188643150958,2.6666666666666665
0.5,0.6931471805599453,1.9675415621704846,2.1246231675696654,4.0921647297401496,0.5191929719077018,0.01919297190770175,0.0768096283003152,0.0768096283003152,0.6924102591831466,-0.0007369213767987048,0.31818165027399986,0.20454587431500038,2.0,1200.8089338389377,8.450564752475405,1.52731783798166,2.15,0.21055799131201208,4.0,19.0,,False,False,False,False,resistant-enriched,mixed,True,0.04435701794430148,0.9031049912561011,0.9689500874389889,0.04435701794430148,0.95,0.9,0.8,0.02,0.35,1.0,1.38,3.0,0.31622776601683794,2.6666666666666665,1.0,0.7,2.15,ablation_private_protection_only,private_protection_only,i,h_i,0.31622776601683794,2.6666666666666665
0.5,0.6931471805599453,1.9770115929092156,2.114402412606905,4.091414005516121,0.5167901389974782,0.016790138997478166,0.06718581728285196,0.06718581728285196,0.6925832570136077,-0.000563923546337608,0.3173791660310311,0.20655208492242227,2.0,1200.5106605535595,8.473734996839376,1.5290261255689064,2.15,0.21013396897134737,4.0,19.0,,False,False,False,False,resistant-enriched,mixed,True,0.07899428263617199,0.9055295997845321,0.9447040021546796,0.07899428263617199,0.95,0.9,0.8,0.02,0.35,1.0,1.38,3.0,0.3981071705534973,2.6666666666666665,1.0,0.7,2.15,ablation_private_protection_only,private_protection_only,i,h_i,0.3981071705534973,2.6666666666666665
0.5,0.6931471805599453,1.992929309643832,2.0972223360029845,4.0901516456468165,0.5127492860161007,0.012749286016100703,0.05100820077104613,0.05100820077104613,0.6928220567354098,-0.0003251238245355337,0.3160478217430278,0.20988044564243047,2.0,1200.009517643767,8.51275840285287,1.5318402309384325,2.15,0.20942190002855363,4.0,19.0,,False,False,False,False,resistant-enriched,mixed,True,0.13680688860321005,0.9095764822022248,0.904235177977753,0.13680688860321005,0.95,0.9,0.8,0.02,0.35,1.0,1.38,3.0,0.5011872336272724,2.6666666666666665,1.0,0.7,2.15,ablation_private_protection_only,private_protection_only,i,h_i,0.5011872336272724,2.6666666666666665
0.5,0.6931471805599453,2.017905563559284,2.07026036185773,4.088165925417014,0.5064032134768485,0.006403213476848468,0.025614254253569772,0.025614254253569772,0.6930651760326798,-8.200452726547791e-05,0.3140016046121507,0.2149959884696233,2.0,1199.2225621538728,8.574201905696864,1.5361146984276024,2.15,0.2083066096618629,4.0,19.0,,False,False,False,False,resistant-enriched,mixed,True,0.22652371251959857,0.9158566598763719,0.841433401236281,0.22652371251959857,0.95,0.9,0.8,0.02,0.35,1.0,1.38,3.0,0.6309573444801934,2.6666666666666665,1.0,0.7,2.15,ablation_private_protection_only,private_protection_only,i,h_i,0.6309573444801934,2.6666666666666665
0.5,0.6931471805599453,2.0531544919464966,2.032205239399313,4.085359731345809,0.4974360577862403,-0.002563942213759718,-0.010255858748950544,-0.010255858748950433,0.6931340329029739,-1.3147656971357335e-05,0.31119894755948574,0.2220026311012857,2.0,1198.112350701943,8.661384426701122,1.5418621959109822,2.15,0.20673813842769684,4.0,19.0,,False,False,False,False,susceptible-enriched,mixed,True,0.3511421146245642,0.9245799480237195,0.7542005197628051,0.3511421146245642,0.95,0.9,0.8,0.02,0.35,1.0,1.38,3.0,0.7943282347242815,2.6666666666666665,1.0,0.7,2.15,ablation_private_protection_only,private_protection_only,i,h_i,0.7943282347242815,2.6666666666666665
0.5,0.6931471805599453,2.096098007850193,1.9858217388575845,4.0819197467077775,0.48649210716580715,-0.013507892834192847,-0.05404472212509797,-0.05404472212509797,0.6927822098189301,-0.00036497074101515814,0.3079105564865327,0.23022360878366832,2.0,1196.7551619938977,8.768447369565557,1.5484362658035131,2.15,0.20499869561068434,3.0,19.0,,False,False,False,False,susceptible-enriched,mixed,True,0.5,0.935,0.65,0.5,0.95,0.9,0.8,0.02,0.35,1.0,1.38,3.0,1.0,2.6666666666666665,1.0,0.7,2.15,ablation_private_protection_only,private_protection_only,i,h_i,1.0,2.6666666666666665
0.5,0.6931471805599453,2.1399443202587953,1.9384316508893362,4.078375971148132,0.4752949861911909,-0.024705013808809073,-0.09890059137964455,-0.09890059137964455,0.6919260079768697,-0.001221172583075636,0.3046857038410225,0.23828574039744377,2.0,1195.3608589772575,8.878847945604646,1.5546858083124295,2.1500000000000004,0.20399856190902396,3.0,19.0,10.0,False,False,False,True,susceptible-enriched,mixed,True,0.648857885375436,0.9454200519762805,0.5457994802371948,0.648857885375436,0.95,0.9,0.8,0.02,0.35,1.0,1.38,3.0,1.2589254117941675,2.6666666666666665,1.0,0.7,2.15,ablation_private_protection_only,private_protection_only,i,h_i,1.2589254117941675,2.6666666666666665
0.5,0.6931471805599453,2.177334172320755,1.8979882152645107,4.075322387585266,0.4657271338940912,-0.034272866105908795,-0.13730678062772136,-0.1373067806277216,0.6907960787193472,-0.0023511018405980577,0.30112364414330745,0.24719088964173141,3.0,1194.162184032369,8.97396973955798,1.5596634890198084,2.1499999999999995,0.20314808697056713,3.0,19.0,10.0,False,False,False,True,susceptible-enriched,mixed,True,0.7734762874804016,0.9541433401236281,0.45856659876371886,0.7734762874804016,0.95,0.9,0.8,0.02,0.35,1.0,1.38,3.0,1.584893192461114,2.6666666666666665,1.0,0.7,2.15,ablation_private_protection_only,private_protection_only,i,h_i,1.584893192461114,2.6666666666666665
0.5,0.6931471805599453,2.2046317247559175,1.868440882470121,4.073072607226038,0.4587300700594731,-0.04126992994052692,-0.16545614628679028,-0.1654561462867905,0.6897368878602428,-0.0034102926997024996,0.2981542692438585,0.2546143268903538,3.0,1193.2804674853396,9.04404113540059,1.5631010341705882,2.1499999999999995,0.20252879601451776,3.0,19.0,10.0,False,False,False,True,susceptible-enriched,mixed,True,0.86319311139679,0.9604235177977754,0.39576482202224705,0.86319311139679,0.95,0.9,0.8,0.02,0.35,1.0,1.38,3.0,1.9952623149688797,2.6666666666666665,1.0,0.7,2.15,ablation_private_protection_only,private_protection_only,i,h_i,1.9952623149688797,2.6666666666666665
0.5,0.6931471805599453,2.222388943168163,1.8492123808949097,4.071601324063073,0.4541732438208294,-0.04582675617917059,-0.18382290944885435,-0.18382290944885457,0.6889410970344917,-0.004206083525453597,0.2962681703568668,0.25932957410783297,3.0,1192.7042767541573,9.089923253441643,1.5652508705054096,2.1499999999999995,0.202126766490289,3.0,20.0,10.0,False,False,False,True,susceptible-enriched,mixed,True,0.9210057173638281,0.9644704002154679,0.3552959978453204,0.9210057173638281,0.95,0.9,0.8,0.02,0.35,1.0,1.38,3.0,2.511886431509581,2.6666666666666665,1.0,0.7,2.15,ablation_private_protection_only,private_protection_only,i,h_i,2.511886431509581,2.6666666666666665
0.5,0.6931471805599453,2.2330881432065963,1.8376204060100476,4.0707085492166435,0.4514251963245255,-0.04857480367547451,-0.1949139680395587,-0.1949139680395587,0.6884207062298375,-0.004726474330107755,0.2951482975657941,0.26212925608551485,3.0,1192.3551133296135,9.11769251930513,1.5665138523584146,2.1499999999999995,0.20188482069576563,3.0,20.0,10.0,False,False,False,True,susceptible-enriched,mixed,True,0.9556429820556985,0.9668950087438989,0.331049912561011,0.9556429820556985,0.95,0.9,0.8,0.02,0.35,1.0,1.38,3.0,3.1622776601683795,2.6666666666666665,1.0,0.7,2.15,ablation_private_protection_only,private_protection_only,i,h_i,3.1622776601683795,2.6666666666666665
0.5,0.6931471805599453,2.239241147436833,1.8309520696268526,4.070193217063686,0.4498440177117036,-0.050155982288296375,-0.20130094681108834,-0.20130094681108812,0.6881074634858095,-0.005039717074135752,0.2945098036883375,0.2637254907791563,3.0,1192.1537027588884,9.13370541458467,1.567229298017401,2.15,0.2017457834714817,3.0,20.0,10.0,False,False,False,True,susceptible-enriched,mixed,True,0.975496632449664,0.9682847642714765,0.3171523572852353,0.975496632449664,0.95,0.9,0.8,0.02,0.35,1.0,1.38,3.0,3.981071705534973,2.6666666666666665,1.0,0.7,2.15,ablation_private_protection_only,private_protection_only,i,h_i,3.981071705534973,2.6666666666666665
0.5,0.6931471805599453,2.242685372922365,1.8272190526814025,4.0699044256037675,0.44895871293349493,-0.05104128706650507,-0.2048788073641307,-0.2048788073641307,0.6879276671427894,-0.005219513417155874,0.2941541564937574,0.2646146087656065,3.0,1192.040849061627,9.142682344664463,1.567626302290892,2.15,0.20166799233790733,3.0,20.0,10.0,False,False,False,True,susceptible-enriched,mixed,True,0.9865887428720803,0.9690612120010457,0.30938787998954387,0.9865887428720803,0.95,0.9,0.8,0.02,0.35,1.0,1.38,3.0,5.011872336272725,2.6666666666666665,1.0,0.7,2.15,ablation_private_protection_only,private_protection_only,i,h_i,5.011872336272725,2.6666666666666665
0.5,0.6931471805599453,2.2445840062145175,1.8251608392232275,4.069744845437745,0.4484705819504298,-0.051529418049570175,-0.20685209189208867,-0.2068520918920889,0.6878271778547297,-0.0053200027052155985,0.29395862577434917,0.2651034355641271,3.0,1191.978521053909,9.147635458345825,1.567844114694089,2.15,0.2016251178160088,3.0,20.0,10.0,False,False,False,True,susceptible-enriched,mixed,True,0.9926972992081452,0.9694888109445702,0.30511189055429844,0.9926972992081452,0.95,0.9,0.8,0.02,0.35,1.0,1.38,3.0,6.309573444801933,2.6666666666666665,1.0,0.7,2.15,ablation_private_protection_only,private_protection_only,i,h_i,6.309573444801933,2.6666666666666665
0.5,0.6931471805599453,2.245622340908333,1.8240359687433636,4.069658309651697,0.4482037139131404,-0.0517962860868596,-0.20793108360046866,-0.20793108360046866,0.6877718316714327,-0.005375348888512543,0.2938518957943966,0.2653702605140086,3.0,1191.9446508562473,9.150344368642001,1.5679627438711217,2.1499999999999995,0.2016016831122911,3.0,20.0,10.0,False,False,False,True,susceptible-enriched,mixed,True,0.9960347143808478,0.9697224300066594,0.3027756999334066,0.9960347143808478,0.95,0.9,0.8,0.02,0.35,1.0,1.38,3.0,7.943282347242818,2.6666666666666665,1.0,0.7,2.15,ablation_private_protection_only,private_protection_only,i,h_i,7.943282347242818,2.6666666666666665
0.5,0.6931471805599453,2.2461871543801233,1.8234237083071392,4.069610862687263,0.44805849252699514,-0.051941507473004855,-0.2085182883710014,-0.20851828837100095,0.6877415929943371,-0.005405587565608161,0.2937938661456257,0.2655153346359358,3.0,1191.926115521243,9.151818842323419,1.5680272738765604,2.15,0.20158893212230047,3.0,20.0,10.0,False,False,False,True,susceptible-enriched,mixed,True,0.9978501969202997,0.969849513784421,0.3015048621557902,0.9978501969202997,0.95,0.9,0.8,0.02,0.35,1.0,1.38,3.0,10.0,2.6666666666666665,1.0,0.7,2.15,ablation_private_protection_only,private_protection_only,i,h_i,10.0,2.6666666666666665
0.5,0.6931471805599453,1.9557574799546458,2.137340712986472,4.093098192941118,0.5221816365589496,0.022181636558949558,0.0887848226395,0.0887848226395,0.6921628075199,-0.0009843730400452833,0.3191913151024569,0.2020217122438578,2.0,1201.1801131872855,8.421779300502163,1.5251561104678397,2.1500000000000004,0.21108593267247142,4.0,19.0,,False,False,False,False,resistant-enriched,mixed,True,0.0009990009990009994,0.9000699300699301,0.9993006993006993,0.0009990009990009994,0.95,0.9,0.8,0.02,0.35,1.0,1.38,3.0,0.1,3.0,1.0,0.7,2.15,ablation_private_protection_only,private_protection_only,i,h_i,0.1,3.0
0.5,0.6931471805599453,1.956026290792071,2.1370506050109435,4.093076895803014,0.5221134758553514,0.022113475855351394,0.08851164383229417,0.08851164383229417,0.6921688498458312,-0.0009783307141141284,0.31916814393785353,0.20207964015536617,2.0,1201.1716421770625,8.422435387736265,1.525205874360426,2.15,0.21107388620085027,4.0,19.0,,False,False,False,False,resistant-enriched,mixed,True,0.00199128917072832,0.900139390241951,0.9986060975804901,0.00199128917072832,0.95,0.9,0.8,0.02,0.35,1.0,1.38,3.0,0.12589254117941673,3.0,1.0,0.7,2.15,ablation_private_protection_only,private_protection_only,i,h_i,0.12589254117941673,3.0
0.5,0.6931471805599453,1.9565611443297153,2.1364733253752393,4.093034469704954,0.5219778482660192,0.02197784826601923,0.08796807675281848,0.08796807675281848,0.6921808176052184,-0.0009663629547268515,0.3191220575993283,0.2021948560016792,2.0,1201.1547727112152,8.423740940649504,1.525304830762344,2.15,0.21104991664194195,4.0,19.0,,False,False,False,False,resistant-enriched,mixed,True,0.0039652856191522,0.9002775699933406,0.9972243000665935,0.0039652856191522,0.95,0.9,0.8,0.02,0.35,1.0,1.38,3.0,0.15848931924611134,3.0,1.0,0.7,2.15,ablation_private_protection_only,private_protection_only,i,h_i,0.15848931924611134,3.0
0.5,0.6931471805599453,1.9576225893661559,2.1353278709743524,4.092950460340508,0.5217087017458566,0.021708701745856596,0.0868894320366778,0.08688943203667758,0.6922043487490859,-0.0009428318108594125,0.3190306810853165,0.20242329728670871,2.0,1201.121351213734,8.426331959460162,1.525500952157055,2.1500000000000004,0.21100235342950566,4.0,19.0,,False,False,False,False,resistant-enriched,mixed,True,0.007880683850330288,0.9005516478695231,0.9944835213047688,0.007880683850330288,0.95,0.9,0.8,0.02,0.35,1.0,1.38,3.0,0.19952623149688797,3.0,1.0,0.7,2.15,ablation_private_protection_only,private_protection_only,i,h_i,0.19952623149688797,3.0
0.5,0.6931471805599453,1.9597174158559325,2.1330668948615124,4.092784310717445,0.5211774510754994,0.0211774510754994,0.08476051359964659,0.08476051359964659,0.6922499433148239,-0.0008972372451213628,0.3188506279708938,0.20287343007276548,2.0,1201.055294176204,8.43144706879226,1.5258870733315388,2.15,0.21090848383960642,4.0,19.0,,False,False,False,False,resistant-enriched,mixed,True,0.015601662241829602,0.9010921163569281,0.9890788364307193,0.015601662241829602,0.95,0.9,0.8,0.02,0.35,1.0,1.38,3.0,0.251188643150958,3.0,1.0,0.7,2.15,ablation_private_protection_only,private_protection_only,i,h_i,0.251188643150958,3.0
0.5,0.6931471805599453,1.9638086656036258,2.1286518056291834,4.092460471232809,0.5201398573284082,0.020139857328408173,0.08060303980253701,0.08060303980253701,0.6923357333475773,-0.0008114472123680327,0.31850014307270014,0.20374964231824966,2.0,1200.9264996341758,8.441440785708036,1.5266374359842163,2.15,0.21072519580926155,4.0,19.0,,False,False,False,False,resistant-enriched,mixed,True,0.03065343003171551,0.9021457401022202,0.9785425989777992,0.03065343003171551,0.95,0.9,0.8,0.02,0.35,1.0,1.38,3.0,0.31622776601683794,3.0,1.0,0.7,2.15,ablation_private_protection_only,private_protection_only,i,h_i,0.31622776601683794,3.0
0.5,0.6931471805599453,1.9716348453588626,2.120205408633457,4.09184025399232,0.5181544921175304,0.018154492117530396,0.0726499055170411,0.07264990551704088,0.6924878644798802,-0.0006593160800650866,0.3178338212689662,0.2054154468275845,2.0,1200.6799936602915,8.460575641208594,1.5280593649824634,2.15,0.21037468245035032,4.0,19.0,,False,False,False,False,resistant-enriched,mixed,True,0.059350943102767624,0.9041545660171938,0.9584543398280627,0.059350943102767624,0.95,0.9,0.8,0.02,0.35,1.0,1.38,3.0,0.3981071705534973,3.0,1.0,0.7,2.15,ablation_private_protection_only,private_protection_only,i,h_i,0.3981071705534973,3.0
0.5,0.6931471805599453,1.986031254929661,2.1046673689842135,4.090698623913875,0.51450071552094,0.01450071552094001,0.05801913203564255,0.05801913203564233,0.6927265800871465,-0.0004206004727987933,0.3166220973716596,0.20844475657085104,2.0,1200.2266151369438,8.495835311621256,1.5306294735415267,2.1499999999999995,0.2097303664758867,4.0,19.0,,False,False,False,False,resistant-enriched,mixed,True,0.11181576977811701,0.9078271038844682,0.9217289611553181,0.11181576977811701,0.95,0.9,0.8,0.02,0.35,1.0,1.38,3.0,0.5011872336272724,3.0,1.0,0.7,2.15,ablation_private_protection_only,private_protection_only,i,h_i,0.5011872336272724,3.0
0.5,0.6931471805599453,2.0107005490174292,2.0780418495157806,4.08874239853321,0.5082349649274199,0.00823496492741993,0.032942838601151395,0.032942838601151395,0.6930115451327996,-0.000135635427145675,0.3145867536142134,0.21353311596446656,2.0,1199.450556342132,8.556445779315506,1.534899322677116,2.15,0.20862812193949606,4.0,19.0,,False,False,False,False,resistant-enriched,mixed,True,0.2007600089131018,0.9140532006239172,0.8594679937608287,0.2007600089131018,0.95,0.9,0.8,0.02,0.35,1.0,1.38,3.0,0.6309573444801934,3.0,1.0,0.7,2.15,ablation_private_protection_only,private_protection_only,i,h_i,0.6309573444801934,3.0
0.5,0.6931471805599453,2.0482279748503953,2.037524734218975,4.08575270906937,0.4986901751778,-0.0013098248221999897,-0.005239311273858954,-0.005239311273858954,0.693143749273891,-3.4312860542895507e-06,0.3115848819225979,0.2210377951935052,2.0,1198.2676569673981,8.649163534346311,1.541078315960662,2.15,0.20695691326904117,4.0,19.0,,False,False,False,False,susceptible-enriched,mixed,True,0.3338605754168779,0.9233702402791815,0.7662975972081855,0.3338605754168779,0.95,0.9,0.8,0.02,0.35,1.0,1.38,3.0,0.7943282347242815,3.0,1.0,0.7,2.15,ablation_private_protection_only,private_protection_only,i,h_i,0.7943282347242815,3.0
0.5,0.6931471805599453,2.096098007850193,1.9858217388575845,4.0819197467077775,0.48649210716580715,-0.013507892834192847,-0.05404472212509797,-0.05404472212509797,0.6927822098189301,-0.00036497074101515814,0.3079105564865327,0.23022360878366832,2.0,1196.7551619938977,8.768447369565557,1.5484362658035131,2.15,0.20499869561068434,3.0,19.0,,False,False,False,False,susceptible-enriched,mixed,True,0.5,0.935,0.65,0.5,0.95,0.9,0.8,0.02,0.35,1.0,1.38,3.0,1.0,3.0,1.0,0.7,2.15,ablation_private_protection_only,private_protection_only,i,h_i,1.0,3.0
0.5,0.6931471805599453,2.1450926000783324,1.9328650474211349,4.077957647499467,0.4739786958322959,-0.026021304167704096,-0.10417933895397526,-0.10417933895397548,0.691792352054726,-0.0013548285052192854,0.30431537924236396,0.23921155189409016,2.0,1195.1964768366972,8.891889200617305,1.5553900514618024,2.15,0.20388132046602916,3.0,19.0,10.0,False,False,False,True,susceptible-enriched,mixed,True,0.6661394245831223,0.9466297597208185,0.5337024027918145,0.6661394245831223,0.95,0.9,0.8,0.02,0.35,1.0,1.38,3.0,1.2589254117941675,3.0,1.0,0.7,2.15,ablation_private_protection_only,private_protection_only,i,h_i,1.2589254117941675,3.0
0.5,0.6931471805599453,2.1851407920722346,1.8895398841105644,4.074680676182799,0.46372710753881796,-0.03627289246118204,-0.14534691032982539,-0.14534691032982539,0.6905134220637501,-0.002633758496195182,0.30026561633144055,0.2493359591713986,3.0,1193.9105846096854,8.993953168161944,1.560663242527938,2.15,0.20297083207603406,3.0,19.0,10.0,False,False,False,True,susceptible-enriched,mixed,True,0.7992399910868985,0.9559467993760828,0.4405320062391711,0.7992399910868985,0.95,0.9,0.8,0.02,0.35,1.0,1.38,3.0,1.584893192461114,3.0,1.0,0.7,2.15,ablation_private_protection_only,private_protection_only,i,h_i,1.584893192461114,3.0
0.5,0.6931471805599453,2.2122926729260883,1.8601475522863786,4.072440225212467,0.4567648509044307,-0.0432351490955693,-0.17337357259216615,-0.17337357259216615,0.6894039514008475,-0.0037432291590977496,0.29733634025961875,0.25665914935095313,3.0,1193.032618087581,9.063803771518012,1.56403689182227,2.15,0.20235528690115845,3.0,20.0,10.0,False,False,False,True,susceptible-enriched,mixed,True,0.888184230221883,0.9621728961155318,0.37827103884468194,0.888184230221883,0.95,0.9,0.8,0.02,0.35,1.0,1.38,3.0,1.9952623149688797,3.0,1.0,0.7,2.15,ablation_private_protection_only,private_protection_only,i,h_i,1.9952623149688797,3.0
0.5,0.6931471805599453,2.2284511237965363,1.8426449623142105,4.071096086110747,0.4526164264706782,-0.04738357352932182,-0.19010476187638942,-0.19010476187638942,0.6886500289684769,-0.004497151591468351,0.2956321442266324,0.260919639433419,3.0,1192.5066329042224,9.10564566254299,1.5659694247134048,2.15,0.2019896529855244,3.0,20.0,10.0,False,False,False,True,susceptible-enriched,mixed,True,0.9406490568972325,0.9658454339828063,0.3415456601719372,0.9406490568972325,0.95,0.9,0.8,0.02,0.35,1.0,1.38,3.0,2.511886431509581,3.0,1.0,0.7,2.15,ablation_private_protection_only,private_protection_only,i,h_i,2.511886431509581,3.0
0.5,0.6931471805599453,2.237333474342061,1.833019520364858,4.070352994706919,0.45033428863504316,-0.049665711364956844,-0.19932012531328827,-0.1993201253132885,0.6882056699012775,-0.004941510658667769,0.2947073255323941,0.2632316861690148,3.0,1192.2161534805505,9.128737568129935,1.5670083168095168,2.15,0.2017888805743094,3.0,20.0,10.0,False,False,False,True,susceptible-enriched,mixed,True,0.9693465699682846,0.96785425989778,0.3214574010222008,0.9693465699682846,0.95,0.9,0.8,0.02,0.35,1.0,1.38,3.0,3.1622776601683795,3.0,1.0,0.7,2.15,ablation_private_protection_only,private_protection_only,i,h_i,3.1622776601683795,3.0
0.5,0.6931471805599453,2.242004860266141,1.8279566547855053,4.069961515051647,0.4491336461107321,-0.05086635388926791,-0.20417173154702278,-0.204171731547023,0.6879634453972578,-0.005183735162687442,0.2942243266492289,0.26443918337692784,3.0,1192.0631563989477,9.14090788622027,1.5675480574334655,2.1499999999999995,0.20168336039977913,3.0,20.0,10.0,False,False,False,True,susceptible-enriched,mixed,True,0.9843983377581704,0.9689078836430719,0.3109211635692808,0.9843983377581704,0.95,0.9,0.8,0.02,0.35,1.0,1.38,3.0,3.981071705534973,3.0,1.0,0.7,2.15,ablation_private_protection_only,private_protection_only,i,h_i,3.981071705534973,3.0
0.5,0.6931471805599453,2.24440441544842,1.8253557440393946,4.0697601594878146,0.44851678538941675,-0.05148321461058325,-0.20666529593152247,-0.20666529593152236,0.687836730817415,-0.005310449742530254,0.2939771166373661,0.26505720840658487,3.0,1191.984481177569,9.147166524847483,1.5678235276274177,2.1500000000000004,0.2016291755753301,3.0,20.0,10.0,False,False,False,True,susceptible-enriched,mixed,True,0.9921193161496697,0.9694483521304769,0.30551647869523124,0.9921193161496697,0.95,0.9,0.8,0.02,0.35,1.0,1.38,3.0,5.011872336272725,3.0,1.0,0.7,2.15,ablation_private_protection_only,private_protection_only,i,h_i,5.011872336272725,3.0
0.5,0.6931471805599453,2.245622340908333,1.8240359687433636,4.069658309651697,0.4482037139131404,-0.0517962860868596,-0.20793108360046866,-0.20793108360046866,0.6877718316714327,-0.005375348888512543,0.2938518957943966,0.2653702605140086,3.0,1191.9446508562473,9.150344368642001,1.5679627438711217,2.1499999999999995,0.2016016831122911,3.0,20.0,10.0,False,False,False,True,susceptible-enriched,mixed,True,0.9960347143808478,0.9697224300066594,0.3027756999334066,0.9960347143808478,0.95,0.9,0.8,0.02,0.35,1.0,1.38,3.0,6.309573444801933,3.0,1.0,0.7,2.15,ablation_private_protection_only,private_protection_only,i,h_i,6.309573444801933,3.0
0.5,0.6931471805599453,2.246236475123273,1.8233702433929921,4.069606718516265,0.4480458111828981,-0.0519541888171019,-0.20856956726799575,-0.20856956726799564,0.6877389483770293,-0.005408232182915973,0.2937888004207154,0.26552799894821144,3.0,1191.9244966674898,9.151947610073861,1.568032905401512,2.15,0.20158781870372763,3.0,20.0,10.0,False,False,False,True,susceptible-enriched,mixed,True,0.9980087108292717,0.969860609758049,0.3013939024195099,0.9980087108292717,0.95,0.9,0.8,0.02,0.35,1.0,1.38,3.0,7.943282347242818,3.0,1.0,0.7,2.15,ablation_private_protection_only,private_protection_only,i,h_i,7.943282347242818,3.0
0.5,0.6931471805599453,2.2465452407554944,1.8230355303650925,4.069580771120587,0.4479664203502483,-0.05203357964975169,-0.20889060209527524,-0.20889060209527524,0.6877223771218783,-0.00542480343806695,0.2937570928270572,0.265607267932357,3.0,1191.914361010661,9.152753791812362,1.5680681494687365,2.15,0.201580848398834,3.0,20.0,10.0,False,False,False,True,susceptible-enriched,mixed,True,0.999000999000999,0.9699300699300699,0.30069930069930073,0.999000999000999,0.95,0.9,0.8,0.02,0.35,1.0,1.38,3.0,10.0,3.0,1.0,0.7,2.15,ablation_private_protection_only,private_protection_only,i,h_i,10.0,3.0
0.5,0.6931471805599453,1.955612549882179,2.137497125330616,4.093109675212795,0.5222183852719486,0.022218385271948637,0.0889321078440095,0.08893210784400972,0.6921595420856661,-0.0009876384742791844,0.3192038106079633,0.2019904734800917,2.0,1201.1846803691787,8.42142558003905,1.5251292713485558,2.15,0.2110924276139958,4.0,19.0,,False,False,False,False,resistant-enriched,mixed,True,0.0004639435398458807,0.9000324760477892,0.9996752395221079,0.0004639435398458807,0.95,0.9,0.8,0.02,0.35,1.0,1.38,3.0,0.1,3.333333333333333,1.0,0.7,2.15,ablation_private_protection_only,private_protection_only,i,h_i,0.1,3.333333333333333
0.5,0.6931471805599453,1.9557574799546458,2.137340712986472,4.093098192941118,0.5221816365589496,0.022181636558949558,0.0887848226395,0.0887848226395,0.6921628075199,-0.0009843730400452833,0.3191913151024569,0.2020217122438578,2.0,1201.1801131872855,8.421779300502163,1.5251561104678397,2.1500000000000004,0.21108593267247142,4.0,19.0,,False,False,False,False,resistant-enriched,mixed,True,0.000999000999001,0.9000699300699301,0.9993006993006993,0.000999000999001,0.95,0.9,0.8,0.02,0.35,1.0,1.38,3.0,0.12589254117941673,3.333333333333333,1.0,0.7,2.15,ablation_private_protection_only,private_protection_only,i,h_i,0.12589254117941673,3.333333333333333
0.5,0.6931471805599453,1.956069235996554,2.137004257348956,4.09307349334551,0.5221025864361543,0.02210258643615426,0.0884680008308106,0.0884680008308106,0.6921698134486012,-0.0009773671113441074,0.3191644427191057,0.20208889320223578,2.0,1201.1702888529271,8.422540206584952,1.525213822678475,2.15,0.21107196166948836,4.0,19.0,,False,False,False,False,resistant-enriched,mixed,True,0.002149803079700241,0.900150486215579,0.9984951378442098,0.002149803079700241,0.95,0.9,0.8,0.02,0.35,1.0,1.38,3.0,0.15848931924611134,3.333333333333333,1.0,0.7,2.15,ablation_private_protection_only,private_protection_only,i,h_i,0.15848931924611134,3.333333333333333
0.5,0.6931471805599453,1.9567386219894314,2.13628178691581,4.093020408905241,0.5219328450617721,0.021932845061772066,0.08778771617363854,0.08778771617363854,0.6921847723921365,-0.0009624081678087926,0.3191067714318804,0.20223307142029912,2.0,1201.149180192981,8.424174157708789,1.525337649443756,2.1499999999999995,0.21104196343652182,4.0,19.0,,False,False,False,False,resistant-enriched,mixed,True,0.004620144024698061,0.9003234100817289,0.9967658991827114,0.004620144024698061,0.95,0.9,0.8,0.02,0.35,1.0,1.38,3.0,0.19952623149688797,3.333333333333333,1.0,0.7,2.15,ablation_private_protection_only,private_protection_only,i,h_i,0.19952623149688797,3.333333333333333
0.5,0.6931471805599453,1.9581705092945156,2.1347365319116824,4.092907041206198,0.5215697572458343,0.02156975724583432,0.08633261109342419,0.08633261109342374,0.6922163828740183,-0.0009307976859269651,0.3189835500114237,0.20254112497144083,2.0,1201.1040840540954,8.427669666381517,1.5256020660626222,2.15,0.21097780096941804,4.0,19.0,,False,False,False,False,resistant-enriched,mixed,True,0.009900990099009905,0.9006930693069307,0.9930693069306931,0.009900990099009905,0.95,0.9,0.8,0.02,0.35,1.0,1.38,3.0,0.251188643150958,3.333333333333333,1.0,0.7,2.15,ablation_private_protection_only,private_protection_only,i,h_i,0.251188643150958,3.333333333333333
0.5,0.6931471805599453,1.9612080966932366,2.131458192205095,4.092666288898331,0.5207994108844978,0.02079941088449777,0.08324568354615856,0.08324568354615856,0.6922816998592186,-0.0008654807007266729,0.3187227510159186,0.2031931224602035,2.0,1201.0083548404032,8.435087705660287,1.526161037458126,2.1500000000000004,0.21084169633340627,4.0,19.0,,False,False,False,False,resistant-enriched,mixed,True,0.021089977117186395,0.9014762983982031,0.9852370160179695,0.021089977117186395,0.95,0.9,0.8,0.02,0.35,1.0,1.38,3.0,0.31622776601683794,3.333333333333333,1.0,0.7,2.15,ablation_private_protection_only,private_protection_only,i,h_i,0.31622776601683794,3.333333333333333
0.5,0.6931471805599453,1.9675415621704846,2.1246231675696654,4.0921647297401496,0.5191929719077018,0.01919297190770175,0.0768096283003152,0.0768096283003152,0.6924102591831466,-0.0007369213767987048,0.31818165027399986,0.20454587431500038,2.0,1200.8089338389377,8.450564752475405,1.52731783798166,2.15,0.21055799131201208,4.0,19.0,,False,False,False,False,resistant-enriched,mixed,True,0.04435701794430151,0.9031049912561011,0.9689500874389889,0.04435701794430151,0.95,0.9,0.8,0.02,0.35,1.0,1.38,3.0,0.3981071705534973,3.333333333333333,1.0,0.7,2.15,ablation_private_protection_only,private_protection_only,i,h_i,0.3981071705534973,3.333333333333333
0.5,0.6931471805599453,1.9802806788693075,2.1108740138120776,4.0911546926813855,0.515960449402755,0.015960449402754984,0.06386349461158485,0.06386349461158485,0.6926376221138508,-0.0005095584460944602,0.3171039602233499,0.20724009944162525,2.0,1200.407685632999,8.481741461359054,1.5296099022389988,2.15,0.2099876549063666,4.0,19.0,,False,False,False,False,resistant-enriched,mixed,True,0.09090909090909095,0.9063636363636364,0.9363636363636363,0.09090909090909095,0.95,0.9,0.8,0.02,0.35,1.0,1.38,3.0,0.5011872336272724,3.333333333333333,1.0,0.7,2.15,ablation_private_protection_only,private_protection_only,i,h_i,0.5011872336272724,3.333333333333333
0.5,0.6931471805599453,2.0041486729158113,2.0851123546670287,4.08926102758284,0.5098995492345808,0.009899549234580807,0.039603372376814085,0.039603372376814085,0.6929511656022269,-0.00019601495771837119,0.31512232599318746,0.21219418501703136,2.0,1199.656298792264,8.540325030371028,1.5337813452090598,2.1500000000000004,0.2089205862001594,4.0,19.0,,False,False,False,False,resistant-enriched,mixed,True,0.17725503036342644,0.9124078521254398,0.8759214787456016,0.17725503036342644,0.95,0.9,0.8,0.02,0.35,1.0,1.38,3.0,0.6309573444801934,3.333333333333333,1.0,0.7,2.15,ablation_private_protection_only,private_protection_only,i,h_i,0.6309573444801934,3.333333333333333
0.5,0.6931471805599453,2.0434374300784284,2.0426973591330753,4.086134789211504,0.4999094411976684,-9.05588023316084e-05,-0.0003622352132873055,-0.0003622352132873055,0.6931471641581518,-1.6401793478948434e-08,0.3119619440112712,0.22009513997182206,2.0,1198.4186880040966,8.63729098606763,1.540309957700976,2.1500000000000004,0.20716979801028507,4.0,19.0,,False,False,False,False,neutral,mixed,True,0.31701401305280863,0.9221909809136967,0.778090190863034,0.31701401305280863,0.95,0.9,0.8,0.02,0.35,1.0,1.38,3.0,0.7943282347242815,3.333333333333333,1.0,0.7,2.15,ablation_private_protection_only,private_protection_only,i,h_i,0.7943282347242815,3.333333333333333
0.5,0.6931471805599453,2.096098007850193,1.9858217388575845,4.0819197467077775,0.48649210716580715,-0.013507892834192847,-0.05404472212509797,-0.05404472212509797,0.6927822098189301,-0.00036497074101515814,0.3079105564865327,0.23022360878366832,2.0,1196.7551619938977,8.768447369565557,1.5484362658035131,2.15,0.20499869561068434,3.0,19.0,,False,False,False,False,susceptible-enriched,mixed,True,0.5,0.935,0.65,0.5,0.95,0.9,0.8,0.02,0.35,1.0,1.38,3.0,1.0,3.333333333333333,1.0,0.7,2.15,ablation_private_protection_only,private_protection_only,i,h_i,1.0,3.333333333333333
0.5,0.6931471805599453,2.1501229024227615,1.9274256696148113,4.077548572037573,0.4726922648653248,-0.027307735134675215,-0.10933974181672486,-0.10933974181672508,0.6916550134281974,-0.0014921671317479346,0.3039551829057104,0.24011204273572406,2.0,1195.0357532977296,8.904648118267572,1.5560722260964197,2.15,0.20376681013270337,3.0,19.0,10.0,False,False,False,True,susceptible-enriched,mixed,True,0.6829859869471915,0.9478090190863034,0.521909809136966,0.6829859869471915,0.95,0.9,0.8,0.02,0.35,1.0,1.38,3.0,1.2589254117941675,3.333333333333333,1.0,0.7,2.15,ablation_private_protection_only,private_protection_only,i,h_i,1.2589254117941675,3.333333333333333
0.5,0.6931471805599453,2.1922858311017515,1.88180645204774,4.074092283149492,0.46189588287700806,-0.03810411712299194,-0.15271256374302075,-0.15271256374302064,0.6902405157497216,-0.0029066648102237247,0.29948656232809084,0.251283594179773,3.0,1193.6799537075499,9.012281675872654,1.5615665051488312,2.15,0.20280870323795347,3.0,19.0,10.0,False,False,False,True,susceptible-enriched,mixed,True,0.8227449696365738,0.9575921478745602,0.4240785212543984,0.8227449696365738,0.95,0.9,0.8,0.02,0.35,1.0,1.38,3.0,1.584893192461114,3.333333333333333,1.0,0.7,2.15,ablation_private_protection_only,private_protection_only,i,h_i,1.584893192461114,3.333333333333333
0.5,0.6931471805599453,2.218719126967163,1.8531876382938408,4.071906765261004,0.455115439799382,-0.044884560200617984,-0.18002285546554947,-0.18002285546554947,0.6891125039399002,-0.004034676620045086,0.29665514553845973,0.25836213615385073,3.0,1192.8237856264323,9.08041969223061,1.5648121056127389,2.15,0.20220980780233527,3.0,20.0,10.0,False,False,False,True,susceptible-enriched,mixed,True,0.9090909090909091,0.9636363636363636,0.36363636363636365,0.9090909090909091,0.95,0.9,0.8,0.02,0.35,1.0,1.38,3.0,1.9952623149688797,3.333333333333333,1.0,0.7,2.15,ablation_private_protection_only,private_protection_only,i,h_i,1.9952623149688797,3.333333333333333
0.5,0.6931471805599453,2.2330881432065963,1.8376204060100476,4.0707085492166435,0.4514251963245255,-0.04857480367547451,-0.1949139680395587,-0.1949139680395587,0.6884207062298375,-0.004726474330107755,0.2951482975657941,0.26212925608551485,3.0,1192.3551133296135,9.11769251930513,1.5665138523584146,2.1499999999999995,0.20188482069576563,3.0,20.0,10.0,False,False,False,True,susceptible-enriched,mixed,True,0.9556429820556985,0.9668950087438989,0.331049912561011,0.9556429820556985,0.95,0.9,0.8,0.02,0.35,1.0,1.38,3.0,2.511886431509581,3.333333333333333,1.0,0.7,2.15,ablation_private_protection_only,private_protection_only,i,h_i,2.511886431509581,3.333333333333333
0.5,0.6931471805599453,2.240300541852448,1.82980387202825,4.070104413880698,0.44957172739546447,-0.05042827260453553,-0.2024012399819814,-0.2024012399819814,0.6880525013905185,-0.005094679169426741,0.29440027789569967,0.2639993052607509,3.0,1192.118999097068,9.136465549926472,1.5673516737845623,2.1499999999999995,0.20172185320766037,3.0,20.0,10.0,False,False,False,True,susceptible-enriched,mixed,True,0.9789100228828136,0.9685237016017969,0.3147629839820305,0.9789100228828136,0.95,0.9,0.8,0.02,0.35,1.0,1.38,3.0,3.1622776601683795,3.333333333333333,1.0,0.7,2.15,ablation_private_protection_only,private_protection_only,i,h_i,3.1622776601683795,3.333333333333333
0.5,0.6931471805599453,2.2437763185677495,1.8260365611310185,4.069812879698768,0.4486782599366521,-0.05132174006334789,-0.2060124984119169,-0.20601249841191713,0.6878700492968234,-0.005277131263121904,0.29404176676193094,0.2648955830951727,3.0,1192.005079562548,9.14552782643927,1.5677515374343098,2.15,0.20164335754396648,3.0,20.0,10.0,False,False,False,True,susceptible-enriched,mixed,True,0.9900990099009901,0.9693069306930693,0.306930693069307,0.9900990099009901,0.95,0.9,0.8,0.02,0.35,1.0,1.38,3.0,3.981071705534973,3.333333333333333,1.0,0.7,2.15,ablation_private_protection_only,private_protection_only,i,h_i,3.981071705534973,3.333333333333333
0.5,0.6931471805599453,2.2454183193126735,1.8242565333006542,4.0696748526133275,0.44825608909006925,-0.051743910909930746,-0.2077193125860605,-0.20771931258606027,0.6877827165529329,-0.005364464007012404,0.29387283257659313,0.26531791855851716,3.0,1191.9511699011068,9.149812729300749,1.5679395790549253,2.1499999999999995,0.2016062819710937,3.0,20.0,10.0,False,False,False,True,susceptible-enriched,mixed,True,0.995379855975302,0.9696765899182711,0.30323410081728863,0.995379855975302,0.95,0.9,0.8,0.02,0.35,1.0,1.38,3.0,5.011872336272725,3.333333333333333,1.0,0.7,2.15,ablation_private_protection_only,private_protection_only,i,h_i,5.011872336272725,3.333333333333333
0.5,0.6931471805599453,2.2461871543801233,1.8234237083071392,4.069610862687263,0.44805849252699514,-0.051941507473004855,-0.2085182883710014,-0.20851828837100095,0.6877415929943371,-0.005405587565608161,0.2937938661456257,0.2655153346359358,3.0,1191.926115521243,9.151818842323419,1.5680272738765604,2.15,0.20158893212230047,3.0,20.0,10.0,False,False,False,True,susceptible-enriched,mixed,True,0.9978501969202997,0.969849513784421,0.3015048621557902,0.9978501969202997,0.95,0.9,0.8,0.02,0.35,1.0,1.38,3.0,6.309573444801933,3.333333333333333,1.0,0.7,2.15,ablation_private_protection_only,private_protection_only,i,h_i,6.309573444801933,3.333333333333333
0.5,0.6931471805599453,2.2465452407554944,1.8230355303650925,4.069580771120587,0.4479664203502483,-0.05203357964975169,-0.20889060209527524,-0.20889060209527524,0.6877223771218783,-0.00542480343806695,0.2937570928270572,0.265607267932357,3.0,1191.914361010661,9.152753791812362,1.5680681494687365,2.15,0.201580848398834,3.0,20.0,10.0,False,False,False,True,susceptible-enriched,mixed,True,0.999000999000999,0.9699300699300699,0.30069930069930073,0.999000999000999,0.95,0.9,0.8,0.02,0.35,1.0,1.38,3.0,7.943282347242818,3.333333333333333,1.0,0.7,2.15,ablation_private_protection_only,private_protection_only,i,h_i,7.943282347242818,3.333333333333333
0.5,0.6931471805599453,2.2467117467594875,1.822855029440717,4.069566776200205,0.4479236070289367,-0.05207639297106331,-0.20906373191508143,-0.20906373191508132,0.6877134301152916,-0.005433750444653662,0.29373999813903634,0.2656500046524092,3.0,1191.9088944675627,9.153188571368762,1.5680871472030473,2.1499999999999995,0.20157708963768078,3.0,20.0,10.0,False,False,False,True,susceptible-enriched,mixed,True,0.9995360564601541,0.9699675239522108,0.30032476047789214,0.9995360564601541,0.95,0.9,0.8,0.02,0.35,1.0,1.38,3.0,10.0,3.333333333333333,1.0,0.7,2.15,ablation_private_protection_only,private_protection_only,i,h_i,10.0,3.333333333333333
0.5,0.6931471805599453,1.9555452305794006,2.1375697780548006,4.093115008634201,0.5222354547931624,0.022235454793162357,0.08900052112335527,0.08900052112335505,0.692158023473274,-0.000989157086671244,0.31920961535453873,0.20197596161365317,2.0,1201.1868018046625,8.421261281184762,1.5251168026150836,2.1500000000000004,0.21109544449504689,4.0,19.0,,False,False,False,False,resistant-enriched,mixed,True,0.00021539706311269837,0.9000150777944179,0.9998492220558212,0.00021539706311269837,0.95,0.9,0.8,0.02,0.35,1.0,1.38,3.0,0.1,3.6666666666666665,1.0,0.7,2.15,ablation_private_protection_only,private_protection_only,i,h_i,0.1,3.6666666666666665
0.5,0.6931471805599453,1.9556225696281297,2.137486311760198,4.093108881388328,0.5222158446552713,0.022215844655271266,0.0889219252728233,0.08892192527282353,0.6921597680151275,-0.0009874125448178228,0.31920294666958465,0.20199263332603845,2.0,1201.1843646164855,8.421450034275926,1.525131127070428,2.15,0.21109197858472686,4.0,19.0,,False,False,False,False,resistant-enriched,mixed,True,0.0005009361708135986,0.900035065531957,0.9996493446804304,0.0005009361708135986,0.95,0.9,0.8,0.02,0.35,1.0,1.38,3.0,0.12589254117941673,3.6666666666666665,1.0,0.7,2.15,ablation_private_protection_only,private_protection_only,i,h_i,0.12589254117941673,3.6666666666666665
0.5,0.6931471805599453,1.955802326125822,2.137292313799354,4.093094639925176,0.5221702652442028,0.022170265244202847,0.08873924773050892,0.08873924773050892,0.6921638168609394,-0.000983363699005868,0.31918744896341555,0.20203137759146117,2.0,1201.1786999515057,8.421888754864149,1.5251644141340357,2.15,0.21108392292985884,4.0,19.0,,False,False,False,False,resistant-enriched,mixed,True,0.001164556627836448,0.9000815189639486,0.9991848103605145,0.001164556627836448,0.95,0.9,0.8,0.02,0.35,1.0,1.38,3.0,0.15848931924611134,3.6666666666666665,1.0,0.7,2.15,ablation_private_protection_only,private_protection_only,i,h_i,0.15848931924611134,3.6666666666666665
0.5,0.6931471805599453,1.956219643019095,2.136841933847108,4.093061576866203,0.5220644482664129,0.02206444826641285,0.08831514998149839,0.0883151499814985,0.6921731845415044,-0.0009739960184408369,0.31915148125254944,0.20212129686862645,2.0,1201.1655491166737,8.422907318898611,1.52524165582996,2.15,0.21106522140894537,4.0,19.0,,False,False,False,False,resistant-enriched,mixed,True,0.0027049360554400126,0.9001893455238809,0.998106544761192,0.0027049360554400126,0.95,0.9,0.8,0.02,0.35,1.0,1.38,3.0,0.19952623149688797,3.6666666666666665,1.0,0.7,2.15,ablation_private_protection_only,private_protection_only,i,h_i,0.19952623149688797,3.6666666666666665
0.5,0.6931471805599453,1.9571858866512921,2.135799178897768,4.09298506554906,0.5218194409930635,0.021819440993063544,0.08733322989077741,0.08733322989077752,0.6921947021059509,-0.0009524784539943765,0.3190682648419897,0.20232933789502583,2.0,1201.1351136704593,8.425265858233342,1.5254202996783377,2.15,0.21102192263412578,4.0,19.0,,False,False,False,False,resistant-enriched,mixed,True,0.006270012341433842,0.9004389008639004,0.9956109913609963,0.006270012341433842,0.95,0.9,0.8,0.02,0.35,1.0,1.38,3.0,0.251188643150958,3.6666666666666665,1.0,0.7,2.15,ablation_private_protection_only,private_protection_only,i,h_i,0.251188643150958,3.6666666666666665
0.5,0.6931471805599453,1.9594091007397738,2.1333997802061537,4.0928088809459275,0.5212556565096886,0.021255656509688636,0.08507389961006374,0.08507389961006374,0.6922433023278385,-0.0009038782321068028,0.31887710799185726,0.20280723002035694,2.0,1201.0650502206627,8.430694001001584,1.5258303157145685,2.1500000000000004,0.21092230139314716,4.0,19.0,,False,False,False,False,resistant-enriched,mixed,True,0.01446566574042607,0.9010125966018299,0.9898740339817017,0.01446566574042607,0.95,0.9,0.8,0.02,0.35,1.0,1.38,3.0,0.31622776601683794,3.6666666666666665,1.0,0.7,2.15,ablation_private_protection_only,private_protection_only,i,h_i,0.31622776601683794,3.6666666666666665
0.5,0.6931471805599453,1.9644522359671561,2.127957238063767,4.092409474030923,0.5199766180698876,0.019976618069887597,0.07994903024436044,0.07994903024436044,0.6923488375477781,-0.0007983430121671908,0.31844514438031823,0.2038871390492044,2.0,1200.9062260416908,8.443013450205395,1.5267550348962007,2.15,0.21069636621424337,4.0,19.0,,False,False,False,False,resistant-enriched,mixed,True,0.033018070581145934,0.9023112649406803,0.9768873505931979,0.033018070581145934,0.95,0.9,0.8,0.02,0.35,1.0,1.38,3.0,0.3981071705534973,3.6666666666666665,1.0,0.7,2.15,ablation_private_protection_only,private_protection_only,i,h_i,0.3981071705534973,3.6666666666666665
0.5,0.6931471805599453,1.9755300238964781,2.1160013515551115,4.09153137545159,0.5171661066198141,0.017166106619814103,0.06869142384790633,0.06869142384790644,0.6925577142943804,-0.0005894662655648863,0.31750419102863847,0.20623952242840382,2.0,1200.5572907323306,8.470107933485053,1.5287605661389079,2.15,0.21020028733377344,4.0,19.0,,False,False,False,False,resistant-enriched,mixed,True,0.07358755611757357,0.9051511289282301,0.9484887107176985,0.07358755611757357,0.95,0.9,0.8,0.02,0.35,1.0,1.38,3.0,0.5011872336272724,3.6666666666666665,1.0,0.7,2.15,ablation_private_protection_only,private_protection_only,i,h_i,0.5011872336272724,3.6666666666666665
0.5,0.6931471805599453,1.9982348264574246,2.0914957302047115,4.089730556662136,0.5114018396145151,0.01140183961451513,0.04561526631933513,0.04561526631933513,0.6928871541280583,-0.0002600264318869394,0.31560885373168984,0.21097786567077548,2.0,1199.8424804594829,8.525787886539078,1.5327624916696998,2.1500000000000004,0.2091847686702826,4.0,19.0,,False,False,False,False,resistant-enriched,mixed,True,0.1559649918776253,0.9109175494314338,0.8908245056856623,0.1559649918776253,0.95,0.9,0.8,0.02,0.35,1.0,1.38,3.0,0.6309573444801934,3.6666666666666665,1.0,0.7,2.15,ablation_private_protection_only,private_protection_only,i,h_i,0.6309573444801934,3.6666666666666665
0.5,0.6931471805599453,2.038790894928373,2.0477145101759304,4.086505405104303,0.5010918394034682,0.0010918394034682422,0.004367364555739438,0.004367364555739438,0.6931447963314845,-2.384228460772242e-06,0.31232936487866736,0.2191765878033316,2.0,1198.5652105183585,8.625785674766068,1.5395590584761425,2.1500000000000004,0.20737642038436707,4.0,19.0,,False,False,False,False,resistant-enriched,mixed,True,0.30063388048039635,0.9210443716336277,0.7895562836637225,0.30063388048039635,0.95,0.9,0.8,0.02,0.35,1.0,1.38,3.0,0.7943282347242815,3.6666666666666665,1.0,0.7,2.15,ablation_private_protection_only,private_protection_only,i,h_i,0.7943282347242815,3.6666666666666665
0.5,0.6931471805599453,2.096098007850193,1.9858217388575845,4.0819197467077775,0.48649210716580715,-0.013507892834192847,-0.05404472212509797,-0.05404472212509797,0.6927822098189301,-0.00036497074101515814,0.3079105564865327,0.23022360878366832,2.0,1196.7551619938977,8.768447369565557,1.5484362658035131,2.15,0.20499869561068434,3.0,19.0,,False,False,False,False,susceptible-enriched,mixed,True,0.5,0.935,0.65,0.5,0.95,0.9,0.8,0.02,0.35,1.0,1.38,3.0,1.0,3.6666666666666665,1.0,0.7,2.15,ablation_private_protection_only,private_protection_only,i,h_i,1.0,3.6666666666666665
0.5,0.6931471805599453,2.155024705953715,1.9221245470334651,4.07714925298718,0.47143835748107427,-0.028561642518925734,-0.11437107877523402,-0.11437107877523402,0.6915147572510422,-0.0016324233089031193,0.30360572178274603,0.24098569554313498,2.0,1194.878921103769,8.917097529325364,1.5567314673891723,2.15,0.2036552638586228,3.0,19.0,10.0,False,False,False,True,susceptible-enriched,mixed,True,0.6993661195196038,0.9489556283663723,0.5104437163362774,0.6993661195196038,0.95,0.9,0.8,0.02,0.35,1.0,1.38,3.0,1.2589254117941675,3.6666666666666665,1.0,0.7,2.15,ablation_private_protection_only,private_protection_only,i,h_i,1.2589254117941675,3.6666666666666665
0.5,0.6931471805599453,2.198776221818677,1.874780519763041,4.073556741581718,0.4602318412864636,-0.039768158713536395,-0.15940934633862974,-0.15940934633862974,0.6899808243141561,-0.0031663562457892036,0.29878399508865955,0.25304001227835116,3.0,1193.4701064123278,9.02896365237887,1.562377343519977,2.15,0.20266151543047034,3.0,19.0,10.0,False,False,False,True,susceptible-enriched,mixed,True,0.844035008122375,0.9590824505685662,0.40917549431433753,0.844035008122375,0.95,0.9,0.8,0.02,0.35,1.0,1.38,3.0,1.584893192461114,3.6666666666666665,1.0,0.7,2.15,ablation_private_protection_only,private_protection_only,i,h_i,1.584893192461114,3.6666666666666665
0.5,0.6931471805599453,2.2240560359154347,1.8474064146996463,4.071462450615081,0.45374516825534184,-0.046254831744658165,-0.18554985462053655,-0.18554985462053644,0.6888620373168608,-0.004285143243084488,0.29609286435875704,0.2597678391031074,3.0,1192.6499478130136,9.094244001767116,1.5654492536999178,2.1499999999999995,0.20208905240150424,3.0,20.0,10.0,False,False,False,True,susceptible-enriched,mixed,True,0.9264124438824265,0.9648488710717699,0.35151128928230146,0.9264124438824265,0.95,0.9,0.8,0.02,0.35,1.0,1.38,3.0,1.9952623149688797,3.6666666666666665,1.0,0.7,2.15,ablation_private_protection_only,private_protection_only,i,h_i,1.9952623149688797,3.6666666666666665
0.5,0.6931471805599453,2.2366003732714312,1.833813993950042,4.070414367221473,0.4505226811101867,-0.049477318889813326,-0.19855907477854895,-0.19855907477854884,0.6882431486240328,-0.0049040319359124895,0.2947833339033913,0.26304166524152184,3.0,1192.2401431671192,9.12682928965048,1.5669232058541485,2.15,0.20180544442956466,3.0,20.0,10.0,False,False,False,True,susceptible-enriched,mixed,True,0.9669819294188541,0.9676887350593197,0.3231126494068022,0.9669819294188541,0.95,0.9,0.8,0.02,0.35,1.0,1.38,3.0,2.511886431509581,3.6666666666666665,1.0,0.7,2.15,ablation_private_protection_only,private_protection_only,i,h_i,2.511886431509581,3.6666666666666665
0.5,0.6931471805599453,2.24235776767045,1.82757414279143,4.0699319104618805,0.4490429282351374,-0.05095707176486258,-0.20453840472159446,-0.20453840472159446,0.6879449067397131,-0.005202273820232195,0.29418793098439644,0.2645301725390089,3.0,1192.0515885068783,9.141828055359255,1.567588646486032,2.15,0.20167539054294642,3.0,20.0,10.0,False,False,False,True,susceptible-enriched,mixed,True,0.9855343342595739,0.9689874033981701,0.31012596601829834,0.9855343342595739,0.95,0.9,0.8,0.02,0.35,1.0,1.38,3.0,3.1622776601683795,3.6666666666666665,1.0,0.7,2.15,ablation_private_protection_only,private_protection_only,i,h_i,3.1622776601683795,3.6666666666666665
0.5,0.6931471805599453,2.2449051361592915,1.824812736607667,4.069717872766958,0.4483880194297095,-0.05161198057029048,-0.2071858930014009,-0.20718589300140078,0.6878100858449554,-0.005337094714989887,0.2939255931444026,0.2651860171389936,3.0,1191.9679840623771,9.148473479096765,1.5678808821412429,2.1500000000000004,0.2016178672381531,3.0,20.0,10.0,False,False,False,True,susceptible-enriched,mixed,True,0.9937299876585661,0.9695610991360997,0.30438900863900376,0.9937299876585661,0.95,0.9,0.8,0.02,0.35,1.0,1.38,3.0,3.981071705534973,3.6666666666666665,1.0,0.7,2.15,ablation_private_protection_only,private_protection_only,i,h_i,3.981071705534973,3.6666666666666665
0.5,0.6931471805599453,2.2460144348488837,1.8236109393192184,4.069625374168102,0.4481029017792563,-0.051897098220743676,-0.2083387151211626,-0.2083387151211626,0.6877508491482371,-0.005396331411708144,0.29381160810130136,0.2654709797467466,3.0,1191.9317843016756,9.151367919317291,1.5680075485449325,2.15,0.2015928313080461,3.0,20.0,10.0,False,False,False,True,susceptible-enriched,mixed,True,0.99729506394456,0.9698106544761192,0.30189345523880806,0.99729506394456,0.95,0.9,0.8,0.02,0.35,1.0,1.38,3.0,5.011872336272725,3.6666666666666665,1.0,0.7,2.15,ablation_private_protection_only,private_protection_only,i,h_i,5.011872336272725,3.6666666666666665
0.5,0.6931471805599453,2.2464937231315827,1.823091377731247,4.069585100862829,0.4479796668571243,-0.052020333142875685,-0.20883703609709434,-0.20883703609709423,0.6877251438378938,-0.005422036722051438,0.2937623825678565,0.2655940435803589,3.0,1191.9160522751263,9.152619274276415,1.568062270343783,2.1499999999999995,0.20158201138444112,3.0,20.0,10.0,False,False,False,True,susceptible-enriched,mixed,True,0.9988354433721636,0.9699184810360515,0.3008151896394855,0.9988354433721636,0.95,0.9,0.8,0.02,0.35,1.0,1.38,3.0,6.309573444801933,3.6666666666666665,1.0,0.7,2.15,ablation_private_protection_only,private_protection_only,i,h_i,6.309573444801933,3.6666666666666665
0.5,0.6931471805599453,2.2467002345872324,1.822867509268155,4.069567743855387,0.4479265671447515,-0.052073432855248514,-0.20905176160766856,-0.20905176160766856,0.6877140489504341,-0.005433131609511199,0.293741179968668,0.26564705007833,3.0,1191.909272438389,9.153158510059269,1.5680858338883192,2.1499999999999995,0.20157734951562437,3.0,20.0,10.0,False,False,False,True,susceptible-enriched,mixed,True,0.9994990638291864,0.969964934468043,0.3003506553195695,0.9994990638291864,0.95,0.9,0.8,0.02,0.35,1.0,1.38,3.0,7.943282347242818,3.6666666666666665,1.0,0.7,2.15,ablation_private_protection_only,private_protection_only,i,h_i,7.943282347242818,3.6666666666666665
0.5,0.6931471805599453,2.2467890961234587,1.8227711782379235,4.069560274361383,0.4479037181784861,-0.05209628182151388,-0.20914416011943884,-0.20914416011943873,0.6877092712781819,-0.005437909281763353,0.2937320578709405,0.26566985532264886,3.0,1191.9063548376557,9.153390554008562,1.568095970554543,2.1499999999999995,0.2015753435442419,3.0,20.0,10.0,False,False,False,True,susceptible-enriched,mixed,True,0.9997846029368873,0.9699849222055821,0.3001507779441789,0.9997846029368873,0.95,0.9,0.8,0.02,0.35,1.0,1.38,3.0,10.0,3.6666666666666665,1.0,0.7,2.15,ablation_private_protection_only,private_protection_only,i,h_i,10.0,3.6666666666666665
0.5,0.6931471805599453,1.9555139732217306,2.137603511792257,4.0931174850139875,0.5222433804108,0.022243380410799984,0.08903228643734871,0.08903228643734894,0.6921573179632943,-0.0009898625966510144,0.31921231072441636,0.20196922318895916,2.0,1201.1877868194533,8.421184995322328,1.5251110127435639,2.1499999999999995,0.21109684528076383,4.0,19.0,,False,False,False,False,resistant-enriched,mixed,True,9.999000099990003e-05,0.90000699930007,0.9999300069993001,9.999000099990003e-05,0.95,0.9,0.8,0.02,0.35,1.0,1.38,3.0,0.1,4.0,1.0,0.7,2.15,ablation_private_protection_only,private_protection_only,i,h_i,0.1,4.0
0.5,0.6931471805599453,1.955554907556373,2.1375593344140884,4.093114241970461,0.5222330010962627,0.022233001096262694,0.08899068688911359,0.08899068688911337,0.6921582418415116,-0.0009889387184336407,0.31920878091191607,0.20197804772020989,2.0,1201.1864968538127,8.421284898622957,1.5251185950452397,2.15,0.21109501082566234,4.0,19.0,,False,False,False,False,resistant-enriched,mixed,True,0.00025112556326146193,0.9000175787894283,0.9998242121057169,0.00025112556326146193,0.95,0.9,0.8,0.02,0.35,1.0,1.38,3.0,0.12589254117941673,4.0,1.0,0.7,2.15,ablation_private_protection_only,private_protection_only,i,h_i,0.12589254117941673,4.0
0.5,0.6931471805599453,1.9556576795758271,2.137448420189554,4.0931060997653805,0.5222069421342569,0.02220694213425689,0.08888624477744629,0.08888624477744629,0.6921605594856126,-0.000986621074332672,0.31919991943588766,0.20200020141028086,2.0,1201.1832581960357,8.421535724051266,1.5251376294272427,2.15,0.21109040515373084,4.0,19.0,,False,False,False,False,resistant-enriched,mixed,True,0.0006305594883398934,0.9000441391641838,0.9995586083581621,0.0006305594883398934,0.95,0.9,0.8,0.02,0.35,1.0,1.38,3.0,0.15848931924611134,4.0,1.0,0.7,2.15,ablation_private_protection_only,private_protection_only,i,h_i,0.15848931924611134,4.0
0.5,0.6931471805599453,1.955915513782975,2.137170158613336,4.093085672396311,0.5221415649876008,0.02214156498760078,0.08862422084437267,0.08862422084437267,0.692166362049468,-0.000980818510477266,0.31917769198880686,0.20205577002798292,2.0,1201.1751330775087,8.422165010909822,1.5251853692116142,2.15,0.21107885053861672,4.0,19.0,,False,False,False,False,resistant-enriched,mixed,True,0.0015823852808017206,0.9001107669696562,0.9988923303034388,0.0015823852808017206,0.95,0.9,0.8,0.02,0.35,1.0,1.38,3.0,0.19952623149688797,4.0,1.0,0.7,2.15,ablation_private_protection_only,private_protection_only,i,h_i,0.19952623149688797,4.0
0.5,0.6931471805599453,1.9565611443297153,2.1364733253752393,4.093034469704954,0.5219778482660192,0.02197784826601923,0.08796807675281848,0.08796807675281848,0.6921808176052184,-0.0009663629547268515,0.3191220575993283,0.2021948560016792,2.0,1201.1547727112152,8.423740940649504,1.525304830762344,2.15,0.21104991664194195,4.0,19.0,,False,False,False,False,resistant-enriched,mixed,True,0.003965285619152201,0.9002775699933406,0.9972243000665935,0.003965285619152201,0.95,0.9,0.8,0.02,0.35,1.0,1.38,3.0,0.251188643150958,4.0,1.0,0.7,2.15,ablation_private_protection_only,private_protection_only,i,h_i,0.251188643150958,4.0
0.5,0.6931471805599453,1.9581705092945156,2.1347365319116824,4.092907041206198,0.5215697572458343,0.02156975724583432,0.08633261109342419,0.08633261109342374,0.6922163828740183,-0.0009307976859269651,0.3189835500114237,0.20254112497144083,2.0,1201.1040840540954,8.427669666381517,1.5256020660626222,2.15,0.21097780096941804,4.0,19.0,,False,False,False,False,resistant-enriched,mixed,True,0.009900990099009901,0.9006930693069307,0.9930693069306931,0.009900990099009901,0.95,0.9,0.8,0.02,0.35,1.0,1.38,3.0,0.31622776601683794,4.0,1.0,0.7,2.15,ablation_private_protection_only,private_protection_only,i,h_i,0.31622776601683794,4.0
0.5,0.6931471805599453,1.9621358165103309,2.1304569695228732,4.0925927860332045,0.5205641217942537,0.02056412179425371,0.08230291414405425,0.08230291414405425,0.6923011757479687,-0.0008460048119766084,0.3186432657755819,0.20339183556104534,2.0,1200.9791289891723,8.437353900277161,1.5263312214505496,2.1500000000000004,0.2108001327601874,4.0,19.0,,False,False,False,False,resistant-enriched,mixed,True,0.024503367550336004,0.9017152357285235,0.9828476427147648,0.024503367550336004,0.95,0.9,0.8,0.02,0.35,1.0,1.38,3.0,0.3981071705534973,4.0,1.0,0.7,2.15,ablation_private_protection_only,private_protection_only,i,h_i,0.3981071705534973,4.0
0.5,0.6931471805599453,1.9716348453588626,2.120205408633457,4.09184025399232,0.5181544921175304,0.018154492117530396,0.0726499055170411,0.07264990551704088,0.6924878644798802,-0.0006593160800650866,0.3178338212689662,0.2054154468275845,2.0,1200.6799936602915,8.460575641208594,1.5280593649824634,2.15,0.21037468245035032,4.0,19.0,,False,False,False,False,resistant-enriched,mixed,True,0.059350943102767624,0.9041545660171938,0.9584543398280627,0.059350943102767624,0.95,0.9,0.8,0.02,0.35,1.0,1.38,3.0,0.5011872336272724,4.0,1.0,0.7,2.15,ablation_private_protection_only,private_protection_only,i,h_i,0.5011872336272724,4.0
0.5,0.6931471805599453,1.992929309643832,2.0972223360029845,4.0901516456468165,0.5127492860161007,0.012749286016100703,0.05100820077104613,0.05100820077104613,0.6928220567354098,-0.0003251238245355337,0.3160478217430278,0.20988044564243047,2.0,1200.009517643767,8.51275840285287,1.5318402309384325,2.15,0.20942190002855363,4.0,19.0,,False,False,False,False,resistant-enriched,mixed,True,0.13680688860321008,0.9095764822022248,0.904235177977753,0.13680688860321008,0.95,0.9,0.8,0.02,0.35,1.0,1.38,3.0,0.6309573444801934,4.0,1.0,0.7,2.15,ablation_private_protection_only,private_protection_only,i,h_i,0.6309573444801934,4.0
0.5,0.6931471805599453,2.0342948764996716,2.0525687721518704,4.086863648651542,0.5022356869745616,0.002235686974561557,0.008942807496965643,0.008942807496965643,0.6931371839341379,-9.996625807362491e-06,0.31268646967711444,0.21828382580721395,2.0,1198.706903908293,8.614663033452121,1.5388271038614816,2.15,0.20757646604158467,4.0,19.0,,False,False,False,False,resistant-enriched,mixed,True,0.2847472489508014,0.9199323074265561,0.800676925734439,0.2847472489508014,0.95,0.9,0.8,0.02,0.35,1.0,1.38,3.0,0.7943282347242815,4.0,1.0,0.7,2.15,ablation_private_protection_only,private_protection_only,i,h_i,0.7943282347242815,4.0
0.5,0.6931471805599453,2.096098007850193,1.9858217388575845,4.0819197467077775,0.48649210716580715,-0.013507892834192847,-0.05404472212509797,-0.05404472212509797,0.6927822098189301,-0.00036497074101515814,0.3079105564865327,0.23022360878366832,2.0,1196.7551619938977,8.768447369565557,1.5484362658035131,2.15,0.20499869561068434,3.0,19.0,,False,False,False,False,susceptible-enriched,mixed,True,0.5,0.935,0.65,0.5,0.95,0.9,0.8,0.02,0.35,1.0,1.38,3.0,1.0,4.0,1.0,0.7,2.15,ablation_private_protection_only,private_protection_only,i,h_i,1.0,4.0
0.5,0.6931471805599453,2.159788657485793,1.916971274246722,4.076759931732515,0.47021931787679727,-0.02978068212320273,-0.11926389394474274,-0.11926389394474274,0.6913723522505828,-0.0017748283093624861,0.30307864773653,0.24230338065867507,3.0,1194.726124767971,8.92921337678155,1.5573670860770967,2.15,0.20354688546477054,3.0,19.0,10.0,False,False,False,True,susceptible-enriched,mixed,True,0.7152527510491987,0.9500676925734439,0.4993230742655609,0.7152527510491987,0.95,0.9,0.8,0.02,0.35,1.0,1.38,3.0,1.2589254117941675,4.0,1.0,0.7,2.15,ablation_private_protection_only,private_protection_only,i,h_i,1.2589254117941675,4.0
0.5,0.6931471805599453,2.2046317247559175,1.868440882470121,4.073072607226038,0.4587300700594731,-0.04126992994052692,-0.16545614628679028,-0.1654561462867905,0.6897368878602428,-0.0034102926997024996,0.2981542692438585,0.2546143268903538,3.0,1193.2804674853396,9.04404113540059,1.5631010341705882,2.1499999999999995,0.20252879601451776,3.0,19.0,10.0,False,False,False,True,susceptible-enriched,mixed,True,0.8631931113967901,0.9604235177977754,0.39576482202224694,0.8631931113967901,0.95,0.9,0.8,0.02,0.35,1.0,1.38,3.0,1.584893192461114,4.0,1.0,0.7,2.15,ablation_private_protection_only,private_protection_only,i,h_i,1.584893192461114,4.0
0.5,0.6931471805599453,2.2284511237965363,1.8426449623142105,4.071096086110747,0.4526164264706782,-0.04738357352932182,-0.19010476187638942,-0.19010476187638942,0.6886500289684769,-0.004497151591468351,0.2956321442266324,0.260919639433419,3.0,1192.5066329042224,9.10564566254299,1.5659694247134048,2.15,0.2019896529855244,3.0,20.0,10.0,False,False,False,True,susceptible-enriched,mixed,True,0.9406490568972324,0.9658454339828063,0.3415456601719373,0.9406490568972324,0.95,0.9,0.8,0.02,0.35,1.0,1.38,3.0,1.9952623149688797,4.0,1.0,0.7,2.15,ablation_private_protection_only,private_protection_only,i,h_i,1.9952623149688797,4.0
0.5,0.6931471805599453,2.239241147436833,1.8309520696268526,4.070193217063686,0.4498440177117036,-0.050155982288296375,-0.20130094681108834,-0.20130094681108812,0.6881074634858095,-0.005039717074135752,0.2945098036883375,0.2637254907791563,3.0,1192.1537027588884,9.13370541458467,1.567229298017401,2.15,0.2017457834714817,3.0,20.0,10.0,False,False,False,True,susceptible-enriched,mixed,True,0.975496632449664,0.9682847642714765,0.3171523572852353,0.975496632449664,0.95,0.9,0.8,0.02,0.35,1.0,1.38,3.0,2.511886431509581,4.0,1.0,0.7,2.15,ablation_private_protection_only,private_protection_only,i,h_i,2.511886431509581,4.0
0.5,0.6931471805599453,2.2437763185677495,1.8260365611310185,4.069812879698768,0.4486782599366521,-0.05132174006334789,-0.2060124984119169,-0.20601249841191713,0.6878700492968234,-0.005277131263121904,0.29404176676193094,0.2648955830951727,3.0,1192.005079562548,9.14552782643927,1.5677515374343098,2.15,0.20164335754396648,3.0,20.0,10.0,False,False,False,True,susceptible-enriched,mixed,True,0.9900990099009901,0.9693069306930693,0.306930693069307,0.9900990099009901,0.95,0.9,0.8,0.02,0.35,1.0,1.38,3.0,3.1622776601683795,4.0,1.0,0.7,2.15,ablation_private_protection_only,private_protection_only,i,h_i,3.1622776601683795,4.0
0.5,0.6931471805599453,2.245622340908333,1.8240359687433636,4.069658309651697,0.4482037139131404,-0.0517962860868596,-0.20793108360046866,-0.20793108360046866,0.6877718316714327,-0.005375348888512543,0.2938518957943966,0.2653702605140086,3.0,1191.9446508562473,9.150344368642001,1.5679627438711217,2.1499999999999995,0.2016016831122911,3.0,20.0,10.0,False,False,False,True,susceptible-enriched,mixed,True,0.9960347143808478,0.9697224300066594,0.3027756999334066,0.9960347143808478,0.95,0.9,0.8,0.02,0.35,1.0,1.38,3.0,3.981071705534973,4.0,1.0,0.7,2.15,ablation_private_protection_only,private_protection_only,i,h_i,3.981071705534973,4.0
0.5,0.6931471805599453,2.2463637075329563,1.8232323196145643,4.0695960271475204,0.44801309698852654,-0.05198690301147346,-0.2087018532300697,-0.2087018532300697,0.6877321230278564,-0.005415057532088929,0.29377573355498565,0.2655606661125359,3.0,1191.9203203111856,9.15227980140215,1.568047430714754,2.15,0.20158494644466102,3.0,20.0,10.0,False,False,False,True,susceptible-enriched,mixed,True,0.9984176147191983,0.9698892330303439,0.3011076696965612,0.9984176147191983,0.95,0.9,0.8,0.02,0.35,1.0,1.38,3.0,5.011872336272725,4.0,1.0,0.7,2.15,ablation_private_protection_only,private_protection_only,i,h_i,5.011872336272725,4.0
0.5,0.6931471805599453,2.246659895974877,1.8229112384861672,4.069571134461045,0.44793693936193724,-0.052063060638062764,-0.20900981788401776,-0.20900981788401798,0.6877162170631836,-0.005430963496761643,0.29374532120338026,0.26563669699154935,3.0,1191.9105968298036,9.153053176251124,1.5680812318240869,2.1500000000000004,0.201578260128996,3.0,20.0,10.0,False,False,False,True,susceptible-enriched,mixed,True,0.9993694405116601,0.9699558608358162,0.3004413916418379,0.9993694405116601,0.95,0.9,0.8,0.02,0.35,1.0,1.38,3.0,6.309573444801933,4.0,1.0,0.7,2.15,ablation_private_protection_only,private_protection_only,i,h_i,6.309573444801933,4.0
0.5,0.6931471805599453,2.246777977037141,1.8227832320035302,4.069561209040671,0.4479065772383898,-0.05209342276161022,-0.20913259837133127,-0.20913259837133116,0.6877098692173362,-0.0054373113426090525,0.2937331992589889,0.2656670018525278,3.0,1191.9067199225015,9.153361518363578,1.5680947022602871,2.15,0.2015755945472201,3.0,20.0,10.0,False,False,False,True,susceptible-enriched,mixed,True,0.9997488744367385,0.9699824212105717,0.300175787894283,0.9997488744367385,0.95,0.9,0.8,0.02,0.35,1.0,1.38,3.0,7.943282347242818,4.0,1.0,0.7,2.15,ablation_private_protection_only,private_protection_only,i,h_i,7.943282347242818,4.0
0.5,0.6931471805599453,2.246825012353439,1.8227322428471684,4.069557255200607,0.44789448299759027,-0.05210551700240973,-0.20918150634893937,-0.20918150634893937,0.6877073396215804,-0.005439840938364915,0.29372837111387695,0.2656790722153076,3.0,1191.905175556937,9.153484343966863,1.568100067153432,2.1499999999999995,0.20157453277085602,3.0,20.0,10.0,False,False,False,True,susceptible-enriched,mixed,True,0.9999000099990001,0.96999300069993,0.30006999300070003,0.9999000099990001,0.95,0.9,0.8,0.02,0.35,1.0,1.38,3.0,10.0,4.0,1.0,0.7,2.15,ablation_private_protection_only,private_protection_only,i,h_i,10.0,4.0
0.5,0.6931471805599453,1.9554994625771362,2.137619172047902,4.093118634625038,0.522247059727289,0.02224705972728902,0.0890470328924271,0.0890470328924271,0.6921569903582063,-0.0009901902017389608,0.3192135620295675,0.2019660949260812,2.0,1201.1882440941808,8.421149581154332,1.5251083248064137,2.15,0.21109749556995464,4.0,19.0,,False,False,False,False,resistant-enriched,mixed,True,4.641373400143315e-05,0.9000032489613802,0.999967510386199,4.641373400143315e-05,0.95,0.9,0.8,0.02,0.35,1.0,1.38,3.0,0.1,4.333333333333333,1.0,0.7,2.15,ablation_private_protection_only,private_protection_only,i,h_i,0.1,4.333333333333333
0.5,0.6931471805599453,1.9555209844397439,2.137595945107368,4.0931169295471115,0.5222416026467842,0.02224160264678421,0.089025161281216,0.089025161281216,0.692157476235356,-0.0009897043245893355,0.31921170612864563,0.201970734678386,2.0,1201.1875658745196,8.421202106681328,1.5251123114724148,2.1499999999999995,0.21109653107573645,4.0,19.0,,False,False,False,False,resistant-enriched,mixed,True,0.00012587669424250338,0.900008811368597,0.9999118863140303,0.00012587669424250338,0.95,0.9,0.8,0.02,0.35,1.0,1.38,3.0,0.12589254117941673,4.333333333333333,1.0,0.7,2.15,ablation_private_protection_only,private_protection_only,i,h_i,0.12589254117941673,4.333333333333333
0.5,0.6931471805599453,1.9555793417002794,2.137532964457619,4.093112306157899,0.5222268055635315,0.022226805563531515,0.08896585567496293,0.08896585567496271,0.6921587931093037,-0.000988387450641559,0.3192066740011154,0.20198331499721156,2.0,1201.185726859424,8.421344532262625,1.5251231207683709,2.15,0.21109391582109913,4.0,19.0,,False,False,False,False,resistant-enriched,mixed,True,0.0003413383357403704,0.9000238936835019,0.9997610631649817,0.0003413383357403704,0.95,0.9,0.8,0.02,0.35,1.0,1.38,3.0,0.15848931924611134,4.333333333333333,1.0,0.7,2.15,ablation_private_protection_only,private_protection_only,i,h_i,0.15848931924611134,4.333333333333333
0.5,0.6931471805599453,1.9557375056482333,2.1373622697895303,4.093099775437763,0.522186701290695,0.022186701290695,0.08880512152584259,0.08880512152584259,0.692162357797186,-0.000984822762759241,0.319193037123977,0.20201740719005756,2.0,1201.1807426373198,8.421730550194646,1.5251524118580182,2.15,0.21108682780504412,4.0,19.0,,False,False,False,False,resistant-enriched,mixed,True,0.0009252618258234764,0.9000647683278077,0.9993523167219236,0.0009252618258234764,0.95,0.9,0.8,0.02,0.35,1.0,1.38,3.0,0.19952623149688797,4.333333333333333,1.0,0.7,2.15,ablation_private_protection_only,private_protection_only,i,h_i,0.19952623149688797,4.333333333333333
0.5,0.6931471805599453,1.9561656316998746,2.1369002243949975,4.0930658560948725,0.5220781437496291,0.02207814374962913,0.08837003886912066,0.08837003886912044,0.6921719746469854,-0.0009752059129598534,0.3191561354933887,0.20210966126652818,2.0,1201.1672511586632,8.422775487555406,1.5252316616767934,2.1499999999999995,0.21106764183869153,4.0,19.0,,False,False,False,False,resistant-enriched,mixed,True,0.002505592667285736,0.90017539148671,0.9982460851329,0.002505592667285736,0.95,0.9,0.8,0.02,0.35,1.0,1.38,3.0,0.251188643150958,4.333333333333333,1.0,0.7,2.15,ablation_private_protection_only,private_protection_only,i,h_i,0.251188643150958,4.333333333333333
0.5,0.6931471805599453,1.9573205747259657,2.135653817953436,4.092974392679402,0.5217852869476087,0.02178528694760873,0.08719635345584272,0.08719635345584249,0.6921976825516101,-0.0009494980083352145,0.31905667140663363,0.20235832148341593,2.0,1201.1308690343776,8.425594658427938,1.5254451804927227,2.1500000000000004,0.21101588705096994,4.0,19.0,,False,False,False,False,resistant-enriched,mixed,True,0.006766818890153485,0.9004736773223108,0.9952632267768926,0.006766818890153485,0.95,0.9,0.8,0.02,0.35,1.0,1.38,3.0,0.31622776601683794,4.333333333333333,1.0,0.7,2.15,ablation_private_protection_only,private_protection_only,i,h_i,0.31622776601683794,4.333333333333333
0.5,0.6931471805599453,1.9604075427053635,2.1323220565364163,4.09272959924178,0.5210024275562819,0.0210024275562819,0.08405917172867249,0.0840591717286726,0.6922647170222409,-0.000882463537704381,0.318791398205477,0.20302150448630762,2.0,1201.0335413735052,8.433132522410054,1.5260139954924077,2.15,0.210877561701643,4.0,19.0,,False,False,False,False,resistant-enriched,mixed,True,0.01814323818419052,0.9012700266728934,0.9872997332710667,0.01814323818419052,0.95,0.9,0.8,0.02,0.35,1.0,1.38,3.0,0.3981071705534973,4.333333333333333,1.0,0.7,2.15,ablation_private_protection_only,private_protection_only,i,h_i,0.3981071705534973,4.333333333333333
0.5,0.6931471805599453,1.968460663033836,2.1236312152324626,4.092091878266299,0.5189598079435557,0.018959807943555673,0.07587561284147808,0.07587561284147808,0.6924280595305454,-0.0007191210293998607,0.31810342049336326,0.20474144876659184,2.0,1200.7799808934806,8.452812040672384,1.5274847602633383,2.1500000000000004,0.210516827527395,4.0,19.0,,False,False,False,False,resistant-enriched,mixed,True,0.04772672103420394,0.9033408704723943,0.9665912952760572,0.04772672103420394,0.95,0.9,0.8,0.02,0.35,1.0,1.38,3.0,0.5011872336272724,4.333333333333333,1.0,0.7,2.15,ablation_private_protection_only,private_protection_only,i,h_i,0.5011872336272724,4.333333333333333
0.5,0.6931471805599453,1.988196016455885,2.1023311201553887,4.090527136611273,0.5139511485791116,0.013951148579111616,0.0558190830876422,0.0558190830876422,0.6927578609407139,-0.00038931961923138747,0.3164414471912088,0.20889638202197802,2.0,1200.1585253893556,8.501143939334135,1.531010843080395,2.15,0.20963354702646309,4.0,19.0,,False,False,False,False,resistant-enriched,mixed,True,0.11966843402942083,0.9083767903820594,0.9162320961794054,0.11966843402942083,0.95,0.9,0.8,0.02,0.35,1.0,1.38,3.0,0.6309573444801934,4.333333333333333,1.0,0.7,2.15,ablation_private_protection_only,private_protection_only,i,h_i,0.6309573444801934,4.333333333333333
0.5,0.6931471805599453,2.029954335136533,2.057253987372791,4.087208322509324,0.5033396453131483,0.003339645313148343,0.013358779913031199,0.013358779913031199,0.6931248739324477,-2.2306627497581388e-05,0.3130326799227654,0.2174183001930865,2.0,1198.8433618772328,8.603937989095934,1.5381165306317865,2.15,0.2077697017575429,4.0,19.0,,False,False,False,False,resistant-enriched,mixed,True,0.269376770867385,0.918856373960717,0.8114362603928305,0.269376770867385,0.95,0.9,0.8,0.02,0.35,1.0,1.38,3.0,0.7943282347242815,4.333333333333333,1.0,0.7,2.15,ablation_private_protection_only,private_protection_only,i,h_i,0.7943282347242815,4.333333333333333
0.5,0.6931471805599453,2.096098007850193,1.9858217388575845,4.0819197467077775,0.48649210716580715,-0.013507892834192847,-0.05404472212509797,-0.05404472212509797,0.6927822098189301,-0.00036497074101515814,0.3079105564865327,0.23022360878366832,2.0,1196.7551619938977,8.768447369565557,1.5484362658035131,2.15,0.20499869561068434,3.0,19.0,,False,False,False,False,susceptible-enriched,mixed,True,0.5,0.935,0.65,0.5,0.95,0.9,0.8,0.02,0.35,1.0,1.38,3.0,1.0,4.333333333333333,1.0,0.7,2.15,ablation_private_protection_only,private_protection_only,i,h_i,1.0,4.333333333333333
0.5,0.6931471805599453,2.164407005711205,1.9119743156414033,4.076381321352608,0.46903715941053814,-0.03096284058946186,-0.12401004227551912,-0.1240100422755189,0.6912285582137175,-0.0019186223462277496,0.3025603881551239,0.24359902961219027,3.0,1194.577635333428,8.940974736401852,1.557978263712478,2.15,0.20344184901641002,3.0,19.0,10.0,False,False,False,True,susceptible-enriched,mixed,True,0.7306232291326152,0.951143626039283,0.48856373960716937,0.7306232291326152,0.95,0.9,0.8,0.02,0.35,1.0,1.38,3.0,1.2589254117941675,4.333333333333333,1.0,0.7,2.15,ablation_private_protection_only,private_protection_only,i,h_i,1.2589254117941675,4.333333333333333
0.5,0.6931471805599453,2.2098832702726043,1.8627567814269357,4.0726400516995405,0.45738311212884986,-0.042616887871150144,-0.17088216426251526,-0.17088216426251526,0.6895103713600825,-0.003636809199862756,0.29759291910624874,0.25601770223437814,3.0,1193.1108514707248,9.057582326194446,1.5637439658309782,2.15,0.20240985279653165,3.0,20.0,10.0,False,False,False,True,susceptible-enriched,mixed,True,0.8803315659705794,0.9616232096179406,0.38376790382059445,0.8803315659705794,0.95,0.9,0.8,0.02,0.35,1.0,1.38,3.0,1.584893192461114,4.333333333333333,1.0,0.7,2.15,ablation_private_protection_only,private_protection_only,i,h_i,1.584893192461114,4.333333333333333
0.5,0.6931471805599453,2.232045248119849,1.8387504473573661,4.070795695477215,0.451693129527546,-0.04830687047245402,-0.19383208054094517,-0.19383208054094506,0.6884727852142845,-0.004674395345660831,0.2952569129919878,0.2618577175200305,3.0,1192.3891888375442,9.114981665975542,1.5663918079789636,2.1500000000000004,0.20190839341361447,3.0,20.0,10.0,False,False,False,True,susceptible-enriched,mixed,True,0.952273278965796,0.9666591295276057,0.3334087047239428,0.952273278965796,0.95,0.9,0.8,0.02,0.35,1.0,1.38,3.0,1.9952623149688797,4.333333333333333,1.0,0.7,2.15,ablation_private_protection_only,private_protection_only,i,h_i,1.9952623149688797,4.333333333333333
0.5,0.6931471805599453,2.2412154745479116,1.8288122487329714,4.070027723280883,0.44933655814480566,-0.050663441855194336,-0.2033516295419782,-0.2033516295419782,0.6880047910931686,-0.005142389466776698,0.2943057842402149,0.26423553939946276,3.0,1192.0890277363947,9.138850022308883,1.567457174717894,2.15,0.20170118840902548,3.0,20.0,10.0,False,False,False,True,susceptible-enriched,mixed,True,0.9818567618158095,0.9687299733271066,0.31270026672893336,0.9818567618158095,0.95,0.9,0.8,0.02,0.35,1.0,1.38,3.0,2.511886431509581,4.333333333333333,1.0,0.7,2.15,ablation_private_protection_only,private_protection_only,i,h_i,2.511886431509581,4.333333333333333
0.5,0.6931471805599453,2.2447506418748158,1.8249802080304751,4.069730849905291,0.44842774014722503,-0.05157225985277497,-0.2070253003028006,-0.2070253003028004,0.6878183122278471,-0.005328868332098224,0.29394148367647066,0.26514629080882335,3.0,1191.97305358273,9.148070299037602,1.5678631944576813,2.15,0.20162135543750703,3.0,20.0,10.0,False,False,False,True,susceptible-enriched,mixed,True,0.9932331811098465,0.9695263226776892,0.30473677322310755,0.9932331811098465,0.95,0.9,0.8,0.02,0.35,1.0,1.38,3.0,3.1622776601683795,4.333333333333333,1.0,0.7,2.15,ablation_private_protection_only,private_protection_only,i,h_i,3.1622776601683795,4.333333333333333
0.5,0.6931471805599453,2.2460764556469535,1.8235437079005652,4.069620163547519,0.4480869551990248,-0.051913044800975194,-0.20840319632675913,-0.20840319632675913,0.6877475263440744,-0.005399654215870853,0.29380523689931437,0.26548690775171413,3.0,1191.9297488014083,9.151529835431852,1.568014632295708,2.15,0.20159143116741474,3.0,20.0,10.0,False,False,False,True,susceptible-enriched,mixed,True,0.9974944073327142,0.96982460851329,0.3017539148671001,0.9974944073327142,0.95,0.9,0.8,0.02,0.35,1.0,1.38,3.0,3.981071705534973,4.333333333333333,1.0,0.7,2.15,ablation_private_protection_only,private_protection_only,i,h_i,3.981071705534973,4.333333333333333
0.5,0.6931471805599453,2.2465681872371106,1.8230106553151704,4.069578842552281,0.4479605202025891,-0.052039479797410915,-0.2089144611076881,-0.20891446110768788,0.6877211445660956,-0.0054260359938497205,0.29375473680926967,0.26561315797682583,3.0,1191.9136076866125,9.152813708078611,1.5680707679165993,2.15,0.2015803303944851,3.0,20.0,10.0,False,False,False,True,susceptible-enriched,mixed,True,0.9990747381741766,0.9699352316721923,0.30064768327807645,0.9990747381741766,0.95,0.9,0.8,0.02,0.35,1.0,1.38,3.0,5.011872336272725,4.333333333333333,1.0,0.7,2.15,ablation_private_protection_only,private_protection_only,i,h_i,5.011872336272725,4.333333333333333
0.5,0.6931471805599453,2.246749902058835,1.822813666923911,4.069563568982746,0.44791379616648996,-0.052086203833510036,-0.2091034058206582,-0.20910340582065842,0.6877113788251578,-0.0054358017347875265,0.29373608124524403,0.26565979688689,3.0,1191.9076417191502,9.15328820576014,1.5680914997851894,2.15,0.2015762283142273,3.0,20.0,10.0,False,False,False,True,susceptible-enriched,mixed,True,0.9996586616642597,0.9699761063164982,0.30023893683501823,0.9996586616642597,0.95,0.9,0.8,0.02,0.35,1.0,1.38,3.0,6.309573444801933,4.333333333333333,1.0,0.7,2.15,ablation_private_protection_only,private_protection_only,i,h_i,6.309573444801933,4.333333333333333
0.5,0.6931471805599453,2.2468169560217217,1.822740976405142,4.069557932426864,0.4478965545326831,-0.05210344546731688,-0.2091731292372575,-0.20917312923725728,0.6877077729397347,-0.005439407620210557,0.2937291980746741,0.2656770048133147,3.0,1191.9054400806822,9.153463305948122,1.5680991482724937,2.15,0.20157471463431925,3.0,20.0,10.0,False,False,False,True,susceptible-enriched,mixed,True,0.9998741233057575,0.969991188631403,0.30008811368596977,0.9998741233057575,0.95,0.9,0.8,0.02,0.35,1.0,1.38,3.0,7.943282347242818,4.333333333333333,1.0,0.7,2.15,ablation_private_protection_only,private_protection_only,i,h_i,7.943282347242818,4.333333333333333
0.5,0.6931471805599453,2.246841686165642,1.822714167377403,4.069555853543045,0.44789019563167015,-0.05210980436832985,-0.2091988441152073,-0.2091988441152071,0.6877064427467523,-0.005440737813192986,0.2937266596118261,0.26568335097043483,3.0,1191.904628074266,9.153527885584033,1.5681019688753959,2.15,0.20157415637667614,3.0,20.0,10.0,False,False,False,True,susceptible-enriched,mixed,True,0.9999535862659986,0.9699967510386199,0.300032489613801,0.9999535862659986,0.95,0.9,0.8,0.02,0.35,1.0,1.38,3.0,10.0,4.333333333333333,1.0,0.7,2.15,ablation_private_protection_only,private_protection_only,i,h_i,10.0,4.333333333333333
0.5,0.6931471805599453,1.9554927268444935,2.1376264414207014,4.093119168265195,0.5222487676376891,0.022248767637689126,0.08905387808668166,0.08905387808668166,0.6921568382680072,-0.0009903422919380622,0.3192141428825137,0.20196464279371573,2.0,1201.1884563576127,8.421133142188614,1.5251070770651896,2.15,0.21109779742944382,4.0,19.0,,False,False,False,False,resistant-enriched,mixed,True,2.1543882751435294e-05,0.9000015080717926,0.999984919282074,2.1543882751435294e-05,0.95,0.9,0.8,0.02,0.35,1.0,1.38,3.0,0.1,4.666666666666666,1.0,0.7,2.15,ablation_private_protection_only,private_protection_only,i,h_i,0.1,4.666666666666666
0.5,0.6931471805599453,1.9555039796542546,2.1376142971037977,4.0931182767580525,0.5222459143782406,0.02224591437824064,0.08904244240879858,0.08904244240879858,0.6921570923455118,-0.000990088214433471,0.31921317250369363,0.20196706874076598,2.0,1201.1881017472672,8.421160605365621,1.5251091615518568,2.15,0.2110972931387654,4.0,19.0,,False,False,False,False,resistant-enriched,mixed,True,6.309175362748667e-05,0.900004416422754,0.9999558357724607,6.309175362748667e-05,0.95,0.9,0.8,0.02,0.35,1.0,1.38,3.0,0.12589254117941673,4.666666666666666,1.0,0.7,2.15,ablation_private_protection_only,private_protection_only,i,h_i,0.12589254117941673,4.666666666666666
0.5,0.6931471805599453,1.9555369301672225,2.1375787360714202,4.093115666238643,0.5222375594471637,0.022237559447163657,0.08900895642310994,0.08900895642310971,0.6921578361490944,-0.0009893444108508564,0.3192103311031757,0.20197417224206082,2.0,1201.187063375863,8.421241023389667,1.5251152651389106,2.15,0.21109581647443998,4.0,19.0,,False,False,False,False,resistant-enriched,mixed,True,0.00018475084056189867,0.9000129325588394,0.9998706744116067,0.00018475084056189867,0.95,0.9,0.8,0.02,0.35,1.0,1.38,3.0,0.15848931924611134,4.666666666666666,1.0,0.7,2.15,ablation_private_protection_only,private_protection_only,i,h_i,0.15848931924611134,4.666666666666666
0.5,0.6931471805599453,1.955633387932357,2.137474636365057,4.093108024297415,0.5222131015542782,0.022213101554278247,0.088910931167243,0.08891093116724277,0.69216001192187,-0.000987168638075242,0.3192020138868736,0.20199496528281613,2.0,1201.1840236990397,8.421476437516834,1.5251331306571996,2.15,0.21109149376875674,4.0,19.0,,False,False,False,False,resistant-enriched,mixed,True,0.0005408768204935979,0.9000378613774346,0.9996213862256544,0.0005408768204935979,0.95,0.9,0.8,0.02,0.35,1.0,1.38,3.0,0.19952623149688797,4.666666666666666,1.0,0.7,2.15,ablation_private_protection_only,private_protection_only,i,h_i,0.19952623149688797,4.666666666666666
0.5,0.6931471805599453,1.955915513782975,2.137170158613336,4.093085672396311,0.5221415649876008,0.02214156498760078,0.08862422084437267,0.08862422084437267,0.692166362049468,-0.000980818510477266,0.31917769198880686,0.20205577002798292,2.0,1201.1751330775087,8.422165010909822,1.5251853692116142,2.15,0.21107885053861672,4.0,19.0,,False,False,False,False,resistant-enriched,mixed,True,0.0015823852808017215,0.9001107669696562,0.9988923303034388,0.0015823852808017215,0.95,0.9,0.8,0.02,0.35,1.0,1.38,3.0,0.251188643150958,4.666666666666666,1.0,0.7,2.15,ablation_private_protection_only,private_protection_only,i,h_i,0.251188643150958,4.666666666666666
0.5,0.6931471805599453,1.9567386219894314,2.13628178691581,4.093020408905241,0.5219328450617721,0.021932845061772066,0.08778771617363854,0.08778771617363854,0.6921847723921365,-0.0009624081678087926,0.3191067714318804,0.20223307142029912,2.0,1201.149180192981,8.424174157708789,1.525337649443756,2.1499999999999995,0.21104196343652182,4.0,19.0,,False,False,False,False,resistant-enriched,mixed,True,0.004620144024698061,0.9003234100817289,0.9967658991827114,0.004620144024698061,0.95,0.9,0.8,0.02,0.35,1.0,1.38,3.0,0.31622776601683794,4.666666666666666,1.0,0.7,2.15,ablation_private_protection_only,private_protection_only,i,h_i,0.31622776601683794,4.666666666666666
0.5,0.6931471805599453,1.9591229178536573,2.1337086443852273,4.092831562238885,0.5213282325300563,0.021328232530056335,0.08536473108223593,0.08536473108223593,0.6922371174490939,-0.0009100631108514001,0.31890168972292365,0.20274577569269092,2.0,1201.074069188338,8.429995163605344,1.525777617120729,2.1500000000000004,0.21093512458546218,4.0,19.0,,False,False,False,False,resistant-enriched,mixed,True,0.013411257127919745,0.9009387879989544,0.9906121200104562,0.013411257127919745,0.95,0.9,0.8,0.02,0.35,1.0,1.38,3.0,0.3981071705534973,4.666666666666666,1.0,0.7,2.15,ablation_private_protection_only,private_protection_only,i,h_i,0.3981071705534973,4.666666666666666
0.5,0.6931471805599453,1.9658869540898964,2.126408831377412,4.092295785467308,0.5196126924473013,0.01961269244730135,0.07849104256546255,0.07849104256546233,0.6923776677462958,-0.0007695128136494533,0.31832266809906523,0.20419332975233695,2.0,1200.861032597072,8.446519952019933,1.527016764480522,2.15,0.21063209976384373,4.0,19.0,,False,False,False,False,resistant-enriched,mixed,True,0.038286503882254776,0.9026800552717579,0.9731994472824217,0.038286503882254776,0.95,0.9,0.8,0.02,0.35,1.0,1.38,3.0,0.5011872336272724,4.666666666666666,1.0,0.7,2.15,ablation_private_protection_only,private_protection_only,i,h_i,0.5011872336272724,4.666666666666666
0.5,0.6931471805599453,1.983994145599084,2.1068660431825945,4.0908601887816785,0.5150178558925652,0.015017855892565213,0.060089497712320444,0.060089497712320444,0.6926960407222593,-0.00045113983768596544,0.3167924691732877,0.20801882706678088,2.0,1200.290753217806,8.490841173209766,1.5302693618035905,2.15,0.20982149631709288,4.0,19.0,,False,False,False,False,resistant-enriched,mixed,True,0.10441727916673246,0.9073092095416713,0.9269079045832873,0.10441727916673246,0.95,0.9,0.8,0.02,0.35,1.0,1.38,3.0,0.6309573444801934,4.666666666666666,1.0,0.7,2.15,ablation_private_protection_only,private_protection_only,i,h_i,0.6309573444801934,4.666666666666666
0.5,0.6931471805599453,2.025773989458682,2.0617659979236866,4.087539987382369,0.5044026490965355,0.004402649096535538,0.01761105154306145,0.017611051543061005,0.6931084134208445,-3.8767139100781556e-05,0.3133675140481872,0.21658121487953208,2.0,1198.9747327706305,8.593614268845679,1.5374262894483872,2.1500000000000004,0.20795588054787303,4.0,19.0,,False,False,False,False,resistant-enriched,mixed,True,0.25454071590092864,0.917817850113065,0.82182149886935,0.25454071590092864,0.95,0.9,0.8,0.02,0.35,1.0,1.38,3.0,0.7943282347242815,4.666666666666666,1.0,0.7,2.15,ablation_private_protection_only,private_protection_only,i,h_i,0.7943282347242815,4.666666666666666
0.5,0.6931471805599453,2.096098007850193,1.9858217388575845,4.0819197467077775,0.48649210716580715,-0.013507892834192847,-0.05404472212509797,-0.05404472212509797,0.6927822098189301,-0.00036497074101515814,0.3079105564865327,0.23022360878366832,2.0,1196.7551619938977,8.768447369565557,1.5484362658035131,2.15,0.20499869561068434,3.0,19.0,,False,False,False,False,susceptible-enriched,mixed,True,0.5,0.935,0.65,0.5,0.95,0.9,0.8,0.02,0.35,1.0,1.38,3.0,1.0,4.666666666666666,1.0,0.7,2.15,ablation_private_protection_only,private_protection_only,i,h_i,1.0,4.666666666666666
0.5,0.6931471805599453,2.1688742041646485,1.9071414886082734,4.076015692772922,0.46789355889619777,-0.03210644110380223,-0.1286027147979879,-0.1286027147979879,0.691084114301036,-0.002063066258909285,0.3020616180798379,0.24484595480040527,3.0,1194.4341703935256,8.952363638660778,1.5585648493687283,2.15,0.2033402987252397,3.0,19.0,10.0,False,False,False,True,susceptible-enriched,mixed,True,0.7454592840990715,0.9521821498869351,0.47817850113064997,0.7454592840990715,0.95,0.9,0.8,0.02,0.35,1.0,1.38,3.0,1.2589254117941675,4.666666666666666,1.0,0.7,2.15,ablation_private_protection_only,private_protection_only,i,h_i,1.2589254117941675,4.666666666666666
0.5,0.6931471805599453,2.2145650510744024,1.8576868550936034,4.072251906168006,0.4561817141714322,-0.04381828582856778,-0.17572393152506105,-0.17572393152506105,0.6893021656351923,-0.0038450149247529763,0.2970949603465143,0.2572625991337143,3.0,1192.9588713616945,9.069675161320976,1.5643119951171962,2.15,0.20230383843425256,3.0,20.0,10.0,False,False,False,True,susceptible-enriched,mixed,True,0.8955827208332677,0.9626907904583287,0.3730920954167126,0.8955827208332677,0.95,0.9,0.8,0.02,0.35,1.0,1.38,3.0,1.584893192461114,4.666666666666666,1.0,0.7,2.15,ablation_private_protection_only,private_protection_only,i,h_i,1.584893192461114,4.666666666666666
0.5,0.6931471805599453,2.2349677791785076,1.835583201245572,4.07055098042408,0.45094219678691666,-0.04905780321308334,-0.19686455963221136,-0.19686455963221136,0.6883260918209341,-0.0048210887390112145,0.2949528071496661,0.26261798212583476,3.0,1192.2935475583506,9.122581219862138,1.566733260903679,2.1499999999999995,0.201842335641126,3.0,20.0,10.0,False,False,False,True,susceptible-enriched,mixed,True,0.9617134961177453,0.9673199447282421,0.32680055271757835,0.9617134961177453,0.95,0.9,0.8,0.02,0.35,1.0,1.38,3.0,1.9952623149688797,4.666666666666666,1.0,0.7,2.15,ablation_private_protection_only,private_protection_only,i,h_i,1.9952623149688797,4.666666666666666
0.5,0.6931471805599453,2.242685372922365,1.8272190526814025,4.0699044256037675,0.44895871293349493,-0.05104128706650507,-0.2048788073641307,-0.2048788073641307,0.6879276671427894,-0.005219513417155874,0.2941541564937574,0.2646146087656065,3.0,1192.040849061627,9.142682344664463,1.567626302290892,2.15,0.20166799233790733,3.0,20.0,10.0,False,False,False,True,susceptible-enriched,mixed,True,0.9865887428720803,0.9690612120010457,0.30938787998954387,0.9865887428720803,0.95,0.9,0.8,0.02,0.35,1.0,1.38,3.0,2.511886431509581,4.666666666666666,1.0,0.7,2.15,ablation_private_protection_only,private_protection_only,i,h_i,2.511886431509581,4.666666666666666
0.5,0.6931471805599453,2.2454183193126735,1.8242565333006542,4.0696748526133275,0.44825608909006925,-0.051743910909930746,-0.2077193125860605,-0.20771931258606027,0.6877827165529329,-0.005364464007012404,0.29387283257659313,0.26531791855851716,3.0,1191.9511699011068,9.149812729300749,1.5679395790549253,2.1499999999999995,0.2016062819710937,3.0,20.0,10.0,False,False,False,True,susceptible-enriched,mixed,True,0.995379855975302,0.9696765899182711,0.30323410081728863,0.995379855975302,0.95,0.9,0.8,0.02,0.35,1.0,1.38,3.0,3.1622776601683795,4.666666666666666,1.0,0.7,2.15,ablation_private_protection_only,private_protection_only,i,h_i,3.1622776601683795,4.666666666666666
0.5,0.6931471805599453,2.2463637075329563,1.8232323196145643,4.0695960271475204,0.44801309698852654,-0.05198690301147346,-0.2087018532300697,-0.2087018532300697,0.6877321230278564,-0.005415057532088929,0.29377573355498565,0.2655606661125359,3.0,1191.9203203111856,9.15227980140215,1.568047430714754,2.15,0.20158494644466102,3.0,20.0,10.0,False,False,False,True,susceptible-enriched,mixed,True,0.9984176147191983,0.9698892330303439,0.3011076696965612,0.9984176147191983,0.95,0.9,0.8,0.02,0.35,1.0,1.38,3.0,3.981071705534973,4.666666666666666,1.0,0.7,2.15,ablation_private_protection_only,private_protection_only,i,h_i,3.981071705534973,4.666666666666666
0.5,0.6931471805599453,2.2466878050437193,1.8228809835712403,4.069568788614959,0.4479297631412298,-0.052070236858770214,-0.20903883744755608,-0.20903883744755608,0.6877147170584752,-0.005432463501470086,0.29374245599030285,0.2656438600242429,3.0,1191.9096805269385,9.153126053378893,1.568084415889044,2.1499999999999995,0.2015776301027863,3.0,20.0,10.0,False,False,False,True,susceptible-enriched,mixed,True,0.9994591231795064,0.9699621386225654,0.3003786137743456,0.9994591231795064,0.95,0.9,0.8,0.02,0.35,1.0,1.38,3.0,5.011872336272725,4.666666666666666,1.0,0.7,2.15,ablation_private_protection_only,private_protection_only,i,h_i,5.011872336272725,4.666666666666666
0.5,0.6931471805599453,2.2467986335892505,1.822760839041519,4.06955947263077,0.4479012658004464,-0.052098734199553576,-0.20915407729845706,-0.20915407729845706,0.6877087583654762,-0.005438422194469106,0.2937310788484344,0.26567230287891397,3.0,1191.9060416826997,9.153415459598696,1.5680970584217786,2.15,0.20157512824506793,3.0,20.0,10.0,False,False,False,True,susceptible-enriched,mixed,True,0.9998152491594381,0.9699870674411607,0.30012932558839334,0.9998152491594381,0.95,0.9,0.8,0.02,0.35,1.0,1.38,3.0,6.309573444801933,4.666666666666666,1.0,0.7,2.15,ablation_private_protection_only,private_protection_only,i,h_i,6.309573444801933,4.666666666666666
0.5,0.6931471805599453,2.246836495675078,1.8227197941881015,4.069556289863179,0.44789153027033873,-0.052108469729661266,-0.20919344693938519,-0.20919344693938519,0.6877067219480173,-0.00544045861192799,0.2937271923918072,0.26568201902048194,3.0,1191.9047985004129,9.1535143312454,1.5681013768827858,2.15,0.20157427354647306,3.0,20.0,10.0,False,False,False,True,susceptible-enriched,mixed,True,0.9999369082463725,0.969995583577246,0.3000441642275393,0.9999369082463725,0.95,0.9,0.8,0.02,0.35,1.0,1.38,3.0,7.943282347242818,4.666666666666666,1.0,0.7,2.15,ablation_private_protection_only,private_protection_only,i,h_i,7.943282347242818,4.666666666666666
0.5,0.6931471805599453,2.2468494261089944,1.8227057767878136,4.069555202896808,0.44788820544573704,-0.05211179455426296,-0.20920689227923797,-0.2092068922792382,0.6877060263941468,-0.00544115416579849,0.2937258651466963,0.26568533713325926,3.0,1191.9043739340032,9.153548097573438,1.5681028516309485,2.1500000000000004,0.20157398165563872,3.0,20.0,10.0,False,False,False,True,susceptible-enriched,mixed,True,0.9999784561172486,0.9699984919282074,0.30001508071792604,0.9999784561172486,0.95,0.9,0.8,0.02,0.35,1.0,1.38,3.0,10.0,4.666666666666666,1.0,0.7,2.15,ablation_private_protection_only,private_protection_only,i,h_i,10.0,4.666666666666666
0.5,0.6931471805599453,1.9554896002894204,2.137629815678228,4.0931194159676485,0.5222495604059658,0.022249560405965818,0.08905705545129182,0.08905705545129182,0.6921567676676583,-0.0009904128922869626,0.31921441250102855,0.2019639687474286,2.0,1201.1885548850012,8.42112551164541,1.5251064978909423,2.15,0.21109793754495676,4.0,19.0,,False,False,False,False,resistant-enriched,mixed,True,9.999900000999992e-06,0.9000006999930001,0.9999930000699992,9.999900000999992e-06,0.95,0.9,0.8,0.02,0.35,1.0,1.38,3.0,0.1,5.0,1.0,0.7,2.15,ablation_private_protection_only,private_protection_only,i,h_i,0.1,5.0
0.5,0.6931471805599453,1.9554954563311804,2.137623495690263,4.0931189520214435,0.5222480755499588,0.02224807554995878,0.08905110424363692,0.08905110424363692,0.6921568999001437,-0.0009902806598015568,0.3192139075059558,0.20196523123511056,2.0,1201.188370343332,8.421139803664301,1.5251075826824858,2.15,0.21109767510847308,4.0,19.0,,False,False,False,False,resistant-enriched,mixed,True,3.162177663330558e-05,0.9000022135243644,0.9999778647563566,3.162177663330558e-05,0.95,0.9,0.8,0.02,0.35,1.0,1.38,3.0,0.12589254117941673,5.0,1.0,0.7,2.15,ablation_private_protection_only,private_protection_only,i,h_i,0.12589254117941673,5.0
0.5,0.6931471805599453,1.9555139732217306,2.137603511792257,4.0931174850139875,0.5222433804108,0.022243380410799984,0.08903228643734871,0.08903228643734894,0.6921573179632943,-0.0009898625966510144,0.31921231072441636,0.20196922318895916,2.0,1201.1877868194533,8.421184995322328,1.5251110127435639,2.1499999999999995,0.21109684528076383,4.0,19.0,,False,False,False,False,resistant-enriched,mixed,True,9.999000099989999e-05,0.90000699930007,0.9999300069993001,9.999000099989999e-05,0.95,0.9,0.8,0.02,0.35,1.0,1.38,3.0,0.15848931924611134,5.0,1.0,0.7,2.15,ablation_private_protection_only,private_protection_only,i,h_i,0.15848931924611134,5.0
0.5,0.6931471805599453,1.9555725133880444,2.1375403337482726,4.093112847136317,0.5222285369541594,0.022228536954159384,0.08897279495141008,0.08897279495140986,0.6921586390686478,-0.0009885414912974566,0.31920726278835626,0.20198184302910938,2.0,1201.1859420404019,8.421327867154774,1.5251218560373014,2.15,0.21109422182857251,4.0,19.0,,False,False,False,False,resistant-enriched,mixed,True,0.00031612779762961777,0.9000221289458341,0.9997787105416592,0.00031612779762961777,0.95,0.9,0.8,0.02,0.35,1.0,1.38,3.0,0.19952623149688797,5.0,1.0,0.7,2.15,ablation_private_protection_only,private_protection_only,i,h_i,0.19952623149688797,5.0
0.5,0.6931471805599453,1.9557574799546458,2.137340712986472,4.093098192941118,0.5221816365589496,0.022181636558949558,0.0887848226395,0.0887848226395,0.6921628075199,-0.0009843730400452833,0.3191913151024569,0.2020217122438578,2.0,1201.1801131872855,8.421779300502163,1.5251561104678397,2.1500000000000004,0.21108593267247142,4.0,19.0,,False,False,False,False,resistant-enriched,mixed,True,0.0009990009990009992,0.9000699300699301,0.9993006993006993,0.0009990009990009992,0.95,0.9,0.8,0.02,0.35,1.0,1.38,3.0,0.251188643150958,5.0,1.0,0.7,2.15,ablation_private_protection_only,private_protection_only,i,h_i,0.251188643150958,5.0
0.5,0.6931471805599453,1.956340848018134,2.136711094114562,4.093051942132696,0.5220337108649598,0.022033710864959755,0.08819196081612761,0.08819196081612739,0.6921758972264647,-0.0009712833334806215,0.31914103649047587,0.20214740877381032,2.0,1201.1617202447264,8.423203197702197,1.5252640833345823,2.15,0.2110597891494405,4.0,19.0,,False,False,False,False,resistant-enriched,mixed,True,0.003152309183260213,0.9002206616428282,0.9977933835717179,0.003152309183260213,0.95,0.9,0.8,0.02,0.35,1.0,1.38,3.0,0.31622776601683794,5.0,1.0,0.7,2.15,ablation_private_protection_only,private_protection_only,i,h_i,0.31622776601683794,5.0
0.5,0.6931471805599453,1.9581705092945156,2.1347365319116824,4.092907041206198,0.5215697572458343,0.02156975724583432,0.08633261109342419,0.08633261109342374,0.6922163828740183,-0.0009307976859269651,0.3189835500114237,0.20254112497144083,2.0,1201.1040840540954,8.427669666381517,1.5256020660626222,2.15,0.21097780096941804,4.0,19.0,,False,False,False,False,resistant-enriched,mixed,True,0.009900990099009908,0.9006930693069307,0.9930693069306931,0.009900990099009908,0.95,0.9,0.8,0.02,0.35,1.0,1.38,3.0,0.3981071705534973,5.0,1.0,0.7,2.15,ablation_private_protection_only,private_protection_only,i,h_i,0.3981071705534973,5.0
0.5,0.6931471805599453,1.9638086656036258,2.1286518056291834,4.092460471232809,0.5201398573284082,0.020139857328408173,0.08060303980253701,0.08060303980253701,0.6923357333475773,-0.0008114472123680327,0.31850014307270014,0.20374964231824966,2.0,1200.9264996341758,8.441440785708036,1.5266374359842163,2.15,0.21072519580926155,4.0,19.0,,False,False,False,False,resistant-enriched,mixed,True,0.030653430031715525,0.9021457401022202,0.9785425989777992,0.030653430031715525,0.95,0.9,0.8,0.02,0.35,1.0,1.38,3.0,0.5011872336272724,5.0,1.0,0.7,2.15,ablation_private_protection_only,private_protection_only,i,h_i,0.5011872336272724,5.0
0.5,0.6931471805599453,1.9802806788693075,2.1108740138120776,4.0911546926813855,0.515960449402755,0.015960449402754984,0.06386349461158485,0.06386349461158485,0.6926376221138508,-0.0005095584460944602,0.3171039602233499,0.20724009944162525,2.0,1200.407685632999,8.481741461359054,1.5296099022389988,2.15,0.2099876549063666,4.0,19.0,,False,False,False,False,resistant-enriched,mixed,True,0.09090909090909098,0.9063636363636364,0.9363636363636363,0.09090909090909098,0.95,0.9,0.8,0.02,0.35,1.0,1.38,3.0,0.6309573444801934,5.0,1.0,0.7,2.15,ablation_private_protection_only,private_protection_only,i,h_i,0.6309573444801934,5.0
0.5,0.6931471805599453,2.0217573150156003,2.066102270202434,4.087859585218034,0.5054239821919506,0.005423982191950616,0.02169677987479474,0.02169677987479485,0.6930883402402379,-5.884031970737613e-05,0.31369058636730895,0.2157735340817276,2.0,1199.1012540408242,8.583701162889081,1.5367588142109723,2.15,0.208134880863027,4.0,19.0,,False,False,False,False,resistant-enriched,mixed,True,0.2402530733520421,0.9168177151346429,0.8318228486535706,0.2402530733520421,0.95,0.9,0.8,0.02,0.35,1.0,1.38,3.0,0.7943282347242815,5.0,1.0,0.7,2.15,ablation_private_protection_only,private_protection_only,i,h_i,0.7943282347242815,5.0
0.5,0.6931471805599453,2.096098007850193,1.9858217388575845,4.0819197467077775,0.48649210716580715,-0.013507892834192847,-0.05404472212509797,-0.05404472212509797,0.6927822098189301,-0.00036497074101515814,0.3079105564865327,0.23022360878366832,2.0,1196.7551619938977,8.768447369565557,1.5484362658035131,2.15,0.20499869561068434,3.0,19.0,,False,False,False,False,susceptible-enriched,mixed,True,0.5,0.935,0.65,0.5,0.95,0.9,0.8,0.02,0.35,1.0,1.38,3.0,1.0,5.0,1.0,0.7,2.15,ablation_private_protection_only,private_protection_only,i,h_i,1.0,5.0
0.5,0.6931471805599453,2.1731846302688607,1.9024780733202606,4.0756627035891215,0.46678987239176956,-0.033210127608230444,-0.13303637777989302,-0.13303637777989302,0.6909397306513716,-0.0022074499085736887,0.3015826459623581,0.24604338509410473,3.0,1194.295672273919,8.963365747912789,1.5591266038311904,2.1499999999999995,0.20324234933955085,3.0,19.0,10.0,False,False,False,True,susceptible-enriched,mixed,True,0.759746926647958,0.953182284865357,0.46817715134642945,0.759746926647958,0.95,0.9,0.8,0.02,0.35,1.0,1.38,3.0,1.2589254117941675,5.0,1.0,0.7,2.15,ablation_private_protection_only,private_protection_only,i,h_i,1.2589254117941675,5.0
0.5,0.6931471805599453,2.218719126967163,1.8531876382938408,4.071906765261004,0.455115439799382,-0.044884560200617984,-0.18002285546554947,-0.18002285546554947,0.6891125039399002,-0.004034676620045086,0.29665514553845973,0.25836213615385073,3.0,1192.8237856264323,9.08041969223061,1.5648121056127389,2.15,0.20220980780233527,3.0,20.0,10.0,False,False,False,True,susceptible-enriched,mixed,True,0.9090909090909093,0.9636363636363636,0.36363636363636354,0.9090909090909093,0.95,0.9,0.8,0.02,0.35,1.0,1.38,3.0,1.584893192461114,5.0,1.0,0.7,2.15,ablation_private_protection_only,private_protection_only,i,h_i,1.584893192461114,5.0
0.5,0.6931471805599453,2.237333474342061,1.833019520364858,4.070352994706919,0.45033428863504316,-0.049665711364956844,-0.19932012531328827,-0.1993201253132885,0.6882056699012775,-0.004941510658667769,0.2947073255323941,0.2632316861690148,3.0,1192.2161534805505,9.128737568129935,1.5670083168095168,2.15,0.2017888805743094,3.0,20.0,10.0,False,False,False,True,susceptible-enriched,mixed,True,0.9693465699682845,0.96785425989778,0.3214574010222009,0.9693465699682845,0.95,0.9,0.8,0.02,0.35,1.0,1.38,3.0,1.9952623149688797,5.0,1.0,0.7,2.15,ablation_private_protection_only,private_protection_only,i,h_i,1.9952623149688797,5.0
0.5,0.6931471805599453,2.2437763185677495,1.8260365611310185,4.069812879698768,0.4486782599366521,-0.05132174006334789,-0.2060124984119169,-0.20601249841191713,0.6878700492968234,-0.005277131263121904,0.29404176676193094,0.2648955830951727,3.0,1192.005079562548,9.14552782643927,1.5677515374343098,2.15,0.20164335754396648,3.0,20.0,10.0,False,False,False,True,susceptible-enriched,mixed,True,0.9900990099009901,0.9693069306930693,0.306930693069307,0.9900990099009901,0.95,0.9,0.8,0.02,0.35,1.0,1.38,3.0,2.511886431509581,5.0,1.0,0.7,2.15,ablation_private_protection_only,private_protection_only,i,h_i,2.511886431509581,5.0
0.5,0.6931471805599453,2.245875250785163,1.8237618157359412,4.069637066521104,0.4481386880267849,-0.051861311973215085,-0.20819401228811166,-0.20819401228811166,0.6877583022198741,-0.005388878340071179,0.2938259074689608,0.26543523132759805,3.0,1191.9363519449885,9.151004566918779,1.5679916454941836,2.1500000000000004,0.20159597345761365,3.0,20.0,10.0,False,False,False,True,susceptible-enriched,mixed,True,0.9968476908167397,0.9697793383571718,0.30220661642828217,0.9968476908167397,0.95,0.9,0.8,0.02,0.35,1.0,1.38,3.0,3.1622776601683795,5.0,1.0,0.7,2.15,ablation_private_protection_only,private_protection_only,i,h_i,3.1622776601683795,5.0
0.5,0.6931471805599453,2.2465452407554944,1.8230355303650925,4.069580771120587,0.4479664203502483,-0.05203357964975169,-0.20889060209527524,-0.20889060209527524,0.6877223771218783,-0.00542480343806695,0.2937570928270572,0.265607267932357,3.0,1191.914361010661,9.152753791812362,1.5680681494687365,2.15,0.201580848398834,3.0,20.0,10.0,False,False,False,True,susceptible-enriched,mixed,True,0.999000999000999,0.9699300699300699,0.30069930069930073,0.999000999000999,0.95,0.9,0.8,0.02,0.35,1.0,1.38,3.0,3.981071705534973,5.0,1.0,0.7,2.15,ablation_private_protection_only,private_protection_only,i,h_i,3.981071705534973,5.0
0.5,0.6931471805599453,2.2467577477614276,1.8228051617263659,4.069562909487793,0.44791177879979976,-0.052088221200200235,-0.20911156382056983,-0.20911156382056972,0.6877109569786832,-0.005436223581262056,0.293735275850587,0.26566181037353254,3.0,1191.9073841192437,9.153308693289993,1.5680923947501668,2.15,0.20157605120449754,3.0,20.0,10.0,False,False,False,True,susceptible-enriched,mixed,True,0.9996838722023704,0.9699778710541659,0.3002212894583407,0.9996838722023704,0.95,0.9,0.8,0.02,0.35,1.0,1.38,3.0,5.011872336272725,5.0,1.0,0.7,2.15,ablation_private_protection_only,private_protection_only,i,h_i,5.011872336272725,5.0
0.5,0.6931471805599453,2.246825012353439,1.8227322428471684,4.069557255200607,0.44789448299759027,-0.05210551700240973,-0.20918150634893937,-0.20918150634893937,0.6877073396215804,-0.005439840938364915,0.29372837111387695,0.2656790722153076,3.0,1191.905175556937,9.153484343966863,1.568100067153432,2.1499999999999995,0.20157453277085602,3.0,20.0,10.0,False,False,False,True,susceptible-enriched,mixed,True,0.9999000099990001,0.96999300069993,0.30006999300070003,0.9999000099990001,0.95,0.9,0.8,0.02,0.35,1.0,1.38,3.0,6.309573444801933,5.0,1.0,0.7,2.15,ablation_private_protection_only,private_protection_only,i,h_i,6.309573444801933,5.0
0.5,0.6931471805599453,2.2468462896851413,1.8227091768706576,4.069555466555799,0.4478890119203308,-0.052110988079669185,-0.2092036309550932,-0.2092036309550932,0.6877061951128751,-0.005440985447070168,0.29372618708363274,0.26568453229091815,3.0,1191.9044769182967,9.153539907149762,1.5681024939171953,2.1500000000000004,0.2015740524570782,3.0,20.0,10.0,False,False,False,True,susceptible-enriched,mixed,True,0.9999683782233667,0.9699977864756357,0.3000221352436433,0.9999683782233667,0.95,0.9,0.8,0.02,0.35,1.0,1.38,3.0,7.943282347242818,5.0,1.0,0.7,2.15,ablation_private_protection_only,private_protection_only,i,h_i,7.943282347242818,5.0
0.5,0.6931471805599453,2.2468530188145923,1.822701882072735,4.0695549008873275,0.4478872816472662,-0.05211271835273379,-0.20921062805390406,-0.20921062805390384,0.687705833127414,-0.005441347432531329,0.2937254963765259,0.26568625905868526,3.0,1191.904255969547,9.153557479526823,1.56810326138199,2.15,0.20157390055422666,3.0,20.0,10.0,False,False,False,True,susceptible-enriched,mixed,True,0.999990000099999,0.969999300007,0.3000069999300007,0.999990000099999,0.95,0.9,0.8,0.02,0.35,1.0,1.38,3.0,10.0,5.0,1.0,0.7,2.15,ablation_private_protection_only,private_protection_only,i,h_i,10.0,5.0
