initial_fR,initial_H,final_ns,final_nr,final_total,final_fR,delta_fR,final_log_ratio,delta_log_ratio,final_H,delta_H,min_total,peak_loss,peak_loss_time,auc_total,auc_a,auc_b,peak_a,peak_b,time_peak_b,time_to_ss,time_to_recovery,resistant_extinct,susceptible_extinct,community_collapsed,susceptible_recovered,selection_direction,outcome,solver_success,iota,beta,phi,effective_db_iota,alpha,beta_min,xi,d_a,kappa_b,d_b,gamma,h_a,i,h_i,phi_max,c,a0,plane,x_name,y_name,x_value,y_value
0.5,0.6931471805599453,2.071847787114876,2.1025113979216843,4.17435918503656,0.5036728524604118,0.003672852460411824,0.014691674096662093,0.014691674096662204,0.6931202006269137,-2.6979933031578973e-05,0.33591184038009336,0.1602203990497666,2.0,1229.7397177292485,6.323148733471375,6.10756318363864,2.15,0.41449482226362916,5.0,63.0,,False,False,False,False,resistant-enriched,mixed,True,0.09090909090909091,0.9063636363636364,0.9363636363636364,0.09090909090909091,0.95,0.9,0.8,0.02,0.35,1.0,1.38,3.0,0.1,1.0,1.0,0.7,2.15,i_hi,i,h_i,0.1,1.0
0.5,0.6931471805599453,2.0727610760264144,2.0981120847133465,4.170873160739761,0.5030390529404681,0.0030390529404681343,0.01215636146233844,0.01215636146233844,0.6931287087606592,-1.8471799286046142e-05,0.3343156221197452,0.16421094470063702,2.0,1228.492681111311,6.415343051066318,5.040340030969439,2.15,0.395708916015467,5.0,54.0,,False,False,False,False,resistant-enriched,mixed,True,0.11181576977811696,0.9078271038844682,0.9217289611553181,0.11181576977811696,0.95,0.9,0.8,0.02,0.35,1.0,1.38,3.0,0.12589254117941673,1.0,1.0,0.7,2.15,i_hi,i,h_i,0.12589254117941673,1.0
0.5,0.6931471805599453,2.0738834547201304,2.09268482614356,4.16656828086369,0.5022562178459646,0.0022562178459646365,0.009024932639645537,0.009024932639645537,0.693136999487457,-1.0181072488291143e-05,0.3324331488680704,0.16891712782982404,2.0,1226.9531974968838,6.529027590013174,4.1949540410370805,2.15,0.3750208114775804,5.0,46.0,,False,False,False,False,resistant-enriched,mixed,True,0.13680688860321,0.9095764822022248,0.904235177977753,0.13680688860321,0.95,0.9,0.8,0.02,0.35,1.0,1.38,3.0,0.15848931924611134,1.0,1.0,0.7,2.15,i_hi,i,h_i,0.15848931924611134,1.0
0.5,0.6931471805599453,2.075260253281809,2.0860263440699294,4.161286597351738,0.5012936012139817,0.0012936012139816988,0.005174416401133757,0.005174416401133868,0.69314383374801,-3.346811935256433e-06,0.3302440537034784,0.174389865741304,2.0,1225.0652409319946,6.668493456549351,3.526261836784911,2.15,0.3527821554562519,5.0,40.0,,False,False,False,False,resistant-enriched,mixed,True,0.1663375308165619,0.9116436271571593,0.8835637284284067,0.1663375308165619,0.95,0.9,0.8,0.02,0.35,1.0,1.38,3.0,0.19952623149688797,1.0,1.0,0.7,2.15,i_hi,i,h_i,0.19952623149688797,1.0
0.5,0.6931471805599453,2.0769331030603584,2.077903087333134,4.1548361903934925,0.500116729544599,0.00011672954459895912,0.0004669181868785271,0.00046691818687830507,0.693147153308372,-2.7251573331277257e-08,0.3277391142042215,0.18065221448944624,2.0,1222.7622381276,6.8385356783880304,2.9984607432382546,2.15,0.33134799759269556,4.0,34.0,,False,False,False,False,neutral,mixed,True,0.20076000891310175,0.9140532006239172,0.8594679937608287,0.20076000891310175,0.95,0.9,0.8,0.02,0.35,1.0,1.38,3.0,0.251188643150958,1.0,1.0,0.7,2.15,i_hi,i,h_i,0.251188643150958,1.0
0.5,0.6931471805599453,2.078955050067218,2.068070336106527,4.147025386173745,0.49868764801911025,-0.0013123519808897477,-0.005249419978123527,-0.005249419978123749,0.6931437360205468,-3.4445393984894324e-06,0.324925918829044,0.1876852029273901,2.0,1219.9772779702148,7.044279655048753,2.583167261696284,2.15,0.30957148026328246,4.0,30.0,,False,False,False,False,susceptible-enriched,mixed,True,0.24025307335204213,0.9168177151346429,0.8318228486535705,0.24025307335204213,0.95,0.9,0.8,0.02,0.35,1.0,1.38,3.0,0.31622776601683794,1.0,1.0,0.7,2.15,i_hi,i,h_i,0.31622776601683794,1.0
0.5,0.6931471805599453,2.081379846796949,2.0562782983516756,4.137658145148625,0.4969666961884339,-0.0030333038115660793,-0.012133364098736048,-0.012133364098736048,0.6931287785830409,-1.8401976904391937e-05,0.32183191139635314,0.1954202215091172,2.0,1216.6404420951096,7.290943129562173,2.257860873691915,2.15,0.28727031462689845,4.0,27.0,,False,False,False,False,susceptible-enriched,mixed,True,0.28474724895080145,0.9199323074265561,0.800676925734439,0.28474724895080145,0.95,0.9,0.8,0.02,0.35,1.0,1.38,3.0,0.3981071705534973,1.0,1.0,0.7,2.15,i_hi,i,h_i,0.3981071705534973,1.0
0.5,0.6931471805599453,2.08426174983046,2.042295186985887,4.126556936816347,0.4949150631522668,-0.005084936847733201,-0.020340448656266268,-0.02034044865626649,0.6930954665030005,-5.171405694481823e-05,0.318506404782227,0.20373398804443243,2.0,1212.6838766855817,7.583457619796667,2.0046485437432024,2.1499999999999995,0.2650674061678246,4.0,24.0,,False,False,False,False,susceptible-enriched,mixed,True,0.3338605754168779,0.9233702402791815,0.7662975972081855,0.3338605754168779,0.95,0.9,0.8,0.02,0.35,1.0,1.38,3.0,0.5011872336272724,1.0,1.0,0.7,2.15,i_hi,i,h_i,0.5011872336272724,1.0
0.5,0.6931471805599453,2.087652867612653,2.025938238463831,4.113591106076484,0.49249869182942624,-0.007501308170573762,-0.030007484163917873,-0.030007484163917873,0.6930346370893312,-0.00011254347061406822,0.31501939765472625,0.2124515058631844,2.0,1208.0547683157226,7.925926478151743,1.809269284618679,2.15,0.24358318053972497,4.0,22.0,,False,False,False,False,susceptible-enriched,mixed,True,0.38686317984685703,0.92708042258928,0.7291957741072002,0.38686317984685703,0.95,0.9,0.8,0.02,0.35,1.0,1.38,3.0,0.6309573444801934,1.0,1.0,0.7,2.15,i_hi,i,h_i,0.6309573444801934,1.0
0.5,0.6931471805599453,2.0915911573230526,2.007105529626364,4.098696686949417,0.4896935984595178,-0.01030640154048218,-0.04123144640118715,-0.04123144640118715,0.6929347216878343,-0.00021245887211096548,0.3114563136442092,0.22135921588947693,2.0,1202.7357566438884,8.320875847310491,1.6602818540233666,2.15,0.22336530095689852,4.0,20.0,,False,False,False,False,susceptible-enriched,mixed,True,0.44268836623770724,0.9309881856366395,0.690118143633605,0.44268836623770724,0.95,0.9,0.8,0.02,0.35,1.0,1.38,3.0,0.7943282347242815,1.0,1.0,0.7,2.15,i_hi,i,h_i,0.7943282347242815,1.0
0.5,0.6931471805599453,2.096098007850193,1.9858217388575845,4.0819197467077775,0.48649210716580715,-0.013507892834192847,-0.05404472212509797,-0.05404472212509797,0.6927822098189301,-0.00036497074101515814,0.3079105564865327,0.23022360878366832,2.0,1196.7551619938977,8.768447369565557,1.5484362658035131,2.15,0.20499869561068434,3.0,19.0,,False,False,False,False,susceptible-enriched,mixed,True,0.5,0.935,0.65,0.5,0.95,0.9,0.8,0.02,0.35,1.0,1.38,3.0,1.0,1.0,1.0,0.7,2.15,i_hi,i,h_i,1.0,1.0
0.5,0.6931471805599453,2.101162431024198,1.962268131162473,4.063430562186671,0.48290923177644,-0.017090768223559982,-0.06838971619829019,-0.06838971619829008,0.6925628780309848,-0.0005843025289604675,0.301981295302986,0.24504676174253504,3.0,1190.1593266035047,9.265857439925467,1.466168823603975,2.1499999999999995,0.19125894860724657,3.0,18.0,,False,False,False,False,susceptible-enriched,mixed,True,0.5573116337622929,0.9390118143633606,0.609881856366395,0.5573116337622929,0.95,0.9,0.8,0.02,0.35,1.0,1.38,3.0,1.2589254117941675,1.0,1.0,0.7,2.15,i_hi,i,h_i,1.2589254117941675,1.0
0.5,0.6931471805599453,2.10673767358165,1.9368074213483257,4.043545094929976,0.4789874666605805,-0.021012533339419492,-0.08409966634462562,-0.08409966634462562,0.6922638673338659,-0.0008833132260793741,0.29418812113127474,0.2645296971718132,3.0,1183.0489389998247,9.806813628696297,1.4072407316890787,2.15,0.17904476094328103,3.0,18.0,11.0,False,False,False,True,susceptible-enriched,mixed,True,0.6131368201531432,0.9429195774107201,0.5708042258927998,0.6131368201531432,0.95,0.9,0.8,0.02,0.35,1.0,1.38,3.0,1.584893192461114,1.0,1.0,0.7,2.15,i_hi,i,h_i,1.584893192461114,1.0
0.5,0.6931471805599453,2.1127302529451284,1.9099730157351233,4.022703268680251,0.4747983851072709,-0.025201614892729096,-0.10089195571523134,-0.10089195571523123,0.6918763993873365,-0.0012707811726088147,0.2872166350543461,0.2819584123641349,3.0,1175.606373899258,10.38121970105458,1.3664325103052941,2.1500000000000004,0.16840771935991664,3.0,18.0,11.0,False,False,False,True,susceptible-enriched,mixed,True,0.6661394245831221,0.9466297597208185,0.5337024027918145,0.6661394245831221,0.95,0.9,0.8,0.02,0.35,1.0,1.38,3.0,1.9952623149688797,1.0,1.0,0.7,2.15,i_hi,i,h_i,1.9952623149688797,1.0
0.5,0.6931471805599453,2.1190049630381194,1.8824350360064772,4.001439999044597,0.4704394009296495,-0.029560599070350524,-0.11838045077299095,-0.11838045077299095,0.6913985029961727,-0.001748677563772616,0.28110183505658726,0.29724541235853186,3.0,1167.9999678972858,10.976121865809262,1.339424912804276,2.15,0.15930598622035133,3.0,18.0,11.0,False,False,False,True,susceptible-enriched,mixed,True,0.7152527510491986,0.9500676925734439,0.499323074265561,0.7152527510491986,0.95,0.9,0.8,0.02,0.35,1.0,1.38,3.0,2.511886431509581,1.0,1.0,0.7,2.15,i_hi,i,h_i,2.511886431509581,1.0
0.5,0.6931471805599453,2.125395451228004,1.8549362413573853,3.9803316925853895,0.46602554375374877,-0.03397445624625123,-0.1361075555256584,-0.1361075555256584,0.6908368734837466,-0.0023103070761987254,0.2758296141160299,0.31042596470992523,3.0,1160.4381494657746,11.576333788906428,1.3226301130551414,2.15,0.15163209855678628,3.0,18.0,12.0,False,False,False,True,susceptible-enriched,mixed,True,0.7597469266479577,0.953182284865357,0.4681771513464297,0.7597469266479577,0.95,0.9,0.8,0.02,0.35,1.0,1.38,3.0,3.1622776601683795,1.0,1.0,0.7,2.15,i_hi,i,h_i,3.1622776601683795,1.0
0.5,0.6931471805599453,2.1317229551036174,1.8282134852499103,3.9599364403535278,0.4616774821483485,-0.03832251785165153,-0.1535912993937259,-0.15359129939372568,0.6902070672573455,-0.0029401133025998005,0.2713500878524042,0.32162478036898945,3.0,1153.1371175942772,12.166100782240179,1.3131124556171385,2.15,0.1468671520743986,2.0,19.0,12.0,False,False,False,True,susceptible-enriched,mixed,True,0.7992399910868984,0.9559467993760828,0.4405320062391712,0.7992399910868984,0.95,0.9,0.8,0.02,0.35,1.0,1.38,3.0,3.981071705534973,1.0,1.0,0.7,2.15,i_hi,i,h_i,3.981071705534973,1.0
0.5,0.6931471805599453,2.1378152803807637,1.80291913126223,3.9407344116429934,0.45750840907610074,-0.04249159092389926,-0.17037731965250566,-0.17037731965250566,0.6895317507456336,-0.0036154298143117325,0.26630162353887854,0.3342459411528037,4.0,1146.2430765434256,12.730885634929749,1.308644297680353,2.15,0.1429851810254547,2.0,20.0,12.0,False,False,False,True,susceptible-enriched,mixed,True,0.8336624691834381,0.9583563728428407,0.41643627157159335,0.8336624691834381,0.95,0.9,0.8,0.02,0.35,1.0,1.38,3.0,5.011872336272725,1.0,1.0,0.7,2.15,i_hi,i,h_i,5.011872336272725,1.0
0.5,0.6931471805599453,2.1435281241357065,1.7795646494605029,3.9230927735962093,0.45361268574569463,-0.04638731425430537,-0.18608437219537466,-0.18608437219537444,0.6888374197996333,-0.004309760760311976,0.26035773690901454,0.3491056577274637,4.0,1139.9105554622997,13.258317568019487,1.3073720660004589,2.15,0.13976794954033964,2.0,21.0,13.0,False,False,False,True,susceptible-enriched,mixed,True,0.86319311139679,0.9604235177977754,0.39576482202224705,0.86319311139679,0.95,0.9,0.8,0.02,0.35,1.0,1.38,3.0,6.309573444801933,1.0,1.0,0.7,2.15,i_hi,i,h_i,6.309573444801933,1.0
0.5,0.6931471805599453,2.148753861155783,1.7584874633161107,3.9072413244718938,0.4500585751646117,-0.049941424835388326,-0.20043403092982018,-0.20043403092982018,0.6881505611012486,-0.004996619458696672,0.25554732051044715,0.3611316987238822,4.0,1134.2200765299167,13.739620707688129,1.308100343766443,2.15,0.1371237815894731,2.0,22.0,13.0,False,False,False,True,susceptible-enriched,mixed,True,0.8881842302218831,0.9621728961155318,0.37827103884468183,0.8881842302218831,0.95,0.9,0.8,0.02,0.35,1.0,1.38,3.0,7.943282347242818,1.0,1.0,0.7,2.15,i_hi,i,h_i,7.943282347242818,1.0
0.5,0.6931471805599453,2.15342853502576,1.7398518873075282,3.893280422333288,0.44688583882298794,-0.053114161177012065,-0.21326125209510036,-0.21326125209510036,0.6874942925550808,-0.00565288800486452,0.25166983316583214,0.3708254170854197,4.0,1129.1952253081859,14.169632260467614,1.3099486902417266,2.15,0.13496528690121318,2.0,22.0,13.0,False,False,False,True,susceptible-enriched,mixed,True,0.9090909090909091,0.9636363636363636,0.36363636363636365,0.9090909090909091,0.95,0.9,0.8,0.02,0.35,1.0,1.38,3.0,10.0,1.0,1.0,0.7,2.15,i_hi,i,h_i,10.0,1.0
0.5,0.6931471805599453,2.069891353124139,2.111873198271973,4.181764551396112,0.5050196328167039,0.005019632816703923,0.02007920585827971,0.02007920585827971,0.693096786286183,-5.039427376229977e-05,0.3395375208595578,0.15115619785110557,2.0,1232.3888509531096,6.126825579257778,12.11662861418644,2.15,0.4619049317556928,5.0,110.0,,False,False,False,False,resistant-enriched,mixed,True,0.04435701794430148,0.9031049912561011,0.9689500874389889,0.04435701794430148,0.95,0.9,0.8,0.02,0.35,1.0,1.38,3.0,0.1,1.3333333333333333,1.0,0.7,2.15,i_hi,i,h_i,0.1,1.3333333333333333
0.5,0.6931471805599453,2.0705108861235186,2.1089213580037494,4.179432244127268,0.5045951782008433,0.0045951782008433195,0.018381230324175858,0.018381230324175858,0.6931049486400351,-4.223191991015174e-05,0.33835885770219465,0.15410285574451343,2.0,1231.5545386666347,6.188753552104091,9.150007638905596,2.15,0.445725768256694,5.0,88.0,,False,False,False,False,resistant-enriched,mixed,True,0.05935094310276761,0.9041545660171938,0.9584543398280627,0.05935094310276761,0.95,0.9,0.8,0.02,0.35,1.0,1.38,3.0,0.12589254117941673,1.3333333333333333,1.0,0.7,2.15,i_hi,i,h_i,0.12589254117941673,1.3333333333333333
0.5,0.6931471805599453,2.071336368003888,2.1049625925376856,4.1762989605415735,0.5040258402058263,0.004025840205826303,0.016103708828093827,0.016103708828093827,0.6931147654309713,-3.2415128974006e-05,0.3368303285856058,0.1579241785359855,2.0,1230.4337745635503,6.271748448286026,6.969823599679896,2.15,0.4258593761870326,5.0,70.0,,False,False,False,False,resistant-enriched,mixed,True,0.07899428263617196,0.9055295997845321,0.9447040021546796,0.07899428263617196,0.95,0.9,0.8,0.02,0.35,1.0,1.38,3.0,0.15848931924611134,1.3333333333333333,1.0,0.7,2.15,i_hi,i,h_i,0.15848931924611134,1.3333333333333333
0.5,0.6931471805599453,2.072435147139332,2.0996831556792466,4.172118302818578,0.5032654884835728,0.003265488483572776,0.01306213965242539,0.01306213965242539,0.6931258535782587,-2.132698168655356e-05,0.3348782616995741,0.16280434575106484,2.0,1228.938091031674,6.382420586203043,5.3688901960149815,2.1500000000000004,0.40219507337537197,5.0,57.0,,False,False,False,False,resistant-enriched,mixed,True,0.10441727916673238,0.9073092095416713,0.9269079045832873,0.10441727916673238,0.95,0.9,0.8,0.02,0.35,1.0,1.38,3.0,0.19952623149688797,1.3333333333333333,1.0,0.7,2.15,i_hi,i,h_i,0.19952623149688797,1.3333333333333333
0.5,0.6931471805599453,2.0738834547201392,2.092684826143569,4.166568280863708,0.5022562178459646,0.0022562178459646365,0.009024932639645537,0.009024932639645537,0.693136999487457,-1.0181072488291143e-05,0.3324331488680704,0.16891712782982404,2.0,1226.953197496889,6.529027590013174,4.194954041037062,2.15,0.37502081147758043,5.0,46.0,,False,False,False,False,resistant-enriched,mixed,True,0.13680688860321003,0.9095764822022248,0.904235177977753,0.13680688860321003,0.95,0.9,0.8,0.02,0.35,1.0,1.38,3.0,0.251188643150958,1.3333333333333333,1.0,0.7,2.15,i_hi,i,h_i,0.251188643150958,1.3333333333333333
0.5,0.6931471805599453,2.0757830673105517,2.0834938231846754,4.159276890495227,0.5009269346664253,0.0009269346664253497,0.0037077429133344384,0.0037077429133342164,0.6931454621432094,-1.7184167359074465e-06,0.32944412474570073,0.17638968813574818,2.0,1224.347298161539,6.72153123734502,3.336213892979981,2.15,0.34529393975313905,4.0,38.0,,False,False,False,False,neutral,mixed,True,0.17725503036342635,0.9124078521254398,0.8759214787456016,0.17725503036342635,0.95,0.9,0.8,0.02,0.35,1.0,1.38,3.0,0.31622776601683794,1.3333333333333333,1.0,0.7,2.15,i_hi,i,h_i,0.31622776601683794,1.3333333333333333
0.5,0.6931471805599453,2.078239725318679,2.071554077733114,4.149793803051793,0.4991944602668393,-0.0008055397331607206,-0.0032221617204345296,-0.0032221617204344186,0.6931458827708605,-1.297789084753198e-06,0.325896662422385,0.1852583439440375,2.0,1220.9638624165732,6.971407784576705,2.7105942562892333,2.15,0.31691809000574345,4.0,32.0,,False,False,False,False,neutral,mixed,True,0.22652371251959852,0.9158566598763719,0.8414334012362811,0.22652371251959852,0.95,0.9,0.8,0.02,0.35,1.0,1.38,3.0,0.3981071705534973,1.3333333333333333,1.0,0.7,2.15,i_hi,i,h_i,0.3981071705534973,1.3333333333333333
0.5,0.6931471805599453,2.0813798467991202,2.056278298353746,4.137658145152866,0.49696669618842493,-0.003033303811575072,-0.012133364098772347,-0.012133364098772347,0.6931287785830408,-1.840197690450296e-05,0.32183191139624,0.19542022150939997,2.0,1216.6404420963368,7.2909431295624945,2.2578608736907992,2.15,0.28727031462680364,4.0,27.0,,False,False,False,False,susceptible-enriched,mixed,True,0.2847472489508015,0.9199323074265561,0.8006769257344389,0.2847472489508015,0.95,0.9,0.8,0.02,0.35,1.0,1.38,3.0,0.5011872336272724,1.3333333333333333,1.0,0.7,2.15,i_hi,i,h_i,0.5011872336272724,1.3333333333333333
0.5,0.6931471805599453,2.085335439319533,2.037115655774471,4.122451095094004,0.49415156390788406,-0.005848436092115938,-0.023394811341948797,-0.023394811341948353,0.6930787705905094,-6.840996943591193e-05,0.31735810010653437,0.20660474973366416,2.0,1211.218588981204,7.691898101210865,1.9337143847499019,2.15,0.2577973174043628,4.0,23.0,,False,False,False,False,susceptible-enriched,mixed,True,0.35114211462456424,0.9245799480237196,0.754200519762805,0.35114211462456424,0.95,0.9,0.8,0.02,0.35,1.0,1.38,3.0,0.6309573444801934,1.3333333333333333,1.0,0.7,2.15,i_hi,i,h_i,0.6309573444801934,1.3333333333333333
0.5,0.6931471805599453,2.0902157773526726,2.013659648918098,4.10387542627077,0.4906727031789874,-0.009327296821012576,-0.037313515977316386,-0.037313515977316386,0.6929731735349216,-0.00017400702502368137,0.31264674946374627,0.2183831263406344,2.0,1204.5843368277956,8.183329708296956,1.7053994070082668,2.15,0.22993467470393503,4.0,21.0,,False,False,False,False,susceptible-enriched,mixed,True,0.42384440259474404,0.9296691081816321,0.7033089181836791,0.42384440259474404,0.95,0.9,0.8,0.02,0.35,1.0,1.38,3.0,0.7943282347242815,1.3333333333333333,1.0,0.7,2.15,i_hi,i,h_i,0.7943282347242815,1.3333333333333333
0.5,0.6931471805599453,2.096098007850193,1.9858217388575845,4.0819197467077775,0.48649210716580715,-0.013507892834192847,-0.05404472212509797,-0.05404472212509797,0.6927822098189301,-0.00036497074101515814,0.3079105564865327,0.23022360878366832,2.0,1196.7551619938977,8.768447369565557,1.5484362658035131,2.15,0.20499869561068434,3.0,19.0,,False,False,False,False,susceptible-enriched,mixed,True,0.5,0.935,0.65,0.5,0.95,0.9,0.8,0.02,0.35,1.0,1.38,3.0,1.0,1.3333333333333333,1.0,0.7,2.15,i_hi,i,h_i,1.0,1.3333333333333333
0.5,0.6931471805599453,2.102967780908849,1.953970123097512,4.056937904006361,0.48163668494109846,-0.01836331505890154,-0.0734863126857297,-0.0734863126857297,0.6924726061828619,-0.0006745743770834034,0.2992967984887992,0.25175800377800206,3.0,1187.8383067600175,9.441762693729075,1.4442087628137503,2.15,0.1870132969933087,3.0,18.0,11.0,False,False,False,True,susceptible-enriched,mixed,True,0.576155597405256,0.9403308918183679,0.5966910818163208,0.576155597405256,0.95,0.9,0.8,0.02,0.35,1.0,1.38,3.0,1.2589254117941675,1.3333333333333333,1.0,0.7,2.15,i_hi,i,h_i,1.2589254117941675,1.3333333333333333
0.5,0.6931471805599453,2.110693572460807,1.919030990516576,4.029724562977384,0.47621889797318795,-0.02378110202681205,-0.09519623460264341,-0.09519623460264341,0.6920156720978301,-0.0011315084621151827,0.28944587551314055,0.2763853112171487,3.0,1178.1128897769527,10.18678540919982,1.3783074032916678,2.1499999999999995,0.17177911625670206,3.0,18.0,11.0,False,False,False,True,susceptible-enriched,mixed,True,0.6488578853754359,0.9454200519762805,0.5457994802371949,0.6488578853754359,0.95,0.9,0.8,0.02,0.35,1.0,1.38,3.0,1.584893192461114,1.3333333333333333,1.0,0.7,2.15,i_hi,i,h_i,1.584893192461114,1.3333333333333333
0.5,0.6931471805599453,2.1190049630381194,1.8824350360064772,4.001439999044597,0.4704394009296495,-0.029560599070350524,-0.11838045077299095,-0.11838045077299095,0.6913985029961727,-0.001748677563772616,0.28110183505658726,0.29724541235853186,3.0,1167.9999678972858,10.976121865809262,1.339424912804276,2.15,0.15930598622035133,3.0,18.0,11.0,False,False,False,True,susceptible-enriched,mixed,True,0.7152527510491986,0.9500676925734439,0.499323074265561,0.7152527510491986,0.95,0.9,0.8,0.02,0.35,1.0,1.38,3.0,1.9952623149688797,1.3333333333333333,1.0,0.7,2.15,i_hi,i,h_i,1.9952623149688797,1.3333333333333333
0.5,0.6931471805599453,2.127520751695644,1.8459080511284258,3.9734288028240696,0.46456301162775776,-0.03543698837224224,-0.14198601039580025,-0.14198601039580025,0.6906335133889867,-0.002513667170958578,0.27425159185944603,0.314371020351385,3.0,1157.968122983596,11.774831099345985,1.3187684408688036,2.15,0.1498691456614403,2.0,18.0,12.0,False,False,False,True,susceptible-enriched,mixed,True,0.7734762874804016,0.9541433401236281,0.45856659876371886,0.7734762874804016,0.95,0.9,0.8,0.02,0.35,1.0,1.38,3.0,2.511886431509581,1.3333333333333333,1.0,0.7,2.15,i_hi,i,h_i,2.511886431509581,1.3333333333333333
0.5,0.6931471805599453,2.135820571119451,1.811157165103191,3.9469777362226424,0.4588718979794688,-0.04112810202053119,-0.16488495654687746,-0.16488495654687702,0.689760313655677,-0.0033868669042682598,0.26857367258581344,0.3285658185354664,4.0,1148.4860054204787,12.546227979005288,1.309698155096938,2.15,0.1442007617796978,2.0,20.0,12.0,False,False,False,True,susceptible-enriched,mixed,True,0.8227449696365737,0.9575921478745602,0.4240785212543984,0.8227449696365737,0.95,0.9,0.8,0.02,0.35,1.0,1.38,3.0,3.1622776601683795,1.3333333333333333,1.0,0.7,2.15,i_hi,i,h_i,3.1622776601683795,1.3333333333333333
0.5,0.6931471805599453,2.1435281241357065,1.7795646494605029,3.9230927735962093,0.45361268574569463,-0.04638731425430537,-0.18608437219537466,-0.18608437219537444,0.6888374197996333,-0.004309760760311976,0.26035773690901454,0.3491056577274637,4.0,1139.9105554622997,13.258317568019487,1.3073720660004589,2.15,0.13976794954033964,2.0,21.0,13.0,False,False,False,True,susceptible-enriched,mixed,True,0.86319311139679,0.9604235177977754,0.39576482202224705,0.86319311139679,0.95,0.9,0.8,0.02,0.35,1.0,1.38,3.0,3.981071705534973,1.3333333333333333,1.0,0.7,2.15,i_hi,i,h_i,3.981071705534973,1.3333333333333333
0.5,0.6931471805599453,2.1503751689084565,1.7520008102149354,3.902375979123392,0.4489574606823239,-0.051042539317676106,-0.20488386911789574,-0.20488386911789563,0.6879274105798936,-0.005219769980051692,0.25416021262834865,0.3645994684291284,4.0,1132.4701630334364,13.888815027473061,1.3086333502614504,2.15,0.1363544326570451,2.0,22.0,13.0,False,False,False,True,susceptible-enriched,mixed,True,0.8955827208332677,0.9626907904583287,0.3730920954167126,0.8955827208332677,0.95,0.9,0.8,0.02,0.35,1.0,1.38,3.0,5.011872336272725,1.3333333333333333,1.0,0.7,2.15,i_hi,i,h_i,5.011872336272725,1.3333333333333333
0.5,0.6931471805599453,2.1562250313656723,1.728795377910664,3.8850204092763363,0.44499003757683914,-0.05500996242316086,-0.22093416944947114,-0.22093416944947114,0.6870827194501339,-0.006064461109811403,0.2495174512907986,0.37620637177300353,4.0,1126.2206488156885,14.426776731718478,1.3114456039321278,2.1500000000000004,0.13375642946454902,2.0,23.0,13.0,False,False,False,True,susceptible-enriched,mixed,True,0.9210057173638281,0.9644704002154679,0.3552959978453204,0.9210057173638281,0.95,0.9,0.8,0.02,0.35,1.0,1.38,3.0,6.309573444801933,1.3333333333333333,1.0,0.7,2.15,i_hi,i,h_i,6.309573444801933,1.3333333333333333
0.5,0.6931471805599453,2.1610611620674747,1.709835247264531,3.8708964093320057,0.44171557862991084,-0.05828442137008916,-0.2342023605491229,-0.2342023605491229,0.6863375619511971,-0.00680961860874818,0.2460566618432839,0.3848583453917903,4.0,1121.1390014846124,14.87139405044611,1.3145994414771587,2.15,0.13179642999413116,2.0,24.0,14.0,False,False,False,True,susceptible-enriched,mixed,True,0.9406490568972324,0.9658454339828063,0.3415456601719373,0.9406490568972324,0.95,0.9,0.8,0.02,0.35,1.0,1.38,3.0,7.943282347242818,1.3333333333333333,1.0,0.7,2.15,i_hi,i,h_i,7.943282347242818,1.3333333333333333
0.5,0.6931471805599453,2.164953092212743,1.6947164619751451,3.859669554187888,0.439083304459656,-0.06091669554034401,-0.24488324703629707,-0.24488324703629707,0.6857070225990562,-0.007440157960889038,0.24348616867798573,0.3912845783050357,4.0,1117.0981183128506,15.229411994706286,1.3176452156142417,2.15,0.13032743541711814,2.0,24.0,14.0,False,False,False,True,susceptible-enriched,mixed,True,0.9556429820556985,0.9668950087438989,0.331049912561011,0.9556429820556985,0.95,0.9,0.8,0.02,0.35,1.0,1.38,3.0,10.0,1.3333333333333333,1.0,0.7,2.15,i_hi,i,h_i,10.0,1.3333333333333333
0.5,0.6931471805599453,2.068951493711777,2.1163417717582664,4.185293265470044,0.5056615241800944,0.005661524180094357,0.022647064624273804,0.022647064624273915,0.6930830734779441,-6.410708200121906e-05,0.3413873933048872,0.14653151673778197,2.0,1233.6506836407727,6.033072451107507,25.03548065818131,2.1499999999999995,0.4889056817473411,5.0,193.0,,False,False,False,False,resistant-enriched,mixed,True,0.021089977117186395,0.9014762983982031,0.9852370160179695,0.021089977117186395,0.95,0.9,0.8,0.02,0.35,1.0,1.38,3.0,0.1,1.6666666666666665,1.0,0.7,2.15,i_hi,i,h_i,0.1,1.6666666666666665
0.5,0.6931471805599453,2.0693354382122098,2.114521806245388,4.183857244457598,0.5054000848251977,0.005400084825197715,0.021601179207150278,0.021601179207150056,0.6930888575938418,-5.832296610353005e-05,0.3406238500184519,0.1484403749538703,2.0,1233.137171004667,6.071268495398413,17.367630199587683,2.15,0.47751680664644097,5.0,146.0,,False,False,False,False,resistant-enriched,mixed,True,0.030653430031715518,0.9021457401022202,0.9785425989777992,0.030653430031715518,0.95,0.9,0.8,0.02,0.35,1.0,1.38,3.0,0.12589254117941673,1.6666666666666665,1.0,0.7,2.15,i_hi,i,h_i,0.12589254117941673,1.6666666666666665
0.5,0.6931471805599453,2.069891353124139,2.111873198271973,4.181764551396112,0.5050196328167039,0.005019632816703923,0.02007920585827971,0.02007920585827971,0.693096786286183,-5.039427376229977e-05,0.3395375208595578,0.15115619785110557,2.0,1232.3888509531096,6.126825579257778,12.11662861418644,2.15,0.4619049317556928,5.0,110.0,,False,False,False,False,resistant-enriched,mixed,True,0.04435701794430148,0.9031049912561011,0.9689500874389889,0.04435701794430148,0.95,0.9,0.8,0.02,0.35,1.0,1.38,3.0,0.15848931924611134,1.6666666666666665,1.0,0.7,2.15,i_hi,i,h_i,0.15848931924611134,1.6666666666666665
0.5,0.6931471805599453,2.0706954592774593,2.1080369358829762,4.178732395160436,0.5044680387584478,0.004468038758447812,0.017872630774518408,0.017872630774518852,0.6931072532878528,-3.9927272092454835e-05,0.338012363020291,0.1549690924492726,2.0,1231.3042320731429,6.207295467020751,8.540429748462072,2.1499999999999995,0.4411147970058454,5.0,83.0,,False,False,False,False,resistant-enriched,mixed,True,0.06378367566893509,0.9044648572968255,0.9553514270317455,0.06378367566893509,0.95,0.9,0.8,0.02,0.35,1.0,1.38,3.0,0.19952623149688797,1.6666666666666665,1.0,0.7,2.15,i_hi,i,h_i,0.19952623149688797,1.6666666666666665
0.5,0.6931471805599453,2.0718477871148777,2.1025113979216816,4.174359185036559,0.5036728524604113,0.003672852460411269,0.014691674096659904,0.014691674096660015,0.6931202006269137,-2.6979933031578973e-05,0.33591184038009336,0.1602203990497666,2.0,1229.7397177292478,6.3231487334713785,6.107563183638662,2.15,0.4144948222636293,5.0,63.0,,False,False,False,False,resistant-enriched,mixed,True,0.09090909090909093,0.9063636363636364,0.9363636363636364,0.09090909090909093,0.95,0.9,0.8,0.02,0.35,1.0,1.38,3.0,0.251188643150958,1.6666666666666665,1.0,0.7,2.15,i_hi,i,h_i,0.251188643150958,1.6666666666666665
0.5,0.6931471805599453,2.0734831242590355,2.0946199087325064,4.168103032991542,0.5025355400653688,0.0025355400653688243,0.010142247200919979,0.010142247200919979,0.6931343225779898,-1.2857981955494147e-05,0.3330939105015913,0.1672652237460217,2.0,1227.50202043956,6.488490950335395,4.455100369290173,2.1499999999999995,0.3821096035114724,5.0,48.0,,False,False,False,False,resistant-enriched,mixed,True,0.12799310777667883,0.9089595175443675,0.9104048245563248,0.12799310777667883,0.95,0.9,0.8,0.02,0.35,1.0,1.38,3.0,0.31622776601683794,1.6666666666666665,1.0,0.7,2.15,i_hi,i,h_i,0.31622776601683794,1.6666666666666665
0.5,0.6931471805599453,2.0757830673106064,2.083493823184721,4.1592768904953275,0.5009269346664242,0.0009269346664242395,0.003707742913330014,0.003707742913329792,0.6931454621432094,-1.7184167359074465e-06,0.32944412474570894,0.17638968813572764,2.0,1224.3472981615687,6.721531237344833,3.336213892979864,2.15,0.34529393975311207,4.0,38.0,,False,False,False,False,neutral,mixed,True,0.17725503036342638,0.9124078521254398,0.8759214787456016,0.17725503036342638,0.95,0.9,0.8,0.02,0.35,1.0,1.38,3.0,0.3981071705534973,1.6666666666666665,1.0,0.7,2.15,i_hi,i,h_i,0.3981071705534973,1.6666666666666665
0.5,0.6931471805599453,2.0789550500675382,2.068070336106794,4.147025386174333,0.49868764801910387,-0.0013123519808961315,-0.005249419978148415,-0.005249419978148637,0.6931437360205468,-3.4445393984894324e-06,0.32492591882906396,0.18768520292734014,2.0,1219.9772779703899,7.044279655048391,2.5831672616965906,2.15,0.30957148026334647,4.0,30.0,,False,False,False,False,susceptible-enriched,mixed,True,0.24025307335204224,0.9168177151346429,0.8318228486535705,0.24025307335204224,0.95,0.9,0.8,0.02,0.35,1.0,1.38,3.0,0.5011872336272724,1.6666666666666665,1.0,0.7,2.15,i_hi,i,h_i,0.5011872336272724,1.6666666666666665
0.5,0.6931471805599453,2.083247097099358,2.047212435148864,4.1304595322482225,0.49563793548040397,-0.004362064519596032,-0.01744870076339355,-0.01744870076339355,0.6931091248634513,-3.8055696493954905e-05,0.31963669862150534,0.20090825344623664,2.0,1214.0754470764296,7.480580637559989,2.0819875598314526,2.15,0.2724183563712545,4.0,25.0,,False,False,False,False,susceptible-enriched,mixed,True,0.31701401305280874,0.9221909809136967,0.7780901908630339,0.31701401305280874,0.95,0.9,0.8,0.02,0.35,1.0,1.38,3.0,0.6309573444801934,1.6666666666666665,1.0,0.7,2.15,i_hi,i,h_i,0.6309573444801934,1.6666666666666665
0.5,0.6931471805599453,2.088903208402088,2.019937393519733,4.1088406019218215,0.4916076307693588,-0.008392369230641183,-0.03357262993654625,-0.03357262993654625,0.6930063102223969,-0.0001408703375483933,0.3138356099203269,0.21541097519918284,2.0,1206.3577028654686,8.051682296390943,1.7549482872433482,2.15,0.23667924167138701,4.0,21.0,,False,False,False,False,susceptible-enriched,mixed,True,0.4052193438583777,0.9283653540700865,0.7163464592991355,0.4052193438583777,0.95,0.9,0.8,0.02,0.35,1.0,1.38,3.0,0.7943282347242815,1.6666666666666665,1.0,0.7,2.15,i_hi,i,h_i,0.7943282347242815,1.6666666666666665
0.5,0.6931471805599453,2.096098007850193,1.9858217388575845,4.0819197467077775,0.48649210716580715,-0.013507892834192847,-0.05404472212509797,-0.05404472212509797,0.6927822098189301,-0.00036497074101515814,0.3079105564865327,0.23022360878366832,2.0,1196.7551619938977,8.768447369565557,1.5484362658035131,2.15,0.20499869561068434,3.0,19.0,,False,False,False,False,susceptible-enriched,mixed,True,0.5,0.935,0.65,0.5,0.95,0.9,0.8,0.02,0.35,1.0,1.38,3.0,1.0,1.6666666666666665,1.0,0.7,2.15,i_hi,i,h_i,1.0,1.6666666666666665
0.5,0.6931471805599453,2.1048277350210918,1.9454769225658906,4.050304657586983,0.48032853995850566,-0.019671460041494337,-0.07872647627431566,-0.07872647627431566,0.6923730480986329,-0.0007741324613124156,0.2966979150872408,0.25825521228189807,3.0,1185.4658527343906,9.622208470980476,1.4246304583892564,2.15,0.18294129643238913,3.0,18.0,11.0,False,False,False,True,susceptible-enriched,mixed,True,0.5947806561416225,0.9416346459299136,0.5836535407008643,0.5947806561416225,0.95,0.9,0.8,0.02,0.35,1.0,1.38,3.0,1.2589254117941675,1.6666666666666665,1.0,0.7,2.15,i_hi,i,h_i,1.2589254117941675,1.6666666666666665
0.5,0.6931471805599453,2.114797891263312,1.900835688876016,4.015633580139328,0.4733588488444864,-0.026641151155513576,-0.1066656225224267,-0.10666562252242692,0.6917270062644084,-0.001420174295536869,0.2850829893071665,0.2872925267320837,3.0,1173.0807681269719,10.577952151324507,1.3560848344683438,2.15,0.1652074498172617,3.0,18.0,11.0,False,False,False,True,susceptible-enriched,mixed,True,0.6829859869471915,0.9478090190863034,0.521909809136966,0.6829859869471915,0.95,0.9,0.8,0.02,0.35,1.0,1.38,3.0,1.584893192461114,1.6666666666666665,1.0,0.7,2.15,i_hi,i,h_i,1.584893192461114,1.6666666666666665
0.5,0.6931471805599453,2.125395451228004,1.8549362413573853,3.9803316925853895,0.46602554375374877,-0.03397445624625123,-0.1361075555256584,-0.1361075555256584,0.6908368734837466,-0.0023103070761987254,0.2758296141160299,0.31042596470992523,3.0,1160.4381494657746,11.576333788906428,1.3226301130551414,2.15,0.15163209855678628,3.0,18.0,12.0,False,False,False,True,susceptible-enriched,mixed,True,0.7597469266479577,0.953182284865357,0.4681771513464297,0.7597469266479577,0.95,0.9,0.8,0.02,0.35,1.0,1.38,3.0,1.9952623149688797,1.6666666666666665,1.0,0.7,2.15,i_hi,i,h_i,1.9952623149688797,1.6666666666666665
0.5,0.6931471805599453,2.135820571119451,1.811157165103191,3.9469777362226424,0.4588718979794688,-0.04112810202053119,-0.16488495654687746,-0.16488495654687702,0.689760313655677,-0.0033868669042682598,0.26857367258581344,0.3285658185354664,4.0,1148.4860054204787,12.546227979005288,1.309698155096938,2.15,0.1442007617796978,2.0,20.0,12.0,False,False,False,True,susceptible-enriched,mixed,True,0.8227449696365737,0.9575921478745602,0.4240785212543984,0.8227449696365737,0.95,0.9,0.8,0.02,0.35,1.0,1.38,3.0,2.511886431509581,1.6666666666666665,1.0,0.7,2.15,i_hi,i,h_i,2.511886431509581,1.6666666666666665
0.5,0.6931471805599453,2.145328325315554,1.7722744249385296,3.9176027502540838,0.45238747722024275,-0.04761252277975725,-0.1910288985428621,-0.1910288985428621,0.6886063988370905,-0.00454078172285477,0.25863883872109716,0.3534029031972571,4.0,1137.9410137132438,13.424201999536567,1.3074370153552781,2.15,0.13882733362702648,2.0,21.0,13.0,False,False,False,True,susceptible-enriched,mixed,True,0.8720068922233212,0.9610404824556324,0.38959517544367517,0.8720068922233212,0.95,0.9,0.8,0.02,0.35,1.0,1.38,3.0,3.1622776601683795,1.6666666666666665,1.0,0.7,2.15,i_hi,i,h_i,3.1622776601683795,1.6666666666666665
0.5,0.6931471805599453,2.15342853502576,1.7398518873075282,3.893280422333288,0.44688583882298794,-0.053114161177012065,-0.21326125209510036,-0.21326125209510036,0.6874942925550808,-0.00565288800486452,0.25166983316583214,0.3708254170854197,4.0,1129.1952253081859,14.169632260467614,1.3099486902417266,2.15,0.13496528690121318,2.0,22.0,13.0,False,False,False,True,susceptible-enriched,mixed,True,0.9090909090909091,0.9636363636363636,0.36363636363636365,0.9090909090909091,0.95,0.9,0.8,0.02,0.35,1.0,1.38,3.0,3.981071705534973,1.6666666666666665,1.0,0.7,2.15,i_hi,i,h_i,3.981071705534973,1.6666666666666665
0.5,0.6931471805599453,2.1599439489631225,1.7141954943481714,3.874139443311294,0.4424712944464949,-0.05752870555350509,-0.2311384007543985,-0.2311384007543985,0.686513394569436,-0.006633785990509233,0.2468282635606775,0.38292934109830634,4.0,1122.305528508767,14.768716439299107,1.3138081915527826,2.15,0.13223517911324012,2.0,24.0,14.0,False,False,False,True,susceptible-enriched,mixed,True,0.9362163243310649,0.9655351427031745,0.3446485729682546,0.9362163243310649,0.95,0.9,0.8,0.02,0.35,1.0,1.38,3.0,5.011872336272725,1.6666666666666665,1.0,0.7,2.15,i_hi,i,h_i,5.011872336272725,1.6666666666666665
0.5,0.6931471805599453,2.164953092212743,1.6947164619751451,3.859669554187888,0.439083304459656,-0.06091669554034401,-0.24488324703629707,-0.24488324703629707,0.6857070225990562,-0.007440157960889038,0.24348616867798573,0.3912845783050357,4.0,1117.0981183128506,15.229411994706286,1.3176452156142417,2.15,0.13032743541711814,2.0,24.0,14.0,False,False,False,True,susceptible-enriched,mixed,True,0.9556429820556985,0.9668950087438989,0.331049912561011,0.9556429820556985,0.95,0.9,0.8,0.02,0.35,1.0,1.38,3.0,6.309573444801933,1.6666666666666665,1.0,0.7,2.15,i_hi,i,h_i,6.309573444801933,1.6666666666666665
0.5,0.6931471805599453,2.1686728038413605,1.680382569453295,3.8490553732946555,0.4365701208436882,-0.06342987915631182,-0.2550938819053698,-0.25509388190537,0.6850787581497358,-0.008068422410209442,0.24118898541239847,0.3970275364690039,4.0,1113.2697779564237,15.571837194957052,1.3208956235464977,2.15,0.1290049531708723,2.0,25.0,14.0,False,False,False,True,susceptible-enriched,mixed,True,0.9693465699682846,0.96785425989778,0.3214574010222008,0.9693465699682846,0.95,0.9,0.8,0.02,0.35,1.0,1.38,3.0,7.943282347242818,1.6666666666666665,1.0,0.7,2.15,i_hi,i,h_i,7.943282347242818,1.6666666666666665
0.5,0.6931471805599453,2.171364314602722,1.6700733157316954,3.8414376303344175,0.43475216219671037,-0.06524783780328963,-0.2624881592990332,-0.26248815929903296,0.6846082878419274,-0.008538892718017888,0.23961453663654886,0.4009636584086279,4.0,1110.5192266066888,15.819929771783686,1.323374561961808,2.15,0.12809320641078378,2.0,25.0,14.0,False,False,False,True,susceptible-enriched,mixed,True,0.9789100228828136,0.9685237016017969,0.3147629839820305,0.9789100228828136,0.95,0.9,0.8,0.02,0.35,1.0,1.38,3.0,10.0,1.6666666666666665,1.0,0.7,2.15,i_hi,i,h_i,10.0,1.6666666666666665
0.5,0.6931471805599453,2.0685078929997656,2.1184432872326617,4.186951180232427,0.5059632166800336,0.005963216680033634,0.02385399775909452,0.0238539977590943,0.6930760589674896,-7.112159245570293e-05,0.34228614697333865,0.14428463256665347,2.0,1234.243386601451,5.988971863717113,50.25245444264916,2.15,0.5041653160562795,6.0,,,False,False,False,False,resistant-enriched,mixed,True,0.009900990099009903,0.9006930693069307,0.9930693069306931,0.009900990099009903,0.95,0.9,0.8,0.02,0.35,1.0,1.38,3.0,0.1,2.0,1.0,0.7,2.15,i_hi,i,h_i,0.1,2.0
0.5,0.6931471805599453,2.068733260525983,2.1173763810121766,4.18610964153816,0.505810062880761,0.005810062880761024,0.023241297630778153,0.023241297630778375,0.6930796653791416,-6.751518080372332e-05,0.3418274965865046,0.14543125853373862,2.0,1233.9425471468599,6.011362148454093,33.45684886928102,2.15,0.4956326804208184,5.0,240.0,,False,False,False,False,resistant-enriched,mixed,True,0.015601662241829605,0.9010921163569281,0.9890788364307193,0.015601662241829605,0.95,0.9,0.8,0.02,0.35,1.0,1.38,3.0,0.12589254117941673,2.0,1.0,0.7,2.15,i_hi,i,h_i,0.12589254117941673,2.0
0.5,0.6931471805599453,2.0690884710697475,2.1156950822070653,4.184783553276812,0.5055685808529838,0.00556858085298384,0.022275244422559515,0.022275244422559515,0.6930851610923641,-6.201946758122023e-05,0.3411143636997027,0.1472140907507432,2.0,1233.4683797985444,6.046651505892277,21.623675700307324,2.15,0.4847928619196315,5.0,172.0,,False,False,False,False,resistant-enriched,mixed,True,0.02450336755033599,0.9017152357285235,0.9828476427147648,0.02450336755033599,0.95,0.9,0.8,0.02,0.35,1.0,1.38,3.0,0.15848931924611134,2.0,1.0,0.7,2.15,i_hi,i,h_i,0.15848931924611134,2.0
0.5,0.6931471805599453,2.069644688487687,2.1130528451138004,4.1826975336014875,0.5051890145387511,0.005189014538751091,0.020756803369779402,0.020756803369779402,0.6930933278494669,-5.385271047841922e-05,0.34001767191526255,0.14995582021184362,2.0,1232.7224227862143,6.102092727411769,13.979226193698493,2.15,0.46872056509383164,5.0,123.0,,False,False,False,False,resistant-enriched,mixed,True,0.038286503882254734,0.9026800552717579,0.9731994472824217,0.038286503882254734,0.95,0.9,0.8,0.02,0.35,1.0,1.38,3.0,0.19952623149688797,2.0,1.0,0.7,2.15,i_hi,i,h_i,0.19952623149688797,2.0
0.5,0.6931471805599453,2.070510886123535,2.108921358003765,4.1794322441273,0.5045951782008432,0.0045951782008432085,0.01838123032417542,0.01838123032417542,0.6931049486400352,-4.2231919910040716e-05,0.3383588577021941,0.15410285574451477,2.0,1231.5545386666436,6.188753552104089,9.150007638907926,2.15,0.4457257682566934,5.0,88.0,,False,False,False,False,resistant-enriched,mixed,True,0.059350943102767596,0.9041545660171938,0.9584543398280627,0.059350943102767596,0.95,0.9,0.8,0.02,0.35,1.0,1.38,3.0,0.251188643150958,2.0,1.0,0.7,2.15,i_hi,i,h_i,0.251188643150958,2.0
0.5,0.6931471805599453,2.071847787114876,2.1025113979216843,4.17435918503656,0.5036728524604118,0.003672852460411824,0.014691674096662093,0.014691674096662204,0.6931202006269137,-2.6979933031578973e-05,0.33591184038009336,0.1602203990497666,2.0,1229.7397177292485,6.323148733471375,6.10756318363864,2.15,0.41449482226362916,5.0,63.0,,False,False,False,False,resistant-enriched,mixed,True,0.09090909090909091,0.9063636363636364,0.9363636363636364,0.09090909090909091,0.95,0.9,0.8,0.02,0.35,1.0,1.38,3.0,0.31622776601683794,2.0,1.0,0.7,2.15,i_hi,i,h_i,0.31622776601683794,2.0
0.5,0.6931471805599453,2.073883454720144,2.0926848261435747,4.166568280863719,0.5022562178459647,0.0022562178459647475,0.009024932639645976,0.009024932639645976,0.693136999487457,-1.0181072488291143e-05,0.3324331488680704,0.16891712782982404,2.0,1226.953197496892,6.529027590013174,4.194954041037078,2.15,0.3750208114775804,5.0,46.0,,False,False,False,False,resistant-enriched,mixed,True,0.13680688860321005,0.9095764822022248,0.904235177977753,0.13680688860321005,0.95,0.9,0.8,0.02,0.35,1.0,1.38,3.0,0.3981071705534973,2.0,1.0,0.7,2.15,i_hi,i,h_i,0.3981071705534973,2.0
0.5,0.6931471805599453,2.0769331030603557,2.0779030873331346,4.154836190393491,0.5001167295445993,0.00011672954459929219,0.0004669181868800807,0.0004669181868798587,0.693147153308372,-2.7251573331277257e-08,0.3277391142042215,0.18065221448944624,2.0,1222.7622381275992,6.838535678388033,2.9984607432382555,2.15,0.33134799759269556,4.0,34.0,,False,False,False,False,neutral,mixed,True,0.2007600089131018,0.9140532006239172,0.8594679937608287,0.2007600089131018,0.95,0.9,0.8,0.02,0.35,1.0,1.38,3.0,0.5011872336272724,2.0,1.0,0.7,2.15,i_hi,i,h_i,0.5011872336272724,2.0
0.5,0.6931471805599453,2.0813798467991202,2.056278298353746,4.137658145152866,0.49696669618842493,-0.003033303811575072,-0.012133364098772347,-0.012133364098772347,0.6931287785830408,-1.840197690450296e-05,0.32183191139624,0.19542022150939997,2.0,1216.6404420963368,7.2909431295624945,2.2578608736907992,2.15,0.28727031462680364,4.0,27.0,,False,False,False,False,susceptible-enriched,mixed,True,0.2847472489508015,0.9199323074265561,0.8006769257344389,0.2847472489508015,0.95,0.9,0.8,0.02,0.35,1.0,1.38,3.0,0.6309573444801934,2.0,1.0,0.7,2.15,i_hi,i,h_i,0.6309573444801934,2.0
0.5,0.6931471805599453,2.08765286761265,2.0259382384638274,4.113591106076477,0.49249869182942624,-0.007501308170573762,-0.030007484163918102,-0.030007484163918102,0.6930346370893312,-0.00011254347061406822,0.31501939765472625,0.2124515058631844,2.0,1208.0547683157206,7.925926478151744,1.80926928461868,2.15,0.24358318053972497,4.0,22.0,,False,False,False,False,susceptible-enriched,mixed,True,0.386863179846857,0.92708042258928,0.7291957741072002,0.386863179846857,0.95,0.9,0.8,0.02,0.35,1.0,1.38,3.0,0.7943282347242815,2.0,1.0,0.7,2.15,i_hi,i,h_i,0.7943282347242815,2.0
0.5,0.6931471805599453,2.096098007850193,1.9858217388575845,4.0819197467077775,0.48649210716580715,-0.013507892834192847,-0.05404472212509797,-0.05404472212509797,0.6927822098189301,-0.00036497074101515814,0.3079105564865327,0.23022360878366832,2.0,1196.7551619938977,8.768447369565557,1.5484362658035131,2.15,0.20499869561068434,3.0,19.0,,False,False,False,False,susceptible-enriched,mixed,True,0.5,0.935,0.65,0.5,0.95,0.9,0.8,0.02,0.35,1.0,1.38,3.0,1.0,2.0,1.0,0.7,2.15,i_hi,i,h_i,1.0,2.0
0.5,0.6931471805599453,2.10673767358165,1.9368074213483257,4.043545094929976,0.4789874666605805,-0.021012533339419492,-0.08409966634462562,-0.08409966634462562,0.6922638673338659,-0.0008833132260793741,0.29418812113127474,0.2645296971718132,3.0,1183.0489389998247,9.806813628696297,1.4072407316890787,2.15,0.17904476094328103,3.0,18.0,11.0,False,False,False,True,susceptible-enriched,mixed,True,0.6131368201531432,0.9429195774107201,0.5708042258927998,0.6131368201531432,0.95,0.9,0.8,0.02,0.35,1.0,1.38,3.0,1.2589254117941675,2.0,1.0,0.7,2.15,i_hi,i,h_i,1.2589254117941675,2.0
0.5,0.6931471805599453,2.1190049630377987,1.8824350360062088,4.001439999044008,0.4704394009296516,-0.029560599070348414,-0.11838045077298233,-0.11838045077298233,0.6913985029961729,-0.001748677563772394,0.2811018350565871,0.2972454123585323,3.0,1167.9999678971149,10.976121865809386,1.339424912804232,2.15,0.15930598622035072,3.0,18.0,11.0,False,False,False,True,susceptible-enriched,mixed,True,0.7152527510491987,0.9500676925734439,0.4993230742655609,0.7152527510491987,0.95,0.9,0.8,0.02,0.35,1.0,1.38,3.0,1.584893192461114,2.0,1.0,0.7,2.15,i_hi,i,h_i,1.584893192461114,2.0
0.5,0.6931471805599453,2.1317229551036174,1.8282134852499103,3.9599364403535278,0.4616774821483485,-0.03832251785165153,-0.1535912993937259,-0.15359129939372568,0.6902070672573455,-0.0029401133025998005,0.2713500878524042,0.32162478036898945,3.0,1153.1371175942772,12.166100782240179,1.3131124556171385,2.15,0.1468671520743986,2.0,19.0,12.0,False,False,False,True,susceptible-enriched,mixed,True,0.7992399910868984,0.9559467993760828,0.4405320062391712,0.7992399910868984,0.95,0.9,0.8,0.02,0.35,1.0,1.38,3.0,1.9952623149688797,2.0,1.0,0.7,2.15,i_hi,i,h_i,1.9952623149688797,2.0
0.5,0.6931471805599453,2.1435281241357345,1.7795646494605268,3.9230927735962613,0.45361268574569474,-0.046387314254305256,-0.18608437219537424,-0.18608437219537402,0.6888374197996334,-0.004309760760311865,0.26035773690901454,0.3491056577274637,4.0,1139.9105554623147,13.25831756801949,1.3073720660004642,2.15,0.13976794954033936,2.0,21.0,13.0,False,False,False,True,susceptible-enriched,mixed,True,0.8631931113967901,0.9604235177977754,0.39576482202224694,0.8631931113967901,0.95,0.9,0.8,0.02,0.35,1.0,1.38,3.0,2.511886431509581,2.0,1.0,0.7,2.15,i_hi,i,h_i,2.511886431509581,2.0
0.5,0.6931471805599453,2.15342853502576,1.7398518873075282,3.893280422333288,0.44688583882298794,-0.053114161177012065,-0.21326125209510036,-0.21326125209510036,0.6874942925550808,-0.00565288800486452,0.25166983316583214,0.3708254170854197,4.0,1129.1952253081859,14.169632260467614,1.3099486902417266,2.15,0.13496528690121318,2.0,22.0,13.0,False,False,False,True,susceptible-enriched,mixed,True,0.9090909090909091,0.9636363636363636,0.36363636363636365,0.9090909090909091,0.95,0.9,0.8,0.02,0.35,1.0,1.38,3.0,3.1622776601683795,2.0,1.0,0.7,2.15,i_hi,i,h_i,3.1622776601683795,2.0
0.5,0.6931471805599453,2.1610611620674747,1.709835247264531,3.8708964093320057,0.44171557862991084,-0.05828442137008916,-0.2342023605491229,-0.2342023605491229,0.6863375619511971,-0.00680961860874818,0.2460566618432839,0.3848583453917903,4.0,1121.1390014846124,14.87139405044611,1.3145994414771587,2.15,0.13179642999413116,2.0,24.0,14.0,False,False,False,True,susceptible-enriched,mixed,True,0.9406490568972324,0.9658454339828063,0.3415456601719373,0.9406490568972324,0.95,0.9,0.8,0.02,0.35,1.0,1.38,3.0,3.981071705534973,2.0,1.0,0.7,2.15,i_hi,i,h_i,3.981071705534973,2.0
0.5,0.6931471805599453,2.166581555008389,1.6884292925891105,3.8550108475974993,0.4379830198509986,-0.06201698014900142,-0.2493519210640275,-0.2493519210640275,0.6854351231498851,-0.007712057410060202,0.24246249633880962,0.393843759152976,4.0,1115.418729809328,15.379251688125079,1.3190357440689018,2.15,0.1297392461742157,2.0,25.0,14.0,False,False,False,True,susceptible-enriched,mixed,True,0.9617134961177453,0.9673199447282421,0.32680055271757835,0.9617134961177453,0.95,0.9,0.8,0.02,0.35,1.0,1.38,3.0,5.011872336272725,2.0,1.0,0.7,2.15,i_hi,i,h_i,5.011872336272725,2.0
0.5,0.6931471805599453,2.17039438943073,1.6737824276878497,3.8441768171185795,0.4354072425166023,-0.06459275748339771,-0.2598229052123359,-0.2598229052123357,0.6847793656411888,-0.008367814918756489,0.24017381790798575,0.3995654552300356,4.0,1111.5083328610726,15.730492683079005,1.3224722029617202,2.15,0.12841758081162186,2.0,25.0,14.0,False,False,False,True,susceptible-enriched,mixed,True,0.975496632449664,0.9682847642714765,0.3171523572852353,0.975496632449664,0.95,0.9,0.8,0.02,0.35,1.0,1.38,3.0,6.309573444801933,2.0,1.0,0.7,2.15,i_hi,i,h_i,6.309573444801933,2.0
0.5,0.6931471805599453,2.172946695219526,1.6640403188818973,3.8369870141014233,0.43368411536612816,-0.06631588463387184,-0.2668355982688192,-0.2668355982688194,0.6843256167824321,-0.008821563777513197,0.23872143369761328,0.4031964157559669,4.0,1108.912303146631,15.965844105292845,1.3248653033655242,2.1500000000000004,0.1275740722776292,2.0,26.0,14.0,False,False,False,True,susceptible-enriched,mixed,True,0.9843983377581705,0.9689078836430719,0.3109211635692807,0.9843983377581705,0.95,0.9,0.8,0.02,0.35,1.0,1.38,3.0,7.943282347242818,2.0,1.0,0.7,2.15,i_hi,i,h_i,7.943282347242818,2.0
0.5,0.6931471805599453,2.174619778958421,1.6576812679497523,3.8323010469081735,0.432555075308381,-0.067444924691619,-0.271434035626303,-0.271434035626303,0.684021753059284,-0.009125427500661254,0.23760471003100445,0.40598822492248887,5.0,1107.2210760966723,16.120230359989964,1.326469315930133,2.15,0.12703799193524326,2.0,26.0,14.0,False,False,False,True,susceptible-enriched,mixed,True,0.9900990099009901,0.9693069306930693,0.306930693069307,0.9900990099009901,0.95,0.9,0.8,0.02,0.35,1.0,1.38,3.0,10.0,2.0,1.0,0.7,2.15,i_hi,i,h_i,10.0,2.0
0.5,0.6931471805599453,2.06830169866802,2.119425708180621,4.187727406848641,0.5061040278587609,0.006104027858760852,0.024417324508463817,0.024417324508463928,0.693072660396641,-7.452016330433686e-05,0.34271265623938596,0.14321835940153516,2.0,1234.5207200039945,5.968371802456946,84.66113192605599,2.15,0.5132338146259323,6.0,,,False,False,False,False,resistant-enriched,mixed,True,0.004620144024698061,0.9003234100817289,0.9967658991827114,0.004620144024698061,0.95,0.9,0.8,0.02,0.35,1.0,1.38,3.0,0.1,2.333333333333333,1.0,0.7,2.15,i_hi,i,h_i,0.1,2.333333333333333
0.5,0.6931471805599453,2.0684295181185584,2.118820317100796,4.187249835219355,0.5060171712896608,0.006017171289660839,0.024069847178614844,0.024069847178614844,0.6930747661113195,-7.24144486258238e-05,0.34244930544049834,0.1438767363987542,2.0,1234.3500392112521,5.981072567217047,60.17632660612385,2.15,0.507607510733029,6.0,,,False,False,False,False,resistant-enriched,mixed,True,0.007880683850330292,0.9005516478695231,0.9944835213047688,0.007880683850330292,0.95,0.9,0.8,0.02,0.35,1.0,1.38,3.0,0.12589254117941673,2.333333333333333,1.0,0.7,2.15,i_hi,i,h_i,0.12589254117941673,2.333333333333333
0.5,0.6931471805599453,2.06864650632319,2.1177872499644943,4.186433756287684,0.505869045887505,0.005869045887505031,0.023477261843919482,0.023477261843919482,0.6930782875785906,-6.889298135470678e-05,0.3420035417668872,0.14499114558278203,2.0,1234.0584168487694,6.002739787980813,38.51818515964353,2.15,0.4983573216690902,5.0,268.0,,False,False,False,False,resistant-enriched,mixed,True,0.013411257127919733,0.9009387879989544,0.9906121200104562,0.013411257127919733,0.95,0.9,0.8,0.02,0.35,1.0,1.38,3.0,0.15848931924611134,2.333333333333333,1.0,0.7,2.15,i_hi,i,h_i,0.15848931924611134,2.333333333333333
0.5,0.6931471805599453,2.069017128986847,2.1160303987011804,4.1850475276880275,0.505616814313732,0.005616814313731955,0.02246820240726646,0.02246820240726646,0.6930840820267226,-6.30985332227274e-05,0.3412558229774219,0.14686044255644526,2.0,1233.5628242734751,6.039606155290529,23.26755855629549,2.1499999999999995,0.486917817006684,5.0,182.0,,False,False,False,False,resistant-enriched,mixed,True,0.022734184192685785,0.901591392893488,0.9840860710651199,0.022734184192685785,0.95,0.9,0.8,0.02,0.35,1.0,1.38,3.0,0.19952623149688797,2.333333333333333,1.0,0.7,2.15,i_hi,i,h_i,0.19952623149688797,2.333333333333333
0.5,0.6931471805599453,2.069644688487687,2.113052845113799,4.182697533601486,0.505189014538751,0.00518901453875098,0.02075680336977875,0.02075680336977875,0.6930933278494669,-5.385271047841922e-05,0.34001767191526255,0.14995582021184362,2.0,1232.7224227862139,6.10209272741177,13.979226193698489,2.15,0.46872056509383153,5.0,123.0,,False,False,False,False,resistant-enriched,mixed,True,0.03828650388225475,0.9026800552717579,0.9731994472824217,0.03828650388225475,0.95,0.9,0.8,0.02,0.35,1.0,1.38,3.0,0.251188643150958,2.333333333333333,1.0,0.7,2.15,i_hi,i,h_i,0.251188643150958,2.333333333333333
0.5,0.6931471805599453,2.0706954592774593,2.1080369358829762,4.178732395160436,0.5044680387584478,0.004468038758447812,0.017872630774518408,0.017872630774518852,0.6931072532878528,-3.9927272092454835e-05,0.338012363020291,0.1549690924492726,2.0,1231.3042320731429,6.207295467020751,8.540429748462072,2.1499999999999995,0.4411147970058454,5.0,83.0,,False,False,False,False,resistant-enriched,mixed,True,0.06378367566893509,0.9044648572968255,0.9553514270317455,0.06378367566893509,0.95,0.9,0.8,0.02,0.35,1.0,1.38,3.0,0.31622776601683794,2.333333333333333,1.0,0.7,2.15,i_hi,i,h_i,0.31622776601683794,2.333333333333333
0.5,0.6931471805599453,2.072435147139333,2.099683155679246,4.172118302818579,0.5032654884835726,0.003265488483572554,0.013062139652424514,0.013062139652424514,0.6931258535782588,-2.1326981686442537e-05,0.3348782616995741,0.16280434575106484,2.0,1228.9380910316745,6.382420586203042,5.368890196014969,2.1500000000000004,0.402195073375372,5.0,57.0,,False,False,False,False,resistant-enriched,mixed,True,0.10441727916673242,0.9073092095416713,0.9269079045832873,0.10441727916673242,0.95,0.9,0.8,0.02,0.35,1.0,1.38,3.0,0.3981071705534973,2.333333333333333,1.0,0.7,2.15,i_hi,i,h_i,0.3981071705534973,2.333333333333333
0.5,0.6931471805599453,2.0752602532832136,2.0860263440711244,4.161286597354338,0.5012936012139557,0.0012936012139557196,0.005174416401029713,0.005174416401029824,0.6931438337480101,-3.3468119351454106e-06,0.33024405370348475,0.17438986574128812,2.0,1225.0652409327647,6.668493456547683,3.5262618367851766,2.15,0.35278215545643626,5.0,40.0,,False,False,False,False,resistant-enriched,mixed,True,0.16633753081656197,0.9116436271571594,0.8835637284284066,0.16633753081656197,0.95,0.9,0.8,0.02,0.35,1.0,1.38,3.0,0.5011872336272724,2.333333333333333,1.0,0.7,2.15,i_hi,i,h_i,0.5011872336272724,2.333333333333333
0.5,0.6931471805599453,2.079715966195151,2.0643695360337846,4.144085502228936,0.49814839363797964,-0.0018516063620203638,-0.007406459305067301,-0.007406459305067745,0.6931403236520332,-6.856907912133892e-06,0.3239237919303802,0.19019052017404958,2.0,1218.9298374538025,7.1217004086601765,2.4657012729364123,2.15,0.3021659773764588,4.0,29.0,,False,False,False,False,susceptible-enriched,mixed,True,0.2545407159009288,0.917817850113065,0.8218214988693499,0.2545407159009288,0.95,0.9,0.8,0.02,0.35,1.0,1.38,3.0,0.6309573444801934,2.333333333333333,1.0,0.7,2.15,i_hi,i,h_i,0.6309573444801934,2.333333333333333
0.5,0.6931471805599453,2.086463505158903,2.031662988013253,4.118126493172156,0.4933464261920428,-0.006653573807957225,-0.026615866353470397,-0.026615866353470175,0.6930586378578085,-8.854270213676241e-05,0.31619467430331705,0.20951331424170738,2.0,1209.6747622606076,7.806021840268585,1.868726865887753,2.1500000000000004,0.250628919728712,4.0,23.0,,False,False,False,False,susceptible-enriched,mixed,True,0.36882291180490384,0.9258176038263433,0.7418239617365674,0.36882291180490384,0.95,0.9,0.8,0.02,0.35,1.0,1.38,3.0,0.7943282347242815,2.333333333333333,1.0,0.7,2.15,i_hi,i,h_i,0.7943282347242815,2.333333333333333
0.5,0.6931471805599453,2.096098007850193,1.9858217388575845,4.0819197467077775,0.48649210716580715,-0.013507892834192847,-0.05404472212509797,-0.05404472212509797,0.6927822098189301,-0.00036497074101515814,0.3079105564865327,0.23022360878366832,2.0,1196.7551619938977,8.768447369565557,1.5484362658035131,2.15,0.20499869561068434,3.0,19.0,,False,False,False,False,susceptible-enriched,mixed,True,0.5,0.935,0.65,0.5,0.95,0.9,0.8,0.02,0.35,1.0,1.38,3.0,1.0,2.333333333333333,1.0,0.7,2.15,i_hi,i,h_i,1.0,2.333333333333333
0.5,0.6931471805599453,2.108693624146833,1.9279835178417306,4.036677141988564,0.4776164776190051,-0.02238352238099489,-0.08959397295448886,-0.08959397295448908,0.6921448014454987,-0.001002379114446561,0.29177012146555253,0.27057469633611875,3.0,1180.5952318164655,9.995157119534236,1.3918568500172086,2.1500000000000004,0.17532424035470642,3.0,18.0,11.0,False,False,False,True,susceptible-enriched,mixed,True,0.6311770881950962,0.9441823961736567,0.5581760382634327,0.6311770881950962,0.95,0.9,0.8,0.02,0.35,1.0,1.38,3.0,1.2589254117941675,2.333333333333333,1.0,0.7,2.15,i_hi,i,h_i,1.2589254117941675,2.333333333333333
0.5,0.6931471805599453,2.1232637561933583,1.864051921060277,3.987315677253635,0.4674954460450922,-0.03250455395490781,-0.1302018419737274,-0.1302018419737276,0.6910325975965296,-0.002114582963415712,0.27749589606516933,0.3062602598370767,3.0,1162.9385259408123,11.376664068778629,1.327292896258642,2.1500000000000004,0.1540399010087887,3.0,18.0,12.0,False,False,False,True,susceptible-enriched,mixed,True,0.7454592840990715,0.9521821498869351,0.47817850113064997,0.7454592840990715,0.95,0.9,0.8,0.02,0.35,1.0,1.38,3.0,1.584893192461114,2.333333333333333,1.0,0.7,2.15,i_hi,i,h_i,1.584893192461114,2.333333333333333
0.5,0.6931471805599453,2.1378152803807637,1.80291913126223,3.9407344116429934,0.45750840907610074,-0.04249159092389926,-0.17037731965250566,-0.17037731965250566,0.6895317507456336,-0.0036154298143117325,0.26630162353887854,0.3342459411528037,4.0,1146.2430765434256,12.730885634929749,1.308644297680353,2.15,0.1429851810254547,2.0,20.0,12.0,False,False,False,True,susceptible-enriched,mixed,True,0.8336624691834381,0.9583563728428407,0.41643627157159335,0.8336624691834381,0.95,0.9,0.8,0.02,0.35,1.0,1.38,3.0,1.9952623149688797,2.333333333333333,1.0,0.7,2.15,i_hi,i,h_i,1.9952623149688797,2.333333333333333
0.5,0.6931471805599453,2.1503751689084565,1.7520008102149354,3.902375979123392,0.4489574606823239,-0.051042539317676106,-0.20488386911789574,-0.20488386911789563,0.6879274105798936,-0.005219769980051692,0.25416021262834865,0.3645994684291284,4.0,1132.4701630334364,13.888815027473061,1.3086333502614504,2.15,0.1363544326570451,2.0,22.0,13.0,False,False,False,True,susceptible-enriched,mixed,True,0.8955827208332677,0.9626907904583287,0.3730920954167126,0.8955827208332677,0.95,0.9,0.8,0.02,0.35,1.0,1.38,3.0,2.511886431509581,2.333333333333333,1.0,0.7,2.15,i_hi,i,h_i,2.511886431509581,2.333333333333333
0.5,0.6931471805599453,2.1599439489631225,1.7141954943481714,3.874139443311294,0.4424712944464949,-0.05752870555350509,-0.2311384007543985,-0.2311384007543985,0.686513394569436,-0.006633785990509233,0.2468282635606775,0.38292934109830634,4.0,1122.305528508767,14.768716439299107,1.3138081915527826,2.15,0.13223517911324012,2.0,24.0,14.0,False,False,False,True,susceptible-enriched,mixed,True,0.9362163243310649,0.9655351427031745,0.3446485729682546,0.9362163243310649,0.95,0.9,0.8,0.02,0.35,1.0,1.38,3.0,3.1622776601683795,2.333333333333333,1.0,0.7,2.15,i_hi,i,h_i,3.1622776601683795,2.333333333333333
0.5,0.6931471805599453,2.166581555008389,1.6884292925891105,3.8550108475974993,0.4379830198509986,-0.06201698014900142,-0.2493519210640275,-0.2493519210640275,0.6854351231498851,-0.007712057410060202,0.24246249633880962,0.393843759152976,4.0,1115.418729809328,15.379251688125079,1.3190357440689018,2.15,0.1297392461742157,2.0,25.0,14.0,False,False,False,True,susceptible-enriched,mixed,True,0.9617134961177453,0.9673199447282421,0.32680055271757835,0.9617134961177453,0.95,0.9,0.8,0.02,0.35,1.0,1.38,3.0,3.981071705534973,2.333333333333333,1.0,0.7,2.15,i_hi,i,h_i,3.981071705534973,2.333333333333333
0.5,0.6931471805599453,2.1708958987646345,1.6718641523545006,3.842760051119135,0.43506857834321455,-0.06493142165678545,-0.2612006761542488,-0.261200676154249,0.6846911396378783,-0.008456040922066976,0.23988357048059633,0.40029107379850926,4.0,1110.9967272067504,15.776724586528374,1.3229375927007871,2.15,0.12824931082410337,2.0,25.0,14.0,False,False,False,True,susceptible-enriched,mixed,True,0.9772658158073142,0.968408607106512,0.31591392893488013,0.9772658158073142,0.95,0.9,0.8,0.02,0.35,1.0,1.38,3.0,5.011872336272725,2.333333333333333,1.0,0.7,2.15,i_hi,i,h_i,5.011872336272725,2.333333333333333
0.5,0.6931471805599453,2.1735861245968593,1.6616083315228585,3.8351944561197175,0.43325269436376934,-0.06674730563623066,-0.26859238778099553,-0.26859238778099553,0.6842101193579804,-0.008937061201964913,0.2383670954800457,0.4040822612998858,4.0,1108.265234630901,16.024819190804408,1.325474533032546,2.1499999999999995,0.12736771341857292,2.0,26.0,14.0,False,False,False,True,susceptible-enriched,mixed,True,0.9865887428720803,0.9690612120010457,0.30938787998954387,0.9865887428720803,0.95,0.9,0.8,0.02,0.35,1.0,1.38,3.0,6.309573444801933,2.333333333333333,1.0,0.7,2.15,i_hi,i,h_i,6.309573444801933,2.333333333333333
0.5,0.6931471805599453,2.175219232307675,1.6554040145303854,3.8306232468380603,0.4321500465744883,-0.0678499534255117,-0.27308435934611813,-0.27308435934611813,0.6839114802736728,-0.009235700286272519,0.23706565412897884,0.4073358646775529,5.0,1106.6158219136396,16.175653023697173,1.3270528049791839,2.1500000000000004,0.12684876991859154,2.0,26.0,14.0,False,False,False,True,susceptible-enriched,mixed,True,0.9921193161496697,0.9694483521304769,0.30551647869523124,0.9921193161496697,0.95,0.9,0.8,0.02,0.35,1.0,1.38,3.0,7.943282347242818,2.333333333333333,1.0,0.7,2.15,i_hi,i,h_i,7.943282347242818,2.333333333333333
0.5,0.6931471805599453,2.176196257449695,1.651704112078045,3.8279003695277396,0.4314908834165454,-0.0685091165834546,-0.2757709666240726,-0.2757709666240726,0.6837305877227762,-0.009416592837169113,0.2362007902806988,0.4094980242982531,5.0,1105.633563257049,16.26589145633759,1.3280127377986741,2.15,0.1265442266770624,2.0,26.0,14.0,False,False,False,True,susceptible-enriched,mixed,True,0.995379855975302,0.9696765899182711,0.30323410081728863,0.995379855975302,0.95,0.9,0.8,0.02,0.35,1.0,1.38,3.0,10.0,2.333333333333333,1.0,0.7,2.15,i_hi,i,h_i,10.0,2.333333333333333
0.5,0.6931471805599453,2.0682033321691935,2.1198812973832744,4.188084629552468,0.5061696419467535,0.006169641946753512,0.02467982040397267,0.024679820403972447,0.6930710496644523,-7.613089549296514e-05,0.3429123658103751,0.1427190854740623,2.0,1234.6485722507084,5.958786620483577,114.9409785974417,2.15,0.5175559120691826,6.0,,,False,False,False,False,resistant-enriched,mixed,True,0.002149803079700241,0.900150486215579,0.9984951378442098,0.002149803079700241,0.95,0.9,0.8,0.02,0.35,1.0,1.38,3.0,0.1,2.6666666666666665,1.0,0.7,2.15,i_hi,i,h_i,0.1,2.6666666666666665
0.5,0.6931471805599453,2.0682760290427127,2.1195469436169505,4.187822972659664,0.5061214281153908,0.006121428115390848,0.02448693593923912,0.02448693593923912,0.6930722349233001,-7.494563664522946e-05,0.34276561066779654,0.14308597333050865,2.0,1234.5548801328034,5.965827241281799,91.42803073464367,2.15,0.514374587214592,6.0,,,False,False,False,False,resistant-enriched,mixed,True,0.003965285619152202,0.9002775699933406,0.9972243000665935,0.003965285619152202,0.95,0.9,0.8,0.02,0.35,1.0,1.38,3.0,0.12589254117941673,2.6666666666666665,1.0,0.7,2.15,i_hi,i,h_i,0.12589254117941673,2.6666666666666665
0.5,0.6931471805599453,2.0684067011238847,2.1189276917781434,4.187334392902028,0.5060325956699203,0.006032595669920315,0.02413155365924652,0.02413155365924652,0.6930743943729516,-7.278618699368966e-05,0.3424959508843488,0.14376012278912798,2.0,1234.3802770178672,5.9788173171178745,63.625752085089005,2.1499999999999995,0.508598395743428,6.0,,,False,False,False,False,resistant-enriched,mixed,True,0.007302700791854772,0.9005111890554298,0.9948881094457016,0.007302700791854772,0.95,0.9,0.8,0.02,0.35,1.0,1.38,3.0,0.15848931924611134,2.6666666666666665,1.0,0.7,2.15,i_hi,i,h_i,0.15848931924611134,2.6666666666666665
0.5,0.6931471805599453,2.06864650632319,2.1177872499644943,4.186433756287684,0.505869045887505,0.005869045887505031,0.023477261843919482,0.023477261843919482,0.6930782875785906,-6.889298135470678e-05,0.3420035417668872,0.14499114558278203,2.0,1234.0584168487694,6.002739787980813,38.51818515964353,2.15,0.4983573216690902,5.0,268.0,,False,False,False,False,resistant-enriched,mixed,True,0.013411257127919733,0.9009387879989544,0.9906121200104562,0.013411257127919733,0.95,0.9,0.8,0.02,0.35,1.0,1.38,3.0,0.19952623149688797,2.6666666666666665,1.0,0.7,2.15,i_hi,i,h_i,0.19952623149688797,2.6666666666666665
0.5,0.6931471805599453,2.0690884710697466,2.115695082207065,4.184783553276811,0.5055685808529838,0.00556858085298384,0.02227524442255973,0.02227524442255973,0.6930851610923641,-6.201946758122023e-05,0.3411143636997027,0.1472140907507432,2.0,1233.468379798544,6.046651505892277,21.6236757003073,2.15,0.4847928619196314,5.0,172.0,,False,False,False,False,resistant-enriched,mixed,True,0.024503367550335994,0.9017152357285235,0.9828476427147648,0.024503367550335994,0.95,0.9,0.8,0.02,0.35,1.0,1.38,3.0,0.251188643150958,2.6666666666666665,1.0,0.7,2.15,i_hi,i,h_i,0.251188643150958,2.6666666666666665
0.5,0.6931471805599453,2.069891353124139,2.111873198271973,4.181764551396112,0.5050196328167039,0.005019632816703923,0.02007920585827971,0.02007920585827971,0.693096786286183,-5.039427376229977e-05,0.3395375208595578,0.15115619785110557,2.0,1232.3888509531096,6.126825579257778,12.11662861418644,2.15,0.4619049317556928,5.0,110.0,,False,False,False,False,resistant-enriched,mixed,True,0.04435701794430148,0.9031049912561011,0.9689500874389889,0.04435701794430148,0.95,0.9,0.8,0.02,0.35,1.0,1.38,3.0,0.31622776601683794,2.6666666666666665,1.0,0.7,2.15,i_hi,i,h_i,0.31622776601683794,2.6666666666666665
0.5,0.6931471805599453,2.071336368003888,2.104962592537685,4.176298960541573,0.5040258402058263,0.004025840205826303,0.01610370882809361,0.01610370882809361,0.6931147654309713,-3.2415128974006e-05,0.3368303285856058,0.1579241785359855,2.0,1230.4337745635498,6.271748448286023,6.969823599679903,2.15,0.4258593761870326,5.0,70.0,,False,False,False,False,resistant-enriched,mixed,True,0.07899428263617199,0.9055295997845321,0.9447040021546796,0.07899428263617199,0.95,0.9,0.8,0.02,0.35,1.0,1.38,3.0,0.3981071705534973,2.6666666666666665,1.0,0.7,2.15,i_hi,i,h_i,0.3981071705534973,2.6666666666666665
0.5,0.6931471805599453,2.073883454720144,2.0926848261435747,4.166568280863719,0.5022562178459647,0.0022562178459647475,0.009024932639645976,0.009024932639645976,0.693136999487457,-1.0181072488291143e-05,0.3324331488680704,0.16891712782982404,2.0,1226.953197496892,6.529027590013174,4.194954041037078,2.15,0.3750208114775804,5.0,46.0,,False,False,False,False,resistant-enriched,mixed,True,0.13680688860321005,0.9095764822022248,0.904235177977753,0.13680688860321005,0.95,0.9,0.8,0.02,0.35,1.0,1.38,3.0,0.5011872336272724,2.6666666666666665,1.0,0.7,2.15,i_hi,i,h_i,0.5011872336272724,2.6666666666666665
0.5,0.6931471805599453,2.0782397253186837,2.071554077733117,4.149793803051801,0.49919446026683906,-0.0008055397331609426,-0.0032221617204354204,-0.0032221617204353094,0.6931458827708605,-1.297789084753198e-06,0.32589666242238474,0.18525834394403817,2.0,1220.9638624165755,6.971407784576707,2.7105942562892302,2.15,0.3169180900057436,4.0,32.0,,False,False,False,False,neutral,mixed,True,0.22652371251959857,0.9158566598763719,0.841433401236281,0.22652371251959857,0.95,0.9,0.8,0.02,0.35,1.0,1.38,3.0,0.6309573444801934,2.6666666666666665,1.0,0.7,2.15,i_hi,i,h_i,0.6309573444801934,2.6666666666666665
0.5,0.6931471805599453,2.085335439319235,2.0371156557741545,4.122451095093389,0.49415156390788095,-0.005848436092119047,-0.023394811341961298,-0.023394811341960853,0.6930787705905093,-6.840996943602295e-05,0.3173581001065702,0.20660474973357457,2.0,1211.2185889810282,7.691898101210088,1.9337143847493141,2.15,0.25779731740429374,4.0,23.0,,False,False,False,False,susceptible-enriched,mixed,True,0.3511421146245642,0.9245799480237195,0.7542005197628051,0.3511421146245642,0.95,0.9,0.8,0.02,0.35,1.0,1.38,3.0,0.7943282347242815,2.6666666666666665,1.0,0.7,2.15,i_hi,i,h_i,0.7943282347242815,2.6666666666666665
0.5,0.6931471805599453,2.096098007850193,1.9858217388575845,4.0819197467077775,0.48649210716580715,-0.013507892834192847,-0.05404472212509797,-0.05404472212509797,0.6927822098189301,-0.00036497074101515814,0.3079105564865327,0.23022360878366832,2.0,1196.7551619938977,8.768447369565557,1.5484362658035131,2.15,0.20499869561068434,3.0,19.0,,False,False,False,False,susceptible-enriched,mixed,True,0.5,0.935,0.65,0.5,0.95,0.9,0.8,0.02,0.35,1.0,1.38,3.0,1.0,2.6666666666666665,1.0,0.7,2.15,i_hi,i,h_i,1.0,2.6666666666666665
0.5,0.6931471805599453,2.1106935724607436,1.919030990516526,4.02972456297727,0.47621889797318895,-0.023781102026811052,-0.09519623460263951,-0.09519623460263951,0.6920156720978301,-0.0011315084621151827,0.28944587551314027,0.2763853112171494,3.0,1178.1128897769195,10.186785409199869,1.3783074032916676,2.1499999999999995,0.17177911625670136,3.0,18.0,11.0,False,False,False,True,susceptible-enriched,mixed,True,0.648857885375436,0.9454200519762805,0.5457994802371948,0.648857885375436,0.95,0.9,0.8,0.02,0.35,1.0,1.38,3.0,1.2589254117941675,2.6666666666666665,1.0,0.7,2.15,i_hi,i,h_i,1.2589254117941675,2.6666666666666665
0.5,0.6931471805599453,2.127520751695644,1.8459080511284258,3.9734288028240696,0.46456301162775776,-0.03543698837224224,-0.14198601039580025,-0.14198601039580025,0.6906335133889867,-0.002513667170958578,0.27425159185944603,0.314371020351385,3.0,1157.968122983596,11.774831099345985,1.3187684408688036,2.15,0.1498691456614403,2.0,18.0,12.0,False,False,False,True,susceptible-enriched,mixed,True,0.7734762874804016,0.9541433401236281,0.45856659876371886,0.7734762874804016,0.95,0.9,0.8,0.02,0.35,1.0,1.38,3.0,1.584893192461114,2.6666666666666665,1.0,0.7,2.15,i_hi,i,h_i,1.584893192461114,2.6666666666666665
0.5,0.6931471805599453,2.1435281241357065,1.7795646494605029,3.9230927735962093,0.45361268574569463,-0.04638731425430537,-0.18608437219537466,-0.18608437219537444,0.6888374197996333,-0.004309760760311976,0.26035773690901454,0.3491056577274637,4.0,1139.9105554622997,13.258317568019487,1.3073720660004589,2.15,0.13976794954033964,2.0,21.0,13.0,False,False,False,True,susceptible-enriched,mixed,True,0.86319311139679,0.9604235177977754,0.39576482202224705,0.86319311139679,0.95,0.9,0.8,0.02,0.35,1.0,1.38,3.0,1.9952623149688797,2.6666666666666665,1.0,0.7,2.15,i_hi,i,h_i,1.9952623149688797,2.6666666666666665
0.5,0.6931471805599453,2.1562250313656723,1.728795377910664,3.8850204092763363,0.44499003757683914,-0.05500996242316086,-0.22093416944947114,-0.22093416944947114,0.6870827194501339,-0.006064461109811403,0.2495174512907986,0.37620637177300353,4.0,1126.2206488156885,14.426776731718478,1.3114456039321278,2.1500000000000004,0.13375642946454902,2.0,23.0,13.0,False,False,False,True,susceptible-enriched,mixed,True,0.9210057173638281,0.9644704002154679,0.3552959978453204,0.9210057173638281,0.95,0.9,0.8,0.02,0.35,1.0,1.38,3.0,2.511886431509581,2.6666666666666665,1.0,0.7,2.15,i_hi,i,h_i,2.511886431509581,2.6666666666666665
0.5,0.6931471805599453,2.164953092212743,1.6947164619751451,3.859669554187888,0.439083304459656,-0.06091669554034401,-0.24488324703629707,-0.24488324703629707,0.6857070225990562,-0.007440157960889038,0.24348616867798573,0.3912845783050357,4.0,1117.0981183128506,15.229411994706286,1.3176452156142417,2.15,0.13032743541711814,2.0,24.0,14.0,False,False,False,True,susceptible-enriched,mixed,True,0.9556429820556985,0.9668950087438989,0.331049912561011,0.9556429820556985,0.95,0.9,0.8,0.02,0.35,1.0,1.38,3.0,3.1622776601683795,2.6666666666666665,1.0,0.7,2.15,i_hi,i,h_i,3.1622776601683795,2.6666666666666665
0.5,0.6931471805599453,2.17039438943073,1.6737824276878497,3.8441768171185795,0.4354072425166023,-0.06459275748339771,-0.2598229052123359,-0.2598229052123357,0.6847793656411888,-0.008367814918756489,0.24017381790798575,0.3995654552300356,4.0,1111.5083328610726,15.730492683079005,1.3224722029617202,2.15,0.12841758081162186,2.0,25.0,14.0,False,False,False,True,susceptible-enriched,mixed,True,0.975496632449664,0.9682847642714765,0.3171523572852353,0.975496632449664,0.95,0.9,0.8,0.02,0.35,1.0,1.38,3.0,3.981071705534973,2.6666666666666665,1.0,0.7,2.15,i_hi,i,h_i,3.981071705534973,2.6666666666666665
0.5,0.6931471805599453,2.1735861245968593,1.6616083315228585,3.8351944561197175,0.43325269436376934,-0.06674730563623066,-0.26859238778099553,-0.26859238778099553,0.6842101193579804,-0.008937061201964913,0.2383670954800457,0.4040822612998858,4.0,1108.265234630901,16.024819190804408,1.325474533032546,2.1499999999999995,0.12736771341857292,2.0,26.0,14.0,False,False,False,True,susceptible-enriched,mixed,True,0.9865887428720803,0.9690612120010457,0.30938787998954387,0.9865887428720803,0.95,0.9,0.8,0.02,0.35,1.0,1.38,3.0,5.011872336272725,2.6666666666666665,1.0,0.7,2.15,i_hi,i,h_i,5.011872336272725,2.6666666666666665
0.5,0.6931471805599453,2.1753915097919347,1.6547503415785503,3.830141851370485,0.432033696346378,-0.067966303653622,-0.27355850640389107,-0.2735585064038913,0.6838796792629065,-0.009267501297038794,0.2369118841380597,0.40772028965485085,5.0,1106.4421700036423,16.191577477948357,1.3272212796759018,2.15,0.12679470925816771,2.0,26.0,14.0,False,False,False,True,susceptible-enriched,mixed,True,0.9926972992081452,0.9694888109445702,0.30511189055429844,0.9926972992081452,0.95,0.9,0.8,0.02,0.35,1.0,1.38,3.0,6.309573444801933,2.6666666666666665,1.0,0.7,2.15,i_hi,i,h_i,6.309573444801933,2.6666666666666665
0.5,0.6931471805599453,2.176394125003274,1.6509574421271729,3.8273515671304468,0.4313576668278155,-0.06864233317218449,-0.2763140486376209,-0.2763140486376209,0.6836938142820143,-0.00945336627793103,0.2360278445547762,0.4099303886130595,5.0,1105.4355540878776,16.28413494930907,1.3282085083255415,2.1500000000000004,0.12648318577491013,2.0,26.0,14.0,False,False,False,True,susceptible-enriched,mixed,True,0.9960347143808478,0.9697224300066594,0.3027756999334066,0.9960347143808478,0.95,0.9,0.8,0.02,0.35,1.0,1.38,3.0,7.943282347242818,2.6666666666666665,1.0,0.7,2.15,i_hi,i,h_i,7.943282347242818,2.6666666666666665
0.5,0.6931471805599453,2.1769435527129954,1.648879728459005,3.8258232811720005,0.43098690328265454,-0.06901309671734546,-0.2778257481125053,-0.2778257481125053,0.6835910868739548,-0.00955609368599053,0.23554969838233458,0.4111257540441636,5.0,1104.8843307216914,16.334922878801063,1.3287561198250577,2.15,0.12631417784505033,2.0,26.0,14.0,False,False,False,True,susceptible-enriched,mixed,True,0.9978501969202997,0.969849513784421,0.3015048621557902,0.9978501969202997,0.95,0.9,0.8,0.02,0.35,1.0,1.38,3.0,10.0,2.6666666666666665,1.0,0.7,2.15,i_hi,i,h_i,10.0,2.6666666666666665
0.5,0.6931471805599453,2.068159401065543,2.1200943854939505,4.1882537865594935,0.5062000761027271,0.006200076102727103,0.024801575657666785,0.024801575657666785,0.69307029670219,-7.688385775528328e-05,0.343005572638062,0.14248606840484512,2.0,1234.7089299138604,5.954329103022114,134.53254434589581,2.1500000000000004,0.5195871646722695,6.0,,,False,False,False,False,resistant-enriched,mixed,True,0.0009990009990009994,0.9000699300699301,0.9993006993006993,0.0009990009990009994,0.95,0.9,0.8,0.02,0.35,1.0,1.38,3.0,0.1,3.0,1.0,0.7,2.15,i_hi,i,h_i,0.1,3.0
0.5,0.6931471805599453,2.0681971311118046,2.1199105580362057,4.18810768914801,0.5061738415965757,0.0061738415965757465,0.024696621563112958,0.024696621563112735,0.6930709459825695,-7.623457737582218e-05,0.3429252003809695,0.1426869990475762,2.0,1234.6568149831828,5.958172411939317,117.39248133980158,2.15,0.5178350336641007,6.0,,,False,False,False,False,resistant-enriched,mixed,True,0.00199128917072832,0.900139390241951,0.9986060975804901,0.00199128917072832,0.95,0.9,0.8,0.02,0.35,1.0,1.38,3.0,0.12589254117941673,3.0,1.0,0.7,2.15,i_hi,i,h_i,0.12589254117941673,3.0
0.5,0.6931471805599453,2.0682760290427122,2.119546943616951,4.187822972659664,0.506121428115391,0.006121428115390959,0.024486935939239552,0.024486935939239552,0.6930722349233001,-7.494563664522946e-05,0.34276561066779654,0.14308597333050865,2.0,1234.5548801328034,5.9658272412818,91.42803073464377,2.15,0.5143745872145921,6.0,,,False,False,False,False,resistant-enriched,mixed,True,0.0039652856191522,0.9002775699933406,0.9972243000665935,0.0039652856191522,0.95,0.9,0.8,0.02,0.35,1.0,1.38,3.0,0.15848931924611134,3.0,1.0,0.7,2.15,i_hi,i,h_i,0.15848931924611134,3.0
0.5,0.6931471805599453,2.0684295181185584,2.118820317100795,4.187249835219353,0.5060171712896607,0.006017171289660728,0.024069847178614195,0.024069847178614195,0.6930747661113195,-7.24144486258238e-05,0.34244930544049834,0.1438767363987542,2.0,1234.350039211252,5.981072567217047,60.17632660612399,2.15,0.5076075107330291,6.0,,,False,False,False,False,resistant-enriched,mixed,True,0.007880683850330288,0.9005516478695231,0.9944835213047688,0.007880683850330288,0.95,0.9,0.8,0.02,0.35,1.0,1.38,3.0,0.19952623149688797,3.0,1.0,0.7,2.15,i_hi,i,h_i,0.19952623149688797,3.0
0.5,0.6931471805599453,2.0687332605259807,2.1173763810121735,4.186109641538154,0.5058100628807609,0.005810062880760913,0.02324129763077772,0.02324129763077794,0.6930796653791416,-6.751518080372332e-05,0.3418274965865046,0.14543125853373862,2.0,1233.9425471468583,6.011362148454094,33.45684886928099,2.15,0.49563268042081843,5.0,240.0,,False,False,False,False,resistant-enriched,mixed,True,0.015601662241829602,0.9010921163569281,0.9890788364307193,0.015601662241829602,0.95,0.9,0.8,0.02,0.35,1.0,1.38,3.0,0.251188643150958,3.0,1.0,0.7,2.15,i_hi,i,h_i,0.251188643150958,3.0
0.5,0.6931471805599453,2.0693354382121796,2.114521806245354,4.183857244457533,0.5054000848251974,0.005400084825197382,0.021601179207148755,0.021601179207148533,0.6930888575938418,-5.832296610353005e-05,0.3406238500184622,0.14844037495384454,2.0,1233.137171004648,6.071268495398411,17.367630199589065,2.15,0.4775168066464338,5.0,146.0,,False,False,False,False,resistant-enriched,mixed,True,0.03065343003171551,0.9021457401022202,0.9785425989777992,0.03065343003171551,0.95,0.9,0.8,0.02,0.35,1.0,1.38,3.0,0.31622776601683794,3.0,1.0,0.7,2.15,i_hi,i,h_i,0.31622776601683794,3.0
0.5,0.6931471805599453,2.0705108861235955,2.108921358003815,4.17943224412741,0.5045951782008419,0.004595178200841876,0.01838123032416997,0.01838123032416997,0.6931049486400354,-4.2231919909929694e-05,0.33835885770219626,0.15410285574450944,2.0,1231.5545386666768,6.188753552103991,9.150007638906292,2.15,0.4457257682566911,5.0,88.0,,False,False,False,False,resistant-enriched,mixed,True,0.059350943102767624,0.9041545660171938,0.9584543398280627,0.059350943102767624,0.95,0.9,0.8,0.02,0.35,1.0,1.38,3.0,0.3981071705534973,3.0,1.0,0.7,2.15,i_hi,i,h_i,0.3981071705534973,3.0
0.5,0.6931471805599453,2.0727610760263784,2.098112084713318,4.1708731607396965,0.5030390529404691,0.0030390529404691335,0.01215636146234239,0.01215636146234239,0.6931287087606592,-1.8471799286046142e-05,0.33431562211973154,0.1642109447006712,2.0,1228.4926811112919,6.415343051066399,5.040340030969456,2.15,0.39570891601545916,5.0,54.0,,False,False,False,False,resistant-enriched,mixed,True,0.11181576977811701,0.9078271038844682,0.9217289611553181,0.11181576977811701,0.95,0.9,0.8,0.02,0.35,1.0,1.38,3.0,0.5011872336272724,3.0,1.0,0.7,2.15,i_hi,i,h_i,0.5011872336272724,3.0
0.5,0.6931471805599453,2.0769331030603557,2.0779030873331346,4.154836190393491,0.5001167295445993,0.00011672954459929219,0.0004669181868800807,0.0004669181868798587,0.693147153308372,-2.7251573331277257e-08,0.3277391142042215,0.18065221448944624,2.0,1222.7622381275992,6.838535678388033,2.9984607432382555,2.15,0.33134799759269556,4.0,34.0,,False,False,False,False,neutral,mixed,True,0.2007600089131018,0.9140532006239172,0.8594679937608287,0.2007600089131018,0.95,0.9,0.8,0.02,0.35,1.0,1.38,3.0,0.6309573444801934,3.0,1.0,0.7,2.15,i_hi,i,h_i,0.6309573444801934,3.0
0.5,0.6931471805599453,2.08426174983046,2.042295186985887,4.126556936816347,0.4949150631522668,-0.005084936847733201,-0.020340448656266268,-0.02034044865626649,0.6930954665030005,-5.171405694481823e-05,0.318506404782227,0.20373398804443243,2.0,1212.6838766855817,7.583457619796667,2.0046485437432024,2.1499999999999995,0.2650674061678246,4.0,24.0,,False,False,False,False,susceptible-enriched,mixed,True,0.3338605754168779,0.9233702402791815,0.7662975972081855,0.3338605754168779,0.95,0.9,0.8,0.02,0.35,1.0,1.38,3.0,0.7943282347242815,3.0,1.0,0.7,2.15,i_hi,i,h_i,0.7943282347242815,3.0
0.5,0.6931471805599453,2.096098007850193,1.9858217388575845,4.0819197467077775,0.48649210716580715,-0.013507892834192847,-0.05404472212509797,-0.05404472212509797,0.6927822098189301,-0.00036497074101515814,0.3079105564865327,0.23022360878366832,2.0,1196.7551619938977,8.768447369565557,1.5484362658035131,2.15,0.20499869561068434,3.0,19.0,,False,False,False,False,susceptible-enriched,mixed,True,0.5,0.935,0.65,0.5,0.95,0.9,0.8,0.02,0.35,1.0,1.38,3.0,1.0,3.0,1.0,0.7,2.15,i_hi,i,h_i,1.0,3.0
0.5,0.6931471805599453,2.1127302529454,1.9099730157353552,4.022703268680756,0.47479838510726896,-0.02520161489273104,-0.10089195571523858,-0.10089195571523847,0.6918763993873362,-0.0012707811726090368,0.28721663505434614,0.28195841236413466,3.0,1175.6063738994053,10.381219701054345,1.366432510305257,2.1500000000000004,0.16840771935991716,3.0,18.0,11.0,False,False,False,True,susceptible-enriched,mixed,True,0.6661394245831223,0.9466297597208185,0.5337024027918145,0.6661394245831223,0.95,0.9,0.8,0.02,0.35,1.0,1.38,3.0,1.2589254117941675,3.0,1.0,0.7,2.15,i_hi,i,h_i,1.2589254117941675,3.0
0.5,0.6931471805599453,2.1317229551036108,1.8282134852499057,3.959936440353516,0.46167748214834864,-0.03832251785165136,-0.15359129939372526,-0.15359129939372504,0.6902070672573455,-0.0029401133025998005,0.2713500878524043,0.32162478036898934,3.0,1153.137117594274,12.166100782240157,1.313112455617133,2.15,0.14686715207439913,2.0,19.0,12.0,False,False,False,True,susceptible-enriched,mixed,True,0.7992399910868985,0.9559467993760828,0.4405320062391711,0.7992399910868985,0.95,0.9,0.8,0.02,0.35,1.0,1.38,3.0,1.584893192461114,3.0,1.0,0.7,2.15,i_hi,i,h_i,1.584893192461114,3.0
0.5,0.6931471805599453,2.148753861154602,1.7584874633151897,3.9072413244697914,0.4500585751646181,-0.04994142483538189,-0.20043403092979442,-0.20043403092979442,0.68815056110125,-0.004996619458695339,0.25554732051044726,0.36113169872388184,4.0,1134.220076529312,13.739620707688033,1.3081003437663243,2.15,0.13712378158947236,2.0,22.0,13.0,False,False,False,True,susceptible-enriched,mixed,True,0.888184230221883,0.9621728961155318,0.37827103884468194,0.888184230221883,0.95,0.9,0.8,0.02,0.35,1.0,1.38,3.0,1.9952623149688797,3.0,1.0,0.7,2.15,i_hi,i,h_i,1.9952623149688797,3.0
0.5,0.6931471805599453,2.1610611620674827,1.7098352472645377,3.8708964093320204,0.4417155786299109,-0.0582844213700891,-0.2342023605491226,-0.2342023605491226,0.6863375619511971,-0.00680961860874818,0.24605666184328384,0.3848583453917904,4.0,1121.1390014846165,14.871394050446126,1.3145994414771605,2.15,0.13179642999413121,2.0,24.0,14.0,False,False,False,True,susceptible-enriched,mixed,True,0.9406490568972325,0.9658454339828063,0.3415456601719372,0.9406490568972325,0.95,0.9,0.8,0.02,0.35,1.0,1.38,3.0,2.511886431509581,3.0,1.0,0.7,2.15,i_hi,i,h_i,2.511886431509581,3.0
0.5,0.6931471805599453,2.1686728038413605,1.680382569453295,3.8490553732946555,0.4365701208436882,-0.06342987915631182,-0.2550938819053698,-0.25509388190537,0.6850787581497358,-0.008068422410209442,0.24118898541239847,0.3970275364690039,4.0,1113.2697779564237,15.571837194957052,1.3208956235464977,2.15,0.1290049531708723,2.0,25.0,14.0,False,False,False,True,susceptible-enriched,mixed,True,0.9693465699682846,0.96785425989778,0.3214574010222008,0.9693465699682846,0.95,0.9,0.8,0.02,0.35,1.0,1.38,3.0,3.1622776601683795,3.0,1.0,0.7,2.15,i_hi,i,h_i,3.1622776601683795,3.0
0.5,0.6931471805599453,2.1729466952195273,1.6640403188818953,3.836987014101423,0.4336841153661277,-0.06631588463387228,-0.2668355982688211,-0.2668355982688213,0.684325616782432,-0.008821563777513308,0.23872143369761306,0.40319641575596743,4.0,1108.912303146631,15.965844105292856,1.3248653033655229,2.1500000000000004,0.12757407227762924,2.0,26.0,14.0,False,False,False,True,susceptible-enriched,mixed,True,0.9843983377581704,0.9689078836430719,0.3109211635692808,0.9843983377581704,0.95,0.9,0.8,0.02,0.35,1.0,1.38,3.0,3.981071705534973,3.0,1.0,0.7,2.15,i_hi,i,h_i,3.981071705534973,3.0
0.5,0.6931471805599453,2.175219232307675,1.6554040145303854,3.8306232468380603,0.4321500465744883,-0.0678499534255117,-0.27308435934611813,-0.27308435934611813,0.6839114802736728,-0.009235700286272519,0.23706565412897884,0.4073358646775529,5.0,1106.6158219136396,16.175653023697173,1.3270528049791839,2.1500000000000004,0.12684876991859154,2.0,26.0,14.0,False,False,False,True,susceptible-enriched,mixed,True,0.9921193161496697,0.9694483521304769,0.30551647869523124,0.9921193161496697,0.95,0.9,0.8,0.02,0.35,1.0,1.38,3.0,5.011872336272725,3.0,1.0,0.7,2.15,i_hi,i,h_i,5.011872336272725,3.0
0.5,0.6931471805599453,2.176394125003274,1.6509574421271729,3.8273515671304468,0.4313576668278155,-0.06864233317218449,-0.2763140486376209,-0.2763140486376209,0.6836938142820143,-0.00945336627793103,0.2360278445547762,0.4099303886130595,5.0,1105.4355540878776,16.28413494930907,1.3282085083255415,2.1500000000000004,0.12648318577491013,2.0,26.0,14.0,False,False,False,True,susceptible-enriched,mixed,True,0.9960347143808478,0.9697224300066594,0.3027756999334066,0.9960347143808478,0.95,0.9,0.8,0.02,0.35,1.0,1.38,3.0,6.309573444801933,3.0,1.0,0.7,2.15,i_hi,i,h_i,6.309573444801933,3.0
0.5,0.6931471805599453,2.1769916565908627,1.6486978284496372,3.8256894850405,0.43095442923334476,-0.06904557076665524,-0.2779581682637885,-0.2779581682637884,0.6835820625968081,-0.009565117963137193,0.23550804195059785,0.4112298951235054,5.0,1104.836076305278,16.339372150150005,1.328804304407178,2.15,0.12629943653605313,2.0,26.0,14.0,False,False,False,True,susceptible-enriched,mixed,True,0.9980087108292717,0.969860609758049,0.3013939024195099,0.9980087108292717,0.95,0.9,0.8,0.02,0.35,1.0,1.38,3.0,7.943282347242818,3.0,1.0,0.7,2.15,i_hi,i,h_i,7.943282347242818,3.0
0.5,0.6931471805599453,2.1772934037540956,1.6475574450734076,3.824850848827503,0.4307507691648843,-0.0692492308351157,-0.27878869270547746,-0.27878869270547746,0.6835253690465171,-0.009621811513428224,0.2352476083597307,0.41188097910067334,5.0,1104.53360906002,16.36727890348004,1.3291073291166229,2.15,0.1262072120170538,2.0,26.0,14.0,False,False,False,True,susceptible-enriched,mixed,True,0.999000999000999,0.9699300699300699,0.30069930069930073,0.999000999000999,0.95,0.9,0.8,0.02,0.35,1.0,1.38,3.0,10.0,3.0,1.0,0.7,2.15,i_hi,i,h_i,10.0,3.0
0.5,0.6931471805599453,2.0681385332933204,2.120193018175489,4.18833155146881,0.5062142268636676,0.006214226863667571,0.024858187426150983,0.024858187426150983,0.6930699453404723,-7.723521947300416e-05,0.34304893097085054,0.1423776725728737,2.0,1234.7367224675654,5.952259360702923,145.22721239724524,2.15,0.5205354487889741,6.0,,,False,False,False,False,resistant-enriched,mixed,True,0.0004639435398458807,0.9000324760477892,0.9996752395221079,0.0004639435398458807,0.95,0.9,0.8,0.02,0.35,1.0,1.38,3.0,0.1,3.333333333333333,1.0,0.7,2.15,i_hi,i,h_i,0.1,3.333333333333333
0.5,0.6931471805599453,2.068159401065543,2.1200943854939505,4.1882537865594935,0.5062000761027271,0.006200076102727103,0.024801575657666785,0.024801575657666785,0.69307029670219,-7.688385775528328e-05,0.343005572638062,0.14248606840484512,2.0,1234.7089299138604,5.954329103022114,134.5325443458958,2.1500000000000004,0.5195871646722695,6.0,,,False,False,False,False,resistant-enriched,mixed,True,0.000999000999001,0.9000699300699301,0.9993006993006993,0.000999000999001,0.95,0.9,0.8,0.02,0.35,1.0,1.38,3.0,0.12589254117941673,3.333333333333333,1.0,0.7,2.15,i_hi,i,h_i,0.12589254117941673,3.333333333333333
0.5,0.6931471805599453,2.0682033321691935,2.1198812973832744,4.188084629552468,0.5061696419467535,0.006169641946753512,0.02467982040397267,0.024679820403972447,0.6930710496644523,-7.613089549296514e-05,0.3429123658103751,0.1427190854740623,2.0,1234.6485722507084,5.958786620483577,114.9409785974417,2.15,0.5175559120691826,6.0,,,False,False,False,False,resistant-enriched,mixed,True,0.002149803079700241,0.900150486215579,0.9984951378442098,0.002149803079700241,0.95,0.9,0.8,0.02,0.35,1.0,1.38,3.0,0.15848931924611134,3.333333333333333,1.0,0.7,2.15,i_hi,i,h_i,0.15848931924611134,3.333333333333333
0.5,0.6931471805599453,2.06830169866802,2.119425708180621,4.187727406848641,0.5061040278587609,0.006104027858760852,0.024417324508463817,0.024417324508463928,0.693072660396641,-7.452016330433686e-05,0.34271265623938596,0.14321835940153516,2.0,1234.5207200039945,5.968371802456946,84.66113192605599,2.15,0.5132338146259323,6.0,,,False,False,False,False,resistant-enriched,mixed,True,0.004620144024698061,0.9003234100817289,0.9967658991827114,0.004620144024698061,0.95,0.9,0.8,0.02,0.35,1.0,1.38,3.0,0.19952623149688797,3.333333333333333,1.0,0.7,2.15,i_hi,i,h_i,0.19952623149688797,3.333333333333333
0.5,0.6931471805599453,2.068507892999764,2.1184432872326617,4.186951180232425,0.5059632166800337,0.005963216680033745,0.02385399775909539,0.023853997759095167,0.6930760589674896,-7.112159245570293e-05,0.34228614697333865,0.14428463256665347,2.0,1234.2433866014508,5.988971863717113,50.252454442649324,2.15,0.5041653160562795,6.0,,,False,False,False,False,resistant-enriched,mixed,True,0.009900990099009905,0.9006930693069307,0.9930693069306931,0.009900990099009905,0.95,0.9,0.8,0.02,0.35,1.0,1.38,3.0,0.251188643150958,3.333333333333333,1.0,0.7,2.15,i_hi,i,h_i,0.251188643150958,3.333333333333333
0.5,0.6931471805599453,2.068951493711777,2.1163417717582664,4.185293265470044,0.5056615241800944,0.005661524180094357,0.022647064624273804,0.022647064624273915,0.6930830734779441,-6.410708200121906e-05,0.3413873933048872,0.14653151673778197,2.0,1233.6506836407727,6.033072451107507,25.03548065818131,2.1499999999999995,0.4889056817473411,5.0,193.0,,False,False,False,False,resistant-enriched,mixed,True,0.021089977117186395,0.9014762983982031,0.9852370160179695,0.021089977117186395,0.95,0.9,0.8,0.02,0.35,1.0,1.38,3.0,0.31622776601683794,3.333333333333333,1.0,0.7,2.15,i_hi,i,h_i,0.31622776601683794,3.333333333333333
0.5,0.6931471805599453,2.069891353124139,2.1118731982719736,4.181764551396112,0.505019632816704,0.005019632816704034,0.02007920585827993,0.02007920585827993,0.6930967862861829,-5.039427376241079e-05,0.3395375208595578,0.15115619785110557,2.0,1232.3888509531098,6.126825579257775,12.116628614186423,2.15,0.4619049317556927,5.0,110.0,,False,False,False,False,resistant-enriched,mixed,True,0.04435701794430151,0.9031049912561011,0.9689500874389889,0.04435701794430151,0.95,0.9,0.8,0.02,0.35,1.0,1.38,3.0,0.3981071705534973,3.333333333333333,1.0,0.7,2.15,i_hi,i,h_i,0.3981071705534973,3.333333333333333
0.5,0.6931471805599453,2.0718477871148786,2.102511397921681,4.174359185036559,0.5036728524604112,0.003672852460411158,0.014691674096659248,0.01469167409665936,0.6931202006269137,-2.6979933031578973e-05,0.33591184038009336,0.1602203990497666,2.0,1229.7397177292478,6.323148733471373,6.107563193959962,2.15,0.4144948222636291,5.0,63.0,,False,False,False,False,resistant-enriched,mixed,True,0.09090909090909095,0.9063636363636364,0.9363636363636363,0.09090909090909095,0.95,0.9,0.8,0.02,0.35,1.0,1.38,3.0,0.5011872336272724,3.333333333333333,1.0,0.7,2.15,i_hi,i,h_i,0.5011872336272724,3.333333333333333
0.5,0.6931471805599453,2.075783067310385,2.0834938231845346,4.15927689049492,0.5009269346664285,0.0009269346664284583,0.003707742913347048,0.003707742913346826,0.6931454621432094,-1.7184167359074465e-06,0.32944412474567686,0.1763896881358079,2.0,1224.3472981614475,6.721531237345654,3.336213892980428,2.15,0.3452939397532359,4.0,38.0,,False,False,False,False,neutral,mixed,True,0.17725503036342644,0.9124078521254398,0.8759214787456016,0.17725503036342644,0.95,0.9,0.8,0.02,0.35,1.0,1.38,3.0,0.6309573444801934,3.333333333333333,1.0,0.7,2.15,i_hi,i,h_i,0.6309573444801934,3.333333333333333
0.5,0.6931471805599453,2.083247097099482,2.0472124351489724,4.130459532248454,0.4956379354804024,-0.004362064519597586,-0.017448700763400105,-0.017448700763400105,0.6931091248634512,-3.805569649406593e-05,0.3196366986215069,0.20090825344623275,2.0,1214.0754470764978,7.480580637559937,2.081987559831554,2.15,0.2724183563712863,4.0,25.0,,False,False,False,False,susceptible-enriched,mixed,True,0.31701401305280863,0.9221909809136967,0.778090190863034,0.31701401305280863,0.95,0.9,0.8,0.02,0.35,1.0,1.38,3.0,0.7943282347242815,3.333333333333333,1.0,0.7,2.15,i_hi,i,h_i,0.7943282347242815,3.333333333333333
0.5,0.6931471805599453,2.096098007850193,1.9858217388575845,4.0819197467077775,0.48649210716580715,-0.013507892834192847,-0.05404472212509797,-0.05404472212509797,0.6927822098189301,-0.00036497074101515814,0.3079105564865327,0.23022360878366832,2.0,1196.7551619938977,8.768447369565557,1.5484362658035131,2.15,0.20499869561068434,3.0,19.0,,False,False,False,False,susceptible-enriched,mixed,True,0.5,0.935,0.65,0.5,0.95,0.9,0.8,0.02,0.35,1.0,1.38,3.0,1.0,3.333333333333333,1.0,0.7,2.15,i_hi,i,h_i,1.0,3.333333333333333
0.5,0.6931471805599453,2.114797891263312,1.900835688876016,4.015633580139328,0.4733588488444864,-0.026641151155513576,-0.1066656225224267,-0.10666562252242692,0.6917270062644084,-0.001420174295536869,0.2850829893071665,0.2872925267320837,3.0,1173.0807681269719,10.577952151324507,1.3560848344683438,2.15,0.1652074498172617,3.0,18.0,11.0,False,False,False,True,susceptible-enriched,mixed,True,0.6829859869471915,0.9478090190863034,0.521909809136966,0.6829859869471915,0.95,0.9,0.8,0.02,0.35,1.0,1.38,3.0,1.2589254117941675,3.333333333333333,1.0,0.7,2.15,i_hi,i,h_i,1.2589254117941675,3.333333333333333
0.5,0.6931471805599453,2.1358205711194755,1.8111571651032092,3.946977736222685,0.4588718979794684,-0.041128102020531576,-0.16488495654687876,-0.16488495654687832,0.6897603136556769,-0.0033868669042683708,0.26857367258581333,0.32856581853546674,4.0,1148.4860054204905,12.546227979005312,1.3096981550969415,2.15,0.14420076177969754,2.0,20.0,12.0,False,False,False,True,susceptible-enriched,mixed,True,0.8227449696365738,0.9575921478745602,0.4240785212543984,0.8227449696365738,0.95,0.9,0.8,0.02,0.35,1.0,1.38,3.0,1.584893192461114,3.333333333333333,1.0,0.7,2.15,i_hi,i,h_i,1.584893192461114,3.333333333333333
0.5,0.6931471805599453,2.15342853502576,1.7398518873075282,3.893280422333288,0.44688583882298794,-0.053114161177012065,-0.21326125209510036,-0.21326125209510036,0.6874942925550808,-0.00565288800486452,0.25166983316583214,0.3708254170854197,4.0,1129.1952253081859,14.169632260467614,1.3099486902417266,2.15,0.13496528690121318,2.0,22.0,13.0,False,False,False,True,susceptible-enriched,mixed,True,0.9090909090909091,0.9636363636363636,0.36363636363636365,0.9090909090909091,0.95,0.9,0.8,0.02,0.35,1.0,1.38,3.0,1.9952623149688797,3.333333333333333,1.0,0.7,2.15,i_hi,i,h_i,1.9952623149688797,3.333333333333333
0.5,0.6931471805599453,2.164953092212743,1.6947164619751451,3.859669554187888,0.439083304459656,-0.06091669554034401,-0.24488324703629707,-0.24488324703629707,0.6857070225990562,-0.007440157960889038,0.24348616867798573,0.3912845783050357,4.0,1117.0981183128506,15.229411994706286,1.3176452156142417,2.15,0.13032743541711814,2.0,24.0,14.0,False,False,False,True,susceptible-enriched,mixed,True,0.9556429820556985,0.9668950087438989,0.331049912561011,0.9556429820556985,0.95,0.9,0.8,0.02,0.35,1.0,1.38,3.0,2.511886431509581,3.333333333333333,1.0,0.7,2.15,i_hi,i,h_i,2.511886431509581,3.333333333333333
0.5,0.6931471805599453,2.171364314602722,1.6700733157316954,3.8414376303344175,0.43475216219671037,-0.06524783780328963,-0.2624881592990332,-0.26248815929903296,0.6846082878419274,-0.008538892718017888,0.23961453663654886,0.4009636584086279,4.0,1110.5192266066888,15.819929771783686,1.323374561961808,2.15,0.12809320641078378,2.0,25.0,14.0,False,False,False,True,susceptible-enriched,mixed,True,0.9789100228828136,0.9685237016017969,0.3147629839820305,0.9789100228828136,0.95,0.9,0.8,0.02,0.35,1.0,1.38,3.0,3.1622776601683795,3.333333333333333,1.0,0.7,2.15,i_hi,i,h_i,3.1622776601683795,3.333333333333333
0.5,0.6931471805599453,2.174619778958421,1.6576812679497523,3.8323010469081735,0.432555075308381,-0.067444924691619,-0.271434035626303,-0.271434035626303,0.684021753059284,-0.009125427500661254,0.23760471003100445,0.40598822492248887,5.0,1107.2210760966723,16.120230359989964,1.326469315930133,2.15,0.12703799193524326,2.0,26.0,14.0,False,False,False,True,susceptible-enriched,mixed,True,0.9900990099009901,0.9693069306930693,0.306930693069307,0.9900990099009901,0.95,0.9,0.8,0.02,0.35,1.0,1.38,3.0,3.981071705534973,3.333333333333333,1.0,0.7,2.15,i_hi,i,h_i,3.981071705534973,3.333333333333333
0.5,0.6931471805599453,2.176196257449695,1.651704112078045,3.8279003695277396,0.4314908834165454,-0.0685091165834546,-0.2757709666240726,-0.2757709666240726,0.6837305877227762,-0.009416592837169113,0.2362007902806988,0.4094980242982531,5.0,1105.633563257049,16.26589145633759,1.3280127377986741,2.15,0.1265442266770624,2.0,26.0,14.0,False,False,False,True,susceptible-enriched,mixed,True,0.995379855975302,0.9696765899182711,0.30323410081728863,0.995379855975302,0.95,0.9,0.8,0.02,0.35,1.0,1.38,3.0,5.011872336272725,3.333333333333333,1.0,0.7,2.15,i_hi,i,h_i,5.011872336272725,3.333333333333333
0.5,0.6931471805599453,2.1769435527129954,1.648879728459005,3.8258232811720005,0.43098690328265454,-0.06901309671734546,-0.2778257481125053,-0.2778257481125053,0.6835910868739548,-0.00955609368599053,0.23554969838233458,0.4111257540441636,5.0,1104.8843307216914,16.334922878801063,1.3287561198250577,2.15,0.12631417784505033,2.0,26.0,14.0,False,False,False,True,susceptible-enriched,mixed,True,0.9978501969202997,0.969849513784421,0.3015048621557902,0.9978501969202997,0.95,0.9,0.8,0.02,0.35,1.0,1.38,3.0,6.309573444801933,3.333333333333333,1.0,0.7,2.15,i_hi,i,h_i,6.309573444801933,3.333333333333333
0.5,0.6931471805599453,2.1772934037540956,1.6475574450734076,3.824850848827503,0.4307507691648843,-0.0692492308351157,-0.27878869270547746,-0.27878869270547746,0.6835253690465171,-0.009621811513428224,0.2352476083597307,0.41188097910067334,5.0,1104.53360906002,16.36727890348004,1.3291073291166229,2.15,0.1262072120170538,2.0,26.0,14.0,False,False,False,True,susceptible-enriched,mixed,True,0.999000999000999,0.9699300699300699,0.30069930069930073,0.999000999000999,0.95,0.9,0.8,0.02,0.35,1.0,1.38,3.0,7.943282347242818,3.333333333333333,1.0,0.7,2.15,i_hi,i,h_i,7.943282347242818,3.333333333333333
0.5,0.6931471805599453,2.177457027944585,1.6469416649833002,3.8243986929278853,0.43064068294679647,-0.06935931705320353,-0.279237663351799,-0.279237663351799,0.6834946535412076,-0.009652527018737644,0.2351074166183763,0.4122314584540593,5.0,1104.3704668130347,16.382365146708338,1.3292717610802898,2.15,0.12615752260920646,2.0,27.0,14.0,False,False,False,True,susceptible-enriched,mixed,True,0.9995360564601541,0.9699675239522108,0.30032476047789214,0.9995360564601541,0.95,0.9,0.8,0.02,0.35,1.0,1.38,3.0,10.0,3.333333333333333,1.0,0.7,2.15,i_hi,i,h_i,10.0,3.333333333333333
0.5,0.6931471805599453,2.068128756384684,2.1202387187194023,4.188367475104086,0.5062207963657037,0.006220796365703718,0.024884469498287178,0.024884469498287178,0.6930697819482292,-7.739861171607298e-05,0.34306907673480536,0.14232730816298667,2.0,1234.749573897332,5.95129841510391,150.58876702444823,2.15,0.5210307673536183,7.0,9.0,,False,False,False,False,resistant-enriched,mixed,True,0.00021539706311269837,0.9000150777944179,0.9998492220558212,0.00021539706311269837,0.95,0.9,0.8,0.02,0.35,1.0,1.38,3.0,0.1,3.6666666666666665,1.0,0.7,2.15,i_hi,i,h_i,0.1,3.6666666666666665
0.5,0.6931471805599453,2.0681399773564277,2.1201862027413267,4.1883261800977545,0.5062132488190885,0.006213248819088468,0.02485427464353559,0.02485427464353559,0.6930699696509741,-7.721090897117033e-05,0.3430459328197365,0.1423851679506588,2.0,1234.73480257648,5.95240241292371,144.4513577855061,2.15,0.520469807572525,6.0,,,False,False,False,False,resistant-enriched,mixed,True,0.0005009361708135986,0.900035065531957,0.9996493446804304,0.0005009361708135986,0.95,0.9,0.8,0.02,0.35,1.0,1.38,3.0,0.12589254117941673,3.6666666666666665,1.0,0.7,2.15,i_hi,i,h_i,0.12589254117941673,3.6666666666666665
0.5,0.6931471805599453,2.068165826976553,2.1200638216307244,4.188229648607278,0.506195695915508,0.006195695915507948,0.02478405221622313,0.02478405221622291,0.6930704052993568,-7.677526058846862e-05,0.3429921597328842,0.14251960066778946,2.0,1234.7003078011958,5.954969800251622,131.4420216884895,2.15,0.5192942470415179,6.0,,,False,False,False,False,resistant-enriched,mixed,True,0.001164556627836448,0.9000815189639486,0.9991848103605145,0.001164556627836448,0.95,0.9,0.8,0.02,0.35,1.0,1.38,3.0,0.15848931924611134,3.6666666666666665,1.0,0.7,2.15,i_hi,i,h_i,0.15848931924611134,3.6666666666666665
0.5,0.6931471805599453,2.068226551076426,2.119779857442718,4.1880064085191435,0.5061548743408587,0.006154874340858707,0.024620741006600645,0.024620741006600645,0.6930714136900828,-7.576686986243697e-05,0.3428675922788579,0.14283101930285536,2.0,1234.6204658956121,5.9609357749059795,106.90536000493688,2.15,0.5165803480868599,6.0,,,False,False,False,False,resistant-enriched,mixed,True,0.0027049360554400126,0.9001893455238809,0.998106544761192,0.0027049360554400126,0.95,0.9,0.8,0.02,0.35,1.0,1.38,3.0,0.19952623149688797,3.6666666666666665,1.0,0.7,2.15,i_hi,i,h_i,0.19952623149688797,3.6666666666666665
0.5,0.6931471805599453,2.0683661998705487,2.1191195665633433,4.187485766433892,0.5060601240844356,0.00606012408443557,0.02424168342203672,0.024241683422036944,0.6930737285536911,-7.345200625419324e-05,0.3425793333369569,0.14355166665760777,2.0,1234.434376305796,5.974791940160622,70.63916604945186,2.15,0.5103757461173981,6.0,,,False,False,False,False,resistant-enriched,mixed,True,0.006270012341433842,0.9004389008639004,0.9956109913609963,0.006270012341433842,0.95,0.9,0.8,0.02,0.35,1.0,1.38,3.0,0.251188643150958,3.6666666666666665,1.0,0.7,2.15,i_hi,i,h_i,0.251188643150958,3.6666666666666665
0.5,0.6931471805599453,2.068688242713041,2.1175896119723916,4.186277854685432,0.5058406740972315,0.005840674097231546,0.02336375911958074,0.02336375911958074,0.6930789520604017,-6.822849954357668e-05,0.3419187693945618,0.14520307651359554,2.0,1234.002683098346,6.006887386345633,35.91630486254404,2.15,0.49704287791417634,5.0,254.0,,False,False,False,False,resistant-enriched,mixed,True,0.01446566574042607,0.9010125966018299,0.9898740339817017,0.01446566574042607,0.95,0.9,0.8,0.02,0.35,1.0,1.38,3.0,0.31622776601683794,3.6666666666666665,1.0,0.7,2.15,i_hi,i,h_i,0.31622776601683794,3.6666666666666665
0.5,0.6931471805599453,2.0694297407356324,2.114067362128423,4.183497102864056,0.505334965017931,0.005334965017930959,0.021340669956291337,0.021340669956291337,0.6930902557763083,-5.692478363694686e-05,0.3404357382103258,0.1489106544741855,2.0,1233.008504417745,6.0807864252647645,16.15075204103206,2.15,0.47476432148072495,5.0,138.0,,False,False,False,False,resistant-enriched,mixed,True,0.033018070581145934,0.9023112649406803,0.9768873505931979,0.033018070581145934,0.95,0.9,0.8,0.02,0.35,1.0,1.38,3.0,0.3981071705534973,3.6666666666666665,1.0,0.7,2.15,i_hi,i,h_i,0.3981071705534973,3.6666666666666665
0.5,0.6931471805599453,2.0711065536557705,2.106061995919309,4.17716854957508,0.5041841072306137,0.004184107230613687,0.01673681960624696,0.016736819606246737,0.6931121666446507,-3.5013915294590525e-05,0.33724926869067184,0.1568768282733204,2.0,1230.7449153637199,6.248690775771957,7.453539941023256,2.15,0.431183480472229,5.0,74.0,,False,False,False,False,resistant-enriched,mixed,True,0.07358755611757357,0.9051511289282301,0.9484887107176985,0.07358755611757357,0.95,0.9,0.8,0.02,0.35,1.0,1.38,3.0,0.5011872336272724,3.6666666666666665,1.0,0.7,2.15,i_hi,i,h_i,0.5011872336272724,3.6666666666666665
0.5,0.6931471805599453,2.0747695391596497,2.0883959364413673,4.1631654756010175,0.5016365428376048,0.0016365428376048374,0.006546194727143847,0.006546194727143847,0.6931418240054625,-5.356554482749409e-06,0.33100859802223126,0.17247850494442185,2.0,1225.7367565113298,6.618856991444555,3.731904805680558,2.1500000000000004,0.36033948968544727,5.0,42.0,,False,False,False,False,resistant-enriched,mixed,True,0.1559649918776253,0.9109175494314338,0.8908245056856623,0.1559649918776253,0.95,0.9,0.8,0.02,0.35,1.0,1.38,3.0,0.6309573444801934,3.6666666666666665,1.0,0.7,2.15,i_hi,i,h_i,0.6309573444801934,3.6666666666666665
0.5,0.6931471805599453,2.08228732702897,2.051871353511896,4.134158680540866,0.49632138291398453,-0.0036786170860154677,-0.014714733845320587,-0.01471473384532103,0.6931201158684475,-2.7064691497824533e-05,0.3207460910235006,0.19813477244124855,2.0,1215.3937296350357,7.383127413909888,2.1662167426720753,2.15,0.27982710459775006,4.0,26.0,,False,False,False,False,susceptible-enriched,mixed,True,0.30063388048039635,0.9210443716336277,0.7895562836637225,0.30063388048039635,0.95,0.9,0.8,0.02,0.35,1.0,1.38,3.0,0.7943282347242815,3.6666666666666665,1.0,0.7,2.15,i_hi,i,h_i,0.7943282347242815,3.6666666666666665
0.5,0.6931471805599453,2.096098007850193,1.9858217388575845,4.0819197467077775,0.48649210716580715,-0.013507892834192847,-0.05404472212509797,-0.05404472212509797,0.6927822098189301,-0.00036497074101515814,0.3079105564865327,0.23022360878366832,2.0,1196.7551619938977,8.768447369565557,1.5484362658035131,2.15,0.20499869561068434,3.0,19.0,,False,False,False,False,susceptible-enriched,mixed,True,0.5,0.935,0.65,0.5,0.95,0.9,0.8,0.02,0.35,1.0,1.38,3.0,1.0,3.6666666666666665,1.0,0.7,2.15,i_hi,i,h_i,1.0,3.6666666666666665
0.5,0.6931471805599453,2.116891659019508,1.8916471824220222,4.00853884144153,0.47190441635879415,-0.028095583641205846,-0.11250083958219215,-0.11250083958219215,0.6915676250791734,-0.0015795554807719325,0.2830449157365005,0.2923877106587488,3.0,1170.542727596019,10.77644357761536,1.3471262846684227,2.1499999999999995,0.16217490297662615,3.0,18.0,11.0,False,False,False,True,susceptible-enriched,mixed,True,0.6993661195196038,0.9489556283663723,0.5104437163362774,0.6993661195196038,0.95,0.9,0.8,0.02,0.35,1.0,1.38,3.0,1.2589254117941675,3.6666666666666665,1.0,0.7,2.15,i_hi,i,h_i,1.2589254117941675,3.6666666666666665
0.5,0.6931471805599453,2.13976809282301,1.7948985662481005,3.9346666590711106,0.45617550907650134,-0.04382449092349866,-0.17574894403226402,-0.17574894403226402,0.6893010751739131,-0.0038461053860321393,0.26418079301649594,0.3395480174587602,4.0,1144.0637660076964,12.911360310952528,1.3079381729435973,2.15,0.14184347168207856,2.0,20.0,12.0,False,False,False,True,susceptible-enriched,mixed,True,0.844035008122375,0.9590824505685662,0.40917549431433753,0.844035008122375,0.95,0.9,0.8,0.02,0.35,1.0,1.38,3.0,1.584893192461114,3.6666666666666665,1.0,0.7,2.15,i_hi,i,h_i,1.584893192461114,3.6666666666666665
0.5,0.6931471805599453,2.1575275807804783,1.723669403620068,3.881196984400546,0.44410768393047434,-0.05589231606952566,-0.22450753495780384,-0.22450753495780384,0.686886200998196,-0.006260979561749314,0.24855412484055306,0.3786146878986174,4.0,1124.8444488416808,14.54651904824341,1.312225613966472,2.15,0.13321288468962167,2.0,23.0,13.0,False,False,False,True,susceptible-enriched,mixed,True,0.9264124438824265,0.9648488710717699,0.35151128928230146,0.9264124438824265,0.95,0.9,0.8,0.02,0.35,1.0,1.38,3.0,1.9952623149688797,3.6666666666666665,1.0,0.7,2.15,i_hi,i,h_i,1.9952623149688797,3.6666666666666665
0.5,0.6931471805599453,2.1680196507057237,1.68289236726608,3.8509120179718037,0.43701137793130496,-0.06298862206869504,-0.25330018725329534,-0.25330018725329534,0.685190924377939,-0.007956256182006238,0.2415818910504941,0.39604527237376475,4.0,1113.9399329119888,15.511670383052891,1.320307253261268,2.1499999999999995,0.12923180104833892,2.0,25.0,14.0,False,False,False,True,susceptible-enriched,mixed,True,0.9669819294188541,0.9676887350593197,0.3231126494068022,0.9669819294188541,0.95,0.9,0.8,0.02,0.35,1.0,1.38,3.0,2.511886431509581,3.6666666666666665,1.0,0.7,2.15,i_hi,i,h_i,2.511886431509581,3.6666666666666665
0.5,0.6931471805599453,2.1732771793887062,1.6627803419109652,3.8360575212996713,0.43346074261879386,-0.06653925738120614,-0.26774514318672105,-0.26774514318672105,0.6842659114000325,-0.00888126915991283,0.2385375163925254,0.4036562090186865,4.0,1108.5768382796728,15.996377447158238,1.3251801857780885,2.15,0.12746699073956272,2.0,26.0,14.0,False,False,False,True,susceptible-enriched,mixed,True,0.9855343342595739,0.9689874033981701,0.31012596601829834,0.9855343342595739,0.95,0.9,0.8,0.02,0.35,1.0,1.38,3.0,3.1622776601683795,3.6666666666666665,1.0,0.7,2.15,i_hi,i,h_i,3.1622776601683795,3.6666666666666665
0.5,0.6931471805599453,2.1757004365320425,1.6535801650045585,3.8292806015366008,0.43182527922895375,-0.06817472077104625,-0.27440791820669846,-0.27440791820669846,0.6838225764732812,-0.009324604086664134,0.23663763483229888,0.4084059129192529,5.0,1106.1314692807553,16.22010668962342,1.3275240867626703,2.15,0.12669819953272068,2.0,26.0,14.0,False,False,False,True,susceptible-enriched,mixed,True,0.9937299876585661,0.9695610991360997,0.30438900863900376,0.9937299876585661,0.95,0.9,0.8,0.02,0.35,1.0,1.38,3.0,3.981071705534973,3.6666666666666665,1.0,0.7,2.15,i_hi,i,h_i,3.981071705534973,3.6666666666666665
0.5,0.6931471805599453,2.1767751276123195,1.6495160501337092,3.826291177746029,0.43110050268192013,-0.06889949731807987,-0.2773625403556814,-0.2773625403556814,0.6836226214016992,-0.009524559158246126,0.23569569957583525,0.4107607510604119,5.0,1105.053101083326,16.319359855181272,1.3285878290455313,2.15,0.12636582269577343,2.0,26.0,14.0,False,False,False,True,susceptible-enriched,mixed,True,0.99729506394456,0.9698106544761192,0.30189345523880806,0.99729506394456,0.95,0.9,0.8,0.02,0.35,1.0,1.38,3.0,5.011872336272725,3.6666666666666665,1.0,0.7,2.15,i_hi,i,h_i,5.011872336272725,3.6666666666666665
0.5,0.6931471805599453,2.177243073331177,1.6477479802827193,3.8249910536138962,0.4307847932679235,-0.06921520673207648,-0.2786499359940228,-0.2786499359940226,0.68353485222118,-0.009612328338765241,0.23529101978048209,0.41177245054879485,5.0,1104.5841663359133,16.362616135368356,1.3290566024823836,2.15,0.126222592347617,2.0,26.0,14.0,False,False,False,True,susceptible-enriched,mixed,True,0.9988354433721636,0.9699184810360515,0.3008151896394855,0.9988354433721636,0.95,0.9,0.8,0.02,0.35,1.0,1.38,3.0,6.309573444801933,3.6666666666666665,1.0,0.7,2.15,i_hi,i,h_i,6.309573444801933,3.6666666666666665
0.5,0.6931471805599453,2.1774456013274364,1.6469841948049835,3.82442979613242,0.43064830121095443,-0.06935169878904557,-0.27920659246818946,-0.27920659246818946,0.6834967807291368,-0.00965039983080851,0.23511710378805656,0.4122072405298587,5.0,1104.3817029775232,16.381321095465793,1.3292603060962866,2.15,0.12616095712933642,2.0,27.0,14.0,False,False,False,True,susceptible-enriched,mixed,True,0.9994990638291864,0.969964934468043,0.3003506553195695,0.9994990638291864,0.95,0.9,0.8,0.02,0.35,1.0,1.38,3.0,7.943282347242818,3.6666666666666665,1.0,0.7,2.15,i_hi,i,h_i,7.943282347242818,3.6666666666666665
0.5,0.6931471805599453,2.1775327326306457,1.6466550416985302,3.824187774329176,0.43058948432190414,-0.06941051567809586,-0.27944647902894104,-0.27944647902894104,0.6834803516113139,-0.009666828948631356,0.23504235099930817,0.4123941225017296,5.0,1104.2944164329424,16.389382245505487,1.329348282498466,2.15,0.12613445014727845,2.0,27.0,14.0,False,False,False,True,susceptible-enriched,mixed,True,0.9997846029368873,0.9699849222055821,0.3001507779441789,0.9997846029368873,0.95,0.9,0.8,0.02,0.35,1.0,1.38,3.0,10.0,3.6666666666666665,1.0,0.7,2.15,i_hi,i,h_i,10.0,3.6666666666666665
0.5,0.6931471805599453,2.0681243489359242,2.12026006562407,4.188384414559994,0.5062238457037167,0.006223845703716702,0.024896668739624834,0.024896668739624834,0.6930697060484707,-7.74745114745512e-05,0.3430784320124499,0.14230391996887526,2.0,1234.755615790095,5.950852312470321,153.16895320725283,2.1500000000000004,0.5212956141078922,7.0,9.0,,False,False,False,False,resistant-enriched,mixed,True,9.999000099990003e-05,0.90000699930007,0.9999300069993001,9.999000099990003e-05,0.95,0.9,0.8,0.02,0.35,1.0,1.38,3.0,0.1,4.0,1.0,0.7,2.15,i_hi,i,h_i,0.1,4.0
0.5,0.6931471805599453,2.0681302267212383,2.1202322210514355,4.188362447772674,0.5062198526249686,0.006219852624968603,0.024880693951006096,0.024880693951006096,0.6930698054309352,-7.737512901007104e-05,0.3430661805978518,0.14233454850537053,2.0,1234.747765721147,5.951436513415789,149.8017976688023,2.15,0.5209487386576874,7.0,9.0,,False,False,False,False,resistant-enriched,mixed,True,0.00025112556326146193,0.9000175787894283,0.9998242121057169,0.00025112556326146193,0.95,0.9,0.8,0.02,0.35,1.0,1.38,3.0,0.12589254117941673,4.0,1.0,0.7,2.15,i_hi,i,h_i,0.12589254117941673,4.0
0.5,0.6931471805599453,2.0681450378477897,2.1201623187337577,4.188307356581547,0.5062098213499336,0.006209821349933642,0.024840562650707592,0.024840562650707592,0.6930700548147353,-7.712574521001603e-05,0.3430354277407216,0.14241143064819606,2.0,1234.7280744703455,5.952903725010866,141.7766268109712,2.15,0.5202398914483541,6.0,,,False,False,False,False,resistant-enriched,mixed,True,0.0006305594883398934,0.9000441391641838,0.9995586083581621,0.0006305594883398934,0.95,0.9,0.8,0.02,0.35,1.0,1.38,3.0,0.15848931924611134,4.0,1.0,0.7,2.15,i_hi,i,h_i,0.15848931924611134,4.0
0.5,0.6931471805599453,2.068181139372922,2.119986011687118,4.18816715106004,0.5061846710560589,0.00618467105605891,0.024739946018114287,0.024739946018114287,0.6930706782969167,-7.650226302857721e-05,0.34295831436729474,0.14260421408176316,2.0,1234.6780697839247,5.956588562142651,124.06536495856555,2.15,0.5185560480693021,6.0,,,False,False,False,False,resistant-enriched,mixed,True,0.0015823852808017206,0.9001107669696562,0.9988923303034388,0.0015823852808017206,0.95,0.9,0.8,0.02,0.35,1.0,1.38,3.0,0.19952623149688797,4.0,1.0,0.7,2.15,i_hi,i,h_i,0.19952623149688797,4.0
0.5,0.6931471805599453,2.0682760290427122,2.119546943616951,4.187822972659664,0.506121428115391,0.006121428115390959,0.024486935939239552,0.024486935939239552,0.6930722349233001,-7.494563664522946e-05,0.34276561066779654,0.14308597333050865,2.0,1234.5548801328034,5.9658272412818,91.42803073464376,2.15,0.5143745872145921,6.0,,,False,False,False,False,resistant-enriched,mixed,True,0.003965285619152201,0.9002775699933406,0.9972243000665935,0.003965285619152201,0.95,0.9,0.8,0.02,0.35,1.0,1.38,3.0,0.251188643150958,4.0,1.0,0.7,2.15,i_hi,i,h_i,0.251188643150958,4.0
0.5,0.6931471805599453,2.0685078929997656,2.1184432872326617,4.186951180232427,0.5059632166800336,0.005963216680033634,0.02385399775909452,0.0238539977590943,0.6930760589674896,-7.112159245570293e-05,0.34228614697333865,0.14428463256665347,2.0,1234.243386601451,5.988971863717113,50.252454442649174,2.15,0.5041653160562795,6.0,,,False,False,False,False,resistant-enriched,mixed,True,0.009900990099009901,0.9006930693069307,0.9930693069306931,0.009900990099009901,0.95,0.9,0.8,0.02,0.35,1.0,1.38,3.0,0.31622776601683794,4.0,1.0,0.7,2.15,i_hi,i,h_i,0.31622776601683794,4.0
0.5,0.6931471805599453,2.0690884710697364,2.1156950822070555,4.184783553276792,0.5055685808529841,0.005568580852984062,0.022275244422560167,0.022275244422560167,0.6930851610923641,-6.201946758122023e-05,0.34111436369969494,0.14721409075076264,2.0,1233.4683797985385,6.046651505892284,21.623675700307526,2.15,0.4847928619196413,5.0,172.0,,False,False,False,False,resistant-enriched,mixed,True,0.024503367550336004,0.9017152357285235,0.9828476427147648,0.024503367550336004,0.95,0.9,0.8,0.02,0.35,1.0,1.38,3.0,0.3981071705534973,4.0,1.0,0.7,2.15,i_hi,i,h_i,0.3981071705534973,4.0
0.5,0.6931471805599453,2.0705108861235955,2.108921358003815,4.17943224412741,0.5045951782008419,0.004595178200841876,0.01838123032416997,0.01838123032416997,0.6931049486400354,-4.2231919909929694e-05,0.33835885770219626,0.15410285574450944,2.0,1231.5545386666768,6.188753552103991,9.150007638906292,2.15,0.4457257682566911,5.0,88.0,,False,False,False,False,resistant-enriched,mixed,True,0.059350943102767624,0.9041545660171938,0.9584543398280627,0.059350943102767624,0.95,0.9,0.8,0.02,0.35,1.0,1.38,3.0,0.5011872336272724,4.0,1.0,0.7,2.15,i_hi,i,h_i,0.5011872336272724,4.0
0.5,0.6931471805599453,2.073883454719592,2.0926848261430417,4.166568280862634,0.5022562178459675,0.002256217845967523,0.00902493263965742,0.00902493263965742,0.6931369994874569,-1.0181072488402165e-05,0.3324331488680758,0.1689171278298106,2.0,1226.953197496578,6.529027590013217,4.194954041037369,2.15,0.37502081147758126,5.0,46.0,,False,False,False,False,resistant-enriched,mixed,True,0.13680688860321008,0.9095764822022248,0.904235177977753,0.13680688860321008,0.95,0.9,0.8,0.02,0.35,1.0,1.38,3.0,0.6309573444801934,4.0,1.0,0.7,2.15,i_hi,i,h_i,0.6309573444801934,4.0
0.5,0.6931471805599453,2.081379846797744,2.056278298352435,4.137658145150179,0.49696669618843076,-0.0030333038115692434,-0.012133364098748748,-0.012133364098748748,0.6931287785830409,-1.8401976904391937e-05,0.3218319113963133,0.19542022150921678,2.0,1216.6404420955591,7.290943129562294,2.257860873691508,2.15,0.28727031462686453,4.0,27.0,,False,False,False,False,susceptible-enriched,mixed,True,0.2847472489508014,0.9199323074265561,0.800676925734439,0.2847472489508014,0.95,0.9,0.8,0.02,0.35,1.0,1.38,3.0,0.7943282347242815,4.0,1.0,0.7,2.15,i_hi,i,h_i,0.7943282347242815,4.0
0.5,0.6931471805599453,2.096098007850193,1.9858217388575845,4.0819197467077775,0.48649210716580715,-0.013507892834192847,-0.05404472212509797,-0.05404472212509797,0.6927822098189301,-0.00036497074101515814,0.3079105564865327,0.23022360878366832,2.0,1196.7551619938977,8.768447369565557,1.5484362658035131,2.15,0.20499869561068434,3.0,19.0,,False,False,False,False,susceptible-enriched,mixed,True,0.5,0.935,0.65,0.5,0.95,0.9,0.8,0.02,0.35,1.0,1.38,3.0,1.0,4.0,1.0,0.7,2.15,i_hi,i,h_i,1.0,4.0
0.5,0.6931471805599453,2.1190049630377987,1.8824350360062088,4.001439999044008,0.4704394009296516,-0.029560599070348414,-0.11838045077298233,-0.11838045077298233,0.6913985029961729,-0.001748677563772394,0.2811018350565871,0.2972454123585323,3.0,1167.9999678971149,10.976121865809386,1.339424912804232,2.15,0.15930598622035072,3.0,18.0,11.0,False,False,False,True,susceptible-enriched,mixed,True,0.7152527510491987,0.9500676925734439,0.4993230742655609,0.7152527510491987,0.95,0.9,0.8,0.02,0.35,1.0,1.38,3.0,1.2589254117941675,4.0,1.0,0.7,2.15,i_hi,i,h_i,1.2589254117941675,4.0
0.5,0.6931471805599453,2.1435281241357345,1.7795646494605268,3.9230927735962613,0.45361268574569474,-0.046387314254305256,-0.18608437219537424,-0.18608437219537402,0.6888374197996334,-0.004309760760311865,0.26035773690901454,0.3491056577274637,4.0,1139.9105554623147,13.25831756801949,1.3073720660004642,2.15,0.13976794954033936,2.0,21.0,13.0,False,False,False,True,susceptible-enriched,mixed,True,0.8631931113967901,0.9604235177977754,0.39576482202224694,0.8631931113967901,0.95,0.9,0.8,0.02,0.35,1.0,1.38,3.0,1.584893192461114,4.0,1.0,0.7,2.15,i_hi,i,h_i,1.584893192461114,4.0
0.5,0.6931471805599453,2.1610611620674747,1.709835247264531,3.8708964093320057,0.44171557862991084,-0.05828442137008916,-0.2342023605491229,-0.2342023605491229,0.6863375619511971,-0.00680961860874818,0.2460566618432839,0.3848583453917903,4.0,1121.1390014846124,14.87139405044611,1.3145994414771587,2.15,0.13179642999413116,2.0,24.0,14.0,False,False,False,True,susceptible-enriched,mixed,True,0.9406490568972324,0.9658454339828063,0.3415456601719373,0.9406490568972324,0.95,0.9,0.8,0.02,0.35,1.0,1.38,3.0,1.9952623149688797,4.0,1.0,0.7,2.15,i_hi,i,h_i,1.9952623149688797,4.0
0.5,0.6931471805599453,2.17039438943073,1.6737824276878497,3.8441768171185795,0.4354072425166023,-0.06459275748339771,-0.2598229052123359,-0.2598229052123357,0.6847793656411888,-0.008367814918756489,0.24017381790798575,0.3995654552300356,4.0,1111.5083328610726,15.730492683079005,1.3224722029617202,2.15,0.12841758081162186,2.0,25.0,14.0,False,False,False,True,susceptible-enriched,mixed,True,0.975496632449664,0.9682847642714765,0.3171523572852353,0.975496632449664,0.95,0.9,0.8,0.02,0.35,1.0,1.38,3.0,2.511886431509581,4.0,1.0,0.7,2.15,i_hi,i,h_i,2.511886431509581,4.0
0.5,0.6931471805599453,2.174619778958421,1.6576812679497523,3.8323010469081735,0.432555075308381,-0.067444924691619,-0.271434035626303,-0.271434035626303,0.684021753059284,-0.009125427500661254,0.23760471003100445,0.40598822492248887,5.0,1107.2210760966723,16.120230359989964,1.326469315930133,2.15,0.12703799193524326,2.0,26.0,14.0,False,False,False,True,susceptible-enriched,mixed,True,0.9900990099009901,0.9693069306930693,0.306930693069307,0.9900990099009901,0.95,0.9,0.8,0.02,0.35,1.0,1.38,3.0,3.1622776601683795,4.0,1.0,0.7,2.15,i_hi,i,h_i,3.1622776601683795,4.0
0.5,0.6931471805599453,2.176394125003274,1.6509574421271729,3.8273515671304468,0.4313576668278155,-0.06864233317218449,-0.2763140486376209,-0.2763140486376209,0.6836938142820143,-0.00945336627793103,0.2360278445547762,0.4099303886130595,5.0,1105.4355540878776,16.28413494930907,1.3282085083255415,2.1500000000000004,0.12648318577491013,2.0,26.0,14.0,False,False,False,True,susceptible-enriched,mixed,True,0.9960347143808478,0.9697224300066594,0.3027756999334066,0.9960347143808478,0.95,0.9,0.8,0.02,0.35,1.0,1.38,3.0,3.981071705534973,4.0,1.0,0.7,2.15,i_hi,i,h_i,3.981071705534973,4.0
0.5,0.6931471805599453,2.177116163893283,1.6482284634015651,3.8253446272948484,0.4308705813434476,-0.06912941865655242,-0.27830008786532096,-0.27830008786532096,0.683558742056414,-0.009588438503531305,0.23540065241382435,0.4114983689654391,5.0,1104.7116624850232,16.350860527326873,1.3289289070421941,2.15,0.12626142095235035,2.0,26.0,14.0,False,False,False,True,susceptible-enriched,mixed,True,0.9984176147191983,0.9698892330303439,0.3011076696965612,0.9984176147191983,0.95,0.9,0.8,0.02,0.35,1.0,1.38,3.0,5.011872336272725,4.0,1.0,0.7,2.15,i_hi,i,h_i,5.011872336272725,4.0
0.5,0.6931471805599453,2.177405951257548,1.647133445552458,3.824539396810006,0.4306749845291981,-0.06932501547080189,-0.27909776633466593,-0.27909776633466593,0.6835042294355744,-0.009642951124370858,0.23515105421181914,0.41212236447045214,5.0,1104.4212466094175,16.377664290814575,1.3292204362334674,2.15,0.12617299283690495,2.0,27.0,14.0,False,False,False,True,susceptible-enriched,mixed,True,0.9993694405116601,0.9699558608358162,0.3004413916418379,0.9993694405116601,0.95,0.9,0.8,0.02,0.35,1.0,1.38,3.0,6.309573444801933,4.0,1.0,0.7,2.15,i_hi,i,h_i,6.309573444801933,4.0
0.5,0.6931471805599453,2.177522207370642,1.6466965149936512,3.8242187223642934,0.4305968446217935,-0.06940315537820652,-0.2794164593735812,-0.2794164593735812,0.6834824083107256,-0.009664772249219689,0.23505170195678585,0.4123707451080354,5.0,1104.305529521382,16.388373040362197,1.3293372977525535,2.15,0.12613776644127495,2.0,27.0,14.0,False,False,False,True,susceptible-enriched,mixed,True,0.9997488744367385,0.9699824212105717,0.300175787894283,0.9997488744367385,0.95,0.9,0.8,0.02,0.35,1.0,1.38,3.0,7.943282347242818,4.0,1.0,0.7,2.15,i_hi,i,h_i,7.943282347242818,4.0
0.5,0.6931471805599453,2.1775680128934063,1.6465219666953004,3.824089979588707,0.4305656968020374,-0.06943430319796262,-0.27954349945695856,-0.27954349945695856,0.6834737031187073,-0.009673477441238032,0.2350121514272539,0.4124696214318653,5.0,1104.259140872974,16.392642523222545,1.3293838913334382,2.1499999999999995,0.126123738988034,2.0,27.0,14.0,False,False,False,True,susceptible-enriched,mixed,True,0.9999000099990001,0.96999300069993,0.30006999300070003,0.9999000099990001,0.95,0.9,0.8,0.02,0.35,1.0,1.38,3.0,10.0,4.0,1.0,0.7,2.15,i_hi,i,h_i,10.0,4.0
0.5,0.6931471805599453,2.06812225846395,2.120269931231655,4.188392189695605,0.5062252614375511,0.006225261437551088,0.02490233255274209,0.02490233255274209,0.6930696707974051,-7.750976254017328e-05,0.34308277530493103,0.14229306173767242,2.0,1234.7583948471215,5.950645238273022,154.3869219196218,2.15,0.521418624085841,7.0,9.0,,False,False,False,False,resistant-enriched,mixed,True,4.641373400143315e-05,0.9000032489613802,0.999967510386199,4.641373400143315e-05,0.95,0.9,0.8,0.02,0.35,1.0,1.38,3.0,0.1,4.333333333333333,1.0,0.7,2.15,i_hi,i,h_i,0.1,4.333333333333333
0.5,0.6931471805599453,2.068125360498763,2.1202552999869004,4.188380660485663,0.5062231616123083,0.006223161612308292,0.02489393194998577,0.02489393194998577,0.6930697230791317,-7.745748081355863e-05,0.34307633349431643,0.14230916626420897,2.0,1234.7542737883357,5.950952370036914,152.58507334071447,2.15,0.5212361919212029,7.0,9.0,,False,False,False,False,resistant-enriched,mixed,True,0.00012587669424250338,0.900008811368597,0.9999118863140303,0.00012587669424250338,0.95,0.9,0.8,0.02,0.35,1.0,1.38,3.0,0.12589254117941673,4.333333333333333,1.0,0.7,2.15,i_hi,i,h_i,0.12589254117941673,4.333333333333333
0.5,0.6931471805599453,2.0681337476181043,2.1202156043834814,4.188349352001586,0.5062174680749216,0.006217468074921628,0.024871154275155082,0.024871154275155304,0.6930698647488213,-7.731581112402353e-05,0.3430588682695752,0.14235282932606197,2.0,1234.7430849097918,5.951785288433792,147.83925851682673,2.1500000000000004,0.5207530884491806,6.0,9.0,,False,False,False,False,resistant-enriched,mixed,True,0.0003413383357403704,0.9000238936835019,0.9997610631649817,0.0003413383357403704,0.95,0.9,0.8,0.02,0.35,1.0,1.38,3.0,0.15848931924611134,4.333333333333333,1.0,0.7,2.15,i_hi,i,h_i,0.15848931924611134,4.333333333333333
0.5,0.6931471805599453,2.0681565209662622,2.12010797916604,4.188264500132302,0.5062020269013737,0.006202026901373725,0.02480938005266423,0.02480938005266423,0.6930702483116974,-7.693224824789624e-05,0.34301154724138117,0.14247113189654714,2.0,1234.712759321871,5.954043777511229,135.94120691067164,2.15,0.5197177069955476,6.0,,,False,False,False,False,resistant-enriched,mixed,True,0.0009252618258234764,0.9000647683278077,0.9993523167219236,0.0009252618258234764,0.95,0.9,0.8,0.02,0.35,1.0,1.38,3.0,0.19952623149688797,4.333333333333333,1.0,0.7,2.15,i_hi,i,h_i,0.19952623149688797,4.333333333333333
0.5,0.6931471805599453,2.0682187570858552,2.119816687038791,4.188035444124646,0.5061601591774161,0.00616015917741608,0.024641883559310886,0.024641883559310886,0.6930712835176233,-7.589704232202621e-05,0.34288372924772337,0.14279067688069158,2.0,1234.630843912109,5.960162828375297,109.69606170423256,2.15,0.5169304574706352,6.0,,,False,False,False,False,resistant-enriched,mixed,True,0.002505592667285736,0.90017539148671,0.9982460851329,0.002505592667285736,0.95,0.9,0.8,0.02,0.35,1.0,1.38,3.0,0.251188643150958,4.333333333333333,1.0,0.7,2.15,i_hi,i,h_i,0.251188643150958,4.333333333333333
0.5,0.6931471805599453,2.0683857267823953,2.119027337399278,4.187413064181673,0.5060468850147675,0.006046885014767467,0.024188719379909,0.024188719379909,0.6930740491404295,-7.313141951581503e-05,0.3425392131628272,0.14365196709293204,2.0,1234.4083870154143,5.97672781236252,67.11900073635098,2.15,0.5095195865023371,6.0,,,False,False,False,False,resistant-enriched,mixed,True,0.006766818890153485,0.9004736773223108,0.9952632267768926,0.006766818890153485,0.95,0.9,0.8,0.02,0.35,1.0,1.38,3.0,0.31622776601683794,4.333333333333333,1.0,0.7,2.15,i_hi,i,h_i,0.31622776601683794,4.333333333333333
0.5,0.6931471805599453,2.068834175340888,2.116898186460456,4.185732361801344,0.5057414099809864,0.005741409980986378,0.022966649383139914,0.022966649383140025,0.6930812515339142,-6.59290260310863e-05,0.34162351258468204,0.1459412185382949,2.0,1233.8076667531077,6.021397053123822,28.96734140717459,2.15,0.4924998499875166,5.0,215.0,,False,False,False,False,resistant-enriched,mixed,True,0.01814323818419052,0.9012700266728934,0.9872997332710667,0.01814323818419052,0.95,0.9,0.8,0.02,0.35,1.0,1.38,3.0,0.3981071705534973,4.333333333333333,1.0,0.7,2.15,i_hi,i,h_i,0.3981071705534973,4.333333333333333
0.5,0.6931471805599453,2.070029468445104,2.111214685688428,4.181244154133532,0.504924995494775,0.004924995494774986,0.01970061912885943,0.01970061912885943,0.6930986686142235,-4.851194572175199e-05,0.3392717465763416,0.151820633559146,2.0,1232.2027319791298,6.140638183984529,11.287338911329323,2.15,0.4581887494766677,5.0,104.0,,False,False,False,False,resistant-enriched,mixed,True,0.04772672103420394,0.9033408704723943,0.9665912952760572,0.04772672103420394,0.95,0.9,0.8,0.02,0.35,1.0,1.38,3.0,0.5011872336272724,4.333333333333333,1.0,0.7,2.15,i_hi,i,h_i,0.5011872336272724,4.333333333333333
0.5,0.6931471805599453,2.0731088323556337,2.096425818846331,4.169534651201965,0.5027961137682326,0.002796113768232633,0.011184571665638937,0.011184571665638937,0.6931315439740344,-1.5636585910860923e-05,0.3337211568362911,0.16569710790927228,2.0,1228.0140803705601,6.450648955549715,4.736341887912042,2.15,0.3890098973809142,5.0,51.0,,False,False,False,False,resistant-enriched,mixed,True,0.11966843402942083,0.9083767903820594,0.9162320961794054,0.11966843402942083,0.95,0.9,0.8,0.02,0.35,1.0,1.38,3.0,0.6309573444801934,4.333333333333333,1.0,0.7,2.15,i_hi,i,h_i,0.6309573444801934,4.333333333333333
0.5,0.6931471805599453,2.0805243666871847,2.0604424770015126,4.140966843688697,0.4975752172809257,-0.0024247827190743143,-0.009699206913011389,-0.009699206913011389,0.693135421371383,-1.175918856233249e-05,0.3228918581029684,0.1927703547425791,2.0,1217.81886093542,7.203859651082469,2.3574862064047992,2.15,0.29472449095665776,4.0,28.0,,False,False,False,False,susceptible-enriched,mixed,True,0.269376770867385,0.918856373960717,0.8114362603928305,0.269376770867385,0.95,0.9,0.8,0.02,0.35,1.0,1.38,3.0,0.7943282347242815,4.333333333333333,1.0,0.7,2.15,i_hi,i,h_i,0.7943282347242815,4.333333333333333
0.5,0.6931471805599453,2.096098007850193,1.9858217388575845,4.0819197467077775,0.48649210716580715,-0.013507892834192847,-0.05404472212509797,-0.05404472212509797,0.6927822098189301,-0.00036497074101515814,0.3079105564865327,0.23022360878366832,2.0,1196.7551619938977,8.768447369565557,1.5484362658035131,2.15,0.20499869561068434,3.0,19.0,,False,False,False,False,susceptible-enriched,mixed,True,0.5,0.935,0.65,0.5,0.95,0.9,0.8,0.02,0.35,1.0,1.38,3.0,1.0,4.333333333333333,1.0,0.7,2.15,i_hi,i,h_i,1.0,4.333333333333333
0.5,0.6931471805599453,2.121131094279283,1.8732271736545785,3.994358267933862,0.46896824170545215,-0.03103175829454785,-0.12428677667801948,-0.12428677667801948,0.6912200021902736,-0.0019271783696717115,0.27925266851956604,0.30186832870108493,3.0,1165.4618848544399,11.176396117979627,1.3328542336030127,2.15,0.15659603049968293,3.0,18.0,11.0,False,False,False,True,susceptible-enriched,mixed,True,0.7306232291326152,0.951143626039283,0.48856373960716937,0.7306232291326152,0.95,0.9,0.8,0.02,0.35,1.0,1.38,3.0,1.2589254117941675,4.333333333333333,1.0,0.7,2.15,i_hi,i,h_i,1.2589254117941675,4.333333333333333
0.5,0.6931471805599453,2.147071023086467,1.7652466940015115,3.912317717087978,0.45120228510362964,-0.04879771489637036,-0.19581414791068977,-0.19581414791068977,0.6883771573906208,-0.004770023169324511,0.25703784285184084,0.35740539287039796,4.0,1136.0439690312448,13.584700185095915,1.3076906596920783,2.15,0.13794702791396604,2.0,21.0,13.0,False,False,False,True,susceptible-enriched,mixed,True,0.8803315659705794,0.9616232096179406,0.38376790382059445,0.8803315659705794,0.95,0.9,0.8,0.02,0.35,1.0,1.38,3.0,1.584893192461114,4.333333333333333,1.0,0.7,2.15,i_hi,i,h_i,1.584893192461114,4.333333333333333
0.5,0.6931471805599453,2.164063103005,1.6981650280006169,3.862228131005617,0.4396853242220215,-0.0603146757779785,-0.2424392481108155,-0.2424392481108155,0.6858537114490897,-0.007293469110855599,0.24405860500305004,0.3898534874923749,4.0,1118.0196322963973,15.147475546015183,1.3169111904513986,2.15,0.130655558112729,2.0,24.0,14.0,False,False,False,True,susceptible-enriched,mixed,True,0.952273278965796,0.9666591295276057,0.3334087047239428,0.952273278965796,0.95,0.9,0.8,0.02,0.35,1.0,1.38,3.0,1.9952623149688797,4.333333333333333,1.0,0.7,2.15,i_hi,i,h_i,1.9952623149688797,4.333333333333333
0.5,0.6931471805599453,2.1722104674679796,1.6668448934322722,3.839055360900252,0.4341809994220557,-0.06581900057794432,-0.26481274357659756,-0.26481274357659756,0.6844577005522555,-0.008689480007689765,0.23913408035616163,0.402164799109596,4.0,1109.659035933838,15.89794521069027,1.3241687268686482,2.15,0.12781410734170645,2.0,26.0,14.0,False,False,False,True,susceptible-enriched,mixed,True,0.9818567618158095,0.9687299733271066,0.31270026672893336,0.9818567618158095,0.95,0.9,0.8,0.02,0.35,1.0,1.38,3.0,2.511886431509581,4.333333333333333,1.0,0.7,2.15,i_hi,i,h_i,2.511886431509581,4.333333333333333
0.5,0.6931471805599453,2.1755517362731744,1.65414354689685,3.8296952831700244,0.43192562974034715,-0.06807437025965285,-0.27399892366063777,-0.27399892366063766,0.6838500929266069,-0.009297087633338363,0.23676949204646047,0.4080762698838488,5.0,1106.2810597216521,16.20636945485836,1.3273781199061023,2.1500000000000004,0.12674461554184283,2.0,26.0,14.0,False,False,False,True,susceptible-enriched,mixed,True,0.9932331811098465,0.9695263226776892,0.30473677322310755,0.9932331811098465,0.95,0.9,0.8,0.02,0.35,1.0,1.38,3.0,3.1622776601683795,4.333333333333333,1.0,0.7,2.15,i_hi,i,h_i,3.1622776601683795,4.333333333333333
0.5,0.6931471805599453,2.176835551275698,1.649287644762706,3.826123196038404,0.4310597333798322,-0.06894026662016778,-0.2775287760083731,-0.2775287760083731,0.6836113101358607,-0.009535870424084547,0.2356432510792729,0.4108918723018178,5.0,1104.9925127897493,16.324945029676876,1.3286481725472634,2.15,0.12634727404771912,2.0,26.0,14.0,False,False,False,True,susceptible-enriched,mixed,True,0.9974944073327142,0.96982460851329,0.3017539148671001,0.9974944073327142,0.95,0.9,0.8,0.02,0.35,1.0,1.38,3.0,3.981071705534973,4.333333333333333,1.0,0.7,2.15,i_hi,i,h_i,3.981071705534973,4.333333333333333
0.5,0.6931471805599453,2.1773159183260824,1.6474726212239506,3.824788539550033,0.43073560909010866,-0.06926439090989134,-0.27885051920933557,-0.27885051920933535,0.6835211421204426,-0.009626038439502715,0.23522827787108078,0.4119293053222981,5.0,1104.5111299341584,16.369356317486435,1.3291299344889684,2.15,0.1262003624061219,2.0,27.0,14.0,False,False,False,True,susceptible-enriched,mixed,True,0.9990747381741766,0.9699352316721923,0.30064768327807645,0.9990747381741766,0.95,0.9,0.8,0.02,0.35,1.0,1.38,3.0,5.011872336272725,4.333333333333333,1.0,0.7,2.15,i_hi,i,h_i,5.011872336272725,4.333333333333333
0.5,0.6931471805599453,2.177494366454299,1.6468003021108135,3.8242946685651127,0.4306154323429,-0.0693845676571,-0.2793406482121228,-0.279340648212123,0.6834876013213655,-0.00965957923857974,0.23507531598477874,0.4123117100380532,5.0,1104.3329588119714,16.38582584837398,1.3293094867424942,2.15,0.12614614047538322,2.0,27.0,14.0,False,False,False,True,susceptible-enriched,mixed,True,0.9996586616642597,0.9699761063164982,0.30023893683501823,0.9996586616642597,0.95,0.9,0.8,0.02,0.35,1.0,1.38,3.0,6.309573444801933,4.333333333333333,1.0,0.7,2.15,i_hi,i,h_i,6.309573444801933,4.333333333333333
0.5,0.6931471805599453,2.177560098263951,1.6465518202018647,3.8241119184658157,0.43057103330345,-0.06942896669655002,-0.2795217337428751,-0.2795217337428753,0.6834751948449105,-0.009671985715034803,0.23501892475052508,0.4124526881236873,5.0,1104.2670544670314,16.391911099303933,1.3293758966520057,2.1500000000000004,0.1261261414716928,2.0,27.0,14.0,False,False,False,True,susceptible-enriched,mixed,True,0.9998741233057575,0.969991188631403,0.30008811368596977,0.9998741233057575,0.95,0.9,0.8,0.02,0.35,1.0,1.38,3.0,7.943282347242818,4.333333333333333,1.0,0.7,2.15,i_hi,i,h_i,7.943282347242818,4.333333333333333
0.5,0.6931471805599453,2.1775844472379506,1.6464602084500495,3.824044655688,0.43055465003554666,-0.06944534996445334,-0.27958855554483425,-0.27958855554483425,0.6834706148180829,-0.009676565741862375,0.23499813428911187,0.4125046642772203,5.0,1104.2427852153646,16.394156610434248,1.3294004800528967,2.15,0.1261187669051431,2.0,27.0,14.0,False,False,False,True,susceptible-enriched,mixed,True,0.9999535862659986,0.9699967510386199,0.300032489613801,0.9999535862659986,0.95,0.9,0.8,0.02,0.35,1.0,1.38,3.0,10.0,4.333333333333333,1.0,0.7,2.15,i_hi,i,h_i,10.0,4.333333333333333
0.5,0.6931471805599453,2.068121288079906,2.120274510531606,4.188395798611512,0.5062259185806878,0.006225918580687773,0.02490496153286445,0.024904961532864228,0.6930696544321444,-7.752612780087542e-05,0.3430847914885717,0.14228802127857088,2.0,1234.7596847804361,5.95054912019592,154.9567030796034,2.15,0.5214757371665864,7.0,9.0,,False,False,False,False,resistant-enriched,mixed,True,2.1543882751435294e-05,0.9000015080717926,0.999984919282074,2.1543882751435294e-05,0.95,0.9,0.8,0.02,0.35,1.0,1.38,3.0,0.1,4.666666666666666,1.0,0.7,2.15,i_hi,i,h_i,0.1,4.666666666666666
0.5,0.6931471805599453,2.068122909225719,2.1202668602147026,4.1883897694404215,0.5062248207377259,0.0062248207377259,0.024900569480156835,0.024900569480157057,0.6930696817714702,-7.749878847507219e-05,0.3430814232445748,0.14229644188856305,2.0,1234.7575297764038,5.950709697905397,154.0063899386247,2.15,0.5213803277813901,7.0,9.0,,False,False,False,False,resistant-enriched,mixed,True,6.309175362748667e-05,0.900004416422754,0.9999558357724607,6.309175362748667e-05,0.95,0.9,0.8,0.02,0.35,1.0,1.38,3.0,0.12589254117941673,4.666666666666666,1.0,0.7,2.15,i_hi,i,h_i,0.12589254117941673,4.666666666666666
0.5,0.6931471805599453,2.0681276617023028,2.12024446139501,4.188372123097313,0.5062216056932123,0.006221605693212284,0.024887707309577768,0.024887707309577768,0.6930697618072332,-7.741875271205512e-05,0.34307156095456215,0.14232109761359468,2.0,1234.7512217881813,5.951179944116955,151.26820713357077,2.15,0.521101079751329,7.0,9.0,,False,False,False,False,resistant-enriched,mixed,True,0.00018475084056189867,0.9000129325588394,0.9998706744116067,0.00018475084056189867,0.95,0.9,0.8,0.02,0.35,1.0,1.38,3.0,0.15848931924611134,4.666666666666666,1.0,0.7,2.15,i_hi,i,h_i,0.15848931924611134,4.666666666666666
0.5,0.6931471805599453,2.068141536563626,2.1201788438130036,4.18832038037663,0.5062121927793759,0.006212192779375902,0.02485004983241024,0.02485004983241002,0.6930699958958444,-7.718466410089331e-05,0.34304269581582725,0.14239326046043188,2.0,1234.7327295786852,5.952556872767915,143.61995901456532,2.1499999999999995,0.5203989484661006,6.0,,,False,False,False,False,resistant-enriched,mixed,True,0.0005408768204935979,0.9000378613774346,0.9996213862256544,0.0005408768204935979,0.95,0.9,0.8,0.02,0.35,1.0,1.38,3.0,0.19952623149688797,4.666666666666666,1.0,0.7,2.15,i_hi,i,h_i,0.19952623149688797,4.666666666666666
0.5,0.6931471805599453,2.068181139372922,2.119986011687118,4.18816715106004,0.5061846710560589,0.00618467105605891,0.024739946018114287,0.024739946018114287,0.6930706782969167,-7.650226302857721e-05,0.34295831436729474,0.14260421408176316,2.0,1234.6780697839247,5.956588562142651,124.06536495856552,2.15,0.5185560480693021,6.0,,,False,False,False,False,resistant-enriched,mixed,True,0.0015823852808017215,0.9001107669696562,0.9988923303034388,0.0015823852808017215,0.95,0.9,0.8,0.02,0.35,1.0,1.38,3.0,0.251188643150958,4.666666666666666,1.0,0.7,2.15,i_hi,i,h_i,0.251188643150958,4.666666666666666
0.5,0.6931471805599453,2.06830169866802,2.119425708180621,4.187727406848641,0.5061040278587609,0.006104027858760852,0.024417324508463817,0.024417324508463928,0.693072660396641,-7.452016330433686e-05,0.34271265623938596,0.14321835940153516,2.0,1234.5207200039945,5.968371802456946,84.66113192605599,2.15,0.5132338146259323,6.0,,,False,False,False,False,resistant-enriched,mixed,True,0.004620144024698061,0.9003234100817289,0.9967658991827114,0.004620144024698061,0.95,0.9,0.8,0.02,0.35,1.0,1.38,3.0,0.31622776601683794,4.666666666666666,1.0,0.7,2.15,i_hi,i,h_i,0.31622776601683794,4.666666666666666
0.5,0.6931471805599453,2.0686465063231894,2.1177872499644934,4.186433756287682,0.505869045887505,0.005869045887505031,0.023477261843919264,0.023477261843919264,0.6930782875785906,-6.889298135470678e-05,0.3420035417668872,0.14499114558278203,2.0,1234.0584168487692,6.002739787980814,38.51818515964341,2.15,0.4983573216690901,5.0,268.0,,False,False,False,False,resistant-enriched,mixed,True,0.013411257127919745,0.9009387879989544,0.9906121200104562,0.013411257127919745,0.95,0.9,0.8,0.02,0.35,1.0,1.38,3.0,0.3981071705534973,4.666666666666666,1.0,0.7,2.15,i_hi,i,h_i,0.3981071705534973,4.666666666666666
0.5,0.6931471805599453,2.069644688487687,2.1130528451138004,4.1826975336014875,0.5051890145387511,0.005189014538751091,0.020756803369779402,0.020756803369779402,0.6930933278494669,-5.385271047841922e-05,0.34001767191526255,0.14995582021184362,2.0,1232.7224227862143,6.102092727411769,13.979226193698487,2.15,0.46872056509383164,5.0,123.0,,False,False,False,False,resistant-enriched,mixed,True,0.038286503882254776,0.9026800552717579,0.9731994472824217,0.038286503882254776,0.95,0.9,0.8,0.02,0.35,1.0,1.38,3.0,0.5011872336272724,4.666666666666666,1.0,0.7,2.15,i_hi,i,h_i,0.5011872336272724,4.666666666666666
0.5,0.6931471805599453,2.0724351471394025,2.099683155679311,4.172118302818713,0.503265488483572,0.003265488483571999,0.013062139652422103,0.013062139652422103,0.6931258535782588,-2.1326981686442537e-05,0.33487826169959034,0.1628043457510242,2.0,1228.938091031714,6.382420586202969,5.368890196014875,2.1500000000000004,0.4021950733753902,5.0,57.0,,False,False,False,False,resistant-enriched,mixed,True,0.10441727916673246,0.9073092095416713,0.9269079045832873,0.10441727916673246,0.95,0.9,0.8,0.02,0.35,1.0,1.38,3.0,0.6309573444801934,4.666666666666666,1.0,0.7,2.15,i_hi,i,h_i,0.6309573444801934,4.666666666666666
0.5,0.6931471805599453,2.079715966195398,2.0643695360340026,4.144085502229401,0.4981483936379764,-0.0018516063620235834,-0.007406459305080499,-0.007406459305080943,0.6931403236520332,-6.856907912133892e-06,0.3239237919303858,0.1901905201740356,2.0,1218.9298374539396,7.121700408660033,2.4657012729365397,2.15,0.30216597737649403,4.0,29.0,,False,False,False,False,susceptible-enriched,mixed,True,0.25454071590092864,0.917817850113065,0.82182149886935,0.25454071590092864,0.95,0.9,0.8,0.02,0.35,1.0,1.38,3.0,0.7943282347242815,4.666666666666666,1.0,0.7,2.15,i_hi,i,h_i,0.7943282347242815,4.666666666666666
0.5,0.6931471805599453,2.096098007850193,1.9858217388575845,4.0819197467077775,0.48649210716580715,-0.013507892834192847,-0.05404472212509797,-0.05404472212509797,0.6927822098189301,-0.00036497074101515814,0.3079105564865327,0.23022360878366832,2.0,1196.7551619938977,8.768447369565557,1.5484362658035131,2.15,0.20499869561068434,3.0,19.0,,False,False,False,False,susceptible-enriched,mixed,True,0.5,0.935,0.65,0.5,0.95,0.9,0.8,0.02,0.35,1.0,1.38,3.0,1.0,4.666666666666666,1.0,0.7,2.15,i_hi,i,h_i,1.0,4.666666666666666
0.5,0.6931471805599453,2.1232637561933583,1.864051921060277,3.987315677253635,0.4674954460450922,-0.03250455395490781,-0.1302018419737274,-0.1302018419737276,0.6910325975965296,-0.002114582963415712,0.27749589606516933,0.3062602598370767,3.0,1162.9385259408123,11.376664068778629,1.327292896258642,2.1500000000000004,0.1540399010087887,3.0,18.0,12.0,False,False,False,True,susceptible-enriched,mixed,True,0.7454592840990715,0.9521821498869351,0.47817850113064997,0.7454592840990715,0.95,0.9,0.8,0.02,0.35,1.0,1.38,3.0,1.2589254117941675,4.666666666666666,1.0,0.7,2.15,i_hi,i,h_i,1.2589254117941675,4.666666666666666
0.5,0.6931471805599453,2.1503751689084565,1.7520008102149354,3.902375979123392,0.4489574606823239,-0.051042539317676106,-0.20488386911789574,-0.20488386911789563,0.6879274105798936,-0.005219769980051692,0.25416021262834865,0.3645994684291284,4.0,1132.4701630334364,13.888815027473061,1.3086333502614504,2.15,0.1363544326570451,2.0,22.0,13.0,False,False,False,True,susceptible-enriched,mixed,True,0.8955827208332677,0.9626907904583287,0.3730920954167126,0.8955827208332677,0.95,0.9,0.8,0.02,0.35,1.0,1.38,3.0,1.584893192461114,4.666666666666666,1.0,0.7,2.15,i_hi,i,h_i,1.584893192461114,4.666666666666666
0.5,0.6931471805599453,2.166581555008389,1.6884292925891105,3.8550108475974993,0.4379830198509986,-0.06201698014900142,-0.2493519210640275,-0.2493519210640275,0.6854351231498851,-0.007712057410060202,0.24246249633880962,0.393843759152976,4.0,1115.418729809328,15.379251688125079,1.3190357440689018,2.15,0.1297392461742157,2.0,25.0,14.0,False,False,False,True,susceptible-enriched,mixed,True,0.9617134961177453,0.9673199447282421,0.32680055271757835,0.9617134961177453,0.95,0.9,0.8,0.02,0.35,1.0,1.38,3.0,1.9952623149688797,4.666666666666666,1.0,0.7,2.15,i_hi,i,h_i,1.9952623149688797,4.666666666666666
0.5,0.6931471805599453,2.1735861245968593,1.6616083315228585,3.8351944561197175,0.43325269436376934,-0.06674730563623066,-0.26859238778099553,-0.26859238778099553,0.6842101193579804,-0.008937061201964913,0.2383670954800457,0.4040822612998858,4.0,1108.265234630901,16.024819190804408,1.325474533032546,2.1499999999999995,0.12736771341857292,2.0,26.0,14.0,False,False,False,True,susceptible-enriched,mixed,True,0.9865887428720803,0.9690612120010457,0.30938787998954387,0.9865887428720803,0.95,0.9,0.8,0.02,0.35,1.0,1.38,3.0,2.511886431509581,4.666666666666666,1.0,0.7,2.15,i_hi,i,h_i,2.511886431509581,4.666666666666666
0.5,0.6931471805599453,2.176196257449695,1.651704112078045,3.8279003695277396,0.4314908834165454,-0.0685091165834546,-0.2757709666240726,-0.2757709666240726,0.6837305877227762,-0.009416592837169113,0.2362007902806988,0.4094980242982531,5.0,1105.633563257049,16.26589145633759,1.3280127377986741,2.15,0.1265442266770624,2.0,26.0,14.0,False,False,False,True,susceptible-enriched,mixed,True,0.995379855975302,0.9696765899182711,0.30323410081728863,0.995379855975302,0.95,0.9,0.8,0.02,0.35,1.0,1.38,3.0,3.1622776601683795,4.666666666666666,1.0,0.7,2.15,i_hi,i,h_i,3.1622776601683795,4.666666666666666
0.5,0.6931471805599453,2.177116163893283,1.6482284634015651,3.8253446272948484,0.4308705813434476,-0.06912941865655242,-0.27830008786532096,-0.27830008786532096,0.683558742056414,-0.009588438503531305,0.23540065241382435,0.4114983689654391,5.0,1104.7116624850232,16.350860527326873,1.3289289070421941,2.15,0.12626142095235035,2.0,26.0,14.0,False,False,False,True,susceptible-enriched,mixed,True,0.9984176147191983,0.9698892330303439,0.3011076696965612,0.9984176147191983,0.95,0.9,0.8,0.02,0.35,1.0,1.38,3.0,3.981071705534973,4.666666666666666,1.0,0.7,2.15,i_hi,i,h_i,3.981071705534973,4.666666666666666
0.5,0.6931471805599453,2.1774335775022053,1.647030328755372,3.824463906257577,0.4306565231431536,-0.06934347685684639,-0.2791730596910968,-0.2791730596910968,0.6834990762089573,-0.009648104350987952,0.23512756384202374,0.41218109039494066,5.0,1104.3939847917031,16.380194145902422,1.3292480362176646,2.15,0.12616466550185582,2.0,27.0,14.0,False,False,False,True,susceptible-enriched,mixed,True,0.9994591231795064,0.9699621386225654,0.3003786137743456,0.9994591231795064,0.95,0.9,0.8,0.02,0.35,1.0,1.38,3.0,5.011872336272725,4.666666666666666,1.0,0.7,2.15,i_hi,i,h_i,5.011872336272725,4.666666666666666
0.5,0.6931471805599453,2.1775420889316175,1.6466196997692077,3.8241617887008252,0.4305831684826835,-0.06941683151731648,-0.27947223885579986,-0.27947223885579986,0.6834785865909343,-0.009668593969010986,0.23503433078018404,0.41241417304954,5.0,1104.285044466499,16.390247899611637,1.3293577322192172,2.15,0.12613160568491144,2.0,27.0,14.0,False,False,False,True,susceptible-enriched,mixed,True,0.9998152491594381,0.9699870674411607,0.30012932558839334,0.9998152491594381,0.95,0.9,0.8,0.02,0.35,1.0,1.38,3.0,6.309573444801933,4.666666666666666,1.0,0.7,2.15,i_hi,i,h_i,6.309573444801933,4.666666666666666
0.5,0.6931471805599453,2.177579252981862,1.6464793803464717,3.8240586333283337,0.4305580897731766,-0.06944191022682339,-0.2795745259684002,-0.27957452596840043,0.6834715765052293,-0.009675604054716014,0.23500249757418606,0.41249375606453487,5.0,1104.2478393425667,16.39368519365418,1.3293952818611667,2.15,0.12612031465956497,2.0,27.0,14.0,False,False,False,True,susceptible-enriched,mixed,True,0.9999369082463725,0.969995583577246,0.3000441642275393,0.9999369082463725,0.95,0.9,0.8,0.02,0.35,1.0,1.38,3.0,7.943282347242818,4.666666666666666,1.0,0.7,2.15,i_hi,i,h_i,7.943282347242818,4.666666666666666
0.5,0.6931471805599453,2.1775922250746618,1.6464316450408,3.824023870115462,0.43054952086140824,-0.06945047913859176,-0.27960947583673373,-0.27960947583673396,0.6834691807060426,-0.009677999853902719,0.23499162816627728,0.41252092958430686,5.0,1104.2352654092056,16.39485949701742,1.329408179452153,2.15,0.12611645898183282,2.0,27.0,14.0,False,False,False,True,susceptible-enriched,mixed,True,0.9999784561172486,0.9699984919282074,0.30001508071792604,0.9999784561172486,0.95,0.9,0.8,0.02,0.35,1.0,1.38,3.0,10.0,4.666666666666666,1.0,0.7,2.15,i_hi,i,h_i,10.0,4.666666666666666
0.5,0.6931471805599453,2.0681208376603526,2.1202766360830716,4.188397473743424,0.5062262236033802,0.00622622360338021,0.02490618181284567,0.02490618181284567,0.6930696468353799,-7.753372456542618e-05,0.3430857273627357,0.1422856815931608,2.0,1234.7602835219234,5.950504505534241,155.2221379892835,2.15,0.5215022503525719,7.0,9.0,,False,False,False,False,resistant-enriched,mixed,True,9.999900000999992e-06,0.9000006999930001,0.9999930000699992,9.999900000999992e-06,0.95,0.9,0.8,0.02,0.35,1.0,1.38,3.0,0.1,5.0,1.0,0.7,2.15,i_hi,i,h_i,0.1,5.0
0.5,0.6931471805599453,2.0681216813007106,2.1202726549004085,4.188394336201119,0.5062256522922097,0.006225652292209727,0.024903896213783458,0.024903896213783014,0.6930696610639069,-7.751949603840291e-05,0.3430839744760957,0.14229006380976084,2.0,1234.7591620717862,5.950588069313979,154.72547475314695,2.15,0.5214525925498543,7.0,9.0,,False,False,False,False,resistant-enriched,mixed,True,3.162177663330558e-05,0.9000022135243644,0.9999778647563566,3.162177663330558e-05,0.95,0.9,0.8,0.02,0.35,1.0,1.38,3.0,0.12589254117941673,5.0,1.0,0.7,2.15,i_hi,i,h_i,0.12589254117941673,5.0
0.5,0.6931471805599453,2.0681243489359242,2.12026006562407,4.188384414559994,0.5062238457037167,0.006223845703716702,0.024896668739624834,0.024896668739624834,0.6930697060484707,-7.74745114745512e-05,0.3430784320124499,0.14230391996887526,2.0,1234.755615790095,5.950852312470321,153.16895320725283,2.1500000000000004,0.5212956141078922,7.0,9.0,,False,False,False,False,resistant-enriched,mixed,True,9.999000099989999e-05,0.90000699930007,0.9999300069993001,9.999000099989999e-05,0.95,0.9,0.8,0.02,0.35,1.0,1.38,3.0,0.15848931924611134,5.0,1.0,0.7,2.15,i_hi,i,h_i,0.15848931924611134,5.0
0.5,0.6931471805599453,2.068132763647301,2.1202202482092902,4.1883530118565915,0.5062181344808493,0.006218134480849291,0.024873820311152994,0.02487382031115277,0.6930698481736483,-7.733238629703543e-05,0.3430609117061608,0.142347720734598,2.0,1234.7443930496302,5.951687817019611,148.38419937931437,2.15,0.5207996693860809,7.0,9.0,,False,False,False,False,resistant-enriched,mixed,True,0.00031612779762961777,0.9000221289458341,0.9997787105416592,0.00031612779762961777,0.95,0.9,0.8,0.02,0.35,1.0,1.38,3.0,0.19952623149688797,5.0,1.0,0.7,2.15,i_hi,i,h_i,0.19952623149688797,5.0
0.5,0.6931471805599453,2.068159401065543,2.1200943854939505,4.1882537865594935,0.5062000761027271,0.006200076102727103,0.024801575657666785,0.024801575657666785,0.69307029670219,-7.688385775528328e-05,0.343005572638062,0.14248606840484512,2.0,1234.7089299138604,5.954329103022114,134.53254434589584,2.1500000000000004,0.5195871646722695,6.0,,,False,False,False,False,resistant-enriched,mixed,True,0.0009990009990009992,0.9000699300699301,0.9993006993006993,0.0009990009990009992,0.95,0.9,0.8,0.02,0.35,1.0,1.38,3.0,0.251188643150958,5.0,1.0,0.7,2.15,i_hi,i,h_i,0.251188643150958,5.0
0.5,0.6931471805599453,2.068244048130708,2.11969716876492,4.187941216895628,0.5061430089355877,0.006143008935587724,0.024573272206431667,0.024573272206431445,0.6930717055435347,-7.547501641058663e-05,0.3428313841205666,0.14292153969858357,2.0,1234.5971648051323,5.962671156450325,101.00261654024935,2.1499999999999995,0.5157958502129403,6.0,,,False,False,False,False,resistant-enriched,mixed,True,0.003152309183260213,0.9002206616428282,0.9977933835717179,0.003152309183260213,0.95,0.9,0.8,0.02,0.35,1.0,1.38,3.0,0.31622776601683794,5.0,1.0,0.7,2.15,i_hi,i,h_i,0.31622776601683794,5.0
0.5,0.6931471805599453,2.0685078929997656,2.118443287232662,4.186951180232428,0.5059632166800336,0.005963216680033634,0.02385399775909474,0.023853997759094518,0.6930760589674896,-7.112159245570293e-05,0.3422861469733386,0.14428463256665358,2.0,1234.2433866014512,5.988971863717113,50.25245444264914,2.15,0.5041653160562791,6.0,,,False,False,False,False,resistant-enriched,mixed,True,0.009900990099009908,0.9006930693069307,0.9930693069306931,0.009900990099009908,0.95,0.9,0.8,0.02,0.35,1.0,1.38,3.0,0.3981071705534973,5.0,1.0,0.7,2.15,i_hi,i,h_i,0.3981071705534973,5.0
0.5,0.6931471805599453,2.0693354382122098,2.114521806245388,4.183857244457598,0.5054000848251977,0.005400084825197715,0.021601179207150278,0.021601179207150056,0.6930888575938418,-5.832296610353005e-05,0.3406238500184519,0.1484403749538703,2.0,1233.137171004667,6.071268495398413,17.367630199587687,2.15,0.47751680664644097,5.0,146.0,,False,False,False,False,resistant-enriched,mixed,True,0.030653430031715525,0.9021457401022202,0.9785425989777992,0.030653430031715525,0.95,0.9,0.8,0.02,0.35,1.0,1.38,3.0,0.5011872336272724,5.0,1.0,0.7,2.15,i_hi,i,h_i,0.5011872336272724,5.0
0.5,0.6931471805599453,2.0718477871148653,2.102511397921672,4.174359185036537,0.5036728524604116,0.003672852460411602,0.014691674096661217,0.014691674096661328,0.6931202006269136,-2.6979933031689995e-05,0.3359118403800933,0.16022039904976682,2.0,1229.7397177292414,6.323148733471376,6.107563193959921,2.15,0.41449482226362916,5.0,63.0,,False,False,False,False,resistant-enriched,mixed,True,0.09090909090909098,0.9063636363636364,0.9363636363636363,0.09090909090909098,0.95,0.9,0.8,0.02,0.35,1.0,1.38,3.0,0.6309573444801934,5.0,1.0,0.7,2.15,i_hi,i,h_i,0.6309573444801934,5.0
0.5,0.6931471805599453,2.078955050067227,2.068070336106532,4.147025386173759,0.4986876480191097,-0.0013123519808903028,-0.0052494199781254235,-0.0052494199781256455,0.6931437360205468,-3.4445393984894324e-06,0.3249259188290442,0.18768520292738955,2.0,1219.977277970219,7.044279655048742,2.5831672616962886,2.15,0.3095714802632821,4.0,30.0,,False,False,False,False,susceptible-enriched,mixed,True,0.2402530733520421,0.9168177151346429,0.8318228486535706,0.2402530733520421,0.95,0.9,0.8,0.02,0.35,1.0,1.38,3.0,0.7943282347242815,5.0,1.0,0.7,2.15,i_hi,i,h_i,0.7943282347242815,5.0
0.5,0.6931471805599453,2.096098007850193,1.9858217388575845,4.0819197467077775,0.48649210716580715,-0.013507892834192847,-0.05404472212509797,-0.05404472212509797,0.6927822098189301,-0.00036497074101515814,0.3079105564865327,0.23022360878366832,2.0,1196.7551619938977,8.768447369565557,1.5484362658035131,2.15,0.20499869561068434,3.0,19.0,,False,False,False,False,susceptible-enriched,mixed,True,0.5,0.935,0.65,0.5,0.95,0.9,0.8,0.02,0.35,1.0,1.38,3.0,1.0,5.0,1.0,0.7,2.15,i_hi,i,h_i,1.0,5.0
0.5,0.6931471805599453,2.1253954512268907,1.8549362413564565,3.980331692583347,0.46602554375375455,-0.033974456246245455,-0.13610755552563536,-0.13610755552563536,0.6908368734837473,-0.0023103070761979483,0.27582961411603013,0.3104259647099247,3.0,1160.4381494651848,11.576333788906357,1.3226301130550782,2.15,0.15163209855678453,3.0,18.0,12.0,False,False,False,True,susceptible-enriched,mixed,True,0.759746926647958,0.953182284865357,0.46817715134642945,0.759746926647958,0.95,0.9,0.8,0.02,0.35,1.0,1.38,3.0,1.2589254117941675,5.0,1.0,0.7,2.15,i_hi,i,h_i,1.2589254117941675,5.0
0.5,0.6931471805599453,2.1534285350291653,1.7398518873101365,3.893280422339302,0.44688583882296756,-0.05311416117703244,-0.21326125209518254,-0.21326125209518254,0.6874942925550764,-0.00565288800486885,0.2516698331658332,0.37082541708541705,4.0,1129.1952253099112,14.1696322604678,1.3099486902420292,2.15,0.13496528690121942,2.0,22.0,13.0,False,False,False,True,susceptible-enriched,mixed,True,0.9090909090909093,0.9636363636363636,0.36363636363636354,0.9090909090909093,0.95,0.9,0.8,0.02,0.35,1.0,1.38,3.0,1.584893192461114,5.0,1.0,0.7,2.15,i_hi,i,h_i,1.584893192461114,5.0
0.5,0.6931471805599453,2.168672803841355,1.6803825694532866,3.8490553732946418,0.4365701208436875,-0.06342987915631249,-0.25509388190537235,-0.2550938819053726,0.6850787581497357,-0.008068422410209553,0.24118898541239814,0.3970275364690047,4.0,1113.26977795642,15.571837194957077,1.3208956235465044,2.15,0.12900495317087204,2.0,25.0,14.0,False,False,False,True,susceptible-enriched,mixed,True,0.9693465699682845,0.96785425989778,0.3214574010222009,0.9693465699682845,0.95,0.9,0.8,0.02,0.35,1.0,1.38,3.0,1.9952623149688797,5.0,1.0,0.7,2.15,i_hi,i,h_i,1.9952623149688797,5.0
0.5,0.6931471805599453,2.174619778958421,1.6576812679497523,3.8323010469081735,0.432555075308381,-0.067444924691619,-0.271434035626303,-0.271434035626303,0.684021753059284,-0.009125427500661254,0.23760471003100445,0.40598822492248887,5.0,1107.2210760966723,16.120230359989964,1.326469315930133,2.15,0.12703799193524326,2.0,26.0,14.0,False,False,False,True,susceptible-enriched,mixed,True,0.9900990099009901,0.9693069306930693,0.306930693069307,0.9900990099009901,0.95,0.9,0.8,0.02,0.35,1.0,1.38,3.0,2.511886431509581,5.0,1.0,0.7,2.15,i_hi,i,h_i,2.511886431509581,5.0
0.5,0.6931471805599453,2.1766394395588304,1.6500280357498733,3.826667475308704,0.4311919042865784,-0.06880809571342161,-0.2769898667849533,-0.2769898667849532,0.683647955751333,-0.009499224808612317,0.23581349096888313,0.4104662725777922,5.0,1105.1888536914385,16.306839607795986,1.328452758148787,2.1500000000000004,0.12640746421162782,2.0,26.0,14.0,False,False,False,True,susceptible-enriched,mixed,True,0.9968476908167397,0.9697793383571718,0.30220661642828217,0.9968476908167397,0.95,0.9,0.8,0.02,0.35,1.0,1.38,3.0,3.1622776601683795,5.0,1.0,0.7,2.15,i_hi,i,h_i,3.1622776601683795,5.0
0.5,0.6931471805599453,2.1772934037540956,1.6475574450734076,3.824850848827503,0.4307507691648843,-0.0692492308351157,-0.27878869270547746,-0.27878869270547746,0.6835253690465171,-0.009621811513428224,0.2352476083597307,0.41188097910067334,5.0,1104.53360906002,16.36727890348004,1.3291073291166229,2.15,0.1262072120170538,2.0,26.0,14.0,False,False,False,True,susceptible-enriched,mixed,True,0.999000999000999,0.9699300699300699,0.30069930069930073,0.999000999000999,0.95,0.9,0.8,0.02,0.35,1.0,1.38,3.0,3.981071705534973,5.0,1.0,0.7,2.15,i_hi,i,h_i,3.981071705534973,5.0
0.5,0.6931471805599453,2.1775020059391093,1.6467712001822647,3.824273206121374,0.4306102392335198,-0.06938976076648018,-0.27936182854719194,-0.27936182854719194,0.6834861506198291,-0.009661029940116195,0.23506871641671426,0.4123282089582144,5.0,1104.3252253954536,16.38653761985351,1.3293172463599545,2.15,0.12614380021867658,2.0,27.0,14.0,False,False,False,True,susceptible-enriched,mixed,True,0.9996838722023704,0.9699778710541659,0.3002212894583407,0.9996838722023704,0.95,0.9,0.8,0.02,0.35,1.0,1.38,3.0,5.011872336272725,5.0,1.0,0.7,2.15,i_hi,i,h_i,5.011872336272725,5.0
0.5,0.6931471805599453,2.1775680128934063,1.6465219666953004,3.824089979588707,0.4305656968020374,-0.06943430319796262,-0.27954349945695856,-0.27954349945695856,0.6834737031187073,-0.009673477441238032,0.2350121514272539,0.4124696214318653,5.0,1104.259140872974,16.392642523222545,1.3293838913334382,2.1499999999999995,0.126123738988034,2.0,27.0,14.0,False,False,False,True,susceptible-enriched,mixed,True,0.9999000099990001,0.96999300069993,0.30006999300070003,0.9999000099990001,0.95,0.9,0.8,0.02,0.35,1.0,1.38,3.0,6.309573444801933,5.0,1.0,0.7,2.15,i_hi,i,h_i,6.309573444801933,5.0
0.5,0.6931471805599453,2.177589108467006,1.6464432451011197,3.8240323535681258,0.43055159916857333,-0.06944840083142667,-0.2796009990666044,-0.2796009990666043,0.683469761811611,-0.009677418748334277,0.2349942645687961,0.4125143385780098,5.0,1104.238329850556,16.394574670321468,1.3294050608504473,2.15,0.12611739420364632,2.0,27.0,14.0,False,False,False,True,susceptible-enriched,mixed,True,0.9999683782233667,0.9699977864756357,0.3000221352436433,0.9999683782233667,0.95,0.9,0.8,0.02,0.35,1.0,1.38,3.0,7.943282347242818,5.0,1.0,0.7,2.15,i_hi,i,h_i,7.943282347242818,5.0
0.5,0.6931471805599453,2.1775958103955984,1.6464183679547166,3.824014178350315,0.4305471400383206,-0.06945285996167938,-0.27961918648772055,-0.27961918648772055,0.6834685149937874,-0.009678665566157929,0.23498860830371132,0.4125284792407218,5.0,1104.231762319866,16.395185773378987,1.3294117492633701,2.15,0.12611538772001205,2.0,27.0,14.0,False,False,False,True,susceptible-enriched,mixed,True,0.999990000099999,0.969999300007,0.3000069999300007,0.999990000099999,0.95,0.9,0.8,0.02,0.35,1.0,1.38,3.0,10.0,5.0,1.0,0.7,2.15,i_hi,i,h_i,10.0,5.0
