initial_fR,initial_H,final_ns,final_nr,final_total,final_fR,delta_fR,final_log_ratio,delta_log_ratio,final_H,delta_H,min_total,peak_loss,peak_loss_time,auc_total,auc_a,auc_b,peak_a,peak_b,time_peak_b,time_to_ss,time_to_recovery,resistant_extinct,susceptible_extinct,community_collapsed,susceptible_recovered,selection_direction,outcome,solver_success,iota,beta,phi,effective_db_iota,alpha,beta_min,xi,d_a,kappa_b,d_b,gamma,h_a,i,h_i,phi_max,c,a0,plane,x_name,y_name,x_value,y_value
0.5,0.6931471805599453,1.2578097495594098,2.826645765166947,4.084455514726357,0.6920495902025565,0.19204959020255652,0.8097188523331093,0.8097188523331093,0.6174509161863502,-0.07569626437359511,0.011043413632177862,0.9723914659195554,16.0,2354.1050466029537,391.8467083142966,85.42866124119752,99.99999999999999,0.7384724823240205,14.0,382.0,,False,False,False,False,resistant-enriched,mixed,True,0.009900990099009903,0.9006930693069307,0.9930693069306931,0.009900990099009903,0.95,0.9,0.8,0.02,0.35,1.0,1.38,3.0,0.1,2.0,1.0,0.7,100.0,i_db,i,d_b,0.1,1.0
0.5,0.6931471805599453,1.2390297822400123,2.844683401192765,4.083713183432778,0.6965923593099941,0.19659235930999408,0.8311231391740916,0.8311231391740916,0.6137240004373117,-0.07942318012263361,0.00965748231188809,0.9758562942202798,16.0,2350.9107049192676,396.11385263932095,54.495882759642164,100.00000000000001,0.6988566634595595,12.0,274.0,,False,False,False,False,resistant-enriched,mixed,True,0.015601662241829605,0.9010921163569281,0.9890788364307193,0.015601662241829605,0.95,0.9,0.8,0.02,0.35,1.0,1.38,3.0,0.12589254117941673,2.0,1.0,0.7,100.0,i_db,i,d_b,0.12589254117941673,1.0
0.5,0.6931471805599453,1.205967962099361,2.876486840119792,4.082454802219153,0.7045973512201978,0.20459735122019784,0.8692871698193341,0.8692871698193343,0.6069185048643836,-0.0862286756955617,0.008266363787976471,0.9793340905300588,16.0,2345.1205544620784,403.2108214530155,34.856415331004456,100.00000000000001,0.6494578192965413,10.0,194.0,,False,False,False,False,resistant-enriched,mixed,True,0.02450336755033599,0.9017152357285235,0.9828476427147648,0.02450336755033599,0.95,0.9,0.8,0.02,0.35,1.0,1.38,3.0,0.15848931924611134,2.0,1.0,0.7,100.0,i_db,i,d_b,0.15848931924611134,1.0
0.5,0.6931471805599453,1.143148647938237,2.9369646310187374,4.080113278956974,0.7198242867829231,0.2198242867829231,0.943590182543478,0.943590182543478,0.5931191952697198,-0.1000279852902255,0.0061965931414429895,0.9845085171463925,18.0,2334.4572397925667,415.48079700513165,22.50597487231709,100.0,0.5914859662633031,10.0,138.0,,False,False,False,False,resistant-enriched,mixed,True,0.038286503882254734,0.9026800552717579,0.9731994472824217,0.038286503882254734,0.95,0.9,0.8,0.02,0.35,1.0,1.38,3.0,0.19952623149688797,2.0,1.0,0.7,100.0,i_db,i,d_b,0.19952623149688797,1.0
0.5,0.6931471805599453,1.0045374395200801,3.0702311665277184,4.074768606047798,0.753473746207542,0.25347374620754204,1.117225680932274,1.117225680932274,0.5584865657420321,-0.13466061481791314,0.003525921476295663,0.9911851963092608,20.0,2309.7602793789333,438.6029987885232,14.846077716162926,100.00000000000001,0.5287459780904932,8.0,102.0,,False,False,False,False,resistant-enriched,mixed,True,0.059350943102767596,0.9041545660171938,0.9584543398280627,0.059350943102767596,0.95,0.9,0.8,0.02,0.35,1.0,1.38,3.0,0.251188643150958,2.0,1.0,0.7,100.0,i_db,i,d_b,0.251188643150958,1.0
0.5,0.6931471805599453,0.6012277177260387,3.4607253499055246,4.061953067631563,0.8519855577561851,0.3519855577561851,1.7502597239635438,1.7502597239635438,0.4192494201111614,-0.2738977604487839,0.0007212246651949434,0.9981969383370126,30.0,2228.2219208440624,495.1489267735685,10.329371174272055,100.0,0.45967460164429996,6.0,92.0,,False,False,False,False,resistant-enriched,resistant-dominant,True,0.09090909090909091,0.9063636363636364,0.9363636363636364,0.09090909090909091,0.95,0.9,0.8,0.02,0.35,1.0,1.38,3.0,0.31622776601683794,2.0,1.0,0.7,100.0,i_db,i,d_b,0.31622776601683794,1.0
0.5,0.6931471805599453,0.08631323438962753,3.988126260584863,4.074439494974491,0.9788159243753433,0.47881592437534326,3.8330938510770687,3.8330938510770687,0.10261222827941949,-0.5905349522805258,6.539830952720227e-07,0.9999983650422618,70.0,1979.2937983586644,671.2284791376361,6.510172398749228,100.0,0.3913365787475456,6.0,140.0,,False,False,False,False,resistant-enriched,resistant-dominant,True,0.13680688860321005,0.9095764822022248,0.904235177977753,0.13680688860321005,0.95,0.9,0.8,0.02,0.35,1.0,1.38,3.0,0.3981071705534973,2.0,1.0,0.7,100.0,i_db,i,d_b,0.3981071705534973,1.0
0.5,0.6931471805599453,0.026564567440534023,4.058904776011401,4.085469343451935,0.9934977929810902,0.4934977929810902,5.02909017988981,5.02909017988981,0.03922362391753217,-0.6539235566424131,6.139142355286337e-11,0.9999999998465214,106.0,1770.2859863230506,952.530752271276,4.147722579912111,100.0,0.3291935246118033,4.0,182.0,,False,False,False,False,resistant-enriched,resistant-dominant,True,0.2007600089131018,0.9140532006239172,0.8594679937608287,0.2007600089131018,0.95,0.9,0.8,0.02,0.35,1.0,1.38,3.0,0.5011872336272724,2.0,1.0,0.7,100.0,i_db,i,d_b,0.5011872336272724,1.0
0.5,0.6931471805599453,0.025226665024053803,4.066296457829402,4.091523122853456,0.9938344073181089,0.4938344073181089,5.082586331987957,5.082586331987957,0.03752183553247844,-0.6556253450274668,5.2590191211079813e-14,0.9999999999998685,132.0,1628.3796767876322,1300.5068739102603,2.798613638524634,100.0,0.2762109803549445,4.0,212.0,,False,False,False,False,resistant-enriched,resistant-dominant,True,0.2847472489508015,0.9199323074265561,0.8006769257344389,0.2847472489508015,0.95,0.9,0.8,0.02,0.35,1.0,1.38,3.0,0.6309573444801934,2.0,1.0,0.7,100.0,i_db,i,d_b,0.6309573444801934,1.0
0.5,0.6931471805599453,0.05427282150807886,4.042133655307785,4.096406476815863,0.9867511142228579,0.4867511142228579,4.3105043871217505,4.3105043871217505,0.07044681552211102,-0.6227003650378342,1.9384992308653112e-16,0.9999999999999996,150.0,1526.2655717030884,1674.2030185153258,1.9789731749495942,100.00000000000001,0.22554299689617205,4.0,234.0,,False,False,False,False,resistant-enriched,resistant-dominant,True,0.386863179846857,0.92708042258928,0.7291957741072002,0.386863179846857,0.95,0.9,0.8,0.02,0.35,1.0,1.38,3.0,0.7943282347242815,2.0,1.0,0.7,100.0,i_db,i,d_b,0.7943282347242815,1.0
0.5,0.6931471805599453,0.1965516181800162,3.904204845710997,4.100756463891013,0.9520694242853139,0.45206942428531394,2.9888843321297016,2.9888843321297016,0.19237626896378024,-0.500770911596165,1.831001450267852e-18,1.0,162.0,1450.34982028873,2038.2882969063671,1.472034707718741,100.0,0.19260497957601994,2.0,252.0,,False,False,False,False,resistant-enriched,resistant-dominant,True,0.5,0.935,0.65,0.5,0.95,0.9,0.8,0.02,0.35,1.0,1.38,3.0,1.0,2.0,1.0,0.7,100.0,i_db,i,d_b,1.0,1.0
0.5,0.6931471805599453,0.8039881963078327,3.300356720748583,4.104344917056416,0.8041129065525898,0.3041129065525898,1.4122012509469979,1.4122012509469979,0.49464758703793,-0.1984995935220153,3.6821023038792627e-20,1.0,172.0,1393.011732934705,2366.7068275168817,1.156493039401551,100.0,0.1736340316014737,2.0,266.0,,False,False,False,False,resistant-enriched,resistant-dominant,True,0.6131368201531432,0.9429195774107201,0.5708042258927998,0.6131368201531432,0.95,0.9,0.8,0.02,0.35,1.0,1.38,3.0,1.2589254117941675,2.0,1.0,0.7,100.0,i_db,i,d_b,1.2589254117941675,1.0
0.5,0.6931471805599453,2.190903982102293,1.9154881523502385,4.106392134452531,0.4664649866921717,-0.03353501330782832,-0.1343417358829079,-0.1343417358829079,0.6908962969916934,-0.0022508835682518713,1.61224493204204e-21,1.0,180.0,1351.7925553488772,2642.3797869104237,0.9593581071736511,100.0,0.1585943503060749,2.0,278.0,,False,False,False,False,susceptible-enriched,mixed,True,0.7152527510491987,0.9500676925734439,0.4993230742655609,0.7152527510491987,0.95,0.9,0.8,0.02,0.35,1.0,1.38,3.0,1.584893192461114,2.0,1.0,0.7,100.0,i_db,i,d_b,1.584893192461114,1.0
0.5,0.6931471805599453,3.331146413241146,0.7751722855963513,4.106318698837497,0.18877548053340412,-0.3112245194665959,-1.4579864833255933,-1.4579864833255933,0.4844425194361084,-0.2087046611238369,1.5742865234290511e-22,1.0,184.0,1323.9893160247323,2858.6246738439118,0.8345777458508963,100.0,0.14751529042693007,2.0,294.0,,False,False,False,False,susceptible-enriched,susceptible-dominant,True,0.7992399910868984,0.9559467993760828,0.4405320062391712,0.7992399910868984,0.95,0.9,0.8,0.02,0.35,1.0,1.38,3.0,1.9952623149688797,2.0,1.0,0.7,100.0,i_db,i,d_b,1.9952623149688797,1.0
0.5,0.6931471805599453,3.792287892954016,0.3137886918108308,4.106076584764847,0.0764205648221735,-0.4235794351778265,-2.492004978275459,-2.492004978275459,0.2699388956691539,-0.4232082848907914,3.330862303082254e-23,1.0,188.0,1305.9628245088634,3018.7518403087865,0.7555594114003582,100.0,0.13977597213208232,2.0,316.0,,False,False,False,False,susceptible-enriched,susceptible-dominant,True,0.8631931113967901,0.9604235177977754,0.39576482202224694,0.8631931113967901,0.95,0.9,0.8,0.02,0.35,1.0,1.38,3.0,2.511886431509581,2.0,1.0,0.7,100.0,i_db,i,d_b,2.511886431509581,1.0
0.5,0.6931471805599453,3.952985061834122,0.15356363084637378,4.106548692680495,0.0373948155345352,-0.4626051844654648,-3.2481112700122496,-3.2481112700122496,0.1595744580073329,-0.5335727225526123,1.2592645396534139e-23,1.0,190.0,1293.9884666103853,3132.037551189165,0.7062543495488904,100.0,0.134561853433374,2.0,342.0,,False,False,False,False,susceptible-enriched,susceptible-dominant,True,0.9090909090909091,0.9636363636363636,0.36363636363636365,0.9090909090909091,0.95,0.9,0.8,0.02,0.35,1.0,1.38,3.0,3.1622776601683795,2.0,1.0,0.7,100.0,i_db,i,d_b,3.1622776601683795,1.0
0.5,0.6931471805599453,4.015048354822847,0.09211928969078541,4.107167644513632,0.022428909083815618,-0.4775710909161844,-3.7747203056229144,-3.7747203056229144,0.1073471210387817,-0.5858000595211635,6.936986573898357e-24,1.0,190.0,1286.5242665797637,3209.327228953836,0.6756300862355858,100.0,0.13113154869595023,2.0,364.0,,False,False,False,False,susceptible-enriched,susceptible-dominant,True,0.9406490568972324,0.9658454339828063,0.3415456601719373,0.9406490568972324,0.95,0.9,0.8,0.02,0.35,1.0,1.38,3.0,3.981071705534973,2.0,1.0,0.7,100.0,i_db,i,d_b,3.981071705534973,1.0
0.5,0.6931471805599453,4.042606525352534,0.0650681846537396,4.107674710006274,0.01584063716029749,-0.4841593628397025,-4.12920922770095,-4.12920922770095,0.0813767460726082,-0.6117704344873371,4.846406586448849e-24,1.0,192.0,1281.9049125739225,3260.623934653648,0.6564805841823039,100.0,0.12890906361865315,2.0,378.0,,False,False,False,False,susceptible-enriched,susceptible-dominant,True,0.9617134961177453,0.9673199447282421,0.32680055271757835,0.9617134961177453,0.95,0.9,0.8,0.02,0.35,1.0,1.38,3.0,5.011872336272725,2.0,1.0,0.7,100.0,i_db,i,d_b,5.011872336272725,1.0
0.5,0.6931471805599453,4.056325321727057,0.051707373529885664,4.108032695256942,0.01258689435203036,-0.48741310564796964,-4.362432356768245,-4.362432356768245,0.06757625555164169,-0.6255709250083036,3.862339913517597e-24,1.0,192.0,1278.6404759957875,3294.035570831635,0.644446724866309,100.0,0.12748308146714504,2.0,388.0,,False,False,False,False,susceptible-enriched,susceptible-dominant,True,0.975496632449664,0.9682847642714765,0.3171523572852353,0.975496632449664,0.95,0.9,0.8,0.02,0.35,1.0,1.38,3.0,6.309573444801933,2.0,1.0,0.7,100.0,i_db,i,d_b,6.309573444801933,1.0
0.5,0.6931471805599453,4.063737200824497,0.04453498613024453,4.108272186954742,0.010840320237704626,-0.48915967976229535,-4.5135832365671495,-4.5135832365671495,0.05982819232009968,-0.6333189882398456,3.359932293330557e-24,1.0,192.0,1276.5679066530538,3315.539624930383,0.636865481475868,100.0,0.12657377800989286,2.0,392.0,,False,False,False,False,susceptible-enriched,susceptible-dominant,True,0.9843983377581705,0.9689078836430719,0.3109211635692807,0.9843983377581705,0.95,0.9,0.8,0.02,0.35,1.0,1.38,3.0,7.943282347242818,2.0,1.0,0.7,100.0,i_db,i,d_b,7.943282347242818,1.0
0.5,0.6931471805599453,4.067967747130269,0.040459558418356814,4.108427305548626,0.009847943120160423,-0.4901520568798396,-4.6105959110526635,-4.6105959110526635,0.055301641121841244,-0.6378455394381041,3.0817709360723837e-24,1.0,192.0,1275.4250309219183,3329.2782026038935,0.6321060066772669,100.00000000000001,0.12599620191160216,2.0,396.0,,False,False,False,False,susceptible-enriched,susceptible-dominant,True,0.9900990099009901,0.9693069306930693,0.306930693069307,0.9900990099009901,0.95,0.9,0.8,0.02,0.35,1.0,1.38,3.0,10.0,2.0,1.0,0.7,100.0,i_db,i,d_b,10.0,1.0
0.5,0.6931471805599453,1.22612398777684,2.8570883195865373,4.083212307363377,0.6997158375610951,0.19971583756109512,0.8459450718162483,0.8459450718162483,0.6111048800582083,-0.082042300501737,0.009481932831316334,0.9762951679217091,16.0,2349.907214093053,396.3852115313289,49.193349484673575,99.99999999999999,0.6896494939491612,12.0,252.0,,False,False,False,False,resistant-enriched,mixed,True,0.009900990099009903,0.9006930693069307,0.9930693069306931,0.017326732673267328,0.95,0.9,0.8,0.02,0.35,1.75,1.38,3.0,0.1,2.0,1.0,0.7,100.0,i_db,i,d_b,0.1,1.75
0.5,0.6931471805599453,1.1835431529075562,2.8980499800612876,4.081593132968844,0.7100291199170364,0.21002911991703643,0.8955254787302444,0.8955254787302444,0.6021256070242951,-0.09102157353565021,0.008130098751292817,0.979674753121768,16.0,2343.517296107848,403.8057681589443,31.41393194720316,100.00000000000001,0.638554441593526,10.0,180.0,,False,False,False,False,resistant-enriched,mixed,True,0.015601662241829605,0.9010921163569281,0.9890788364307193,0.02730290892320181,0.95,0.9,0.8,0.02,0.35,1.75,1.38,3.0,0.12589254117941673,2.0,1.0,0.7,100.0,i_db,i,d_b,0.12589254117941673,1.75
0.5,0.6931471805599453,1.101057170993769,2.9774391163409986,4.078496287334768,0.7300335482925516,0.23003354829255163,0.9947927913086424,0.9947927913086426,0.583225469384274,-0.10992171117567129,0.005824134724192359,0.9854396631895191,18.0,2330.6091986178562,416.95804714264426,20.253258326638953,100.00000000000001,0.5768799130303911,8.0,128.0,,False,False,False,False,resistant-enriched,mixed,True,0.02450336755033599,0.9017152357285235,0.9828476427147648,0.04288089321308798,0.95,0.9,0.8,0.02,0.35,1.75,1.38,3.0,0.15848931924611134,2.0,1.0,0.7,100.0,i_db,i,d_b,0.15848931924611134,1.75
0.5,0.6931471805599453,0.9108245178179706,3.160352808914049,4.07117732673202,0.7762749090202121,0.2762749090202121,1.2440886959199244,1.2440886959199244,0.5315824140159704,-0.1615647665439749,0.002965582900719049,0.9925860427482024,22.0,2299.315276657246,443.2046187512518,13.388538972042886,100.0,0.5110300391946314,8.0,94.0,,False,False,False,False,resistant-enriched,mixed,True,0.038286503882254734,0.9026800552717579,0.9731994472824217,0.06700138179394578,0.95,0.9,0.8,0.02,0.35,1.75,1.38,3.0,0.19952623149688797,2.0,1.0,0.7,100.0,i_db,i,d_b,0.19952623149688797,1.75
0.5,0.6931471805599453,0.3601135725915688,3.699324480378905,4.059438052970473,0.9112897972841199,0.41128979728411985,2.329486047975283,2.329486047975283,0.29954350286414966,-0.39360367769579563,0.0003159914670324154,0.999210021332419,36.0,2178.4695618168175,519.2652572806853,9.21959053037868,100.00000000000001,0.4414417351546542,6.0,100.0,,False,False,False,False,resistant-enriched,resistant-dominant,True,0.059350943102767596,0.9041545660171938,0.9584543398280627,0.10386415042984329,0.95,0.9,0.8,0.02,0.35,1.75,1.38,3.0,0.251188643150958,2.0,1.0,0.7,100.0,i_db,i,d_b,0.251188643150958,1.75
0.5,0.6931471805599453,0.033892039677846084,4.042246554531773,4.076138594209619,0.991685258267226,0.491685258267226,4.781375725205853,4.781375725205853,0.04810540629620014,-0.6450417742637451,5.8649386090803e-08,0.9999998533765347,80.0,1915.0493311054852,729.990907161259,5.542803035937412,100.0,0.3659638642318554,6.0,152.0,,False,False,False,False,resistant-enriched,resistant-dominant,True,0.09090909090909091,0.9063636363636364,0.9363636363636364,0.1590909090909091,0.95,0.9,0.8,0.02,0.35,1.75,1.38,3.0,0.31622776601683794,2.0,1.0,0.7,100.0,i_db,i,d_b,0.31622776601683794,1.75
0.5,0.6931471805599453,0.009531868214251454,4.074555049385836,4.084086917600088,0.9976660956520845,0.49766609565208453,6.057876095851149,6.057876095851149,0.01647513550701741,-0.6766720450529279,1.4534471012605088e-11,0.9999999999636638,114.0,1729.1111363640348,1032.4513109183304,3.4972780750953594,99.99999999999999,0.3057503512174266,4.0,188.0,,False,False,False,False,resistant-enriched,resistant-dominant,True,0.13680688860321005,0.9095764822022248,0.904235177977753,0.23941205505561758,0.95,0.9,0.8,0.02,0.35,1.75,1.38,3.0,0.3981071705534973,2.0,1.0,0.7,100.0,i_db,i,d_b,0.3981071705534973,1.75
0.5,0.6931471805599453,0.007272975891256891,4.081562809823663,4.08883578571492,0.9982212599692395,0.4982212599692395,6.330069689340902,6.330069689340902,0.013039872221177553,-0.6801073083387678,3.210845182831305e-14,0.9999999999999197,136.0,1603.5375233310228,1387.7190039752168,2.294712959353744,100.0,0.24492669707626563,4.0,216.0,,False,False,False,False,resistant-enriched,resistant-dominant,True,0.2007600089131018,0.9140532006239172,0.8594679937608287,0.35133001559792815,0.95,0.9,0.8,0.02,0.35,1.75,1.38,3.0,0.5011872336272724,2.0,1.0,0.7,100.0,i_db,i,d_b,0.5011872336272724,1.75
0.5,0.6931471805599453,0.012014582446040437,4.0810210355034116,4.093035617949452,0.9970646279271668,0.49706462792716677,5.827981374027655,5.827981374027655,0.02004698249314252,-0.6731001980668028,2.4491408596559836e-16,0.9999999999999993,152.0,1512.6877524183035,1757.6984892696673,1.5566330492252982,100.0,0.19321754342641206,2.0,236.0,,False,False,False,False,resistant-enriched,resistant-dominant,True,0.2847472489508015,0.9199323074265561,0.8006769257344389,0.4983076856639026,0.95,0.9,0.8,0.02,0.35,1.75,1.38,3.0,0.6309573444801934,2.0,1.0,0.7,100.0,i_db,i,d_b,0.6309573444801934,1.75
0.5,0.6931471805599453,0.03630200656265428,4.060917866507245,4.0972198730699,0.9911398441657331,0.4911398441657331,4.717291285587777,4.717291285587777,0.05069557632028285,-0.6424516042396624,3.6078489664330195e-18,1.0,164.0,1442.8361965575148,2119.1416773053224,1.0979690158928486,100.00000000000001,0.16461011681084287,2.0,252.0,,False,False,False,False,resistant-enriched,resistant-dominant,True,0.386863179846857,0.92708042258928,0.7291957741072002,0.6770105647319997,0.95,0.9,0.8,0.02,0.35,1.75,1.38,3.0,0.7943282347242815,2.0,1.0,0.7,100.0,i_db,i,d_b,0.7943282347242815,1.75
0.5,0.6931471805599453,0.16232260144772503,3.9389531378403895,4.1012757392881145,0.9604214367025465,0.46042143670254654,3.1890845438806408,3.1890845438806408,0.1666024787668135,-0.5265447017931317,8.099080902177146e-20,1.0,174.0,1386.722106727928,2457.778899435553,0.8123028609647043,100.0,0.13934263795228383,2.0,266.0,,False,False,False,False,resistant-enriched,resistant-dominant,True,0.5,0.935,0.65,0.875,0.95,0.9,0.8,0.02,0.35,1.75,1.38,3.0,1.0,2.0,1.0,0.7,100.0,i_db,i,d_b,1.0,1.75
0.5,0.6931471805599453,0.756927308498185,3.3478406540433494,4.104767962541534,0.8155980276094532,0.3155980276094532,1.486803613040253,1.4868036130402533,0.4780031774175093,-0.21514400314243598,2.839439803994363e-21,1.0,182.0,1341.7138711960533,2760.2943730448837,0.6343345424962609,100.00000000000001,0.11926245020233704,2.0,278.0,,False,False,False,False,resistant-enriched,resistant-dominant,True,0.6131368201531432,0.9429195774107201,0.5708042258927998,1.0729894352680005,0.95,0.9,0.8,0.02,0.35,1.75,1.38,3.0,1.2589254117941675,2.0,1.0,0.7,100.0,i_db,i,d_b,1.2589254117941675,1.75
0.5,0.6931471805599453,2.191772820647009,1.9151093493991374,4.106882170046147,0.4663170916777528,-0.033682908322247185,-0.13493600098268044,-0.13493600098268044,0.6908763845745978,-0.002270795985347518,1.7481525343019428e-22,1.0,186.0,1308.5755554322602,3014.704330095109,0.5234195153340311,100.0,0.1045750263490467,2.0,288.0,,False,False,False,False,susceptible-enriched,mixed,True,0.7152527510491987,0.9500676925734439,0.4993230742655609,1.2516923143360978,0.95,0.9,0.8,0.02,0.35,1.75,1.38,3.0,1.584893192461114,2.0,1.0,0.7,100.0,i_db,i,d_b,1.584893192461114,1.75
0.5,0.6931471805599453,3.359509550317985,0.7474913608330596,4.107000911151045,0.18200418675426216,-0.31799581324573784,-1.502827527351653,-1.502827527351653,0.4744189626215387,-0.21872821793840658,2.1284189949481128e-23,1.0,190.0,1285.9632959739547,3215.235880953786,0.4535137864277251,100.0,0.09443409830519908,2.0,304.0,,False,False,False,False,susceptible-enriched,susceptible-dominant,True,0.7992399910868984,0.9559467993760828,0.4405320062391712,1.3986699844020722,0.95,0.9,0.8,0.02,0.35,1.75,1.38,3.0,1.9952623149688797,2.0,1.0,0.7,100.0,i_db,i,d_b,1.9952623149688797,1.75
0.5,0.6931471805599453,3.8131996782880098,0.2937516782666104,4.10695135655462,0.07152548271549115,-0.42847451728450886,-2.5634891475613535,-2.5634891475613535,0.2575671423167789,-0.4355800382431664,5.16924452448812e-24,1.0,194.0,1271.26023087126,3364.438608186209,0.4093469831665062,100.0,0.08768349878132675,2.0,326.0,,False,False,False,False,susceptible-enriched,susceptible-dominant,True,0.8631931113967901,0.9604235177977754,0.39576482202224694,1.5105879449443826,0.95,0.9,0.8,0.02,0.35,1.75,1.38,3.0,2.511886431509581,2.0,1.0,0.7,100.0,i_db,i,d_b,2.511886431509581,1.75
0.5,0.6931471805599453,3.9663696201861707,0.1411219440539788,4.107491564240149,0.03435720849254748,-0.4656427915074525,-3.3359821339037863,-3.3359821339037863,0.1495763279056216,-0.5435708526543237,2.1533575279054884e-24,1.0,194.0,1261.4257484440175,3470.4039098753806,0.3818472529101731,100.0,0.08328701221132043,2.0,352.0,,False,False,False,False,susceptible-enriched,susceptible-dominant,True,0.9090909090909091,0.9636363636363636,0.36363636363636365,1.5909090909090908,0.95,0.9,0.8,0.02,0.35,1.75,1.38,3.0,3.1622776601683795,2.0,1.0,0.7,100.0,i_db,i,d_b,3.1622776601683795,1.75
0.5,0.6931471805599453,4.0244128474588345,0.08371133703449184,4.1081241844933265,0.02037702203610876,-0.47962297796389125,-3.872759886040042,-3.872759886040042,0.09950281124161757,-0.5936443693183278,1.264101402109395e-24,1.0,196.0,1255.412683254599,3542.877993824082,0.36482147454099584,99.99999999999999,0.08046011860761373,2.0,374.0,,False,False,False,False,susceptible-enriched,susceptible-dominant,True,0.9406490568972324,0.9658454339828063,0.3415456601719373,1.6461358495701568,0.95,0.9,0.8,0.02,0.35,1.75,1.38,3.0,3.981071705534973,2.0,1.0,0.7,100.0,i_db,i,d_b,3.981071705534973,1.75
0.5,0.6931471805599453,4.049883926629927,0.05872422113016554,4.108608147760092,0.014292971979374687,-0.4857070280206253,-4.233591232144194,-4.233591232144194,0.07490670120999558,-0.6182404793499497,9.204584800192278e-25,1.0,196.0,1251.1803745091574,3591.040940820932,0.35412925818429175,100.0,0.07865602120047117,2.0,388.0,,False,False,False,False,susceptible-enriched,susceptible-dominant,True,0.9617134961177453,0.9673199447282421,0.32680055271757835,1.6829986182060541,0.95,0.9,0.8,0.02,0.35,1.75,1.38,3.0,5.011872336272725,2.0,1.0,0.7,100.0,i_db,i,d_b,5.011872336272725,1.75
0.5,0.6931471805599453,4.062499943893485,0.046468191884759036,4.108968135778244,0.011308968662994487,-0.48869103133700553,-4.470785779788764,-4.470785779788764,0.06193337756996921,-0.6312138029899761,7.588068667034839e-25,1.0,198.0,1248.8972523665757,3622.4331238015575,0.3474698539204446,100.00000000000001,0.0775097595402982,2.0,396.0,,False,False,False,False,susceptible-enriched,susceptible-dominant,True,0.975496632449664,0.9682847642714765,0.3171523572852353,1.707119106786912,0.95,0.9,0.8,0.02,0.35,1.75,1.38,3.0,6.309573444801933,2.0,1.0,0.7,100.0,i_db,i,d_b,6.309573444801933,1.75
0.5,0.6931471805599453,4.069278125584031,0.03991658102565316,4.109194706609684,0.009713966817256654,-0.49028603318274333,-4.624429095858796,-4.624429095858796,0.05468300596265947,-0.6384641745972858,6.697427411948472e-25,1.0,198.0,1247.1537197402047,3642.645047592537,0.34326637058636567,100.0,0.07678340362263943,2.0,402.0,,False,False,False,False,susceptible-enriched,susceptible-dominant,True,0.9843983377581705,0.9689078836430719,0.3109211635692807,1.7226970910767985,0.95,0.9,0.8,0.02,0.35,1.75,1.38,3.0,7.943282347242818,2.0,1.0,0.7,100.0,i_db,i,d_b,7.943282347242818,1.75
0.5,0.6931471805599453,4.07314254492206,0.03620367907189527,4.109346223993955,0.00881008245557567,-0.4911899175444243,-4.723009359073812,-4.723009359073812,0.05045922257973709,-0.6426879579802082,6.198208625839918e-25,1.0,198.0,1245.9752388596933,3655.5617196150265,0.34061196162372437,100.0,0.07632387852786296,2.0,406.0,,False,False,False,False,susceptible-enriched,susceptible-dominant,True,0.9900990099009901,0.9693069306930693,0.306930693069307,1.7326732673267327,0.95,0.9,0.8,0.02,0.35,1.75,1.38,3.0,10.0,2.0,1.0,0.7,100.0,i_db,i,d_b,10.0,1.75
0.5,0.6931471805599453,1.1911540198053305,2.8907166619826445,4.081870681787975,0.7081842829759685,0.20818428297596847,0.8865818495593112,0.8865818495593112,0.6037694505975422,-0.08937772996240312,0.008474454862565758,0.9788138628435856,16.0,2345.173168106703,401.2152553264724,34.625181853744095,99.99999999999999,0.6501142633053042,10.0,194.0,,False,False,False,False,resistant-enriched,mixed,True,0.009900990099009903,0.9006930693069307,0.9930693069306931,0.024752475247524757,0.95,0.9,0.8,0.02,0.35,2.5,1.38,3.0,0.1,2.0,1.0,0.7,100.0,i_db,i,d_b,0.1,2.5
0.5,0.6931471805599453,1.1176548310028427,2.961450917653986,4.079105748656828,0.7260049383689391,0.2260049383689391,0.9744467339813883,0.9744467339813883,0.5871920549528189,-0.10595512560712639,0.006494729290410473,0.9837631767739738,18.0,2334.4471346258365,412.4015157220685,22.22121370013361,100.00000000000001,0.5912503683313189,10.0,136.0,,False,False,False,False,resistant-enriched,mixed,True,0.015601662241829605,0.9010921163569281,0.9890788364307193,0.039004155604574015,0.95,0.9,0.8,0.02,0.35,2.5,1.38,3.0,0.12589254117941673,2.0,1.0,0.7,100.0,i_db,i,d_b,0.12589254117941673,2.5
0.5,0.6931471805599453,0.9568780762949477,3.11607506694067,4.072953143235617,0.7650652873617916,0.2650652873617916,1.1806535161570046,1.1806535161570049,0.5451706003841501,-0.14797658017579518,0.003743834440804969,0.9906404138979876,20.0,2309.2686669615614,434.07261551937955,14.533569300159176,100.00000000000001,0.5267642489464146,8.0,100.0,,False,False,False,False,resistant-enriched,mixed,True,0.02450336755033599,0.9017152357285235,0.9828476427147648,0.06125841887583998,0.95,0.9,0.8,0.02,0.35,2.5,1.38,3.0,0.15848931924611134,2.0,1.0,0.7,100.0,i_db,i,d_b,0.15848931924611134,2.5
0.5,0.6931471805599453,0.49937420742507993,3.559910729703528,4.059284937128608,0.8769797599430604,0.37697975994306043,1.9641350182201724,1.9641350182201724,0.37289972706419355,-0.32024745349575173,0.0007447520040058597,0.9981381199899854,30.0,2222.1269472716413,490.8765935416939,9.97540449806879,100.0,0.4550453149437877,6.0,92.0,,False,False,False,False,resistant-enriched,resistant-dominant,True,0.038286503882254734,0.9026800552717579,0.9731994472824217,0.09571625970563684,0.95,0.9,0.8,0.02,0.35,2.5,1.38,3.0,0.19952623149688797,2.0,1.0,0.7,100.0,i_db,i,d_b,0.19952623149688797,2.5
0.5,0.6931471805599453,0.043349096865457404,4.029080312332018,4.072429409197475,0.9893554700377238,0.48935547003772384,4.53200754910127,4.53200754910127,0.05894267838391315,-0.6342045021760321,4.973731800490518e-07,0.9999987565670498,72.0,1964.4474696040652,674.3137873448723,6.070836781827653,100.00000000000001,0.3805673097291752,6.0,142.0,,False,False,False,False,resistant-enriched,resistant-dominant,True,0.059350943102767596,0.9041545660171938,0.9584543398280627,0.148377357756919,0.95,0.9,0.8,0.02,0.35,2.5,1.38,3.0,0.251188643150958,2.0,1.0,0.7,100.0,i_db,i,d_b,0.251188643150958,2.5
0.5,0.6931471805599453,0.007916733561536665,4.073534901874384,4.08145163543592,0.9980603142536831,0.49806031425368313,6.243287736089861,6.243287736089861,0.014051585604718994,-0.6790955949552263,8.683088502145895e-11,0.9999999997829228,108.0,1763.22100847383,959.0173922383647,3.7455596786274366,100.0,0.31440671065595494,4.0,182.0,,False,False,False,False,resistant-enriched,resistant-dominant,True,0.09090909090909091,0.9063636363636364,0.9363636363636364,0.2272727272727273,0.95,0.9,0.8,0.02,0.35,2.5,1.38,3.0,0.31622776601683794,2.0,1.0,0.7,100.0,i_db,i,d_b,0.31622776601683794,2.5
0.5,0.6931471805599453,0.003993239962990557,4.081976189851085,4.085969429814075,0.9990226946061189,0.4990226946061189,6.9297335882003726,6.9297335882003726,0.007750249282082773,-0.6853969312778625,1.754865295778829e-13,0.9999999999995612,132.0,1630.0169360098614,1300.7856083297054,2.4013297259449495,99.99999999999999,0.25062442070103985,4.0,208.0,,False,False,False,False,resistant-enriched,resistant-dominant,True,0.13680688860321005,0.9095764822022248,0.904235177977753,0.34201722150802516,0.95,0.9,0.8,0.02,0.35,2.5,1.38,3.0,0.3981071705534973,2.0,1.0,0.7,100.0,i_db,i,d_b,0.3981071705534973,2.5
0.5,0.6931471805599453,0.004346171163133143,4.085332475702587,4.08967864686572,0.9989372829656276,0.49893728296562756,6.845863128262409,6.845863128262409,0.008338497479891769,-0.6848086830800535,1.5546485120390721e-15,0.9999999999999961,148.0,1537.1221771290784,1658.1904205923763,1.5788692275576868,100.0,0.19269411533582587,2.0,230.0,,False,False,False,False,resistant-enriched,resistant-dominant,True,0.2007600089131018,0.9140532006239172,0.8594679937608287,0.5019000222827545,0.95,0.9,0.8,0.02,0.35,2.5,1.38,3.0,0.5011872336272724,2.0,1.0,0.7,100.0,i_db,i,d_b,0.5011872336272724,2.5
0.5,0.6931471805599453,0.008935088354114036,4.08453930546968,4.0934743938237945,0.9978172360458403,0.4978172360458403,6.124978186711958,6.124978186711958,0.01555453126161658,-0.6775926492983287,2.845764465890843e-17,0.9999999999999999,162.0,1466.591446953335,2008.259315925743,1.0680914189582922,100.0,0.1599666169550363,2.0,246.0,,False,False,False,False,resistant-enriched,resistant-dominant,True,0.2847472489508015,0.9199323074265561,0.8006769257344389,0.7118681223770038,0.95,0.9,0.8,0.02,0.35,2.5,1.38,3.0,0.6309573444801934,2.0,1.0,0.7,100.0,i_db,i,d_b,0.6309573444801934,2.5
0.5,0.6931471805599453,0.03090302959553361,4.0665732611707615,4.097476290766295,0.9924580333350131,0.49245803333501315,4.879701748964403,4.879701748964403,0.04437309903398164,-0.6487740815259636,7.319307504273701e-19,1.0,170.0,1409.4442251763242,2343.4171790676933,0.7499104920741665,100.0,0.12984751363362523,2.0,260.0,,False,False,False,False,resistant-enriched,resistant-dominant,True,0.386863179846857,0.92708042258928,0.7291957741072002,0.9671579496171424,0.95,0.9,0.8,0.02,0.35,2.5,1.38,3.0,0.7943282347242815,2.0,1.0,0.7,100.0,i_db,i,d_b,0.7943282347242815,2.5
0.5,0.6931471805599453,0.15030442921603177,3.9511411583699916,4.101445587586023,0.9633533040957649,0.4633533040957649,3.269096951531252,3.269096951531252,0.15713665772762095,-0.5360105228323243,2.337421030532163e-20,1.0,178.0,1361.2860120595988,2658.0555197461395,0.5519988107004186,100.0,0.10529054900647437,2.0,272.0,,False,False,False,False,resistant-enriched,resistant-dominant,True,0.5,0.935,0.65,1.25,0.95,0.9,0.8,0.02,0.35,2.5,1.38,3.0,1.0,2.0,1.0,0.7,100.0,i_db,i,d_b,1.0,2.5
0.5,0.6931471805599453,0.7387096425779742,3.366203043839048,4.1049126864170224,0.820042544382897,0.32004254438289703,1.516635757035609,1.5166357570356093,0.4713289686100051,-0.22181821194994017,1.0211955082299274e-21,1.0,184.0,1321.5689511810756,2941.787272073554,0.42922921986168633,100.00000000000001,0.08717197633438768,2.0,282.0,,False,False,False,False,resistant-enriched,resistant-dominant,True,0.6131368201531432,0.9429195774107201,0.5708042258927998,1.532842050382858,0.95,0.9,0.8,0.02,0.35,2.5,1.38,3.0,1.2589254117941675,2.0,1.0,0.7,100.0,i_db,i,d_b,1.2589254117941675,2.5
0.5,0.6931471805599453,2.1921072882089248,1.9149471299365288,4.107054418145454,0.46625803677595923,-0.03374196322404077,-0.13517329937551623,-0.13517329937551623,0.6908684089355133,-0.002278771624432019,7.170991605662234e-23,1.0,190.0,1291.3932618964454,3182.6456139954403,0.35306381348336,100.0,0.07470604020513379,2.0,294.0,,False,False,False,False,susceptible-enriched,mixed,True,0.7152527510491987,0.9500676925734439,0.4993230742655609,1.7881318776229969,0.95,0.9,0.8,0.02,0.35,2.5,1.38,3.0,1.584893192461114,2.0,1.0,0.7,100.0,i_db,i,d_b,1.584893192461114,2.5
0.5,0.6931471805599453,3.37061595965414,0.7366388786992714,4.107254838353412,0.17935066308049882,-0.32064933691950115,-1.5207530000805887,-1.5207530000805887,0.4704074367449017,-0.22273974381504358,9.559539848209457e-24,1.0,194.0,1270.9119295245248,3373.857575143562,0.30535412891280395,100.0,0.06648222489913623,2.0,308.0,,False,False,False,False,susceptible-enriched,susceptible-dominant,True,0.7992399910868984,0.9559467993760828,0.4405320062391712,1.998099977717246,0.95,0.9,0.8,0.02,0.35,2.5,1.38,3.0,1.9952623149688797,2.0,1.0,0.7,100.0,i_db,i,d_b,1.9952623149688797,2.5
0.5,0.6931471805599453,3.821205742956599,0.2860741007311622,4.107279843687761,0.06965050145555891,-0.4303494985444411,-2.5920704205878433,-2.5920704205878433,0.2527339631473743,-0.440413217412571,2.4466495627088694e-24,1.0,196.0,1257.4317344663143,3516.8508944860023,0.27523601055830266,100.00000000000001,0.06117755828576093,2.0,330.0,,False,False,False,False,susceptible-enriched,susceptible-dominant,True,0.8631931113967901,0.9604235177977754,0.39576482202224694,2.1579827784919754,0.95,0.9,0.8,0.02,0.35,2.5,1.38,3.0,2.511886431509581,2.0,1.0,0.7,100.0,i_db,i,d_b,2.511886431509581,2.5
0.5,0.6931471805599453,3.9714209304823194,0.13642301447142827,4.107843944953748,0.03321036930797144,-0.46678963069202856,-3.3711187676694694,-3.3711187676694694,0.14573045485661412,-0.5474167257033311,1.0620319839661926e-24,1.0,198.0,1248.6725609411328,3618.760080078601,0.2566561234680843,100.0,0.0577938944929496,2.0,356.0,,False,False,False,False,susceptible-enriched,susceptible-dominant,True,0.9090909090909091,0.9636363636363636,0.36363636363636365,2.2727272727272725,0.95,0.9,0.8,0.02,0.35,2.5,1.38,3.0,3.1622776601683795,2.0,1.0,0.7,100.0,i_db,i,d_b,3.1622776601683795,2.5
0.5,0.6931471805599453,4.027900663598528,0.08056291572032212,4.10846357931885,0.01960901299596741,-0.4803909870040326,-3.911962151156963,-3.911962151156963,0.09651353721454792,-0.5966336433453974,6.40137082704609e-25,1.0,198.0,1242.6992702999833,3688.6061459041366,0.2450818365915046,100.0,0.05564719185370854,2.0,378.0,,False,False,False,False,susceptible-enriched,susceptible-dominant,True,0.9406490568972324,0.9658454339828063,0.3415456601719373,2.3516226422430813,0.95,0.9,0.8,0.02,0.35,2.5,1.38,3.0,3.981071705534973,2.0,1.0,0.7,100.0,i_db,i,d_b,3.981071705534973,2.5
0.5,0.6931471805599453,4.052605616022588,0.05636129358488413,4.108966909607473,0.013716657939761382,-0.4862833420602386,-4.2753326762654495,-4.2753326762654495,0.07245487638732645,-0.6206923041726189,4.746354808236647e-25,1.0,198.0,1239.1993320988986,3735.0816479827167,0.23790866978323413,100.0,0.054288817262122695,2.0,392.0,,False,False,False,False,susceptible-enriched,susceptible-dominant,True,0.9617134961177453,0.9673199447282421,0.32680055271757835,2.404283740294363,0.95,0.9,0.8,0.02,0.35,2.5,1.38,3.0,5.011872336272725,2.0,1.0,0.7,100.0,i_db,i,d_b,5.011872336272725,2.5
0.5,0.6931471805599453,4.0647834811977,0.04452280843091451,4.1093062896286146,0.010834628838274874,-0.48916537116172515,-4.514114149532186,-4.514114149532186,0.05980250220435287,-0.6333446783555924,3.943458093357266e-25,1.0,200.0,1236.5674930110722,3765.3912411977126,0.23337357830215247,100.0,0.053430397491177825,2.0,400.0,,False,False,False,False,susceptible-enriched,susceptible-dominant,True,0.975496632449664,0.9682847642714765,0.3171523572852353,2.43874158112416,0.95,0.9,0.8,0.02,0.35,2.5,1.38,3.0,6.309573444801933,2.0,1.0,0.7,100.0,i_db,i,d_b,6.309573444801933,2.5
0.5,0.6931471805599453,4.071340025844364,0.03820517033173538,4.109545196176099,0.009296690633135025,-0.49070330936686496,-4.668756613474722,-4.668756613474722,0.05274416045271847,-0.6404030201072268,3.5067223087183586e-25,1.0,200.0,1235.100197942424,3784.9179187062864,0.23052952372495447,100.0,0.052888290167786095,2.0,406.0,,False,False,False,False,susceptible-enriched,susceptible-dominant,True,0.9843983377581705,0.9689078836430719,0.3109211635692807,2.4609958443954265,0.95,0.9,0.8,0.02,0.35,2.5,1.38,3.0,7.943282347242818,2.0,1.0,0.7,100.0,i_db,i,d_b,7.943282347242818,2.5
0.5,0.6931471805599453,4.07505882164895,0.03462853924314907,4.109687360892099,0.008426076292974309,-0.4915739237070257,-4.7679622846388625,-4.7679622846388625,0.04863699032863489,-0.6445101902313104,3.260612943877406e-25,1.0,200.0,1234.2554672807264,3797.396582818512,0.22874548124381452,100.0,0.05254606576832703,2.0,410.0,,False,False,False,False,susceptible-enriched,susceptible-dominant,True,0.9900990099009901,0.9693069306930693,0.306930693069307,2.4752475247524752,0.95,0.9,0.8,0.02,0.35,2.5,1.38,3.0,10.0,2.0,1.0,0.7,100.0,i_db,i,d_b,10.0,2.5
0.5,0.6931471805599453,1.1522906546547276,2.928108036777088,4.0803986914318155,0.7176034153048932,0.21760341530489324,0.9326046583866558,0.9326046583866558,0.595202579304518,-0.09794460125542725,0.007812238750977579,0.980469403122556,16.0,2339.9961315972073,406.38595685036455,26.798233684034066,99.99999999999999,0.6189892332853131,10.0,158.0,,False,False,False,False,resistant-enriched,mixed,True,0.009900990099009903,0.9006930693069307,0.9930693069306931,0.032178217821782186,0.95,0.9,0.8,0.02,0.35,3.25,1.38,3.0,0.1,2.0,1.0,0.7,100.0,i_db,i,d_b,0.1,3.25
0.5,0.6931471805599453,1.0378114396967386,3.038255114089731,4.07606655378647,0.7453889856796715,0.2453889856796715,1.0741692640855907,1.0741692640855907,0.5673443943156609,-0.12580278624428443,0.005215917388274704,0.9869602065293133,18.0,2323.219494241037,422.18740018229136,17.32153869630185,100.00000000000001,0.5556556235098763,8.0,112.0,,False,False,False,False,resistant-enriched,mixed,True,0.015601662241829605,0.9010921163569281,0.9890788364307193,0.050705402285946215,0.95,0.9,0.8,0.02,0.35,3.25,1.38,3.0,0.12589254117941673,2.0,1.0,0.7,100.0,i_db,i,d_b,0.12589254117941673,3.25
0.5,0.6931471805599453,0.7485603268846007,3.3166996541056597,4.065259980990261,0.8158640946987458,0.31586409469874577,1.4885736897444426,1.4885736897444428,0.47760735247212704,-0.21553982808781824,0.0019517574619004811,0.9951206063452488,24.0,2275.4541158087573,457.1526527747353,11.602280393861447,100.00000000000001,0.48179063125317695,8.0,88.0,,False,False,False,False,resistant-enriched,resistant-dominant,True,0.02450336755033599,0.9017152357285235,0.9828476427147648,0.07963594453859196,0.95,0.9,0.8,0.02,0.35,3.25,1.38,3.0,0.15848931924611134,2.0,1.0,0.7,100.0,i_db,i,d_b,0.15848931924611134,3.25
0.5,0.6931471805599453,0.12196226668485147,3.942349392024495,4.064311658709347,0.9699919009843893,0.46999190098438925,3.475820409547343,3.475820409547343,0.13477032003037287,-0.5583768605295725,2.954003492685676e-05,0.9999261499126828,52.0,2077.8705506520855,579.1434979758093,7.5583566397277515,100.0,0.41300735692426976,6.0,118.0,,False,False,False,False,resistant-enriched,resistant-dominant,True,0.038286503882254734,0.9026800552717579,0.9731994472824217,0.12443113761732788,0.95,0.9,0.8,0.02,0.35,3.25,1.38,3.0,0.19952623149688797,2.0,1.0,0.7,100.0,i_db,i,d_b,0.19952623149688797,3.25
0.5,0.6931471805599453,0.012040488555875811,4.065921150161803,4.077961638717679,0.9970474247620285,0.49704742476202846,5.822120584728715,5.822120584728715,0.020147191758127406,-0.6729999888018179,2.6479497954183935e-09,0.9999999933801255,94.0,1837.7159021027023,827.2410002062982,4.515114241448454,100.00000000000001,0.3380229427893035,4.0,166.0,,False,False,False,False,resistant-enriched,resistant-dominant,True,0.059350943102767596,0.9041545660171938,0.9584543398280627,0.1928905650839947,0.95,0.9,0.8,0.02,0.35,3.25,1.38,3.0,0.251188643150958,2.0,1.0,0.7,100.0,i_db,i,d_b,0.251188643150958,3.25
0.5,0.6931471805599453,0.0036526736551731284,4.079589630198103,4.083242303853276,0.9991054477340896,0.4991054477340896,7.018292273798046,7.018292273798046,0.0071731818729102925,-0.685973998687035,2.478079893452805e-12,0.9999999999938048,122.0,1682.1625814349761,1147.4364080602156,2.8361242240348616,100.0,0.2748523131949606,4.0,198.0,,False,False,False,False,resistant-enriched,resistant-dominant,True,0.09090909090909091,0.9063636363636364,0.9363636363636364,0.29545454545454547,0.95,0.9,0.8,0.02,0.35,3.25,1.38,3.0,0.31622776601683794,2.0,1.0,0.7,100.0,i_db,i,d_b,0.31622776601683794,3.25
0.5,0.6931471805599453,0.0025057508374869623,4.0842168317603695,4.086722582597856,0.999386855655885,0.49938685565588503,7.3962968457136835,7.3962968457136835,0.005148329972324835,-0.6879988505876204,1.6217346588884155e-14,0.9999999999999595,142.0,1577.2116378253672,1494.6062493592108,1.8239167568777017,99.99999999999999,0.20831470553157796,4.0,220.0,,False,False,False,False,resistant-enriched,resistant-dominant,True,0.13680688860321005,0.9095764822022248,0.904235177977753,0.4446223879604327,0.95,0.9,0.8,0.02,0.35,3.25,1.38,3.0,0.3981071705534973,2.0,1.0,0.7,100.0,i_db,i,d_b,0.3981071705534973,3.25
0.5,0.6931471805599453,0.0032958468258174048,4.086754656402984,4.0900505032288015,0.9991941794304947,0.4991941794304947,7.12284331330313,7.12284331330313,0.006545879072647799,-0.6866013014872975,3.029232057553774e-16,0.9999999999999992,156.0,1501.1332790375186,1836.5709849253283,1.1975321392110752,100.0,0.16849575789642643,2.0,238.0,,False,False,False,False,resistant-enriched,resistant-dominant,True,0.2007600089131018,0.9140532006239172,0.8594679937608287,0.6524700289675809,0.95,0.9,0.8,0.02,0.35,3.25,1.38,3.0,0.5011872336272724,2.0,1.0,0.7,100.0,i_db,i,d_b,0.5011872336272724,3.25
0.5,0.6931471805599453,0.007619025010359076,4.086060687131842,4.093679712142201,0.9981388321641871,0.4981388321641871,6.284688217606815,6.284688217606815,0.013559761529390674,-0.6795874190305546,8.917964281546115e-18,1.0,166.0,1441.8026374425258,2163.874440499235,0.8072054050353705,99.99999999999999,0.1343813977318828,2.0,252.0,,False,False,False,False,resistant-enriched,resistant-dominant,True,0.2847472489508015,0.9199323074265561,0.8006769257344389,0.9254285590901049,0.95,0.9,0.8,0.02,0.35,3.25,1.38,3.0,0.6309573444801934,2.0,1.0,0.7,100.0,i_db,i,d_b,0.6309573444801934,3.25
0.5,0.6931471805599453,0.028335745751198446,4.0692659413201095,4.097601687071308,0.9930847974217203,0.4930847974217203,4.967093795414508,4.967093795414508,0.04128768321549689,-0.6518594973444484,3.0846646157772888e-19,1.0,174.0,1391.34671051761,2477.3982760698036,0.5644352068549926,100.0,0.10506455713431327,2.0,266.0,,False,False,False,False,resistant-enriched,resistant-dominant,True,0.386863179846857,0.92708042258928,0.7291957741072002,1.257305334502285,0.95,0.9,0.8,0.02,0.35,3.25,1.38,3.0,0.7943282347242815,2.0,1.0,0.7,100.0,i_db,i,d_b,0.7943282347242815,3.25
0.5,0.6931471805599453,0.1441939056434218,3.9573383516367078,4.101532257280129,0.9648438933065855,0.4648438933065855,3.312167984104545,3.312167984104545,0.1522318903590045,-0.5409152902009408,1.1964768362722071e-20,1.0,182.0,1347.3849653414914,2774.76533836694,0.4139688374550905,100.00000000000001,0.0827261180741095,2.0,276.0,,False,False,False,False,resistant-enriched,resistant-dominant,True,0.5,0.935,0.65,1.625,0.95,0.9,0.8,0.02,0.35,3.25,1.38,3.0,1.0,2.0,1.0,0.7,100.0,i_db,i,d_b,1.0,3.25
0.5,0.6931471805599453,0.7290414945183438,3.3759379800743834,4.104979474592727,0.8224006967560599,0.32240069675605987,1.5326978345490159,1.5326978345490159,0.46773360455816093,-0.22541357600178435,5.875536902691906e-22,1.0,186.0,1310.3036787473209,3045.8947121397996,0.3212055257441572,100.0,0.0671723864493972,2.0,286.0,,False,False,False,False,resistant-enriched,resistant-dominant,True,0.6131368201531432,0.9429195774107201,0.5708042258927998,1.9926946654977153,0.95,0.9,0.8,0.02,0.35,3.25,1.38,3.0,1.2589254117941675,2.0,1.0,0.7,100.0,i_db,i,d_b,1.2589254117941675,3.25
0.5,0.6931471805599453,2.1922824621713346,1.9148557335743477,4.107138195745682,0.46622627296978286,-0.03377372703021714,-0.1353009364169259,-0.1353009364169259,0.6908641132899156,-0.002283067270029693,4.454004944090071e-23,1.0,192.0,1282.2281224741364,3278.0228554105042,0.26396664113492685,100.0,0.05692342892301309,2.0,296.0,,False,False,False,False,susceptible-enriched,mixed,True,0.7152527510491987,0.9500676925734439,0.4993230742655609,2.324571440909896,0.95,0.9,0.8,0.02,0.35,3.25,1.38,3.0,1.584893192461114,2.0,1.0,0.7,100.0,i_db,i,d_b,1.584893192461114,3.25
0.5,0.6931471805599453,3.376530909156954,0.7308450725497878,4.107375981706742,0.17793478751514222,-0.32206521248485775,-1.5304026049420458,-1.5304026049420458,0.4682474154725248,-0.2248997650874205,6.212110970866478e-24,1.0,194.0,1262.7284652895537,3463.377574994598,0.22826530821385072,100.0,0.05035418687463922,2.0,310.0,,False,False,False,False,susceptible-enriched,susceptible-dominant,True,0.7992399910868984,0.9559467993760828,0.4405320062391712,2.5975299710324196,0.95,0.9,0.8,0.02,0.35,3.25,1.38,3.0,1.9952623149688797,2.0,1.0,0.7,100.0,i_db,i,d_b,1.9952623149688797,3.25
0.5,0.6931471805599453,3.8254210747139,0.28201695492005147,4.107438029633951,0.06866006325241732,-0.4313399367475827,-2.6074566321335437,-2.6074566321335437,0.2501590748685465,-0.4429881056913988,1.6476530738096105e-24,1.0,196.0,1249.876756831249,3602.527890483014,0.20574096550840362,100.00000000000001,0.046192084938015174,2.0,332.0,,False,False,False,False,susceptible-enriched,susceptible-dominant,True,0.8631931113967901,0.9604235177977754,0.39576482202224694,2.805377612039568,0.95,0.9,0.8,0.02,0.35,3.25,1.38,3.0,2.511886431509581,2.0,1.0,0.7,100.0,i_db,i,d_b,2.511886431509581,3.25
0.5,0.6931471805599453,3.974065528461867,0.13395577646007967,4.108021304921947,0.03260834511729117,-0.46739165488270884,-3.3900351932088126,-3.3900351932088126,0.14369528250621663,-0.5494518980537286,7.237241006464249e-25,1.0,198.0,1241.5477580132115,3701.947932891875,0.19189085055829921,100.0,0.04356579088028866,2.0,358.0,,False,False,False,False,susceptible-enriched,susceptible-dominant,True,0.9090909090909091,0.9636363636363636,0.36363636363636365,2.9545454545454546,0.95,0.9,0.8,0.02,0.35,3.25,1.38,3.0,3.1622776601683795,2.0,1.0,0.7,100.0,i_db,i,d_b,3.1622776601683795,3.25
0.5,0.6931471805599453,4.029736926776849,0.07891608408555163,4.1086530108624,0.019207288587504073,-0.4807927114124959,-3.933071312955388,-3.933071312955388,0.09493778083881653,-0.5982093997211287,4.4487141202507425e-25,1.0,200.0,1235.8713628845896,3770.194145444074,0.18329880582976923,100.0,0.041910368764035054,2.0,380.0,,False,False,False,False,susceptible-enriched,susceptible-dominant,True,0.9406490568972324,0.9658454339828063,0.3415456601719373,3.0571094349160055,0.95,0.9,0.8,0.02,0.35,3.25,1.38,3.0,3.981071705534973,2.0,1.0,0.7,100.0,i_db,i,d_b,3.981071705534973,3.25
0.5,0.6931471805599453,4.054008962679473,0.05512784437113703,4.10913680705061,0.013415918466512633,-0.48658408153348737,-4.29780660682802,-4.29780660682802,0.07116574800581381,-0.6219814325541315,3.306329815377989e-25,1.0,200.0,1232.6881721198758,3815.641473107423,0.17794881081476752,100.0,0.040866963702554354,2.0,394.0,,False,False,False,False,susceptible-enriched,susceptible-dominant,True,0.9617134961177453,0.9673199447282421,0.32680055271757835,3.1255688623826723,0.95,0.9,0.8,0.02,0.35,3.25,1.38,3.0,5.011872336272725,2.0,1.0,0.7,100.0,i_db,i,d_b,5.011872336272725,3.25
0.5,0.6931471805599453,4.065965395109451,0.04350876087533887,4.10947415598479,0.010587427788534779,-0.4894125722114652,-4.537444166107975,-4.537444166107975,0.05868373581778294,-0.6344634447421623,2.764198776275701e-25,1.0,200.0,1230.2703823673805,3845.2976324030747,0.17459008944430274,100.0,0.04020916493589114,2.0,402.0,,False,False,False,False,susceptible-enriched,susceptible-dominant,True,0.975496632449664,0.9682847642714765,0.3171523572852353,3.170364055461408,0.95,0.9,0.8,0.02,0.35,3.25,1.38,3.0,6.309573444801933,2.0,1.0,0.7,100.0,i_db,i,d_b,6.309573444801933,3.25
0.5,0.6931471805599453,4.072400067052115,0.03731384323009904,4.109713910282214,0.009079425975794189,-0.4909205740242058,-4.692623411726556,-4.692623411726556,0.0517272220646734,-0.6414199584952719,2.4766984049463054e-25,1.0,200.0,1228.6733354759413,3864.4079487437925,0.17246873110229147,100.0,0.03979436573953746,2.0,408.0,,False,False,False,False,susceptible-enriched,susceptible-dominant,True,0.9843983377581705,0.9689078836430719,0.3109211635692807,3.1992945977140543,0.95,0.9,0.8,0.02,0.35,3.25,1.38,3.0,7.943282347242818,2.0,1.0,0.7,100.0,i_db,i,d_b,7.943282347242818,3.25
0.5,0.6931471805599453,4.0760547482115,0.03380866689255493,4.109863415104055,0.008226226391929608,-0.4917737736080704,-4.792167639540913,-4.792167639540913,0.04768170441406028,-0.645465476145885,2.3138005138530206e-25,1.0,200.0,1227.7396943269935,3876.6235173254486,0.17113486633191854,100.0,0.03953274891745764,2.0,410.0,,False,False,False,False,susceptible-enriched,susceptible-dominant,True,0.9900990099009901,0.9693069306930693,0.306930693069307,3.217821782178218,0.95,0.9,0.8,0.02,0.35,3.25,1.38,3.0,10.0,2.0,1.0,0.7,100.0,i_db,i,d_b,10.0,3.25
0.5,0.6931471805599453,1.1087682504642682,2.969985258560608,4.078753509024876,0.7281600253580055,0.2281600253580055,0.9853072744523189,0.9853072744523189,0.5850803443907255,-0.10806683616921975,0.0065074740887829385,0.9837313147780427,18.0,2334.1167099385325,411.9551689283463,21.926082003666327,99.99999999999999,0.5895773103779806,10.0,136.0,,False,False,False,False,resistant-enriched,mixed,True,0.009900990099009903,0.9006930693069307,0.9930693069306931,0.03960396039603961,0.95,0.9,0.8,0.02,0.35,4.0,1.38,3.0,0.1,2.0,1.0,0.7,100.0,i_db,i,d_b,0.1,4.0
0.5,0.6931471805599453,0.9389015903149596,3.1333468809348455,4.0722484712498055,0.7694390219694026,0.2694390219694026,1.2051463322136422,1.2051463322136422,0.5399532895727958,-0.15319389098714953,0.003746631944010702,0.9906334201399732,20.0,2308.2180862594423,433.60887040025614,14.319815218624472,100.00000000000001,0.5245677274682986,8.0,98.0,,False,False,False,False,resistant-enriched,mixed,True,0.015601662241829605,0.9010921163569281,0.9890788364307193,0.06240664896731842,0.95,0.9,0.8,0.02,0.35,4.0,1.38,3.0,0.12589254117941673,2.0,1.0,0.7,100.0,i_db,i,d_b,0.12589254117941673,4.0
0.5,0.6931471805599453,0.457425274399229,3.6009582557311486,4.058383530130378,0.887288800823481,0.38728880082348105,2.0633417344430343,2.0633417344430347,0.35214647805528726,-0.341000702504658,0.0007048505439096453,0.9982378736402259,30.0,2216.6175611009244,492.1278458567488,9.796892899224876,100.00000000000001,0.452252906931847,6.0,92.0,,False,False,False,False,resistant-enriched,resistant-dominant,True,0.02450336755033599,0.9017152357285235,0.9828476427147648,0.09801347020134396,0.95,0.9,0.8,0.02,0.35,4.0,1.38,3.0,0.15848931924611134,2.0,1.0,0.7,100.0,i_db,i,d_b,0.15848931924611134,4.0
0.5,0.6931471805599453,0.03399374728420723,4.0380691137008995,4.072062860985107,0.9916519591065488,0.4916519591065488,4.77734531025301,4.77734531025301,0.048264554945688654,-0.6448826256142566,3.876592520850476e-07,0.9999990308518698,74.0,1955.888720359102,679.9197599768688,5.892973643882825,100.0,0.37576017145204343,6.0,142.0,,False,False,False,False,resistant-enriched,resistant-dominant,True,0.038286503882254734,0.9026800552717579,0.9731994472824217,0.15314601552901894,0.95,0.9,0.8,0.02,0.35,4.0,1.38,3.0,0.19952623149688797,2.0,1.0,0.7,100.0,i_db,i,d_b,0.19952623149688797,4.0
0.5,0.6931471805599453,0.005455915020086683,4.07480872818347,4.080264643203557,0.9986628526585464,0.4986628526585464,6.615878741781707,6.615878741781707,0.010184446791636319,-0.682962733768309,9.020276727178376e-11,0.999999999774493,108.0,1759.1890530385444,964.7887726313245,3.60838220716192,100.00000000000001,0.30881351266474383,4.0,182.0,,False,False,False,False,resistant-enriched,resistant-dominant,True,0.059350943102767596,0.9041545660171938,0.9584543398280627,0.23740377241107039,0.95,0.9,0.8,0.02,0.35,4.0,1.38,3.0,0.251188643150958,2.0,1.0,0.7,100.0,i_db,i,d_b,0.251188643150958,4.0
0.5,0.6931471805599453,0.002258741625477462,4.081849550337017,4.084108291962495,0.9994469437478132,0.4994469437478132,7.499497630514423,7.499497630514423,0.004700853297023419,-0.6884463272629219,2.650830496235841e-13,0.9999999999993373,132.0,1631.5595734285023,1299.0076803397976,2.280520548294606,100.0,0.24176319877725122,4.0,208.0,,False,False,False,False,resistant-enriched,resistant-dominant,True,0.09090909090909091,0.9063636363636364,0.9363636363636364,0.36363636363636365,0.95,0.9,0.8,0.02,0.35,4.0,1.38,3.0,0.31622776601683794,2.0,1.0,0.7,100.0,i_db,i,d_b,0.31622776601683794,4.0
0.5,0.6931471805599453,0.0018739334017872677,4.085246930592162,4.08712086399395,0.9995415028172285,0.49954150281722853,7.6870978084082155,7.6870978084082155,0.003983115013587974,-0.6891640655463573,3.660788077044254e-15,0.9999999999999909,148.0,1544.0488528365509,1638.3791561035412,1.4665937788810397,99.99999999999999,0.1850135306757681,2.0,228.0,,False,False,False,False,resistant-enriched,resistant-dominant,True,0.13680688860321005,0.9095764822022248,0.904235177977753,0.5472275544128402,0.95,0.9,0.8,0.02,0.35,4.0,1.38,3.0,0.3981071705534973,2.0,1.0,0.7,100.0,i_db,i,d_b,0.3981071705534973,4.0
0.5,0.6931471805599453,0.002773067882314512,4.0874862733989845,4.090259341281299,0.9993220312818977,0.49932203128189767,7.295731210937628,7.295731210937628,0.005624476179519264,-0.6875227043804261,1.0923888369449219e-16,0.9999999999999998,160.0,1479.027343020893,1961.9243295900092,0.9606097468679684,100.0,0.1484173668333264,2.0,244.0,,False,False,False,False,resistant-enriched,resistant-dominant,True,0.2007600089131018,0.9140532006239172,0.8594679937608287,0.8030400356524072,0.95,0.9,0.8,0.02,0.35,4.0,1.38,3.0,0.5011872336272724,2.0,1.0,0.7,100.0,i_db,i,d_b,0.5011872336272724,4.0
0.5,0.6931471805599453,0.0068971203273900114,4.086900987246969,4.093798107574359,0.9983152270468275,0.4983152270468275,6.384438276369356,6.384438276369356,0.012442522708421047,-0.6807046578515242,4.3345250252410395e-18,1.0,168.0,1426.210825914152,2269.450495167461,0.6453548704818556,99.99999999999999,0.11446975880996288,2.0,256.0,,False,False,False,False,resistant-enriched,resistant-dominant,True,0.2847472489508015,0.9199323074265561,0.8006769257344389,1.138988995803206,0.95,0.9,0.8,0.02,0.35,4.0,1.38,3.0,0.6309573444801934,2.0,1.0,0.7,100.0,i_db,i,d_b,0.6309573444801934,4.0
0.5,0.6931471805599453,0.02684043869674416,4.070834438592243,4.097674877288987,0.9934498369195895,0.49344983691958955,5.021693622333635,5.021693622333635,0.039464621704824725,-0.6536825588551206,1.8032804597333047e-19,1.0,176.0,1379.9301873235358,2566.270282526176,0.4498393277248984,100.0,0.08701128969921725,2.0,268.0,,False,False,False,False,resistant-enriched,resistant-dominant,True,0.386863179846857,0.92708042258928,0.7291957741072002,1.547452719387428,0.95,0.9,0.8,0.02,0.35,4.0,1.38,3.0,0.7943282347242815,2.0,1.0,0.7,100.0,i_db,i,d_b,0.7943282347242815,4.0
0.5,0.6931471805599453,0.14049778801677557,3.9610817216592022,4.101579509675978,0.9657454432651301,0.4657454432651301,3.3390806839846974,3.3390806839846974,0.14923372451668415,-0.5439134560432611,7.858547084261852e-21,1.0,182.0,1338.8646077347878,2851.077919308135,0.3293077035612997,100.00000000000001,0.06722219191441935,2.0,278.0,,False,False,False,False,resistant-enriched,resistant-dominant,True,0.5,0.935,0.65,2.0,0.95,0.9,0.8,0.02,0.35,4.0,1.38,3.0,1.0,2.0,1.0,0.7,100.0,i_db,i,d_b,1.0,4.0
0.5,0.6931471805599453,0.7230499746283702,3.381973497347041,4.105023471975411,0.8238621582642436,0.3238621582642436,1.5427363520720796,1.5427363520720796,0.46548629814730613,-0.22766088241263915,4.139785225551816e-22,1.0,188.0,1303.5662669984292,3113.352305655271,0.2554089514622637,100.0,0.05402368025788021,2.0,288.0,,False,False,False,False,resistant-enriched,resistant-dominant,True,0.6131368201531432,0.9429195774107201,0.5708042258927998,2.4525472806125728,0.95,0.9,0.8,0.02,0.35,4.0,1.38,3.0,1.2589254117941675,2.0,1.0,0.7,100.0,i_db,i,d_b,1.2589254117941675,4.0
0.5,0.6931471805599453,2.192389645227352,1.9147967047419938,4.1071863499693455,0.46620643466938994,-0.033793565330610065,-0.13538065355426382,-0.13538065355426382,0.6908614283585699,-0.0022857522013753906,3.301211983962727e-23,1.0,192.0,1276.1650502369982,3339.473816433341,0.20997110673695266,100.0,0.045568039202550134,2.0,296.0,,False,False,False,False,susceptible-enriched,mixed,True,0.7152527510491987,0.9500676925734439,0.4993230742655609,2.861011004196795,0.95,0.9,0.8,0.02,0.35,4.0,1.38,3.0,1.584893192461114,2.0,1.0,0.7,100.0,i_db,i,d_b,1.584893192461114,4.0
0.5,0.6931471805599453,3.380210872869501,0.7272422247650914,4.107453097634592,0.17705429799889788,-0.3229457020011021,-1.5364337689178602,-1.5364337689178602,0.46689725855643616,-0.22624992200350913,4.7309208035291684e-24,1.0,196.0,1257.6776656947793,3520.845048675087,0.18158954380105954,100.00000000000001,0.04023554167451583,2.0,312.0,,False,False,False,False,susceptible-enriched,susceptible-dominant,True,0.7992399910868984,0.9559467993760828,0.4405320062391712,3.1969599643475934,0.95,0.9,0.8,0.02,0.35,4.0,1.38,3.0,1.9952623149688797,2.0,1.0,0.7,100.0,i_db,i,d_b,1.9952623149688797,4.0
0.5,0.6931471805599453,3.828030516476572,0.2795085081090857,4.107539024585658,0.06804768169847898,-0.43195231830152103,-2.617072991858702,-2.617072991858702,0.24855937615766768,-0.44458780440227763,1.274680480908003e-24,1.0,198.0,1245.078513658343,3657.399035012389,0.1638920005098432,100.00000000000001,0.036886430222809186,2.0,334.0,,False,False,False,False,susceptible-enriched,susceptible-dominant,True,0.8631931113967901,0.9604235177977754,0.39576482202224694,3.4527724455871605,0.95,0.9,0.8,0.02,0.35,4.0,1.38,3.0,2.511886431509581,2.0,1.0,0.7,100.0,i_db,i,d_b,2.511886431509581,4.0
0.5,0.6931471805599453,3.9756874050413877,0.13243567441470772,4.108123079456096,0.03223751378749875,-0.46776248621250127,-3.4018558927941065,-3.4018558927941065,0.1424359635425822,-0.5507112170173631,5.723418312158582e-25,1.0,200.0,1236.9806693666433,3755.1445531902505,0.15290385960871655,99.99999999999999,0.034782908306072675,2.0,360.0,,False,False,False,False,susceptible-enriched,susceptible-dominant,True,0.9090909090909091,0.9636363636363636,0.36363636363636365,3.6363636363636362,0.95,0.9,0.8,0.02,0.35,4.0,1.38,3.0,3.1622776601683795,2.0,1.0,0.7,100.0,i_db,i,d_b,3.1622776601683795,4.0
0.5,0.6931471805599453,4.030849473826948,0.0779035160516394,4.108752989878588,0.018960379522338092,-0.4810396204776619,-3.9462613329690535,-3.9462613329690535,0.093965044953012,-0.5991821356069333,3.5284814654195867e-25,1.0,200.0,1231.9968209903022,3822.319918389804,0.14610440421737378,100.0,0.03346031192236407,2.0,382.0,,False,False,False,False,susceptible-enriched,susceptible-dominant,True,0.9406490568972324,0.9658454339828063,0.3415456601719373,3.7625962275889298,0.95,0.9,0.8,0.02,0.35,4.0,1.38,3.0,3.981071705534973,2.0,1.0,0.7,100.0,i_db,i,d_b,3.981071705534973,4.0
0.5,0.6931471805599453,4.054883656976764,0.05437071594093423,4.1092543729176985,0.013231285047542417,-0.4867687149524576,-4.311851575875003,-4.311851575875003,0.07037093564679402,-0.6227762449131513,2.6524304051042908e-25,1.0,200.0,1228.2540961916104,3867.083050884111,0.14184891110536144,100.0,0.03262784260907859,2.0,396.0,,False,False,False,False,susceptible-enriched,susceptible-dominant,True,0.9617134961177453,0.9673199447282421,0.32680055271757835,3.846853984470981,0.95,0.9,0.8,0.02,0.35,4.0,1.38,3.0,5.011872336272725,2.0,1.0,0.7,100.0,i_db,i,d_b,5.011872336272725,4.0
0.5,0.6931471805599453,4.066707997119018,0.042886817808867876,4.109594814927886,0.010435777671580609,-0.4895642223284194,-4.552024603695483,-4.552024603695483,0.05799452894689549,-0.6351526516130498,2.230603920816712e-25,1.0,202.0,1226.1963062668976,3896.3034465322326,0.1391840690121828,100.0,0.03210344364334596,2.0,404.0,,False,False,False,False,susceptible-enriched,susceptible-dominant,True,0.975496632449664,0.9682847642714765,0.3171523572852353,3.901986529798656,0.95,0.9,0.8,0.02,0.35,4.0,1.38,3.0,6.309573444801933,2.0,1.0,0.7,100.0,i_db,i,d_b,6.309573444801933,4.0
0.5,0.6931471805599453,4.0730536691206565,0.036767341258109265,4.109821010378766,0.008946214729366218,-0.49105378527063376,-4.70753829903339,-4.70753829903339,0.051101120860541,-0.6420460596994043,1.9949543885889882e-25,1.0,202.0,1224.972095786566,3915.135628868058,0.13751971684904218,100.0,0.031772920607585124,2.0,410.0,,False,False,False,False,susceptible-enriched,susceptible-dominant,True,0.9843983377581705,0.9689078836430719,0.3109211635692807,3.937593351032682,0.95,0.9,0.8,0.02,0.35,4.0,1.38,3.0,7.943282347242818,2.0,1.0,0.7,100.0,i_db,i,d_b,7.943282347242818,4.0
0.5,0.6931471805599453,4.076671818811794,0.03330614468267675,4.109977963494471,0.008103728287233568,-0.49189627171276645,-4.807294298856444,-4.807294298856444,0.04709374876492334,-0.646053431795022,1.8614973758360198e-25,1.0,202.0,1224.1133025878469,3927.176915799958,0.13647181697823588,100.00000000000001,0.03156451675011587,2.0,412.0,,False,False,False,False,susceptible-enriched,susceptible-dominant,True,0.9900990099009901,0.9693069306930693,0.306930693069307,3.9603960396039604,0.95,0.9,0.8,0.02,0.35,4.0,1.38,3.0,10.0,2.0,1.0,0.7,100.0,i_db,i,d_b,10.0,4.0
0.5,0.6931471805599453,1.0596231860437235,3.0172630804571208,4.0768862665008445,0.7400900793454832,0.2400900793454832,1.0464367956714626,1.0464367956714626,0.5729626758799653,-0.12018450467997999,0.005597331651751565,0.9860066708706211,18.0,2326.9987304859064,418.00071619701595,18.614445347389463,99.99999999999999,0.5663795240274798,8.0,120.0,,False,False,False,False,resistant-enriched,mixed,True,0.009900990099009903,0.9006930693069307,0.9930693069306931,0.04702970297029704,0.95,0.9,0.8,0.02,0.35,4.75,1.38,3.0,0.1,2.0,1.0,0.7,100.0,i_db,i,d_b,0.1,4.75
0.5,0.6931471805599453,0.8139469182900757,3.253577723024031,4.067524641314106,0.7998913368531896,0.2998913368531896,1.3856153547692944,1.3856153547692944,0.5005530257518849,-0.1925941548080604,0.0025676405109783737,0.9935808987225541,22.0,2288.4162722834844,447.4198732486181,12.332746218313911,100.00000000000001,0.4955486812139653,8.0,90.0,,False,False,False,False,resistant-enriched,mixed,True,0.015601662241829605,0.9010921163569281,0.9890788364307193,0.07410789564869062,0.95,0.9,0.8,0.02,0.35,4.75,1.38,3.0,0.12589254117941673,2.0,1.0,0.7,100.0,i_db,i,d_b,0.12589254117941673,4.75
0.5,0.6931471805599453,0.187604890013864,3.8728812751991075,4.060486165212971,0.953797431543761,0.45379743154376095,3.0274159221605417,3.027415922160542,0.187178357377449,-0.5059688231824963,0.00011276083061814052,0.9997180979234547,44.0,2125.907164542322,545.7481120797141,8.227927804515184,100.00000000000001,0.4250081031067534,6.0,108.0,,False,False,False,False,resistant-enriched,resistant-dominant,True,0.02450336755033599,0.9017152357285235,0.9828476427147648,0.11639099586409596,0.95,0.9,0.8,0.02,0.35,4.75,1.38,3.0,0.15848931924611134,2.0,1.0,0.7,100.0,i_db,i,d_b,0.15848931924611134,4.75
0.5,0.6931471805599453,0.01403836819010342,4.061848235730431,4.075886603920535,0.9965557510416015,0.49655575104160155,5.66759921341848,5.66759921341848,0.022970816726094946,-0.6701763638338504,1.2260498116423464e-08,0.9999999693487547,88.0,1871.2839543434131,777.3901412848408,4.849826565030147,100.0,0.34633672697941537,4.0,158.0,,False,False,False,False,resistant-enriched,resistant-dominant,True,0.038286503882254734,0.9026800552717579,0.9731994472824217,0.18186089344071,0.95,0.9,0.8,0.02,0.35,4.75,1.38,3.0,0.19952623149688797,2.0,1.0,0.7,100.0,i_db,i,d_b,0.19952623149688797,4.75
0.5,0.6931471805599453,0.0031873755530898236,4.0782921575103215,4.081479533063411,0.9992190636931365,0.4992190636931365,7.154235723365451,7.154235723365451,0.006368243820704498,-0.6867789367392408,8.787984592100163e-12,0.99999999997803,118.0,1706.0316682468085,1085.2186067340258,3.0068093347626723,100.00000000000001,0.282874140185606,4.0,192.0,,False,False,False,False,resistant-enriched,resistant-dominant,True,0.059350943102767596,0.9041545660171938,0.9584543398280627,0.28191697973814606,0.95,0.9,0.8,0.02,0.35,4.75,1.38,3.0,0.251188643150958,2.0,1.0,0.7,100.0,i_db,i,d_b,0.251188643150958,4.75
0.5,0.6931471805599453,0.0016273706072898904,4.082984972556676,4.084612343163966,0.9996015850537167,0.49960158505371666,7.827618022851519,7.827618022851519,0.0035171343487059845,-0.6896300462112394,5.76750140037421e-14,0.9999999999998558,138.0,1596.9568198330685,1421.5590944096505,1.9046348014414745,100.0,0.21396285169675605,4.0,216.0,,False,False,False,False,resistant-enriched,resistant-dominant,True,0.09090909090909091,0.9063636363636364,0.9363636363636364,0.4318181818181818,0.95,0.9,0.8,0.02,0.35,4.75,1.38,3.0,0.31622776601683794,2.0,1.0,0.7,100.0,i_db,i,d_b,0.31622776601683794,4.75
0.5,0.6931471805599453,0.0015365195914999747,4.085830640117279,4.087367159708779,0.9996240808492454,0.49962408084924537,7.885760472458234,7.885760472458234,0.0033403982059322015,-0.689806782354013,1.322414135433811e-15,0.9999999999999967,152.0,1521.3920909373774,1748.4467030417477,1.2234884660882352,99.99999999999999,0.16899404090833542,2.0,232.0,,False,False,False,False,resistant-enriched,resistant-dominant,True,0.13680688860321005,0.9095764822022248,0.904235177977753,0.6498327208652478,0.95,0.9,0.8,0.02,0.35,4.75,1.38,3.0,0.3981071705534973,2.0,1.0,0.7,100.0,i_db,i,d_b,0.3981071705534973,4.75
0.5,0.6931471805599453,0.0024641897327015196,4.087928434065453,4.090392623798154,0.9993975664540454,0.4993975664540454,7.413930580771372,7.413930580771372,0.005069015571191031,-0.6880781649887543,5.437055829693267e-17,0.9999999999999999,162.0,1463.8630270423532,2054.5132256167367,0.7993458122894952,100.0,0.131664298470121,2.0,246.0,,False,False,False,False,resistant-enriched,resistant-dominant,True,0.2007600089131018,0.9140532006239172,0.8594679937608287,0.9536100423372336,0.95,0.9,0.8,0.02,0.35,4.75,1.38,3.0,0.5011872336272724,2.0,1.0,0.7,100.0,i_db,i,d_b,0.5011872336272724,4.75
0.5,0.6931471805599453,0.0064431186987754276,4.08743269864705,4.093875817345825,0.9984261567799698,0.4984261567799698,6.45265965701558,6.45265965701558,0.011730557664623569,-0.6814166228953217,2.640617195484312e-18,1.0,170.0,1415.7082399971337,2345.6538091464668,0.5355154873993357,99.99999999999999,0.09879237382555453,2.0,260.0,,False,False,False,False,resistant-enriched,resistant-dominant,True,0.2847472489508015,0.9199323074265561,0.8006769257344389,1.3525494325163072,0.95,0.9,0.8,0.02,0.35,4.75,1.38,3.0,0.6309573444801934,2.0,1.0,0.7,100.0,i_db,i,d_b,0.6309573444801934,4.75
0.5,0.6931471805599453,0.02586294146087874,4.071859200980091,4.09772214244097,0.993688458962844,0.49368845896284397,5.059043867807964,5.059043867807964,0.03826190599936522,-0.6548852745605801,1.2497005619707757e-19,1.0,178.0,1372.2277703214852,2629.477198575833,0.3725154416682181,100.0,0.07357161274534647,2.0,270.0,,False,False,False,False,resistant-enriched,resistant-dominant,True,0.386863179846857,0.92708042258928,0.7291957741072002,1.8376001042725707,0.95,0.9,0.8,0.02,0.35,4.75,1.38,3.0,0.7943282347242815,2.0,1.0,0.7,100.0,i_db,i,d_b,0.7943282347242815,4.75
0.5,0.6931471805599453,0.13802157318047237,3.9635884349354606,4.101610008115933,0.9663494157398275,0.46634941573982747,3.3574950640281283,3.3574950640281283,0.14721146671117039,-0.5459357138487749,5.883774059270529e-21,1.0,184.0,1332.8648693499892,2904.8443382258056,0.2725581196124788,100.0,0.05618640704326894,2.0,280.0,,False,False,False,False,resistant-enriched,resistant-dominant,True,0.5,0.935,0.65,2.375,0.95,0.9,0.8,0.02,0.35,4.75,1.38,3.0,1.0,2.0,1.0,0.7,100.0,i_db,i,d_b,1.0,4.75
0.5,0.6931471805599453,0.7189733521128332,3.3860841835935145,4.105057535706347,0.8248566930282694,0.32485669302826936,1.5496051300342317,1.549605130034232,0.46394858013082363,-0.22919860042912166,3.2876230065684795e-22,1.0,188.0,1298.8059481347727,3160.6028689215045,0.21146777202519412,100.0,0.044937480324999966,2.0,288.0,,False,False,False,False,resistant-enriched,resistant-dominant,True,0.6131368201531432,0.9429195774107201,0.5708042258927998,2.91239989572743,0.95,0.9,0.8,0.02,0.35,4.75,1.38,3.0,1.2589254117941675,2.0,1.0,0.7,100.0,i_db,i,d_b,1.2589254117941675,4.75
0.5,0.6931471805599453,2.1924667652076817,1.9147594557751806,4.107226220982862,0.46619283982779436,-0.03380716017220564,-0.13543528256748752,-0.13543528256748752,0.6908595875086936,-0.0022875930512517018,2.699562236170188e-23,1.0,194.0,1272.4974526212595,3382.346496077326,0.1740023946754221,100.0,0.037851253318851384,2.0,298.0,,False,False,False,False,susceptible-enriched,mixed,True,0.7152527510491987,0.9500676925734439,0.4993230742655609,3.397450567483694,0.95,0.9,0.8,0.02,0.35,4.75,1.38,3.0,1.584893192461114,2.0,1.0,0.7,100.0,i_db,i,d_b,1.584893192461114,4.75
0.5,0.6931471805599453,3.382724528805929,0.7247867715051266,4.107511300311056,0.1764539933098272,-0.3235460066901728,-1.5405592340578655,-1.5405592340578655,0.4659736924429008,-0.22717348811704446,3.932638603538588e-24,1.0,196.0,1254.0607144161995,3560.8449999627924,0.15071540236247408,100.0,0.033418043821509195,2.0,312.0,,False,False,False,False,susceptible-enriched,susceptible-dominant,True,0.7992399910868984,0.9559467993760828,0.4405320062391712,3.7963899576627673,0.95,0.9,0.8,0.02,0.35,4.75,1.38,3.0,1.9952623149688797,2.0,1.0,0.7,100.0,i_db,i,d_b,1.9952623149688797,4.75
0.5,0.6931471805599453,3.8297926477143522,0.27780366185470934,4.107596309569062,0.06763168552068702,-0.432368314479313,-2.623651329875358,-2.623651329875358,0.24746931681094392,-0.44567786374900137,1.0745948608952756e-24,1.0,198.0,1241.972126688236,3695.535143154996,0.13599637088576896,100.0,0.030643421163227956,2.0,334.0,,False,False,False,False,susceptible-enriched,susceptible-dominant,True,0.8631931113967901,0.9604235177977754,0.39576482202224694,4.100167279134753,0.95,0.9,0.8,0.02,0.35,4.75,1.38,3.0,2.511886431509581,2.0,1.0,0.7,100.0,i_db,i,d_b,2.511886431509581,4.75
0.5,0.6931471805599453,3.9768086029156033,0.13140585477304323,4.108214457688646,0.03198612344278017,-0.4680138765572198,-3.409944256123667,-3.409944256123667,0.14157975443129597,-0.5515674261286493,4.846186004397105e-25,1.0,200.0,1234.0572131777435,3792.0852341558484,0.1269590016391953,100.0,0.02890327508510186,2.0,360.0,,False,False,False,False,susceptible-enriched,susceptible-dominant,True,0.9090909090909091,0.9636363636363636,0.36363636363636365,4.318181818181818,0.95,0.9,0.8,0.02,0.35,4.75,1.38,3.0,3.1622776601683795,2.0,1.0,0.7,100.0,i_db,i,d_b,3.1622776601683795,4.75
0.5,0.6931471805599453,4.0316094207745925,0.07721819834344731,4.10882761911804,0.01879324359682488,-0.4812067564031751,-3.9552857761232283,-3.9552857761232283,0.09330472984995838,-0.5998424507099869,3.023976740694316e-25,1.0,200.0,1228.8151866414019,3858.4948831054176,0.12137238778754562,100.0,0.027809828195263685,2.0,382.0,,False,False,False,False,susceptible-enriched,susceptible-dominant,True,0.9406490568972324,0.9658454339828063,0.3415456601719373,4.468083020261854,0.95,0.9,0.8,0.02,0.35,4.75,1.38,3.0,3.981071705534973,2.0,1.0,0.7,100.0,i_db,i,d_b,3.981071705534973,4.75
0.5,0.6931471805599453,4.055457823788717,0.053858403041840856,4.109316226830558,0.013106414806966775,-0.4868935851930332,-4.321460426926295,-4.321460426926295,0.06983191470888363,-0.6233152658510617,2.279869864804423e-25,1.0,202.0,1225.6450137262586,3902.7696322374813,0.11786073153626642,100.0,0.027121774668200406,2.0,396.0,,False,False,False,False,susceptible-enriched,susceptible-dominant,True,0.9617134961177453,0.9673199447282421,0.32680055271757835,4.56813910655929,0.95,0.9,0.8,0.02,0.35,4.75,1.38,3.0,5.011872336272725,2.0,1.0,0.7,100.0,i_db,i,d_b,5.011872336272725,4.75
0.5,0.6931471805599453,4.067205584441269,0.04246634561998166,4.109671930061251,0.010333269015794342,-0.48966673098420566,-4.561999559565042,-4.561999559565042,0.05752739659631699,-0.6356197839636283,1.9103125220522967e-25,1.0,202.0,1223.6205129363077,3931.679534462311,0.11567817660090848,100.00000000000001,0.026688400151928755,2.0,404.0,,False,False,False,False,susceptible-enriched,susceptible-dominant,True,0.975496632449664,0.9682847642714765,0.3171523572852353,4.633609004135904,0.95,0.9,0.8,0.02,0.35,4.75,1.38,3.0,6.309573444801933,2.0,1.0,0.7,100.0,i_db,i,d_b,6.309573444801933,4.75
0.5,0.6931471805599453,4.0734819182832664,0.03639786178500323,4.10987978006827,0.008856186490301335,-0.49114381350969866,-4.717743390128741,-4.717743390128741,0.05067685087137167,-0.6424703296885736,1.71391195298466e-25,1.0,202.0,1222.0862122813082,3950.3153196851636,0.11429775722942392,100.0,0.026415264673550414,2.0,410.0,,False,False,False,False,susceptible-enriched,susceptible-dominant,True,0.9843983377581705,0.9689078836430719,0.3109211635692807,4.67589210435131,0.95,0.9,0.8,0.02,0.35,4.75,1.38,3.0,7.943282347242818,2.0,1.0,0.7,100.0,i_db,i,d_b,7.943282347242818,4.75
0.5,0.6931471805599453,4.077059701931179,0.032966362612206486,4.110026064543385,0.00802096193418398,-0.491979038065816,-4.817643619475402,-4.817643619475402,0.04669543898684346,-0.6464517415731018,1.6024522267833851e-25,1.0,202.0,1221.1064643899863,3962.231662277368,0.11342615339811803,100.00000000000001,0.026243050222009116,2.0,412.0,,False,False,False,False,susceptible-enriched,susceptible-dominant,True,0.9900990099009901,0.9693069306930693,0.306930693069307,4.702970297029703,0.95,0.9,0.8,0.02,0.35,4.75,1.38,3.0,10.0,2.0,1.0,0.7,100.0,i_db,i,d_b,10.0,4.75
0.5,0.6931471805599453,1.0036399194404342,3.0710970866530536,4.074737006093487,0.7536920989159399,0.2536920989159399,1.1184015440131772,1.1184015440131772,0.5582424881250244,-0.13490469243492087,0.004743084961755093,0.9881422875956123,20.0,2318.9443193693464,424.62849032363806,16.230471439022832,99.99999999999999,0.5459541616855496,8.0,108.0,,False,False,False,False,resistant-enriched,mixed,True,0.009900990099009903,0.9006930693069307,0.9930693069306931,0.05445544554455446,0.95,0.9,0.8,0.02,0.35,5.5,1.38,3.0,0.1,2.0,1.0,0.7,100.0,i_db,i,d_b,0.1,5.5
0.5,0.6931471805599453,0.6555244591938262,3.406750191512161,4.062274650705987,0.8386311818970925,0.3386311818970925,1.648078476540982,1.648078476540982,0.4419327375588214,-0.2512144430011239,0.0015394998006546107,0.9961512504983635,26.0,2260.633270189396,464.9206165410989,10.938481372354715,100.00000000000001,0.4720627216560426,6.0,88.0,,False,False,False,False,resistant-enriched,resistant-dominant,True,0.015601662241829605,0.9010921163569281,0.9890788364307193,0.08580914233006283,0.95,0.9,0.8,0.02,0.35,5.5,1.38,3.0,0.12589254117941673,2.0,1.0,0.7,100.0,i_db,i,d_b,0.12589254117941673,5.5
0.5,0.6931471805599453,0.07132314274728352,3.995477879939079,4.066801022686363,0.9824621016987523,0.48246210169875225,4.025697613090161,4.025697613090161,0.08829578464724525,-0.6048513959127,7.661197957564774e-06,0.999980847005106,60.0,2034.5759250429176,608.9524988707384,6.892650936401128,100.00000000000001,0.3997991708343849,6.0,126.0,,False,False,False,False,resistant-enriched,resistant-dominant,True,0.02450336755033599,0.9017152357285235,0.9828476427147648,0.13476852152684796,0.95,0.9,0.8,0.02,0.35,5.5,1.38,3.0,0.15848931924611134,2.0,1.0,0.7,100.0,i_db,i,d_b,0.15848931924611134,5.5
0.5,0.6931471805599453,0.007419467163718235,4.070559923944039,4.077979391107757,0.998180602094288,0.49818060209428805,6.3074285986437815,6.3074285986437815,0.013296777403154145,-0.6798504031567911,9.208566179150721e-10,0.9999999976978584,100.0,1810.5378931284843,868.9957112227349,4.13026884613428,100.0,0.3265063034682312,4.0,170.0,,False,False,False,False,resistant-enriched,resistant-dominant,True,0.038286503882254734,0.9026800552717579,0.9731994472824217,0.21057577135240105,0.95,0.9,0.8,0.02,0.35,5.5,1.38,3.0,0.19952623149688797,2.0,1.0,0.7,100.0,i_db,i,d_b,0.19952623149688797,5.5
0.5,0.6931471805599453,0.002159902589656133,4.080058860853576,4.082218763443232,0.9994708998427526,0.4994708998427526,7.543803570676205,7.543803570676205,0.004520667835616713,-0.6886265127243286,1.6095861481895292e-12,0.999999999995976,126.0,1667.1729763032688,1189.7781433906193,2.5767746294767107,100.00000000000001,0.25979767634640916,4.0,200.0,,False,False,False,False,resistant-enriched,resistant-dominant,True,0.059350943102767596,0.9041545660171938,0.9584543398280627,0.32643018706522176,0.95,0.9,0.8,0.02,0.35,5.5,1.38,3.0,0.251188643150958,2.0,1.0,0.7,100.0,i_db,i,d_b,0.251188643150958,5.5
0.5,0.6931471805599453,0.0012827318274091825,4.083657018151461,4.08493974997887,0.9996859851292994,0.4996859851292994,8.065756150074753,8.065756150074753,0.002846831558261943,-0.6903003490016834,1.904162149775785e-14,0.9999999999999524,144.0,1571.9405707951776,1521.9123799287217,1.6330867862467422,100.0,0.19316884073460228,2.0,220.0,,False,False,False,False,resistant-enriched,resistant-dominant,True,0.09090909090909091,0.9063636363636364,0.9363636363636364,0.5,0.95,0.9,0.8,0.02,0.35,5.5,1.38,3.0,0.31622776601683794,2.0,1.0,0.7,100.0,i_db,i,d_b,0.31622776601683794,5.5
0.5,0.6931471805599453,0.0013301205464449576,4.08620340085096,4.087533521397405,0.9996745909141828,0.49967459091418276,8.030101979531322,8.030101979531322,0.0029385301870210145,-0.6902086503729242,6.3222705498886075e-16,0.9999999999999984,156.0,1504.944234051891,1835.1161304688167,1.047467041661296,99.99999999999999,0.15488656662169498,2.0,236.0,,False,False,False,False,resistant-enriched,resistant-dominant,True,0.13680688860321005,0.9095764822022248,0.904235177977753,0.7524378873176553,0.95,0.9,0.8,0.02,0.35,5.5,1.38,3.0,0.3981071705534973,2.0,1.0,0.7,100.0,i_db,i,d_b,0.3981071705534973,5.5
0.5,0.6931471805599453,0.002261473237175152,4.088220999797484,4.090482473034659,0.9994471377760243,0.49944713777602434,7.4998487152758075,7.4998487152758075,0.004699398148855356,-0.68844778241109,3.274013751976264e-17,0.9999999999999999,164.0,1452.503793693305,2125.5843668031775,0.682759875411352,100.0,0.11760595395772497,2.0,250.0,,False,False,False,False,resistant-enriched,resistant-dominant,True,0.2007600089131018,0.9140532006239172,0.8594679937608287,1.10418004902206,0.95,0.9,0.8,0.02,0.35,5.5,1.38,3.0,0.5011872336272724,2.0,1.0,0.7,100.0,i_db,i,d_b,0.5011872336272724,5.5
0.5,0.6931471805599453,0.006131865056570173,4.087798943406274,4.0939308084628445,0.998502205986507,0.49850220598650696,6.502262994195489,6.502262994195489,0.011237967415113261,-0.681909213144832,1.838728200036933e-18,1.0,172.0,1408.0159559776957,2403.198034343191,0.4563226668504068,99.99999999999999,0.08630281269839049,2.0,260.0,,False,False,False,False,resistant-enriched,resistant-dominant,True,0.2847472489508015,0.9199323074265561,0.8006769257344389,1.5661098692294082,0.95,0.9,0.8,0.02,0.35,5.5,1.38,3.0,0.6309573444801934,2.0,1.0,0.7,100.0,i_db,i,d_b,0.6309573444801934,5.5
0.5,0.6931471805599453,0.02517444069366622,4.072581260543811,4.097755701237477,0.9938565296398554,0.4938565296398554,5.0862030721346425,5.0862030721346425,0.03740935694081134,-0.6557378236191339,9.579282182385734e-20,1.0,178.0,1366.828429830463,2676.7131048723704,0.31709481849805876,100.0,0.06335014708357692,2.0,272.0,,False,False,False,False,resistant-enriched,resistant-dominant,True,0.386863179846857,0.92708042258928,0.7291957741072002,2.1277474891577133,0.95,0.9,0.8,0.02,0.35,5.5,1.38,3.0,0.7943282347242815,2.0,1.0,0.7,100.0,i_db,i,d_b,0.7943282347242815,5.5
0.5,0.6931471805599453,0.13624768653146074,3.9653898902136713,4.101637576745132,0.9667821244607427,0.46678212446074274,3.3708850083878676,3.3708850083878676,0.14575575837641874,-0.5473914221835265,4.781856006095406e-21,1.0,184.0,1328.9063672789616,2944.7596385672796,0.23206756991569655,100.0,0.04806523619742867,2.0,280.0,,False,False,False,False,resistant-enriched,resistant-dominant,True,0.5,0.935,0.65,2.75,0.95,0.9,0.8,0.02,0.35,5.5,1.38,3.0,1.0,2.0,1.0,0.7,100.0,i_db,i,d_b,1.0,5.5
0.5,0.6931471805599453,0.7160192564330639,3.3890583666542495,4.105077623087313,0.8255771699891595,0.32557716998915953,1.5546003327826527,1.5546003327826527,0.462830326846334,-0.23031685371361127,2.7559536995764486e-22,1.0,190.0,1295.4388115906027,3195.5277755515226,0.18027160102927378,100.0,0.038373487947644856,2.0,290.0,,False,False,False,False,resistant-enriched,resistant-dominant,True,0.6131368201531432,0.9429195774107201,0.5708042258927998,3.3722525108422876,0.95,0.9,0.8,0.02,0.35,5.5,1.38,3.0,1.2589254117941675,2.0,1.0,0.7,100.0,i_db,i,d_b,1.2589254117941675,5.5
0.5,0.6931471805599453,2.1925222713627344,1.9147319078761806,4.107254179238915,0.4661829593003143,-0.03381704069968572,-0.13547498624361234,-0.13547498624361234,0.6908582491405157,-0.0022889314194295407,2.3178520362068962e-23,1.0,194.0,1269.3134056348495,3413.9559310475806,0.148488949484524,100.0,0.03232384373386705,2.0,298.0,,False,False,False,False,susceptible-enriched,mixed,True,0.7152527510491987,0.9500676925734439,0.4993230742655609,3.933890130770593,0.95,0.9,0.8,0.02,0.35,5.5,1.38,3.0,1.584893192461114,2.0,1.0,0.7,100.0,i_db,i,d_b,1.584893192461114,5.5
0.5,0.6931471805599453,3.3845431946846976,0.7230039989418979,4.107547193626596,0.1760184277526341,-0.3239815722473659,-1.5435594731848028,-1.5435594731848028,0.4653020247128802,-0.2278451558470651,3.448644154749687e-24,1.0,196.0,1251.396047701962,3590.287143150303,0.1286772168646968,100.0,0.028551486274067412,2.0,312.0,,False,False,False,False,susceptible-enriched,susceptible-dominant,True,0.7992399910868984,0.9559467993760828,0.4405320062391712,4.395819950977941,0.95,0.9,0.8,0.02,0.35,5.5,1.38,3.0,1.9952623149688797,2.0,1.0,0.7,100.0,i_db,i,d_b,1.9952623149688797,5.5
0.5,0.6931471805599453,3.831077733230428,0.27657064135599546,4.107648374586423,0.06733065153948135,-0.43266934846051863,-2.6284351626392484,-2.6284351626392484,0.2466787890543215,-0.4464683915056238,9.515931197818525e-25,1.0,198.0,1239.838645467532,3723.577380536366,0.11625887044750136,100.0,0.026192567003896428,2.0,336.0,,False,False,False,False,susceptible-enriched,susceptible-dominant,True,0.8631931113967901,0.9604235177977754,0.39576482202224694,4.7475621126823455,0.95,0.9,0.8,0.02,0.35,5.5,1.38,3.0,2.511886431509581,2.0,1.0,0.7,100.0,i_db,i,d_b,2.511886431509581,5.5
0.5,0.6931471805599453,3.9775859330903325,0.13066079394160485,4.108246727031937,0.03180451482669412,-0.4681954851733059,-3.4158257589902687,-3.4158257589902687,0.14095994559833522,-0.55218723496161,4.304114946273645e-25,1.0,200.0,1232.0778465854987,3819.230353624614,0.10855942864089298,100.0,0.024713279383677296,2.0,362.0,,False,False,False,False,susceptible-enriched,susceptible-dominant,True,0.9090909090909091,0.9636363636363636,0.36363636363636365,5.0,0.95,0.9,0.8,0.02,0.35,5.5,1.38,3.0,3.1622776601683795,2.0,1.0,0.7,100.0,i_db,i,d_b,3.1622776601683795,5.5
0.5,0.6931471805599453,4.0321727277082395,0.07672371713087059,4.10889644483911,0.018672584758673522,-0.4813274152413265,-3.9618497680345643,-3.9618497680345643,0.09282709407883,-0.6003200864811153,2.708763949694958e-25,1.0,200.0,1226.7225535775558,3885.067388124489,0.10377376355341876,100.0,0.023783645638445892,2.0,382.0,,False,False,False,False,susceptible-enriched,susceptible-dominant,True,0.9406490568972324,0.9658454339828063,0.3415456601719373,5.173569812934779,0.95,0.9,0.8,0.02,0.35,5.5,1.38,3.0,3.981071705534973,2.0,1.0,0.7,100.0,i_db,i,d_b,3.981071705534973,5.5
0.5,0.6931471805599453,4.055885907520353,0.053488974122075816,4.109374881642429,0.013016328678365167,-0.48698367132163484,-4.328448874079702,-4.328448874079702,0.06944229664510303,-0.6237048839148422,2.0336507654438469e-25,1.0,202.0,1223.7270811631008,3928.9758885347733,0.10081202159273013,100.0,0.023198594956332537,2.0,396.0,,False,False,False,False,susceptible-enriched,susceptible-dominant,True,0.9617134961177453,0.9673199447282421,0.32680055271757835,5.289424228647599,0.95,0.9,0.8,0.02,0.35,5.5,1.38,3.0,5.011872336272725,2.0,1.0,0.7,100.0,i_db,i,d_b,5.011872336272725,5.5
0.5,0.6931471805599453,4.067545342836414,0.04216292368798542,4.109708266524399,0.010259347124812537,-0.4897406528751875,-4.569253737357854,-4.569253737357854,0.05718989715843672,-0.6359572834015086,1.710130202818388e-25,1.0,202.0,1221.373132492797,3957.653019175329,0.09894339818870991,100.0,0.02283005791956121,2.0,406.0,,False,False,False,False,susceptible-enriched,susceptible-dominant,True,0.975496632449664,0.9682847642714765,0.3171523572852353,5.365231478473152,0.95,0.9,0.8,0.02,0.35,5.5,1.38,3.0,6.309573444801933,2.0,1.0,0.7,100.0,i_db,i,d_b,6.309573444801933,5.5
0.5,0.6931471805599453,4.073814693182986,0.036131695614713695,4.1099463887977,0.008791281490482764,-0.49120871850951725,-4.725164635530506,-4.725164635530506,0.050370405192154764,-0.6427767753677905,1.537776015706488e-25,1.0,202.0,1219.9328487430705,3976.1408467149877,0.09776429655797701,100.0,0.022597768811997473,2.0,410.0,,False,False,False,False,susceptible-enriched,susceptible-dominant,True,0.9843983377581705,0.9689078836430719,0.3109211635692807,5.414190857669938,0.95,0.9,0.8,0.02,0.35,5.5,1.38,3.0,7.943282347242818,2.0,1.0,0.7,100.0,i_db,i,d_b,7.943282347242818,5.5
0.5,0.6931471805599453,4.077381810991251,0.03272175896382497,4.110103569955076,0.00796129791059806,-0.4920387020894019,-4.825170080067213,-4.825170080067213,0.04640777473199173,-0.6467394058279535,1.4398097279524431e-25,1.0,202.0,1219.1041579425582,3987.9640974817967,0.09702318312276635,100.0,0.022451300875653387,2.0,414.0,,False,False,False,False,susceptible-enriched,susceptible-dominant,True,0.9900990099009901,0.9693069306930693,0.306930693069307,5.445544554455445,0.95,0.9,0.8,0.02,0.35,5.5,1.38,3.0,10.0,2.0,1.0,0.7,100.0,i_db,i,d_b,10.0,5.5
0.5,0.6931471805599453,0.9393057181129467,3.132944948005704,4.07225066611865,0.7693399068166354,0.26933990681663544,1.204587714528907,1.204587714528907,0.5400727101504927,-0.15307447040945255,0.0038578469480543996,0.990355382629864,20.0,2309.3571684465905,431.9780429987402,14.445665807350293,99.99999999999999,0.5264052860115178,8.0,98.0,,False,False,False,False,resistant-enriched,mixed,True,0.009900990099009903,0.9006930693069307,0.9930693069306931,0.061881188118811895,0.95,0.9,0.8,0.02,0.35,6.25,1.38,3.0,0.1,2.0,1.0,0.7,100.0,i_db,i,d_b,0.1,6.25
0.5,0.6931471805599453,0.4650596065309154,3.593144644676142,4.058204251207057,0.8854026121547259,0.38540261215472593,2.0446174601978977,2.0446174601978977,0.35602062851615324,-0.33712655204379205,0.0007756066510209602,0.9980609833724476,30.0,2220.854021432167,488.23764049434203,9.85588697097079,100.00000000000001,0.45352307114466384,6.0,92.0,,False,False,False,False,resistant-enriched,resistant-dominant,True,0.015601662241829605,0.9010921163569281,0.9890788364307193,0.09751038901143504,0.95,0.9,0.8,0.02,0.35,6.25,1.38,3.0,0.12589254117941673,2.0,1.0,0.7,100.0,i_db,i,d_b,0.12589254117941673,6.25
0.5,0.6931471805599453,0.03259990765280158,4.038611342681277,4.071211250334078,0.9919925777248414,0.4919925777248414,4.819346729175918,4.819346729175918,0.04663019820838793,-0.6465169823515573,5.120896722302985e-07,0.9999987197758194,72.0,1961.5692169544618,672.5624580864578,5.920889037815204,100.00000000000001,0.37645970055204514,6.0,140.0,,False,False,False,False,resistant-enriched,resistant-dominant,True,0.02450336755033599,0.9017152357285235,0.9828476427147648,0.15314604718959993,0.95,0.9,0.8,0.02,0.35,6.25,1.38,3.0,0.15848931924611134,2.0,1.0,0.7,100.0,i_db,i,d_b,0.15848931924611134,6.25
0.5,0.6931471805599453,0.004585375916983344,4.074680703798664,4.079266079715647,0.9988759311534532,0.4988759311534532,6.78967557692453,6.78967557692453,0.008756763879944616,-0.6843904166800007,1.2674028442825798e-10,0.9999999996831493,108.0,1764.2184135102352,953.746627481495,3.6002597550741484,100.0,0.30814963285005786,4.0,180.0,,False,False,False,False,resistant-enriched,resistant-dominant,True,0.038286503882254734,0.9026800552717579,0.9731994472824217,0.23929064926409208,0.95,0.9,0.8,0.02,0.35,6.25,1.38,3.0,0.19952623149688797,2.0,1.0,0.7,100.0,i_db,i,d_b,0.19952623149688797,6.25
0.5,0.6931471805599453,0.0016083181314637592,4.081103300841072,4.082711618972535,0.999606066192873,0.49960606619287296,7.8389336535764285,7.8389336535764285,0.0034820323974023527,-0.689665148162543,4.4502704723697395e-13,0.9999999999988874,132.0,1637.6375967037231,1280.568479154445,2.2533777444788496,100.00000000000001,0.2392307491372613,4.0,206.0,,False,False,False,False,resistant-enriched,resistant-dominant,True,0.059350943102767596,0.9041545660171938,0.9584543398280627,0.37094339439229745,0.95,0.9,0.8,0.02,0.35,6.25,1.38,3.0,0.251188643150958,2.0,1.0,0.7,100.0,i_db,i,d_b,0.251188643150958,6.25
0.5,0.6931471805599453,0.001070756104311599,4.084098516276993,4.085169272381305,0.9997378918637347,0.49973789186373474,8.24649126302523,8.24649126302523,0.0024236149482855253,-0.6907235656116597,8.173660598121704e-15,0.9999999999999796,146.0,1553.1956417266858,1605.2486902120208,1.4275989440198953,100.0,0.18164037699523128,2.0,224.0,,False,False,False,False,resistant-enriched,resistant-dominant,True,0.09090909090909091,0.9063636363636364,0.9363636363636364,0.5681818181818182,0.95,0.9,0.8,0.02,0.35,6.25,1.38,3.0,0.31622776601683794,2.0,1.0,0.7,100.0,i_db,i,d_b,0.31622776601683794,6.25
0.5,0.6931471805599453,0.0011920901318938648,4.086459857301017,4.087651947432911,0.9997083679953127,0.4997083679953127,8.139726133871424,8.139726133871424,0.0026654791875963604,-0.6904817013723489,3.593495821528938e-16,0.9999999999999991,158.0,1492.177976409824,1904.999688222971,0.9142802947213313,99.99999999999999,0.1424307793874333,2.0,240.0,,False,False,False,False,resistant-enriched,resistant-dominant,True,0.13680688860321005,0.9095764822022248,0.904235177977753,0.8550430537700628,0.95,0.9,0.8,0.02,0.35,6.25,1.38,3.0,0.3981071705534973,2.0,1.0,0.7,100.0,i_db,i,d_b,0.3981071705534973,6.25
0.5,0.6931471805599453,0.0021186751225344804,4.088430639648934,4.090549314771468,0.9994820560859923,0.4994820560859923,7.565125517589866,7.565125517589866,0.0044363888138305475,-0.6887107917461147,2.224407492925504e-17,0.9999999999999999,166.0,1444.065772317497,2181.811628687897,0.5945897871615213,100.0,0.10574047687057259,2.0,252.0,,False,False,False,False,resistant-enriched,resistant-dominant,True,0.2007600089131018,0.9140532006239172,0.8594679937608287,1.2547500557068862,0.95,0.9,0.8,0.02,0.35,6.25,1.38,3.0,0.5011872336272724,2.0,1.0,0.7,100.0,i_db,i,d_b,0.5011872336272724,6.25
0.5,0.6931471805599453,0.005905438672115735,4.0880636420613605,4.093969080733476,0.9985575272905926,0.49855752729059255,6.539952964641281,6.539952964641281,0.01087721774701731,-0.682269962812928,1.4061347193624626e-18,1.0,174.0,1401.992750247581,2448.1700473857336,0.39673702303106023,99.99999999999999,0.07623525429700416,2.0,262.0,,False,False,False,False,resistant-enriched,resistant-dominant,True,0.2847472489508015,0.9199323074265561,0.8006769257344389,1.7796703059425094,0.95,0.9,0.8,0.02,0.35,6.25,1.38,3.0,0.6309573444801934,2.0,1.0,0.7,100.0,i_db,i,d_b,0.6309573444801934,6.25
0.5,0.6931471805599453,0.02466344898918522,4.073117251028476,4.097780700017661,0.9939812667405363,0.49398126674053633,5.106841544978557,5.106841544978557,0.0367736358982195,-0.6563735446617258,7.819742660107193e-20,1.0,180.0,1362.4972061022656,2713.3414261100143,0.2755775267168471,100.0,0.055414207293330346,2.0,272.0,,False,False,False,False,resistant-enriched,resistant-dominant,True,0.386863179846857,0.92708042258928,0.7291957741072002,2.4178948740428563,0.95,0.9,0.8,0.02,0.35,6.25,1.38,3.0,0.7943282347242815,2.0,1.0,0.7,100.0,i_db,i,d_b,0.7943282347242815,6.25
0.5,0.6931471805599453,0.13491384657375177,3.9667397335544186,4.10165358012817,0.9671074497301804,0.46710744973018037,3.3810634092944016,3.3810634092944016,0.14465747128026732,-0.548489709279678,4.094863041762465e-21,1.0,186.0,1325.4008504390983,2975.562163783946,0.20189522226944204,100.0,0.04190430325588461,2.0,282.0,,False,False,False,False,resistant-enriched,resistant-dominant,True,0.5,0.935,0.65,3.125,0.95,0.9,0.8,0.02,0.35,6.25,1.38,3.0,1.0,2.0,1.0,0.7,100.0,i_db,i,d_b,1.0,6.25
0.5,0.6931471805599453,0.7137813562509379,3.3913136165729783,4.105094972823916,0.8261230590336565,0.32612305903365646,1.558395931125537,1.558395931125537,0.46198065199542226,-0.23116652856452302,2.4161411378237805e-22,1.0,190.0,1292.6214187025416,3222.3923365293563,0.1569881269748159,100.0,0.033446552416366036,2.0,290.0,,False,False,False,False,resistant-enriched,resistant-dominant,True,0.6131368201531432,0.9429195774107201,0.5708042258927998,3.832105125957145,0.95,0.9,0.8,0.02,0.35,6.25,1.38,3.0,1.2589254117941675,2.0,1.0,0.7,100.0,i_db,i,d_b,1.2589254117941675,6.25
0.5,0.6931471805599453,2.1925570245482082,1.9147047938035655,4.107261818351773,0.46617549074870723,-0.03382450925129277,-0.13550499776413016,-0.13550499776413016,0.6908572372265183,-0.0022899433334270247,2.068819577291483e-23,1.0,194.0,1267.1620424754324,3438.2240189371532,0.12947910942737442,100.0,0.028190123196492077,2.0,298.0,,False,False,False,False,susceptible-enriched,mixed,True,0.7152527510491987,0.9500676925734439,0.4993230742655609,4.470329694057492,0.95,0.9,0.8,0.02,0.35,6.25,1.38,3.0,1.584893192461114,2.0,1.0,0.7,100.0,i_db,i,d_b,1.584893192461114,6.25
0.5,0.6931471805599453,3.3859276916682,0.7216524952393348,4.107580186907535,0.17568798718513728,-0.3243120128148627,-1.5458394928820085,-1.5458394928820085,0.46479159343189735,-0.22835558712804793,3.1223060856875246e-24,1.0,198.0,1249.678103896944,3612.862017854834,0.11224317654805176,100.0,0.02491509729148197,2.0,314.0,,False,False,False,False,susceptible-enriched,susceptible-dominant,True,0.7992399910868984,0.9559467993760828,0.4405320062391712,4.995249944293115,0.95,0.9,0.8,0.02,0.35,6.25,1.38,3.0,1.9952623149688797,2.0,1.0,0.7,100.0,i_db,i,d_b,1.9952623149688797,6.25
0.5,0.6931471805599453,3.8320481038911844,0.2756367065697509,4.107684810460936,0.06710269148883916,-0.4328973085111608,-2.632070974104883,-2.632070974104883,0.24607919664901412,-0.44706798391093117,8.667056283039993e-25,1.0,200.0,1237.8997128312387,3745.0632608527703,0.10150395218975512,100.00000000000001,0.022866729973491883,2.0,336.0,,False,False,False,False,susceptible-enriched,susceptible-dominant,True,0.8631931113967901,0.9604235177977754,0.39576482202224694,5.3949569462299385,0.95,0.9,0.8,0.02,0.35,6.25,1.38,3.0,2.511886431509581,2.0,1.0,0.7,100.0,i_db,i,d_b,2.511886431509581,6.25
0.5,0.6931471805599453,3.9781854582912235,0.1300976299552655,4.108283088246489,0.03166715320262757,-0.4683328467973724,-3.4202959110630964,-3.4202959110630964,0.14049043542509257,-0.5526567451348527,3.938249416317047e-25,1.0,200.0,1230.290767916662,3840.018830238264,0.09480810998101728,100.0,0.021581697066675024,2.0,362.0,,False,False,False,False,susceptible-enriched,susceptible-dominant,True,0.9090909090909091,0.9636363636363636,0.36363636363636365,5.681818181818182,0.95,0.9,0.8,0.02,0.35,6.25,1.38,3.0,3.1622776601683795,2.0,1.0,0.7,100.0,i_db,i,d_b,3.1622776601683795,6.25
0.5,0.6931471805599453,4.0325799433662075,0.07634968680637327,4.108929630172581,0.01858140529974627,-0.4814185947002537,-3.9668377049895875,-3.9668377049895875,0.09246562754393232,-0.600681553016013,2.477092165397628e-25,1.0,202.0,1225.3210907881726,3905.410326726889,0.0906387196465284,100.0,0.020773877392415076,2.0,384.0,,False,False,False,False,susceptible-enriched,susceptible-dominant,True,0.9406490568972324,0.9658454339828063,0.3415456601719373,5.879056605607703,0.95,0.9,0.8,0.02,0.35,6.25,1.38,3.0,3.981071705534973,2.0,1.0,0.7,100.0,i_db,i,d_b,3.981071705534973,6.25
0.5,0.6931471805599453,4.0562049361828585,0.05320980835170903,4.1094147445345675,0.012948269196356225,-0.4870517308036438,-4.333760323799567,-4.333760323799567,0.06914752406542311,-0.6239996564945222,1.8666607972474173e-25,1.0,202.0,1222.0115172334715,3949.0356204835466,0.08806339450339758,100.0,0.02026537068250934,2.0,398.0,,False,False,False,False,susceptible-enriched,susceptible-dominant,True,0.9617134961177453,0.9673199447282421,0.32680055271757835,6.010709350735908,0.95,0.9,0.8,0.02,0.35,6.25,1.38,3.0,5.011872336272725,2.0,1.0,0.7,100.0,i_db,i,d_b,5.011872336272725,6.25
0.5,0.6931471805599453,4.067822865208955,0.04193394513105023,4.109756810340005,0.01020351010199579,-0.48979648989800423,-4.574767567498974,-4.574767567498974,0.05693460983388842,-0.6362125707260569,1.5739120877280825e-25,1.0,202.0,1219.751918560245,3977.5324835825345,0.08643127746156334,100.0,0.019945000638610214,2.0,406.0,,False,False,False,False,susceptible-enriched,susceptible-dominant,True,0.975496632449664,0.9682847642714765,0.3171523572852353,6.0968539528104,0.95,0.9,0.8,0.02,0.35,6.25,1.38,3.0,6.309573444801933,2.0,1.0,0.7,100.0,i_db,i,d_b,6.309573444801933,6.25
0.5,0.6931471805599453,4.074055354236885,0.035930584402689786,4.109985938639574,0.008742264557377777,-0.49125773544262225,-4.730805317862881,-4.730805317862881,0.05013865399651734,-0.643008526563428,1.4176689683343514e-25,1.0,202.0,1218.5037442457517,3995.906151874688,0.08540766583307884,100.0,0.01974305057649386,2.0,410.0,,False,False,False,False,susceptible-enriched,susceptible-dominant,True,0.9843983377581705,0.9689078836430719,0.3109211635692807,6.152489610988566,0.95,0.9,0.8,0.02,0.35,6.25,1.38,3.0,7.943282347242818,2.0,1.0,0.7,100.0,i_db,i,d_b,7.943282347242818,6.25
0.5,0.6931471805599453,4.077602203012533,0.032536828424853836,4.110139031437386,0.00791623547913783,-0.49208376452086217,-4.8308917692250954,-4.8308917692250954,0.046190212040346734,-0.6469569685195986,1.3287371098711267e-25,1.0,202.0,1217.770145725203,4007.6577082004846,0.0847657867781688,100.0,0.019615704291890072,2.0,414.0,,False,False,False,False,susceptible-enriched,susceptible-dominant,True,0.9900990099009901,0.9693069306930693,0.306930693069307,6.188118811881188,0.95,0.9,0.8,0.02,0.35,6.25,1.38,3.0,10.0,2.0,1.0,0.7,100.0,i_db,i,d_b,10.0,6.25
0.5,0.6931471805599453,0.8647985018018263,3.2046003002981447,4.069398802099971,0.7874874044402932,0.2874874044402932,1.3098461163803117,1.3098461163803117,0.5172667007475743,-0.17588047981237098,0.0030633462573351786,0.992341634356662,22.0,2297.821052483826,440.2462764764943,13.07176465599181,99.99999999999999,0.5076923788858047,8.0,92.0,,False,False,False,False,resistant-enriched,mixed,True,0.009900990099009903,0.9006930693069307,0.9930693069306931,0.06930693069306931,0.95,0.9,0.8,0.02,0.35,7.0,1.38,3.0,0.1,2.0,1.0,0.7,100.0,i_db,i,d_b,0.1,7.0
0.5,0.6931471805599453,0.27643887054779015,3.7815644964878765,4.058003367035667,0.9318781071515654,0.4318781071515654,2.615903377435256,2.615903377435256,0.24875354874738764,-0.44439363181255764,0.00028872655103711237,0.9992781836224072,38.0,2167.311672275548,519.458778621819,8.855634215945331,100.0,0.4358845728972347,6.0,100.0,,False,False,False,False,resistant-enriched,resistant-dominant,True,0.015601662241829605,0.9010921163569281,0.9890788364307193,0.10921163569280724,0.95,0.9,0.8,0.02,0.35,7.0,1.38,3.0,0.12589254117941673,2.0,1.0,0.7,100.0,i_db,i,d_b,0.12589254117941673,7.0
0.5,0.6931471805599453,0.01759809126787497,4.056394243531741,4.073992334799615,0.9956803818412829,0.49568038184128294,5.4402592951552045,5.4402592951552045,0.027828817502790384,-0.6653183630571549,5.0713440621203164e-08,0.9999998732163985,82.0,1903.8638146584633,734.7399882322734,5.200747337539406,100.00000000000001,0.35483758919971986,6.0,152.0,,False,False,False,False,resistant-enriched,resistant-dominant,True,0.02450336755033599,0.9017152357285235,0.9828476427147648,0.17152357285235192,0.95,0.9,0.8,0.02,0.35,7.0,1.38,3.0,0.15848931924611134,2.0,1.0,0.7,100.0,i_db,i,d_b,0.15848931924611134,7.0
0.5,0.6931471805599453,0.0031475755938615096,4.076979446141189,4.08012702173505,0.9992285594107501,0.49922855941075006,7.166479157628696,7.166479157628696,0.0063002512068716906,-0.6868469293530736,2.6632384678622657e-11,0.999999999933419,114.0,1728.1161904143337,1031.5019131331635,3.1916457838480494,100.0,0.2911448085989165,4.0,188.0,,False,False,False,False,resistant-enriched,resistant-dominant,True,0.038286503882254734,0.9026800552717579,0.9731994472824217,0.26800552717578313,0.95,0.9,0.8,0.02,0.35,7.0,1.38,3.0,0.19952623149688797,2.0,1.0,0.7,100.0,i_db,i,d_b,0.19952623149688797,7.0
0.5,0.6931471805599453,0.0012763101623673935,4.081785810832083,4.083062120994451,0.9996874134841581,0.4996874134841581,8.070316641028864,8.070316641028864,0.0028353075417500333,-0.6903118730181953,1.6133944307640304e-13,0.9999999999995967,136.0,1614.7036359091105,1359.700090732204,2.000888882676204,100.0,0.22086632472599713,4.0,210.0,,False,False,False,False,resistant-enriched,resistant-dominant,True,0.059350943102767596,0.9041545660171938,0.9584543398280627,0.41545660171937315,0.95,0.9,0.8,0.02,0.35,7.0,1.38,3.0,0.251188643150958,2.0,1.0,0.7,100.0,i_db,i,d_b,0.251188643150958,7.0
0.5,0.6931471805599453,0.0009292069200489575,4.084408738677849,4.085337945597899,0.9997725507822307,0.4997725507822307,8.38835608799903,8.38835608799903,0.0021354001188510626,-0.6910117804410942,4.2099899237095415e-15,0.9999999999999895,150.0,1538.1310186970086,1675.3842414016317,1.2668546023447491,100.0,0.1710591493376624,2.0,228.0,,False,False,False,False,resistant-enriched,resistant-dominant,True,0.09090909090909091,0.9063636363636364,0.9363636363636364,0.6363636363636364,0.95,0.9,0.8,0.02,0.35,7.0,1.38,3.0,0.31622776601683794,2.0,1.0,0.7,100.0,i_db,i,d_b,0.31622776601683794,7.0
0.5,0.6931471805599453,0.001093806344968341,4.086647759438124,4.087741565783093,0.9997324179311813,0.4997324179311813,8.225816621484054,8.225816621484054,0.0024686989045881345,-0.6906784816553572,2.3117019532940586e-16,0.9999999999999994,160.0,1482.396556648481,1962.4811660140833,0.8098964577636866,99.99999999999999,0.1314044314714691,2.0,242.0,,False,False,False,False,resistant-enriched,resistant-dominant,True,0.13680688860321005,0.9095764822022248,0.904235177977753,0.9576482202224703,0.95,0.9,0.8,0.02,0.35,7.0,1.38,3.0,0.3981071705534973,2.0,1.0,0.7,100.0,i_db,i,d_b,0.3981071705534973,7.0
0.5,0.6931471805599453,0.0020128601522314492,4.088588035297684,4.090600895449916,0.9995079304474629,0.4995079304474629,7.616398293859741,7.616398293859741,0.004239988358893233,-0.688907192201052,1.649608568809973e-17,1.0,168.0,1437.5740815740305,2227.3829153798633,0.525703853155304,100.0,0.09566719983592181,2.0,254.0,,False,False,False,False,resistant-enriched,resistant-dominant,True,0.2007600089131018,0.9140532006239172,0.8594679937608287,1.4053200623917126,0.95,0.9,0.8,0.02,0.35,7.0,1.38,3.0,0.5011872336272724,2.0,1.0,0.7,100.0,i_db,i,d_b,0.5011872336272724,7.0
0.5,0.6931471805599453,0.005733433353026883,4.088266242208589,4.093999675561616,0.9985995520744051,0.4985995520744051,6.5695617172101315,6.5695617172101315,0.01060175854823338,-0.6825454220117119,1.1280738176907617e-18,1.0,174.0,1397.3418051139881,2484.2763673267455,0.3504408920047417,99.99999999999999,0.06802530140259302,2.0,264.0,,False,False,False,False,resistant-enriched,resistant-dominant,True,0.2847472489508015,0.9199323074265561,0.8006769257344389,1.9932307426556104,0.95,0.9,0.8,0.02,0.35,7.0,1.38,3.0,0.6309573444801934,2.0,1.0,0.7,100.0,i_db,i,d_b,0.6309573444801934,7.0
0.5,0.6931471805599453,0.02426926374271727,4.073531267008644,4.0978005307513605,0.9940774902144232,0.49407749021442315,5.1230548522594415,5.1230548522594415,0.03628145989648427,-0.656865720663461,6.65149138424229e-20,1.0,180.0,1359.3016499733135,2742.5717107275977,0.24347422369732377,100.0,0.049131330030166044,2.0,274.0,,False,False,False,False,resistant-enriched,resistant-dominant,True,0.386863179846857,0.92708042258928,0.7291957741072002,2.708042258927999,0.95,0.9,0.8,0.02,0.35,7.0,1.38,3.0,0.7943282347242815,2.0,1.0,0.7,100.0,i_db,i,d_b,0.7943282347242815,7.0
0.5,0.6931471805599453,0.13387509512596046,3.9677923570981863,4.101667452224147,0.9673608119904098,0.4673608119904098,3.389057898349477,3.389057898349477,0.143799825922976,-0.5493473546369693,3.601719860748462e-21,1.0,186.0,1322.910373295434,3000.045879314053,0.17854272445648098,100.0,0.037101839636421656,2.0,282.0,,False,False,False,False,resistant-enriched,resistant-dominant,True,0.5,0.935,0.65,3.5,0.95,0.9,0.8,0.02,0.35,7.0,1.38,3.0,1.0,2.0,1.0,0.7,100.0,i_db,i,d_b,1.0,7.0
0.5,0.6931471805599453,0.7120247382722833,3.3930736953147367,4.10509843358702,0.8265511169119228,0.32655111691192285,1.5613788287853505,1.5613788287853505,0.46131293012037855,-0.23183425043956674,2.1828034817460396e-22,1.0,190.0,1290.715665006573,3243.6988021131733,0.139017534394146,100.00000000000001,0.029627066352360582,2.0,290.0,,False,False,False,False,resistant-enriched,resistant-dominant,True,0.6131368201531432,0.9429195774107201,0.5708042258927998,4.291957741072002,0.95,0.9,0.8,0.02,0.35,7.0,1.38,3.0,1.2589254117941675,2.0,1.0,0.7,100.0,i_db,i,d_b,1.2589254117941675,7.0
0.5,0.6931471805599453,2.192589738669467,1.914687979630078,4.107277718299545,0.4661695923553907,-0.03383040764460932,-0.1355286998261853,-0.1355286998261853,0.6908564378948432,-0.002290742665102097,1.8946172154384572e-23,1.0,194.0,1265.639073901723,3457.4390475027562,0.11475592467925423,99.99999999999999,0.024988946262812468,2.0,300.0,,False,False,False,False,susceptible-enriched,mixed,True,0.7152527510491987,0.9500676925734439,0.4993230742655609,5.006769257344391,0.95,0.9,0.8,0.02,0.35,7.0,1.38,3.0,1.584893192461114,2.0,1.0,0.7,100.0,i_db,i,d_b,1.584893192461114,7.0
0.5,0.6931471805599453,3.3870063155526204,0.7205904325588945,4.107596748111515,0.17542871823778444,-0.32457128176221556,-1.5476307962836222,-1.5476307962836222,0.46439057308411336,-0.22875660747583193,2.8737844702809867e-24,1.0,198.0,1248.2653738066917,3630.7216621300227,0.0995676340629759,100.0,0.022098325921840637,2.0,314.0,,False,False,False,False,susceptible-enriched,susceptible-dominant,True,0.7992399910868984,0.9559467993760828,0.4405320062391712,5.594679937608289,0.95,0.9,0.8,0.02,0.35,7.0,1.38,3.0,1.9952623149688797,2.0,1.0,0.7,100.0,i_db,i,d_b,1.9952623149688797,7.0
0.5,0.6931471805599453,3.832810043623516,0.2749050867659965,4.107715130389512,0.06692408748898046,-0.4330759125110195,-2.6349276069461145,-2.6349276069461145,0.24560884324727886,-0.44753833731266646,8.02487534283558e-25,1.0,200.0,1236.3673763843976,3762.050308883167,0.0900454924103084,100.00000000000001,0.020289310487334688,2.0,336.0,,False,False,False,False,susceptible-enriched,susceptible-dominant,True,0.8631931113967901,0.9604235177977754,0.39576482202224694,6.042351779777531,0.95,0.9,0.8,0.02,0.35,7.0,1.38,3.0,2.511886431509581,2.0,1.0,0.7,100.0,i_db,i,d_b,2.511886431509581,7.0
0.5,0.6931471805599453,3.9786620803258974,0.12965698639151485,4.108319066717412,0.031559619466243666,-0.46844038053375636,-3.4238084839564498,-3.4238084839564498,0.14012244946976704,-0.5530247310901782,3.675647635975396e-25,1.0,200.0,1228.8280333498892,3856.448939155047,0.08413425913208605,100.0,0.019153874160236214,2.0,362.0,,False,False,False,False,susceptible-enriched,susceptible-dominant,True,0.9090909090909091,0.9636363636363636,0.36363636363636365,6.363636363636363,0.95,0.9,0.8,0.02,0.35,7.0,1.38,3.0,3.1622776601683795,2.0,1.0,0.7,100.0,i_db,i,d_b,3.1622776601683795,7.0
0.5,0.6931471805599453,4.032898068533463,0.07605706750856532,4.108955136042028,0.01851007494373075,-0.48148992505626925,-3.9707565734193704,-3.9707565734193704,0.09218253191894168,-0.6009646486410036,2.309839425546601e-25,1.0,202.0,1224.1669664062924,3921.4841289688916,0.08046143458000177,100.0,0.018439848556748094,2.0,384.0,,False,False,False,False,susceptible-enriched,susceptible-dominant,True,0.9406490568972324,0.9658454339828063,0.3415456601719373,6.584543398280627,0.95,0.9,0.8,0.02,0.35,7.0,1.38,3.0,3.981071705534973,2.0,1.0,0.7,100.0,i_db,i,d_b,3.981071705534973,7.0
0.5,0.6931471805599453,4.05645757607189,0.05299153560746784,4.109449111679358,0.01289504606757679,-0.4871049539324232,-4.337933158242952,-4.337933158242952,0.06891675681119107,-0.6242304237487543,1.746386963671952e-25,1.0,202.0,1220.6538175388132,3964.883037632832,0.078171737222367,100.0,0.017990280074570885,2.0,398.0,,False,False,False,False,susceptible-enriched,susceptible-dominant,True,0.9617134961177453,0.9673199447282421,0.32680055271757835,6.7319944728242165,0.95,0.9,0.8,0.02,0.35,7.0,1.38,3.0,5.011872336272725,2.0,1.0,0.7,100.0,i_db,i,d_b,5.011872336272725,7.0
0.5,0.6931471805599453,4.068028738039541,0.041754809900968755,4.109783547940509,0.010159856209919592,-0.4898401437900804,-4.579099169688474,-4.579099169688474,0.056734808945441556,-0.6364123716145037,1.4755574545790801e-25,1.0,202.0,1218.613709981452,3993.2358166889585,0.07672843022723767,100.0,0.01770700028251498,2.0,406.0,,False,False,False,False,susceptible-enriched,susceptible-dominant,True,0.975496632449664,0.9682847642714765,0.3171523572852353,6.828476427147648,0.95,0.9,0.8,0.02,0.35,7.0,1.38,3.0,6.309573444801933,2.0,1.0,0.7,100.0,i_db,i,d_b,6.309573444801933,7.0
0.5,0.6931471805599453,4.074244442654658,0.03577338230943308,4.110017824964091,0.008703948214566597,-0.4912960517854334,-4.735236489682749,-4.735236489682749,0.04995730200663802,-0.6431898785533072,1.3308146808500723e-25,1.0,202.0,1217.4693519885907,4011.517896622873,0.07582655408094033,100.0,0.01752841359386928,2.0,412.0,,False,False,False,False,susceptible-enriched,susceptible-dominant,True,0.9843983377581705,0.9689078836430719,0.3109211635692807,6.890788364307194,0.95,0.9,0.8,0.02,0.35,7.0,1.38,3.0,7.943282347242818,2.0,1.0,0.7,100.0,i_db,i,d_b,7.943282347242818,7.0
0.5,0.6931471805599453,4.077774328234852,0.032392320559370545,4.110166648794223,0.007881023648730471,-0.49211897635126955,-4.835385235836983,-4.835385235836983,0.04602002844537194,-0.6471271521145734,1.248360620808363e-25,1.0,202.0,1216.7197966496385,4023.2115994818278,0.07526064848865709,100.00000000000001,0.017415793053705036,2.0,414.0,,False,False,False,False,susceptible-enriched,susceptible-dominant,True,0.9900990099009901,0.9693069306930693,0.306930693069307,6.930693069306931,0.95,0.9,0.8,0.02,0.35,7.0,1.38,3.0,10.0,2.0,1.0,0.7,100.0,i_db,i,d_b,10.0,7.0
0.5,0.6931471805599453,0.7781058118930128,3.288106557381698,4.0662123692747105,0.8086411280993169,0.3086411280993169,1.4412046436793255,1.4412046436793255,0.4881873545182577,-0.2049598260416876,0.0023840837029813385,0.9940397907425467,24.0,2283.795780830729,449.71705992075925,11.991041709443937,99.99999999999999,0.4897768773420514,8.0,88.0,,False,False,False,False,resistant-enriched,resistant-dominant,True,0.009900990099009903,0.9006930693069307,0.9930693069306931,0.07673267326732675,0.95,0.9,0.8,0.02,0.35,7.75,1.38,3.0,0.1,2.0,1.0,0.7,100.0,i_db,i,d_b,0.1,7.75
0.5,0.6931471805599453,0.14581029051318029,3.915663028475297,4.061473318988478,0.9640991632687876,0.46409916326878764,3.29043355328282,3.29043355328282,0.15469044097189455,-0.5384567395880507,6.982437789771909e-05,0.9998254390552557,46.0,2105.822010029682,557.1976332905898,7.889082226769814,100.0,0.41909934887691436,6.0,112.0,,False,False,False,False,resistant-enriched,resistant-dominant,True,0.015601662241829605,0.9010921163569281,0.9890788364307193,0.12091288237417944,0.95,0.9,0.8,0.02,0.35,7.75,1.38,3.0,0.12589254117941673,2.0,1.0,0.7,100.0,i_db,i,d_b,0.12589254117941673,7.75
0.5,0.6931471805599453,0.010733791455540214,4.06509630593354,4.075830097389081,0.9973664772085529,0.49736647720855287,5.936795868033256,5.936795868033256,0.018271683839493957,-0.6748754967204513,7.420624165084262e-09,0.9999999814484396,92.0,1857.8382047621478,794.789635990704,4.64330193944511,100.00000000000001,0.34096574985625405,4.0,162.0,,False,False,False,False,resistant-enriched,resistant-dominant,True,0.02450336755033599,0.9017152357285235,0.9828476427147648,0.18990109851510392,0.95,0.9,0.8,0.02,0.35,7.75,1.38,3.0,0.15848931924611134,2.0,1.0,0.7,100.0,i_db,i,d_b,0.15848931924611134,7.75
0.5,0.6931471805599453,0.0023263176328070134,4.078412091862639,4.080738409495447,0.9994299272829167,0.4994299272829167,7.469176396171964,7.469176396171964,0.004828208952855975,-0.6883189716070893,7.517266713961388e-12,0.9999999999812068,120.0,1699.0627745764486,1102.5495241204285,2.866218966711806,100.0,0.2753806231860491,4.0,194.0,,False,False,False,False,resistant-enriched,resistant-dominant,True,0.038286503882254734,0.9026800552717579,0.9731994472824217,0.2967204050874742,0.95,0.9,0.8,0.02,0.35,7.75,1.38,3.0,0.19952623149688797,2.0,1.0,0.7,100.0,i_db,i,d_b,0.19952623149688797,7.75
0.5,0.6931471805599453,0.001059486552519688,4.082263906347026,4.083323392899546,0.9997405332738617,0.4997405332738617,8.25662258615984,8.25662258615984,0.0024018192248435924,-0.6907453613351017,7.145918518490474e-14,0.9999999999998214,138.0,1595.9919850120086,1429.0397644672553,1.798373461001021,100.0,0.20443749053765364,4.0,214.0,,False,False,False,False,resistant-enriched,resistant-dominant,True,0.059350943102767596,0.9041545660171938,0.9584543398280627,0.45996980904644885,0.95,0.9,0.8,0.02,0.35,7.75,1.38,3.0,0.251188643150958,2.0,1.0,0.7,100.0,i_db,i,d_b,0.251188643150958,7.75
0.5,0.6931471805599453,0.0008288697537363581,4.084638608509105,4.085467478262841,0.9997971175249476,0.4997971175249476,8.502680784143038,8.502680784143038,0.0019279479805533104,-0.691219232579392,2.463107077359102e-15,0.9999999999999939,152.0,1526.168921772893,1735.1383145866655,1.1375797923960145,100.0,0.16133642398669545,2.0,232.0,,False,False,False,False,resistant-enriched,resistant-dominant,True,0.09090909090909091,0.9063636363636364,0.9363636363636364,0.7045454545454546,0.95,0.9,0.8,0.02,0.35,7.75,1.38,3.0,0.31622776601683794,2.0,1.0,0.7,100.0,i_db,i,d_b,0.31622776601683794,7.75
0.5,0.6931471805599453,0.0010205044435558659,4.0867915622306334,4.087812066674189,0.9997503543639211,0.4997503543639211,8.295218424524332,8.295218424524332,0.002320541882741486,-0.6908266386772038,1.6202427888603631e-16,0.9999999999999996,160.0,1474.4592016974243,2010.5619058643808,0.7260463372512616,99.99999999999999,0.12161750707454351,2.0,244.0,,False,False,False,False,resistant-enriched,resistant-dominant,True,0.13680688860321005,0.9095764822022248,0.904235177977753,1.060253386674878,0.95,0.9,0.8,0.02,0.35,7.75,1.38,3.0,0.3981071705534973,2.0,1.0,0.7,100.0,i_db,i,d_b,0.3981071705534973,7.75
0.5,0.6931471805599453,0.0019313928947277987,4.088711217234506,4.090642610129234,0.9995278509811769,0.4995278509811769,7.657743643845645,7.657743643845645,0.00408785666410836,-0.6890593238958369,1.2869459888225712e-17,1.0,168.0,1432.377419124303,2265.0525245900662,0.470470161285906,100.0,0.08706521447300038,2.0,254.0,,False,False,False,False,resistant-enriched,resistant-dominant,True,0.2007600089131018,0.9140532006239172,0.8594679937608287,1.555890069076539,0.95,0.9,0.8,0.02,0.35,7.75,1.38,3.0,0.5011872336272724,2.0,1.0,0.7,100.0,i_db,i,d_b,0.5011872336272724,7.75
0.5,0.6931471805599453,0.0055983832971241015,4.088425357267988,4.094023740565111,0.998632547427204,0.498632547427204,6.593437317565024,6.593437317565024,0.010384601212759538,-0.6827625793471858,9.500338570263416e-19,1.0,174.0,1393.6922292992438,2513.897191668879,0.3134348291478753,100.0,0.0612539489710559,2.0,264.0,,False,False,False,False,resistant-enriched,resistant-dominant,True,0.2847472489508015,0.9199323074265561,0.8006769257344389,2.206791179368712,0.95,0.9,0.8,0.02,0.35,7.75,1.38,3.0,0.6309573444801934,2.0,1.0,0.7,100.0,i_db,i,d_b,0.6309573444801934,7.75
0.5,0.6931471805599453,0.023955842728785207,4.073859594288162,4.097815437016948,0.9941539966606636,0.4941539966606636,5.1361338829685215,5.1361338829685215,0.035889013938531396,-0.6572581666214139,5.855807352785283e-20,1.0,180.0,1356.3614748474108,2766.439247706222,0.21795416998658818,100.0,0.04406611494301761,2.0,274.0,,False,False,False,False,resistant-enriched,resistant-dominant,True,0.386863179846857,0.92708042258928,0.7291957741072002,2.9981896438131415,0.95,0.9,0.8,0.02,0.35,7.75,1.38,3.0,0.7943282347242815,2.0,1.0,0.7,100.0,i_db,i,d_b,0.7943282347242815,7.75
0.5,0.6931471805599453,0.13304307519483324,3.968638718030654,4.101681793225487,0.9675637745925164,0.4675637745925164,3.395505473265186,3.395505473265186,0.14311132026230694,-0.5500358602976383,3.253608467507515e-21,1.0,186.0,1321.0637790987926,3019.9749516174443,0.16001474555501882,100.0,0.03326814268365935,2.0,282.0,,False,False,False,False,resistant-enriched,resistant-dominant,True,0.5,0.935,0.65,3.875,0.95,0.9,0.8,0.02,0.35,7.75,1.38,3.0,1.0,2.0,1.0,0.7,100.0,i_db,i,d_b,1.0,7.75
0.5,0.6931471805599453,0.7106131459893585,3.394501414725979,4.105114560715338,0.8268956601626409,0.32689566016264093,1.5637839872515726,1.5637839872515729,0.4607745533510808,-0.23237262720886448,2.0135289450350985e-22,1.0,190.0,1289.2285781250807,3261.006359509286,0.12474172389774128,100.0,0.026585285460347732,2.0,290.0,,False,False,False,False,resistant-enriched,resistant-dominant,True,0.6131368201531432,0.9429195774107201,0.5708042258927998,4.751810356186859,0.95,0.9,0.8,0.02,0.35,7.75,1.38,3.0,1.2589254117941675,2.0,1.0,0.7,100.0,i_db,i,d_b,1.2589254117941675,7.75
0.5,0.6931471805599453,2.192618785965377,1.9146766322894702,4.107295418254847,0.4661648207186906,-0.03383517928130941,-0.1355478741652215,-0.1355478741652215,0.6908557911553787,-0.002291389404566635,1.766375982007635e-23,1.0,194.0,1264.2849265665034,3473.0310652035614,0.10303065236684399,100.0,0.022439083772114884,2.0,300.0,,False,False,False,False,susceptible-enriched,mixed,True,0.7152527510491987,0.9500676925734439,0.4993230742655609,5.54320882063129,0.95,0.9,0.8,0.02,0.35,7.75,1.38,3.0,1.584893192461114,2.0,1.0,0.7,100.0,i_db,i,d_b,1.584893192461114,7.75
0.5,0.6931471805599453,3.3878782109868166,0.7197352499209795,4.107613460907796,0.17521980993847353,-0.3247801900615265,-1.5490756720097787,-1.5490756720097787,0.46406710926683536,-0.22908007129310992,2.689668386332083e-24,1.0,198.0,1246.956775895771,3645.2041569945286,0.08947535393550445,100.00000000000001,0.019853184010047188,2.0,314.0,,False,False,False,False,susceptible-enriched,susceptible-dominant,True,0.7992399910868984,0.9559467993760828,0.4405320062391712,6.194109930923462,0.95,0.9,0.8,0.02,0.35,7.75,1.38,3.0,1.9952623149688797,2.0,1.0,0.7,100.0,i_db,i,d_b,1.9952623149688797,7.75
0.5,0.6931471805599453,3.8334291791631254,0.2743169027192834,4.107746081882409,0.06678039422377718,-0.4332196057762228,-2.637231011297612,-2.637231011297612,0.2452300564590542,-0.4479171241008911,7.546313829499586e-25,1.0,200.0,1235.2357590370402,3775.8164474691353,0.08090412852355695,100.0,0.01823379354803663,2.0,336.0,,False,False,False,False,susceptible-enriched,susceptible-dominant,True,0.8631931113967901,0.9604235177977754,0.39576482202224694,6.6897466133251235,0.95,0.9,0.8,0.02,0.35,7.75,1.38,3.0,2.511886431509581,2.0,1.0,0.7,100.0,i_db,i,d_b,2.511886431509581,7.75
0.5,0.6931471805599453,3.9790458941261786,0.12930277522453218,4.108348669350711,0.03147317465753639,-0.4685268253424636,-3.4266405954449715,-3.4266405954449715,0.13982635664379123,-0.553320823916154,3.4784799571136537e-25,1.0,200.0,1227.7177619835993,3869.7596875575964,0.07561583491233924,100.0,0.017216895824335617,2.0,362.0,,False,False,False,False,susceptible-enriched,susceptible-dominant,True,0.9090909090909091,0.9636363636363636,0.36363636363636365,7.045454545454545,0.95,0.9,0.8,0.02,0.35,7.75,1.38,3.0,3.1622776601683795,2.0,1.0,0.7,100.0,i_db,i,d_b,3.1622776601683795,7.75
0.5,0.6931471805599453,4.033164097578717,0.0758220713135862,4.108986168892303,0.018452744350323833,-0.48154725564967615,-3.973917054214744,-3.973917054214744,0.09195479553815065,-0.6011923850217946,2.184278259692837e-25,1.0,202.0,1223.1188808982824,3934.5048271965393,0.07233802751763554,100.0,0.01657721397576889,2.0,384.0,,False,False,False,False,susceptible-enriched,susceptible-dominant,True,0.9406490568972324,0.9658454339828063,0.3415456601719373,7.290030190953551,0.95,0.9,0.8,0.02,0.35,7.75,1.38,3.0,3.981071705534973,2.0,1.0,0.7,100.0,i_db,i,d_b,3.981071705534973,7.75
0.5,0.6931471805599453,4.056657285199208,0.05281613309131452,4.109473418290523,0.01285228731648183,-0.4871477126835182,-4.341297889692938,-4.341297889692938,0.06873120031045604,-0.6244159802494893,1.6558195696494742e-25,1.0,202.0,1219.6309832996155,3977.7182837573623,0.07027652190256084,100.0,0.01617437295941072,2.0,398.0,,False,False,False,False,susceptible-enriched,susceptible-dominant,True,0.9617134961177453,0.9673199447282421,0.32680055271757835,7.453279594912526,0.95,0.9,0.8,0.02,0.35,7.75,1.38,3.0,5.011872336272725,2.0,1.0,0.7,100.0,i_db,i,d_b,5.011872336272725,7.75
0.5,0.6931471805599453,4.068202145608588,0.04161097265020794,4.109813118258796,0.010124784619850856,-0.48987521538014916,-4.5825925494608795,-4.5825925494608795,0.05657415143223001,-0.6365730291277153,1.4013397757837998e-25,1.0,202.0,1217.765577201541,4005.954201195347,0.0689859643990609,100.00000000000001,0.01592050434804908,2.0,406.0,,False,False,False,False,susceptible-enriched,susceptible-dominant,True,0.975496632449664,0.9682847642714765,0.3171523572852353,7.560098901484896,0.95,0.9,0.8,0.02,0.35,7.75,1.38,3.0,6.309573444801933,2.0,1.0,0.7,100.0,i_db,i,d_b,6.309573444801933,7.75
0.5,0.6931471805599453,4.074389588031757,0.035647033378531964,4.110036621410289,0.00867316685034799,-0.49132683314965203,-4.738810291897349,-4.738810291897349,0.049811489996526605,-0.6433356905634187,1.2651906331442924e-25,1.0,202.0,1216.604649858859,4024.1619431163076,0.06818008676088207,100.0,0.01576044624072603,2.0,412.0,,False,False,False,False,susceptible-enriched,susceptible-dominant,True,0.9843983377581705,0.9689078836430719,0.3109211635692807,7.629087117625821,0.95,0.9,0.8,0.02,0.35,7.75,1.38,3.0,7.943282347242818,2.0,1.0,0.7,100.0,i_db,i,d_b,7.943282347242818,7.75
0.5,0.6931471805599453,4.0779171477519185,0.032276284878091144,4.11019343263001,0.00785274109531102,-0.49214725890468897,-4.839008887784501,-4.839008887784501,0.04588322019153176,-0.6472639603684135,1.1875908284477249e-25,1.0,202.0,1215.7819026496632,4035.8079219997853,0.06767267916934283,100.00000000000001,0.015659505015456095,2.0,414.0,,False,False,False,False,susceptible-enriched,susceptible-dominant,True,0.9900990099009901,0.9693069306930693,0.306930693069307,7.673267326732673,0.95,0.9,0.8,0.02,0.35,7.75,1.38,3.0,10.0,2.0,1.0,0.7,100.0,i_db,i,d_b,10.0,7.75
0.5,0.6931471805599453,0.67752372241933,3.385345918791393,4.062869641210723,0.8332401031165179,0.33324010311651786,1.6087668050098132,1.6087668050098132,0.4507112258257542,-0.2424359547341911,0.0017431261997909345,0.9956421845005227,26.0,2266.2049777563234,460.78443947462006,11.119997224754188,99.99999999999999,0.47507716942753475,6.0,86.0,,False,False,False,False,resistant-enriched,resistant-dominant,True,0.009900990099009903,0.9006930693069307,0.9930693069306931,0.08415841584158418,0.95,0.9,0.8,0.02,0.35,8.5,1.38,3.0,0.1,2.0,1.0,0.7,100.0,i_db,i,d_b,0.1,8.5
0.5,0.6931471805599453,0.0783300115052516,3.987197892749261,4.0655279042545125,0.9807331265828282,0.4807331265828282,3.9299131623881034,3.9299131623881034,0.09517203808651914,-0.5979751424734261,1.2503908513710178e-05,0.9999687402287157,56.0,2048.212884070989,597.3067464613944,7.0518384156479845,100.0,0.40312219569145674,6.0,124.0,,False,False,False,False,resistant-enriched,resistant-dominant,True,0.015601662241829605,0.9010921163569281,0.9890788364307193,0.13261412905555164,0.95,0.9,0.8,0.02,0.35,8.5,1.38,3.0,0.12589254117941673,2.0,1.0,0.7,100.0,i_db,i,d_b,0.12589254117941673,8.5
0.5,0.6931471805599453,0.007160689737273994,4.069952488811474,4.077113178548748,0.9982436862986906,0.49824368629869065,6.3427802965033795,6.3427802965033795,0.012897769767607902,-0.6802494107923374,1.4874757324640088e-09,0.9999999962813106,98.0,1819.859620327395,852.2946550803528,4.197417074886656,100.00000000000001,0.3283704790158714,4.0,168.0,,False,False,False,False,resistant-enriched,resistant-dominant,True,0.02450336755033599,0.9017152357285235,0.9828476427147648,0.20827862417785592,0.95,0.9,0.8,0.02,0.35,8.5,1.38,3.0,0.15848931924611134,2.0,1.0,0.7,100.0,i_db,i,d_b,0.15848931924611134,8.5
0.5,0.6931471805599453,0.0018147460398130204,4.079378674830576,4.081193420870389,0.9995553393694763,0.49955533936947627,7.71775443526219,7.71775443526219,0.003876541074789107,-0.6892706394851562,2.659386040770336e-12,0.9999999999933515,124.0,1675.1134172698112,1167.3973112451138,2.6007107476453735,100.0,0.26075559270267823,4.0,198.0,,False,False,False,False,resistant-enriched,resistant-dominant,True,0.038286503882254734,0.9026800552717579,0.9731994472824217,0.32543528299916524,0.95,0.9,0.8,0.02,0.35,8.5,1.38,3.0,0.19952623149688797,2.0,1.0,0.7,100.0,i_db,i,d_b,0.19952623149688797,8.5
0.5,0.6931471805599453,0.0009090309549866638,4.0826166739263074,4.0835257048812945,0.9997773906617263,0.49977739066172633,8.409869534968907,8.409869534968907,0.0020947496115573763,-0.6910524309483879,3.632761074360773e-14,0.9999999999999092,142.0,1580.7231673418328,1490.1628100176708,1.6322019652491486,100.0,0.19241855791183202,2.0,218.0,,False,False,False,False,resistant-enriched,resistant-dominant,True,0.059350943102767596,0.9041545660171938,0.9584543398280627,0.5044830163735246,0.95,0.9,0.8,0.02,0.35,8.5,1.38,3.0,0.251188643150958,2.0,1.0,0.7,100.0,i_db,i,d_b,0.251188643150958,8.5
0.5,0.6931471805599453,0.0007544667023185417,4.084815292546919,4.085569759249237,0.9998153337853037,0.49981533378530374,8.596775924113041,8.596775924113041,0.001772217336099135,-0.6913749632238462,1.5870712239510735e-15,0.999999999999996,154.0,1516.1013488402773,1786.6003619232872,1.0314428296759863,100.0,0.15239240117720523,2.0,234.0,,False,False,False,False,resistant-enriched,resistant-dominant,True,0.09090909090909091,0.9063636363636364,0.9363636363636364,0.7727272727272727,0.95,0.9,0.8,0.02,0.35,8.5,1.38,3.0,0.31622776601683794,2.0,1.0,0.7,100.0,i_db,i,d_b,0.31622776601683794,8.5
0.5,0.6931471805599453,0.000963858009013851,4.086903656032144,4.087867514041157,0.9997642149590947,0.49976421495909473,8.352354198787602,8.352354198787602,0.0022051730189847564,-0.6909420075409606,1.2034122261153502e-16,0.9999999999999997,162.0,1467.9236635019372,2051.3557261707433,0.6572573494495253,99.99999999999999,0.11290735594815224,2.0,246.0,,False,False,False,False,resistant-enriched,resistant-dominant,True,0.13680688860321005,0.9095764822022248,0.904235177977753,1.1628585531272855,0.95,0.9,0.8,0.02,0.35,8.5,1.38,3.0,0.3981071705534973,2.0,1.0,0.7,100.0,i_db,i,d_b,0.3981071705534973,8.5
0.5,0.6931471805599453,0.0018668053274614267,4.088808421521837,4.0906752268492985,0.9995436437204283,0.49954364372042825,7.691780278225241,7.691780278225241,0.0039666526728442,-0.689180527887101,1.0575491169188841e-17,1.0,168.0,1427.7141862493522,2296.704998987203,0.42539875086015966,100.0,0.07967662526456304,2.0,256.0,,False,False,False,False,resistant-enriched,resistant-dominant,True,0.2007600089131018,0.9140532006239172,0.8594679937608287,1.7064600757613653,0.95,0.9,0.8,0.02,0.35,8.5,1.38,3.0,0.5011872336272724,2.0,1.0,0.7,100.0,i_db,i,d_b,0.5011872336272724,8.5
0.5,0.6931471805599453,0.005489567310728994,4.088553070838775,4.094042638149504,0.9986591328435187,0.4986591328435187,6.613096975692986,6.613096975692986,0.010209051460581282,-0.682938129099364,8.260494746746983e-19,1.0,176.0,1390.723535556749,2538.6345157567025,0.2833265126852905,100.0,0.05560772064950476,2.0,266.0,,False,False,False,False,resistant-enriched,resistant-dominant,True,0.2847472489508015,0.9199323074265561,0.8006769257344389,2.420351616081813,0.95,0.9,0.8,0.02,0.35,8.5,1.38,3.0,0.6309573444801934,2.0,1.0,0.7,100.0,i_db,i,d_b,0.6309573444801934,8.5
0.5,0.6931471805599453,0.023700839398268555,4.074128437134714,4.097829276532983,0.9942162452852791,0.4942162452852791,5.146901657179179,5.146901657179179,0.035568962123363766,-0.6575782184365815,5.2835530244164893e-20,1.0,180.0,1354.2568489932955,2786.291329005319,0.1971685107046897,100.00000000000001,0.039914107027290896,2.0,274.0,,False,False,False,False,resistant-enriched,resistant-dominant,True,0.386863179846857,0.92708042258928,0.7291957741072002,3.2883370286982845,0.95,0.9,0.8,0.02,0.35,8.5,1.38,3.0,0.7943282347242815,2.0,1.0,0.7,100.0,i_db,i,d_b,0.7943282347242815,8.5
0.5,0.6931471805599453,0.13236139885915715,3.9693245710301053,4.101685969889262,0.9677300018014957,0.4677300018014957,3.4008151743731654,3.4008151743731654,0.14254645392128004,-0.5506007266386652,2.9960083336175973e-21,1.0,186.0,1319.3146755915018,3036.5100397652677,0.14496925068368627,100.0,0.03014399224259994,2.0,284.0,,False,False,False,False,resistant-enriched,resistant-dominant,True,0.5,0.935,0.65,4.25,0.95,0.9,0.8,0.02,0.35,8.5,1.38,3.0,1.0,2.0,1.0,0.7,100.0,i_db,i,d_b,1.0,8.5
0.5,0.6931471805599453,0.7094506793546025,3.3956684537945776,4.10511913314918,0.8271790278567731,0.3271790278567731,1.5657649346863258,1.5657649346863258,0.4603311468808489,-0.23281603367909637,1.8854903636162e-22,1.0,190.0,1287.8358983029834,3275.345007345179,0.11311826659501653,100.0,0.024107956824848967,2.0,292.0,,False,False,False,False,resistant-enriched,resistant-dominant,True,0.6131368201531432,0.9429195774107201,0.5708042258927998,5.211662971301717,0.95,0.9,0.8,0.02,0.35,8.5,1.38,3.0,1.2589254117941675,2.0,1.0,0.7,100.0,i_db,i,d_b,1.2589254117941675,8.5
0.5,0.6931471805599453,2.1926378488240093,1.9146632538650548,4.107301102689064,0.4661609183245704,-0.033839081675429594,-0.1355635555594392,-0.1355635555594392,0.690855262163554,-0.0022919183963913126,1.6682381202505088e-23,1.0,194.0,1263.0311732373623,3485.9370424176764,0.09348278679113804,100.0,0.020360898408298286,2.0,300.0,,False,False,False,False,susceptible-enriched,mixed,True,0.7152527510491987,0.9500676925734439,0.4993230742655609,6.079648383918189,0.95,0.9,0.8,0.02,0.35,8.5,1.38,3.0,1.584893192461114,2.0,1.0,0.7,100.0,i_db,i,d_b,1.584893192461114,8.5
0.5,0.6931471805599453,3.3885961460242306,0.7190319403808594,4.10762808640509,0.17504796570084344,-0.32495203429915653,-1.5502652183141303,-1.5502652183141303,0.4638008073437746,-0.22934637321617068,2.5481501233725234e-24,1.0,198.0,1245.8196811058676,3657.1818162867867,0.08123277187219358,100.0,0.018022003569033572,2.0,314.0,,False,False,False,False,susceptible-enriched,susceptible-dominant,True,0.7992399910868984,0.9559467993760828,0.4405320062391712,6.793539924238636,0.95,0.9,0.8,0.02,0.35,8.5,1.38,3.0,1.9952623149688797,2.0,1.0,0.7,100.0,i_db,i,d_b,1.9952623149688797,8.5
0.5,0.6931471805599453,3.8339292458028056,0.2738326543051166,4.107761900107922,0.06666225087143494,-0.43333774912856504,-2.6391282999354813,-2.6391282999354813,0.24491837310116943,-0.44822880745877586,7.176416616626488e-25,1.0,200.0,1234.380951697153,3787.1999220041102,0.07344921192804538,100.0,0.01655638228644371,2.0,336.0,,False,False,False,False,susceptible-enriched,susceptible-dominant,True,0.8631931113967901,0.9604235177977754,0.39576482202224694,7.337141446872716,0.95,0.9,0.8,0.02,0.35,8.5,1.38,3.0,2.511886431509581,2.0,1.0,0.7,100.0,i_db,i,d_b,2.511886431509581,8.5
0.5,0.6931471805599453,3.9793591923173235,0.12901165604493786,4.108370848362261,0.03140214474464163,-0.46859785525535835,-3.428973321142793,-3.428973321142793,0.13958287984430814,-0.5535643007156371,3.3251612757411517e-25,1.0,200.0,1226.8746722651501,3880.763791401872,0.06866357507097229,100.0,0.01563566054383007,2.0,364.0,,False,False,False,False,susceptible-enriched,susceptible-dominant,True,0.9090909090909091,0.9636363636363636,0.36363636363636365,7.727272727272727,0.95,0.9,0.8,0.02,0.35,8.5,1.38,3.0,3.1622776601683795,2.0,1.0,0.7,100.0,i_db,i,d_b,3.1622776601683795,8.5
0.5,0.6931471805599453,4.033376648900589,0.07562896916892034,4.109005618069509,0.018405662147634713,-0.4815943378523653,-3.976519782403888,-3.976519782403888,0.09176763352444531,-0.6013795470355,2.0866841038131077e-25,1.0,202.0,1222.190553046876,3945.26700055301,0.06570172340545612,99.99999999999999,0.015056323896990192,2.0,384.0,,False,False,False,False,susceptible-enriched,susceptible-dominant,True,0.9406490568972324,0.9658454339828063,0.3415456601719373,7.995516983626476,0.95,0.9,0.8,0.02,0.35,8.5,1.38,3.0,3.981071705534973,2.0,1.0,0.7,100.0,i_db,i,d_b,3.981071705534973,8.5
0.5,0.6931471805599453,4.056838236495012,0.05267230713478755,4.109510543629799,0.012817172890926272,-0.48718282710907374,-4.344069353600806,-4.344069353600806,0.06857870949161168,-0.6245684710683336,1.5852434705337884e-25,1.0,202.0,1218.8578309090153,3988.3263652288074,0.06383002877880811,100.0,0.01469142350571389,2.0,398.0,,False,False,False,False,susceptible-enriched,susceptible-dominant,True,0.9617134961177453,0.9673199447282421,0.32680055271757835,8.174564717000834,0.95,0.9,0.8,0.02,0.35,8.5,1.38,3.0,5.011872336272725,2.0,1.0,0.7,100.0,i_db,i,d_b,5.011872336272725,8.5
0.5,0.6931471805599453,4.068340985295101,0.04149282488868378,4.109833810183784,0.010095986067823092,-0.4899040139321769,-4.5854700569761455,-4.5854700569761455,0.05644213798771668,-0.6367050425722286,1.3434083023482124e-25,1.0,202.0,1217.068895666278,4016.4652197196883,0.06266442216034189,100.0,0.014461440136712928,2.0,406.0,,False,False,False,False,susceptible-enriched,susceptible-dominant,True,0.975496632449664,0.9682847642714765,0.3171523572852353,8.291721375822144,0.95,0.9,0.8,0.02,0.35,8.5,1.38,3.0,6.309573444801933,2.0,1.0,0.7,100.0,i_db,i,d_b,6.309573444801933,8.5
0.5,0.6931471805599453,4.074516774692012,0.03554335826042753,4.110060132952439,0.008647892515113923,-0.49135210748488606,-4.741754125068455,-4.741754125068455,0.049691682532821704,-0.6434554980271235,1.213915627910727e-25,1.0,202.0,1215.8270446897823,4034.6110465961415,0.06193477601574009,100.0,0.014316431270649717,2.0,412.0,,False,False,False,False,susceptible-enriched,susceptible-dominant,True,0.9843983377581705,0.9689078836430719,0.3109211635692807,8.36738587094445,0.95,0.9,0.8,0.02,0.35,8.5,1.38,3.0,7.943282347242818,2.0,1.0,0.7,100.0,i_db,i,d_b,7.943282347242818,8.5
0.5,0.6931471805599453,4.078032725760041,0.032180979895557384,4.110213705655598,0.007829515008252928,-0.4921704849917471,-4.841994384502614,-4.841994384502614,0.04577079429610687,-0.6473763862638384,1.1385815237191252e-25,1.0,204.0,1214.9362106473986,4046.217884802393,0.061473873567066364,100.0,0.014224976994224543,2.0,414.0,,False,False,False,False,susceptible-enriched,susceptible-dominant,True,0.9900990099009901,0.9693069306930693,0.306930693069307,8.415841584158416,0.95,0.9,0.8,0.02,0.35,8.5,1.38,3.0,10.0,2.0,1.0,0.7,100.0,i_db,i,d_b,10.0,8.5
0.5,0.6931471805599453,0.5630420850161775,3.496763523641321,4.0598056086574985,0.8613130432118485,0.36131304321184854,1.8262387354338643,1.8262387354338643,0.40257275225377176,-0.2905744283061735,0.0011747300409931704,0.9970631748975171,28.0,2243.892690957767,473.99579738726493,10.390013413724215,99.99999999999999,0.46311678245617766,6.0,88.0,,False,False,False,False,resistant-enriched,resistant-dominant,True,0.009900990099009903,0.9006930693069307,0.9930693069306931,0.0915841584158416,0.95,0.9,0.8,0.02,0.35,9.25,1.38,3.0,0.1,2.0,1.0,0.7,100.0,i_db,i,d_b,0.1,9.25
0.5,0.6931471805599453,0.04547634912948462,4.023291827789397,4.068768176918882,0.9888230670433719,0.48882306704337186,4.48266331769975,4.48266331769975,0.061342291599316014,-0.6318048889606293,2.145159687295249e-06,0.9999946371007817,66.0,1997.90949722458,637.6328494998129,6.3696919341649,100.0,0.38791042744751764,6.0,134.0,,False,False,False,False,resistant-enriched,resistant-dominant,True,0.015601662241829605,0.9010921163569281,0.9890788364307193,0.14431537573692385,0.95,0.9,0.8,0.02,0.35,9.25,1.38,3.0,0.12589254117941673,2.0,1.0,0.7,100.0,i_db,i,d_b,0.12589254117941673,9.25
0.5,0.6931471805599453,0.005109411584362189,4.072940848335217,4.078050259919579,0.9987470945038174,0.4987470945038174,6.681036336915117,6.681036336915117,0.009624398185199286,-0.683522782374746,3.854275525392872e-10,0.9999999990364311,104.0,1788.136966440119,907.0412024491097,3.831371992158498,100.00000000000001,0.3163827995395803,4.0,176.0,,False,False,False,False,resistant-enriched,resistant-dominant,True,0.02450336755033599,0.9017152357285235,0.9828476427147648,0.22665614984060792,0.95,0.9,0.8,0.02,0.35,9.25,1.38,3.0,0.15848931924611134,2.0,1.0,0.7,100.0,i_db,i,d_b,0.15848931924611134,9.25
0.5,0.6931471805599453,0.0014744562893115884,4.080069547171071,4.081544003460382,0.9996387503630829,0.4996387503630829,7.92558000870838,7.92558000870838,0.003224427803789239,-0.689922752756156,1.1109977665745658e-12,0.9999999999972226,128.0,1655.1229464582243,1226.6132668965472,2.3797554889228265,100.0,0.24717708980760592,4.0,202.0,,False,False,False,False,resistant-enriched,resistant-dominant,True,0.038286503882254734,0.9026800552717579,0.9731994472824217,0.35415016091085627,0.95,0.9,0.8,0.02,0.35,9.25,1.38,3.0,0.19952623149688797,2.0,1.0,0.7,100.0,i_db,i,d_b,0.19952623149688797,9.25
0.5,0.6931471805599453,0.000799645639852975,4.0828865900598235,4.083686235699677,0.9998041853380255,0.4998041853380255,8.538146114432875,8.538146114432875,0.0018677280314548976,-0.6912794525284904,2.0661802720618165e-14,0.9999999999999484,144.0,1568.2053851571368,1544.3596968643797,1.4932802212177103,100.0,0.18482826407305933,2.0,220.0,,False,False,False,False,resistant-enriched,resistant-dominant,True,0.059350943102767596,0.9041545660171938,0.9584543398280627,0.5489962237006003,0.95,0.9,0.8,0.02,0.35,9.25,1.38,3.0,0.251188643150958,2.0,1.0,0.7,100.0,i_db,i,d_b,0.251188643150958,9.25
0.5,0.6931471805599453,0.0006973199819217077,4.084955844781153,4.085653164763075,0.9998293247239057,0.49982932472390573,8.675577087157096,8.675577087157096,0.0016513963574043995,-0.6914957842025409,1.1007841502097784e-15,0.9999999999999972,154.0,1507.8017884043086,1831.3565307030271,0.9426926965655511,100.0,0.14415526568046688,2.0,236.0,,False,False,False,False,resistant-enriched,resistant-dominant,True,0.09090909090909091,0.9063636363636364,0.9363636363636364,0.8409090909090909,0.95,0.9,0.8,0.02,0.35,9.25,1.38,3.0,0.31622776601683794,2.0,1.0,0.7,100.0,i_db,i,d_b,0.31622776601683794,9.25
0.5,0.6931471805599453,0.0009188340575525027,4.086995701530529,4.087914535588081,0.9997752315882454,0.49977523158824544,8.400215173248293,8.400215173248293,0.002112896698847405,-0.6910342838610979,9.460014397662673e-17,0.9999999999999998,164.0,1462.7176491792382,2086.392123407689,0.5997598277735515,100.0,0.10513453627271577,2.0,248.0,,False,False,False,False,resistant-enriched,resistant-dominant,True,0.13680688860321005,0.9095764822022248,0.904235177977753,1.265463719579693,0.95,0.9,0.8,0.02,0.35,9.25,1.38,3.0,0.3981071705534973,2.0,1.0,0.7,100.0,i_db,i,d_b,0.3981071705534973,9.25
0.5,0.6931471805599453,0.0018143560108682883,4.088886250330107,4.090700606340976,0.9995564681492319,0.49955646814923194,7.720297311714398,7.720297311714398,0.0038678279952573573,-0.689279352564688,8.898058841097254e-18,1.0,170.0,1424.2944701844972,2323.672756799596,0.38778214245247533,99.99999999999999,0.07329345164446018,2.0,256.0,,False,False,False,False,resistant-enriched,resistant-dominant,True,0.2007600089131018,0.9140532006239172,0.8594679937608287,1.8570300824461916,0.95,0.9,0.8,0.02,0.35,9.25,1.38,3.0,0.5011872336272724,2.0,1.0,0.7,100.0,i_db,i,d_b,0.5011872336272724,9.25
0.5,0.6931471805599453,0.005400025595478399,4.088659166606322,4.094059192201801,0.9986810093987493,0.49868100939874926,6.629568669700153,6.629568669700153,0.010064200000690724,-0.6830829805592545,7.302643823028459e-19,1.0,176.0,1387.9257020793063,2559.5998505027646,0.2583898628593201,100.0,0.05085021723698462,2.0,266.0,,False,False,False,False,resistant-enriched,resistant-dominant,True,0.2847472489508015,0.9199323074265561,0.8006769257344389,2.633912052794914,0.95,0.9,0.8,0.02,0.35,9.25,1.38,3.0,0.6309573444801934,2.0,1.0,0.7,100.0,i_db,i,d_b,0.6309573444801934,9.25
0.5,0.6931471805599453,0.023489285883467718,4.0743518629496105,4.097841148833078,0.9942678876436788,0.4942678876436788,5.155922563653322,5.155922563653322,0.035302931399066914,-0.6578442491608784,4.831789898195339e-20,1.0,182.0,1352.576384622125,2803.0621431027894,0.17997831476443077,100.00000000000001,0.03645899244265189,2.0,274.0,,False,False,False,False,resistant-enriched,resistant-dominant,True,0.386863179846857,0.92708042258928,0.7291957741072002,3.578484413583427,0.95,0.9,0.8,0.02,0.35,9.25,1.38,3.0,0.7943282347242815,2.0,1.0,0.7,100.0,i_db,i,d_b,0.7943282347242815,9.25
0.5,0.6931471805599453,0.13179306495450227,3.9699026243406754,4.101695689295178,0.9678686389879038,0.46786863898790376,3.4052638427701343,3.4052638427701343,0.14207466631249457,-0.5510725142474507,2.798319786187111e-21,1.0,186.0,1317.7439200799574,3050.449979586308,0.13249652250489322,100.00000000000001,0.0275523849699289,2.0,284.0,,False,False,False,False,resistant-enriched,resistant-dominant,True,0.5,0.935,0.65,4.625,0.95,0.9,0.8,0.02,0.35,9.25,1.38,3.0,1.0,2.0,1.0,0.7,100.0,i_db,i,d_b,1.0,9.25
0.5,0.6931471805599453,0.7084787547244864,3.3966491900998204,4.105127944824307,0.8274161574871917,0.32741615748719166,1.5674246199177853,1.5674246199177855,0.45995966087592266,-0.23318751968402263,1.7796733024830874e-22,1.0,192.0,1286.5745900223937,3287.4183001830525,0.10346789251055882,100.0,0.022052212984010364,2.0,292.0,,False,False,False,False,resistant-enriched,resistant-dominant,True,0.6131368201531432,0.9429195774107201,0.5708042258927998,5.671515586416574,0.95,0.9,0.8,0.02,0.35,9.25,1.38,3.0,1.2589254117941675,2.0,1.0,0.7,100.0,i_db,i,d_b,1.2589254117941675,9.25
0.5,0.6931471805599453,2.1926596069095043,1.9146568526035235,4.107316459513028,0.46615761689580876,-0.03384238310419124,-0.13557682204534827,-0.13557682204534827,0.6908548145882336,-0.002292365971711674,1.5908764836447336e-23,1.0,194.0,1261.9553137309877,3496.793911165333,0.08555901249627697,100.0,0.01863485591754016,2.0,300.0,,False,False,False,False,susceptible-enriched,mixed,True,0.7152527510491987,0.9500676925734439,0.4993230742655609,6.616087947205088,0.95,0.9,0.8,0.02,0.35,9.25,1.38,3.0,1.584893192461114,2.0,1.0,0.7,100.0,i_db,i,d_b,1.584893192461114,9.25
0.5,0.6931471805599453,3.3892033473442487,0.7184443868791841,4.107647734223432,0.17490408948492975,-0.32509591051507025,-1.5512618711497814,-1.5512618711497814,0.4635776893609234,-0.22956949119902187,2.436114376823344e-24,1.0,198.0,1244.886433437548,3667.253157785146,0.07437206650786207,100.0,0.016500049309760945,2.0,314.0,,False,False,False,False,susceptible-enriched,susceptible-dominant,True,0.7992399910868984,0.9559467993760828,0.4405320062391712,7.39296991755381,0.95,0.9,0.8,0.02,0.35,9.25,1.38,3.0,1.9952623149688797,2.0,1.0,0.7,100.0,i_db,i,d_b,1.9952623149688797,9.25
0.5,0.6931471805599453,3.834345668009578,0.273427440154677,4.107773108164255,0.06656342328431827,-0.4334365767156817,-2.640717792541476,-2.640717792541476,0.24465747589437115,-0.44848970466557414,6.882363444578691e-25,1.0,200.0,1233.702874049548,3796.7693452317676,0.06725692961320676,100.0,0.015161575913444105,2.0,338.0,,False,False,False,False,susceptible-enriched,susceptible-dominant,True,0.8631931113967901,0.9604235177977754,0.39576482202224694,7.984536280420309,0.95,0.9,0.8,0.02,0.35,9.25,1.38,3.0,2.511886431509581,2.0,1.0,0.7,100.0,i_db,i,d_b,2.511886431509581,9.25
0.5,0.6931471805599453,3.979619749123267,0.12876820657246735,4.108387955695735,0.03134275729582629,-0.4686572427041737,-3.4309276134749704,-3.4309276134749704,0.139379183854207,-0.5537679967057383,3.1930355185074587e-25,1.0,202.0,1226.214650802498,3890.012152540436,0.06288355963996273,100.0,0.014320430429250018,2.0,364.0,,False,False,False,False,susceptible-enriched,susceptible-dominant,True,0.9090909090909091,0.9636363636363636,0.36363636363636365,8.409090909090908,0.95,0.9,0.8,0.02,0.35,9.25,1.38,3.0,3.1622776601683795,2.0,1.0,0.7,100.0,i_db,i,d_b,3.1622776601683795,9.25
0.5,0.6931471805599453,4.033551737464552,0.07546750387454916,4.109019241339101,0.018366305787839248,-0.48163369421216073,-3.978700439891867,-3.978700439891867,0.09161108928480724,-0.6015360912751381,2.0087311127808412e-25,1.0,202.0,1221.4013918041896,3954.311093703515,0.06017884622040306,100.0,0.0137910448702777,2.0,384.0,,False,False,False,False,susceptible-enriched,susceptible-dominant,True,0.9406490568972324,0.9658454339828063,0.3415456601719373,8.7010037762994,0.95,0.9,0.8,0.02,0.35,9.25,1.38,3.0,3.981071705534973,2.0,1.0,0.7,100.0,i_db,i,d_b,3.981071705534973,9.25
0.5,0.6931471805599453,4.056961596245275,0.05255175409276375,4.109513350338038,0.012787829023220225,-0.48721217097677977,-4.346391120847525,-4.346391120847525,0.06845120364322242,-0.6246959769167229,1.528750485358498e-25,1.0,202.0,1218.2409596662887,3997.240387606183,0.0584675457612611,100.0,0.013457558883083028,2.0,398.0,,False,False,False,False,susceptible-enriched,susceptible-dominant,True,0.9617134961177453,0.9673199447282421,0.32680055271757835,8.895849839089143,0.95,0.9,0.8,0.02,0.35,9.25,1.38,3.0,5.011872336272725,2.0,1.0,0.7,100.0,i_db,i,d_b,5.011872336272725,9.25
0.5,0.6931471805599453,4.068457501304878,0.041394122213816296,4.109851623518694,0.010071926192405035,-0.48992807380759495,-4.587880319052413,-4.587880319052413,0.05633178316552273,-0.6368153973944226,1.296989565062949e-25,1.0,202.0,1216.4545825012501,4025.2965630605663,0.057404968069597724,100.0,0.01324735590985874,2.0,406.0,,False,False,False,False,susceptible-enriched,susceptible-dominant,True,0.975496632449664,0.9682847642714765,0.3171523572852353,9.023343850159392,0.95,0.9,0.8,0.02,0.35,9.25,1.38,3.0,6.309573444801933,2.0,1.0,0.7,100.0,i_db,i,d_b,6.309573444801933,9.25
0.5,0.6931471805599453,4.074619681356607,0.035456735406322465,4.110076416762929,0.008626782524459234,-0.49137321747554075,-4.744219459302634,-4.744219459302634,0.0495915581364707,-0.6435556224234746,1.1720145828158353e-25,1.0,204.0,1215.122125702614,4043.390010211309,0.05673711379703001,100.0,0.0131148113754204,2.0,412.0,,False,False,False,False,susceptible-enriched,susceptible-dominant,True,0.9843983377581705,0.9689078836430719,0.3109211635692807,9.105684624263077,0.95,0.9,0.8,0.02,0.35,9.25,1.38,3.0,7.943282347242818,2.0,1.0,0.7,100.0,i_db,i,d_b,7.943282347242818,9.25
0.5,0.6931471805599453,4.078120883370568,0.03210131889753719,4.110222202268105,0.007810117633013374,-0.49218988236698663,-4.8444944770603415,-4.8444944770603415,0.04567684807645172,-0.6474703324834936,1.0971162907182827e-25,1.0,204.0,1214.1957405626626,4054.9637081986,0.056314654275274954,100.0,0.013031215111223345,2.0,416.0,,False,False,False,False,susceptible-enriched,susceptible-dominant,True,0.9900990099009901,0.9693069306930693,0.306930693069307,9.158415841584159,0.95,0.9,0.8,0.02,0.35,9.25,1.38,3.0,10.0,2.0,1.0,0.7,100.0,i_db,i,d_b,10.0,9.25
0.5,0.6931471805599453,0.43915531913460415,3.6185727191899617,4.057728038324566,0.8917731018474242,0.3917731018474242,2.108981797974657,2.108981797974657,0.34279210714094105,-0.35035507341900424,0.0007322400902732003,0.998169399774317,30.0,2216.5411545387146,490.01385569290034,9.73605344407531,99.99999999999999,0.4515295076908147,6.0,92.0,,False,False,False,False,resistant-enriched,resistant-dominant,True,0.009900990099009903,0.9006930693069307,0.9930693069306931,0.09900990099009903,0.95,0.9,0.8,0.02,0.35,10.0,1.38,3.0,0.1,2.0,1.0,0.7,100.0,i_db,i,d_b,0.1,10.0
0.5,0.6931471805599453,0.02853365623817176,4.042646561909388,4.07118021814756,0.9929913060318526,0.4929913060318526,4.953570534885301,4.953570534885301,0.04175143015886717,-0.6513957504010781,4.1628080842217756e-07,0.999998959297979,74.0,1955.3047314376295,677.5774381347467,5.812268950356075,100.0,0.3734237452185152,6.0,142.0,,False,False,False,False,resistant-enriched,resistant-dominant,True,0.015601662241829605,0.9010921163569281,0.9890788364307193,0.15601662241829606,0.95,0.9,0.8,0.02,0.35,10.0,1.38,3.0,0.12589254117941673,2.0,1.0,0.7,100.0,i_db,i,d_b,0.12589254117941673,10.0
0.5,0.6931471805599453,0.003839285130701165,4.074922023260105,4.078761308390806,0.9990587129668992,0.4990587129668992,6.967320704706501,6.967320704706501,0.007499978956731621,-0.6856472016032137,1.2212418257370004e-10,0.9999999996946896,108.0,1761.4395893667565,958.9533103719417,3.524694798395113,100.00000000000001,0.30497000917786937,4.0,180.0,,False,False,False,False,resistant-enriched,resistant-dominant,True,0.02450336755033599,0.9017152357285235,0.9828476427147648,0.24503367550335992,0.95,0.9,0.8,0.02,0.35,10.0,1.38,3.0,0.15848931924611134,2.0,1.0,0.7,100.0,i_db,i,d_b,0.15848931924611134,10.0
0.5,0.6931471805599453,0.0012362197364618618,4.080585721397568,4.081821941134029,0.9996971402098647,0.49969714020986467,8.101937692717245,8.101937692717245,0.0027566568107294746,-0.6903905237492158,5.310434410423457e-13,0.9999999999986724,132.0,1638.0572338101556,1280.7562856559255,2.192925320975579,100.0,0.23456047063048296,4.0,206.0,,False,False,False,False,resistant-enriched,resistant-dominant,True,0.038286503882254734,0.9026800552717579,0.9731994472824217,0.38286503882254735,0.95,0.9,0.8,0.02,0.35,10.0,1.38,3.0,0.19952623149688797,2.0,1.0,0.7,100.0,i_db,i,d_b,0.19952623149688797,10.0
0.5,0.6931471805599453,0.0007171366120391724,4.083099886962309,4.083817023574348,0.9998243955084425,0.4998243955084425,8.647100678832127,8.647100678832127,0.001694089629984571,-0.6914530909299608,1.279491826236847e-14,0.999999999999968,146.0,1557.1062082859007,1592.691822791138,1.3757018251224427,100.0,0.17765242431306397,2.0,224.0,,False,False,False,False,resistant-enriched,resistant-dominant,True,0.059350943102767596,0.9041545660171938,0.9584543398280627,0.593509431027676,0.95,0.9,0.8,0.02,0.35,10.0,1.38,3.0,0.251188643150958,2.0,1.0,0.7,100.0,i_db,i,d_b,0.251188643150958,10.0
0.5,0.6931471805599453,0.0006521784889152486,4.085069082740643,4.0857212612295575,0.9998403761668463,0.4998403761668463,8.742530916985567,8.742530916985567,0.0015551528708277551,-0.6915920276891175,8.00672927121742e-16,0.999999999999998,156.0,1500.8370214986128,1870.6192930937063,0.8674104125028705,100.0,0.1365603565526191,2.0,238.0,,False,False,False,False,resistant-enriched,resistant-dominant,True,0.09090909090909091,0.9063636363636364,0.9363636363636364,0.9090909090909092,0.95,0.9,0.8,0.02,0.35,10.0,1.38,3.0,0.31622776601683794,2.0,1.0,0.7,100.0,i_db,i,d_b,0.31622776601683794,10.0
0.5,0.6931471805599453,0.0008822304740623796,4.0870707098279295,4.087952940301992,0.9997841877127878,0.49978418771278776,8.440885733221142,8.440885733221142,0.002037482434218458,-0.6911096981257269,7.633086568343293e-17,0.9999999999999998,164.0,1457.8596539397215,2116.7992581822414,0.5511828841394693,100.0,0.09817932524746871,2.0,248.0,,False,False,False,False,resistant-enriched,resistant-dominant,True,0.13680688860321005,0.9095764822022248,0.904235177977753,1.3680688860321006,0.95,0.9,0.8,0.02,0.35,10.0,1.38,3.0,0.3981071705534973,2.0,1.0,0.7,100.0,i_db,i,d_b,0.3981071705534973,10.0
0.5,0.6931471805599453,0.0017709361226211687,4.088951928684216,4.090722864806837,0.9995670847962211,0.49956708479622114,7.744535674429883,7.744535674429883,0.0037857361782880797,-0.6893614443816573,7.705188174439662e-18,1.0,170.0,1421.0051508586143,2346.9219460776526,0.35613961451483,99.99999999999999,0.06774734806411864,2.0,258.0,,False,False,False,False,resistant-enriched,resistant-dominant,True,0.2007600089131018,0.9140532006239172,0.8594679937608287,2.007600089131018,0.95,0.9,0.8,0.02,0.35,10.0,1.38,3.0,0.5011872336272724,2.0,1.0,0.7,100.0,i_db,i,d_b,0.5011872336272724,10.0
0.5,0.6931471805599453,0.005325068769549095,4.088749769231498,4.094074838001047,0.9986993230509316,0.49869932305093156,6.643568896431315,6.643568896431315,0.009942660486661833,-0.6832045200732835,6.589466046604319e-19,1.0,176.0,1385.8527832448974,2577.5953722346144,0.23735451307345853,100.0,0.04680168545414698,2.0,266.0,,False,False,False,False,resistant-enriched,resistant-dominant,True,0.2847472489508015,0.9199323074265561,0.8006769257344389,2.8474724895080152,0.95,0.9,0.8,0.02,0.35,10.0,1.38,3.0,0.6309573444801934,2.0,1.0,0.7,100.0,i_db,i,d_b,0.6309573444801934,10.0
0.5,0.6931471805599453,0.023310948280609697,4.074540392771159,4.097851341051769,0.9943114216840704,0.4943114216840704,5.163590098764961,5.163590098764961,0.03507830656938174,-0.6580688739905636,4.470665942224484e-20,1.0,182.0,1350.9409555308782,2817.416398894699,0.16554711330063454,100.0,0.0335446018668287,2.0,276.0,,False,False,False,False,resistant-enriched,resistant-dominant,True,0.386863179846857,0.92708042258928,0.7291957741072002,3.8686317984685696,0.95,0.9,0.8,0.02,0.35,10.0,1.38,3.0,0.7943282347242815,2.0,1.0,0.7,100.0,i_db,i,d_b,0.7943282347242815,10.0
0.5,0.6931471805599453,0.13131176862034905,3.970387777778003,4.101699546398352,0.967986009912488,0.46798600991248795,3.409044637107725,3.409044637107725,0.14167476559999598,-0.5514724149599493,2.6421738749517044e-21,1.0,186.0,1316.4635120004139,3062.3611630018922,0.12198648616832469,100.00000000000001,0.025369380283535154,2.0,284.0,,False,False,False,False,resistant-enriched,resistant-dominant,True,0.5,0.935,0.65,5.0,0.95,0.9,0.8,0.02,0.35,10.0,1.38,3.0,1.0,2.0,1.0,0.7,100.0,i_db,i,d_b,1.0,10.0
0.5,0.6931471805599453,0.7076533973785141,3.397480293527732,4.105133690906246,0.8276174539830168,0.3276174539830168,1.5688349236234174,1.5688349236234176,0.4596440018697209,-0.2335031786902244,1.6926111571542114e-22,1.0,192.0,1285.5078594426982,3297.7226810127518,0.09532976646604283,100.0,0.020319230355224895,2.0,292.0,,False,False,False,False,resistant-enriched,resistant-dominant,True,0.6131368201531432,0.9429195774107201,0.5708042258927998,6.131368201531432,0.95,0.9,0.8,0.02,0.35,10.0,1.38,3.0,1.2589254117941675,2.0,1.0,0.7,100.0,i_db,i,d_b,1.2589254117941675,10.0
0.5,0.6931471805599453,2.1926702152949407,1.9146448645049343,4.107315079799875,0.46615485476663837,-0.03384514523336163,-0.13558792141491804,-0.13558792141491804,0.6908544400922095,-0.0022927404677357544,1.5238486046050077e-23,1.0,196.0,1261.0628259888974,3506.0554681863973,0.07887619171454603,100.0,0.01717853024826617,2.0,300.0,,False,False,False,False,susceptible-enriched,mixed,True,0.7152527510491987,0.9500676925734439,0.4993230742655609,7.152527510491987,0.95,0.9,0.8,0.02,0.35,10.0,1.38,3.0,1.584893192461114,2.0,1.0,0.7,100.0,i_db,i,d_b,1.584893192461114,10.0
0.5,0.6931471805599453,3.389714109458176,0.7179440680372925,4.107658177495469,0.1747818433312382,-0.3252181566687618,-1.5521091969806853,-1.5521091969806853,0.4633880017774016,-0.2297591787825437,2.3452706045826985e-24,1.0,198.0,1244.1289315926022,3675.8411305209256,0.06857435053911472,100.0,0.015215118689988042,2.0,314.0,,False,False,False,False,susceptible-enriched,susceptible-dominant,True,0.7992399910868984,0.9559467993760828,0.4405320062391712,7.992399910868984,0.95,0.9,0.8,0.02,0.35,10.0,1.38,3.0,1.9952623149688797,2.0,1.0,0.7,100.0,i_db,i,d_b,1.9952623149688797,10.0
0.5,0.6931471805599453,3.834707993300484,0.2730839357143165,4.107791929014801,0.0664794956593169,-0.4335205043406831,-2.6420693635882877,-2.6420693635882877,0.24443579001574667,-0.4487113905441986,6.643153665999353e-25,1.0,200.0,1233.1339842875332,3804.926476248497,0.06203240158598574,100.00000000000001,0.013983515867478872,2.0,338.0,,False,False,False,False,susceptible-enriched,susceptible-dominant,True,0.8631931113967901,0.9604235177977754,0.39576482202224694,8.631931113967902,0.95,0.9,0.8,0.02,0.35,10.0,1.38,3.0,2.511886431509581,2.0,1.0,0.7,100.0,i_db,i,d_b,2.511886431509581,10.0
0.5,0.6931471805599453,3.979842876200927,0.12856165317153928,4.108404529372466,0.031292355037680845,-0.46870764496231915,-3.4325890386672424,-3.4325890386672424,0.1392062154960313,-0.553940965063914,3.084385860011724e-25,1.0,202.0,1225.6760272092758,3897.894508197889,0.0580030071504456,100.0,0.013209295582819948,2.0,364.0,,False,False,False,False,susceptible-enriched,susceptible-dominant,True,0.9090909090909091,0.9636363636363636,0.36363636363636365,9.09090909090909,0.95,0.9,0.8,0.02,0.35,10.0,1.38,3.0,3.1622776601683795,2.0,1.0,0.7,100.0,i_db,i,d_b,3.1622776601683795,10.0
0.5,0.6931471805599453,4.033706665228396,0.07533055433756393,4.10903721956596,0.0183328965673183,-0.4816671034326817,-3.980555179660659,-3.980555179660659,0.0914781330309451,-0.6016690475290002,1.9450378322208982e-25,1.0,202.0,1220.7443308179468,3962.0197891036637,0.055511505426814635,100.0,0.0127219363544372,2.0,384.0,,False,False,False,False,susceptible-enriched,susceptible-dominant,True,0.9406490568972324,0.9658454339828063,0.3415456601719373,9.406490568972325,0.95,0.9,0.8,0.02,0.35,10.0,1.38,3.0,3.981071705534973,2.0,1.0,0.7,100.0,i_db,i,d_b,3.981071705534973,10.0
0.5,0.6931471805599453,4.0570749248339,0.052449574505909,4.109524499339809,0.0127629302403076,-0.4872370697596924,-4.348365308640859,-4.348365308640859,0.06834295922469462,-0.6248042213352507,1.4825262132033273e-25,1.0,202.0,1217.7365602593748,4004.836550951282,0.05393701906967202,99.99999999999999,0.01241488751279682,2.0,398.0,,False,False,False,False,susceptible-enriched,susceptible-dominant,True,0.9617134961177453,0.9673199447282421,0.32680055271757835,9.617134961177452,0.95,0.9,0.8,0.02,0.35,10.0,1.38,3.0,5.011872336272725,2.0,1.0,0.7,100.0,i_db,i,d_b,5.011872336272725,10.0
0.5,0.6931471805599453,4.068555397927668,0.04131041675822554,4.109865814685893,0.010051524458684253,-0.48994847554131576,-4.589928586433512,-4.589928586433512,0.05623816156579704,-0.6369090189941482,1.258987375882454e-25,1.0,202.0,1215.8949663052229,4032.8211552883195,0.05296009938626574,100.0,0.012221333580122435,2.0,408.0,,False,False,False,False,susceptible-enriched,susceptible-dominant,True,0.975496632449664,0.9682847642714765,0.3171523572852353,9.75496632449664,0.95,0.9,0.8,0.02,0.35,10.0,1.38,3.0,6.309573444801933,2.0,1.0,0.7,100.0,i_db,i,d_b,6.309573444801933,10.0
0.5,0.6931471805599453,4.074706226184525,0.035383255681914076,4.1100894818664395,0.008608877212533613,-0.4913911227874664,-4.746315226439767,-4.746315226439767,0.049506592650966796,-0.6436405879089785,1.1353381461115732e-25,1.0,204.0,1214.4960433222736,4050.869864156624,0.05234375070494253,100.0,0.01209928128276575,2.0,412.0,,False,False,False,False,susceptible-enriched,susceptible-dominant,True,0.9843983377581705,0.9689078836430719,0.3109211635692807,9.843983377581706,0.95,0.9,0.8,0.02,0.35,10.0,1.38,3.0,7.943282347242818,2.0,1.0,0.7,100.0,i_db,i,d_b,7.943282347242818,10.0
0.5,0.6931471805599453,4.078201965585744,0.03203379498942556,4.110235760575169,0.007793663637665126,-0.49220633636233485,-4.846620036609437,-4.846620036609437,0.04559711930598628,-0.647550061253959,1.0632094945930046e-25,1.0,204.0,1213.5646716017168,4062.415426099057,0.05195388850585957,100.00000000000001,0.012022300150004826,2.0,416.0,,False,False,False,False,susceptible-enriched,susceptible-dominant,True,0.9900990099009901,0.9693069306930693,0.306930693069307,9.900990099009901,0.95,0.9,0.8,0.02,0.35,10.0,1.38,3.0,10.0,2.0,1.0,0.7,100.0,i_db,i,d_b,10.0,10.0
