initial_fR,initial_H,final_ns,final_nr,final_total,final_fR,delta_fR,final_log_ratio,delta_log_ratio,final_H,delta_H,min_total,peak_loss,peak_loss_time,auc_total,auc_a,auc_b,peak_a,peak_b,time_peak_b,time_to_ss,time_to_recovery,resistant_extinct,susceptible_extinct,community_collapsed,susceptible_recovered,selection_direction,outcome,solver_success,iota,beta,phi,effective_db_iota,alpha,beta_min,xi,d_a,kappa_b,d_b,gamma,h_a,i,h_i,phi_max,c,a0,plane,x_name,y_name,x_value,y_value
0.5,0.6931471805599453,2.0685078929997656,2.1184432872326617,4.186951180232427,0.5059632166800336,0.005963216680033634,0.02385399775909452,0.0238539977590943,0.6930760589674896,-7.112159245570293e-05,0.34228614697333865,0.14428463256665347,2.0,1234.243386601451,5.988971863717113,50.25245444264916,2.15,0.5041653160562795,6.0,,,False,False,False,False,resistant-enriched,mixed,True,0.009900990099009903,0.9006930693069307,0.9930693069306931,0.009900990099009903,0.95,0.9,0.8,0.02,0.35,1.0,1.38,3.0,0.1,2.0,1.0,0.7,2.15,i_db,i,d_b,0.1,1.0
0.5,0.6931471805599453,2.068733260525983,2.1173763810121766,4.18610964153816,0.505810062880761,0.005810062880761024,0.023241297630778153,0.023241297630778375,0.6930796653791416,-6.751518080372332e-05,0.3418274965865046,0.14543125853373862,2.0,1233.9425471468599,6.011362148454093,33.45684886928102,2.15,0.4956326804208184,5.0,240.0,,False,False,False,False,resistant-enriched,mixed,True,0.015601662241829605,0.9010921163569281,0.9890788364307193,0.015601662241829605,0.95,0.9,0.8,0.02,0.35,1.0,1.38,3.0,0.12589254117941673,2.0,1.0,0.7,2.15,i_db,i,d_b,0.12589254117941673,1.0
0.5,0.6931471805599453,2.0690884710697475,2.1156950822070653,4.184783553276812,0.5055685808529838,0.00556858085298384,0.022275244422559515,0.022275244422559515,0.6930851610923641,-6.201946758122023e-05,0.3411143636997027,0.1472140907507432,2.0,1233.4683797985444,6.046651505892277,21.623675700307324,2.15,0.4847928619196315,5.0,172.0,,False,False,False,False,resistant-enriched,mixed,True,0.02450336755033599,0.9017152357285235,0.9828476427147648,0.02450336755033599,0.95,0.9,0.8,0.02,0.35,1.0,1.38,3.0,0.15848931924611134,2.0,1.0,0.7,2.15,i_db,i,d_b,0.15848931924611134,1.0
0.5,0.6931471805599453,2.069644688487687,2.1130528451138004,4.1826975336014875,0.5051890145387511,0.005189014538751091,0.020756803369779402,0.020756803369779402,0.6930933278494669,-5.385271047841922e-05,0.34001767191526255,0.14995582021184362,2.0,1232.7224227862143,6.102092727411769,13.979226193698493,2.15,0.46872056509383164,5.0,123.0,,False,False,False,False,resistant-enriched,mixed,True,0.038286503882254734,0.9026800552717579,0.9731994472824217,0.038286503882254734,0.95,0.9,0.8,0.02,0.35,1.0,1.38,3.0,0.19952623149688797,2.0,1.0,0.7,2.15,i_db,i,d_b,0.19952623149688797,1.0
0.5,0.6931471805599453,2.070510886123535,2.108921358003765,4.1794322441273,0.5045951782008432,0.0045951782008432085,0.01838123032417542,0.01838123032417542,0.6931049486400352,-4.2231919910040716e-05,0.3383588577021941,0.15410285574451477,2.0,1231.5545386666436,6.188753552104089,9.150007638907926,2.15,0.4457257682566934,5.0,88.0,,False,False,False,False,resistant-enriched,mixed,True,0.059350943102767596,0.9041545660171938,0.9584543398280627,0.059350943102767596,0.95,0.9,0.8,0.02,0.35,1.0,1.38,3.0,0.251188643150958,2.0,1.0,0.7,2.15,i_db,i,d_b,0.251188643150958,1.0
0.5,0.6931471805599453,2.071847787114876,2.1025113979216843,4.17435918503656,0.5036728524604118,0.003672852460411824,0.014691674096662093,0.014691674096662204,0.6931202006269137,-2.6979933031578973e-05,0.33591184038009336,0.1602203990497666,2.0,1229.7397177292485,6.323148733471375,6.10756318363864,2.15,0.41449482226362916,5.0,63.0,,False,False,False,False,resistant-enriched,mixed,True,0.09090909090909091,0.9063636363636364,0.9363636363636364,0.09090909090909091,0.95,0.9,0.8,0.02,0.35,1.0,1.38,3.0,0.31622776601683794,2.0,1.0,0.7,2.15,i_db,i,d_b,0.31622776601683794,1.0
0.5,0.6931471805599453,2.073883454720144,2.0926848261435747,4.166568280863719,0.5022562178459647,0.0022562178459647475,0.009024932639645976,0.009024932639645976,0.693136999487457,-1.0181072488291143e-05,0.3324331488680704,0.16891712782982404,2.0,1226.953197496892,6.529027590013174,4.194954041037078,2.15,0.3750208114775804,5.0,46.0,,False,False,False,False,resistant-enriched,mixed,True,0.13680688860321005,0.9095764822022248,0.904235177977753,0.13680688860321005,0.95,0.9,0.8,0.02,0.35,1.0,1.38,3.0,0.3981071705534973,2.0,1.0,0.7,2.15,i_db,i,d_b,0.3981071705534973,1.0
0.5,0.6931471805599453,2.0769331030603557,2.0779030873331346,4.154836190393491,0.5001167295445993,0.00011672954459929219,0.0004669181868800807,0.0004669181868798587,0.693147153308372,-2.7251573331277257e-08,0.3277391142042215,0.18065221448944624,2.0,1222.7622381275992,6.838535678388033,2.9984607432382555,2.15,0.33134799759269556,4.0,34.0,,False,False,False,False,neutral,mixed,True,0.2007600089131018,0.9140532006239172,0.8594679937608287,0.2007600089131018,0.95,0.9,0.8,0.02,0.35,1.0,1.38,3.0,0.5011872336272724,2.0,1.0,0.7,2.15,i_db,i,d_b,0.5011872336272724,1.0
0.5,0.6931471805599453,2.0813798467991202,2.056278298353746,4.137658145152866,0.49696669618842493,-0.003033303811575072,-0.012133364098772347,-0.012133364098772347,0.6931287785830408,-1.840197690450296e-05,0.32183191139624,0.19542022150939997,2.0,1216.6404420963368,7.2909431295624945,2.2578608736907992,2.15,0.28727031462680364,4.0,27.0,,False,False,False,False,susceptible-enriched,mixed,True,0.2847472489508015,0.9199323074265561,0.8006769257344389,0.2847472489508015,0.95,0.9,0.8,0.02,0.35,1.0,1.38,3.0,0.6309573444801934,2.0,1.0,0.7,2.15,i_db,i,d_b,0.6309573444801934,1.0
0.5,0.6931471805599453,2.08765286761265,2.0259382384638274,4.113591106076477,0.49249869182942624,-0.007501308170573762,-0.030007484163918102,-0.030007484163918102,0.6930346370893312,-0.00011254347061406822,0.31501939765472625,0.2124515058631844,2.0,1208.0547683157206,7.925926478151744,1.80926928461868,2.15,0.24358318053972497,4.0,22.0,,False,False,False,False,susceptible-enriched,mixed,True,0.386863179846857,0.92708042258928,0.7291957741072002,0.386863179846857,0.95,0.9,0.8,0.02,0.35,1.0,1.38,3.0,0.7943282347242815,2.0,1.0,0.7,2.15,i_db,i,d_b,0.7943282347242815,1.0
0.5,0.6931471805599453,2.096098007850193,1.9858217388575845,4.0819197467077775,0.48649210716580715,-0.013507892834192847,-0.05404472212509797,-0.05404472212509797,0.6927822098189301,-0.00036497074101515814,0.3079105564865327,0.23022360878366832,2.0,1196.7551619938977,8.768447369565557,1.5484362658035131,2.15,0.20499869561068434,3.0,19.0,,False,False,False,False,susceptible-enriched,mixed,True,0.5,0.935,0.65,0.5,0.95,0.9,0.8,0.02,0.35,1.0,1.38,3.0,1.0,2.0,1.0,0.7,2.15,i_db,i,d_b,1.0,1.0
0.5,0.6931471805599453,2.10673767358165,1.9368074213483257,4.043545094929976,0.4789874666605805,-0.021012533339419492,-0.08409966634462562,-0.08409966634462562,0.6922638673338659,-0.0008833132260793741,0.29418812113127474,0.2645296971718132,3.0,1183.0489389998247,9.806813628696297,1.4072407316890787,2.15,0.17904476094328103,3.0,18.0,11.0,False,False,False,True,susceptible-enriched,mixed,True,0.6131368201531432,0.9429195774107201,0.5708042258927998,0.6131368201531432,0.95,0.9,0.8,0.02,0.35,1.0,1.38,3.0,1.2589254117941675,2.0,1.0,0.7,2.15,i_db,i,d_b,1.2589254117941675,1.0
0.5,0.6931471805599453,2.1190049630377987,1.8824350360062088,4.001439999044008,0.4704394009296516,-0.029560599070348414,-0.11838045077298233,-0.11838045077298233,0.6913985029961729,-0.001748677563772394,0.2811018350565871,0.2972454123585323,3.0,1167.9999678971149,10.976121865809386,1.339424912804232,2.15,0.15930598622035072,3.0,18.0,11.0,False,False,False,True,susceptible-enriched,mixed,True,0.7152527510491987,0.9500676925734439,0.4993230742655609,0.7152527510491987,0.95,0.9,0.8,0.02,0.35,1.0,1.38,3.0,1.584893192461114,2.0,1.0,0.7,2.15,i_db,i,d_b,1.584893192461114,1.0
0.5,0.6931471805599453,2.1317229551036174,1.8282134852499103,3.9599364403535278,0.4616774821483485,-0.03832251785165153,-0.1535912993937259,-0.15359129939372568,0.6902070672573455,-0.0029401133025998005,0.2713500878524042,0.32162478036898945,3.0,1153.1371175942772,12.166100782240179,1.3131124556171385,2.15,0.1468671520743986,2.0,19.0,12.0,False,False,False,True,susceptible-enriched,mixed,True,0.7992399910868984,0.9559467993760828,0.4405320062391712,0.7992399910868984,0.95,0.9,0.8,0.02,0.35,1.0,1.38,3.0,1.9952623149688797,2.0,1.0,0.7,2.15,i_db,i,d_b,1.9952623149688797,1.0
0.5,0.6931471805599453,2.1435281241357345,1.7795646494605268,3.9230927735962613,0.45361268574569474,-0.046387314254305256,-0.18608437219537424,-0.18608437219537402,0.6888374197996334,-0.004309760760311865,0.26035773690901454,0.3491056577274637,4.0,1139.9105554623147,13.25831756801949,1.3073720660004642,2.15,0.13976794954033936,2.0,21.0,13.0,False,False,False,True,susceptible-enriched,mixed,True,0.8631931113967901,0.9604235177977754,0.39576482202224694,0.8631931113967901,0.95,0.9,0.8,0.02,0.35,1.0,1.38,3.0,2.511886431509581,2.0,1.0,0.7,2.15,i_db,i,d_b,2.511886431509581,1.0
0.5,0.6931471805599453,2.15342853502576,1.7398518873075282,3.893280422333288,0.44688583882298794,-0.053114161177012065,-0.21326125209510036,-0.21326125209510036,0.6874942925550808,-0.00565288800486452,0.25166983316583214,0.3708254170854197,4.0,1129.1952253081859,14.169632260467614,1.3099486902417266,2.15,0.13496528690121318,2.0,22.0,13.0,False,False,False,True,susceptible-enriched,mixed,True,0.9090909090909091,0.9636363636363636,0.36363636363636365,0.9090909090909091,0.95,0.9,0.8,0.02,0.35,1.0,1.38,3.0,3.1622776601683795,2.0,1.0,0.7,2.15,i_db,i,d_b,3.1622776601683795,1.0
0.5,0.6931471805599453,2.1610611620674747,1.709835247264531,3.8708964093320057,0.44171557862991084,-0.05828442137008916,-0.2342023605491229,-0.2342023605491229,0.6863375619511971,-0.00680961860874818,0.2460566618432839,0.3848583453917903,4.0,1121.1390014846124,14.87139405044611,1.3145994414771587,2.15,0.13179642999413116,2.0,24.0,14.0,False,False,False,True,susceptible-enriched,mixed,True,0.9406490568972324,0.9658454339828063,0.3415456601719373,0.9406490568972324,0.95,0.9,0.8,0.02,0.35,1.0,1.38,3.0,3.981071705534973,2.0,1.0,0.7,2.15,i_db,i,d_b,3.981071705534973,1.0
0.5,0.6931471805599453,2.166581555008389,1.6884292925891105,3.8550108475974993,0.4379830198509986,-0.06201698014900142,-0.2493519210640275,-0.2493519210640275,0.6854351231498851,-0.007712057410060202,0.24246249633880962,0.393843759152976,4.0,1115.418729809328,15.379251688125079,1.3190357440689018,2.15,0.1297392461742157,2.0,25.0,14.0,False,False,False,True,susceptible-enriched,mixed,True,0.9617134961177453,0.9673199447282421,0.32680055271757835,0.9617134961177453,0.95,0.9,0.8,0.02,0.35,1.0,1.38,3.0,5.011872336272725,2.0,1.0,0.7,2.15,i_db,i,d_b,5.011872336272725,1.0
0.5,0.6931471805599453,2.17039438943073,1.6737824276878497,3.8441768171185795,0.4354072425166023,-0.06459275748339771,-0.2598229052123359,-0.2598229052123357,0.6847793656411888,-0.008367814918756489,0.24017381790798575,0.3995654552300356,4.0,1111.5083328610726,15.730492683079005,1.3224722029617202,2.15,0.12841758081162186,2.0,25.0,14.0,False,False,False,True,susceptible-enriched,mixed,True,0.975496632449664,0.9682847642714765,0.3171523572852353,0.975496632449664,0.95,0.9,0.8,0.02,0.35,1.0,1.38,3.0,6.309573444801933,2.0,1.0,0.7,2.15,i_db,i,d_b,6.309573444801933,1.0
0.5,0.6931471805599453,2.172946695219526,1.6640403188818973,3.8369870141014233,0.43368411536612816,-0.06631588463387184,-0.2668355982688192,-0.2668355982688194,0.6843256167824321,-0.008821563777513197,0.23872143369761328,0.4031964157559669,4.0,1108.912303146631,15.965844105292845,1.3248653033655242,2.1500000000000004,0.1275740722776292,2.0,26.0,14.0,False,False,False,True,susceptible-enriched,mixed,True,0.9843983377581705,0.9689078836430719,0.3109211635692807,0.9843983377581705,0.95,0.9,0.8,0.02,0.35,1.0,1.38,3.0,7.943282347242818,2.0,1.0,0.7,2.15,i_db,i,d_b,7.943282347242818,1.0
0.5,0.6931471805599453,2.174619778958421,1.6576812679497523,3.8323010469081735,0.432555075308381,-0.067444924691619,-0.271434035626303,-0.271434035626303,0.684021753059284,-0.009125427500661254,0.23760471003100445,0.40598822492248887,5.0,1107.2210760966723,16.120230359989964,1.326469315930133,2.15,0.12703799193524326,2.0,26.0,14.0,False,False,False,True,susceptible-enriched,mixed,True,0.9900990099009901,0.9693069306930693,0.306930693069307,0.9900990099009901,0.95,0.9,0.8,0.02,0.35,1.0,1.38,3.0,10.0,2.0,1.0,0.7,2.15,i_db,i,d_b,10.0,1.0
0.5,0.6931471805599453,2.0680103496483633,2.1184697715051115,4.186480121153474,0.5060264733614507,0.006026473361450679,0.024107060863597016,0.024107060863596794,0.6930745420387908,-7.263852115446667e-05,0.3422284383360884,0.14442890415977905,2.0,1234.0827735876119,5.999258305945624,30.188940476611343,2.15,0.49226567988339853,5.0,222.0,,False,False,False,False,resistant-enriched,mixed,True,0.009900990099009903,0.9006930693069307,0.9930693069306931,0.017326732673267328,0.95,0.9,0.8,0.02,0.35,1.75,1.38,3.0,0.1,2.0,1.0,0.7,2.15,i_db,i,d_b,0.1,1.75
0.5,0.6931471805599453,2.0679492028019126,2.117415182990802,4.185364385792715,0.5059093994726961,0.005909399472696086,0.023638698581176964,0.023638698581177186,0.6930773369296301,-6.984363031514729e-05,0.34173741618079506,0.14565645954801243,2.0,1233.6884002604859,6.027603639186046,19.3599334537324,2.15,0.47953455268882744,5.0,159.0,,False,False,False,False,resistant-enriched,mixed,True,0.015601662241829605,0.9010921163569281,0.9890788364307193,0.02730290892320181,0.95,0.9,0.8,0.02,0.35,1.75,1.38,3.0,0.12589254117941673,2.0,1.0,0.7,2.15,i_db,i,d_b,0.12589254117941673,1.75
0.5,0.6931471805599453,2.0678562951547588,2.1157481824641535,4.183604477618912,0.5057237589697595,0.005723758969759518,0.022896036056096324,0.022896036056096324,0.6930816562953019,-6.552426464334626e-05,0.3409749896903561,0.14756252577410978,2.0,1233.0662408658307,6.072239395943454,12.427905858615105,2.15,0.46058589322242743,5.0,113.0,,False,False,False,False,resistant-enriched,mixed,True,0.02450336755033599,0.9017152357285235,0.9828476427147648,0.04288089321308798,0.95,0.9,0.8,0.02,0.35,1.75,1.38,3.0,0.15848931924611134,2.0,1.0,0.7,2.15,i_db,i,d_b,0.15848931924611134,1.75
0.5,0.6931471805599453,2.0677214785379134,2.1131193211201063,4.18084079965802,0.5054292718567407,0.005429271856740692,0.021717941026593628,0.021717941026593628,0.6930882254155777,-5.895514436760063e-05,0.3398049403874094,0.1504876490314766,2.0,1232.0887671025598,6.142262583057961,8.052056697872745,2.15,0.4333393895654763,5.0,80.0,,False,False,False,False,resistant-enriched,mixed,True,0.038286503882254734,0.9026800552717579,0.9731994472824217,0.06700138179394578,0.95,0.9,0.8,0.02,0.35,1.75,1.38,3.0,0.19952623149688797,2.0,1.0,0.7,2.15,i_db,i,d_b,0.19952623149688797,1.75
0.5,0.6931471805599453,2.067533366854111,2.1089826672280663,4.176516034082177,0.5049621861900817,0.004962186190081708,0.019849396454084886,0.019849396454084886,0.6930979331679348,-4.924739201050965e-05,0.33804030164040155,0.15489924589899617,2.0,1230.5585907448724,6.251475019401003,5.2933207482968605,2.15,0.3961243791352061,5.0,57.0,,False,False,False,False,resistant-enriched,mixed,True,0.059350943102767596,0.9041545660171938,0.9584543398280627,0.10386415042984329,0.95,0.9,0.8,0.02,0.35,1.75,1.38,3.0,0.251188643150958,2.0,1.0,0.7,2.15,i_db,i,d_b,0.251188643150958,1.75
0.5,0.6931471805599453,2.0673031820084624,2.1025082748464405,4.169811456854903,0.5042214250215202,0.004221425021520231,0.01688610131713872,0.01688610131713883,0.693111539278085,-3.564128186028803e-05,0.33544906336505653,0.16137734158735872,2.0,1228.1850800531813,6.420254584854894,3.556054418693609,2.15,0.3525588147713535,4.0,41.0,,False,False,False,False,resistant-enriched,mixed,True,0.09090909090909091,0.9063636363636364,0.9363636363636364,0.1590909090909091,0.95,0.9,0.8,0.02,0.35,1.75,1.38,3.0,0.31622776601683794,2.0,1.0,0.7,2.15,i_db,i,d_b,0.31622776601683794,1.75
0.5,0.6931471805599453,2.0671031249041456,2.0924650003409804,4.159568125245126,0.5030486188317134,0.0030486188317133678,0.012194626445411333,0.012194626445411333,0.6931285922912083,-1.8588268737018687e-05,0.3317878479065135,0.17053038023371625,2.0,1224.5579548408723,6.677484405056811,2.464792423000249,2.15,0.305400624872557,4.0,30.0,,False,False,False,False,resistant-enriched,mixed,True,0.13680688860321005,0.9095764822022248,0.904235177977753,0.23941205505561758,0.95,0.9,0.8,0.02,0.35,1.75,1.38,3.0,0.3981071705534973,2.0,1.0,0.7,2.15,i_db,i,d_b,0.3981071705534973,1.75
0.5,0.6931471805599453,2.0671538506957923,2.0771220034786526,4.144275854174445,0.5012026410805664,0.0012026410805664467,0.004810573599282838,0.004810573599282616,0.6931442878660188,-2.892693926503931e-06,0.32688610788548134,0.18278473028629671,2.0,1219.1465620898714,7.0615577976271044,1.783013183033608,2.15,0.25352647284508123,4.0,23.0,,False,False,False,False,resistant-enriched,mixed,True,0.2007600089131018,0.9140532006239172,0.8594679937608287,0.35133001559792815,0.95,0.9,0.8,0.02,0.35,1.75,1.38,3.0,0.5011872336272724,2.0,1.0,0.7,2.15,i_db,i,d_b,0.5011872336272724,1.75
0.5,0.6931471805599453,2.0679749581015745,2.054295960742517,4.122270918844091,0.4983408420227154,-0.0016591579772846088,-0.006636656268439345,-0.006636656268439345,0.6931416749394541,-5.5056204911752005e-06,0.32077560757156764,0.19806098107108094,2.0,1211.3491033723633,7.618635355868602,1.3617492105423687,2.15,0.2040214886422848,3.0,18.0,,False,False,False,False,susceptible-enriched,mixed,True,0.2847472489508015,0.9199323074265561,0.8006769257344389,0.4983076856639026,0.95,0.9,0.8,0.02,0.35,1.75,1.38,3.0,0.6309573444801934,2.0,1.0,0.7,2.15,i_db,i,d_b,0.6309573444801934,1.75
0.5,0.6931471805599453,2.0704458682315745,2.021717584283886,4.092163452515461,0.4940461464316955,-0.0059538535683045235,-0.0238165399925538,-0.0238165399925538,0.6930762821397751,-7.089842017016235e-05,0.313798682893468,0.21550329276632996,2.0,1200.6250387390683,8.395842249562346,1.1070674849830664,2.15,0.16601302216912622,3.0,16.0,,False,False,False,False,susceptible-enriched,mixed,True,0.386863179846857,0.92708042258928,0.7291957741072002,0.6770105647319997,0.95,0.9,0.8,0.02,0.35,1.75,1.38,3.0,0.7943282347242815,2.0,1.0,0.7,2.15,i_db,i,d_b,0.7943282347242815,1.75
0.5,0.6931471805599453,2.0756045907347924,1.9779511013553235,4.053555692090116,0.48795458890943266,-0.012045411090567337,-0.04819096863297616,-0.04819096863297616,0.6928569686278554,-0.00029021193208988993,0.3040646835186055,0.23983829120348632,3.0,1186.8313000869837,9.425588855516477,0.9594164152916828,2.15,0.1372685597057614,2.0,15.0,,False,False,False,False,susceptible-enriched,mixed,True,0.5,0.935,0.65,0.875,0.95,0.9,0.8,0.02,0.35,1.75,1.38,3.0,1.0,2.0,1.0,0.7,2.15,i_db,i,d_b,1.0,1.75
0.5,0.6931471805599453,2.0840732585842945,1.9236669907470074,4.007740249331302,0.47998794110171544,-0.020012058898284557,-0.08009102061399676,-0.08009102061399676,0.6923460015717908,-0.0008011789881544606,0.2881061798315324,0.279734550421169,3.0,1170.375113060118,10.701878927618225,0.8802280931090685,2.15,0.11879853372312532,2.0,16.0,,False,False,False,False,susceptible-enriched,mixed,True,0.6131368201531432,0.9429195774107201,0.5708042258927998,1.0729894352680005,0.95,0.9,0.8,0.02,0.35,1.75,1.38,3.0,1.2589254117941675,2.0,1.0,0.7,2.15,i_db,i,d_b,1.2589254117941675,1.75
0.5,0.6931471805599453,2.095528180859578,1.8625350772134457,3.9580632580730235,0.4705672839903569,-0.02943271600964309,-0.11786713206981164,-0.11786713206981164,0.6914136090279964,-0.0017335715319488632,0.27545375962230256,0.3113656009442436,3.0,1152.4330927351875,12.156797215961875,0.8433262258857859,2.15,0.10517460760194759,2.0,18.0,,False,False,False,False,susceptible-enriched,mixed,True,0.7152527510491987,0.9500676925734439,0.4993230742655609,1.2516923143360978,0.95,0.9,0.8,0.02,0.35,1.75,1.38,3.0,1.584893192461114,2.0,1.0,0.7,2.15,i_db,i,d_b,1.584893192461114,1.75
0.5,0.6931471805599453,2.1086594863450046,1.8006602836520051,3.9093197699970097,0.4606070594356579,-0.039392940564342116,-0.15789900917208313,-0.1578990091720829,0.6900403542354491,-0.0031068263244962147,0.2599104196035066,0.3502239509912336,4.0,1134.7341160637257,13.66131766154744,0.8303202457014115,2.1499999999999995,0.09569555483007686,2.0,20.0,13.0,False,False,False,True,susceptible-enriched,mixed,True,0.7992399910868984,0.9559467993760828,0.4405320062391712,1.3986699844020722,0.95,0.9,0.8,0.02,0.35,1.75,1.38,3.0,1.9952623149688797,2.0,1.0,0.7,2.15,i_db,i,d_b,1.9952623149688797,1.75
0.5,0.6931471805599453,2.1216995743174603,1.7443896933731795,3.86608926769064,0.45120264240953983,-0.048797357590460166,-0.19581270494307357,-0.19581270494307335,0.6883772273559153,-0.004769953204029953,0.24801354040672538,0.3799661489831866,4.0,1118.9572862560308,15.065032867002085,0.8288376817943035,2.15,0.0893456268987154,2.0,22.0,14.0,False,False,False,True,susceptible-enriched,mixed,True,0.8631931113967901,0.9604235177977754,0.39576482202224694,1.5105879449443826,0.95,0.9,0.8,0.02,0.35,1.75,1.38,3.0,2.511886431509581,2.0,1.0,0.7,2.15,i_db,i,d_b,2.511886431509581,1.75
0.5,0.6931471805599453,2.133159750663688,1.697941088431917,3.831100839095605,0.4431992682376756,-0.05680073176232442,-0.22818793890422504,-0.22818793890422504,0.686680583277494,-0.006466597282451247,0.23833767402904749,0.4041558149273813,5.0,1106.1280153564064,16.253101595173085,0.8316274233979428,2.15,0.08519027956275006,2.0,24.0,15.0,False,False,False,True,susceptible-enriched,mixed,True,0.9090909090909091,0.9636363636363636,0.36363636363636365,1.5909090909090908,0.95,0.9,0.8,0.02,0.35,1.75,1.38,3.0,3.1622776601683795,2.0,1.0,0.7,2.15,i_db,i,d_b,3.1622776601683795,1.75
0.5,0.6931471805599453,2.1422886408259267,1.6625407282271483,3.804829369053075,0.4369553971985115,-0.06304460280148849,-0.2535277244709339,-0.2535277244709339,0.6851767380790201,-0.007970442480925155,0.23020024911855017,0.42449937720362463,5.0,1096.4617875786143,17.178246429462654,0.835246868582277,2.15,0.08250931606370471,2.0,26.0,15.0,False,False,False,True,susceptible-enriched,mixed,True,0.9406490568972324,0.9658454339828063,0.3415456601719373,1.6461358495701568,0.95,0.9,0.8,0.02,0.35,1.75,1.38,3.0,3.981071705534973,2.0,1.0,0.7,2.15,i_db,i,d_b,3.981071705534973,1.75
0.5,0.6931471805599453,2.1490394894889073,1.637148260281452,3.7861877497703595,0.4324001788819766,-0.06759982111802337,-0.27206513067027455,-0.27206513067027455,0.6839796600206718,-0.0091675205392735,0.22508129636449556,0.4372967590887611,5.0,1089.586666923592,17.853007310751973,0.8382126842102211,2.15,0.08131777111209598,1.0,27.0,16.0,False,False,False,True,susceptible-enriched,mixed,True,0.9617134961177453,0.9673199447282421,0.32680055271757835,1.6829986182060541,0.95,0.9,0.8,0.02,0.35,1.75,1.38,3.0,5.011872336272725,2.0,1.0,0.7,2.15,i_db,i,d_b,5.011872336272725,1.75
0.5,0.6931471805599453,2.1537717105378453,1.6197060731129507,3.773477783650796,0.4292342941915783,-0.07076570580842168,-0.28497589271908585,-0.28497589271908563,0.6830979022815573,-0.010049278278387974,0.2218584523641759,0.4453538690895603,5.0,1084.8906971929202,18.322216966747995,0.840505627132657,2.1499999999999995,0.08062604869058225,1.0,28.0,16.0,False,False,False,True,susceptible-enriched,mixed,True,0.975496632449664,0.9682847642714765,0.3171523572852353,1.707119106786912,0.95,0.9,0.8,0.02,0.35,1.75,1.38,3.0,6.309573444801933,2.0,1.0,0.7,2.15,i_db,i,d_b,6.309573444801933,1.75
0.5,0.6931471805599453,2.1569684360618644,1.608074098755304,3.7650425348171686,0.4271064892055442,-0.07289351079445577,-0.29366648303110937,-0.2936664830311096,0.6824822851393365,-0.010664895420608778,0.21982797750557512,0.45043005623606225,5.0,1081.765475533918,18.63777191813299,0.842089751473838,2.15,0.0801840921980267,1.0,28.0,16.0,False,False,False,True,susceptible-enriched,mixed,True,0.9843983377581705,0.9689078836430719,0.3109211635692807,1.7226970910767985,0.95,0.9,0.8,0.02,0.35,1.75,1.38,3.0,7.943282347242818,2.0,1.0,0.7,2.15,i_db,i,d_b,7.943282347242818,1.75
0.5,0.6931471805599453,2.1590777505986853,1.6004695893322056,3.759547339930891,0.42570805594952976,-0.07429194405047024,-0.299384083686531,-0.299384083686531,0.6820676148825681,-0.011079565677377223,0.21854808419853644,0.45362978950365895,5.0,1079.7277632188031,18.845251044790587,0.843108036469409,2.15,0.07990301385480168,1.0,28.0,16.0,False,False,False,True,susceptible-enriched,mixed,True,0.9900990099009901,0.9693069306930693,0.306930693069307,1.7326732673267327,0.95,0.9,0.8,0.02,0.35,1.75,1.38,3.0,10.0,2.0,1.0,0.7,2.15,i_db,i,d_b,10.0,1.75
0.5,0.6931471805599453,2.0675151581185034,2.118496132254148,4.186011290372651,0.5060894453692583,0.006089445369258262,0.02435898587661529,0.02435898587661507,0.6930730160366579,-7.416452328734557e-05,0.3421711143825824,0.14457221404354403,2.0,1233.9229115444418,6.009475383782377,21.284039405662984,2.15,0.4820406290774959,5.0,171.0,,False,False,False,False,resistant-enriched,mixed,True,0.009900990099009903,0.9006930693069307,0.9930693069306931,0.024752475247524757,0.95,0.9,0.8,0.02,0.35,2.5,1.38,3.0,0.1,2.0,1.0,0.7,2.15,i_db,i,d_b,0.1,2.5
0.5,0.6931471805599453,2.067171883130446,2.117454384219088,4.184626267349534,0.5060080038068119,0.006008003806811879,0.024033171943801557,0.02403317194380178,0.6930749866031207,-7.21939568245622e-05,0.34164819751520037,0.14587950621199908,2.0,1233.4365982358586,6.0436709750414055,13.599398960186804,2.15,0.46410761485944657,5.0,121.0,,False,False,False,False,resistant-enriched,mixed,True,0.015601662241829605,0.9010921163569281,0.9890788364307193,0.039004155604574015,0.95,0.9,0.8,0.02,0.35,2.5,1.38,3.0,0.12589254117941673,2.0,1.0,0.7,2.15,i_db,i,d_b,0.12589254117941673,2.5
0.5,0.6931471805599453,2.0666426582264292,2.1158034242240906,4.18244608245052,0.5058770352359041,0.0058770352359041045,0.023509223647300192,0.023509223647300192,0.6930780998828892,-6.908067705613252e-05,0.34083805671994727,0.14790485820013188,2.0,1232.670831806251,6.09738792852609,8.743217033903292,2.15,0.4379356618144999,5.0,85.0,,False,False,False,False,resistant-enriched,mixed,True,0.02450336755033599,0.9017152357285235,0.9828476427147648,0.06125841887583998,0.95,0.9,0.8,0.02,0.35,2.5,1.38,3.0,0.15848931924611134,2.0,1.0,0.7,2.15,i_db,i,d_b,0.15848931924611134,2.5
0.5,0.6931471805599453,2.06583675636723,2.1131854590188057,4.179022215386036,0.5056650455789934,0.0056650455789933885,0.022661152027159404,0.022661152027159404,0.6930829937037919,-6.418685615339204e-05,0.3395974881957833,0.1510062795105418,2.0,1231.4679142807793,6.181352000272124,5.680129272932841,2.15,0.40141341450760315,5.0,60.0,,False,False,False,False,resistant-enriched,mixed,True,0.038286503882254734,0.9026800552717579,0.9731994472824217,0.09571625970563684,0.95,0.9,0.8,0.02,0.35,2.5,1.38,3.0,0.19952623149688797,2.0,1.0,0.7,2.15,i_db,i,d_b,0.19952623149688797,2.5
0.5,0.6931471805599453,2.0646533795785245,2.109045421475057,4.173698801053582,0.5053180696562635,0.005318069656263469,0.02127308083911878,0.02127308083911878,0.6930906157636741,-5.6564796271141304e-05,0.33773421211171273,0.15566446972071823,2.0,1229.5958875377487,6.3115324249059395,3.7489674865023375,2.15,0.35790185882645514,4.0,43.0,,False,False,False,False,resistant-enriched,mixed,True,0.059350943102767596,0.9041545660171938,0.9584543398280627,0.148377357756919,0.95,0.9,0.8,0.02,0.35,2.5,1.38,3.0,0.251188643150958,2.0,1.0,0.7,2.15,i_db,i,d_b,0.251188643150958,2.5
0.5,0.6931471805599453,2.063006895262395,2.102520032264955,4.16552692752735,0.5047428737936421,0.004742873793642133,0.018972064219920478,0.01897206421992059,0.693102190181585,-4.4990378360254546e-05,0.3350134111006197,0.1624664722484508,2.0,1226.7188104272823,6.510921027379347,2.5325933711740576,2.15,0.30976579192233233,4.0,31.0,,False,False,False,False,resistant-enriched,mixed,True,0.09090909090909091,0.9063636363636364,0.9363636363636364,0.2272727272727273,0.95,0.9,0.8,0.02,0.35,2.5,1.38,3.0,0.31622776601683794,2.0,1.0,0.7,2.15,i_db,i,d_b,0.31622776601683794,2.5
0.5,0.6931471805599453,2.060923978798424,2.0923070186532398,4.153230997451663,0.5037781476486707,0.003778147648670682,0.015112878235414073,0.015112878235414073,0.6931186314889508,-2.85490709944769e-05,0.33119715065735833,0.17200712335660417,2.0,1222.3859667801898,6.810963617393776,1.7678888690797323,2.15,0.254955734440408,4.0,23.0,,False,False,False,False,resistant-enriched,mixed,True,0.13680688860321005,0.9095764822022248,0.904235177977753,0.34201722150802516,0.95,0.9,0.8,0.02,0.35,2.5,1.38,3.0,0.3981071705534973,2.0,1.0,0.7,2.15,i_db,i,d_b,0.3981071705534973,2.5
0.5,0.6931471805599453,2.058756334923036,2.0765709160106174,4.135327250933653,0.5021539505831806,0.002153950583180575,0.008615855630704466,0.008615855630704244,0.6931379015250155,-9.27903492975446e-06,0.3261347934621601,0.1846630163445997,2.0,1216.0697167244102,7.251690775738698,1.2889158961424316,2.15,0.2021996703306249,3.0,18.0,,False,False,False,False,resistant-enriched,mixed,True,0.2007600089131018,0.9140532006239172,0.8594679937608287,0.5019000222827545,0.95,0.9,0.8,0.02,0.35,2.5,1.38,3.0,0.5011872336272724,2.0,1.0,0.7,2.15,i_db,i,d_b,0.5011872336272724,2.5
0.5,0.6931471805599453,2.057380543339511,2.0529797868144164,4.110360330153927,0.4994646750927394,-0.0005353249072606037,-0.0021413004472271195,-0.0021413004472271195,0.6931466074143231,-5.731456221846898e-07,0.31988768716469507,0.2002807820882624,2.0,1207.2122417999853,7.879919974569518,0.9912346266028496,2.15,0.1592228902387624,3.0,15.0,,False,False,False,False,neutral,mixed,True,0.2847472489508015,0.9199323074265561,0.8006769257344389,0.7118681223770038,0.95,0.9,0.8,0.02,0.35,2.5,1.38,3.0,0.6309573444801934,2.0,1.0,0.7,2.15,i_db,i,d_b,0.6309573444801934,2.5
0.5,0.6931471805599453,2.0581516803453663,2.019111786966466,4.077263467311832,0.4952124882667149,-0.004787511733285121,-0.019150632197627894,-0.019150632197627894,0.6931013393222754,-4.58412376699302e-05,0.3128251533938139,0.21793711651546532,2.0,1195.3987017810243,8.743954454392401,0.8095528652225501,2.15,0.12748901519266503,2.0,14.0,,False,False,False,False,susceptible-enriched,mixed,True,0.386863179846857,0.92708042258928,0.7291957741072002,0.9671579496171424,0.95,0.9,0.8,0.02,0.35,2.5,1.38,3.0,0.7943282347242815,2.0,1.0,0.7,2.15,i_db,i,d_b,0.7943282347242815,2.5
0.5,0.6931471805599453,2.0623748006335103,1.9733624476585692,4.0357372482920795,0.48897198361803523,-0.011028016381964767,-0.04411922066106879,-0.04411922066106879,0.6929039265444917,-0.0002432540154535534,0.2997691321394785,0.25057716965130383,3.0,1180.4754448585236,9.880454295624233,0.7031308974033622,2.15,0.10480913394433997,2.0,15.0,,False,False,False,False,susceptible-enriched,mixed,True,0.5,0.935,0.65,1.25,0.95,0.9,0.8,0.02,0.35,2.5,1.38,3.0,1.0,2.0,1.0,0.7,2.15,i_db,i,d_b,1.0,2.5
0.5,0.6931471805599453,2.0706611584974213,1.9162746063985456,3.986935764895967,0.48063844501105174,-0.01936155498894826,-0.07748496448625375,-0.07748496448625375,0.6923972534544578,-0.0007499271054874912,0.28428039816797046,0.28929900458007385,3.0,1162.8284014847534,11.289453524166266,0.645671082708281,2.15,0.08791321762518982,2.0,16.0,,False,False,False,False,susceptible-enriched,mixed,True,0.6131368201531432,0.9429195774107201,0.5708042258927998,1.532842050382858,0.95,0.9,0.8,0.02,0.35,2.5,1.38,3.0,1.2589254117941675,2.0,1.0,0.7,2.15,i_db,i,d_b,1.2589254117941675,2.5
0.5,0.6931471805599453,2.0825760154292627,1.8515456644459236,3.9341216798751866,0.47063762006076676,-0.02936237993923324,-0.11758481184527474,-0.11758481184527474,0.6914218894102215,-0.001725291149723751,0.2693472666572784,0.3266318333568041,4.0,1143.6020341734798,12.905130481981312,0.6188793481185493,2.15,0.07721053649882162,1.0,19.0,,False,False,False,False,susceptible-enriched,mixed,True,0.7152527510491987,0.9500676925734439,0.4993230742655609,1.7881318776229969,0.95,0.9,0.8,0.02,0.35,2.5,1.38,3.0,1.584893192461114,2.0,1.0,0.7,2.15,i_db,i,d_b,1.584893192461114,2.5
0.5,0.6931471805599453,2.096684622779434,1.7855703744245923,3.8822549972040266,0.45993124503942884,-0.04006875496057116,-0.1606194444481647,-0.16061944444816448,0.6899327245903578,-0.003214455969587471,0.25285065988442323,0.36787335028894197,4.0,1124.5918079238481,14.590154230136497,0.6094617830176197,2.1499999999999995,0.07179889787899162,1.0,21.0,,False,False,False,False,susceptible-enriched,mixed,True,0.7992399910868984,0.9559467993760828,0.4405320062391712,1.998099977717246,0.95,0.9,0.8,0.02,0.35,2.5,1.38,3.0,1.9952623149688797,2.0,1.0,0.7,2.15,i_db,i,d_b,1.9952623149688797,2.5
0.5,0.6931471805599453,2.1110225962495974,1.7251878207671671,3.8362104170167646,0.4497114686708875,-0.050288531329112485,-0.20183654669861179,-0.20183654669861156,0.688080745742087,-0.00506643481785829,0.23956767645597218,0.4010808088600696,5.0,1107.6003182879288,16.175928087908062,0.6083486263540832,2.1499999999999995,0.06806886734059764,1.0,23.0,15.0,False,False,False,True,susceptible-enriched,mixed,True,0.8631931113967901,0.9604235177977754,0.39576482202224694,2.1579827784919754,0.95,0.9,0.8,0.02,0.35,2.5,1.38,3.0,2.511886431509581,2.0,1.0,0.7,2.15,i_db,i,d_b,2.511886431509581,2.5
0.5,0.6931471805599453,2.1238454249210412,1.675088539623047,3.798933964544088,0.44093647198315417,-0.059063528016845834,-0.23736230191406382,-0.23736230191406382,0.686153862445823,-0.006993318114122293,0.22795327057655887,0.4301168235586028,5.0,1093.7576009777972,17.527888163593353,0.6102582252983291,2.1499999999999995,0.06557926453232762,1.0,25.0,16.0,False,False,False,True,susceptible-enriched,mixed,True,0.9090909090909091,0.9636363636363636,0.36363636363636365,2.2727272727272725,0.95,0.9,0.8,0.02,0.35,2.5,1.38,3.0,3.1622776601683795,2.0,1.0,0.7,2.15,i_db,i,d_b,3.1622776601683795,2.5
0.5,0.6931471805599453,2.134191480684665,1.6367638428025888,3.7709553234872537,0.4340448778610732,-0.06595512213892679,-0.2653668515881065,-0.2653668515881065,0.684421616115667,-0.0087255644442783,0.22062774294313045,0.4484306426421739,5.0,1083.3176446540142,18.586362764746553,0.6126906027708174,2.15,0.06395165463319388,1.0,27.0,16.0,False,False,False,True,susceptible-enriched,mixed,True,0.9406490568972324,0.9658454339828063,0.3415456601719373,2.3516226422430813,0.95,0.9,0.8,0.02,0.35,2.5,1.38,3.0,3.981071705534973,2.0,1.0,0.7,2.15,i_db,i,d_b,3.981071705534973,2.5
0.5,0.6931471805599453,2.1419099620597737,1.6092044680102913,3.751114430070065,0.428993702540883,-0.07100629745911702,-0.28595799899187424,-0.28595799899187424,0.6830292213205765,-0.010117959239368757,0.21446089969242793,0.46384775076893026,6.0,1075.8864603595794,19.361285729160826,0.6146283848237475,2.15,0.06290147306368954,1.0,28.0,17.0,False,False,False,True,susceptible-enriched,mixed,True,0.9617134961177453,0.9673199447282421,0.32680055271757835,2.404283740294363,0.95,0.9,0.8,0.02,0.35,2.5,1.38,3.0,5.011872336272725,2.0,1.0,0.7,2.15,i_db,i,d_b,5.011872336272725,2.5
0.5,0.6931471805599453,2.1473529587157434,1.590243559478447,3.7375965181941906,0.4254722391080268,-0.07452776089197322,-0.30034871505680805,-0.3003487150568078,0.6819969013381166,-0.011150279221828652,0.21016142445461145,0.47459643886347147,6.0,1070.8081757560076,19.901481849202195,0.6161575634827576,2.15,0.0622294544782082,1.0,29.0,17.0,False,False,False,True,susceptible-enriched,mixed,True,0.975496632449664,0.9682847642714765,0.3171523572852353,2.43874158112416,0.95,0.9,0.8,0.02,0.35,2.5,1.38,3.0,6.309573444801933,2.0,1.0,0.7,2.15,i_db,i,d_b,6.309573444801933,2.5
0.5,0.6931471805599453,2.151045477966365,1.57758689794098,3.728632375907345,0.42310068113300703,-0.07689931886699297,-0.310057592996715,-0.3100575929967152,0.6812730971851337,-0.01187408337481155,0.2074719380435338,0.48132015489116553,6.0,1067.4303802607787,20.26533400010075,0.6171657961229413,2.15,0.06180166104324055,1.0,29.0,17.0,False,False,False,True,susceptible-enriched,mixed,True,0.9843983377581705,0.9689078836430719,0.3109211635692807,2.4609958443954265,0.95,0.9,0.8,0.02,0.35,2.5,1.38,3.0,7.943282347242818,2.0,1.0,0.7,2.15,i_db,i,d_b,7.943282347242818,2.5
0.5,0.6931471805599453,2.1534870715436587,1.5693066498477761,3.722793721391435,0.42154004956826635,-0.07845995043173365,-0.31645452451687234,-0.31645452451687234,0.6807842207187913,-0.012362959841153986,0.20578430556315508,0.48553923609211236,6.0,1065.2295128895303,20.504805599878217,0.6177886337544849,2.15,0.06153022864319242,1.0,30.0,17.0,False,False,False,True,susceptible-enriched,mixed,True,0.9900990099009901,0.9693069306930693,0.306930693069307,2.4752475247524752,0.95,0.9,0.8,0.02,0.35,2.5,1.38,3.0,10.0,2.0,1.0,0.7,2.15,i_db,i,d_b,10.0,2.5
0.5,0.6931471805599453,2.067022568927976,2.1185225876999603,4.185545156627937,0.506152127960014,0.0061521279600139644,0.024609753819077526,0.024609753819077304,0.693071481292927,-7.569926701833651e-05,0.342114165430831,0.14471458642292256,2.0,1233.763938985081,6.019622908024592,16.414784332149004,2.15,0.4720885247871308,5.0,140.0,,False,False,False,False,resistant-enriched,mixed,True,0.009900990099009903,0.9006930693069307,0.9930693069306931,0.032178217821782186,0.95,0.9,0.8,0.02,0.35,3.25,1.38,3.0,0.1,2.0,1.0,0.7,2.15,i_db,i,d_b,0.1,3.25
0.5,0.6931471805599453,2.0664000628573698,2.1174928095885748,4.183892872445945,0.5061058861076114,0.006105886107611425,0.024424758612157364,0.024424758612157586,0.6930726150162686,-7.456554367668566e-05,0.34156011120112006,0.1460997219971999,2.0,1233.186432681122,6.059563434864698,10.494417036302307,2.15,0.44932102100171073,5.0,99.0,,False,False,False,False,resistant-enriched,mixed,True,0.015601662241829605,0.9010921163569281,0.9890788364307193,0.050705402285946215,0.95,0.9,0.8,0.02,0.35,3.25,1.38,3.0,0.12589254117941673,2.0,1.0,0.7,2.15,i_db,i,d_b,0.12589254117941673,3.25
0.5,0.6931471805599453,2.065441216658207,2.1158558603987334,4.18129707705694,0.5060285890731318,0.0060285890731317515,0.024115524940359463,0.024115524940359463,0.6930744910262467,-7.268953369854447e-05,0.34070313117658324,0.14824217205854195,2.0,1232.2787802928565,6.122106598940428,6.758646100481593,2.15,0.4167308714808219,5.0,69.0,,False,False,False,False,resistant-enriched,mixed,True,0.02450336755033599,0.9017152357285235,0.9828476427147648,0.07963594453859196,0.95,0.9,0.8,0.02,0.35,3.25,1.38,3.0,0.15848931924611134,2.0,1.0,0.7,2.15,i_db,i,d_b,0.15848931924611134,3.25
0.5,0.6931471805599453,2.063993536243223,2.1132528663503853,4.1772464025936085,0.5058961484863064,0.005896148486306374,0.023585687247374296,0.023585687247374296,0.6930776498144771,-6.953074546822702e-05,0.33939529305510907,0.15151176736222738,2.0,1230.861292446766,6.219358411789535,4.402129693350347,2.15,0.37375917064355196,4.0,49.0,,False,False,False,False,resistant-enriched,mixed,True,0.038286503882254734,0.9026800552717579,0.9731994472824217,0.12443113761732788,0.95,0.9,0.8,0.02,0.35,3.25,1.38,3.0,0.19952623149688797,2.0,1.0,0.7,2.15,i_db,i,d_b,0.19952623149688797,3.25
0.5,0.6931471805599453,2.061879160668499,2.10911376286287,4.170992923531369,0.5056622731158197,0.005662273115819683,0.02265006075136321,0.02265006075136321,0.6930830565156263,-6.412404431899166e-05,0.3374400658085518,0.15639983547862057,2.0,1228.6703030735302,6.368944900915313,2.9160232423641084,2.1500000000000004,0.328398497852258,4.0,35.0,,False,False,False,False,resistant-enriched,mixed,True,0.059350943102767596,0.9041545660171938,0.9584543398280627,0.1928905650839947,0.95,0.9,0.8,0.02,0.35,3.25,1.38,3.0,0.251188643150958,2.0,1.0,0.7,2.15,i_db,i,d_b,0.251188643150958,3.25
0.5,0.6931471805599453,2.058968825799702,2.102550013385062,4.1615188391847635,0.5052362117377676,0.00523621173776756,0.020945612686790578,0.02094561268679069,0.6930923437308533,-5.483682909201981e-05,0.3346025840558308,0.16349353986042303,2.0,1225.3452712533135,6.595346042228137,1.9791849973799178,2.15,0.2739395601459605,4.0,25.0,,False,False,False,False,resistant-enriched,mixed,True,0.09090909090909091,0.9063636363636364,0.9363636363636364,0.29545454545454547,0.95,0.9,0.8,0.02,0.35,3.25,1.38,3.0,0.31622776601683794,2.0,1.0,0.7,2.15,i_db,i,d_b,0.31622776601683794,3.25
0.5,0.6931471805599453,2.0553549695304523,2.0922175677626034,4.147572537293056,0.504443876255412,0.004443876255411983,0.017775973085587194,0.017775973085587194,0.6931076839676021,-3.949659234314673e-05,0.3306554924415114,0.1733612688962216,2.0,1220.441751451483,6.930502650216922,1.3888704031092955,2.15,0.2162980585654414,3.0,19.0,,False,False,False,False,resistant-enriched,mixed,True,0.13680688860321005,0.9095764822022248,0.904235177977753,0.4446223879604327,0.95,0.9,0.8,0.02,0.35,3.25,1.38,3.0,0.3981071705534973,2.0,1.0,0.7,2.15,i_db,i,d_b,0.3981071705534973,3.25
0.5,0.6931471805599453,2.0516381248941564,2.0762178949882046,4.127856019882361,0.5029773046801604,0.002977304680160442,0.01190935948017163,0.011909359480171407,0.693129451768858,-1.772879108730141e-05,0.325469729418701,0.1863256764532475,2.0,1213.4861000118558,7.413313396045796,1.017232996550716,2.15,0.16933580452713135,3.0,15.0,,False,False,False,False,resistant-enriched,mixed,True,0.2007600089131018,0.9140532006239172,0.8594679937608287,0.6524700289675809,0.95,0.9,0.8,0.02,0.35,3.25,1.38,3.0,0.5011872336272724,2.0,1.0,0.7,2.15,i_db,i,d_b,0.5011872336272724,3.25
0.5,0.6931471805599453,2.0490747016640385,2.0521456754103045,4.101220377074343,0.5003743975529129,0.00037439755291290844,0.0014975904915482386,0.0014975904915482386,0.6931469002128638,-2.8034708143831466e-07,0.31913456911602883,0.20216357720992795,2.0,1204.007938007658,8.088912450764884,0.7842998336699242,2.1499999999999995,0.13101732806888167,2.0,13.0,,False,False,False,False,neutral,mixed,True,0.2847472489508015,0.9199323074265561,0.8006769257344389,0.9254285590901049,0.95,0.9,0.8,0.02,0.35,3.25,1.38,3.0,0.6309573444801934,2.0,1.0,0.7,2.15,i_db,i,d_b,0.6309573444801934,3.25
0.5,0.6931471805599453,2.049247022675048,2.0174773620133672,4.066724384688415,0.4960939496193427,-0.0039060503806572777,-0.015624519376974205,-0.015624519376974205,0.6931166657904078,-3.05147695375263e-05,0.3120364931022576,0.21990876724435604,2.0,1191.6579667936776,9.00611595889169,0.6407700323169758,2.15,0.10395025430896608,2.0,13.0,,False,False,False,False,susceptible-enriched,mixed,True,0.386863179846857,0.92708042258928,0.7291957741072002,1.257305334502285,0.95,0.9,0.8,0.02,0.35,3.25,1.38,3.0,0.7943282347242815,2.0,1.0,0.7,2.15,i_db,i,d_b,0.7943282347242815,3.25
0.5,0.6931471805599453,2.0534015279043016,1.9704958071399616,4.023897335044263,0.4896983305162496,-0.010301669483750386,-0.041212510132166945,-0.041212510132166945,0.692934916752574,-0.00021226380737127126,0.2967466937187395,0.2581332657031512,3.0,1176.2012460122805,10.206385851151927,0.5561092987411657,2.15,0.0831248861910701,2.0,15.0,,False,False,False,False,susceptible-enriched,mixed,True,0.5,0.935,0.65,1.625,0.95,0.9,0.8,0.02,0.35,3.25,1.38,3.0,1.0,2.0,1.0,0.7,2.15,i_db,i,d_b,1.0,3.25
0.5,0.6931471805599453,2.061990855758832,1.9116616044869261,3.9736524602457584,0.4810842477071323,-0.018915752292867682,-0.07569913707387557,-0.07569913707387557,0.6924313983926588,-0.0007157821672865161,0.28169652779029053,0.2957586805242737,3.0,1157.9450994322565,11.696110570906292,0.5102545290917202,2.15,0.07126969462701857,1.0,17.0,,False,False,False,False,susceptible-enriched,mixed,True,0.6131368201531432,0.9429195774107201,0.5708042258927998,1.9926946654977153,0.95,0.9,0.8,0.02,0.35,3.25,1.38,3.0,1.2589254117941675,2.0,1.0,0.7,2.15,i_db,i,d_b,1.2589254117941675,3.25
0.5,0.6931471805599453,2.0745064229303196,1.844694833700395,3.9192012566307146,0.47068132328735135,-0.02931867671264865,-0.11740939489645245,-0.11740939489645245,0.6914270244127467,-0.0017201561471985594,0.2642734168554315,0.3393164578614213,4.0,1138.0172982956178,13.41228020083536,0.48883180198000226,2.15,0.063848500192649,1.0,19.0,,False,False,False,False,susceptible-enriched,mixed,True,0.7152527510491987,0.9500676925734439,0.4993230742655609,2.324571440909896,0.95,0.9,0.8,0.02,0.35,3.25,1.38,3.0,1.584893192461114,2.0,1.0,0.7,2.15,i_db,i,d_b,1.584893192461114,3.25
0.5,0.6931471805599453,2.0894719340533503,1.7761645807269064,3.865636514780257,0.45947532157660015,-0.04052467842339985,-0.16245506131499013,-0.1624550613149899,0.6898590759769656,-0.0032881045829796784,0.24862174326449524,0.37844564183876195,4.0,1118.2561205908682,15.212615460358073,0.4812507278319704,2.1499999999999995,0.05863999603812029,1.0,21.0,,False,False,False,False,susceptible-enriched,mixed,True,0.7992399910868984,0.9559467993760828,0.4405320062391712,2.5975299710324196,0.95,0.9,0.8,0.02,0.35,3.25,1.38,3.0,1.9952623149688797,2.0,1.0,0.7,2.15,i_db,i,d_b,1.9952623149688797,3.25
0.5,0.6931471805599453,2.104830268931661,1.7132178314766513,3.8180481004083124,0.44871562285803446,-0.05128437714196554,-0.20586145655533894,-0.20586145655533872,0.6878777437039155,-0.005269436856029763,0.23297923238674312,0.41755191903314226,5.0,1100.5571757660182,16.916247142172363,0.48025047448429586,2.1499999999999995,0.055129311841712075,1.0,24.0,16.0,False,False,False,True,susceptible-enriched,mixed,True,0.8631931113967901,0.9604235177977754,0.39576482202224694,2.805377612039568,0.95,0.9,0.8,0.02,0.35,3.25,1.38,3.0,2.511886431509581,2.0,1.0,0.7,2.15,i_db,i,d_b,2.511886431509581,3.25
0.5,0.6931471805599453,2.118682416999984,1.6608421387769616,3.7795245557769457,0.43943149839796375,-0.06056850160203625,-0.2434696078115519,-0.2434696078115519,0.6857920433439184,-0.007355137216026875,0.22213717049501872,0.4446570737624532,5.0,1086.1277295971338,18.375050330273694,0.48156757421520435,2.15,0.0528223791734805,1.0,26.0,16.0,False,False,False,True,susceptible-enriched,mixed,True,0.9090909090909091,0.9636363636363636,0.36363636363636365,2.9545454545454546,0.95,0.9,0.8,0.02,0.35,3.25,1.38,3.0,3.1622776601683795,2.0,1.0,0.7,2.15,i_db,i,d_b,3.1622776601683795,3.25
0.5,0.6931471805599453,2.1299327535981054,1.6206965798149429,3.7506293334130483,0.43211323640454746,-0.06788676359545254,-0.27323436377602495,-0.27323436377602495,0.6839014252311622,-0.009245755328783134,0.21289403606604496,0.4677649098348876,6.0,1075.2396258246506,19.52074449023413,0.48322438410926194,2.15,0.05132992361097932,1.0,28.0,17.0,False,False,False,True,susceptible-enriched,mixed,True,0.9406490568972324,0.9658454339828063,0.3415456601719373,3.0571094349160055,0.95,0.9,0.8,0.02,0.35,3.25,1.38,3.0,3.981071705534973,2.0,1.0,0.7,2.15,i_db,i,d_b,3.981071705534973,3.25
0.5,0.6931471805599453,2.138363437962005,1.591790071546119,3.730153509508124,0.4267358079201464,-0.07326419207985357,-0.29518157372790044,-0.29518157372790044,0.6823731476724086,-0.010774032887536644,0.20655796532451937,0.4836050866887016,6.0,1067.4813436897487,20.361360759342666,0.4846851679922172,2.15,0.05037355472216664,1.0,29.0,18.0,False,False,False,True,susceptible-enriched,mixed,True,0.9617134961177453,0.9673199447282421,0.32680055271757835,3.1255688623826723,0.95,0.9,0.8,0.02,0.35,3.25,1.38,3.0,5.011872336272725,2.0,1.0,0.7,2.15,i_db,i,d_b,5.011872336272725,3.25
0.5,0.6931471805599453,2.1443233492723213,1.5718841744630059,3.716207523735327,0.42298073087238,-0.07701926912762003,-0.31054903680348456,-0.31054903680348434,0.6812358762220097,-0.011911304337935635,0.20260626146239058,0.4934843463440236,6.0,1062.1882976433014,20.948031949372293,0.48565004993507666,2.15,0.04976428695200712,1.0,30.0,18.0,False,False,False,True,susceptible-enriched,mixed,True,0.975496632449664,0.9682847642714765,0.3171523572852353,3.170364055461408,0.95,0.9,0.8,0.02,0.35,3.25,1.38,3.0,6.309573444801933,2.0,1.0,0.7,2.15,i_db,i,d_b,6.309573444801933,3.25
0.5,0.6931471805599453,2.148377085746307,1.5585921537931313,3.706969239539438,0.42044917372629026,-0.07955082627370974,-0.32092976498553655,-0.32092976498553677,0.6804365674447375,-0.012710613115207825,0.20013144962560514,0.4996713759359872,6.0,1058.6699179681218,21.343551370290662,0.4863945404141168,2.15,0.04937754466569705,1.0,30.0,18.0,False,False,False,True,susceptible-enriched,mixed,True,0.9843983377581705,0.9689078836430719,0.3109211635692807,3.1992945977140543,0.95,0.9,0.8,0.02,0.35,3.25,1.38,3.0,7.943282347242818,2.0,1.0,0.7,2.15,i_db,i,d_b,7.943282347242818,3.25
0.5,0.6931471805599453,2.1510611852301538,1.5498939179158997,3.7009551031460535,0.4187821453436138,-0.0812178546563862,-0.32777480636261463,-0.32777480636261463,0.6798958640249767,-0.013251316534968582,0.1985773721890876,0.503556569527281,6.0,1056.3734528537773,21.604017259779773,0.4868682614730277,2.15,0.04913260454600534,1.0,31.0,18.0,False,False,False,True,susceptible-enriched,mixed,True,0.9900990099009901,0.9693069306930693,0.306930693069307,3.217821782178218,0.95,0.9,0.8,0.02,0.35,3.25,1.38,3.0,10.0,2.0,1.0,0.7,2.15,i_db,i,d_b,10.0,3.25
0.5,0.6931471805599453,2.066532798394113,2.1185492146291605,4.1850820130232735,0.5062145038105802,0.006214503810580196,0.024859295384951165,0.024859295384950943,0.6930699384559205,-7.724210402482168e-05,0.3420575255517967,0.14485618612050832,2.0,1233.605948159036,6.029700393653815,13.364755409719665,2.15,0.46240143322944605,5.0,119.0,,False,False,False,False,resistant-enriched,mixed,True,0.009900990099009903,0.9006930693069307,0.9930693069306931,0.03960396039603961,0.95,0.9,0.8,0.02,0.35,4.0,1.38,3.0,0.1,2.0,1.0,0.7,2.15,i_db,i,d_b,0.1,4.0
0.5,0.6931471805599453,2.065634373898807,2.1175310827595872,4.1831654566583945,0.5062030428151216,0.006203042815121629,0.02481344433309083,0.024813444333091052,0.6930702231054426,-7.695745450264635e-05,0.34147292113650185,0.14631769715874543,2.0,1232.9382704043514,6.075281492668029,8.553487446886065,2.15,0.43514533111715215,5.0,84.0,,False,False,False,False,resistant-enriched,mixed,True,0.015601662241829605,0.9010921163569281,0.9890788364307193,0.06240664896731842,0.95,0.9,0.8,0.02,0.35,4.0,1.38,3.0,0.12589254117941673,2.0,1.0,0.7,2.15,i_db,i,d_b,0.12589254117941673,4.0
0.5,0.6931471805599453,2.064256615263216,2.115908625968285,4.180165241231501,0.5061782259461413,0.006178225946141258,0.024714161637527324,0.024714161637527324,0.6930708376654966,-7.63428944486888e-05,0.34057047461173096,0.14857381347067267,2.0,1231.8924395449756,6.146387024905586,5.517889382884923,2.15,0.3968707210151635,5.0,59.0,,False,False,False,False,resistant-enriched,mixed,True,0.02450336755033599,0.9017152357285235,0.9828476427147648,0.09801347020134396,0.95,0.9,0.8,0.02,0.35,4.0,1.38,3.0,0.15848931924611134,2.0,1.0,0.7,2.15,i_db,i,d_b,0.15848931924611134,4.0
0.5,0.6931471805599453,2.062191682064029,2.1133205001342095,4.175512182198238,0.5061224606514336,0.0061224606514336255,0.024491066702663933,0.024491066702663933,0.6930722096375235,-7.497092242181314e-05,0.3391982971479928,0.15200425713001797,2.0,1230.2686137275778,6.256286232054323,3.602697607944615,2.15,0.35309858281465184,4.0,42.0,,False,False,False,False,resistant-enriched,mixed,True,0.038286503882254734,0.9026800552717579,0.9731994472824217,0.15314601552901894,0.95,0.9,0.8,0.02,0.35,4.0,1.38,3.0,0.19952623149688797,2.0,1.0,0.7,2.15,i_db,i,d_b,0.19952623149688797,4.0
0.5,0.6931471805599453,2.059211455371085,2.1091863363132974,4.168397791684383,0.5059944951801275,0.005994495180127513,0.023979129651729193,0.023979129651729193,0.6930753108932499,-7.186966669536776e-05,0.3371571431702032,0.15710714207449206,2.0,1227.7818166373627,6.42375543311841,2.3942748465347163,2.1500000000000004,0.3021700540365629,4.0,30.0,,False,False,False,False,resistant-enriched,mixed,True,0.059350943102767596,0.9041545660171938,0.9584543398280627,0.23740377241107039,0.95,0.9,0.8,0.02,0.35,4.0,1.38,3.0,0.251188643150958,2.0,1.0,0.7,2.15,i_db,i,d_b,0.251188643150958,4.0
0.5,0.6931471805599453,2.0551917798848374,2.1025995926897716,4.157791372574609,0.5057010812420318,0.005701081242031836,0.022805313303403754,0.022805313303403865,0.6930821744966804,-6.50060632648719e-05,0.3342149472129657,0.16446263196758582,2.0,1224.0658665978456,6.67380954094364,1.6313994971471428,2.15,0.24380544667984558,4.0,22.0,,False,False,False,False,resistant-enriched,mixed,True,0.09090909090909091,0.9063636363636364,0.9363636363636364,0.36363636363636365,0.95,0.9,0.8,0.02,0.35,4.0,1.38,3.0,0.31622776601683794,2.0,1.0,0.7,2.15,i_db,i,d_b,0.31622776601683794,4.0
0.5,0.6931471805599453,2.0503657775604784,2.0921886543576225,4.142554431918101,0.5050479574239147,0.0050479574239147285,0.02019251577183515,0.02019251577183515,0.6930962159458348,-5.0964614110471373e-05,0.3301574911952457,0.17460627201188583,2.0,1218.712524931467,7.037407552578038,1.1490713349953396,2.15,0.19055910576511015,3.0,17.0,,False,False,False,False,resistant-enriched,mixed,True,0.13680688860321005,0.9095764822022248,0.904235177977753,0.5472275544128402,0.95,0.9,0.8,0.02,0.35,4.0,1.38,3.0,0.3981071705534973,2.0,1.0,0.7,2.15,i_db,i,d_b,0.3981071705534973,4.0
0.5,0.6931471805599453,2.0456293598425175,2.076018578807393,4.121647938649911,0.5036865374502157,0.0036865374502157433,0.014746417020792298,0.014746417020792076,0.6931199991969252,-2.71813630200457e-05,0.3248784282786549,0.18780392930336287,2.0,1211.3253765677393,7.55099065427695,0.8435211837517118,2.15,0.14402185238565857,3.0,14.0,,False,False,False,False,resistant-enriched,mixed,True,0.2007600089131018,0.9140532006239172,0.8594679937608287,0.8030400356524072,0.95,0.9,0.8,0.02,0.35,4.0,1.38,3.0,0.5011872336272724,2.0,1.0,0.7,2.15,i_db,i,d_b,0.5011872336272724,4.0
0.5,0.6931471805599453,2.0425091739108114,2.051625188087873,4.094134361998684,0.501113301783849,0.0011133017838490522,0.004453214494733875,0.004453214494733875,0.6931447016761731,-2.4788837721390067e-06,0.3184903876246329,0.20377403093841784,2.0,1201.504817609799,8.25786675502637,0.6504861418446475,2.1499999999999995,0.1122197714380689,2.0,12.0,,False,False,False,False,resistant-enriched,mixed,True,0.2847472489508015,0.9199323074265561,0.8006769257344389,1.138988995803206,0.95,0.9,0.8,0.02,0.35,4.0,1.38,3.0,0.6309573444801934,2.0,1.0,0.7,2.15,i_db,i,d_b,0.6309573444801934,4.0
0.5,0.6931471805599453,2.0426025747005268,2.016405752297662,4.059008326998189,0.49677300213593817,-0.0032269978640618313,-0.012908170684147234,-0.012908170684147234,0.6931263533849252,-2.0827175020055044e-05,0.3113884729679057,0.22152881758023568,2.0,1188.8893671656351,9.208346019906509,0.5307845890465188,2.15,0.08670081054124452,2.0,13.0,,False,False,False,False,susceptible-enriched,mixed,True,0.386863179846857,0.92708042258928,0.7291957741072002,1.547452719387428,0.95,0.9,0.8,0.02,0.35,4.0,1.38,3.0,0.7943282347242815,2.0,1.0,0.7,2.15,i_db,i,d_b,0.7943282347242815,4.0
0.5,0.6931471805599453,2.0469791820678482,1.9685682564393483,4.0155474385071965,0.49023658332652525,-0.009763416673474745,-0.03905863151464629,-0.03905863151464629,0.6929565198321864,-0.00019066072775886234,0.2945266288701293,0.2636834278246768,3.0,1173.1570069402455,10.449045876631384,0.45998489242886137,2.15,0.07066344214166335,1.0,15.0,,False,False,False,False,susceptible-enriched,mixed,True,0.5,0.935,0.65,2.0,0.95,0.9,0.8,0.02,0.35,4.0,1.38,3.0,1.0,2.0,1.0,0.7,2.15,i_db,i,d_b,1.0,4.0
0.5,0.6931471805599453,2.0559643644786187,1.9085342569758459,3.9644986214544646,0.481406210270205,-0.018593789729794974,-0.07440947226256248,-0.07440947226256248,0.6924555630672855,-0.0006916174926597796,0.27985261879880413,0.30036845300298975,3.0,1154.5452993172764,11.99196860996252,0.4216358546623419,2.15,0.06089033980913639,1.0,17.0,,False,False,False,False,susceptible-enriched,mixed,True,0.6131368201531432,0.9429195774107201,0.5708042258927998,2.4525472806125728,0.95,0.9,0.8,0.02,0.35,4.0,1.38,3.0,1.2589254117941675,2.0,1.0,0.7,2.15,i_db,i,d_b,1.2589254117941675,4.0
0.5,0.6931471805599453,2.0690210975642107,1.8400361047729656,3.909057202337176,0.4707109693029898,-0.02928903069701022,-0.11729040210989984,-0.11729040210989984,0.6914305033696708,-0.0017166771902744626,0.26088780430220115,0.3477804892444971,4.0,1134.1716742743945,13.776403894030624,0.4037345153442213,2.15,0.05383615191571045,1.0,19.0,,False,False,False,False,susceptible-enriched,mixed,True,0.7152527510491987,0.9500676925734439,0.4993230742655609,2.861011004196795,0.95,0.9,0.8,0.02,0.35,4.0,1.38,3.0,1.584893192461114,2.0,1.0,0.7,2.15,i_db,i,d_b,1.584893192461114,4.0
0.5,0.6931471805599453,2.084679769508616,1.769764668299673,3.854444437808289,0.45914909317151686,-0.040850906828483136,-0.16376867370586398,-0.16376867370586376,0.689805864256395,-0.003341316303550279,0.24503237410592915,0.3874190647351772,5.0,1113.925540806441,15.65638120656464,0.39738406820566713,2.15,0.04900944852111038,1.0,22.0,,False,False,False,False,susceptible-enriched,mixed,True,0.7992399910868984,0.9559467993760828,0.4405320062391712,3.1969599643475934,0.95,0.9,0.8,0.02,0.35,4.0,1.38,3.0,1.9952623149688797,2.0,1.0,0.7,2.15,i_db,i,d_b,1.9952623149688797,4.0
0.5,0.6931471805599453,2.100824793676141,1.7050682948996727,3.8058930885758135,0.4480074072542376,-0.0519925927457624,-0.20872486092028758,-0.20872486092028736,0.6877309355043122,-0.0054162450556330954,0.2287803838928685,0.42804904026782875,5.0,1095.772483532895,17.44211525567701,0.39642945040467453,2.15,0.0458144831377309,1.0,24.0,,False,False,False,False,susceptible-enriched,mixed,True,0.8631931113967901,0.9604235177977754,0.39576482202224694,3.4527724455871605,0.95,0.9,0.8,0.02,0.35,4.0,1.38,3.0,2.511886431509581,2.0,1.0,0.7,2.15,i_db,i,d_b,2.511886431509581,4.0
0.5,0.6931471805599453,2.1154579098213726,1.6511414837109775,3.76659939353235,0.43836397535298344,-0.06163602464701656,-0.24780443785683257,-0.24780443785683257,0.6855298203656235,-0.007617360194321798,0.21727565734937337,0.4568108566265666,6.0,1080.9611353213922,18.975730763298778,0.397386102808083,2.15,0.04374061840967142,1.0,26.0,17.0,False,False,False,True,susceptible-enriched,mixed,True,0.9090909090909091,0.9636363636363636,0.36363636363636365,3.6363636363636362,0.95,0.9,0.8,0.02,0.35,4.0,1.38,3.0,3.1622776601683795,2.0,1.0,0.7,2.15,i_db,i,d_b,3.1622776601683795,4.0
0.5,0.6931471805599453,2.1273893934035453,1.6097576318283096,3.737147025231855,0.43074506326880174,-0.06925493673119826,-0.27881196268728003,-0.27881196268728003,0.6835237782408196,-0.009623402319125729,0.20764308079407512,0.48089229801481226,6.0,1069.7825637372412,20.182647488829474,0.3986890369562124,2.15,0.042409723766224074,1.0,28.0,18.0,False,False,False,True,susceptible-enriched,mixed,True,0.9406490568972324,0.9658454339828063,0.3415456601719373,3.7625962275889298,0.95,0.9,0.8,0.02,0.35,4.0,1.38,3.0,3.981071705534973,2.0,1.0,0.7,2.15,i_db,i,d_b,3.981071705534973,4.0
0.5,0.6931471805599453,2.1363564553580283,1.579938135032977,3.7162945903910054,0.42513802299691905,-0.07486197700308095,-0.30171609579444236,-0.30171609579444236,0.6818962914660374,-0.011250889093907923,0.20166034064031801,0.495849148399205,6.0,1061.8308400290189,21.069233783419712,0.39969040040051335,2.1500000000000004,0.04156131374226832,1.0,29.0,18.0,False,False,False,True,susceptible-enriched,mixed,True,0.9617134961177453,0.9673199447282421,0.32680055271757835,3.846853984470981,0.95,0.9,0.8,0.02,0.35,4.0,1.38,3.0,5.011872336272725,2.0,1.0,0.7,2.15,i_db,i,d_b,5.011872336272725,4.0
0.5,0.6931471805599453,2.14270811040233,1.5593953621776777,3.7021034725800073,0.4212187405693797,-0.07878125943062031,-0.31777234336735094,-0.3177723433673507,0.6806823293261095,-0.012464851233835783,0.19792406626952724,0.5051898343261819,6.0,1056.3909346957842,21.688566375592483,0.4005012642285861,2.15,0.041022619525246794,1.0,30.0,18.0,False,False,False,True,susceptible-enriched,mixed,True,0.975496632449664,0.9682847642714765,0.3171523572852353,3.901986529798656,0.95,0.9,0.8,0.02,0.35,4.0,1.38,3.0,6.309573444801933,2.0,1.0,0.7,2.15,i_db,i,d_b,6.309573444801933,4.0
0.5,0.6931471805599453,2.1470316844530024,1.545673548690008,3.6927052331430104,0.4185748526086451,-0.08142514739135492,-0.3286265071404568,-0.32862650714045705,0.6798278304152583,-0.013319350144686992,0.19477162997617659,0.5130709250595585,7.0,1052.7824684298644,22.106222941247413,0.4009498538853712,2.1500000000000004,0.04068139880405121,1.0,31.0,19.0,False,False,False,True,susceptible-enriched,mixed,True,0.9843983377581705,0.9689078836430719,0.3109211635692807,3.937593351032682,0.95,0.9,0.8,0.02,0.35,4.0,1.38,3.0,7.943282347242818,2.0,1.0,0.7,2.15,i_db,i,d_b,7.943282347242818,4.0
0.5,0.6931471805599453,2.149896374651448,1.536692691025178,3.686589065676626,0.4168331928644555,-0.08316680713554447,-0.33578713935321863,-0.33578713935321863,0.6792492403893458,-0.013897940170599532,0.19272195253064464,0.5181951186733884,7.0,1050.4320850841927,22.38134832759922,0.4012583609203062,2.15,0.0404655794653191,1.0,31.0,19.0,False,False,False,True,susceptible-enriched,mixed,True,0.9900990099009901,0.9693069306930693,0.306930693069307,3.9603960396039604,0.95,0.9,0.8,0.02,0.35,4.0,1.38,3.0,10.0,2.0,1.0,0.7,2.15,i_db,i,d_b,10.0,4.0
0.5,0.6931471805599453,2.0660436429416773,2.118574280118108,4.184617923059785,0.5062766348257215,0.006276634825721494,0.025107858228735264,0.02510785822873504,0.6930683862009357,-7.879435900959297e-05,0.3420013456962049,0.14499663575948785,2.0,1233.447765773452,6.039709264309351,11.277158199194778,2.15,0.45297136486861433,5.0,105.0,,False,False,False,False,resistant-enriched,mixed,True,0.009900990099009903,0.9006930693069307,0.9930693069306931,0.04702970297029704,0.95,0.9,0.8,0.02,0.35,4.75,1.38,3.0,0.1,2.0,1.0,0.7,2.15,i_db,i,d_b,0.1,4.75
0.5,0.6931471805599453,2.064876134500425,2.1175699430186032,4.182446077519028,0.5062994008220945,0.006299400822094459,0.025198936618898025,0.025198936618898247,0.6930678135587813,-7.936700116395468e-05,0.34138664636600985,0.1465333840849754,2.0,1232.6927427888472,6.090821868622384,7.225277031720764,2.15,0.42155303243121167,5.0,73.0,,False,False,False,False,resistant-enriched,mixed,True,0.015601662241829605,0.9010921163569281,0.9890788364307193,0.07410789564869062,0.95,0.9,0.8,0.02,0.35,4.75,1.38,3.0,0.12589254117941673,2.0,1.0,0.7,2.15,i_db,i,d_b,0.12589254117941673,4.75
0.5,0.6931471805599453,2.0630896655368236,2.1159623588695258,4.179052024406349,0.5063259194936934,0.006325919493693433,0.02530502821618283,0.02530502821618283,0.6930671439097527,-8.003665019262751e-05,0.3404399309539218,0.14890017261519561,2.0,1231.5122423399466,6.170230716876804,4.668598638840848,2.15,0.37879286317106925,4.0,52.0,,False,False,False,False,resistant-enriched,mixed,True,0.02450336755033599,0.9017152357285235,0.9828476427147648,0.11639099586409596,0.95,0.9,0.8,0.02,0.35,4.75,1.38,3.0,0.15848931924611134,2.0,1.0,0.7,2.15,i_db,i,d_b,0.15848931924611134,4.75
0.5,0.6931471805599453,2.060432236107097,2.113388536928274,4.173820773035371,0.5063438637762427,0.006343863776242742,0.025376816870147003,0.025376816870147003,0.6930666891850786,-8.049137486665359e-05,0.3390063344451404,0.15248416388714903,2.0,1229.6902897317377,6.292142888525126,3.0551234994427707,2.15,0.33397069007359226,4.0,37.0,,False,False,False,False,resistant-enriched,mixed,True,0.038286503882254734,0.9026800552717579,0.9731994472824217,0.18186089344071,0.95,0.9,0.8,0.02,0.35,4.75,1.38,3.0,0.19952623149688797,2.0,1.0,0.7,2.15,i_db,i,d_b,0.19952623149688797,4.75
0.5,0.6931471805599453,2.0566513704664255,2.1092640298128793,4.165915400279305,0.5063146576791894,0.006314657679189373,0.02525997375917463,0.02525997375917463,0.693067428636589,-7.97519233562971e-05,0.33688476208857804,0.15778809477855493,2.0,1226.931063518208,6.476042807096895,2.036296060576017,2.1500000000000004,0.2788069879889782,4.0,26.0,,False,False,False,False,resistant-enriched,mixed,True,0.059350943102767596,0.9041545660171938,0.9584543398280627,0.28191697973814606,0.95,0.9,0.8,0.02,0.35,4.75,1.38,3.0,0.251188643150958,2.0,1.0,0.7,2.15,i_db,i,d_b,0.251188643150958,4.75
0.5,0.6931471805599453,2.0516708815897626,2.10266800395441,4.154338885544172,0.5061378144356617,0.006137814435661748,0.02455249107254515,0.02455249107254526,0.6930718331354216,-7.534742452364185e-05,0.3338488873781388,0.1653777815546531,2.0,1222.878782414974,6.746658556976376,1.391863689384103,2.15,0.21908158903120054,3.0,19.0,,False,False,False,False,resistant-enriched,mixed,True,0.09090909090909091,0.9063636363636364,0.9363636363636364,0.4318181818181818,0.95,0.9,0.8,0.02,0.35,4.75,1.38,3.0,0.31622776601683794,2.0,1.0,0.7,2.15,i_db,i,d_b,0.31622776601683794,4.75
0.5,0.6931471805599453,2.0459108559925605,2.092210647420747,4.138121503413307,0.5055943006252953,0.005594300625295312,0.02237813633318119,0.02237813633318119,0.6930845868549714,-6.259370497385675e-05,0.32969873487687545,0.1757531628078114,2.0,1217.1798708022732,7.133046431924131,0.9827553519562151,2.1499999999999995,0.16914581643728963,3.0,15.0,,False,False,False,False,resistant-enriched,mixed,True,0.13680688860321005,0.9095764822022248,0.904235177977753,0.6498327208652478,0.95,0.9,0.8,0.02,0.35,4.75,1.38,3.0,0.3981071705534973,2.0,1.0,0.7,2.15,i_db,i,d_b,0.3981071705534973,4.75
0.5,0.6931471805599453,2.0405459956617,2.0759283406849462,4.116474336346647,0.5042976515984607,0.004297651598460739,0.0171910297555717,0.017191029755571477,0.6931102404865632,-3.694007338206351e-05,0.3243504560210031,0.18912385994749226,2.0,1209.5132371180425,7.668849754213934,0.721963270777287,2.15,0.12778665088929653,2.0,13.0,,False,False,False,False,resistant-enriched,mixed,True,0.2007600089131018,0.9140532006239172,0.8594679937608287,0.9536100423372336,0.95,0.9,0.8,0.02,0.35,4.75,1.38,3.0,0.5011872336272724,2.0,1.0,0.7,2.15,i_db,i,d_b,0.5011872336272724,4.75
0.5,0.6931471805599453,2.037241945748801,2.0513007929885987,4.0885427387374,0.5017192980651267,0.0017192980651267176,0.006877219365876273,0.006877219365876273,0.6931412685766213,-5.91198332400289e-06,0.3179350566998129,0.2051623582504677,2.0,1199.5175126098923,8.396279546478059,0.5561873768393313,2.1499999999999995,0.09735913679971236,2.0,12.0,,False,False,False,False,resistant-enriched,mixed,True,0.2847472489508015,0.9199323074265561,0.8006769257344389,1.3525494325163072,0.95,0.9,0.8,0.02,0.35,4.75,1.38,3.0,0.6309573444801934,2.0,1.0,0.7,2.15,i_db,i,d_b,0.6309573444801934,4.75
0.5,0.6931471805599453,2.0374896165168,2.01566786764705,4.05315748416385,0.4973080556387199,-0.0026919443612801186,-0.01076788148612083,-0.01076788148612083,0.6931326873610392,-1.449319890611811e-05,0.3097021980758669,0.2257445048103328,3.0,1186.7721581411765,9.368115461032744,0.45305276607748446,2.15,0.07449727389394566,1.0,14.0,,False,False,False,False,susceptible-enriched,mixed,True,0.386863179846857,0.92708042258928,0.7291957741072002,1.8376001042725707,0.95,0.9,0.8,0.02,0.35,4.75,1.38,3.0,0.7943282347242815,2.0,1.0,0.7,2.15,i_db,i,d_b,0.7943282347242815,4.75
0.5,0.6931471805599453,2.042179402096952,1.967198118744474,4.009377520841426,0.4906492612677763,-0.009350738732223696,-0.037407316346219896,-0.037407316346219896,0.6929722977353636,-0.00017488282458166804,0.29283759440322593,0.26790601399193525,3.0,1170.887469108401,10.635880006229046,0.3920475965235489,2.15,0.062102848972442753,1.0,15.0,,False,False,False,False,susceptible-enriched,mixed,True,0.5,0.935,0.65,2.375,0.95,0.9,0.8,0.02,0.35,4.75,1.38,3.0,1.0,2.0,1.0,0.7,2.15,i_db,i,d_b,1.0,4.75
0.5,0.6931471805599453,2.0515453957832213,1.9062836953167712,3.9578290910999927,0.4816488159136152,-0.01835118408638481,-0.07343772329938074,-0.07343772329938074,0.6924734973485831,-0.000673683211362186,0.2784785514025482,0.3038036214936296,3.0,1152.0450334296654,12.216127449946143,0.35906210152800083,2.15,0.05275313508972227,1.0,17.0,,False,False,False,False,susceptible-enriched,mixed,True,0.6131368201531432,0.9429195774107201,0.5708042258927998,2.91239989572743,0.95,0.9,0.8,0.02,0.35,4.75,1.38,3.0,1.2589254117941675,2.0,1.0,0.7,2.15,i_db,i,d_b,1.2589254117941675,4.75
0.5,0.6931471805599453,2.0650594684712376,1.8366704924992894,3.9017299609705267,0.47073234459373786,-0.02926765540626214,-0.11720460676447943,-0.11720460676447943,0.691433009569167,-0.0017141709907783076,0.2584775725956915,0.35380606851077134,4.0,1131.3670011877798,14.04975979493753,0.3437050740137634,2.15,0.0461931048997128,1.0,19.0,,False,False,False,False,susceptible-enriched,mixed,True,0.7152527510491987,0.9500676925734439,0.4993230742655609,3.397450567483694,0.95,0.9,0.8,0.02,0.35,4.75,1.38,3.0,1.584893192461114,2.0,1.0,0.7,2.15,i_db,i,d_b,1.584893192461114,4.75
0.5,0.6931471805599453,2.0812723922681386,1.765134455366067,3.8464068476342055,0.4589047714626812,-0.041095228537318784,-0.16475256757502266,-0.16475256757502243,0.6897657318224808,-0.0033814487374644875,0.24154219505026547,0.39614451237433634,5.0,1110.7916550617238,15.987879076281736,0.3382271805861254,2.15,0.04179699118476091,1.0,22.0,,False,False,False,False,susceptible-enriched,mixed,True,0.7992399910868984,0.9559467993760828,0.4405320062391712,3.7963899576627673,0.95,0.9,0.8,0.02,0.35,4.75,1.38,3.0,1.9952623149688797,2.0,1.0,0.7,2.15,i_db,i,d_b,1.9952623149688797,4.75
0.5,0.6931471805599453,2.0980353866885877,1.6991705572730078,3.7972059439615955,0.4474791681960437,-0.05252083180395628,-0.21086115218951787,-0.21086115218951765,0.6876201146651102,-0.005527065894835093,0.22587748414363712,0.43530628964090723,5.0,1092.3246572328208,17.834012469242595,0.337332242045271,2.15,0.03892815384636182,1.0,25.0,,False,False,False,False,susceptible-enriched,mixed,True,0.8631931113967901,0.9604235177977754,0.39576482202224694,4.100167279134753,0.95,0.9,0.8,0.02,0.35,4.75,1.38,3.0,2.511886431509581,2.0,1.0,0.7,2.15,i_db,i,d_b,2.511886431509581,4.75
0.5,0.6931471805599453,2.113279484033477,1.6441236526358942,3.7574031366693714,0.43756913826746696,-0.06243086173253304,-0.2510334904108898,-0.2510334904108898,0.6853315730087834,-0.00781560755116184,0.21330924715118793,0.4667268821220302,6.0,1077.2492720770108,19.422812919378867,0.33806984921659156,2.15,0.03708323486504997,1.0,27.0,17.0,False,False,False,True,susceptible-enriched,mixed,True,0.9090909090909091,0.9636363636363636,0.36363636363636365,4.318181818181818,0.95,0.9,0.8,0.02,0.35,4.75,1.38,3.0,3.1622776601683795,2.0,1.0,0.7,2.15,i_db,i,d_b,3.1622776601683795,4.75
0.5,0.6931471805599453,2.125739059119686,1.6018455369391,3.7275845960587857,0.4297274805333052,-0.07027251946669483,-0.28296310932937274,-0.28296310932937274,0.683237952137446,-0.009909228422499305,0.20407682592537715,0.4898079351865572,6.0,1065.8679206940712,20.674874632812305,0.3390801185198249,2.15,0.035906294384139316,1.0,29.0,18.0,False,False,False,True,susceptible-enriched,mixed,True,0.9406490568972324,0.9658454339828063,0.3415456601719373,4.468083020261854,0.95,0.9,0.8,0.02,0.35,4.75,1.38,3.0,3.981071705534973,2.0,1.0,0.7,2.15,i_db,i,d_b,3.981071705534973,4.75
0.5,0.6931471805599453,2.135116282581781,1.5713650431256376,3.7064813257074185,0.4239506165124755,-0.07604938348752449,-0.306576414282935,-0.306576414282935,0.6815351465833375,-0.011612033976607816,0.19833368692575076,0.5041657826856232,6.0,1057.7676211112516,21.595468075137,0.33996205174681376,2.15,0.03515885091978597,1.0,30.0,18.0,False,False,False,True,susceptible-enriched,mixed,True,0.9617134961177453,0.9673199447282421,0.32680055271757835,4.56813910655929,0.95,0.9,0.8,0.02,0.35,4.75,1.38,3.0,5.011872336272725,2.0,1.0,0.7,2.15,i_db,i,d_b,5.011872336272725,4.75
0.5,0.6931471805599453,2.1417683883203678,1.5503627195747909,3.6921311078951584,0.4199099853901545,-0.0800900146098455,-0.3231429212938834,-0.32314292129388317,0.6802629292398386,-0.012884251320106732,0.1934624407662443,0.5163438980843893,7.0,1052.2392227117784,22.23877948767828,0.340478953923091,2.15,0.034685393249382745,1.0,31.0,19.0,False,False,False,True,susceptible-enriched,mixed,True,0.975496632449664,0.9682847642714765,0.3171523572852353,4.633609004135904,0.95,0.9,0.8,0.02,0.35,4.75,1.38,3.0,6.309573444801933,2.0,1.0,0.7,2.15,i_db,i,d_b,6.309573444801933,4.75
0.5,0.6931471805599453,2.1462998527560306,1.536331962823437,3.6826318155794677,0.4171831558951795,-0.08281684410482049,-0.3343476277974432,-0.3343476277974434,0.6793665015763677,-0.013780678983577599,0.1903403028845821,0.5241492427885448,7.0,1048.5696869376907,22.672805196572973,0.34088935284565824,2.1500000000000004,0.03438594384189866,1.0,32.0,19.0,False,False,False,True,susceptible-enriched,mixed,True,0.9843983377581705,0.9689078836430719,0.3109211635692807,4.67589210435131,0.95,0.9,0.8,0.02,0.35,4.75,1.38,3.0,7.943282347242818,2.0,1.0,0.7,2.15,i_db,i,d_b,7.943282347242818,4.75
0.5,0.6931471805599453,2.149304562627433,1.5271487377009598,3.676453300328393,0.41538640993061166,-0.08461359006938834,-0.34174190390520165,-0.34174190390520165,0.678759122378148,-0.014388058181797336,0.18838860829460768,0.5290284792634807,7.0,1046.174623927515,22.958771677287658,0.34117849213040846,2.15,0.03419672344210867,1.0,32.0,19.0,False,False,False,True,susceptible-enriched,mixed,True,0.9900990099009901,0.9693069306930693,0.306930693069307,4.702970297029703,0.95,0.9,0.8,0.02,0.35,4.75,1.38,3.0,10.0,2.0,1.0,0.7,2.15,i_db,i,d_b,10.0,4.75
0.5,0.6931471805599453,2.065559955218578,2.1186016331305417,4.18416158834912,0.5063383878456869,0.006338387845686855,0.025354909624372788,0.025354909624372566,0.6930668280867842,-8.035247316107164e-05,0.34194563671963263,0.14513590820091848,2.0,1233.2919845068532,6.049645517238133,9.758739476591424,2.15,0.4437911017460866,5.0,93.0,,False,False,False,False,resistant-enriched,mixed,True,0.009900990099009903,0.9006930693069307,0.9930693069306931,0.05445544554455446,0.95,0.9,0.8,0.02,0.35,5.5,1.38,3.0,0.1,2.0,1.0,0.7,2.15,i_db,i,d_b,0.1,5.5
0.5,0.6931471805599453,2.0641215904631305,2.1176067114030905,4.181728301866221,0.5063950975624231,0.006395097562423069,0.02558178527755369,0.025581785277553913,0.6930653837840177,-8.179677592756729e-05,0.34130103093607633,0.14674742265980922,2.0,1232.4479115326599,6.106193407757598,6.25911535368599,2.15,0.4085172298119227,5.0,65.0,,False,False,False,False,resistant-enriched,mixed,True,0.015601662241829605,0.9010921163569281,0.9890788364307193,0.08580914233006283,0.95,0.9,0.8,0.02,0.35,5.5,1.38,3.0,0.12589254117941673,2.0,1.0,0.7,2.15,i_db,i,d_b,0.12589254117941673,5.5
0.5,0.6931471805599453,2.0619381226311564,2.1160148694579926,4.177952992089149,0.5064716796633697,0.0064716796633697005,0.025888164404216443,0.025888164404216443,0.6930634129455842,-8.37676143611299e-05,0.34031163289388167,0.1492209177652959,2.0,1231.1368909177866,6.193640080417098,4.050622056698365,2.15,0.3651169754337012,4.0,46.0,,False,False,False,False,resistant-enriched,mixed,True,0.02450336755033599,0.9017152357285235,0.9828476427147648,0.13476852152684796,0.95,0.9,0.8,0.02,0.35,5.5,1.38,3.0,0.15848931924611134,2.0,1.0,0.7,2.15,i_db,i,d_b,0.15848931924611134,5.5
0.5,0.6931471805599453,2.058715660745382,2.113457787511544,4.172173448256926,0.5065603848264065,0.006560384826406529,0.02624304532839225,0.02624304532839225,0.693061100791867,-8.607976807828432e-05,0.3388187980737032,0.15295300481574203,2.0,1229.1266799888972,6.326953564195992,2.656363164587234,2.15,0.3162471798777832,4.0,33.0,,False,False,False,False,resistant-enriched,mixed,True,0.038286503882254734,0.9026800552717579,0.9731994472824217,0.21057577135240105,0.95,0.9,0.8,0.02,0.35,5.5,1.38,3.0,0.19952623149688797,2.0,1.0,0.7,2.15,i_db,i,d_b,0.19952623149688797,5.5
0.5,0.6931471805599453,2.054198963860303,2.1093464757574747,4.163545439617778,0.5066226624276057,0.0066226624276056745,0.02649219903461512,0.02649219903461512,0.6930594586796125,-8.772188033279171e-05,0.3366225426007633,0.1584436434980918,2.0,1226.1180208851833,6.525881222741894,1.7750846882939708,2.1500000000000004,0.2579547814255416,4.0,24.0,,False,False,False,False,resistant-enriched,mixed,True,0.059350943102767596,0.9041545660171938,0.9584543398280627,0.32643018706522176,0.95,0.9,0.8,0.02,0.35,5.5,1.38,3.0,0.251188643150958,2.0,1.0,0.7,2.15,i_db,i,d_b,0.251188643150958,5.5
0.5,0.6931471805599453,2.0483947955154393,2.1027517641569284,4.151146559672368,0.5065472235032071,0.0065472235032071335,0.02619039098908136,0.02619039098908147,0.693061445838568,-8.573472137729521e-05,0.3335027055677403,0.16624323608064928,2.0,1221.779286228729,6.814266598139881,1.2163432797649134,2.15,0.201100152526597,3.0,18.0,,False,False,False,False,resistant-enriched,mixed,True,0.09090909090909091,0.9063636363636364,0.9363636363636364,0.5,0.95,0.9,0.8,0.02,0.35,5.5,1.38,3.0,0.31622776601683794,2.0,1.0,0.7,2.15,i_db,i,d_b,0.31622776601683794,5.5
0.5,0.6931471805599453,2.041937992428546,2.0922739788422975,4.134211971270844,0.5060877365219227,0.0060877365219227375,0.024352149473545876,0.024352149473545876,0.6930730576566049,-7.412290334041227e-05,0.3292752596203776,0.17681185094905594,2.0,1215.8231978670854,7.218738090038618,0.8600720687601985,2.1499999999999995,0.1512221882517934,3.0,14.0,,False,False,False,False,resistant-enriched,mixed,True,0.13680688860321005,0.9095764822022248,0.904235177977753,0.7524378873176553,0.95,0.9,0.8,0.02,0.35,5.5,1.38,3.0,0.3981071705534973,2.0,1.0,0.7,2.15,i_db,i,d_b,0.3981071705534973,5.5
0.5,0.6931471805599453,2.03622155242579,2.0759114251263724,4.112132977552163,0.5048259471322117,0.004825947132211739,0.01930438800330525,0.01930438800330503,0.6931006003052549,-4.658025469039817e-05,0.32387710817336113,0.19030722956659718,2.0,1207.9838145241827,7.770379873263662,0.6316774268107936,2.15,0.11456773667034925,2.0,12.0,,False,False,False,False,resistant-enriched,mixed,True,0.2007600089131018,0.9140532006239172,0.8594679937608287,1.10418004902206,0.95,0.9,0.8,0.02,0.35,5.5,1.38,3.0,0.5011872336272724,2.0,1.0,0.7,2.15,i_db,i,d_b,0.5011872336272724,5.5
0.5,0.6931471805599453,2.0329480534273756,2.051099551048571,4.084047604475947,0.5022222436390436,0.002222243639043553,0.008889033086223646,0.008889033086223646,0.6931373037938459,-9.876766099425893e-06,0.3174528195180157,0.20636795120496088,2.0,1197.911624091071,8.511226812483338,0.4858815037127351,2.1499999999999995,0.08547051121211055,2.0,12.0,,False,False,False,False,resistant-enriched,mixed,True,0.2847472489508015,0.9199323074265561,0.8006769257344389,1.5661098692294082,0.95,0.9,0.8,0.02,0.35,5.5,1.38,3.0,0.6309573444801934,2.0,1.0,0.7,2.15,i_db,i,d_b,0.6309573444801934,5.5
0.5,0.6931471805599453,2.0334470160795526,2.015137334755776,4.048584350835329,0.4977387551132535,-0.002261244886746505,-0.00904504121313823,-0.00904504121313823,0.6931369540682093,-1.0226491735987331e-05,0.30804507932100056,0.2298873016974986,3.0,1185.106994659142,9.49708267093304,0.3950802835006454,2.15,0.06713787644753273,1.0,14.0,,False,False,False,False,susceptible-enriched,mixed,True,0.386863179846857,0.92708042258928,0.7291957741072002,2.1277474891577133,0.95,0.9,0.8,0.02,0.35,5.5,1.38,3.0,0.7943282347242815,2.0,1.0,0.7,2.15,i_db,i,d_b,0.7943282347242815,5.5
0.5,0.6931471805599453,2.038457960249963,1.9661737577758303,4.004631718025793,0.4909749250912681,-0.00902507490873189,-0.036104220989226825,-0.036104220989226825,0.6929842677586764,-0.00016291280126889962,0.29151479840547107,0.2712130039863224,3.0,1169.1302649949403,10.783812025076413,0.34144776030158747,2.15,0.05509522380568243,1.0,15.0,,False,False,False,False,susceptible-enriched,mixed,True,0.5,0.935,0.65,2.75,0.95,0.9,0.8,0.02,0.35,5.5,1.38,3.0,1.0,2.0,1.0,0.7,2.15,i_db,i,d_b,1.0,5.5
0.5,0.6931471805599453,2.048167803429212,1.904587083552853,3.9527548869820652,0.4818378923078148,-0.01816210769218518,-0.07268040804530532,-0.07268040804530532,0.692487311092954,-0.0006598694669912586,0.27702147557943824,0.3074463110514044,4.0,1150.1298371953085,12.391522752482203,0.3125278227008709,2.15,0.04628617030168126,1.0,17.0,,False,False,False,False,susceptible-enriched,mixed,True,0.6131368201531432,0.9429195774107201,0.5708042258927998,3.3722525108422876,0.95,0.9,0.8,0.02,0.35,5.5,1.38,3.0,1.2589254117941675,2.0,1.0,0.7,2.15,i_db,i,d_b,1.2589254117941675,5.5
0.5,0.6931471805599453,2.0620670576723152,1.8341277301913184,3.8961947878636334,0.4707484687122149,-0.029251531287785126,-0.11713988866373957,-0.11713988866373957,0.691434898868371,-0.0017122816915743355,0.2566779186943401,0.35830520326414983,4.0,1129.2362922698562,14.262211626803424,0.2991057018472617,2.15,0.04025111887499318,1.0,20.0,,False,False,False,False,susceptible-enriched,mixed,True,0.7152527510491987,0.9500676925734439,0.4993230742655609,3.933890130770593,0.95,0.9,0.8,0.02,0.35,5.5,1.38,3.0,1.584893192461114,2.0,1.0,0.7,2.15,i_db,i,d_b,1.584893192461114,5.5
0.5,0.6931471805599453,2.078728641686574,1.7616316432887662,3.84036028497534,0.4587152018472866,-0.04128479815271341,-0.16551602724119896,-0.16551602724119874,0.6897344273779913,-0.003412753181953998,0.2389854441104363,0.40253638972390926,5.0,1108.4211002958707,16.244630014301904,0.2942986189572764,2.15,0.03627354568223208,1.0,22.0,,False,False,False,False,susceptible-enriched,mixed,True,0.7992399910868984,0.9559467993760828,0.4405320062391712,4.395819950977941,0.95,0.9,0.8,0.02,0.35,5.5,1.38,3.0,1.9952623149688797,2.0,1.0,0.7,2.15,i_db,i,d_b,1.9952623149688797,5.5
0.5,0.6931471805599453,2.0959895535379403,1.6947097818598569,3.790699335397797,0.4470704827561887,-0.052929517243811286,-0.21251427641640686,-0.21251427641640663,0.6875336009882929,-0.005613579571652427,0.22375319540607752,0.44061701148480625,5.0,1089.7187162189957,18.137054230378038,0.2935102245184777,2.15,0.03370581150344107,1.0,25.0,,False,False,False,False,susceptible-enriched,mixed,True,0.8631931113967901,0.9604235177977754,0.39576482202224694,4.7475621126823455,0.95,0.9,0.8,0.02,0.35,5.5,1.38,3.0,2.511886431509581,2.0,1.0,0.7,2.15,i_db,i,d_b,2.511886431509581,5.5
0.5,0.6931471805599453,2.1117176162005133,1.638813611523034,3.750531227723547,0.4369550637011338,-0.0630449362988662,-0.2535290800116056,-0.2535290800116056,0.6851766535279629,-0.007970527031982422,0.2104426400941668,0.473893399764583,6.0,1074.4464881305141,19.768187011026413,0.29412694758448255,2.15,0.03206572782855799,1.0,27.0,18.0,False,False,False,True,susceptible-enriched,mixed,True,0.9090909090909091,0.9636363636363636,0.36363636363636365,5.0,0.95,0.9,0.8,0.02,0.35,5.5,1.38,3.0,3.1622776601683795,2.0,1.0,0.7,2.15,i_db,i,d_b,3.1622776601683795,5.5
0.5,0.6931471805599453,2.1245931104889695,1.5958577123422546,3.720450822831224,0.4289420256676914,-0.0710579743323086,-0.2861689642397622,-0.2861689642397622,0.6830144384543395,-0.010132742105605774,0.20149895525416867,0.49625261186457836,6.0,1062.9210822209557,21.05486072116004,0.29492688284346863,2.15,0.0310238648359776,1.0,29.0,18.0,False,False,False,True,susceptible-enriched,mixed,True,0.9406490568972324,0.9658454339828063,0.3415456601719373,5.173569812934779,0.95,0.9,0.8,0.02,0.35,5.5,1.38,3.0,3.981071705534973,2.0,1.0,0.7,2.15,i_db,i,d_b,3.981071705534973,5.5
0.5,0.6931471805599453,2.1342992328161596,1.5648811638096387,3.699180396625798,0.4230345633419345,-0.07696543665806549,-0.31032847717172624,-0.31032847717172624,0.6812525879069101,-0.011894592653035163,0.19501584066840538,0.5124603983289866,7.0,1054.7157356100788,22.00147424002926,0.2956170231124389,2.15,0.0303639315658361,1.0,30.0,19.0,False,False,False,True,susceptible-enriched,mixed,True,0.9617134961177453,0.9673199447282421,0.32680055271757835,5.289424228647599,0.95,0.9,0.8,0.02,0.35,5.5,1.38,3.0,5.011872336272725,2.0,1.0,0.7,2.15,i_db,i,d_b,5.011872336272725,5.5
0.5,0.6931471805599453,2.1411874881791064,1.5435316453296495,3.684719133508756,0.4189007599772819,-0.08109924002271812,-0.3272875090823104,-0.3272875090823102,0.6799347140128839,-0.01321246654706143,0.19017914351690032,0.5245521412077492,7.0,1049.1200845932121,22.663230111081827,0.29607751380394043,2.1499999999999995,0.02994658400892936,1.0,31.0,19.0,False,False,False,True,susceptible-enriched,mixed,True,0.975496632449664,0.9682847642714765,0.3171523572852353,5.365231478473152,0.95,0.9,0.8,0.02,0.35,5.5,1.38,3.0,6.309573444801933,2.0,1.0,0.7,2.15,i_db,i,d_b,6.309573444801933,5.5
0.5,0.6931471805599453,2.1458822967933866,1.5292678101580202,3.6751501069514068,0.41611029907743585,-0.08388970092256415,-0.33876172957668765,-0.3387617295766879,0.6790054268851957,-0.014141753674749569,0.18716973486836883,0.5320756628290779,7.0,1045.3993662330834,23.109780202204824,0.296430300980308,2.15,0.029682889951246447,1.0,32.0,19.0,False,False,False,True,susceptible-enriched,mixed,True,0.9843983377581705,0.9689078836430719,0.3109211635692807,5.414190857669938,0.95,0.9,0.8,0.02,0.35,5.5,1.38,3.0,7.943282347242818,2.0,1.0,0.7,2.15,i_db,i,d_b,7.943282347242818,5.5
0.5,0.6931471805599453,2.1489958289751065,1.5199313327006485,3.668927161675755,0.41427132938949685,-0.08572867061050315,-0.3463355187612717,-0.3463355187612717,0.678375491839758,-0.014771688720187304,0.18528772121296952,0.5367806969675762,7.0,1042.9762436260771,23.403995403922252,0.296604030430484,2.15,0.02951636868690789,1.0,32.0,19.0,False,False,False,True,susceptible-enriched,mixed,True,0.9900990099009901,0.9693069306930693,0.306930693069307,5.445544554455445,0.95,0.9,0.8,0.02,0.35,5.5,1.38,3.0,10.0,2.0,1.0,0.7,2.15,i_db,i,d_b,10.0,5.5
0.5,0.6931471805599453,2.0650763519604296,2.1186269779948317,4.183703329955261,0.5063999071888033,0.006399907188803344,0.025601026933167764,0.025601026933167542,0.6930652606989157,-8.191986102956683e-05,0.3418902322447318,0.14527441938817054,2.0,1233.1357213182694,6.059514067429004,8.604638932884015,2.15,0.4348532118786606,5.0,85.0,,False,False,False,False,resistant-enriched,mixed,True,0.009900990099009903,0.9006930693069307,0.9930693069306931,0.061881188118811895,0.95,0.9,0.8,0.02,0.35,6.25,1.38,3.0,0.1,2.0,1.0,0.7,2.15,i_db,i,d_b,0.1,6.25
0.5,0.6931471805599453,2.0633760731638198,2.1176451555874056,4.181021228751225,0.5064899314610506,0.006489931461050591,0.025961183862462378,0.0259611838624626,0.6930629397736772,-8.424078626811937e-05,0.34121647330703037,0.14695881673242417,2.0,1232.2065193761905,6.121385474757472,5.524673339935846,2.15,0.3960131309765306,5.0,59.0,,False,False,False,False,resistant-enriched,mixed,True,0.015601662241829605,0.9010921163569281,0.9890788364307193,0.09751038901143504,0.95,0.9,0.8,0.02,0.35,6.25,1.38,3.0,0.12589254117941673,2.0,1.0,0.7,2.15,i_db,i,d_b,0.12589254117941673,6.25
0.5,0.6931471805599453,2.0608055234615126,2.1160689723632986,4.176874495824811,0.5066154069217338,0.006615406921733791,0.026463171924228236,0.026463171924228236,0.693059650788615,-8.752977133030804e-05,0.34018532684087754,0.1495366828978062,2.0,1230.7682806912476,6.216615303380055,3.580682154361907,2.15,0.35210417801069166,4.0,42.0,,False,False,False,False,resistant-enriched,mixed,True,0.02450336755033599,0.9017152357285235,0.9828476427147648,0.15314604718959993,0.95,0.9,0.8,0.02,0.35,6.25,1.38,3.0,0.15848931924611134,2.0,1.0,0.7,2.15,i_db,i,d_b,0.15848931924611134,6.25
0.5,0.6931471805599453,2.057045118776382,2.1135292123124803,4.170574331088862,0.506771740418945,0.006771740418945016,0.027088618007938367,0.027088618007938367,0.6930554648193822,-9.171574056310305e-05,0.33863630678064294,0.1534092330483927,2.0,1228.5791236193922,6.360710487024658,2.352835128494135,2.15,0.2998122809716695,4.0,30.0,,False,False,False,False,resistant-enriched,mixed,True,0.038286503882254734,0.9026800552717579,0.9731994472824217,0.23929064926409208,0.95,0.9,0.8,0.02,0.35,6.25,1.38,3.0,0.19952623149688797,2.0,1.0,0.7,2.15,i_db,i,d_b,0.19952623149688797,6.25
0.5,0.6931471805599453,2.0518539355598455,2.109434290065098,4.1612882256249435,0.5069185732137799,0.006918573213779866,0.027676059292501703,0.027676059292501703,0.6930514441941269,-9.573636581838851e-05,0.33636996273333275,0.15907509316666812,2.0,1225.3427673268284,6.573362437791195,1.5758100843212328,2.1500000000000004,0.23930582743376205,4.0,22.0,,False,False,False,False,resistant-enriched,mixed,True,0.059350943102767596,0.9041545660171938,0.9584543398280627,0.37094339439229745,0.95,0.9,0.8,0.02,0.35,6.25,1.38,3.0,0.251188643150958,2.0,1.0,0.7,2.15,i_db,i,d_b,0.251188643150958,6.25
0.5,0.6931471805599453,2.045353366237351,2.1028508342741317,4.148204200511483,0.5069304047314849,0.006930404731484874,0.027723394441930782,0.027723394441930893,0.693051116464318,-9.606409562723517e-05,0.3331750806963405,0.16706229825914876,2.0,1220.7638573099919,6.877017776156453,1.0818563504799914,2.15,0.18521687568624132,3.0,16.0,,False,False,False,False,resistant-enriched,mixed,True,0.09090909090909091,0.9063636363636364,0.9363636363636364,0.5681818181818182,0.95,0.9,0.8,0.02,0.35,6.25,1.38,3.0,0.31622776601683794,2.0,1.0,0.7,2.15,i_db,i,d_b,0.31622776601683794,6.25
0.5,0.6931471805599453,2.038388914655554,2.092365131047517,4.130754045703071,0.5065334580314834,0.006533458031483419,0.026135319679249,0.026135319679249,0.6930618059826132,-8.537457733204246e-05,0.32888357477912433,0.17779106305218917,2.0,1214.6190264800885,7.295697208568825,0.7655014985276525,2.1499999999999995,0.13731519547807547,2.0,13.0,,False,False,False,False,resistant-enriched,mixed,True,0.13680688860321005,0.9095764822022248,0.904235177977753,0.8550430537700628,0.95,0.9,0.8,0.02,0.35,6.25,1.38,3.0,0.3981071705534973,2.0,1.0,0.7,2.15,i_db,i,d_b,0.3981071705534973,6.25
0.5,0.6931471805599453,2.0325170397919052,2.075942812782536,4.108459852574441,0.5052849211807947,0.0052849211807947105,0.021140472028859703,0.02114047202885948,0.6930913187359821,-5.586182396322137e-05,0.32345108964994723,0.19137227587513195,2.0,1206.683188639536,7.858445925767179,0.5617366094088474,2.15,0.10338059684209304,2.0,12.0,,False,False,False,False,resistant-enriched,mixed,True,0.2007600089131018,0.9140532006239172,0.8594679937608287,1.2547500557068862,0.95,0.9,0.8,0.02,0.35,6.25,1.38,3.0,0.5011872336272724,2.0,1.0,0.7,2.15,i_db,i,d_b,0.5011872336272724,6.25
0.5,0.6931471805599453,2.0293925043526846,2.0509758287709055,4.08036833312359,0.5026447764829234,0.0026447764829233833,0.010579204598924993,0.010579204598924993,0.6931331908094183,-1.398975052702145e-05,0.3170312015129496,0.20742199621762603,2.0,1196.5913063533312,8.607928789766842,0.43133108836545253,2.1499999999999995,0.0758464305632886,2.0,12.0,,False,False,False,False,resistant-enriched,mixed,True,0.2847472489508015,0.9199323074265561,0.8006769257344389,1.7796703059425094,0.95,0.9,0.8,0.02,0.35,6.25,1.38,3.0,0.6309573444801934,2.0,1.0,0.7,2.15,i_db,i,d_b,0.6309573444801934,6.25
0.5,0.6931471805599453,2.030178033059667,2.01474318711731,4.044921220176977,0.49809207088318996,-0.0019079291168100365,-0.007631753508796837,-0.007631753508796837,0.6931399001552476,-7.280404697662668e-06,0.30669187935070313,0.23327030162324225,3.0,1183.7668944627471,9.60315148778865,0.350145461210057,2.15,0.0608628336189495,1.0,14.0,,False,False,False,False,susceptible-enriched,mixed,True,0.386863179846857,0.92708042258928,0.7291957741072002,2.4178948740428563,0.95,0.9,0.8,0.02,0.35,6.25,1.38,3.0,0.7943282347242815,2.0,1.0,0.7,2.15,i_db,i,d_b,0.7943282347242815,6.25
0.5,0.6931471805599453,2.0354946866780566,1.9653837835910615,4.000878470269118,0.49123806138976783,-0.008761938610232167,-0.03505134266351575,-0.03505134266351575,0.6929936295640626,-0.00015355099588265642,0.2904535826714622,0.27386604332134457,3.0,1167.7332445094435,10.903674571146656,0.30230101093553696,2.15,0.04930649663125652,1.0,15.0,,False,False,False,False,susceptible-enriched,mixed,True,0.5,0.935,0.65,3.125,0.95,0.9,0.8,0.02,0.35,6.25,1.38,3.0,1.0,2.0,1.0,0.7,2.15,i_db,i,d_b,1.0,6.25
0.5,0.6931471805599453,2.045504657966999,1.9032640867822888,3.9487687447492874,0.4819892502727783,-0.01801074972722172,-0.07207418295004447,-0.07207418295004447,0.6924982659729424,-0.0006489145870028912,0.27520890389669794,0.3119777402582552,4.0,1148.6181410062732,12.532359610995874,0.2765840211742561,2.1499999999999995,0.04107719702267869,1.0,17.0,,False,False,False,False,susceptible-enriched,mixed,True,0.6131368201531432,0.9429195774107201,0.5708042258927998,3.832105125957145,0.95,0.9,0.8,0.02,0.35,6.25,1.38,3.0,1.2589254117941675,2.0,1.0,0.7,2.15,i_db,i,d_b,1.2589254117941675,6.25
0.5,0.6931471805599453,2.059728904110465,1.8321405751378799,3.891869479248345,0.4707610532436791,-0.029238946756320883,-0.11708937773311548,-0.11708937773311548,0.6914363727011572,-0.001710807858788077,0.25528445603513766,0.3617888599121559,4.0,1127.565086580426,14.43193283544863,0.26468518160970517,2.15,0.03554936429185552,1.0,20.0,,False,False,False,False,susceptible-enriched,mixed,True,0.7152527510491987,0.9500676925734439,0.4993230742655609,4.470329694057492,0.95,0.9,0.8,0.02,0.35,6.25,1.38,3.0,1.584893192461114,2.0,1.0,0.7,2.15,i_db,i,d_b,1.584893192461114,6.25
0.5,0.6931471805599453,2.076761412156493,1.758892481852995,3.8356538940094875,0.4585639190751876,-0.04143608092481238,-0.16612532762078752,-0.1661253276207873,0.6897093415666253,-0.0034378389933199527,0.2370332771498943,0.4074168071252643,5.0,1106.5647397937114,16.449238069143767,0.2604244042391408,2.1499999999999995,0.03195304714207856,1.0,22.0,,False,False,False,False,susceptible-enriched,mixed,True,0.7992399910868984,0.9559467993760828,0.4405320062391712,4.995249944293115,0.95,0.9,0.8,0.02,0.35,6.25,1.38,3.0,1.9952623149688797,2.0,1.0,0.7,2.15,i_db,i,d_b,1.9952623149688797,6.25
0.5,0.6931471805599453,2.0944268659844565,1.6912185895051626,3.785645455489619,0.44674510843394016,-0.05325489156605984,-0.21383061564819048,-0.21383061564819025,0.6874642401531319,-0.005682940406813386,0.22213228941719065,0.44466927645702337,5.0,1087.6785912494006,18.37822182973625,0.25974078385885724,2.15,0.029649922015187867,1.0,25.0,,False,False,False,False,susceptible-enriched,mixed,True,0.8631931113967901,0.9604235177977754,0.39576482202224694,5.3949569462299385,0.95,0.9,0.8,0.02,0.35,6.25,1.38,3.0,2.511886431509581,2.0,1.0,0.7,2.15,i_db,i,d_b,2.511886431509581,6.25
0.5,0.6931471805599453,2.110546646326419,1.634656463737674,3.745203110064093,0.4364667057295324,-0.06353329427046761,-0.2555143196721468,-0.2555143196721468,0.6850523558472017,-0.008094824712743587,0.2082752637948101,0.4793118405129748,6.0,1072.255702541106,20.042814328766934,0.26026348424705986,2.15,0.028185889378656934,1.0,27.0,18.0,False,False,False,True,susceptible-enriched,mixed,True,0.9090909090909091,0.9636363636363636,0.36363636363636365,5.681818181818182,0.95,0.9,0.8,0.02,0.35,6.25,1.38,3.0,3.1622776601683795,2.0,1.0,0.7,2.15,i_db,i,d_b,3.1622776601683795,6.25
0.5,0.6931471805599453,2.123761118591796,1.5911718117901714,3.714932930381967,0.4283177762852822,-0.07168222371471777,-0.288717896011698,-0.288717896011698,0.6828350021188496,-0.010312178441095665,0.19954953162671346,0.5011261709332164,6.0,1060.6197666297014,21.356882219237157,0.26094461493185284,2.1499999999999995,0.027258527526042763,1.0,29.0,18.0,False,False,False,True,susceptible-enriched,mixed,True,0.9406490568972324,0.9658454339828063,0.3415456601719373,5.879056605607703,0.95,0.9,0.8,0.02,0.35,6.25,1.38,3.0,3.981071705534973,2.0,1.0,0.7,2.15,i_db,i,d_b,3.981071705534973,6.25
0.5,0.6931471805599453,2.1337305835621447,1.5598060739447734,3.693536657506918,0.4223069157238632,-0.0776930842761368,-0.3133103934468887,-0.3133103934468887,0.6810256933209271,-0.01212148723901818,0.1924142401243926,0.5189643996890185,7.0,1052.3411530270275,22.324030828511418,0.26146145172452934,2.15,0.026672137678954346,1.0,31.0,19.0,False,False,False,True,susceptible-enriched,mixed,True,0.9617134961177453,0.9673199447282421,0.32680055271757835,6.010709350735908,0.95,0.9,0.8,0.02,0.35,6.25,1.38,3.0,5.011872336272725,2.0,1.0,0.7,2.15,i_db,i,d_b,5.011872336272725,6.25
0.5,0.6931471805599453,2.1408120458829636,1.5381872798428193,3.678999325725783,0.41809936443502066,-0.08190063556497934,-0.3305805856510927,-0.3305805856510925,0.6796711078516737,-0.013476072708271558,0.18771529375341284,0.5307117656164679,7.0,1046.6877294549317,23.000369876128616,0.2619077725970405,2.15,0.02630169133851095,1.0,31.0,19.0,False,False,False,True,susceptible-enriched,mixed,True,0.975496632449664,0.9682847642714765,0.3171523572852353,6.0968539528104,0.95,0.9,0.8,0.02,0.35,6.25,1.38,3.0,6.309573444801933,2.0,1.0,0.7,2.15,i_db,i,d_b,6.309573444801933,6.25
0.5,0.6931471805599453,2.1456397631500024,1.5237423886033548,3.669382151753357,0.41525857094913327,-0.08474142905086673,-0.3422683591620344,-0.34226835916203463,0.6787154007909724,-0.014431779768972919,0.1847900694340529,0.5380248264148677,7.0,1042.9355822895725,23.456763997463682,0.2621356181968978,2.15,0.02606778352787811,1.0,32.0,20.0,False,False,False,True,susceptible-enriched,mixed,True,0.9843983377581705,0.9689078836430719,0.3109211635692807,6.152489610988566,0.95,0.9,0.8,0.02,0.35,6.25,1.38,3.0,7.943282347242818,2.0,1.0,0.7,2.15,i_db,i,d_b,7.943282347242818,6.25
0.5,0.6931471805599453,2.1488399535967893,1.5142860298824623,3.663125983479252,0.41338628174731445,-0.08661371825268555,-0.3499840795843582,-0.3499840795843582,0.6780673539996054,-0.015079826560339904,0.18296010044811595,0.5425997488797101,7.0,1040.4931519021316,23.75748865435876,0.2622613593611134,2.15,0.025920131906130173,1.0,33.0,20.0,False,False,False,True,susceptible-enriched,mixed,True,0.9900990099009901,0.9693069306930693,0.306930693069307,6.188118811881188,0.95,0.9,0.8,0.02,0.35,6.25,1.38,3.0,10.0,2.0,1.0,0.7,2.15,i_db,i,d_b,10.0,6.25
0.5,0.6931471805599453,2.0645975760727984,2.1186538691553674,4.183251445228166,0.5064610379976359,0.006461037997635866,0.025845590620593318,0.025845590620593096,0.6930636882122483,-8.349234769700065e-05,0.3418352515340884,0.14541187116477905,2.0,1232.9814610022938,6.069308462324974,7.697755331667837,2.15,0.4261507318565999,5.0,77.0,,False,False,False,False,resistant-enriched,mixed,True,0.009900990099009903,0.9006930693069307,0.9930693069306931,0.06930693069306931,0.95,0.9,0.8,0.02,0.35,7.0,1.38,3.0,0.1,2.0,1.0,0.7,2.15,i_db,i,d_b,0.1,7.0
0.5,0.6931471805599453,2.0626369623690586,2.117683437619157,4.180320399988215,0.506584001940408,0.00658400194040798,0.026337530109014077,0.0263375301090143,0.693060479891145,-8.670066880023253e-05,0.34113274868789617,0.1471681282802596,2.0,1231.9672222060362,6.136403308126195,4.947458234863433,2.15,0.38401614513936505,5.0,54.0,,False,False,False,False,resistant-enriched,mixed,True,0.015601662241829605,0.9010921163569281,0.9890788364307193,0.10921163569280724,0.95,0.9,0.8,0.02,0.35,7.0,1.38,3.0,0.12589254117941673,2.0,1.0,0.7,2.15,i_db,i,d_b,0.12589254117941673,7.0
0.5,0.6931471805599453,2.0596897033857355,2.1161226002489975,4.175812303634733,0.5067571160722599,0.006757116072259928,0.027030109912459438,0.027030109912459438,0.6930558605449018,-9.132001504352782e-05,0.3400612612382574,0.14984684690435646,2.0,1230.4051743544942,6.239158233459907,3.2111892486568085,2.15,0.33971808327179737,4.0,38.0,,False,False,False,False,resistant-enriched,mixed,True,0.02450336755033599,0.9017152357285235,0.9828476427147648,0.17152357285235192,0.95,0.9,0.8,0.02,0.35,7.0,1.38,3.0,0.15848931924611134,2.0,1.0,0.7,2.15,i_db,i,d_b,0.15848931924611134,7.0
0.5,0.6931471805599453,2.0554181900100437,2.113602010626798,4.169020200636842,0.5069781168975706,0.006978116897570552,0.027914280032658362,0.027914280032658362,0.6930497891673375,-9.739139260778185e-05,0.33845800810012094,0.15385497974969764,2.0,1228.046599969333,6.3934564959894535,2.113927751667886,2.15,0.28455930698401455,4.0,27.0,,False,False,False,False,resistant-enriched,mixed,True,0.038286503882254734,0.9026800552717579,0.9731994472824217,0.26800552717578313,0.95,0.9,0.8,0.02,0.35,7.0,1.38,3.0,0.19952623149688797,2.0,1.0,0.7,2.15,i_db,i,d_b,0.19952623149688797,7.0
0.5,0.6931471805599453,2.049613992708685,2.109526808201196,4.159140800909881,0.5072025471558217,0.0072025471558216925,0.02881218164089184,0.02881218164089184,0.6930434236003298,-0.00010375695961550857,0.3361266952985872,0.1596832617535321,2.0,1224.6043883316133,6.618584479546785,1.4185765890795585,2.1500000000000004,0.22314537946229848,3.0,20.0,,False,False,False,False,resistant-enriched,mixed,True,0.059350943102767596,0.9041545660171938,0.9584543398280627,0.41545660171937315,0.95,0.9,0.8,0.02,0.35,7.0,1.38,3.0,0.251188643150958,2.0,1.0,0.7,2.15,i_db,i,d_b,0.251188643150958,7.0
0.5,0.6931471805599453,2.0425322470130234,2.1029627227793624,4.145494969792386,0.5072886924488736,0.007288692448873646,0.02915683518982832,0.02915683518982843,0.6930409267213707,-0.00010625383857454374,0.33286473895526336,0.16783815261184165,2.0,1219.8269348240644,6.935288257046727,0.9752777895544871,2.15,0.17114952735075684,3.0,15.0,,False,False,False,False,resistant-enriched,mixed,True,0.09090909090909091,0.9063636363636364,0.9363636363636364,0.6363636363636364,0.95,0.9,0.8,0.02,0.35,7.0,1.38,3.0,0.31622776601683794,2.0,1.0,0.7,2.15,i_db,i,d_b,0.31622776601683794,7.0
0.5,0.6931471805599453,2.0352149358945772,2.0924784173187803,4.127693353213358,0.5069364989746178,0.0069364989746177885,0.02774777610283734,0.02774777610283734,0.693050947436918,-9.623312302731168e-05,0.3285205957581564,0.17869851060460906,2.0,1213.5491602263044,7.3650096382128165,0.6901655737117884,2.1499999999999995,0.12700085518519494,2.0,12.0,,False,False,False,False,resistant-enriched,mixed,True,0.13680688860321005,0.9095764822022248,0.904235177977753,0.9576482202224703,0.95,0.9,0.8,0.02,0.35,7.0,1.38,3.0,0.3981071705534973,2.0,1.0,0.7,2.15,i_db,i,d_b,0.3981071705534973,7.0
0.5,0.6931471805599453,2.0293195121034056,2.0760049799475055,4.1053244920509115,0.5056859656203178,0.005685965620317757,0.022744842975667548,0.022744842975667326,0.6930825187561461,-6.466180379915976e-05,0.32306625420168555,0.19233436449578611,2.0,1205.5680548690802,7.9353641848234835,0.5058373781815095,2.15,0.0938568991511789,2.0,12.0,,False,False,False,False,resistant-enriched,mixed,True,0.2007600089131018,0.9140532006239172,0.8594679937608287,1.4053200623917126,0.95,0.9,0.8,0.02,0.35,7.0,1.38,3.0,0.5011872336272724,2.0,1.0,0.7,2.15,i_db,i,d_b,0.5011872336272724,7.0
0.5,0.6931471805599453,2.0264066912592007,2.0509022134714083,4.077308904730609,0.5030038835399235,0.0030038835399235353,0.012015678722778653,0.012015678722778653,0.6931291338187406,-1.8046741204647e-05,0.3166602404720832,0.2083493988197921,2.0,1195.4889978139477,8.690251819514309,0.3877248782072171,2.1499999999999995,0.07000109964774383,1.0,13.0,,False,False,False,False,resistant-enriched,mixed,True,0.2847472489508015,0.9199323074265561,0.8006769257344389,1.9932307426556104,0.95,0.9,0.8,0.02,0.35,7.0,1.38,3.0,0.6309573444801934,2.0,1.0,0.7,2.15,i_db,i,d_b,0.6309573444801934,7.0
0.5,0.6931471805599453,2.0274813330947157,2.0144399453667168,4.041921278461432,0.498386734076503,-0.001613265923496976,-0.006453086087351293,-0.006453086087351293,0.6931419752970338,-5.205262911478492e-06,0.3055685459478787,0.23607863513030336,3.0,1182.6657216088786,9.691808275719902,0.31428703283876,2.15,0.05548316333012545,1.0,14.0,,False,False,False,False,susceptible-enriched,mixed,True,0.386863179846857,0.92708042258928,0.7291957741072002,2.708042258927999,0.95,0.9,0.8,0.02,0.35,7.0,1.38,3.0,0.7943282347242815,2.0,1.0,0.7,2.15,i_db,i,d_b,0.7943282347242815,7.0
0.5,0.6931471805599453,2.033080391836108,1.9647568007722118,3.99783719260832,0.49145493078229635,-0.00854506921770365,-0.03418360516418163,-0.03418360516418163,0.6930011370343657,-0.00014604352557956446,0.2895848614180072,0.27603784645498197,3.0,1166.596840970133,11.002680096667683,0.2711248580668217,2.15,0.04448141884820034,1.0,15.0,,False,False,False,False,susceptible-enriched,mixed,True,0.5,0.935,0.65,3.5,0.95,0.9,0.8,0.02,0.35,7.0,1.38,3.0,1.0,2.0,1.0,0.7,2.15,i_db,i,d_b,1.0,7.0
0.5,0.6931471805599453,2.0433538302847474,1.9022059785649008,3.945559808849648,0.48211307665350045,-0.01788692334649955,-0.07157823832907748,-0.07157823832907748,0.6925071599525559,-0.0006400206073894354,0.27376012311854336,0.3155996922036416,4.0,1147.3968100491052,12.647860782998354,0.24800074054882537,2.15,0.03682648541625158,1.0,17.0,,False,False,False,False,susceptible-enriched,mixed,True,0.6131368201531432,0.9429195774107201,0.5708042258927998,4.291957741072002,0.95,0.9,0.8,0.02,0.35,7.0,1.38,3.0,1.2589254117941675,2.0,1.0,0.7,2.15,i_db,i,d_b,1.2589254117941675,7.0
0.5,0.6931471805599453,2.0578502576000575,1.830543738094012,3.888393995694069,0.4707711564520262,-0.029228843547973782,-0.11704882627527687,-0.11704882627527687,0.6914375554746857,-0.001709625085259625,0.2541743545591712,0.3645641136020721,4.0,1126.218455514147,14.570573580166217,0.23733231044667183,2.15,0.031766101715072444,1.0,20.0,,False,False,False,False,susceptible-enriched,mixed,True,0.7152527510491987,0.9500676925734439,0.4993230742655609,5.006769257344391,0.95,0.9,0.8,0.02,0.35,7.0,1.38,3.0,1.584893192461114,2.0,1.0,0.7,2.15,i_db,i,d_b,1.584893192461114,7.0
0.5,0.6931471805599453,2.0751935990143915,1.7566908818066507,3.831884480821042,0.4584404594133933,-0.041559540586606714,-0.1666225915604251,-0.1666225915604249,0.6896888010940541,-0.003458379465891226,0.23549458201535822,0.41126354496160444,5.0,1105.069758297079,16.61605612431918,0.23352595039900986,2.1499999999999995,0.028506230898871873,1.0,23.0,,False,False,False,False,susceptible-enriched,mixed,True,0.7992399910868984,0.9559467993760828,0.4405320062391712,5.594679937608289,0.95,0.9,0.8,0.02,0.35,7.0,1.38,3.0,1.9952623149688797,2.0,1.0,0.7,2.15,i_db,i,d_b,1.9952623149688797,7.0
0.5,0.6931471805599453,2.093193591871491,1.688410966805441,3.781604558676932,0.4464800432216965,-0.05351995677830351,-0.21490310381977334,-0.21490310381977312,0.6874074189586712,-0.005739761601274096,0.22036612799344357,0.4490846800163911,6.0,1086.0390709332714,18.574617456169264,0.23292213700333014,2.1499999999999995,0.026430478122416497,1.0,25.0,,False,False,False,False,susceptible-enriched,mixed,True,0.8631931113967901,0.9604235177977754,0.39576482202224694,6.042351779777531,0.95,0.9,0.8,0.02,0.35,7.0,1.38,3.0,2.511886431509581,2.0,1.0,0.7,2.15,i_db,i,d_b,2.511886431509581,7.0
0.5,0.6931471805599453,2.1096404984923587,1.6313157128430815,3.7409562113354404,0.4360691814301502,-0.06393081856984978,-0.2571306780975153,-0.2571306780975153,0.6849504614364486,-0.008196719123496732,0.20657962381980682,0.48355094045048297,6.0,1070.5005236217355,20.266308374200896,0.23336156427034188,2.1499999999999995,0.025115271868717915,1.0,27.0,18.0,False,False,False,True,susceptible-enriched,mixed,True,0.9090909090909091,0.9636363636363636,0.36363636363636365,6.363636363636363,0.95,0.9,0.8,0.02,0.35,7.0,1.38,3.0,3.1622776601683795,2.0,1.0,0.7,2.15,i_db,i,d_b,3.1622776601683795,7.0
0.5,0.6931471805599453,2.1231351193775914,1.587406554919697,3.7105416742972883,0.42780992487311814,-0.07219007512688186,-0.2907922391774219,-0.2907922391774219,0.6826878496247896,-0.01045933093515572,0.19781898902701972,0.5054525274324507,7.0,1058.775576928453,21.602576764070605,0.2339621165362344,2.15,0.02428373896627942,1.0,29.0,19.0,False,False,False,True,susceptible-enriched,mixed,True,0.9406490568972324,0.9658454339828063,0.3415456601719373,6.584543398280627,0.95,0.9,0.8,0.02,0.35,7.0,1.38,3.0,3.981071705534973,2.0,1.0,0.7,2.15,i_db,i,d_b,3.981071705534973,7.0
0.5,0.6931471805599453,2.133320518411726,1.555728251565912,3.6890487699776378,0.4217152845001132,-0.0782847154998868,-0.31573592970426906,-0.31573592970426906,0.6808396116431892,-0.012307568916756106,0.19039096234926792,0.5240225941268302,7.0,1050.4386628696327,22.58635182741114,0.2343936914480781,2.15,0.023758520644612195,1.0,31.0,19.0,False,False,False,True,susceptible-enriched,mixed,True,0.9617134961177453,0.9673199447282421,0.32680055271757835,6.7319944728242165,0.95,0.9,0.8,0.02,0.35,7.0,1.38,3.0,5.011872336272725,2.0,1.0,0.7,2.15,i_db,i,d_b,5.011872336272725,7.0
0.5,0.6931471805599453,2.140560797414924,1.5338933367773027,3.674454134192227,0.41744794757507725,-0.08255205242492275,-0.3332586817823149,-0.33325868178231466,0.6794548898701526,-0.013692290689792719,0.18579872436828368,0.5355031890792908,7.0,1044.7419553295235,23.274457780415332,0.23476349578895278,2.15,0.02342693659173351,1.0,32.0,19.0,False,False,False,True,susceptible-enriched,mixed,True,0.975496632449664,0.9682847642714765,0.3171523572852353,6.828476427147648,0.95,0.9,0.8,0.02,0.35,7.0,1.38,3.0,6.309573444801933,2.0,1.0,0.7,2.15,i_db,i,d_b,6.309573444801933,7.0
0.5,0.6931471805599453,2.145496830697605,1.5193027508348897,3.6647995815324945,0.4145663949785677,-0.08543360502143232,-0.34511963520286315,-0.3451196352028634,0.6784775041446962,-0.014669676415249078,0.18293872535243247,0.5426531866189188,7.0,1040.9671795883187,23.738826832109197,0.23492379906361074,2.15,0.023217651016808158,1.0,32.0,20.0,False,False,False,True,susceptible-enriched,mixed,True,0.9843983377581705,0.9689078836430719,0.3109211635692807,6.890788364307194,0.95,0.9,0.8,0.02,0.35,7.0,1.38,3.0,7.943282347242818,2.0,1.0,0.7,2.15,i_db,i,d_b,7.943282347242818,7.0
0.5,0.6931471805599453,2.148770665212921,1.5097514058461403,3.6585220710590614,0.4126670214153172,-0.08733297858468281,-0.35295088960353754,-0.35295088960353754,0.67781455747172,-0.01533262308822525,0.18114908482121683,0.547127287946958,7.0,1038.5071441174084,24.04486541946773,0.23506106052221618,2.15,0.023085574349118034,1.0,33.0,20.0,False,False,False,True,susceptible-enriched,mixed,True,0.9900990099009901,0.9693069306930693,0.306930693069307,6.930693069306931,0.95,0.9,0.8,0.02,0.35,7.0,1.38,3.0,10.0,2.0,1.0,0.7,2.15,i_db,i,d_b,10.0,7.0
0.5,0.6931471805599453,2.0641198294766134,2.1186797165375766,4.18279954601419,0.5065219342285903,0.006521934228590265,0.026089216609716224,0.026089216609716002,0.6930621068952443,-8.507366470100752e-05,0.341780585025301,0.14554853743674756,2.0,1232.827275225528,6.07903623656804,6.966311682149919,2.15,0.41767612780780056,5.0,71.0,,False,False,False,False,resistant-enriched,mixed,True,0.009900990099009903,0.9006930693069307,0.9930693069306931,0.07673267326732675,0.95,0.9,0.8,0.02,0.35,7.75,1.38,3.0,0.1,2.0,1.0,0.7,2.15,i_db,i,d_b,0.1,7.75
0.5,0.6931471805599453,2.061904452274642,2.1177215657881114,4.179626018062754,0.5066772856318064,0.006677285631806362,0.026710730507365825,0.026710730507366047,0.6930580056223732,-8.917493757210071e-05,0.341049902038653,0.14737524490336762,2.0,1231.730088908755,6.1512466205724845,4.481825260792136,2.15,0.37468072011765374,4.0,50.0,,False,False,False,False,resistant-enriched,mixed,True,0.015601662241829605,0.9010921163569281,0.9890788364307193,0.12091288237417944,0.95,0.9,0.8,0.02,0.35,7.75,1.38,3.0,0.12589254117941673,2.0,1.0,0.7,2.15,i_db,i,d_b,0.12589254117941673,7.75
0.5,0.6931471805599453,2.0585919495245415,2.116177179187546,4.174769128712088,0.5068968160738472,0.006896816073847178,0.027589014118881643,0.027589014118881643,0.6930520453990945,-9.513516085080109e-05,0.3399389133774309,0.15015271655642282,2.0,1230.0483559152517,6.2612788020692065,2.9129792684872844,2.15,0.3279245869297225,4.0,35.0,,False,False,False,False,resistant-enriched,mixed,True,0.02450336755033599,0.9017152357285235,0.9828476427147648,0.18990109851510392,0.95,0.9,0.8,0.02,0.35,7.75,1.38,3.0,0.15848931924611134,2.0,1.0,0.7,2.15,i_db,i,d_b,0.15848931924611134,7.75
0.5,0.6931471805599453,2.0538349938296654,2.1136757175693672,4.167510711399032,0.5071794325058392,0.0071794325058391895,0.02871970391272795,0.02871970391272795,0.6930440885150282,-0.00010309204491709689,0.33828406761555396,0.15428983096111515,2.0,1227.5290558972088,6.425203849554806,1.9208772908293543,2.15,0.2703916570996372,4.0,25.0,,False,False,False,False,resistant-enriched,mixed,True,0.038286503882254734,0.9026800552717579,0.9731994472824217,0.2967204050874742,0.95,0.9,0.8,0.02,0.35,7.75,1.38,3.0,0.19952623149688797,2.0,1.0,0.7,2.15,i_db,i,d_b,0.19952623149688797,7.75
0.5,0.6931471805599453,2.047478384495018,2.109625413995154,4.157103798490172,0.5074747988638998,0.00747479886389979,0.029901423149431818,0.029901423149431818,0.6930354311611291,-0.00011174939881619661,0.3358921239960733,0.16026969000981672,2.0,1223.9029752527872,6.661648076143088,1.2911933377482765,2.1500000000000004,0.21081881420844928,3.0,19.0,,False,False,False,False,resistant-enriched,mixed,True,0.059350943102767596,0.9041545660171938,0.9584543398280627,0.45996980904644885,0.95,0.9,0.8,0.02,0.35,7.75,1.38,3.0,0.251188643150958,2.0,1.0,0.7,2.15,i_db,i,d_b,0.251188643150958,7.75
0.5,0.6931471805599453,2.0399159755785274,2.103084703141424,4.143000678719952,0.507623547817329,0.0076235478173289906,0.030496554633758506,0.030496554633758617,0.693030939093203,-0.00011624146674227287,0.3325705015164501,0.16857374620887478,2.0,1218.9625198228441,6.989440171395819,0.8885670541218345,2.1499999999999995,0.1586568151657261,3.0,14.0,,False,False,False,False,resistant-enriched,mixed,True,0.09090909090909091,0.9063636363636364,0.9363636363636364,0.7045454545454546,0.95,0.9,0.8,0.02,0.35,7.75,1.38,3.0,0.31622776601683794,2.0,1.0,0.7,2.15,i_db,i,d_b,0.31622776601683794,7.75
0.5,0.6931471805599453,2.0323680297710287,2.092605869407291,4.12497389917832,0.5073016025202318,0.00730160252023182,0.02920848647061862,0.02920848647061862,0.693040549971137,-0.00010663058880833187,0.32818359242679096,0.17954101893302266,2.0,1212.5951610951142,7.427628062521801,0.6286077257654461,2.1499999999999995,0.11783034483817313,2.0,12.0,,False,False,False,False,resistant-enriched,mixed,True,0.13680688860321005,0.9095764822022248,0.904235177977753,1.060253386674878,0.95,0.9,0.8,0.02,0.35,7.75,1.38,3.0,0.3981071705534973,2.0,1.0,0.7,2.15,i_db,i,d_b,0.3981071705534973,7.75
0.5,0.6931471805599453,2.0265381764962904,2.076085659398573,4.102623835894864,0.5060385115579912,0.0060385115579911774,0.024155220660087347,0.024155220660087125,0.6930742515433757,-7.292901656963391e-05,0.3227174005798003,0.19320649855049932,2.0,1204.6038942325818,8.002999976773966,0.4600713273676328,2.1500000000000004,0.08570128976201659,2.0,12.0,,False,False,False,False,resistant-enriched,mixed,True,0.2007600089131018,0.9140532006239172,0.8594679937608287,1.555890069076539,0.95,0.9,0.8,0.02,0.35,7.75,1.38,3.0,0.5011872336272724,2.0,1.0,0.7,2.15,i_db,i,d_b,0.5011872336272724,7.75
0.5,0.6931471805599453,2.0238664841640404,2.050860438854142,4.074726923018183,0.503312363650385,0.0033123636503850085,0.01324964843296778,0.01324964843296778,0.6931252368935319,-2.194366641339318e-05,0.3163319157532295,0.2091702106169263,2.0,1194.5554688269617,8.76108882658321,0.3520494915427974,2.1499999999999995,0.06496095555782454,1.0,13.0,,False,False,False,False,resistant-enriched,mixed,True,0.2847472489508015,0.9199323074265561,0.8006769257344389,2.206791179368712,0.95,0.9,0.8,0.02,0.35,7.75,1.38,3.0,0.6309573444801934,2.0,1.0,0.7,2.15,i_db,i,d_b,0.6309573444801934,7.75
0.5,0.6931471805599453,2.025222493329769,2.0142027492894696,4.039425242619238,0.4986359762369122,-0.0013640237630878072,-0.005456108587607512,-0.005456108587607512,0.6931434594336772,-3.721126268119157e-06,0.3046226237105039,0.23844344072374024,3.0,1181.74678450513,9.766948626903599,0.28500986296600983,2.15,0.05084595330061955,1.0,14.0,,False,False,False,False,susceptible-enriched,mixed,True,0.386863179846857,0.92708042258928,0.7291957741072002,2.9981896438131415,0.95,0.9,0.8,0.02,0.35,7.75,1.38,3.0,0.7943282347242815,2.0,1.0,0.7,2.15,i_db,i,d_b,0.7943282347242815,7.75
0.5,0.6931471805599453,2.031075079612107,1.9642465874291462,3.995321667041253,0.49163665685115526,-0.008363343148844737,-0.03345649300343141,-0.03345649300343141,0.693007283018799,-0.00013989754114629438,0.2888614736834043,0.2778463157914892,3.0,1165.6543208666374,11.085790314663896,0.24572130521752955,2.15,0.04042387289498078,1.0,15.0,,False,False,False,False,susceptible-enriched,mixed,True,0.5,0.935,0.65,3.875,0.95,0.9,0.8,0.02,0.35,7.75,1.38,3.0,1.0,2.0,1.0,0.7,2.15,i_db,i,d_b,1.0,7.75
0.5,0.6931471805599453,2.0415783128127156,1.9013385430697174,3.942916855882433,0.48221624055630613,-0.01778375944369387,-0.07116505698542705,-0.07116505698542705,0.6925145229302254,-0.0006326576297198683,0.27257628480478574,0.3185592879880357,4.0,1146.388656033404,12.744260642877464,0.2247392076474335,2.15,0.033314141103111095,1.0,17.0,,False,False,False,False,susceptible-enriched,mixed,True,0.6131368201531432,0.9429195774107201,0.5708042258927998,4.751810356186859,0.95,0.9,0.8,0.02,0.35,7.75,1.38,3.0,1.2589254117941675,2.0,1.0,0.7,2.15,i_db,i,d_b,1.2589254117941675,7.75
0.5,0.6931471805599453,2.056310267986868,1.8292346056373592,3.8855448736242275,0.4707794312335782,-0.029220568766421817,-0.11701561368376912,-0.11701561368376912,0.6914385238907406,-0.0017086566692047223,0.2532695304271124,0.36682617393221895,4.0,1125.1111401500914,14.685925598273423,0.21508423753030748,2.15,0.028673786703537412,1.0,20.0,,False,False,False,False,susceptible-enriched,mixed,True,0.7152527510491987,0.9500676925734439,0.4993230742655609,5.54320882063129,0.95,0.9,0.8,0.02,0.35,7.75,1.38,3.0,1.584893192461114,2.0,1.0,0.7,2.15,i_db,i,d_b,1.584893192461114,7.75
0.5,0.6931471805599453,2.0739152583834275,1.7548830701335132,3.8287983285169407,0.4583378176549861,-0.0416621823450139,-0.16703602195457817,-0.16703602195457795,0.6896716774407763,-0.003475503119168999,0.23425090662882403,0.41437273342794,5.0,1103.8401103288982,16.75463177105165,0.21165783311478628,2.1499999999999995,0.025706321670345082,1.0,23.0,,False,False,False,False,susceptible-enriched,mixed,True,0.7992399910868984,0.9559467993760828,0.4405320062391712,6.194109930923462,0.95,0.9,0.8,0.02,0.35,7.75,1.38,3.0,1.9952623149688797,2.0,1.0,0.7,2.15,i_db,i,d_b,1.9952623149688797,7.75
0.5,0.6931471805599453,2.0921984322595986,1.6861061843098255,3.7783046165694243,0.4462599910328972,-0.05374000896710279,-0.21579355698678676,-0.21579355698678654,0.6873600310887713,-0.00578714947117398,0.21876951664659422,0.4530762083835145,6.0,1084.69537780369,18.73759783877259,0.21111031592375745,2.1499999999999995,0.023824242664268254,1.0,25.0,,False,False,False,False,susceptible-enriched,mixed,True,0.8631931113967901,0.9604235177977754,0.39576482202224694,6.6897466133251235,0.95,0.9,0.8,0.02,0.35,7.75,1.38,3.0,2.511886431509581,2.0,1.0,0.7,2.15,i_db,i,d_b,2.511886431509581,7.75
0.5,0.6931471805599453,2.1089195584004665,1.6285725275482725,3.7374920859487393,0.4357393915751582,-0.06426060842484183,-0.25847187755633305,-0.25847187755633305,0.6848654411967544,-0.008281739363190876,0.20521709239568878,0.48695726901077807,6.0,1069.0639021426512,20.45168713401266,0.21148141689165534,2.15,0.02263428851798069,1.0,28.0,18.0,False,False,False,True,susceptible-enriched,mixed,True,0.9090909090909091,0.9636363636363636,0.36363636363636365,7.045454545454545,0.95,0.9,0.8,0.02,0.35,7.75,1.38,3.0,3.1622776601683795,2.0,1.0,0.7,2.15,i_db,i,d_b,3.1622776601683795,7.75
0.5,0.6931471805599453,2.1226470658710364,1.5843139790370953,3.7069610449081316,0.42738889344772135,-0.07261110655227865,-0.29251243294966917,-0.29251243294966917,0.6825650548410499,-0.010582125718895385,0.196059204936982,0.509851987657545,7.0,1057.2658768718213,21.806268937826495,0.21201359225379002,2.15,0.021882826700037866,1.0,30.0,19.0,False,False,False,True,susceptible-enriched,mixed,True,0.9406490568972324,0.9658454339828063,0.3415456601719373,7.290030190953551,0.95,0.9,0.8,0.02,0.35,7.75,1.38,3.0,3.981071705534973,2.0,1.0,0.7,2.15,i_db,i,d_b,3.981071705534973,7.75
0.5,0.6931471805599453,2.133017212143394,1.5523810099933992,3.6853982221367936,0.4212247676977846,-0.07877523230221539,-0.31774762114817295,-0.31774762114817295,0.6806842445063245,-0.01246293605362081,0.18877277131500306,0.5280680717124924,7.0,1048.8798584710257,22.803854226303258,0.2124133345668635,2.1500000000000004,0.02140849800140056,1.0,31.0,19.0,False,False,False,True,susceptible-enriched,mixed,True,0.9617134961177453,0.9673199447282421,0.32680055271757835,7.453279594912526,0.95,0.9,0.8,0.02,0.35,7.75,1.38,3.0,5.011872336272725,2.0,1.0,0.7,2.15,i_db,i,d_b,5.011872336272725,7.75
0.5,0.6931471805599453,2.1403894056828547,1.5303684941447466,3.6707578998276014,0.4169080434905884,-0.08309195650941159,-0.3354792255005711,-0.33547922550057085,0.679274362743103,-0.013872817816842242,0.18426559728275121,0.539336006793122,7.0,1043.1524385627536,23.501642110647712,0.2126886775436554,2.15,0.02110915788578238,1.0,32.0,20.0,False,False,False,True,susceptible-enriched,mixed,True,0.975496632449664,0.9682847642714765,0.3171523572852353,7.560098901484896,0.95,0.9,0.8,0.02,0.35,7.75,1.38,3.0,6.309573444801933,2.0,1.0,0.7,2.15,i_db,i,d_b,6.309573444801933,7.75
0.5,0.6931471805599453,2.1454163240672863,1.5156588589284639,3.6610751829957504,0.41399282537766535,-0.08600717462233465,-0.3474833892153778,-0.347483389215378,0.6782788761703317,-0.014868304389613618,0.1814576027551768,0.5463559931120581,7.0,1039.3571288270261,23.97261189921373,0.21284219229190807,2.1500000000000004,0.020920267249711806,1.0,33.0,20.0,False,False,False,True,susceptible-enriched,mixed,True,0.9843983377581705,0.9689078836430719,0.3109211635692807,7.629087117625821,0.95,0.9,0.8,0.02,0.35,7.75,1.38,3.0,7.943282347242818,2.0,1.0,0.7,2.15,i_db,i,d_b,7.943282347242818,7.75
0.5,0.6931471805599453,2.1487513067551416,1.5060298535317485,3.6547811602868903,0.4120711439295942,-0.08792885607040579,-0.3554099336179223,-0.3554099336179223,0.6776035093911825,-0.015543671168762763,0.1797001197898982,0.5507497005252545,7.0,1036.8809516316035,24.28301294678252,0.212986980378742,2.15,0.020801078344673984,1.0,33.0,20.0,False,False,False,True,susceptible-enriched,mixed,True,0.9900990099009901,0.9693069306930693,0.306930693069307,7.673267326732673,0.95,0.9,0.8,0.02,0.35,7.75,1.38,3.0,10.0,2.0,1.0,0.7,2.15,i_db,i,d_b,10.0,7.75
0.5,0.6931471805599453,2.063644460668365,2.1187053945054637,4.182349855173829,0.5065825356251563,0.006582535625156316,0.026331663831043434,0.02633166383104321,0.6930605185059663,-8.666205397900306e-05,0.34172611342832093,0.14568471642919767,2.0,1232.6738363222707,6.088696181758416,6.36387112733498,2.15,0.40942360721263493,5.0,66.0,,False,False,False,False,resistant-enriched,mixed,True,0.009900990099009903,0.9006930693069307,0.9930693069306931,0.08415841584158418,0.95,0.9,0.8,0.02,0.35,8.5,1.38,3.0,0.1,2.0,1.0,0.7,2.15,i_db,i,d_b,0.1,8.5
0.5,0.6931471805599453,2.061177850608585,2.117758888621134,4.178936739229719,0.5067697887696402,0.006769788769640184,0.027080809978937345,0.027080809978937567,0.6930555176792454,-9.166288069983874e-05,0.340968005739713,0.14757998565071762,2.0,1231.4947261246302,6.16591620052466,4.098234188996805,2.15,0.3660120688061093,4.0,47.0,,False,False,False,False,resistant-enriched,mixed,True,0.015601662241829605,0.9010921163569281,0.9890788364307193,0.13261412905555164,0.95,0.9,0.8,0.02,0.35,8.5,1.38,3.0,0.12589254117941673,2.0,1.0,0.7,2.15,i_db,i,d_b,0.12589254117941673,8.5
0.5,0.6931471805599453,2.0575090873504,2.116229885688762,4.173738973039162,0.5070345556727046,0.007034555672704612,0.028140079470281486,0.028140079470281486,0.6930482073476452,-9.897321230012412e-05,0.33981843632719166,0.15045390918202084,2.0,1229.6960604277253,6.282982175333064,2.667178377154948,2.15,0.31669126787889074,4.0,33.0,,False,False,False,False,resistant-enriched,mixed,True,0.02450336755033599,0.9017152357285235,0.9828476427147648,0.20827862417785592,0.95,0.9,0.8,0.02,0.35,8.5,1.38,3.0,0.15848931924611134,2.0,1.0,0.7,2.15,i_db,i,d_b,0.15848931924611134,8.5
0.5,0.6931471805599453,2.0522960191776525,2.113750942702768,4.16604696188042,0.5073756878027819,0.007375687802781861,0.02950489145376782,0.02950489145376782,0.6930383750725484,-0.00010880548739689022,0.33811435249060035,0.15471411877349917,2.0,1227.02681733715,6.455975928954949,1.7615464850495224,2.15,0.25722111694542804,4.0,24.0,,False,False,False,False,resistant-enriched,mixed,True,0.038286503882254734,0.9026800552717579,0.9731994472824217,0.32543528299916524,0.95,0.9,0.8,0.02,0.35,8.5,1.38,3.0,0.19952623149688797,2.0,1.0,0.7,2.15,i_db,i,d_b,0.19952623149688797,8.5
0.5,0.6931471805599453,2.045439960647625,2.1097259875383525,4.155165948185978,0.5077356750238571,0.00773567502385708,0.03094516929251918,0.03094516929251918,0.6930274944487979,-0.00011968611114743233,0.33566590657096274,0.16083523357259322,2.0,1223.235101756596,6.702656833983498,1.1857755384048372,2.1500000000000004,0.19946276287584983,3.0,17.0,,False,False,False,False,resistant-enriched,mixed,True,0.059350943102767596,0.9041545660171938,0.9584543398280627,0.5044830163735246,0.95,0.9,0.8,0.02,0.35,8.5,1.38,3.0,0.251188643150958,2.0,1.0,0.7,2.15,i_db,i,d_b,0.251188643150958,8.5
0.5,0.6931471805599453,2.0374890277794844,2.103214377309564,4.140703405089049,0.5079364956989313,0.00793649569893129,0.03174864935193793,0.03174864935193804,0.6930211993414757,-0.0001259812184696285,0.3322912871403196,0.16927178214920113,2.0,1218.1646754476872,7.039815690154772,0.8165216699531712,2.1499999999999995,0.1475321935296105,3.0,14.0,,False,False,False,False,resistant-enriched,mixed,True,0.09090909090909091,0.9063636363636364,0.9363636363636364,0.7727272727272727,0.95,0.9,0.8,0.02,0.35,8.5,1.38,3.0,0.31622776601683794,2.0,1.0,0.7,2.15,i_db,i,d_b,0.31622776601683794,8.5
0.5,0.6931471805599453,2.0298067400097977,2.092742306455014,4.122549046464812,0.5076330888651507,0.007633088865150683,0.030534727710400993,0.030534727710400993,0.6930306479420114,-0.00011653261793387326,0.3278701433495028,0.18032464162624295,2.0,1211.7415585496856,7.484382626367647,0.5772833711720274,2.1499999999999995,0.10965460748605904,2.0,11.0,,False,False,False,False,resistant-enriched,mixed,True,0.13680688860321005,0.9095764822022248,0.904235177977753,1.1628585531272855,0.95,0.9,0.8,0.02,0.35,8.5,1.38,3.0,0.3981071705534973,2.0,1.0,0.7,2.15,i_db,i,d_b,0.3981071705534973,8.5
0.5,0.6931471805599453,2.0241007644712736,2.0761766054512525,4.100277369922527,0.5063502827103818,0.006350282710381849,0.025402496744794147,0.025402496744793925,0.6930665262105438,-8.065434940152105e-05,0.3224001078052179,0.1939997304869553,2.0,1203.763487806662,8.062854672334256,0.4218762487830565,2.1500000000000004,0.0786761205973534,2.0,12.0,,False,False,False,False,resistant-enriched,mixed,True,0.2007600089131018,0.9140532006239172,0.8594679937608287,1.7064600757613653,0.95,0.9,0.8,0.02,0.35,8.5,1.38,3.0,0.5011872336272724,2.0,1.0,0.7,2.15,i_db,i,d_b,0.5011872336272724,8.5
0.5,0.6931471805599453,2.0216812646537328,2.05083985574063,4.072521120394363,0.5035799189525227,0.0035799189525227426,0.014319920508795138,0.014319920508795138,0.6931215487015339,-2.5631858411423458e-05,0.31603971997894353,0.20990070005264116,2.0,1193.7554349871052,8.822629453867123,0.32231457646450146,2.1499999999999995,0.060473566192793655,1.0,13.0,,False,False,False,False,resistant-enriched,mixed,True,0.2847472489508015,0.9199323074265561,0.8006769257344389,2.420351616081813,0.95,0.9,0.8,0.02,0.35,8.5,1.38,3.0,0.6309573444801934,2.0,1.0,0.7,2.15,i_db,i,d_b,0.6309573444801934,8.5
0.5,0.6931471805599453,2.0233020855181287,2.0140116610560885,4.037313746574217,0.498849429961949,-0.0011505700380510242,-0.004602288275631481,-0.004602288275631481,0.6931445329347838,-2.6476251614449e-06,0.3038161062554331,0.24045973436141732,3.0,1180.9677591825343,9.831407697524956,0.2606603282049949,2.15,0.04682707357792335,1.0,14.0,,False,False,False,False,susceptible-enriched,mixed,True,0.386863179846857,0.92708042258928,0.7291957741072002,3.2883370286982845,0.95,0.9,0.8,0.02,0.35,8.5,1.38,3.0,0.7943282347242815,2.0,1.0,0.7,2.15,i_db,i,d_b,0.7943282347242815,8.5
0.5,0.6931471805599453,2.0293850166248935,1.9638251088157803,3.9932101254406738,0.49179107713473025,-0.008208922865269752,-0.03283864217766362,-0.03283864217766362,0.6930124016755046,-0.00013477888444068942,0.28825027159072597,0.27937432102318516,3.0,1164.8612228856148,11.156520150299375,0.22463240394334244,2.15,0.03698229335885872,1.0,15.0,,False,False,False,False,susceptible-enriched,mixed,True,0.5,0.935,0.65,4.25,0.95,0.9,0.8,0.02,0.35,8.5,1.38,3.0,1.0,2.0,1.0,0.7,2.15,i_db,i,d_b,1.0,8.5
0.5,0.6931471805599453,2.0400899840939126,1.9006164291755236,3.940706413269436,0.4823034831459731,-0.0176965168540269,-0.07081564677081723,-0.07081564677081723,0.6925207163123333,-0.0006264642476120352,0.2715912398039792,0.3210219004900521,4.0,1145.5436633296317,12.825916111138703,0.20544823546814794,2.15,0.030377318757817726,1.0,18.0,,False,False,False,False,susceptible-enriched,mixed,True,0.6131368201531432,0.9429195774107201,0.5708042258927998,5.211662971301717,0.95,0.9,0.8,0.02,0.35,8.5,1.38,3.0,1.2589254117941675,2.0,1.0,0.7,2.15,i_db,i,d_b,1.2589254117941675,8.5
0.5,0.6931471805599453,2.055024314068568,1.8281413252460568,3.8831656393146248,0.47078633647178697,-0.02921366352821303,-0.11698789809440441,-0.11698789809440441,0.6914393318157357,-0.0017078487442095946,0.25251807454871045,0.36870481362822394,4.0,1124.1838918389076,14.783384980289192,0.19664089239873808,2.15,0.02610933528561398,1.0,20.0,,False,False,False,False,susceptible-enriched,mixed,True,0.7152527510491987,0.9500676925734439,0.4993230742655609,6.079648383918189,0.95,0.9,0.8,0.02,0.35,8.5,1.38,3.0,1.584893192461114,2.0,1.0,0.7,2.15,i_db,i,d_b,1.584893192461114,8.5
0.5,0.6931471805599453,2.0728538169130393,1.753372725340389,3.826226542253428,0.45825115318648985,-0.041748846813510154,-0.16738510856456715,-0.16738510856456693,0.6896571862260845,-0.0034899943338607686,0.23322500765676646,0.4169374808580839,5.0,1102.8116402104629,16.871550194162154,0.19353294462792886,2.15,0.023394454008880454,1.0,23.0,,False,False,False,False,susceptible-enriched,mixed,True,0.7992399910868984,0.9559467993760828,0.4405320062391712,6.793539924238636,0.95,0.9,0.8,0.02,0.35,8.5,1.38,3.0,1.9952623149688797,2.0,1.0,0.7,2.15,i_db,i,d_b,1.9952623149688797,8.5
0.5,0.6931471805599453,2.091378209043087,1.684179760440418,3.775557969483505,0.44607440120190056,-0.05392559879809944,-0.21654462258440585,-0.21654462258440563,0.6873199123048707,-0.005827268255074625,0.21745892686397544,0.4563526828400615,6.0,1083.5741892475871,18.87500759718134,0.19302626545072848,2.15,0.021677158593296504,1.0,25.0,,False,False,False,False,susceptible-enriched,mixed,True,0.8631931113967901,0.9604235177977754,0.39576482202224694,7.337141446872716,0.95,0.9,0.8,0.02,0.35,8.5,1.38,3.0,2.511886431509581,2.0,1.0,0.7,2.15,i_db,i,d_b,2.511886431509581,8.5
0.5,0.6931471805599453,2.1083309661994565,1.6262787989881047,3.734609765187561,0.43546150769153497,-0.06453849230846503,-0.2596021636737798,-0.2596021636737798,0.684793458987274,-0.008353721572671335,0.20409843056139196,0.48975392359652015,6.0,1067.8653508450448,20.60788747859643,0.19334575225379239,2.15,0.020592843195833557,1.0,28.0,18.0,False,False,False,True,susceptible-enriched,mixed,True,0.9090909090909091,0.9636363636363636,0.36363636363636365,7.727272727272727,0.95,0.9,0.8,0.02,0.35,8.5,1.38,3.0,3.1622776601683795,2.0,1.0,0.7,2.15,i_db,i,d_b,3.1622776601683795,8.5
0.5,0.6931471805599453,2.122260544102209,1.581730530044516,3.7039910741467246,0.42703410952708454,-0.07296589047291546,-0.2939622951377059,-0.2939622951377059,0.6824610189484048,-0.010686161611540457,0.19462021989251488,0.5134494502687128,7.0,1056.0091977916372,21.977892185925334,0.1938173857451811,2.15,0.019908568896636728,1.0,30.0,19.0,False,False,False,True,susceptible-enriched,mixed,True,0.9406490568972324,0.9658454339828063,0.3415456601719373,7.995516983626476,0.95,0.9,0.8,0.02,0.35,8.5,1.38,3.0,3.981071705534973,2.0,1.0,0.7,2.15,i_db,i,d_b,3.981071705534973,8.5
0.5,0.6931471805599453,2.132785923669395,1.5495842952467145,3.6823702189161094,0.42081165204046983,-0.07918834795953017,-0.31944237214558535,-0.31944237214558535,0.6805526279404868,-0.012594552619458521,0.18744925167146417,0.5313768708213396,7.0,1047.579991731408,22.987047999446258,0.19419808422984905,2.15,0.01947681324350996,1.0,31.0,19.0,False,False,False,True,susceptible-enriched,mixed,True,0.9617134961177453,0.9673199447282421,0.32680055271757835,8.174564717000834,0.95,0.9,0.8,0.02,0.35,8.5,1.38,3.0,5.011872336272725,2.0,1.0,0.7,2.15,i_db,i,d_b,5.011872336272725,8.5
0.5,0.6931471805599453,2.140270546978624,1.5274239138768462,3.6676944608554702,0.41645342330958035,-0.08354657669041965,-0.3373496449243074,-0.3373496449243072,0.6791214219737591,-0.014025758586186154,0.18301146062765578,0.5424713484308605,7.0,1041.8295602213248,23.692966362738314,0.19440268024085605,2.15,0.019204398493026496,1.0,32.0,20.0,False,False,False,True,susceptible-enriched,mixed,True,0.975496632449664,0.9682847642714765,0.3171523572852353,8.291721375822144,0.95,0.9,0.8,0.02,0.35,8.5,1.38,3.0,6.309573444801933,2.0,1.0,0.7,2.15,i_db,i,d_b,6.309573444801933,8.5
0.5,0.6931471805599453,2.1453752927638505,1.512615352603312,3.6579906453671622,0.41350990181427505,-0.08649009818572495,-0.34947432453869287,-0.3494743245386931,0.678110587546519,-0.015036593013426303,0.18024588913882372,0.5493852771529407,7.0,1038.0149953706473,24.169489011931898,0.19456855497817838,2.1500000000000004,0.01903252003120098,1.0,33.0,20.0,False,False,False,True,susceptible-enriched,mixed,True,0.9843983377581705,0.9689078836430719,0.3109211635692807,8.36738587094445,0.95,0.9,0.8,0.02,0.35,8.5,1.38,3.0,7.943282347242818,2.0,1.0,0.7,2.15,i_db,i,d_b,7.943282347242818,8.5
0.5,0.6931471805599453,2.1487618362757113,1.5029213750716732,3.6516832113473843,0.41156948401258797,-0.08843051598741203,-0.35748098873923034,-0.35748098873923034,0.6774246950223339,-0.015722485537611353,0.1785146412021229,0.5537133969946928,7.0,1035.525921831595,24.48353912656901,0.19469865920861051,2.15,0.018924073885499944,1.0,33.0,20.0,False,False,False,True,susceptible-enriched,mixed,True,0.9900990099009901,0.9693069306930693,0.306930693069307,8.415841584158416,0.95,0.9,0.8,0.02,0.35,8.5,1.38,3.0,10.0,2.0,1.0,0.7,2.15,i_db,i,d_b,10.0,8.5
0.5,0.6931471805599453,2.06317059640011,2.1187299671424693,4.181900563542579,0.5066428373771868,0.00664283737718685,0.026572913036474986,0.026572913036474764,0.6930589233866324,-8.825717331284455e-05,0.3416721122010607,0.1458197194973483,2.0,1232.5206204416677,6.098284993957003,5.8590544639021775,2.15,0.4013863444585888,5.0,62.0,,False,False,False,False,resistant-enriched,mixed,True,0.009900990099009903,0.9006930693069307,0.9930693069306931,0.0915841584158416,0.95,0.9,0.8,0.02,0.35,9.25,1.38,3.0,0.1,2.0,1.0,0.7,2.15,i_db,i,d_b,0.1,9.25
0.5,0.6931471805599453,2.0604585439849945,2.1177965758357717,4.178255119820767,0.5068614804752799,0.006861480475279902,0.02744764496468449,0.02744764496468471,0.6930530177757396,-9.416278420570912e-05,0.34088686964852954,0.1477828258786762,2.0,1231.2618910509705,6.180412401792913,3.7767294631192123,2.15,0.3576136986778918,4.0,44.0,,False,False,False,False,resistant-enriched,mixed,True,0.015601662241829605,0.9010921163569281,0.9890788364307193,0.14431537573692385,0.95,0.9,0.8,0.02,0.35,9.25,1.38,3.0,0.12589254117941673,2.0,1.0,0.7,2.15,i_db,i,d_b,0.12589254117941673,9.25
0.5,0.6931471805599453,2.0564477770942116,2.1162853718085533,4.172733148902765,0.5071700720581757,0.007170072058175658,0.02868225441091024,0.02868225441091024,0.6930443571690417,-0.00010282339090361692,0.3397002257052611,0.1507494357368473,2.0,1229.3517002694562,6.304253532839812,2.461038446784762,2.15,0.30598888926305184,4.0,31.0,,False,False,False,False,resistant-enriched,mixed,True,0.02450336755033599,0.9017152357285235,0.9828476427147648,0.22665614984060792,0.95,0.9,0.8,0.02,0.35,9.25,1.38,3.0,0.15848931924611134,2.0,1.0,0.7,2.15,i_db,i,d_b,0.15848931924611134,9.25
0.5,0.6931471805599453,2.0507999747028856,2.1138269030809638,4.164626877783849,0.5075669357937316,0.007566935793731577,0.03027005427398857,0.03027005427398857,0.6930326591535481,-0.00011452140639722774,0.3379486295048749,0.15512842623781276,2.0,1226.5392620345683,6.48579876093312,1.6277350656988765,2.15,0.24496702677373086,4.0,22.0,,False,False,False,False,resistant-enriched,mixed,True,0.038286503882254734,0.9026800552717579,0.9731994472824217,0.35415016091085627,0.95,0.9,0.8,0.02,0.35,9.25,1.38,3.0,0.19952623149688797,2.0,1.0,0.7,2.15,i_db,i,d_b,0.19952623149688797,9.25
0.5,0.6931471805599453,2.0434987350304024,2.1098313337336383,4.15333006876404,0.5079854716101309,0.007985471610130856,0.031944602672831286,0.031944602672831286,0.6930196396239505,-0.00012754093599476324,0.3354476669213643,0.16138083269658932,2.0,1222.6014595860556,6.741713601520659,1.096999746092651,2.1500000000000004,0.188989075979237,3.0,17.0,,False,False,False,False,resistant-enriched,mixed,True,0.059350943102767596,0.9041545660171938,0.9584543398280627,0.5489962237006003,0.95,0.9,0.8,0.02,0.35,9.25,1.38,3.0,0.251188643150958,2.0,1.0,0.7,2.15,i_db,i,d_b,0.251188643150958,9.25
0.5,0.6931471805599453,2.0352349913226853,2.1033482868115283,4.138583278134213,0.5082290594282243,0.008229059428224272,0.03291921019955717,0.03291921019955728,0.6930117396069378,-0.00013544095300743741,0.33202609993891985,0.16993475015270043,2.0,1217.4269165621963,7.0867327430169444,0.7556249638856425,2.15,0.13849305679959623,2.0,13.0,,False,False,False,False,resistant-enriched,mixed,True,0.09090909090909091,0.9063636363636364,0.9363636363636364,0.8409090909090909,0.95,0.9,0.8,0.02,0.35,9.25,1.38,3.0,0.31622776601683794,2.0,1.0,0.7,2.15,i_db,i,d_b,0.31622776601683794,9.25
0.5,0.6931471805599453,2.0274941748487016,2.0928831644801917,4.120377339328893,0.5079348302651014,0.007934830265101445,0.03174198593811092,0.03174198593811092,0.6930212522112016,-0.00012592834874369796,0.3275780948125173,0.1810547629687067,2.0,1210.9746162898766,7.53599085822797,0.5337843998339333,2.1499999999999995,0.10234576774913856,2.0,11.0,,False,False,False,False,resistant-enriched,mixed,True,0.13680688860321005,0.9095764822022248,0.904235177977753,1.265463719579693,0.95,0.9,0.8,0.02,0.35,9.25,1.38,3.0,0.3981071705534973,2.0,1.0,0.7,2.15,i_db,i,d_b,0.3981071705534973,9.25
0.5,0.6931471805599453,2.0219498794889743,2.076272575966318,4.098222455455293,0.5066275924584124,0.006627592458412379,0.02651192262069751,0.02651192262069729,0.6930593280236361,-8.785253630916312e-05,0.322110602169683,0.19472349457579252,2.0,1203.025458248715,8.116142547963083,0.38949764327500547,2.1500000000000004,0.07318656923627381,1.0,12.0,,False,False,False,False,resistant-enriched,mixed,True,0.2007600089131018,0.9140532006239172,0.8594679937608287,1.8570300824461916,0.95,0.9,0.8,0.02,0.35,9.25,1.38,3.0,0.5011872336272724,2.0,1.0,0.7,2.15,i_db,i,d_b,0.5011872336272724,9.25
0.5,0.6931471805599453,2.0197846088305735,2.050835124173436,4.07061973300401,0.503813978875392,0.0038139788753920323,0.015256211404140012,0.015256211404140012,0.6931180874080831,-2.9093151862169542e-05,0.3157783352136846,0.21055416196578858,2.0,1193.0636091563038,8.87655350729887,0.2971491951045293,2.15,0.056466507077924236,1.0,13.0,,False,False,False,False,resistant-enriched,mixed,True,0.2847472489508015,0.9199323074265561,0.8006769257344389,2.633912052794914,0.95,0.9,0.8,0.02,0.35,9.25,1.38,3.0,0.6309573444801934,2.0,1.0,0.7,2.15,i_db,i,d_b,0.6309573444801934,9.25
0.5,0.6931471805599453,2.021650840862694,2.013855921094276,4.03550676195697,0.4990342080650314,-0.0009657919349685962,-0.0038631725443986874,-0.0038631725443986874,0.693145315050662,-1.8655092832720044e-06,0.30312089076814114,0.24219777307964718,3.0,1180.2997238525336,9.887288787230457,0.24009730310928767,2.15,0.043325429339911806,1.0,14.0,,False,False,False,False,neutral,mixed,True,0.386863179846857,0.92708042258928,0.7291957741072002,3.578484413583427,0.95,0.9,0.8,0.02,0.35,9.25,1.38,3.0,0.7943282347242815,2.0,1.0,0.7,2.15,i_db,i,d_b,0.7943282347242815,9.25
0.5,0.6931471805599453,2.027940295474389,1.963470125679863,3.991410421154252,0.4919238861715601,-0.008076113828439924,-0.032307265104731066,-0.032307265104731066,0.6930167276580537,-0.00013045290189162007,0.28772733110522397,0.28068167223694007,3.0,1164.1841201602924,11.217424458674095,0.20685224984180936,2.15,0.034038833023153435,1.0,16.0,,False,False,False,False,susceptible-enriched,mixed,True,0.5,0.935,0.65,4.625,0.95,0.9,0.8,0.02,0.35,9.25,1.38,3.0,1.0,2.0,1.0,0.7,2.15,i_db,i,d_b,1.0,9.25
0.5,0.6931471805599453,2.0388225456635753,1.9000042746125185,3.938826820276094,0.48237822105601913,-0.01762177894398087,-0.07051632175743376,-0.07051632175743376,0.6925259977402888,-0.0006211828196565072,0.27075892948881375,0.32310267627796563,4.0,1144.824214877941,12.895950505676295,0.18919659675989786,2.15,0.027894248497079676,1.0,18.0,,False,False,False,False,susceptible-enriched,mixed,True,0.6131368201531432,0.9429195774107201,0.5708042258927998,5.671515586416574,0.95,0.9,0.8,0.02,0.35,9.25,1.38,3.0,1.2589254117941675,2.0,1.0,0.7,2.15,i_db,i,d_b,1.2589254117941675,9.25
0.5,0.6931471805599453,2.0539314813500225,1.8272121753320905,3.881143656682113,0.4707922037841098,-0.029207796215890203,-0.11696434846866331,-0.11696434846866331,0.6914400181511853,-0.0017071624087600101,0.25188415637189304,0.3702896090702674,4.0,1123.3944597337718,14.866779501522783,0.1811068673725642,2.1499999999999995,0.023954262084043627,1.0,20.0,,False,False,False,False,susceptible-enriched,mixed,True,0.7152527510491987,0.9500676925734439,0.4993230742655609,6.616087947205088,0.95,0.9,0.8,0.02,0.35,9.25,1.38,3.0,1.584893192461114,2.0,1.0,0.7,2.15,i_db,i,d_b,1.584893192461114,9.25
0.5,0.6931471805599453,2.0719531755771396,1.752087978015648,3.8240411535927876,0.4581770717528798,-0.041822928247120195,-0.1676835184664148,-0.16768351846641458,0.6896447750440062,-0.0035024055159390555,0.23236438782723495,0.4190890304319127,5.0,1101.9364233643769,16.97148678228684,0.1782670044935652,2.15,0.021457416097254264,1.0,23.0,,False,False,False,False,susceptible-enriched,mixed,True,0.7992399910868984,0.9559467993760828,0.4405320062391712,7.39296991755381,0.95,0.9,0.8,0.02,0.35,9.25,1.38,3.0,1.9952623149688797,2.0,1.0,0.7,2.15,i_db,i,d_b,1.9952623149688797,9.25
0.5,0.6931471805599453,2.0906923096192984,1.6825469505368027,3.7732392601561013,0.4459157860207345,-0.054084213979265494,-0.21718657237781083,-0.2171865723778106,0.6872855141294258,-0.005861666430519441,0.21636392715398745,0.4590901821150314,6.0,1082.6253150599323,18.992409704474575,0.1777924727380854,2.15,0.019880767684985194,1.0,25.0,,False,False,False,False,susceptible-enriched,mixed,True,0.8631931113967901,0.9604235177977754,0.39576482202224694,7.984536280420309,0.95,0.9,0.8,0.02,0.35,9.25,1.38,3.0,2.511886431509581,2.0,1.0,0.7,2.15,i_db,i,d_b,2.511886431509581,9.25
0.5,0.6931471805599453,2.1078454375018008,1.624334462611559,3.7321799001133598,0.4352240529890379,-0.06477594701096212,-0.26056813570403525,-0.26056813570403525,0.6847317005478185,-0.008415480012126775,0.2031636276009244,0.49209093099768897,6.0,1066.8511920743344,20.741334268092263,0.1780753135785983,2.15,0.018886056764723307,1.0,28.0,18.0,False,False,False,True,susceptible-enriched,mixed,True,0.9090909090909091,0.9636363636363636,0.36363636363636365,8.409090909090908,0.95,0.9,0.8,0.02,0.35,9.25,1.38,3.0,3.1622776601683795,2.0,1.0,0.7,2.15,i_db,i,d_b,3.1622776601683795,9.25
0.5,0.6931471805599453,2.121947271592784,1.5795399019011191,3.701487173493903,0.42673115638819353,-0.07326884361180647,-0.29520058813166955,-0.29520058813166955,0.6823717745816634,-0.01077540597828186,0.19342177920106315,0.5164455519973421,7.0,1054.9463949079766,22.12443978864294,0.178494246461254,2.15,0.018258572764605657,1.0,30.0,19.0,False,False,False,True,susceptible-enriched,mixed,True,0.9406490568972324,0.9658454339828063,0.3415456601719373,8.7010037762994,0.95,0.9,0.8,0.02,0.35,9.25,1.38,3.0,3.981071705534973,2.0,1.0,0.7,2.15,i_db,i,d_b,3.981071705534973,9.25
0.5,0.6931471805599453,2.1326053848757742,1.5472125591293964,3.679817944005171,0.4204589962527837,-0.07954100374721629,-0.320889454615618,-0.320889454615618,0.6804397195878813,-0.012707460972063989,0.1863467779781801,0.5341330550545498,7.0,1046.480327120665,23.143434665119315,0.1788516672955039,2.15,0.017862728434448815,1.0,31.0,19.0,False,False,False,True,susceptible-enriched,mixed,True,0.9617134961177453,0.9673199447282421,0.32680055271757835,8.895849839089143,0.95,0.9,0.8,0.02,0.35,9.25,1.38,3.0,5.011872336272725,2.0,1.0,0.7,2.15,i_db,i,d_b,5.011872336272725,9.25
0.5,0.6931471805599453,2.1401820581488797,1.5249245117934946,3.6651065699423744,0.41606553116338735,-0.08393446883661265,-0.3389459909456223,-0.33894599094562206,0.6789902571047258,-0.014156923455219461,0.18196663048748096,0.5450834237812976,7.0,1040.7084477309077,23.85626105910547,0.17901728078264523,2.1499999999999995,0.017612998695104957,1.0,32.0,20.0,False,False,False,True,susceptible-enriched,mixed,True,0.975496632449664,0.9682847642714765,0.3171523572852353,9.023343850159392,0.95,0.9,0.8,0.02,0.35,9.25,1.38,3.0,6.309573444801933,2.0,1.0,0.7,2.15,i_db,i,d_b,6.309573444801933,9.25
0.5,0.6931471805599453,2.1453559947497434,1.5100336498636864,3.6553896446134297,0.4130978627925116,-0.0869021372074884,-0.3511735682711509,-0.35117356827115115,0.6779662404275328,-0.015180940132412446,0.179236323326929,0.5519091916826775,7.0,1036.8778282967414,24.337509390450734,0.17918839051187951,2.15,0.017455442816024763,1.0,33.0,20.0,False,False,False,True,susceptible-enriched,mixed,True,0.9843983377581705,0.9689078836430719,0.3109211635692807,9.105684624263077,0.95,0.9,0.8,0.02,0.35,9.25,1.38,3.0,7.943282347242818,2.0,1.0,0.7,2.15,i_db,i,d_b,7.943282347242818,9.25
0.5,0.6931471805599453,2.1487833676637895,1.5002828830849202,3.6490662507487097,0.41114158526913414,-0.08885841473086586,-0.35924812741556056,-0.35924812741556056,0.677271351297976,-0.015875829261969288,0.17734678185808933,0.5566330453547768,8.0,1034.377942620325,24.654636586458174,0.17929069079682167,2.15,0.017356036974855892,1.0,33.0,20.0,False,False,False,True,susceptible-enriched,mixed,True,0.9900990099009901,0.9693069306930693,0.306930693069307,9.158415841584159,0.95,0.9,0.8,0.02,0.35,9.25,1.38,3.0,10.0,2.0,1.0,0.7,2.15,i_db,i,d_b,10.0,9.25
0.5,0.6931471805599453,2.0627017025418444,2.1187563545625285,4.181458057104373,0.506702763875085,0.006702763875084949,0.026812661728812692,0.02681266172881247,0.6930573237813692,-8.985677857609176e-05,0.34161847680594915,0.14595380798512714,2.0,1232.3695211257436,6.107801984992591,5.429895523336559,2.15,0.39355845253942523,5.0,58.0,,False,False,False,False,resistant-enriched,mixed,True,0.009900990099009903,0.9006930693069307,0.9930693069306931,0.09900990099009903,0.95,0.9,0.8,0.02,0.35,10.0,1.38,3.0,0.1,2.0,1.0,0.7,2.15,i_db,i,d_b,0.1,10.0
0.5,0.6931471805599453,2.0597480158112917,2.1178356711603783,4.17758368697167,0.5069523030179193,0.00695230301791927,0.02781100447272591,0.027811004472726133,0.693050508410231,-9.667214971431637e-05,0.3408066029558512,0.14798349261037202,2.0,1231.0323459237102,6.1947336194164695,3.503340582400515,2.15,0.34947633864817773,4.0,41.0,,False,False,False,False,resistant-enriched,mixed,True,0.015601662241829605,0.9010921163569281,0.9890788364307193,0.15601662241829606,0.95,0.9,0.8,0.02,0.35,10.0,1.38,3.0,0.12589254117941673,2.0,1.0,0.7,2.15,i_db,i,d_b,0.12589254117941673,10.0
0.5,0.6931471805599453,2.055402451456473,2.1163400312832916,4.171742482739765,0.5073036123489096,0.007303612348909638,0.029216527500580493,0.029216527500580493,0.6930404912590027,-0.00010668930094259732,0.3395836840899943,0.15104078977501434,2.0,1229.01249487124,6.325120178465062,2.285634151684311,2.15,0.2957880924611259,4.0,29.0,,False,False,False,False,resistant-enriched,mixed,True,0.02450336755033599,0.9017152357285235,0.9828476427147648,0.24503367550335992,0.95,0.9,0.8,0.02,0.35,10.0,1.38,3.0,0.15848931924611134,2.0,1.0,0.7,2.15,i_db,i,d_b,0.15848931924611134,10.0
0.5,0.6931471805599453,2.0493485509309526,2.113905365899058,4.16325391683001,0.5077531681057375,0.007753168105737451,0.031015158410735325,0.031015158410735325,0.6930269525102551,-0.00012022804969014089,0.3377869857450722,0.1555325356373195,2.0,1226.067410303735,6.514695852534336,1.5137055009667257,2.15,0.23355623094421854,4.0,21.0,,False,False,False,False,resistant-enriched,mixed,True,0.038286503882254734,0.9026800552717579,0.9731994472824217,0.38286503882254735,0.95,0.9,0.8,0.02,0.35,10.0,1.38,3.0,0.19952623149688797,2.0,1.0,0.7,2.15,i_db,i,d_b,0.19952623149688797,10.0
0.5,0.6931471805599453,2.0416498064843895,2.109939917769714,4.151589724254103,0.5082245736959947,0.008224573695994719,0.03290126241177711,0.03290126241177711,0.6930118872334454,-0.00013529332649986348,0.33523704335332405,0.16190739161668988,2.0,1222.000007179217,6.7789188706211565,1.0211391333169284,2.1500000000000004,0.17931822349408874,3.0,16.0,,False,False,False,False,resistant-enriched,mixed,True,0.059350943102767596,0.9041545660171938,0.9584543398280627,0.593509431027676,0.95,0.9,0.8,0.02,0.35,10.0,1.38,3.0,0.251188643150958,2.0,1.0,0.7,2.15,i_db,i,d_b,0.251188643150958,10.0
0.5,0.6931471805599453,2.033141673988049,2.103486676031458,4.136628350019507,0.508502697860575,0.008502697860575004,0.03401407046431211,0.03401407046431222,0.6930025818483987,-0.0001445987115465952,0.3317740221274488,0.17056494468137806,2.0,1216.7451056153814,7.130485493662598,0.7034134012352884,2.15,0.13140816381110954,2.0,13.0,,False,False,False,False,resistant-enriched,mixed,True,0.09090909090909091,0.9063636363636364,0.9363636363636364,0.9090909090909092,0.95,0.9,0.8,0.02,0.35,10.0,1.38,3.0,0.31622776601683794,2.0,1.0,0.7,2.15,i_db,i,d_b,0.31622776601683794,10.0
0.5,0.6931471805599453,2.025399086911893,2.0930255770060264,4.118424663917919,0.5082102376045164,0.008210237604516446,0.03284390255278877,0.03284390255278877,0.693012358497795,-0.00013482206215031933,0.32730552753950315,0.18173618115124213,2.0,1210.2829468221155,7.583071261367525,0.49641436326316446,2.1499999999999995,0.09579395555209774,2.0,11.0,,False,False,False,False,resistant-enriched,mixed,True,0.13680688860321005,0.9095764822022248,0.904235177977753,1.3680688860321006,0.95,0.9,0.8,0.02,0.35,10.0,1.38,3.0,0.3981071705534973,2.0,1.0,0.7,2.15,i_db,i,d_b,0.3981071705534973,10.0
0.5,0.6931471805599453,2.0200397772662613,2.07637034059396,4.096410117860222,0.506875601039322,0.006875601039322055,0.02750413788148884,0.02750413788148862,0.6930526298006552,-9.455075929010182e-05,0.3218456495118556,0.19538587622036097,2.0,1202.3729489450297,8.163849974833171,0.36169052038098554,2.1500000000000004,0.06930783806250283,1.0,12.0,,False,False,False,False,resistant-enriched,mixed,True,0.2007600089131018,0.9140532006239172,0.8594679937608287,2.007600089131018,0.95,0.9,0.8,0.02,0.35,10.0,1.38,3.0,0.5011872336272724,2.0,1.0,0.7,2.15,i_db,i,d_b,0.5011872336272724,10.0
0.5,0.6931471805599453,2.018121688707865,2.0508391665274592,4.068960855235324,0.5040203726434844,0.004020372643484427,0.01608183716272095,0.01608183716272095,0.6931148534192109,-3.232714073442278e-05,0.31554338559445805,0.21114153601385488,2.0,1192.458559350696,8.92417054873945,0.27557682969238173,2.15,0.0528778000577092,1.0,13.0,,False,False,False,False,resistant-enriched,mixed,True,0.2847472489508015,0.9199323074265561,0.8006769257344389,2.8474724895080152,0.95,0.9,0.8,0.02,0.35,10.0,1.38,3.0,0.6309573444801934,2.0,1.0,0.7,2.15,i_db,i,d_b,0.6309573444801934,10.0
0.5,0.6931471805599453,2.020215822701304,2.013726651593116,4.03394247429442,0.4991956787746058,-0.0008043212253942,-0.0032172876767363077,-0.0032172876767363077,0.69314588669412,-1.2938658252581448e-06,0.30251581356102053,0.24371046609744873,3.0,1179.720443971958,9.93618279009575,0.22250701978153647,2.15,0.04025839749516698,1.0,14.0,,False,False,False,False,neutral,mixed,True,0.386863179846857,0.92708042258928,0.7291957741072002,3.8686317984685696,0.95,0.9,0.8,0.02,0.35,10.0,1.38,3.0,0.7943282347242815,2.0,1.0,0.7,2.15,i_db,i,d_b,0.7943282347242815,10.0
0.5,0.6931471805599453,2.0266913048380815,1.963167209283723,3.9898585141218046,0.49203930473605517,-0.007960695263944828,-0.03184547208111637,-0.03184547208111637,0.693020429866438,-0.00012675069350731594,0.2872750135016755,0.28181246624581124,3.0,1163.5994262472718,11.270409454390352,0.19166428199202748,2.15,0.031501287908682465,1.0,16.0,,False,False,False,False,susceptible-enriched,mixed,True,0.5,0.935,0.65,5.0,0.95,0.9,0.8,0.02,0.35,10.0,1.38,3.0,1.0,2.0,1.0,0.7,2.15,i_db,i,d_b,1.0,10.0
0.5,0.6931471805599453,2.037731504550913,1.899479937916915,3.937211442467828,0.4824429588486436,-0.017557041151356423,-0.07025704972462764,-0.07025704972462764,0.6925305544189411,-0.0006166261410042173,0.27004653865536893,0.32488365336157776,4.0,1144.2049468573407,12.956678773691475,0.1753220751114743,2.15,0.025772969727136833,1.0,18.0,,False,False,False,False,susceptible-enriched,mixed,True,0.6131368201531432,0.9429195774107201,0.5708042258927998,6.131368201531432,0.95,0.9,0.8,0.02,0.35,10.0,1.38,3.0,1.2589254117941675,2.0,1.0,0.7,2.15,i_db,i,d_b,1.2589254117941675,10.0
0.5,0.6931471805599453,2.052993330905747,1.826414484503353,3.8794078154091,0.4707972379827641,-0.029202762017235873,-0.11694414273626343,-0.11694414273626343,0.6914406069220911,-0.001706573637854203,0.2513422720102897,0.3716443199742758,4.0,1122.7150740321727,14.938983780935182,0.1678468737219196,2.15,0.022121295188943044,1.0,20.0,,False,False,False,False,susceptible-enriched,mixed,True,0.7152527510491987,0.9500676925734439,0.4993230742655609,7.152527510491987,0.95,0.9,0.8,0.02,0.35,10.0,1.38,3.0,1.584893192461114,2.0,1.0,0.7,2.15,i_db,i,d_b,1.584893192461114,10.0
0.5,0.6931471805599453,2.071188095240894,1.7509884770041713,3.8221765722450654,0.4581129217627112,-0.04188707823728882,-0.16794192920587303,-0.1679419292058728,0.6896340098594519,-0.0035131707004933954,0.2316321473541479,0.4209196316146303,5.0,1101.1870831824776,17.05792068897746,0.1652340767977189,2.15,0.019813137382786245,1.0,23.0,,False,False,False,False,susceptible-enriched,mixed,True,0.7992399910868984,0.9559467993760828,0.4405320062391712,7.992399910868984,0.95,0.9,0.8,0.02,0.35,10.0,1.38,3.0,1.9952623149688797,2.0,1.0,0.7,2.15,i_db,i,d_b,1.9952623149688797,10.0
0.5,0.6931471805599453,2.0901072862903147,1.6811434346531877,3.7712507209435024,0.4457787506189974,-0.05422124938100259,-0.21774122004625457,-0.21774122004625435,0.6872557138774256,-0.005891466682519719,0.21543543228197687,0.4614114192950579,6.0,1081.8103539238264,19.09383987819012,0.16478619502128958,2.15,0.018357206489102808,1.0,26.0,,False,False,False,False,susceptible-enriched,mixed,True,0.8631931113967901,0.9604235177977754,0.39576482202224694,8.631931113967902,0.95,0.9,0.8,0.02,0.35,10.0,1.38,3.0,2.511886431509581,2.0,1.0,0.7,2.15,i_db,i,d_b,2.511886431509581,10.0
0.5,0.6931471805599453,2.1074364795659686,1.6226645502101178,3.7301010297760864,0.4350189277065036,-0.06498107229349642,-0.26140268810875866,-0.26140268810875866,0.6846781658430086,-0.00846901471693673,0.20237084661374743,0.4940728834656315,6.0,1065.980839585821,20.8566145676595,0.16504327115921485,2.15,0.017439068735414974,1.0,28.0,18.0,False,False,False,True,susceptible-enriched,mixed,True,0.9090909090909091,0.9636363636363636,0.36363636363636365,9.09090909090909,0.95,0.9,0.8,0.02,0.35,10.0,1.38,3.0,3.1622776601683795,2.0,1.0,0.7,2.15,i_db,i,d_b,3.1622776601683795,10.0
0.5,0.6931471805599453,2.1216876270823155,1.5776581467472608,3.6993457738295765,0.4264695011502164,-0.07353049884978358,-0.2962702606020954,-0.2962702606020954,0.682294393862485,-0.01085278669746026,0.19240832878305134,0.5189791780423717,7.0,1054.034858717315,22.251018256814113,0.1654179281291879,2.1499999999999995,0.016860002061879775,1.0,30.0,19.0,False,False,False,True,susceptible-enriched,mixed,True,0.9406490568972324,0.9658454339828063,0.3415456601719373,9.406490568972325,0.95,0.9,0.8,0.02,0.35,10.0,1.38,3.0,3.981071705534973,2.0,1.0,0.7,2.15,i_db,i,d_b,3.981071705534973,10.0
0.5,0.6931471805599453,2.1324569684019674,1.5451732242564575,3.677630192658425,0.42015459502726893,-0.07984540497273107,-0.3221387979114644,-0.3221387979114644,0.6803418503001372,-0.012805330259808123,0.18541427518987771,0.5364643120253058,7.0,1045.5364300589545,23.278455197252335,0.16574533969594474,2.15,0.016494734528711363,1.0,31.0,20.0,False,False,False,True,susceptible-enriched,mixed,True,0.9617134961177453,0.9673199447282421,0.32680055271757835,9.617134961177452,0.95,0.9,0.8,0.02,0.35,10.0,1.38,3.0,5.011872336272725,2.0,1.0,0.7,2.15,i_db,i,d_b,5.011872336272725,10.0
0.5,0.6931471805599453,2.1401208922000095,1.5227798383959976,3.6629007305960073,0.41573057813887826,-0.08426942186112174,-0.3403248135058645,-0.3403248135058643,0.6788764952084458,-0.014270685351499446,0.18108282288118227,0.5472929427970443,7.0,1039.7481638502481,23.997275842284758,0.1658959726663267,2.15,0.01626430533378591,1.0,32.0,20.0,False,False,False,True,susceptible-enriched,mixed,True,0.975496632449664,0.9682847642714765,0.3171523572852353,9.75496632449664,0.95,0.9,0.8,0.02,0.35,10.0,1.38,3.0,6.309573444801933,2.0,1.0,0.7,2.15,i_db,i,d_b,6.309573444801933,10.0
0.5,0.6931471805599453,2.145351178612792,1.5078162881569501,3.653167466769742,0.4127421756249828,-0.08725782437501722,-0.3526408212774787,-0.3526408212774789,0.6778410715653038,-0.015306108994641465,0.17838227616475577,0.5540443095881106,7.0,1035.902663054905,24.4825732744316,0.16605876039957912,2.15,0.01611892961709801,1.0,33.0,20.0,False,False,False,True,susceptible-enriched,mixed,True,0.9843983377581705,0.9689078836430719,0.3109211635692807,9.843983377581706,0.95,0.9,0.8,0.02,0.35,10.0,1.38,3.0,7.943282347242818,2.0,1.0,0.7,2.15,i_db,i,d_b,7.943282347242818,10.0
0.5,0.6931471805599453,2.1488200387047143,1.4980200630239615,3.646840101728676,0.4107720715020847,-0.08922792849791528,-0.36077459406381973,-0.36077459406381973,0.6771383221566663,-0.016008858403279036,0.17621199297268775,0.5594700175682806,8.0,1033.39721792528,24.802377041383313,0.16613261293229098,2.15,0.016027209703761664,1.0,33.0,20.0,False,False,False,True,susceptible-enriched,mixed,True,0.9900990099009901,0.9693069306930693,0.306930693069307,9.900990099009901,0.95,0.9,0.8,0.02,0.35,10.0,1.38,3.0,10.0,2.0,1.0,0.7,2.15,i_db,i,d_b,10.0,10.0
