case,time,n_s,n_r,a,b,s,f_R
baseline,0.0,0.2,0.2,2.15,0.0,4.0,0.5
baseline,0.1,0.19602088363623726,0.19651277614755763,2.117553548197413,0.018095890772597625,3.999791833686834,0.5006265609318591
baseline,0.2,0.1922055227858289,0.19316583950184707,2.084786133826672,0.034918936389282444,3.9994548088462443,0.5012459627387948
baseline,0.30000000000000004,0.18855268435699535,0.18995904202885472,2.051798079223771,0.05054166486368766,3.9989853246825677,0.5018577465027143
baseline,0.4,0.18506120326655978,0.1868922872079901,2.018680047995015,0.06503300949619814,3.9983797055261734,0.5024614420731665
baseline,0.5,0.1817299980833363,0.1839655446198813,1.9855135817275749,0.07845846625012382,3.997634175081775,0.5030565679308255
baseline,0.6000000000000001,0.17855808684510827,0.18117886485055948,1.9523717369501903,0.09088027824262719,3.996744826518512,0.5036426310851552
baseline,0.7000000000000001,0.17554460070312228,0.17853239247404593,1.9193195432099956,0.10235755496239503,3.995707601820004,0.5042191272357375
baseline,0.8,0.17268879915419727,0.17602638065271667,1.886414595003232,0.11294643477875893,3.994518262763366,0.5047855408823434
baseline,0.9,0.16999008476050267,0.1736612053623579,1.8537075733634907,0.12270022144723389,3.9931723646962447,0.5053413455839825
baseline,1.0,0.16744801802275272,0.17143737985841098,1.8212427587683093,0.13166951719147074,3.991665228540454,0.5058860043256529
baseline,1.1,0.1650623328068349,0.1693555697554987,1.7890585173333144,0.13990234929222373,3.9899919115818374,0.5064189699710582
baseline,1.2000000000000002,0.16283295201134743,0.16741660841223474,1.757187753095896,0.1474442876642481,3.988147175362716,0.5069396858469823
baseline,1.3,0.16076000607194837,0.16562151510953124,1.7256583894257091,0.1543385699192468,3.9861254558312877,0.5074475862174803
baseline,1.4000000000000001,0.15884385233987675,0.16397151414721928,1.69449382680694,0.1606262207221276,3.9839208316117922,0.5079420968449274
baseline,1.5,0.1570850899202433,0.16246804960999603,1.6637132006805104,0.16634612667331575,3.9815269751034306,0.5084226362126593
baseline,1.6,0.15548458201523602,0.16111280739691333,1.633331826522652,0.17153514707948667,3.978937121571338,0.5088886162203164
baseline,1.7000000000000002,0.15404347918604466,0.15990773818932338,1.603361548122357,0.17622821283946524,3.9761440239143564,0.5093394430069486
baseline,1.8,0.1527632469361267,0.15885508464845083,1.5738110886397034,0.1804584354541834,3.973139901193679,0.509774517566645
baseline,1.9000000000000001,0.15164568635003958,0.1579574018872092,1.544686275179021,0.1842571584422275,3.969916394039301,0.5101932373690228
baseline,2.0,0.15069296681935046,0.15721758966718205,1.5159903656046043,0.1876540600882163,3.966464502132397,0.5105949970054322
baseline,2.1,0.14990765694338046,0.15663892282495956,1.4877242932601138,0.1906772277534916,3.9627745259459988,0.5109791893399463
baseline,2.2,0.14929275715180507,0.15622508333157425,1.459886873146462,0.19335322149576586,3.958836005587143,0.5113452068278584
baseline,2.3000000000000003,0.14885173896836626,0.1559801987723396,1.4324750432331257,0.19570715155115107,3.954637635817899,0.5116924424927498
baseline,2.4000000000000004,0.14858858474154618,0.1559088812043911,1.405484033927811,0.19776273754313684,3.9501671995551475,0.5120202912692623
baseline,2.5,0.1485078330615202,0.1560162714560372,1.3789075505219368,0.1995423695469084,3.945411478183366,0.5123281511760985
baseline,2.6,0.14861462950900864,0.15630808850246392,1.3527379558647399,0.20106716701240313,3.9403561457288796,0.5126154243993815
baseline,2.7,0.14891477905406417,0.1567906802639669,1.3269663782178485,0.20235702808866696,3.934985684926602,0.5128815187459725
baseline,2.8000000000000003,0.14941480677833469,0.1574710823229563,1.3015828704861605,0.2034306813389249,3.9292832560722153,0.5131258487775607
baseline,2.9000000000000004,0.15012202326012672,0.15835708092298115,1.2765765209892432,0.20430573066109678,3.923230577781347,0.5133478371001204
baseline,3.0,0.15104459618814206,0.15945728171875223,1.2519355432409782,0.2049986956106836,3.91680780120812,0.5135469157019603
baseline,3.1,0.15219163048039472,0.16078118644054876,1.227647413115657,0.20552505169280635,3.90999332459878,0.5137225271585227
baseline,3.2,0.15357325494447735,0.16233927546851568,1.203698903932092,0.20589926252568652,3.9027636728505435,0.5138741260319406
baseline,3.3000000000000003,0.15520071859839446,0.16414309927463916,1.1800761549599126,0.20613481050334573,3.895093325851204,0.514001180194758
baseline,3.4000000000000004,0.1570864966602174,0.16620537862669832,1.156764752116627,0.20624422339039697,3.8869545058328576,0.514103172185178
baseline,3.5,0.15924440683587665,0.16854011403136251,1.1337498596357336,0.20623909610067256,3.8783168767996212,0.5141796006274055
baseline,3.6,0.16168973950314391,0.17116270786180313,1.1110161920685604,0.20613011185347538,3.8691474114575017,0.5142299815333382
baseline,3.7,0.16443940039737734,0.1740900975589111,1.0885480936472007,0.20592705801703104,3.859410105009233,0.514253849693742
baseline,3.8000000000000003,0.16751206288361198,0.1773408968299058,1.06632956273363,0.2056388324791316,3.849065679356238,0.5142507606059971
baseline,3.9000000000000004,0.1709283320766264,0.18093554684621166,1.044344248733974,0.2052734420857319,3.8380712592145514,0.5142202928021773
baseline,4.0,0.17471094488802658,0.18489650103272057,1.0225755649787678,0.20483801846979327,3.8263800495394893,0.514162048450658
baseline,4.1000000000000005,0.1788849738041266,0.1892484112409148,1.001006704569026,0.2043388120526362,3.813940958038807,0.5140756555338226
baseline,4.2,0.18347804450775648,0.19401832498534094,0.9796206350777814,0.2037811792238866,3.800698174754193,0.5139607706581893
baseline,4.3,0.1885205790719296,0.19923590499977933,0.9584001169786286,0.20316956872209918,3.7865907252120277,0.5138170815550671
baseline,4.4,0.19404607540509294,0.20493368125067848,0.9373277820025239,0.20250751256721333,3.771552008014913,0.5136443085945573
baseline,4.5,0.20009139586741267,0.21114730811576776,0.916386145486971,0.20179760192491408,3.7555092688546705,0.5134422078239106
baseline,4.6000000000000005,0.206697069284043,0.2179158304342989,0.8955576408180466,0.2010414621089971,3.7383830291606137,0.5132105750410523
baseline,4.7,0.21390763353648312,0.22528198483076428,0.8748246578729513,0.2002397220068631,3.7200864839368646,0.5129492488194132
baseline,4.800000000000001,0.22177200620682658,0.2332925232863035,0.854169585969983,0.19939197859878216,3.700524855694865,0.512658113666109
baseline,4.9,0.23034386760048345,0.24199854287841513,0.8335748643969573,0.1984967608547494,3.679594701148395,0.5123371044176567
baseline,5.0,0.23968204983026417,0.25145581491585,0.8130230783300327,0.19755154627987337,3.657183299364105,0.5119862119485249
baseline,5.1000000000000005,0.2498509705163834,0.2617251510721334,0.7924970071239417,0.19655269104631942,3.6331678073247833,0.511605487487257
baseline,5.2,0.2609210711787477,0.2728727664785195,0.7719797025396445,0.1954953872754897,3.607414433290737,0.5111950480284915
baseline,5.300000000000001,0.27296925580928166,0.2849706349896112,0.7514545980551552,0.1943736466365352,3.5797776478419787,0.5107550825619811
baseline,5.4,0.2860793290639496,0.29809683568621786,0.7309057000116738,0.19318037592245407,3.5500997570223585,0.5102858583997583
baseline,5.5,0.3003424153878447,0.3123358726400589,0.7103177181034623,0.19190735110718202,3.518209999350244,0.5097877283123733
baseline,5.6000000000000005,0.31585735394604236,0.3277789629325463,0.6896762155419001,0.1905452278682237,3.483923824625284,0.509261137597331
baseline,5.7,0.3327310340468656,0.3445242591139138,0.6689678023360077,0.18908357786989652,3.4470422020003215,0.5087066318906189
baseline,5.800000000000001,0.351078655177867,0.3626769916686583,0.648180408953498,0.18751101343437798,3.4073512963212758,0.5081248649604625
baseline,5.9,0.3710238915968827,0.382349513645031,0.6273036209445232,0.18581540073640088,3.3646225843920763,0.5075166059548596
baseline,6.0,0.39269888255292307,0.4036611741910769,0.6063289313104554,0.18398393782440883,3.3186123111469756,0.506882748290374
baseline,6.1000000000000005,0.416244080331342,0.4267380543973052,0.5852501387630402,0.18200348193482463,3.2690625193765315,0.5062243158150328
baseline,6.2,0.4418077956138355,0.4517124164516647,0.564063727056532,0.1798607722159729,3.215701108723671,0.5055424716218413
baseline,6.300000000000001,0.4695455178397181,0.47872194508767435,0.5427693331621262,0.17754287230723073,3.1582440162819347,0.5048385226777832
baseline,6.4,0.4996188023500366,0.5079085900499996,0.52137022512649,0.17503756567437775,3.0963965993752356,0.5041139267093353
baseline,6.5,0.5321937480779231,0.5394170399486657,0.4998738020361399,0.17233383071974057,3.0298567159240055,0.5033702963573391
baseline,6.6000000000000005,0.5674389696415304,0.5733927456951609,0.47829213978251917,0.1694224120762433,2.958318907693545,0.5026094015329305
baseline,6.7,0.6055228583933698,0.6099793114981028,0.45664254784245745,0.1662963711489682,2.881478236352477,0.501833173652471
baseline,6.800000000000001,0.646610205668785,0.6493153327240242,0.4349480163796856,0.16295161587852755,2.799038518270364,0.5010437046632301
baseline,6.9,0.6908579057892705,0.6915304344251756,0.4132378615544178,0.15938760597491394,2.7107177218684404,0.5002432488094484
baseline,7.0,0.7384095958442286,0.7367403847569697,0.3915479785373137,0.15560765065594262,2.6162601235904046,0.499434223262309
baseline,7.1000000000000005,0.7893891842377585,0.7850412637089186,0.3699212076189071,0.15161935342973,2.5154480410429483,0.4986192084462955
baseline,7.2,0.8438928904825376,0.8365023519271937,0.34840758985654885,0.14743492261365468,2.4081156032824333,0.49780095230906934
baseline,7.300000000000001,0.9019797474731706,0.8911577142526749,0.3270643957015761,0.1430712673971108,2.294166627889493,0.49698237490111896
baseline,7.4,0.963659803701615,0.948995791231515,0.3059557303359698,0.1385496484253348,2.1735982565577827,0.4961665831242837
baseline,7.5,1.0288803822981674,1.009947364995393,0.28515222354634895,0.13389547221471051,2.046525358755646,0.49535688649325404
baseline,7.6000000000000005,1.0975094689083642,1.0738710569806262,0.26473022574939503,0.12913762832852865,1.9132120499058949,0.4945568241849134
baseline,7.7,1.169316001734909,1.1405361804719525,0.2447706501109911,0.1243076066536475,1.7741093173337967,0.49377020281110373
baseline,7.800000000000001,1.2439472726125242,1.2096031644631546,0.2253575771405369,0.11943852399453292,1.6298971669464546,0.49300114078960955
baseline,7.9,1.3209035291629876,1.280601638240271,0.2065764613154756,0.11456399242587292,1.4815324817505031,0.49225412053227924
baseline,8.0,1.3995112881652523,1.3529075472828878,0.1885120292125705,0.10971696073430114,1.3302989956765205,0.4915340390273894
baseline,8.1,1.478898384475364,1.425722003398066,0.17124589203591592,0.10492859799137105,1.177853775105285,0.49084624254183007
baseline,8.200000000000001,1.5579761256813107,1.498056631974805,0.15485390938072027,0.10022728967952241,1.0262609999581318,0.4901965229992393
baseline,8.3,1.6354407735528032,1.5687363093175333,0.1394033657720056,0.09563786744336811,0.8779868477812088,0.48959101471140987
baseline,8.4,1.7098044080623591,1.6364280186444762,0.12495015466967847,0.09118101263363686,0.7358413422610508,0.48903596940364125
baseline,8.5,1.779477153942677,1.699715318197849,0.1115359597346307,0.08687296755960651,0.6028208506748666,0.48853730623075364
baseline,8.6,1.8429093305219637,1.7572256473847256,0.09918573959395532,0.08272547198181748,0.4818394158128792,0.48809993463258156
baseline,8.700000000000001,1.898790147400918,1.8078071729045666,0.08790576609466251,0.07874594307993577,0.37535311167893914,0.4877268871374389
baseline,8.8,1.9462630588692882,1.8507193839063685,0.07768263053548378,0.07493785949407525,0.2849538923871254,0.4874184729054112
baseline,8.9,1.985085589250972,1.8857731840761007,0.06848364323742398,0.07130131785465539,0.21106963025731976,0.48717178654783233
baseline,9.0,2.015659966557765,1.913355304357307,0.060258903482963345,0.06783371742371197,0.15290884769579094,0.4869808775041194
baseline,9.1,2.038911119773703,1.9343168567465683,0.05294491805954792,0.06453049871826251,0.10869391587466577,0.48683762124332747
baseline,9.200000000000001,2.05606268587928,1.9497717785927862,0.04646918919722276,0.06138584307636827,0.07608631077570392,0.4867329880666322
baseline,9.3,2.068402142224028,1.9608866086580392,0.04075493451909042,0.05839325173455506,0.05263148100623674,0.4866582491087972
baseline,9.4,2.0771077376492144,1.9687262192638124,0.035725182697020706,0.0555459651357065,0.0360860127897567,0.4866057876398742
baseline,9.5,2.0831603029951875,1.9741757379791818,0.031305829358843955,0.05283723071060925,0.024583808702257327,0.48656944311299477
baseline,9.600000000000001,2.0873237661265924,1.977923914237865,0.02742759380795736,0.050260455489431886,0.016672113739384934,0.48654450349764183
baseline,9.700000000000001,2.090166192682399,1.9804826062047567,0.024027047734297743,0.04780928242112605,0.011270969870124282,0.48652750557753494
baseline,9.8,2.0920965394807753,1.982220163939996,0.02104696795286404,0.04547762280371582,0.007603053248325494,0.48651597512675837
baseline,9.9,2.093402720561688,1.9833958475379143,0.018436251546353113,0.04325966506611806,0.005121183137461691,0.4865081790053889
baseline,10.0,2.094284364854693,1.9841893880418435,0.016149576877623053,0.04114987179402929,0.003445995864287734,0.4865029195376505
baseline,10.100000000000001,2.094878452818584,1.9847240986311299,0.014146937737070805,0.039142971350817006,0.00231719609108553,0.4864993767409634
baseline,10.200000000000001,2.0952783164376707,1.9850839927592616,0.0123931305987021,0.03723394723623726,0.0015574378356683924,0.4864969927511049
baseline,10.3,2.0955472455763187,1.9853260383950402,0.010857242249283113,0.035418026710283046,0.001046462888961013,0.486495389649294
baseline,10.4,2.09572802031644,1.9854887411124789,0.009512163669762508,0.03369066939456784,0.0007029853502832793,0.48649431215638694
baseline,10.5,2.095849495021168,1.9855980716148134,0.008334142489366042,0.03204755616317396,0.0004721801079948586,0.48649358816861804
baseline,10.600000000000001,2.0959311028509875,1.9856715206788729,0.007302378565362257,0.030484578452709715,0.0003171231987271603,0.4864931018104893
baseline,10.700000000000001,2.095985919037354,1.985720856521123,0.0063986628703181555,0.028997828038930265,0.0002129711628872446,0.4864927751331251
baseline,10.8,2.096022735303624,1.9857539919804805,0.005607057484147854,0.027583587286821313,0.00014301943405195744,0.4864925557311763
baseline,10.9,2.096047460513179,1.9857762452032184,0.004913613414953363,0.026238319864823875,9.604100076067333e-05,0.4864924083865343
baseline,11.0,2.09606406473266,1.9857911893520694,0.004306122580400471,0.024958661906823852,6.449263191421539e-05,0.486492309438185
baseline,11.100000000000001,2.0960752149436566,1.985801224774558,0.003773900252422846,0.023741413602805718,4.330699819426274e-05,0.48649224299196187
baseline,11.200000000000001,2.0960827024894537,1.985807963720463,0.00330759448937373,0.022583531198612547,2.9080506396158546e-05,0.48649219837245394
baseline,11.3,2.0960877304031817,1.9858124889460151,0.0028990193409288113,0.02148211938541785,1.9527367063632197e-05,0.48649216841038456
baseline,11.4,2.0960911066457237,1.9858155276332936,0.002541008925500451,0.020434424060112418,1.3112437224037102e-05,0.4864921482909043
baseline,11.5,2.096093373770337,1.9858175680916352,0.0022272898160389226,0.019437825438728094,8.804854258884658e-06,0.4864921347808241
baseline,11.600000000000001,2.0960948961244705,1.985818938241309,0.0019523694380880856,0.018489831505630654,5.912350447388734e-06,0.4864921257089329
baseline,11.700000000000001,2.096095918381547,1.9858198582934348,0.0017114384831699338,0.017588071782233917,3.970041246490234e-06,0.48649211961718375
baseline,11.8,2.09609660478148,1.9858204760673,0.0015002856075819815,0.016730291400431054,2.665867450488684e-06,0.4864921155268483
baseline,11.9,2.0960970656764033,1.9858208908820756,0.0013152227249972706,0.015914345462148066,1.7901577493717536e-06,0.48649211278032356
baseline,12.0,2.0960973752039473,1.9858211694631385,0.0011530197667053313,0.015138193676797316,1.2020491406383802e-06,0.48649211093581457
baseline,12.100000000000001,2.0960975830378277,1.9858213565178413,0.0010108476471282304,0.01439989526081956,8.071605570667195e-07,0.48649210969730944
baseline,12.200000000000001,2.0960977225953354,1.9858214821224252,0.0008862282817938611,0.01369760408396377,5.419984652169371e-07,0.48649210886567085
baseline,12.3,2.0960978163094524,1.9858215664670285,0.0007769908732828933,0.013029564052064723,3.6393974457039123e-07,0.48649210830721806
baseline,12.4,2.096097879238151,1.9858216231041321,0.0006812337098917884,0.01239410471673308,2.443739420894455e-07,0.4864921079322191
baseline,12.5,2.0960979214928197,1.9858216611341892,0.00059729071115055,0.011789637098600168,1.6408921628980681e-07,0.48649210768041884
baseline,12.600000000000001,2.096097949866081,1.9858216866706992,0.0005237021453622664,0.011214649714039567,1.101794448635478e-07,0.4864921075113396
baseline,12.700000000000001,2.0960979689171384,1.9858217038170372,0.00045918899497624383,0.010667704795139317,7.398204929301603e-08,0.4864921073978123
baseline,12.8,2.0960979817092964,1.9858217153302384,0.00040263052685467237,0.010147434694699593,4.967668977960022e-08,0.48649210732158243
baseline,12.9,2.0960979902988517,1.9858217230610118,0.00035304465604681264,0.009652538466445745,3.335636092738625e-08,0.4864921072703962
baseline,13.0,2.0960979960663866,1.98582172825191,0.0003095707521204005,0.009181778611982716,2.2397928753879893e-08,0.4864921072360268
baseline,13.100000000000001,2.0960979999392215,1.9858217317375402,0.0002714545846973661,0.008733977986403884,1.5039463508958426e-08,0.4864921072129482
baseline,13.200000000000001,2.0960980025396965,1.9858217340780202,0.00023803514094720038,0.008308016854843487,1.0098508851962208e-08,0.4864921071974517
baseline,13.3,2.0960980042837143,1.9858217356476717,0.00020873320927541187,0.007902830105480112,6.784838721325471e-09,0.48649210718705893
baseline,13.4,2.096098005459773,1.9858217367061484,0.0001830407833608023,0.0075174045405384075,4.550304019051756e-09,0.48649210718005065
baseline,13.5,2.0960980062610868,1.9858217374273472,0.0001605125861584258,0.007150776378278126,3.027790913739363e-09,0.4864921071752756
baseline,13.600000000000001,2.0960980067881927,1.985821737901753,0.00014075899256887206,0.0068020288928640656,2.026279468250691e-09,0.4864921071721345
baseline,13.700000000000001,2.0960980071261037,1.9858217382058803,0.00012343787055116008,0.006470290021380032,1.3842410511667415e-09,0.4864921071701209
baseline,13.8,2.0960980073350663,1.9858217383939503,0.00010824953597418604,0.006154730252263478,9.872089318192249e-10,0.48649210716887564
baseline,13.9,2.096098007494116,1.9858217385370986,9.493103611966771e-05,0.005854560514975013,6.850104170265225e-10,0.4864921071679279
baseline,14.0,2.09609800762774,1.9858217386573627,8.325197139055907e-05,0.005569030227331994,4.3112244404243793e-10,0.4864921071671316
baseline,14.100000000000001,2.096098007710399,1.9858217387317574,7.301050324829873e-05,0.005297425417426115,2.740686610942869e-10,0.486492107166639
baseline,14.200000000000001,2.096098007743636,1.9858217387616712,6.402951412608404e-05,0.005039066930177607,2.1091803329617872e-10,0.48649210716644087
baseline,14.3,2.0960980077473796,1.9858217387650403,5.615375631850619e-05,0.004793308734655207,2.0380512064759543e-10,0.48649210716641855
baseline,14.4,2.09609800778852,1.9858217388020676,4.9247143912727355e-05,0.00455953630843495,1.256371433242827e-10,0.4864921071661734
baseline,14.5,2.0960980078360683,1.9858217388448622,4.31903416492687e-05,0.004337165097389244,3.5294406396502654e-11,0.4864921071658901
baseline,14.600000000000001,2.096098007824111,1.9858217388341004,3.787875682300199e-05,0.004125639058743922,5.801313802866104e-11,0.4864921071659613
baseline,14.700000000000001,2.096098007814296,1.9858217388252664,3.3220634381639766e-05,0.0039244292668087835,7.666237058878233e-11,0.48649210716601987
baseline,14.8,2.0960980078277327,1.98582173883736,2.9135533244463808e-05,0.0037330325918151722,5.113186594163614e-11,0.4864921071659398
baseline,14.9,2.0960980078381155,1.9858217388467045,2.5552950390048275e-05,0.003550970444143446,3.1405162033318225e-11,0.4864921071658779
baseline,15.0,2.0960980078410527,1.9858217388493484,2.241102749905096e-05,0.0033777875724283275,2.5823650242728833e-11,0.4864921071658604
baseline,15.100000000000001,2.096098007846568,1.985821738854312,1.9655545302142895e-05,0.0032130509295114403,1.53447669581001e-11,0.4864921071658275
baseline,15.200000000000001,2.0960980078490947,1.9858217388565864,1.723895262671714e-05,0.00305634858750434,1.0543886515725546e-11,0.4864921071658125
baseline,15.3,2.0960980078500793,1.9858217388574726,1.511955359782706e-05,0.0029072887088474296,8.67299883093552e-12,0.48649210716580665
baseline,15.4,2.0960980078521416,1.9858217388593284,1.3260786272489644e-05,0.0027654985662147603,4.754628550016275e-12,0.4864921071657943
baseline,15.5,2.096098007853305,1.985821738860376,1.1630585795245838e-05,0.0026306236026032736,2.5430833498280313e-12,0.48649210716578745
baseline,15.600000000000001,2.096098007853498,1.9858217388605495,1.0200828686655735e-05,0.0025023265512642183,2.177399070805419e-12,0.4864921071657863
baseline,15.700000000000001,2.096098007853468,1.9858217388605226,8.946861856322296e-06,0.0023802866032769125,2.2342298710054994e-12,0.4864921071657864
baseline,15.8,2.0960980078537723,1.9858217388607968,7.847073288499153e-06,0.002264198608162372,1.6554286439446798e-12,0.48649210716578467
baseline,15.9,2.0960980078541827,1.9858217388611659,6.882502847938919e-06,0.0021537722910876006,8.75836451046434e-13,0.48649210716578223
baseline,16.0,2.0960980078542937,1.9858217388612656,6.036524312980215e-06,0.0020487315397772913,6.655565687947089e-13,0.48649210716578145
baseline,16.1,2.096098007854328,1.9858217388612962,5.2945285138737775e-06,0.001948813629536425,6.011019403521227e-13,0.48649210716578134
baseline,16.2,2.0960980078543483,1.9858217388613142,4.643679013812035e-06,0.0018537685700935225,5.624260744154714e-13,0.4864921071657811
baseline,16.3,2.096098007854496,1.9858217388614472,4.072918218586038e-06,0.0017633590947691107,2.817681725778643e-13,0.48649210716578023
baseline,16.400000000000002,2.096098007854608,1.9858217388615484,3.572289113183414e-06,0.0016773588176536402,6.812058993066063e-14,0.4864921071657796
baseline,16.5,2.096098007854605,1.9858217388615456,3.133244308355775e-06,0.0015955529499356185,7.400750703243827e-14,0.4864921071657797
baseline,16.6,2.0960980078545846,1.985821738861527,2.7481425567993244e-06,0.0015177367202086106,1.1263023474401338e-13,0.48649210716577973
baseline,16.7,2.09609800785459,1.9858217388615318,2.4103915978249213e-06,0.0014437156996033353,1.0253027693904927e-13,0.4864921071657797
baseline,16.8,2.0960980078546076,1.9858217388615478,2.1141471725463314e-06,0.0013733047022535484,6.904344585550755e-14,0.48649210716577956
baseline,16.900000000000002,2.0960980078546307,1.9858217388615682,1.854320386091434e-06,0.0013063277016456547,2.529414213078059e-14,0.4864921071657794
baseline,17.0,2.0960980078546405,1.9858217388615773,1.6264317254879517e-06,0.0012426172298618152,7.14481333501388e-15,0.4864921071657794
baseline,17.1,2.0960980078546343,1.9858217388615715,1.4265561189654525e-06,0.0011820139162615276,1.855272115019006e-14,0.48649210716577934
baseline,17.2,2.096098007854623,1.9858217388615613,1.2512585616201295e-06,0.0011243662406862289,3.976981195357238e-14,0.4864921071657794
baseline,17.3,2.0960980078546214,1.9858217388615595,1.097546401863433e-06,0.0010695303082838656,4.3811987794056066e-14,0.4864921071657794
baseline,17.400000000000002,2.096098007854624,1.985821738861562,9.628198914391065e-07,0.0010173691637712374,3.8722826777755473e-14,0.48649210716577945
baseline,17.5,2.09609800785463,1.9858217388615675,8.446505930639562e-07,0.0009677520136407121,2.730314136909642e-14,0.48649210716577945
baseline,17.6,2.0960980078546383,1.9858217388615755,7.40841291415825e-07,0.0009205542285820224,1.0781323917215016e-14,0.4864921071657795
baseline,17.7,2.096098007854647,1.9858217388615835,6.49762985088054e-07,0.0008756583193668841,0.0,0.48649210716577934
baseline,17.8,2.0960980078546516,1.985821738861587,5.698584949543871e-07,0.0008329519828921864,0.0,0.48649210716577934
baseline,17.900000000000002,2.0960980078546494,1.9858217388615855,4.997692164927827e-07,0.0007923284249899867,0.0,0.4864921071657794
baseline,18.0,2.096098007854645,1.9858217388615813,4.383208621973149e-07,0.0007536861479172595,0.0,0.4864921071657794
baseline,18.1,2.0960980078546436,1.9858217388615802,3.844515072094131e-07,0.0007169284584336589,1.6087457469581034e-15,0.48649210716577934
baseline,18.2,2.096098007854645,1.985821738861581,3.37234496169816e-07,0.0006819634805856233,0.0,0.48649210716577934
baseline,18.3,2.0960980078546467,1.9858217388615826,2.9583260840799354e-07,0.0006487037898376441,0.0,0.48649210716577934
baseline,18.400000000000002,2.0960980078546467,1.9858217388615826,2.5948136679303695e-07,0.0006170661434829412,0.0,0.48649210716577934
baseline,18.5,2.0960980078546467,1.9858217388615824,2.2758055418763238e-07,0.0005869714973275813,0.0,0.4864921071657793
baseline,18.6,2.0960980078546463,1.9858217388615822,1.9959658601827976e-07,0.0005583445892032491,0.0,0.48649210716577934
baseline,18.7,2.0960980078546463,1.9858217388615824,1.750589703482494e-07,0.0005311138079164616,0.0,0.4864921071657794
baseline,18.8,2.0960980078546463,1.9858217388615824,1.5354572059035195e-07,0.0005052111105373162,0.0,0.4864921071657794
baseline,18.900000000000002,2.0960980078546463,1.9858217388615824,1.3468216779957627e-07,0.00048057169077507815,0.0,0.4864921071657794
baseline,19.0,2.0960980078546463,1.9858217388615824,1.1814235997164976e-07,0.00045713394636063794,0.0,0.4864921071657794
baseline,19.1,2.0960980078546463,1.9858217388615824,1.0363759505662944e-07,0.000434839290051721,0.0,0.4864921071657794
baseline,19.200000000000003,2.0960980078546463,1.9858217388615824,9.0903497538032e-08,0.0004136319350161074,0.0,0.4864921071657794
baseline,19.3,2.0960980078546463,1.9858217388615824,7.972798085706637e-08,0.00039345888485797185,0.0,0.4864921071657794
baseline,19.400000000000002,2.0960980078546463,1.9858217388615824,6.992527399481522e-08,0.00037426969008003163,0.0,0.4864921071657794
baseline,19.5,2.0960980078546463,1.9858217388615824,6.133102534555561e-08,0.00035601634654924954,0.0,0.4864921071657794
baseline,19.6,2.0960980078546463,1.9858217388615824,5.379651438385495e-08,0.000338653244391407,0.0,0.4864921071657794
baseline,19.700000000000003,2.0960980078546463,1.9858217388615824,4.718872544498324e-08,0.00032213694247479406,0.0,0.4864921071657794
baseline,19.8,2.0960980078546463,1.9858217388615824,4.139319225168817e-08,0.00030642614687505687,0.0,0.4864921071657794
baseline,19.900000000000002,2.0960980078546463,1.9858217388615824,3.631009857947868e-08,0.0002914815863381687,0.0,0.4864921071657794
baseline,20.0,2.0960980078546463,1.9858217388615824,3.184819274085861e-08,0.00027726586655555394,0.0,0.4864921071657794
baseline,20.1,2.0960980078546463,1.9858217388615824,2.793287091156055e-08,0.0002637434624152213,0.0,0.4864921071657794
baseline,20.200000000000003,2.0960980078546463,1.9858217388615824,2.4498829208739496e-08,0.0002508805566917105,0.0,0.4864921071657794
baseline,20.3,2.0960980078546463,1.9858217388615824,2.1488279058033264e-08,0.0002386449817411166,0.0,0.4864921071657794
baseline,20.400000000000002,2.0960980078546463,1.9858217388615824,1.8849359418564363e-08,0.00022700618614402817,0.0,0.4864921071657794
baseline,20.5,2.0960980078546463,1.9858217388615824,1.6536142707724068e-08,0.00021593505098519125,0.0,0.4864921071657794
baseline,20.6,2.0960980078546463,1.9858217388615824,1.4507251212797296e-08,0.0002054038445944151,0.0,0.4864921071657794
baseline,20.700000000000003,2.0960980078546463,1.9858217388615824,1.2725597991143056e-08,0.00019538617146449,0.0,0.4864921071657794
baseline,20.8,2.0960980078546463,1.9858217388615824,1.1159109371901877e-08,0.0001858570034966,0.0,0.4864921071657794
baseline,20.900000000000002,2.0960980078546463,1.9858217388615824,9.780853411242335e-09,0.00017679252444606768,0.0,0.4864921071657794
baseline,21.0,2.0960980078546463,1.9858217388615824,8.570470701924956e-09,0.0001681701162475764,0.0,0.4864921071657794
baseline,21.1,2.0960980078546463,1.9858217388615824,7.514592497832476e-09,0.00015996831679273275,0.0,0.4864921071657794
baseline,21.200000000000003,2.0960980078546463,1.9858217388615824,6.589628570984961e-09,0.00015216654395613908,0.0,0.4864921071657794
baseline,21.3,2.0960980078546463,1.9858217388615824,5.777599743302913e-09,0.00014474525029660554,0.0,0.4864921071657794
baseline,21.400000000000002,2.0960980078546463,1.9858217388615824,5.067821739441226e-09,0.00013768589546680058,0.0,0.4864921071657794
baseline,21.5,2.0960980078546463,1.9858217388615824,4.454727320693328e-09,0.00013097087079922169,0.0,0.4864921071657794
baseline,21.6,2.0960980078546463,1.9858217388615824,3.925835205267169e-09,0.0001245833719451145,0.0,0.4864921071657794
baseline,21.700000000000003,2.0960980078546463,1.9858217388615824,3.4656468569487772e-09,0.00011850739043832743,0.0,0.4864921071657794
baseline,21.8,2.0960980078546463,1.9858217388615824,3.0625962339750054e-09,0.00011272773036540079,0.0,0.4864921071657794
baseline,21.900000000000002,2.0960980078546463,1.9858217388615824,2.7044082184148387e-09,0.00010722994342989258,0.0,0.4864921071657794
baseline,22.0,2.0960980078546463,1.9858217388615824,2.3816982379336013e-09,0.00010200028229649571,0.0,0.4864921071657794
baseline,22.1,2.0960980078546463,1.9858217388615824,2.0913694028463316e-09,9.702565763092247e-05,0.0,0.4864921071657794
baseline,22.200000000000003,2.0960980078546463,1.9858217388615824,1.8299456797025041e-09,9.229363573118627e-05,0.0,0.4864921071657794
baseline,22.3,2.0960980078546463,1.9858217388615824,1.5971762280956152e-09,8.779240066866562e-05,0.0,0.4864921071657794
baseline,22.400000000000002,2.0960980078546463,1.9858217388615824,1.3942820917296306e-09,8.351071548809308e-05,0.0,0.4864921071657794
baseline,22.5,2.0960980078546463,1.9858217388615824,1.2161387174087395e-09,7.943785288501335e-05,0.0,0.4864921071657794
baseline,22.6,2.0960980078546463,1.9858217388615824,1.0617048173798665e-09,7.556362590066335e-05,0.0,0.4864921071657794
baseline,22.700000000000003,2.0960980078546463,1.9858217388615824,9.308708226419755e-10,7.187834734901045e-05,0.0,0.4864921071657794
baseline,22.8,2.0960980078546463,1.9858217388615824,8.234665755139941e-10,6.837280348088197e-05,0.0,0.4864921071657794
baseline,22.900000000000002,2.0960980078546463,1.9858217388615824,7.3596126490697e-10,6.503822385404672e-05,0.0,0.4864921071657794
baseline,23.0,2.0960980078546463,1.9858217388615824,6.635192958296115e-10,6.186626845716845e-05,0.0,0.4864921071657794
baseline,23.1,2.0960980078546463,1.9858217388615824,5.991304604107632e-10,5.8849008133084563e-05,0.0,0.4864921071657794
baseline,23.200000000000003,2.0960980078546463,1.9858217388615824,5.328166885469071e-10,5.5978905398979495e-05,0.0,0.4864921071657794
baseline,23.3,2.0960980078546463,1.9858217388615824,4.6513781507954634e-10,5.324877676274138e-05,0.0,0.4864921071657794
baseline,23.400000000000002,2.0960980078546463,1.9858217388615824,3.991864456523105e-10,5.0651789013985915e-05,0.0,0.4864921071657794
baseline,23.5,2.0960980078546463,1.9858217388615824,3.3613151364996285e-10,4.818145161501409e-05,0.0,0.4864921071657794
baseline,23.6,2.0960980078546463,1.9858217388615824,2.798209061412466e-10,4.5831596863390284e-05,0.0,0.4864921071657794
baseline,23.700000000000003,2.0960980078546463,1.9858217388615824,2.360611865164914e-10,4.3596362831684023e-05,0.0,0.4864921071657794
baseline,23.8,2.0960980078546463,1.9858217388615824,2.0119523387245892e-10,4.1470145554042446e-05,0.0,0.4864921071657794
baseline,23.900000000000002,2.0960980078546463,1.9858217388615824,1.744623364278893e-10,3.944762299770764e-05,0.0,0.4864921071657794
baseline,24.0,2.0960980078546463,1.9858217388615824,1.563221002972772e-10,3.752373836757612e-05,0.0,0.4864921071657794
baseline,24.1,2.0960980078546463,1.9858217388615824,1.466695138512251e-10,3.5693684156075344e-05,0.0,0.4864921071657794
baseline,24.200000000000003,2.0960980078546463,1.9858217388615824,1.4456662638980176e-10,3.395288683168082e-05,0.0,0.4864921071657794
baseline,24.3,2.0960980078546463,1.9858217388615824,1.4798059538070854e-10,3.2296985098087565e-05,0.0,0.4864921071657794
baseline,24.400000000000002,2.0960980078546463,1.9858217388615824,1.5333321748192467e-10,3.072183769618791e-05,0.0,0.4864921071657794
baseline,24.5,2.0960980078546463,1.9858217388615824,1.5514503018604033e-10,2.922350849622521e-05,0.0,0.4864921071657794
baseline,24.6,2.0960980078546463,1.9858217388615824,1.456185947219075e-10,2.7798257562144966e-05,0.0,0.4864921071657794
baseline,24.700000000000003,2.0960980078546463,1.9858217388615824,1.2270275140959825e-10,2.6442521502152167e-05,0.0,0.4864921071657794
baseline,24.8,2.0960980078546463,1.9858217388615824,9.279921550226011e-11,2.515290220337341e-05,0.0,0.4864921071657794
baseline,24.900000000000002,2.0960980078546463,1.9858217388615824,5.990289038322387e-11,2.3926175617256517e-05,0.0,0.4864921071657794
baseline,25.0,2.0960980078546463,1.9858217388615824,3.184417514772256e-11,2.2759277007947677e-05,0.0,0.4864921071657794
baseline,25.1,2.0960980078546463,1.9858217388615824,2.073820851075346e-11,2.1649293980264898e-05,0.0,0.4864921071657794
baseline,25.200000000000003,2.0960980078546463,1.9858217388615824,2.3668194761163698e-11,2.0593447535531614e-05,0.0,0.4864921071657794
baseline,25.3,2.0960980078546463,1.9858217388615824,3.4789955441972266e-11,1.958909362481655e-05,0.0,0.4864921071657794
baseline,25.400000000000002,2.0960980078546463,1.9858217388615824,5.079601323293643e-11,1.863372104649475e-05,0.0,0.4864921071657794
baseline,25.5,2.0960980078546463,1.9858217388615824,6.462733881343021e-11,1.7724942444254275e-05,0.0,0.4864921071657794
baseline,25.6,2.0960980078546463,1.9858217388615824,6.686494254832748e-11,1.6860488006341054e-05,0.0,0.4864921071657794
baseline,25.700000000000003,2.0960980078546463,1.9858217388615824,6.345650792896479e-11,1.6038192198431085e-05,0.0,0.4864921071657794
baseline,25.8,2.0960980078546463,1.9858217388615824,5.631489766479939e-11,1.5255997744896188e-05,0.0,0.4864921071657794
baseline,25.900000000000002,2.0960980078546463,1.9858217388615824,4.6511487149414166e-11,1.4511949808487725e-05,0.0,0.4864921071657794
baseline,26.0,2.0960980078546463,1.9858217388615824,3.707961922821566e-11,1.38041907787699e-05,0.0,0.4864921071657794
baseline,26.1,2.0960980078546463,1.9858217388615824,3.0844003759836224e-11,1.3130953224823056e-05,0.0,0.4864921071657794
baseline,26.200000000000003,2.0960980078546463,1.9858217388615824,2.4605070105294893e-11,1.2490548974371496e-05,0.0,0.4864921071657794
baseline,26.3,2.0960980078546463,1.9858217388615824,1.8877791247045476e-11,1.1881376386981109e-05,0.0,0.4864921071657794
baseline,26.400000000000002,2.0960980078546463,1.9858217388615824,1.4622703026121633e-11,1.1301912992264316e-05,0.0,0.4864921071657794
baseline,26.5,2.0960980078546463,1.9858217388615824,1.2919563129658471e-11,1.0750711826300314e-05,0.0,0.4864921071657794
baseline,26.6,2.0960980078546463,1.9858217388615824,1.3858960105868577e-11,1.0226395257311215e-05,0.0,0.4864921071657794
baseline,26.700000000000003,2.0960980078546463,1.9858217388615824,1.5757155053329017e-11,9.727650086003446e-06,0.0,0.4864921071657794
baseline,26.8,2.0960980078546463,1.9858217388615824,1.615104761805808e-11,9.253228124327667e-06,0.0,0.4864921071657794
baseline,26.900000000000002,2.0960980078546463,1.9858217388615824,1.3790123020579971e-11,8.801942688271052e-06,0.0,0.4864921071657794
baseline,27.0,2.0960980078546463,1.9858217388615824,1.0521037164755612e-11,8.372666296406816e-06,0.0,0.4864921071657794
baseline,27.1,2.0960980078546463,1.9858217388615824,7.939165287197745e-12,7.964326148161484e-06,0.0,0.4864921071657794
baseline,27.200000000000003,2.0960980078546463,1.9858217388615824,7.0629399276125685e-12,7.575901717616093e-06,0.0,0.4864921071657794
baseline,27.3,2.0960980078546463,1.9858217388615824,6.858886649851942e-12,7.206421769129481e-06,0.0,0.4864921071657794
baseline,27.400000000000002,2.0960980078546463,1.9858217388615824,6.929176067406776e-12,6.8549614020128605e-06,0.0,0.4864921071657794
baseline,27.5,2.0960980078546463,1.9858217388615824,6.893098157091091e-12,6.520641210713736e-06,0.0,0.4864921071657794
baseline,27.6,2.0960980078546463,1.9858217388615824,6.808957118867658e-12,6.2026264582728155e-06,0.0,0.4864921071657794
baseline,27.700000000000003,2.0960980078546463,1.9858217388615824,6.3035488172356775e-12,5.900121339794191e-06,0.0,0.4864921071657794
baseline,27.8,2.0960980078546463,1.9858217388615824,5.208566917140212e-12,5.612369091641394e-06,0.0,0.4864921071657794
baseline,27.900000000000002,2.0960980078546463,1.9858217388615824,3.9276227286292094e-12,5.338651095830041e-06,0.0,0.4864921071657794
baseline,28.0,2.0960980078546463,1.9858217388615824,2.9604074257265877e-12,5.078282452371152e-06,0.0,0.4864921071657794
baseline,28.1,2.0960980078546463,1.9858217388615824,2.6562817573344387e-12,4.830611795179488e-06,0.0,0.4864921071657794
baseline,28.200000000000003,2.0960980078546463,1.9858217388615824,2.6521490099229863e-12,4.595020575668656e-06,0.0,0.4864921071657794
baseline,28.3,2.0960980078546463,1.9858217388615824,2.7014654034930864e-12,4.3709192353920614e-06,0.0,0.4864921071657794
baseline,28.400000000000002,2.0960980078546463,1.9858217388615824,2.6735193589682326e-12,4.157746989594035e-06,0.0,0.4864921071657794
baseline,28.5,2.0960980078546463,1.9858217388615824,2.783070343943775e-12,3.954971030323662e-06,0.0,0.4864921071657794
baseline,28.6,2.0960980078546463,1.9858217388615824,2.811288769782037e-12,3.762084066936753e-06,0.0,0.4864921071657794
baseline,28.700000000000003,2.0960980078546463,1.9858217388615824,2.4731926335170112e-12,3.5786043740342603e-06,0.0,0.4864921071657794
baseline,28.8,2.0960980078546463,1.9858217388615824,2.021838469050254e-12,3.4040702094458095e-06,0.0,0.4864921071657794
baseline,28.900000000000002,2.0960980078546463,1.9858217388615824,1.602055953483698e-12,3.238045842190984e-06,0.0,0.4864921071657794
baseline,29.0,2.0960980078546463,1.9858217388615824,1.3038805825096576e-12,3.0801210505083225e-06,0.0,0.4864921071657794
baseline,29.1,2.0960980078546463,1.9858217388615824,1.137461886375722e-12,2.9299003192226584e-06,0.0,0.4864921071657794
baseline,29.200000000000003,2.0960980078546463,1.9858217388615824,1.0353774497168935e-12,2.7870030650837624e-06,0.0,0.4864921071657794
baseline,29.3,2.0960980078546463,1.9858217388615824,9.685012564441224e-13,2.65107491999338e-06,0.0,0.4864921071657794
baseline,29.400000000000002,2.0960980078546463,1.9858217388615824,9.028677832182885e-13,2.521779915362036e-06,0.0,0.4864921071657794
baseline,29.5,2.0960980078546463,1.9858217388615824,8.431421468530621e-13,2.3987888744618992e-06,0.0,0.4864921071657794
baseline,29.6,2.0960980078546463,1.9858217388615824,7.756015099030386e-13,2.2817946378576567e-06,0.0,0.4864921071657794
baseline,29.700000000000003,2.0960980078546463,1.9858217388615824,6.80946166890771e-13,2.1705086234585183e-06,0.0,0.4864921071657794
baseline,29.8,2.0960980078546463,1.9858217388615824,5.677157017772877e-13,2.0646506168693433e-06,0.0,0.4864921071657794
baseline,29.900000000000002,2.0960980078546463,1.9858217388615824,4.576288549503741e-13,1.963953319751363e-06,0.0,0.4864921071657794
baseline,30.0,2.0960980078546463,1.9858217388615824,3.693343127352796e-13,1.8681673912001598e-06,0.0,0.4864921071657794
baseline,30.1,2.0960980078546463,1.9858217388615824,3.077596734139183e-13,1.777051818827537e-06,0.0,0.4864921071657794
baseline,30.200000000000003,2.0960980078546463,1.9858217388615824,2.3426468634794923e-13,1.6903641583221067e-06,0.0,0.4864921071657794
baseline,30.3,2.0960980078546463,1.9858217388615824,1.4998649558524253e-13,1.6078877888759607e-06,0.0,0.4864921071657794
baseline,30.400000000000002,2.0960980078546463,1.9858217388615824,6.113385113814475e-14,1.5294205637538014e-06,0.0,0.4864921071657794
baseline,30.5,2.0960980078546463,1.9858217388615824,0.0,1.4547739518676731e-06,0.0,0.4864921071657794
baseline,30.6,2.0960980078546463,1.9858217388615824,0.0,1.3837730377769402e-06,0.0,0.4864921071657794
baseline,30.700000000000003,2.0960980078546463,1.9858217388615824,0.0,1.3162565216883055e-06,0.0,0.4864921071657794
baseline,30.8,2.0960980078546463,1.9858217388615824,0.0,1.2520655179681786e-06,0.0,0.4864921071657794
baseline,30.900000000000002,2.0960980078546463,1.9858217388615824,0.0,1.1910002498820676e-06,0.0,0.4864921071657794
baseline,31.0,2.0960980078546463,1.9858217388615824,0.0,1.1329022104692592e-06,0.0,0.4864921071657794
baseline,31.1,2.0960980078546463,1.9858217388615824,0.0,1.0776287054647055e-06,0.0,0.4864921071657794
baseline,31.200000000000003,2.0960980078546463,1.9858217388615824,0.0,1.0250467679978415e-06,0.0,0.4864921071657794
baseline,31.3,2.0960980078546463,1.9858217388615824,0.0,9.750331585925777e-07,0.0,0.4864921071657794
baseline,31.400000000000002,2.0960980078546463,1.9858217388615824,0.0,9.274743651672959e-07,0.0,0.4864921071657794
baseline,31.5,2.0960980078546463,1.9858217388615824,0.0,8.822624055392287e-07,0.0,0.4864921071657794
baseline,31.6,2.0960980078546463,1.9858217388615824,0.0,8.392561799220463e-07,0.0,0.4864921071657794
baseline,31.700000000000003,2.0960980078546463,1.9858217388615824,0.0,7.983388609012258e-07,0.0,0.4864921071657794
baseline,31.8,2.0960980078546463,1.9858217388615824,0.0,7.594089053194611e-07,0.0,0.4864921071657794
baseline,31.900000000000002,2.0960980078546463,1.9858217388615824,0.0,7.223715233770559e-07,0.0,0.4864921071657794
baseline,32.0,2.0960980078546463,1.9858217388615824,0.0,6.871386786319314e-07,0.0,0.4864921071657794
baseline,32.1,2.0960980078546463,1.9858217388615824,0.0,6.536290879996176e-07,0.0,0.4864921071657794
baseline,32.2,2.0960980078546463,1.9858217388615824,0.0,6.217673274917924e-07,0.0,0.4864921071657794
baseline,32.300000000000004,2.0960980078546463,1.9858217388615824,0.0,5.91459512900003e-07,0.0,0.4864921071657794
baseline,32.4,2.0960980078546463,1.9858217388615824,0.0,5.626212798153945e-07,0.0,0.4864921071657794
baseline,32.5,2.0960980078546463,1.9858217388615824,0.0,5.351816313539928e-07,0.0,0.4864921071657794
baseline,32.6,2.0960980078546463,1.9858217388615824,0.0,5.090744435394782e-07,0.0,0.4864921071657794
baseline,32.7,2.0960980078546463,1.9858217388615824,0.0,4.842384653031778e-07,0.0,0.4864921071657794
baseline,32.800000000000004,2.0960980078546463,1.9858217388615824,0.0,4.606173184840672e-07,0.0,0.4864921071657794
baseline,32.9,2.0960980078546463,1.9858217388615824,0.0,4.381594356687295e-07,0.0,0.4864921071657794
baseline,33.0,2.0960980078546463,1.9858217388615824,0.0,4.1680120011221226e-07,0.0,0.4864921071657794
baseline,33.1,2.0960980078546463,1.9858217388615824,0.0,3.964792143122293e-07,0.0,0.4864921071657794
baseline,33.2,2.0960980078546463,1.9858217388615824,0.0,3.7714330030669057e-07,0.0,0.4864921071657794
baseline,33.300000000000004,2.0960980078546463,1.9858217388615824,0.0,3.587466308983254e-07,0.0,0.4864921071657794
baseline,33.4,2.0960980078546463,1.9858217388615824,0.0,3.412457296546833e-07,0.0,0.4864921071657794
baseline,33.5,2.0960980078546463,1.9858217388615824,0.0,3.246004709081294e-07,0.0,0.4864921071657794
baseline,33.6,2.0960980078546463,1.9858217388615824,0.0,3.0877407975585176e-07,0.0,0.4864921071657794
baseline,33.7,2.0960980078546463,1.9858217388615824,0.0,2.937231810967056e-07,0.0,0.4864921071657794
baseline,33.800000000000004,2.0960980078546463,1.9858217388615824,0.0,2.793987026641796e-07,0.0,0.4864921071657794
baseline,33.9,2.0960980078546463,1.9858217388615824,0.0,2.6576534463679103e-07,0.0,0.4864921071657794
baseline,34.0,2.0960980078546463,1.9858217388615824,0.0,2.527904402443844e-07,0.0,0.4864921071657794
baseline,34.1,2.0960980078546463,1.9858217388615824,0.0,2.404438585297348e-07,0.0,0.4864921071657794
baseline,34.2,2.0960980078546463,1.9858217388615824,0.0,2.286980043485441e-07,0.0,0.4864921071657794
baseline,34.300000000000004,2.0960980078546463,1.9858217388615824,0.0,2.1752781836944196e-07,0.0,0.4864921071657794
baseline,34.4,2.0960980078546463,1.9858217388615824,0.0,2.0691077707398627e-07,0.0,0.4864921071657794
baseline,34.5,2.0960980078546463,1.9858217388615824,0.0,1.9682689275666064e-07,0.0,0.4864921071657794
baseline,34.6,2.0960980078546463,1.9858217388615824,0.0,1.8724634310427053e-07,0.0,0.4864921071657794
baseline,34.7,2.0960980078546463,1.9858217388615824,0.0,1.7813059379054983e-07,0.0,0.4864921071657794
baseline,34.800000000000004,2.0960980078546463,1.9858217388615824,0.0,1.6945660188903918e-07,0.0,0.4864921071657794
baseline,34.9,2.0960980078546463,1.9858217388615824,0.0,1.6120296806928307e-07,0.0,0.4864921071657794
baseline,35.0,2.0960980078546463,1.9858217388615824,0.0,1.533498157160727e-07,0.0,0.4864921071657794
baseline,35.1,2.0960980078546463,1.9858217388615824,0.0,1.4587879092944977e-07,0.0,0.4864921071657794
baseline,35.2,2.0960980078546463,1.9858217388615824,0.0,1.3877306252470402e-07,0.0,0.4864921071657794
baseline,35.300000000000004,2.0960980078546463,1.9858217388615824,0.0,1.3201732203237364e-07,0.0,0.4864921071657794
baseline,35.4,2.0960980078546463,1.9858217388615824,0.0,1.2559778369824612e-07,0.0,0.4864921071657794
baseline,35.5,2.0960980078546463,1.9858217388615824,0.0,1.1949579429428926e-07,0.0,0.4864921071657794
baseline,35.6,2.0960980078546463,1.9858217388615824,0.0,1.136884130174328e-07,0.0,0.4864921071657794
baseline,35.7,2.0960980078546463,1.9858217388615824,0.0,1.0816091424830418e-07,0.0,0.4864921071657794
baseline,35.800000000000004,2.0960980078546463,1.9858217388615824,0.0,1.0289963419021824e-07,0.0,0.4864921071657794
baseline,35.9,2.0960980078546463,1.9858217388615824,0.0,9.789190842579764e-08,0.0,0.4864921071657794
baseline,36.0,2.0960980078546463,1.9858217388615824,0.0,9.312607191697127e-08,0.0,0.4864921071657794
baseline,36.1,2.0960980078546463,1.9858217388615824,0.0,8.859145900497653e-08,0.0,0.4864921071657794
baseline,36.2,2.0960980078546463,1.9858217388615824,0.0,8.427840341035777e-08,0.0,0.4864921071657794
baseline,36.300000000000004,2.0960980078546463,1.9858217388615824,0.0,8.017823823296675e-08,0.0,0.4864921071657794
baseline,36.4,2.0960980078546463,1.9858217388615824,0.0,7.627935145471404e-08,0.0,0.4864921071657794
baseline,36.5,2.0960980078546463,1.9858217388615824,0.0,7.25675438959778e-08,0.0,0.4864921071657794
baseline,36.6,2.0960980078546463,1.9858217388615824,0.0,6.903374684288194e-08,0.0,0.4864921071657794
baseline,36.7,2.0960980078546463,1.9858217388615824,0.0,6.566960646388559e-08,0.0,0.4864921071657794
baseline,36.800000000000004,2.0960980078546463,1.9858217388615824,0.0,6.246744526511139e-08,0.0,0.4864921071657794
baseline,36.9,2.0960980078546463,1.9858217388615824,0.0,5.9420262090345735e-08,0.0,0.4864921071657794
baseline,37.0,2.0960980078546463,1.9858217388615824,0.0,5.6521732121037966e-08,0.0,0.4864921071657794
baseline,37.1,2.0960980078546463,1.9858217388615824,0.0,5.3766206876301594e-08,0.0,0.4864921071657794
baseline,37.2,2.0960980078546463,1.9858217388615824,0.0,5.1148714212913476e-08,0.0,0.4864921071657794
baseline,37.300000000000004,2.0960980078546463,1.9858217388615824,0.0,4.86615323013267e-08,0.0,0.4864921071657794
baseline,37.4,2.0960980078546463,1.9858217388615824,0.0,4.629450053151477e-08,0.0,0.4864921071657794
baseline,37.5,2.0960980078546463,1.9858217388615824,0.0,4.4041722718603266e-08,0.0,0.4864921071657794
baseline,37.6,2.0960980078546463,1.9858217388615824,0.0,4.189773191330808e-08,0.0,0.4864921071657794
baseline,37.7,2.0960980078546463,1.9858217388615824,0.0,3.9857456923657954e-08,0.0,0.4864921071657794
baseline,37.800000000000004,2.0960980078546463,1.9858217388615824,0.0,3.7916222314994664e-08,0.0,0.4864921071657794
baseline,37.9,2.0960980078546463,1.9858217388615824,0.0,3.606974840997319e-08,0.0,0.4864921071657794
baseline,38.0,2.0960980078546463,1.9858217388615824,0.0,3.431415128856112e-08,0.0,0.4864921071657794
baseline,38.1,2.0960980078546463,1.9858217388615824,0.0,3.264594278803953e-08,0.0,0.4864921071657794
baseline,38.2,2.0960980078546463,1.9858217388615824,0.0,3.106064440833511e-08,0.0,0.4864921071657794
baseline,38.300000000000004,2.0960980078546463,1.9858217388615824,0.0,2.955306148527973e-08,0.0,0.4864921071657794
baseline,38.400000000000006,2.0960980078546463,1.9858217388615824,0.0,2.8119744676132623e-08,0.0,0.4864921071657794
baseline,38.5,2.0960980078546463,1.9858217388615824,0.0,2.6757258757843285e-08,0.0,0.4864921071657794
baseline,38.6,2.0960980078546463,1.9858217388615824,0.0,2.5462168507360934e-08,0.0,0.4864921071657794
baseline,38.7,2.0960980078546463,1.9858217388615824,0.0,2.4231038701635076e-08,0.0,0.4864921071657794
baseline,38.800000000000004,2.0960980078546463,1.9858217388615824,0.0,2.306043411761512e-08,0.0,0.4864921071657794
baseline,38.900000000000006,2.0960980078546463,1.9858217388615824,0.0,2.194691953225047e-08,0.0,0.4864921071657794
baseline,39.0,2.0960980078546463,1.9858217388615824,0.0,2.0887059722490605e-08,0.0,0.4864921071657794
baseline,39.1,2.0960980078546463,1.9858217388615824,0.0,1.9877419465284784e-08,0.0,0.4864921071657794
baseline,39.2,2.0960980078546463,1.9858217388615824,0.0,1.8914563537582494e-08,0.0,0.4864921071657794
baseline,39.300000000000004,2.0960980078546463,1.9858217388615824,0.0,1.7997372590314855e-08,0.0,0.4864921071657794
baseline,39.400000000000006,2.0960980078546463,1.9858217388615824,0.0,1.712630857692247e-08,0.0,0.4864921071657794
baseline,39.5,2.0960980078546463,1.9858217388615824,0.0,1.6298933722581197e-08,0.0,0.4864921071657794
baseline,39.6,2.0960980078546463,1.9858217388615824,0.0,1.5512786473442782e-08,0.0,0.4864921071657794
baseline,39.7,2.0960980078546463,1.9858217388615824,0.0,1.4765405275659154e-08,0.0,0.4864921071657794
baseline,39.800000000000004,2.0960980078546463,1.9858217388615824,0.0,1.4054328575382179e-08,0.0,0.4864921071657794
baseline,39.900000000000006,2.0960980078546463,1.9858217388615824,0.0,1.3377094818763725e-08,0.0,0.4864921071657794
baseline,40.0,2.0960980078546463,1.9858217388615824,0.0,1.2731242451955703e-08,0.0,0.4864921071657794
baseline,40.1,2.0960980078546463,1.9858217388615824,0.0,1.211430992110989e-08,0.0,0.4864921071657794
baseline,40.2,2.0960980078546463,1.9858217388615824,0.0,1.1523835672378203e-08,0.0,0.4864921071657794
baseline,40.300000000000004,2.0960980078546463,1.9858217388615824,0.0,1.0957358151912502e-08,0.0,0.4864921071657794
baseline,40.400000000000006,2.0960980078546463,1.9858217388615824,0.0,1.04152915140509e-08,0.0,0.4864921071657794
baseline,40.5,2.0960980078546463,1.9858217388615824,0.0,9.9000134761782e-09,0.0,0.4864921071657794
baseline,40.6,2.0960980078546463,1.9858217388615824,0.0,9.410301053579347e-09,0.0,0.4864921071657794
baseline,40.7,2.0960980078546463,1.9858217388615824,0.0,8.944901734227295e-09,0.0,0.4864921071657794
baseline,40.800000000000004,2.0960980078546463,1.9858217388615824,0.0,8.502563006094963e-09,0.0,0.4864921071657794
baseline,40.900000000000006,2.0960980078546463,1.9858217388615824,0.0,8.08203235715527e-09,0.0,0.4864921071657794
baseline,41.0,2.0960980078546463,1.9858217388615824,0.0,7.682057275381163e-09,0.0,0.4864921071657794
baseline,41.1,2.0960980078546463,1.9858217388615824,0.0,7.301385248745506e-09,0.0,0.4864921071657794
baseline,41.2,2.0960980078546463,1.9858217388615824,0.0,6.938763765221245e-09,0.0,0.4864921071657794
baseline,41.300000000000004,2.0960980078546463,1.9858217388615824,0.0,6.5929403127813e-09,0.0,0.4864921071657794
baseline,41.400000000000006,2.0960980078546463,1.9858217388615824,0.0,6.262662379398589e-09,0.0,0.4864921071657794
baseline,41.5,2.0960980078546463,1.9858217388615824,0.0,5.94785486104935e-09,0.0,0.4864921071657794
baseline,41.6,2.0960980078546463,1.9858217388615824,0.0,5.649246599971482e-09,0.0,0.4864921071657794
baseline,41.7,2.0960980078546463,1.9858217388615824,0.0,5.366092194427133e-09,0.0,0.4864921071657794
baseline,41.800000000000004,2.0960980078546463,1.9858217388615824,0.0,5.097634153241213e-09,0.0,0.4864921071657794
baseline,41.900000000000006,2.0960980078546463,1.9858217388615824,0.0,4.8431149852386305e-09,0.0,0.4864921071657794
baseline,42.0,2.0960980078546463,1.9858217388615824,0.0,4.601777199244313e-09,0.0,0.4864921071657794
baseline,42.1,2.0960980078546463,1.9858217388615824,0.0,4.372863304083137e-09,0.0,0.4864921071657794
baseline,42.2,2.0960980078546463,1.9858217388615824,0.0,4.155615808580029e-09,0.0,0.4864921071657794
baseline,42.300000000000004,2.0960980078546463,1.9858217388615824,0.0,3.949277221559899e-09,0.0,0.4864921071657794
baseline,42.400000000000006,2.0960980078546463,1.9858217388615824,0.0,3.753090051847656e-09,0.0,0.4864921071657794
baseline,42.5,2.0960980078546463,1.9858217388615824,0.0,3.566296808268225e-09,0.0,0.4864921071657794
baseline,42.6,2.0960980078546463,1.9858217388615824,0.0,3.3877676683866917e-09,0.0,0.4864921071657794
baseline,42.7,2.0960980078546463,1.9858217388615824,0.0,3.2166717037714365e-09,0.0,0.4864921071657794
baseline,42.800000000000004,2.0960980078546463,1.9858217388615824,0.0,3.053003730709353e-09,0.0,0.4864921071657794
baseline,42.900000000000006,2.0960980078546463,1.9858217388615824,0.0,2.8967637492004412e-09,0.0,0.4864921071657794
baseline,43.0,2.0960980078546463,1.9858217388615824,0.0,2.7479517592447115e-09,0.0,0.4864921071657794
baseline,43.1,2.0960980078546463,1.9858217388615824,0.0,2.606567760842143e-09,0.0,0.4864921071657794
baseline,43.2,2.0960980078546463,1.9858217388615824,0.0,2.4726117539927458e-09,0.0,0.4864921071657794
baseline,43.300000000000004,2.0960980078546463,1.9858217388615824,0.0,2.346083738696521e-09,0.0,0.4864921071657794
baseline,43.400000000000006,2.0960980078546463,1.9858217388615824,0.0,2.226983714953467e-09,0.0,0.4864921071657794
baseline,43.5,2.0960980078546463,1.9858217388615824,0.0,2.1153116827635933e-09,0.0,0.4864921071657794
baseline,43.6,2.0960980078546463,1.9858217388615824,0.0,2.011067642126883e-09,0.0,0.4864921071657794
baseline,43.7,2.0960980078546463,1.9858217388615824,0.0,1.9139651739911414e-09,0.0,0.4864921071657794
baseline,43.800000000000004,2.0960980078546463,1.9858217388615824,0.0,1.8214224511882529e-09,0.0,0.4864921071657794
baseline,43.900000000000006,2.0960980078546463,1.9858217388615824,0.0,1.7328237928581927e-09,0.0,0.4864921071657794
baseline,44.0,2.0960980078546463,1.9858217388615824,0.0,1.6481691990009669e-09,0.0,0.4864921071657794
baseline,44.1,2.0960980078546463,1.9858217388615824,0.0,1.5674586696165637e-09,0.0,0.4864921071657794
baseline,44.2,2.0960980078546463,1.9858217388615824,0.0,1.4906922047049889e-09,0.0,0.4864921071657794
baseline,44.300000000000004,2.0960980078546463,1.9858217388615824,0.0,1.4178698042662429e-09,0.0,0.4864921071657794
baseline,44.400000000000006,2.0960980078546463,1.9858217388615824,0.0,1.348991468300325e-09,0.0,0.4864921071657794
baseline,44.5,2.0960980078546463,1.9858217388615824,0.0,1.2840571968072406e-09,0.0,0.4864921071657794
baseline,44.6,2.0960980078546463,1.9858217388615824,0.0,1.2230669897869797e-09,0.0,0.4864921071657794
baseline,44.7,2.0960980078546463,1.9858217388615824,0.0,1.1660208472395475e-09,0.0,0.4864921071657794
baseline,44.800000000000004,2.0960980078546463,1.9858217388615824,0.0,1.1129187691649436e-09,0.0,0.4864921071657794
baseline,44.900000000000006,2.0960980078546463,1.9858217388615824,0.0,1.0629007464221683e-09,0.0,0.4864921071657794
baseline,45.0,2.0960980078546463,1.9858217388615824,0.0,1.0147383543135426e-09,0.0,0.4864921071657794
baseline,45.1,2.0960980078546463,1.9858217388615824,0.0,9.684222241416106e-10,0.0,0.4864921071657794
baseline,45.2,2.0960980078546463,1.9858217388615824,0.0,9.239523559063757e-10,0.0,0.4864921071657794
baseline,45.300000000000004,2.0960980078546463,1.9858217388615824,0.0,8.813287496078377e-10,0.0,0.4864921071657794
baseline,45.400000000000006,2.0960980078546463,1.9858217388615824,0.0,8.405514052459968e-10,0.0,0.4864921071657794
baseline,45.5,2.0960980078546463,1.9858217388615824,0.0,8.016203228208556e-10,0.0,0.4864921071657794
baseline,45.6,2.0960980078546463,1.9858217388615824,0.0,7.645355023324086e-10,0.0,0.4864921071657794
baseline,45.7,2.0960980078546463,1.9858217388615824,0.0,7.292969437806586e-10,0.0,0.4864921071657794
baseline,45.800000000000004,2.0960980078546463,1.9858217388615824,0.0,6.959046471656057e-10,0.0,0.4864921071657794
baseline,45.900000000000006,2.0960980078546463,1.9858217388615824,0.0,6.643586124872499e-10,0.0,0.4864921071657794
baseline,46.0,2.0960980078546463,1.9858217388615824,0.0,6.345918196494048e-10,0.0,0.4864921071657794
baseline,46.1,2.0960980078546463,1.9858217388615824,0.0,6.060001387807544e-10,0.0,0.4864921071657794
baseline,46.2,2.0960980078546463,1.9858217388615824,0.0,5.784395047775907e-10,0.0,0.4864921071657794
baseline,46.300000000000004,2.0960980078546463,1.9858217388615824,0.0,5.51909917639914e-10,0.0,0.4864921071657794
baseline,46.400000000000006,2.0960980078546463,1.9858217388615824,0.0,5.26411377367724e-10,0.0,0.4864921071657794
baseline,46.5,2.0960980078546463,1.9858217388615824,0.0,5.019438839610226e-10,0.0,0.4864921071657794
baseline,46.6,2.0960980078546463,1.9858217388615824,0.0,4.785074374198064e-10,0.0,0.4864921071657794
baseline,46.7,2.0960980078546463,1.9858217388615824,0.0,4.56102037744077e-10,0.0,0.4864921071657794
baseline,46.800000000000004,2.0960980078546463,1.9858217388615824,0.0,4.347276849338344e-10,0.0,0.4864921071657794
baseline,46.900000000000006,2.0960980078546463,1.9858217388615824,0.0,4.143843789890787e-10,0.0,0.4864921071657794
baseline,47.0,2.0960980078546463,1.9858217388615824,0.0,3.9507211990981115e-10,0.0,0.4864921071657794
baseline,47.1,2.0960980078546463,1.9858217388615824,0.0,3.76790907696029e-10,0.0,0.4864921071657794
baseline,47.2,2.0960980078546463,1.9858217388615824,0.0,3.5938341073103663e-10,0.0,0.4864921071657794
baseline,47.300000000000004,2.0960980078546463,1.9858217388615824,0.0,3.4262489879458083e-10,0.0,0.4864921071657794
baseline,47.400000000000006,2.0960980078546463,1.9858217388615824,0.0,3.2651365796032544e-10,0.0,0.4864921071657794
baseline,47.5,2.0960980078546463,1.9858217388615824,0.0,3.1104968822827156e-10,0.0,0.4864921071657794
baseline,47.6,2.0960980078546463,1.9858217388615824,0.0,2.9623298959841695e-10,0.0,0.4864921071657794
baseline,47.7,2.0960980078546463,1.9858217388615824,0.0,2.8206356207076265e-10,0.0,0.4864921071657794
baseline,47.800000000000004,2.0960980078546463,1.9858217388615824,0.0,2.685414056453088e-10,0.0,0.4864921071657794
baseline,47.900000000000006,2.0960980078546463,1.9858217388615824,0.0,2.5566652032205534e-10,0.0,0.4864921071657794
baseline,48.0,2.0960980078546463,1.9858217388615824,0.0,2.434389061010031e-10,0.0,0.4864921071657794
baseline,48.1,2.0960980078546463,1.9858217388615824,0.0,2.3185856298215037e-10,0.0,0.4864921071657794
baseline,48.2,2.0960980078546463,1.9858217388615824,0.0,2.2092549096549803e-10,0.0,0.4864921071657794
baseline,48.300000000000004,2.0960980078546463,1.9858217388615824,0.0,2.106182131718171e-10,0.0,0.4864921071657794
baseline,48.400000000000006,2.0960980078546463,1.9858217388615824,0.0,2.0074313357509938e-10,0.0,0.4864921071657794
baseline,48.5,2.0960980078546463,1.9858217388615824,0.0,1.912540858907614e-10,0.0,0.4864921071657794
baseline,48.6,2.0960980078546463,1.9858217388615824,0.0,1.8215107011880182e-10,0.0,0.4864921071657794
baseline,48.7,2.0960980078546463,1.9858217388615824,0.0,1.7343408625922138e-10,0.0,0.4864921071657794
baseline,48.800000000000004,2.0960980078546463,1.9858217388615824,0.0,1.6510313431201996e-10,0.0,0.4864921071657794
baseline,48.900000000000006,2.0960980078546463,1.9858217388615824,0.0,1.5715821427719768e-10,0.0,0.4864921071657794
baseline,49.0,2.0960980078546463,1.9858217388615824,0.0,1.4959932615475501e-10,0.0,0.4864921071657794
baseline,49.1,2.0960980078546463,1.9858217388615824,0.0,1.424264699446909e-10,0.0,0.4864921071657794
baseline,49.2,2.0960980078546463,1.9858217388615824,0.0,1.3563964564700584e-10,0.0,0.4864921071657794
baseline,49.300000000000004,2.0960980078546463,1.9858217388615824,0.0,1.292388532616999e-10,0.0,0.4864921071657794
baseline,49.400000000000006,2.0960980078546463,1.9858217388615824,0.0,1.2322409278877306e-10,0.0,0.4864921071657794
baseline,49.5,2.0960980078546463,1.9858217388615824,0.0,1.175258284911959e-10,0.0,0.4864921071657794
baseline,49.6,2.0960980078546463,1.9858217388615824,0.0,1.1204473652150311e-10,0.0,0.4864921071657794
baseline,49.7,2.0960980078546463,1.9858217388615824,0.0,1.0678005937695342e-10,0.0,0.4864921071657794
baseline,49.800000000000004,2.0960980078546463,1.9858217388615824,0.0,1.0173179705754683e-10,0.0,0.4864921071657794
baseline,49.900000000000006,2.0960980078546463,1.9858217388615824,0.0,9.689994956328333e-11,0.0,0.4864921071657794
baseline,50.0,2.0960980078546463,1.9858217388615824,0.0,9.228451689416324e-11,0.0,0.4864921071657794
baseline,50.1,2.0960980078546463,1.9858217388615824,0.0,8.788549905018593e-11,0.0,0.4864921071657794
baseline,50.2,2.0960980078546463,1.9858217388615824,0.0,8.370289603135169e-11,0.0,0.4864921071657794
baseline,50.300000000000004,2.0960980078546463,1.9858217388615824,0.0,7.973670783766058e-11,0.0,0.4864921071657794
baseline,50.400000000000006,2.0960980078546463,1.9858217388615824,0.0,7.598693446911254e-11,0.0,0.4864921071657794
baseline,50.5,2.0960980078546463,1.9858217388615824,0.0,7.245357592570785e-11,0.0,0.4864921071657794
baseline,50.6,2.0960980078546463,1.9858217388615824,0.0,6.912881313073008e-11,0.0,0.4864921071657794
baseline,50.7,2.0960980078546463,1.9858217388615824,0.0,6.594216367548689e-11,0.0,0.4864921071657794
baseline,50.800000000000004,2.0960980078546463,1.9858217388615824,0.0,6.287681982376097e-11,0.0,0.4864921071657794
baseline,50.900000000000006,2.0960980078546463,1.9858217388615824,0.0,5.993278157555229e-11,0.0,0.4864921071657794
baseline,51.0,2.0960980078546463,1.9858217388615824,0.0,5.7110048930861045e-11,0.0,0.4864921071657794
baseline,51.1,2.0960980078546463,1.9858217388615824,0.0,5.440862188968686e-11,0.0,0.4864921071657794
baseline,51.2,2.0960980078546463,1.9858217388615824,0.0,5.1828500452029916e-11,0.0,0.4864921071657794
baseline,51.300000000000004,2.0960980078546463,1.9858217388615824,0.0,4.9369684617890235e-11,0.0,0.4864921071657794
baseline,51.400000000000006,2.0960980078546463,1.9858217388615824,0.0,4.703217438726779e-11,0.0,0.4864921071657794
baseline,51.5,2.0960980078546463,1.9858217388615824,0.0,4.481596976016276e-11,0.0,0.4864921071657794
baseline,51.6,2.0960980078546463,1.9858217388615824,0.0,4.272107073657481e-11,0.0,0.4864921071657794
baseline,51.7,2.0960980078546463,1.9858217388615824,0.0,4.074747731650412e-11,0.0,0.4864921071657794
baseline,51.800000000000004,2.0960980078546463,1.9858217388615824,0.0,3.8542229913987335e-11,0.0,0.4864921071657794
baseline,51.900000000000006,2.0960980078546463,1.9858217388615824,0.0,3.638591931717219e-11,0.0,0.4864921071657794
baseline,52.0,2.0960980078546463,1.9858217388615824,0.0,3.431362277923592e-11,0.0,0.4864921071657794
baseline,52.1,2.0960980078546463,1.9858217388615824,0.0,3.2325340300178246e-11,0.0,0.4864921071657794
baseline,52.2,2.0960980078546463,1.9858217388615824,0.0,3.0421071879999314e-11,0.0,0.4864921071657794
baseline,52.300000000000004,2.0960980078546463,1.9858217388615824,0.0,2.8600817518699116e-11,0.0,0.4864921071657794
baseline,52.400000000000006,2.0960980078546463,1.9858217388615824,0.0,2.686457721627766e-11,0.0,0.4864921071657794
baseline,52.5,2.0960980078546463,1.9858217388615824,0.0,2.521235097273506e-11,0.0,0.4864921071657794
baseline,52.6,2.0960980078546463,1.9858217388615824,0.0,2.364413878807108e-11,0.0,0.4864921071657794
baseline,52.7,2.0960980078546463,1.9858217388615824,0.0,2.2159940662285843e-11,0.0,0.4864921071657794
baseline,52.800000000000004,2.0960980078546463,1.9858217388615824,0.0,2.0759756595379343e-11,0.0,0.4864921071657794
baseline,52.900000000000006,2.0960980078546463,1.9858217388615824,0.0,1.944358658735158e-11,0.0,0.4864921071657794
baseline,53.0,2.0960980078546463,1.9858217388615824,0.0,1.8211430638202645e-11,0.0,0.4864921071657794
baseline,53.1,2.0960980078546463,1.9858217388615824,0.0,1.706328874793236e-11,0.0,0.4864921071657794
baseline,53.2,2.0960980078546463,1.9858217388615824,0.0,1.599916091654081e-11,0.0,0.4864921071657794
baseline,53.300000000000004,2.0960980078546463,1.9858217388615824,0.0,1.5019047144028006e-11,0.0,0.4864921071657794
baseline,53.400000000000006,2.0960980078546463,1.9858217388615824,0.0,1.412294743039394e-11,0.0,0.4864921071657794
baseline,53.5,2.0960980078546463,1.9858217388615824,0.0,1.331086177563867e-11,0.0,0.4864921071657794
baseline,53.6,2.0960980078546463,1.9858217388615824,0.0,1.2582790179762078e-11,0.0,0.4864921071657794
baseline,53.7,2.0960980078546463,1.9858217388615824,0.0,1.1938732642764226e-11,0.0,0.4864921071657794
baseline,53.800000000000004,2.0960980078546463,1.9858217388615824,0.0,1.1014043476062515e-11,0.0,0.4864921071657794
baseline,53.900000000000006,2.0960980078546463,1.9858217388615824,0.0,1.0098603519342332e-11,0.0,0.4864921071657794
baseline,54.0,2.0960980078546463,1.9858217388615824,0.0,9.228651394947547e-12,0.0,0.4864921071657794
baseline,54.1,2.0960980078546463,1.9858217388615824,0.0,8.40418710287804e-12,0.0,0.4864921071657794
baseline,54.2,2.0960980078546463,1.9858217388615824,0.0,7.62521064313387e-12,0.0,0.4864921071657794
baseline,54.300000000000004,2.0960980078546463,1.9858217388615824,0.0,6.891722015715037e-12,0.0,0.4864921071657794
baseline,54.400000000000006,2.0960980078546463,1.9858217388615824,0.0,6.2037212206215444e-12,0.0,0.4864921071657794
baseline,54.5,2.0960980078546463,1.9858217388615824,0.0,5.561208257853433e-12,0.0,0.4864921071657794
baseline,54.6,2.0960980078546463,1.9858217388615824,0.0,4.964183127410614e-12,0.0,0.4864921071657794
baseline,54.7,2.0960980078546463,1.9858217388615824,0.0,4.412645829293132e-12,0.0,0.4864921071657794
baseline,54.800000000000004,2.0960980078546463,1.9858217388615824,0.0,3.906596363500989e-12,0.0,0.4864921071657794
baseline,54.900000000000006,2.0960980078546463,1.9858217388615824,0.0,3.4460347300341848e-12,0.0,0.4864921071657794
baseline,55.0,2.0960980078546463,1.9858217388615824,0.0,3.0309609288927463e-12,0.0,0.4864921071657794
baseline,55.1,2.0960980078546463,1.9858217388615824,0.0,2.6613749600766153e-12,0.0,0.4864921071657794
baseline,55.2,2.0960980078546463,1.9858217388615824,0.0,2.3372768235858226e-12,0.0,0.4864921071657794
baseline,55.300000000000004,2.0960980078546463,1.9858217388615824,0.0,2.0586665194203685e-12,0.0,0.4864921071657794
baseline,55.400000000000006,2.0960980078546463,1.9858217388615824,0.0,1.825544047580253e-12,0.0,0.4864921071657794
baseline,55.5,2.0960980078546463,1.9858217388615824,0.0,1.6379094080654873e-12,0.0,0.4864921071657794
baseline,55.6,2.0960980078546463,1.9858217388615824,0.0,1.4957626008760452e-12,0.0,0.4864921071657794
baseline,55.7,2.0960980078546463,1.9858217388615824,0.0,1.3991036260119416e-12,0.0,0.4864921071657794
baseline,55.800000000000004,2.0960980078546463,1.9858217388615824,0.0,1.1027887955942465e-12,0.0,0.4864921071657794
baseline,55.900000000000006,2.0960980078546463,1.9858217388615824,0.0,8.016989496025604e-13,0.0,0.4864921071657794
baseline,56.0,2.0960980078546463,1.9858217388615824,0.0,5.201965576976434e-13,0.0,0.4864921071657794
baseline,56.1,2.0960980078546463,1.9858217388615824,0.0,2.5828161987945566e-13,0.0,0.4864921071657794
baseline,56.2,2.0960980078546463,1.9858217388615824,0.0,1.5954136148017024e-14,0.0,0.4864921071657794
baseline,56.300000000000004,2.0960980078546463,1.9858217388615824,0.0,0.0,0.0,0.4864921071657794
baseline,56.400000000000006,2.0960980078546463,1.9858217388615824,0.0,0.0,0.0,0.4864921071657794
baseline,56.5,2.0960980078546463,1.9858217388615824,0.0,0.0,0.0,0.4864921071657794
baseline,56.6,2.0960980078546463,1.9858217388615824,0.0,0.0,0.0,0.4864921071657794
baseline,56.7,2.0960980078546463,1.9858217388615824,0.0,0.0,0.0,0.4864921071657794
baseline,56.800000000000004,2.0960980078546463,1.9858217388615824,0.0,0.0,0.0,0.4864921071657794
baseline,56.900000000000006,2.0960980078546463,1.9858217388615824,0.0,0.0,0.0,0.4864921071657794
baseline,57.0,2.0960980078546463,1.9858217388615824,0.0,0.0,0.0,0.4864921071657794
baseline,57.1,2.0960980078546463,1.9858217388615824,0.0,0.0,0.0,0.4864921071657794
baseline,57.2,2.0960980078546463,1.9858217388615824,0.0,0.0,0.0,0.4864921071657794
baseline,57.300000000000004,2.0960980078546463,1.9858217388615824,0.0,0.0,0.0,0.4864921071657794
baseline,57.400000000000006,2.0960980078546463,1.9858217388615824,0.0,0.0,0.0,0.4864921071657794
baseline,57.5,2.0960980078546463,1.9858217388615824,0.0,0.0,0.0,0.4864921071657794
baseline,57.6,2.0960980078546463,1.9858217388615824,0.0,0.0,0.0,0.4864921071657794
baseline,57.7,2.0960980078546463,1.9858217388615824,0.0,0.0,0.0,0.4864921071657794
baseline,57.800000000000004,2.0960980078546463,1.9858217388615824,0.0,0.0,0.0,0.4864921071657794
baseline,57.900000000000006,2.0960980078546463,1.9858217388615824,0.0,0.0,0.0,0.4864921071657794
baseline,58.0,2.0960980078546463,1.9858217388615824,0.0,0.0,0.0,0.4864921071657794
baseline,58.1,2.0960980078546463,1.9858217388615824,0.0,0.0,0.0,0.4864921071657794
baseline,58.2,2.0960980078546463,1.9858217388615824,0.0,0.0,0.0,0.4864921071657794
baseline,58.300000000000004,2.0960980078546463,1.9858217388615824,0.0,0.0,0.0,0.4864921071657794
baseline,58.400000000000006,2.0960980078546463,1.9858217388615824,0.0,0.0,0.0,0.4864921071657794
baseline,58.5,2.0960980078546463,1.9858217388615824,0.0,0.0,0.0,0.4864921071657794
baseline,58.6,2.0960980078546463,1.9858217388615824,0.0,0.0,0.0,0.4864921071657794
baseline,58.7,2.0960980078546463,1.9858217388615824,0.0,0.0,0.0,0.4864921071657794
baseline,58.800000000000004,2.0960980078546463,1.9858217388615824,0.0,0.0,0.0,0.4864921071657794
baseline,58.900000000000006,2.0960980078546463,1.9858217388615824,0.0,0.0,0.0,0.4864921071657794
baseline,59.0,2.0960980078546463,1.9858217388615824,0.0,0.0,0.0,0.4864921071657794
baseline,59.1,2.0960980078546463,1.9858217388615824,0.0,0.0,0.0,0.4864921071657794
baseline,59.2,2.0960980078546463,1.9858217388615824,0.0,0.0,0.0,0.4864921071657794
baseline,59.300000000000004,2.0960980078546463,1.9858217388615824,0.0,0.0,0.0,0.4864921071657794
baseline,59.400000000000006,2.0960980078546463,1.9858217388615824,0.0,0.0,0.0,0.4864921071657794
baseline,59.5,2.0960980078546463,1.9858217388615824,0.0,0.0,0.0,0.4864921071657794
baseline,59.6,2.0960980078546463,1.9858217388615824,0.0,0.0,0.0,0.4864921071657794
baseline,59.7,2.0960980078546463,1.9858217388615824,0.0,0.0,0.0,0.4864921071657794
baseline,59.800000000000004,2.0960980078546463,1.9858217388615824,0.0,0.0,0.0,0.4864921071657794
baseline,59.900000000000006,2.0960980078546463,1.9858217388615824,0.0,0.0,0.0,0.4864921071657794
baseline,60.0,2.0960980078546463,1.9858217388615824,0.0,0.0,0.0,0.4864921071657794
fastest_sensitive_recovery,0.0,0.2,0.19999999999999998,2.15,0.0,3.9999999999999996,0.49999999999999994
fastest_sensitive_recovery,0.1,0.19603883346870657,0.1971658283980457,2.1039754342335466,0.017890858894614933,3.999250066761833,0.5014330894806647
fastest_sensitive_recovery,0.2,0.192277918924146,0.19448299732078655,2.05821528366538,0.03535242771335342,3.998322822648828,0.5028506996234905
fastest_sensitive_recovery,0.30000000000000004,0.18871720317377855,0.19195420674798086,2.0127454610954505,0.05239510949700943,3.9972106711116138,0.5042517030302691
fastest_sensitive_recovery,0.4,0.18535711379576308,0.1895826089281082,1.9675897349739748,0.06902904197491687,3.995905224976656,0.5056348992601366
fastest_sensitive_recovery,0.5,0.18219858443870932,0.18737184044271188,1.922769812741959,0.08526409311197217,3.994397242513523,0.5069990124421649
fastest_sensitive_recovery,0.6000000000000001,0.17924310069302388,0.18532607366399503,1.878305387517834,0.10110985119642062,3.9926765303336893,0.5083426869286186
fastest_sensitive_recovery,0.7000000000000001,0.1764927370859549,0.1834500606081488,1.8342141865256336,0.11657561900559998,3.9907318752679033,0.5096644849775638
fastest_sensitive_recovery,0.8,0.17395021527459548,0.18174919706547268,1.7905120507988415,0.13167040025808055,3.9885509109768784,0.5109628825917498
fastest_sensitive_recovery,0.9,0.17161895542706715,0.18022958106143533,1.7472129831572085,0.14640288869633908,3.9861200194756825,0.5122362675148566
fastest_sensitive_recovery,1.0,0.1695031412584899,0.17889808470037238,1.704329208374475,0.16078145380816714,3.9834242050767728,0.5134829368295504
fastest_sensitive_recovery,1.1,0.16760779353412822,0.17776243465982794,1.6618712411750924,0.1748141204980205,3.9804469281022543,0.5147010950810691
fastest_sensitive_recovery,1.2000000000000002,0.16593884713679047,0.1768312966600743,1.6198479362987872,0.18850854994787186,3.977169958187779,0.5158888539746026
fastest_sensitive_recovery,1.3,0.16450324128644978,0.17611437296253582,1.5782665542030718,0.2018720126906931,3.9735731709274065,0.5170442325798197
fastest_sensitive_recovery,1.4000000000000001,0.16330902463449143,0.17562251468670895,1.5371328019093435,0.2149113693535526,3.9696344067136997,0.5181651581863383
fastest_sensitive_recovery,1.5,0.1623654625476908,0.1753678365835622,1.496450882432665,0.22763303964327283,3.9653292536483606,0.5192494700245982
fastest_sensitive_recovery,1.6,0.16168317247289843,0.17536385919332564,1.4562235969052428,0.24004295124803607,3.960630676570859,0.5202949224219472
fastest_sensitive_recovery,1.7000000000000002,0.1612742546951793,0.17562564668167344,1.4164523495595818,0.2521465174093339,3.9555088754537793,0.5212991929173063
fastest_sensitive_recovery,1.8,0.16115246583103654,0.17616998618616117,1.3771372339420327,0.2639485844112537,3.9499309144254298,0.5222598885210864
fastest_sensitive_recovery,1.9000000000000001,0.16133336837593132,0.17701554318828094,1.3382770763821195,0.27545338112494283,3.9438603781783192,0.5231745607512815
fastest_sensitive_recovery,2.0,0.16183456867013016,0.17818310324493145,1.2998694918567006,0.2866644774769424,3.937257083195812,0.5240407130645922
fastest_sensitive_recovery,2.1,0.16267586427918587,0.17969572274282888,1.261910961939191,0.2975847019758897,3.930076493083765,0.5248558278618907
fastest_sensitive_recovery,2.2,0.1638795841503382,0.18157906938243493,1.2243968628492286,0.30821611863371196,3.922269557203936,0.5256173713570292
fastest_sensitive_recovery,2.3000000000000003,0.16547074852323543,0.18386158095652322,1.1873215651518667,0.3185599269396107,3.9137819466504067,0.526322831987346
fastest_sensitive_recovery,2.4000000000000004,0.16747737755464007,0.18657476877898155,1.150678507494408,0.32861639490055905,3.904553554324545,0.5269697436127758
fastest_sensitive_recovery,2.5,0.16993080313645376,0.1897535207613237,1.1144602728783728,0.3383848003335513,3.894517996531037,0.5275557152589496
fastest_sensitive_recovery,2.6,0.17286602462516432,0.19343644404476978,1.078658668687523,0.34786337400293516,3.8836020480287026,0.5280784613523052
fastest_sensitive_recovery,2.7,0.17632206100727915,0.19766619844908845,1.0432648284707406,0.35704922916982923,3.871724970583657,0.5285358388961666
fastest_sensitive_recovery,2.8000000000000003,0.18034222776973688,0.2024897465452992,1.0082693688605866,0.36593829129548955,3.8587976257687484,0.5289258999528301
fastest_sensitive_recovery,2.9000000000000004,0.18497465686480305,0.20795884205992565,0.9736624751934078,0.37452528486413195,3.844722077562361,0.5292469148825684
fastest_sensitive_recovery,3.0,0.19027261309096855,0.2141303035171331,0.9394340827501314,0.3828036842169336,3.8293906780932354,0.5294974262627345
fastest_sensitive_recovery,3.1,0.19629487583692995,0.22106634405172526,0.9055740843095285,0.39076573387501146,3.8126853139462606,0.5296762936209117
fastest_sensitive_recovery,3.2,0.20310617092167318,0.22883494209654795,0.8720724836609672,0.39840244336761443,3.7944767822695185,0.5297827300984306
fastest_sensitive_recovery,3.3000000000000003,0.21077752411419853,0.23751012142434175,0.8389197155602979,0.4057037192320528,3.774624079645992,0.5298163440105834
fastest_sensitive_recovery,3.4000000000000004,0.21938642230074193,0.24717202490453785,0.8061069096569538,0.41265838552937734,3.7529734640308026,0.5297771938009416
fastest_sensitive_recovery,3.5,0.22901747694137026,0.25790748927455104,0.7736261700754296,0.4192544766473568,3.729358630819769,0.529665774336543
fastest_sensitive_recovery,3.6,0.23976232775510278,0.2698098374406983,0.7414709552311418,0.4254793557470944,3.7035997053294283,0.5294830759388613
fastest_sensitive_recovery,3.7,0.25171991199432825,0.28297903521977524,0.7096365132334941,0.43132011024550637,3.6755032121820173,0.5292305823569634
fastest_sensitive_recovery,3.8000000000000003,0.26499643579818516,0.2975215403449032,0.6781202971443371,0.4367638596552594,3.644861929101805,0.5289102801387139
fastest_sensitive_recovery,3.9000000000000004,0.2797052851030502,0.31355008826690306,0.6469224736657512,0.4417982214520643,3.6114550243472383,0.5285246494874538
fastest_sensitive_recovery,4.0,0.295966848700302,0.33118339039068073,0.6160464428292883,0.44641182698990733,3.57504857536466,0.5280766389736398
fastest_sensitive_recovery,4.1000000000000005,0.313908002566798,0.35054549596486406,0.5854993652254697,0.4505948324287507,3.5353959871273966,0.5275696444363895
fastest_sensitive_recovery,4.2,0.3336617568519381,0.37176532794520356,0.5552927369728284,0.4543395692627017,3.4922393796804205,0.5270074483348076
fastest_sensitive_recovery,4.3,0.35536626752403044,0.39497559394255516,0.5254429130316889,0.45764107389122755,3.4453103393056677,0.5263941867384995
fastest_sensitive_recovery,4.4,0.379164257994976,0.42031212719420064,0.4959716164207271,0.4604976991239352,3.394332215630426,0.5257342618002957
fastest_sensitive_recovery,4.5,0.4052016236156796,0.4479124307604699,0.4669064153608286,0.4629116144743917,3.3390213437246126,0.5250322960486351
fastest_sensitive_recovery,4.6000000000000005,0.43362650890830895,0.4779147176066347,0.4382810097809472,0.46488916695654897,3.2790901499240026,0.5242930365682148
fastest_sensitive_recovery,4.7,0.46458762765564493,0.5104562220390083,0.4101355495999079,0.46644123087446143,3.2142491348656894,0.523521298246088
fastest_sensitive_recovery,4.800000000000001,0.4982328532312791,0.5456718036108079,0.3825165911542755,0.4675831932154786,3.1442106213482077,0.522721878894111
fastest_sensitive_recovery,4.9,0.5347072550533036,0.5836920277231787,0.3554770784924155,0.46833499028350467,3.068691882193298,0.5218995011103137
fastest_sensitive_recovery,5.0,0.5741509812860357,0.6246411133061266,0.32907575791571075,0.4687205650937415,2.987420083377769,0.521058752492553
fastest_sensitive_recovery,5.1000000000000005,0.6166966602558436,0.6686344310953004,0.30337668866541906,0.46876750685595125,2.900137091946412,0.5202040436074956
fastest_sensitive_recovery,5.2,0.6624664508732273,0.7157756757143867,0.27844836990707306,0.4685063807677469,2.8066056012017486,0.519339571695268
fastest_sensitive_recovery,5.300000000000001,0.7115678822018056,0.7661528658324569,0.2543622578118325,0.4679696655518223,2.7066178015853986,0.5184693162437026
fastest_sensitive_recovery,5.4,0.7640892166293229,0.8198339109999219,0.23119150140281378,0.46719097897832,2.600004657106155,0.5175970327720498
fastest_sensitive_recovery,5.5,0.820093065671671,0.876860496649723,0.2090090377698793,0.46620399865630013,2.4866488664279744,0.5167262770880999
fastest_sensitive_recovery,5.6000000000000005,0.8796084039109722,0.9372404538450118,0.18788559894327359,0.46504150675430966,2.366500814949467,0.5158604414693091
fastest_sensitive_recovery,5.7,0.9426202488100381,1.0009379162859269,0.16788751650692335,0.46373451646693487,2.239599253863082,0.5150028099295421
fastest_sensitive_recovery,5.800000000000001,1.0090567820629885,1.06786107565661,0.1490744767360948,0.4623115414618371,2.1060965073304083,0.5141566247733522
fastest_sensitive_recovery,5.9,1.0787730427020135,1.1378467173665392,0.13149721329323585,0.4607980581429457,1.9662906946190637,0.5133251709943023
fastest_sensitive_recovery,6.0,1.1515310792484854,1.2106414679083202,0.1151953477010635,0.459216167798257,1.820664336894944,0.5125118693659746
fastest_sensitive_recovery,6.1000000000000005,1.2269761797529164,1.2858794195426297,0.10019543233129768,0.4575844757635115,1.6699305918839487,0.5117203789597433
fastest_sensitive_recovery,6.2,1.3046096057723546,1.363056582058663,0.08650934875295303,0.45591816878464597,1.5150861926512864,0.5109547020074932
fastest_sensitive_recovery,6.300000000000001,1.3837591824996638,1.441503495442315,0.0741331139482652,0.4542292373889755,1.3574677247458482,0.5102192821562196
fastest_sensitive_recovery,6.4,1.4635510127036886,1.5203591641222398,0.06304630037610388,0.4525268432041748,1.1988062872564305,0.5095190786672706
fastest_sensitive_recovery,6.5,1.542888409473022,1.5985521577843054,0.05321202252338095,0.45081773801541564,1.0412674607582415,0.5088595895926628
fastest_sensitive_recovery,6.6000000000000005,1.620450197880204,1.6748005220063844,0.044577669402024504,0.4491067166709183,0.8874522932665735,0.5082467661410679
fastest_sensitive_recovery,6.7,1.6947216525174584,1.7476430336885616,0.037076166666632,0.4473970462732388,0.7403356139275608,0.5076867772585464
fastest_sensitive_recovery,6.800000000000001,1.76408061237141,1.8155232750977526,0.030628018254770406,0.44569085943326625,0.6030949294538335,0.5071855244802956
fastest_sensitive_recovery,6.9,1.826949969328613,1.8769368406312739,0.02514383532281149,0.4439894823197101,0.4788112844384799,0.5067478940188243
fastest_sensitive_recovery,7.0,1.8820124378064615,1.9306373863950341,0.02052738463908349,0.44229369597279616,0.3700479183752883,0.5063767918417155
fastest_sensitive_recovery,7.1000000000000005,1.9284409598046395,1.9758564160907974,0.016678974678729426,0.44060393067486536,0.2784002302988393,0.5060722137328593
fastest_sensitive_recovery,7.2,1.9660635883360922,2.0124589743130823,0.013499022100780455,0.4389204041112446,0.20417501177868505,0.5058307305345652
fastest_sensitive_recovery,7.300000000000001,1.995381435639048,2.0409576132490064,0.010891504298270741,0.43724321284633016,0.14635850916045356,0.5056457320678392
fastest_sensitive_recovery,7.4,2.01742057112094,2.0623671253885916,0.00876694684877166,0.43557238908810275,0.10290985582840623,0.5055084427930043
fastest_sensitive_recovery,7.5,2.033482873087828,2.0779631792451556,0.007044608495623368,0.43390793331918287,0.07125149580287378,0.5054093262554288
fastest_sensitive_recovery,7.6000000000000005,2.0448989628890555,2.0890441416034484,0.005653680317333883,0.4322498315028953,0.0487544392128685,0.50533935489659
fastest_sensitive_recovery,7.7,2.0528574195159885,2.0967671414323608,0.00453353664665284,0.4305980634215941,0.033072979375524315,0.505290806586408
fastest_sensitive_recovery,7.800000000000001,2.058326718579433,2.1020737590394947,0.0036332529628222594,0.4289526064121999,0.02229706028306503,0.5052575516101636
fastest_sensitive_recovery,7.9,2.0620470823502397,2.1056830595233964,0.0029106692449918656,0.4273134369241499,0.014967394592231509,0.5052349811153488
fastest_sensitive_recovery,8.0,2.064559680715975,2.1081204655495833,0.0023312493115816035,0.42568053113408,0.010017388382951457,0.5052197608379585
fastest_sensitive_recovery,8.1,2.0662482300446374,2.1097583997957248,0.0018669140602897366,0.4240538651782432,0.006690903846739586,0.505209542705246
fastest_sensitive_recovery,8.200000000000001,2.0673791767183194,2.1108554083686317,0.0014949530800834577,0.4224334152372796,0.004462948224440615,0.5052027035300374
fastest_sensitive_recovery,8.3,2.068134934294222,2.1115884700085736,0.0011970635449905604,0.42081915756645044,0.0029741292184905233,0.5051981353203442
fastest_sensitive_recovery,8.4,2.068639196371753,2.1120775812880823,0.0009585303275254677,0.41921106850604045,0.0019807558857674904,0.5051950882141129
fastest_sensitive_recovery,8.5,2.068975309410772,2.1124035923371385,0.0007675415820022584,0.41760912448478626,0.0013186318149049701,0.5051930575949733
fastest_sensitive_recovery,8.6,2.0691991900735247,2.1126207427221897,0.0006146260253988411,0.4160133020208171,0.0008776007876220971,0.5051917052080762
fastest_sensitive_recovery,8.700000000000001,2.0693482458732166,2.1127653169701643,0.0004921943775377059,0.4144235777217608,0.0005839707493443279,0.5051908048938093
fastest_sensitive_recovery,8.8,2.0694474543342185,2.1128615423143127,0.00039416807737986003,0.4128399282845559,0.0003885369483629532,0.5051902056991584
fastest_sensitive_recovery,8.9,2.069513472027346,2.112925574781876,0.0003156799032333045,0.41126233049516187,0.00025848678953627115,0.5051898069844735
fastest_sensitive_recovery,9.0,2.069557397177066,2.112968178996836,0.00025283321758444726,0.40969076122823755,0.00017195742569302462,0.5051895417050243
fastest_sensitive_recovery,9.1,2.0695866203921667,2.1129965233746186,0.00020250869941872894,0.4081251974468082,0.00011438983405247272,0.5051893652188534
fastest_sensitive_recovery,9.200000000000001,2.069606061193271,2.11301537951639,0.0001622093964205211,0.40656561620192955,7.60928916216351e-05,0.505189247812462
fastest_sensitive_recovery,9.3,2.069618993766705,2.113027923152914,0.0001299365513509841,0.405011994632353,5.061668190825937e-05,0.5051891697110041
fastest_sensitive_recovery,9.4,2.069627596643387,2.113036267302717,0.00010409018972435,0.40346430996418975,3.366965551054527e-05,0.5051891177574065
fastest_sensitive_recovery,9.5,2.0696333192573686,2.113041817811209,8.338951639859e-05,0.40192253951057766,2.2396533078863323e-05,0.5051890831981113
fastest_sensitive_recovery,9.600000000000001,2.0696371258924,2.1130455099626797,6.680920533184367e-05,0.4003866606713487,1.4897746598346865e-05,0.5051890602096094
fastest_sensitive_recovery,9.700000000000001,2.069639658005804,2.1130479659232435,5.3528408689191884e-05,0.3988566509326973,9.90967263700125e-06,0.5051890449180453
fastest_sensitive_recovery,9.8,2.069641342322975,2.113049599584804,4.2889944564645415e-05,0.39733248786685066,6.591693909336002e-06,0.5051890347463767
fastest_sensitive_recovery,9.9,2.069642462708882,2.1130506862752205,3.436763788728541e-05,0.3958141491317402,4.384617592108419e-06,0.5051890279803196
fastest_sensitive_recovery,10.0,2.069643207930197,2.1130514090840653,2.754019758150786e-05,0.3943016124706732,2.916587435603901e-06,0.505189023479899
fastest_sensitive_recovery,10.100000000000001,2.0696437036274626,2.1130518898732684,2.2070261197140953e-05,0.39279485571200756,1.9401009658513277e-06,0.5051890204863647
fastest_sensitive_recovery,10.200000000000001,2.06964403338823,2.1130522097165,1.7687673840396864e-05,0.39129385676882644,1.2904969661718278e-06,0.5051890184949277
fastest_sensitive_recovery,10.3,2.0696442527281818,2.1130524224598135,1.4176100661427274e-05,0.38979859363861397,8.584137001497177e-07,0.5051890171703259
fastest_sensitive_recovery,10.4,2.069644398627221,2.113052563970945,1.1362271031050146e-05,0.3883090444029322,5.710035288533257e-07,0.5051890162892365
fastest_sensitive_recovery,10.5,2.0696444957339555,2.1130526581571996,9.10735326476038e-06,0.3868251872270996,3.79710539972207e-07,0.5051890157028057
fastest_sensitive_recovery,10.600000000000001,2.0696445602830167,2.1130527207649497,7.300325413853228e-06,0.38534700035987784,2.525537288460105e-07,0.5051890153129917
fastest_sensitive_recovery,10.700000000000001,2.06964460319495,2.1130527623863085,5.852146759205778e-06,0.38387446213314413,1.680204369802e-07,0.5051890150538451
fastest_sensitive_recovery,10.8,2.069644631752874,2.1130527900853537,4.691477834787613e-06,0.3824075509615759,1.1176346774908126e-07,0.5051890148813828
fastest_sensitive_recovery,10.9,2.06964465075608,2.1130528085170397,3.7611412313465996e-06,0.38094624534232896,7.432857574829816e-08,0.5051890147666218
fastest_sensitive_recovery,11.0,2.069644663367119,2.1130528207488015,3.0154751795018277e-06,0.379490523854744,4.948577531911619e-08,0.5051890146904633
fastest_sensitive_recovery,11.100000000000001,2.0696446717609898,2.1130528288902273,2.417766761830888e-06,0.3780403651600077,3.295047861448673e-08,0.5051890146397724
fastest_sensitive_recovery,11.200000000000001,2.069644677357709,2.113052834318625,1.938629361102633e-06,0.3765957480008515,2.1925361825120657e-08,0.5051890146059735
fastest_sensitive_recovery,11.3,2.0696446810777314,2.113052837926768,1.5545264461541438e-06,0.3751566512012363,1.4597196425657504e-08,0.5051890145835084
fastest_sensitive_recovery,11.4,2.069644683555927,2.113052840330432,1.2465458783125378e-06,0.37372305366602737,9.715337286635835e-09,0.5051890145685424
fastest_sensitive_recovery,11.5,2.069644685202312,2.1130528419273027,9.99609125751353e-07,0.3722949343807196,6.472081104500276e-09,0.5051890145585999
fastest_sensitive_recovery,11.600000000000001,2.069644686286972,2.113052842979341,8.016580204877841e-07,0.37087227241111664,4.335383281846311e-09,0.5051890145520495
fastest_sensitive_recovery,11.700000000000001,2.069644687002083,2.1130528436729454,6.429865163051669e-07,0.36945504690303993,2.9266673247908624e-09,0.505189014547731
fastest_sensitive_recovery,11.8,2.0696446874863117,2.113052844142611,5.157290843193109e-07,0.36804323708194414,1.972773201096644e-09,0.5051890145448067
fastest_sensitive_recovery,11.9,2.0696446878190042,2.1130528444652974,4.136597857182336e-07,0.366636822252698,1.3173943099222271e-09,0.5051890145427976
fastest_sensitive_recovery,12.0,2.0696446880404067,2.113052844680041,3.3182744717021225e-07,0.3652357817992863,8.812483757870581e-10,0.5051890145414604
fastest_sensitive_recovery,12.100000000000001,2.0696446881858477,2.113052844821108,2.661894560259876e-07,0.36384009518440924,5.947400155273226e-10,0.5051890145405822
fastest_sensitive_recovery,12.200000000000001,2.069644688280958,2.1130528449133577,2.1348946034198591e-07,0.36244974194917573,4.0738021085302287e-10,0.5051890145400078
fastest_sensitive_recovery,12.3,2.0696446883425814,2.113052844973128,1.7125943449592188e-07,0.361064701713126,2.8598590638016183e-10,0.5051890145396357
fastest_sensitive_recovery,12.4,2.0696446883828874,2.113052845012222,1.3743664991809444e-07,0.3596849541734987,2.0658624946933616e-10,0.5051890145393922
fastest_sensitive_recovery,12.5,2.0696446884114326,2.113052845039908,1.1032280619839844e-07,0.3583104791051698,1.5035491540507027e-10,0.5051890145392197
fastest_sensitive_recovery,12.600000000000001,2.069644688432964,2.1130528450607917,8.858086628705823e-08,0.35694125636026974,1.0794020181568547e-10,0.5051890145390898
fastest_sensitive_recovery,12.700000000000001,2.0696446884494186,2.1130528450767514,7.111507895518945e-08,0.355577265867936,7.552521393899999e-11,0.5051890145389903
fastest_sensitive_recovery,12.8,2.0696446884613175,2.1130528450882933,5.708468266454914e-08,0.35421848763401687,5.208496127832286e-11,0.5051890145389186
fastest_sensitive_recovery,12.9,2.0696446884688893,2.1130528450956367,4.5816879603288044e-08,0.3528649017407217,3.716959031812114e-11,0.5051890145388728
fastest_sensitive_recovery,13.0,2.069644688472686,2.113052845099319,3.6786600542529277e-08,0.3515164883464447,2.9690499939079564e-11,0.5051890145388498
fastest_sensitive_recovery,13.100000000000001,2.069644688475235,2.1130528451017914,2.9537355776883352e-08,0.35017322768532405,2.46699727201287e-11,0.5051890145388345
fastest_sensitive_recovery,13.200000000000001,2.0696446884776116,2.1130528451040966,2.3737582146009514e-08,0.3488351000900614,1.9987653266284438e-11,0.5051890145388201
fastest_sensitive_recovery,13.3,2.0696446884803334,2.1130528451067367,1.9093524917730115e-08,0.34750208594725235,1.462598239689464e-11,0.5051890145388036
fastest_sensitive_recovery,13.4,2.069644688484107,2.1130528451103965,1.5352630856425073e-08,0.3461741656653,7.192710476521753e-12,0.505189014538781
fastest_sensitive_recovery,13.5,2.0696446884871147,2.113052845113314,1.2357354452320979e-08,0.34485131984772704,1.2668311241800817e-12,0.5051890145387627
fastest_sensitive_recovery,13.600000000000001,2.069644688488239,2.113052845114405,9.92402680148148e-09,0.34353352904439544,0.0,0.505189014538756
fastest_sensitive_recovery,13.700000000000001,2.069644688487921,2.113052845114096,7.941901839389842e-09,0.3422207739466691,0.0,0.5051890145387579
fastest_sensitive_recovery,13.8,2.069644688487468,2.113052845113657,6.3537139548458656e-09,0.34091303535034007,5.706182059062341e-13,0.5051890145387606
fastest_sensitive_recovery,13.9,2.0696446884873994,2.1130528451135904,5.0699464155007744e-09,0.3396102940111892,7.06422776740011e-13,0.505189014538761
fastest_sensitive_recovery,14.0,2.069644688487444,2.113052845113634,4.049531587508541e-09,0.33831253091523855,6.177510013883365e-13,0.5051890145387608
fastest_sensitive_recovery,14.100000000000001,2.0696446884875557,2.113052845113742,3.2377104302596967e-09,0.3370197269552473,3.985245865627363e-13,0.5051890145387601
fastest_sensitive_recovery,14.200000000000001,2.0696446884876742,2.113052845113857,2.5755715040547245e-09,0.33573185333603667,1.650723982978871e-13,0.5051890145387594
fastest_sensitive_recovery,14.3,2.069644688487738,2.113052845113919,2.0453832693953203e-09,0.33444889623492935,3.850942892776617e-14,0.505189014538759
fastest_sensitive_recovery,14.4,2.0696446884877533,2.113052845113933,1.6413684253136555e-09,0.3331708510754778,9.29638480949252e-15,0.5051890145387589
fastest_sensitive_recovery,14.5,2.0696446884877573,2.113052845113937,1.31741709558174e-09,0.3318976813320737,1.2981205481761441e-15,0.5051890145387589
fastest_sensitive_recovery,14.600000000000001,2.069644688487759,2.113052845113939,1.0635573807094008e-09,0.33062937910554846,0.0,0.5051890145387589
fastest_sensitive_recovery,14.700000000000001,2.069644688487759,2.113052845113939,8.674033992269309e-10,0.3293659282452961,0.0,0.5051890145387589
fastest_sensitive_recovery,14.8,2.069644688487759,2.113052845113939,7.047660666343221e-10,0.32810729720988974,0.0,0.5051890145387589
fastest_sensitive_recovery,14.9,2.069644688487759,2.113052845113939,5.751728959832421e-10,0.32685348491802596,0.0,0.5051890145387589
fastest_sensitive_recovery,15.0,2.069644688487758,2.1130528451139385,4.810638244514736e-10,0.3256044774681718,0.0,0.5051890145387589
fastest_sensitive_recovery,15.100000000000001,2.069644688487757,2.113052845113937,4.146602415972621e-10,0.3243602509281615,1.7286528505466022e-15,0.505189014538759
fastest_sensitive_recovery,15.200000000000001,2.069644688487756,2.1130528451139363,3.644252250141392e-10,0.32312078317479387,4.0693075835309575e-15,0.505189014538759
fastest_sensitive_recovery,15.3,2.069644688487755,2.113052845113936,3.188218522956323e-10,0.3218860520848676,5.283192738431212e-15,0.505189014538759
fastest_sensitive_recovery,15.4,2.0696446884877555,2.113052845113936,2.6631320103527027e-10,0.32065603553518124,4.283467060410659e-15,0.5051890145387589
fastest_sensitive_recovery,15.5,2.0696446884877577,2.113052845113938,1.953623488265823e-10,0.3194307114025337,0.0,0.505189014538759
fastest_sensitive_recovery,15.600000000000001,2.0696446884877617,2.1130528451139416,1.0709112810489239e-10,0.3182100616481991,0.0,0.5051890145387589
fastest_sensitive_recovery,15.700000000000001,2.0696446884877653,2.113052845113945,2.7935325091969432e-11,0.31699407640125554,0.0,0.5051890145387589
fastest_sensitive_recovery,15.8,2.0696446884877684,2.1130528451139483,0.0,0.3157827381840535,0.0,0.5051890145387589
fastest_sensitive_recovery,15.9,2.069644688487771,2.113052845113951,0.0,0.31457602909257487,0.0,0.5051890145387589
fastest_sensitive_recovery,16.0,2.0696446884877737,2.113052845113953,0.0,0.31337393122280155,0.0,0.5051890145387588
fastest_sensitive_recovery,16.1,2.0696446884877746,2.1130528451139545,0.0,0.3121764266707153,0.0,0.5051890145387588
fastest_sensitive_recovery,16.2,2.069644688487775,2.1130528451139545,0.0,0.31098349759388877,0.0,0.5051890145387588
fastest_sensitive_recovery,16.3,2.0696446884877746,2.113052845113954,0.0,0.30979512722323244,0.0,0.5051890145387588
fastest_sensitive_recovery,16.400000000000002,2.069644688487774,2.1130528451139536,0.0,0.3086112984089966,0.0,0.5051890145387588
fastest_sensitive_recovery,16.5,2.0696446884877737,2.1130528451139536,0.0,0.30743199367878277,0.0,0.5051890145387588
fastest_sensitive_recovery,16.6,2.0696446884877733,2.113052845113953,0.0,0.30625719556019243,0.0,0.5051890145387588
fastest_sensitive_recovery,16.7,2.0696446884877733,2.1130528451139527,0.0,0.3050868865808273,0.0,0.5051890145387589
fastest_sensitive_recovery,16.8,2.069644688487773,2.1130528451139527,0.0,0.30392104926828883,0.0,0.5051890145387589
fastest_sensitive_recovery,16.900000000000002,2.069644688487773,2.1130528451139527,0.0,0.3027596666752225,0.0,0.5051890145387589
fastest_sensitive_recovery,17.0,2.069644688487773,2.1130528451139527,0.0,0.30160272251420134,0.0,0.5051890145387589
fastest_sensitive_recovery,17.1,2.069644688487773,2.1130528451139527,0.0,0.30045019975495924,0.0,0.5051890145387589
fastest_sensitive_recovery,17.2,2.069644688487773,2.1130528451139527,0.0,0.29930208134989367,0.0,0.5051890145387589
fastest_sensitive_recovery,17.3,2.069644688487773,2.1130528451139527,0.0,0.2981583502514023,0.0,0.5051890145387589
fastest_sensitive_recovery,17.400000000000002,2.069644688487773,2.1130528451139527,0.0,0.2970189894118826,0.0,0.5051890145387589
fastest_sensitive_recovery,17.5,2.069644688487773,2.1130528451139527,0.0,0.295883981869072,0.0,0.5051890145387589
fastest_sensitive_recovery,17.6,2.069644688487773,2.1130528451139527,0.0,0.29475331156130813,0.0,0.5051890145387589
fastest_sensitive_recovery,17.7,2.069644688487773,2.1130528451139527,0.0,0.293626962073921,0.0,0.5051890145387589
fastest_sensitive_recovery,17.8,2.069644688487773,2.1130528451139527,0.0,0.2925049168047036,0.0,0.5051890145387589
fastest_sensitive_recovery,17.900000000000002,2.069644688487773,2.1130528451139527,0.0,0.29138715915144897,0.0,0.5051890145387589
fastest_sensitive_recovery,18.0,2.069644688487773,2.1130528451139527,0.0,0.2902736726052299,0.0,0.5051890145387589
fastest_sensitive_recovery,18.1,2.069644688487773,2.1130528451139527,0.0,0.28916444121556356,0.0,0.5051890145387589
fastest_sensitive_recovery,18.2,2.069644688487773,2.1130528451139527,0.0,0.288059448736877,0.0,0.5051890145387589
fastest_sensitive_recovery,18.3,2.069644688487773,2.1130528451139527,0.0,0.2869586788461286,0.0,0.5051890145387589
fastest_sensitive_recovery,18.400000000000002,2.069644688487773,2.1130528451139527,0.0,0.2858621152202768,0.0,0.5051890145387589
fastest_sensitive_recovery,18.5,2.069644688487773,2.1130528451139527,0.0,0.2847697416931417,0.0,0.5051890145387589
fastest_sensitive_recovery,18.6,2.069644688487773,2.1130528451139527,0.0,0.2836815426625335,0.0,0.5051890145387589
fastest_sensitive_recovery,18.7,2.069644688487773,2.1130528451139527,0.0,0.28259750215657303,0.0,0.5051890145387589
fastest_sensitive_recovery,18.8,2.069644688487773,2.1130528451139527,0.0,0.2815176041544451,0.0,0.5051890145387589
fastest_sensitive_recovery,18.900000000000002,2.069644688487773,2.1130528451139527,0.0,0.2804418326353349,0.0,0.5051890145387589
fastest_sensitive_recovery,19.0,2.069644688487773,2.1130528451139527,0.0,0.2793701718002541,0.0,0.5051890145387589
fastest_sensitive_recovery,19.1,2.069644688487773,2.1130528451139527,0.0,0.2783026063288755,0.0,0.5051890145387589
fastest_sensitive_recovery,19.200000000000003,2.069644688487773,2.1130528451139527,0.0,0.2772391205195036,0.0,0.5051890145387589
fastest_sensitive_recovery,19.3,2.069644688487773,2.1130528451139527,0.0,0.2761796986478938,0.0,0.5051890145387589
fastest_sensitive_recovery,19.400000000000002,2.069644688487773,2.1130528451139527,0.0,0.27512432498980177,0.0,0.5051890145387589
fastest_sensitive_recovery,19.5,2.069644688487773,2.1130528451139527,0.0,0.27407298422558046,0.0,0.5051890145387589
fastest_sensitive_recovery,19.6,2.069644688487773,2.1130528451139527,0.0,0.273025661417452,0.0,0.5051890145387589
fastest_sensitive_recovery,19.700000000000003,2.069644688487773,2.1130528451139527,0.0,0.2719823411067339,0.0,0.5051890145387589
fastest_sensitive_recovery,19.8,2.069644688487773,2.1130528451139527,0.0,0.27094300789480125,0.0,0.5051890145387589
fastest_sensitive_recovery,19.900000000000002,2.069644688487773,2.1130528451139527,0.0,0.2699076464522827,0.0,0.5051890145387589
fastest_sensitive_recovery,20.0,2.069644688487773,2.1130528451139527,0.0,0.2688762415190615,0.0,0.5051890145387589
fastest_sensitive_recovery,20.1,2.069644688487773,2.1130528451139527,0.0,0.2678487779042741,0.0,0.5051890145387589
fastest_sensitive_recovery,20.200000000000003,2.069644688487773,2.1130528451139527,0.0,0.26682524048631123,0.0,0.5051890145387589
fastest_sensitive_recovery,20.3,2.069644688487773,2.1130528451139527,0.0,0.26580561421281756,0.0,0.5051890145387589
fastest_sensitive_recovery,20.400000000000002,2.069644688487773,2.1130528451139527,0.0,0.2647898841006917,0.0,0.5051890145387589
fastest_sensitive_recovery,20.5,2.069644688487773,2.1130528451139527,0.0,0.26377803523608584,0.0,0.5051890145387589
fastest_sensitive_recovery,20.6,2.069644688487773,2.1130528451139527,0.0,0.2627700527744064,0.0,0.5051890145387589
fastest_sensitive_recovery,20.700000000000003,2.069644688487773,2.1130528451139527,0.0,0.2617659219403138,0.0,0.5051890145387589
fastest_sensitive_recovery,20.8,2.069644688487773,2.1130528451139527,0.0,0.260765628027722,0.0,0.5051890145387589
fastest_sensitive_recovery,20.900000000000002,2.069644688487773,2.1130528451139527,0.0,0.25976915639979925,0.0,0.5051890145387589
fastest_sensitive_recovery,21.0,2.069644688487773,2.1130528451139527,0.0,0.2587764924889675,0.0,0.5051890145387589
fastest_sensitive_recovery,21.1,2.069644688487773,2.1130528451139527,0.0,0.25778762179690273,0.0,0.5051890145387589
fastest_sensitive_recovery,21.200000000000003,2.069644688487773,2.1130528451139527,0.0,0.25680252989453467,0.0,0.5051890145387589
fastest_sensitive_recovery,21.3,2.069644688487773,2.1130528451139527,0.0,0.2558212024220472,0.0,0.5051890145387589
fastest_sensitive_recovery,21.400000000000002,2.069644688487773,2.1130528451139527,0.0,0.2548436248596714,0.0,0.5051890145387589
fastest_sensitive_recovery,21.5,2.069644688487773,2.1130528451139527,0.0,0.2538697824428506,0.0,0.5051890145387589
fastest_sensitive_recovery,21.6,2.069644688487773,2.1130528451139527,0.0,0.25289966088771,0.0,0.5051890145387589
fastest_sensitive_recovery,21.700000000000003,2.069644688487773,2.1130528451139527,0.0,0.25193324598850747,0.0,0.5051890145387589
fastest_sensitive_recovery,21.8,2.069644688487773,2.1130528451139527,0.0,0.25097052360300076,0.0,0.5051890145387589
fastest_sensitive_recovery,21.900000000000002,2.069644688487773,2.1130528451139527,0.0,0.2500114796524472,0.0,0.5051890145387589
fastest_sensitive_recovery,22.0,2.069644688487773,2.1130528451139527,0.0,0.24905610012160403,0.0,0.5051890145387589
fastest_sensitive_recovery,22.1,2.069644688487773,2.1130528451139527,0.0,0.24810437105872823,0.0,0.5051890145387589
fastest_sensitive_recovery,22.200000000000003,2.069644688487773,2.1130528451139527,0.0,0.24715627857557665,0.0,0.5051890145387589
fastest_sensitive_recovery,22.3,2.069644688487773,2.1130528451139527,0.0,0.24621180884740584,0.0,0.5051890145387589
fastest_sensitive_recovery,22.400000000000002,2.069644688487773,2.1130528451139527,0.0,0.24527094811297218,0.0,0.5051890145387589
fastest_sensitive_recovery,22.5,2.069644688487773,2.1130528451139527,0.0,0.24433368267453184,0.0,0.5051890145387589
fastest_sensitive_recovery,22.6,2.069644688487773,2.1130528451139527,0.0,0.24339999889784072,0.0,0.5051890145387589
fastest_sensitive_recovery,22.700000000000003,2.069644688487773,2.1130528451139527,0.0,0.24246988321215462,0.0,0.5051890145387589
fastest_sensitive_recovery,22.8,2.069644688487773,2.1130528451139527,0.0,0.24154332211022905,0.0,0.5051890145387589
fastest_sensitive_recovery,22.900000000000002,2.069644688487773,2.1130528451139527,0.0,0.24062030214831925,0.0,0.5051890145387589
fastest_sensitive_recovery,23.0,2.069644688487773,2.1130528451139527,0.0,0.23970080994618045,0.0,0.5051890145387589
fastest_sensitive_recovery,23.1,2.069644688487773,2.1130528451139527,0.0,0.23878483218706745,0.0,0.5051890145387589
fastest_sensitive_recovery,23.200000000000003,2.069644688487773,2.1130528451139527,0.0,0.23787235561773493,0.0,0.5051890145387589
fastest_sensitive_recovery,23.3,2.069644688487773,2.1130528451139527,0.0,0.23696336670069265,0.0,0.5051890145387589
fastest_sensitive_recovery,23.400000000000002,2.069644688487773,2.1130528451139527,0.0,0.23605785127286,0.0,0.5051890145387589
fastest_sensitive_recovery,23.5,2.069644688487773,2.1130528451139527,0.0,0.23515579600783162,0.0,0.5051890145387589
fastest_sensitive_recovery,23.6,2.069644688487773,2.1130528451139527,0.0,0.23425718768088194,0.0,0.5051890145387589
fastest_sensitive_recovery,23.700000000000003,2.069644688487773,2.1130528451139527,0.0,0.23336201312019644,0.0,0.5051890145387589
fastest_sensitive_recovery,23.8,2.069644688487773,2.1130528451139527,0.0,0.2324702592068716,0.0,0.5051890145387589
fastest_sensitive_recovery,23.900000000000002,2.069644688487773,2.1130528451139527,0.0,0.23158191287491467,0.0,0.5051890145387589
fastest_sensitive_recovery,24.0,2.069644688487773,2.1130528451139527,0.0,0.23069696111124413,0.0,0.5051890145387589
fastest_sensitive_recovery,24.1,2.069644688487773,2.1130528451139527,0.0,0.22981539095568917,0.0,0.5051890145387589
fastest_sensitive_recovery,24.200000000000003,2.069644688487773,2.1130528451139527,0.0,0.2289371895009901,0.0,0.5051890145387589
fastest_sensitive_recovery,24.3,2.069644688487773,2.1130528451139527,0.0,0.2280623438927981,0.0,0.5051890145387589
fastest_sensitive_recovery,24.400000000000002,2.069644688487773,2.1130528451139527,0.0,0.22719084132967532,0.0,0.5051890145387589
fastest_sensitive_recovery,24.5,2.069644688487773,2.1130528451139527,0.0,0.226322669063095,0.0,0.5051890145387589
fastest_sensitive_recovery,24.6,2.069644688487773,2.1130528451139527,0.0,0.22545781439744106,0.0,0.5051890145387589
fastest_sensitive_recovery,24.700000000000003,2.069644688487773,2.1130528451139527,0.0,0.22459626469000865,0.0,0.5051890145387589
fastest_sensitive_recovery,24.8,2.069644688487773,2.1130528451139527,0.0,0.2237380073510038,0.0,0.5051890145387589
fastest_sensitive_recovery,24.900000000000002,2.069644688487773,2.1130528451139527,0.0,0.22288302984354338,0.0,0.5051890145387589
fastest_sensitive_recovery,25.0,2.069644688487773,2.1130528451139527,0.0,0.2220313196836554,0.0,0.5051890145387589
fastest_sensitive_recovery,25.1,2.069644688487773,2.1130528451139527,0.0,0.22118286444027863,0.0,0.5051890145387589
fastest_sensitive_recovery,25.200000000000003,2.069644688487773,2.1130528451139527,0.0,0.2203376516389108,0.0,0.5051890145387589
fastest_sensitive_recovery,25.3,2.069644688487773,2.1130528451139527,0.0,0.21949566859082315,0.0,0.5051890145387589
fastest_sensitive_recovery,25.400000000000002,2.069644688487773,2.1130528451139527,0.0,0.2186569029239105,0.0,0.5051890145387589
fastest_sensitive_recovery,25.5,2.069644688487773,2.1130528451139527,0.0,0.21782134234172074,0.0,0.5051890145387589
fastest_sensitive_recovery,25.6,2.069644688487773,2.1130528451139527,0.0,0.21698897459708272,0.0,0.5051890145387589
fastest_sensitive_recovery,25.700000000000003,2.069644688487773,2.1130528451139527,0.0,0.21615978749210632,0.0,0.5051890145387589
fastest_sensitive_recovery,25.8,2.069644688487773,2.1130528451139527,0.0,0.21533376887818265,0.0,0.5051890145387589
fastest_sensitive_recovery,25.900000000000002,2.069644688487773,2.1130528451139527,0.0,0.21451090665598357,0.0,0.5051890145387589
fastest_sensitive_recovery,26.0,2.069644688487773,2.1130528451139527,0.0,0.2136911887754624,0.0,0.5051890145387589
fastest_sensitive_recovery,26.1,2.069644688487773,2.1130528451139527,0.0,0.2128746032358531,0.0,0.5051890145387589
fastest_sensitive_recovery,26.200000000000003,2.069644688487773,2.1130528451139527,0.0,0.21206113808567104,0.0,0.5051890145387589
fastest_sensitive_recovery,26.3,2.069644688487773,2.1130528451139527,0.0,0.21125078142271247,0.0,0.5051890145387589
fastest_sensitive_recovery,26.400000000000002,2.069644688487773,2.1130528451139527,0.0,0.21044352139405478,0.0,0.5051890145387589
fastest_sensitive_recovery,26.5,2.069644688487773,2.1130528451139527,0.0,0.20963934619605634,0.0,0.5051890145387589
fastest_sensitive_recovery,26.6,2.069644688487773,2.1130528451139527,0.0,0.2088382440743567,0.0,0.5051890145387589
fastest_sensitive_recovery,26.700000000000003,2.069644688487773,2.1130528451139527,0.0,0.20804020332387632,0.0,0.5051890145387589
fastest_sensitive_recovery,26.8,2.069644688487773,2.1130528451139527,0.0,0.20724521228881687,0.0,0.5051890145387589
fastest_sensitive_recovery,26.900000000000002,2.069644688487773,2.1130528451139527,0.0,0.20645325936266098,0.0,0.5051890145387589
fastest_sensitive_recovery,27.0,2.069644688487773,2.1130528451139527,0.0,0.20566433298817244,0.0,0.5051890145387589
fastest_sensitive_recovery,27.1,2.069644688487773,2.1130528451139527,0.0,0.20487842158463954,0.0,0.5051890145387589
fastest_sensitive_recovery,27.200000000000003,2.069644688487773,2.1130528451139527,0.0,0.2040955133421047,0.0,0.5051890145387589
fastest_sensitive_recovery,27.3,2.069644688487773,2.1130528451139527,0.0,0.20331559674460886,0.0,0.5051890145387589
fastest_sensitive_recovery,27.400000000000002,2.069644688487773,2.1130528451139527,0.0,0.20253866035853835,0.0,0.5051890145387589
fastest_sensitive_recovery,27.5,2.069644688487773,2.1130528451139527,0.0,0.2017646927960853,0.0,0.5051890145387589
fastest_sensitive_recovery,27.6,2.069644688487773,2.1130528451139527,0.0,0.2009936827152478,0.0,0.5051890145387589
fastest_sensitive_recovery,27.700000000000003,2.069644688487773,2.1130528451139527,0.0,0.2002256188198299,0.0,0.5051890145387589
fastest_sensitive_recovery,27.8,2.069644688487773,2.1130528451139527,0.0,0.19946048985944148,0.0,0.5051890145387589
fastest_sensitive_recovery,27.900000000000002,2.069644688487773,2.1130528451139527,0.0,0.19869828462949832,0.0,0.5051890145387589
fastest_sensitive_recovery,28.0,2.069644688487773,2.1130528451139527,0.0,0.19793899197122222,0.0,0.5051890145387589
fastest_sensitive_recovery,28.1,2.069644688487773,2.1130528451139527,0.0,0.1971826007716407,0.0,0.5051890145387589
fastest_sensitive_recovery,28.200000000000003,2.069644688487773,2.1130528451139527,0.0,0.19642909996358737,0.0,0.5051890145387589
fastest_sensitive_recovery,28.3,2.069644688487773,2.1130528451139527,0.0,0.19567847852570172,0.0,0.5051890145387589
fastest_sensitive_recovery,28.400000000000002,2.069644688487773,2.1130528451139527,0.0,0.19493072548242893,0.0,0.5051890145387589
fastest_sensitive_recovery,28.5,2.069644688487773,2.1130528451139527,0.0,0.19418582990402036,0.0,0.5051890145387589
fastest_sensitive_recovery,28.6,2.069644688487773,2.1130528451139527,0.0,0.1934437809065331,0.0,0.5051890145387589
fastest_sensitive_recovery,28.700000000000003,2.069644688487773,2.1130528451139527,0.0,0.19270456765183025,0.0,0.5051890145387589
fastest_sensitive_recovery,28.8,2.069644688487773,2.1130528451139527,0.0,0.19196817934758081,0.0,0.5051890145387589
fastest_sensitive_recovery,28.900000000000002,2.069644688487773,2.1130528451139527,0.0,0.19123460524725958,0.0,0.5051890145387589
fastest_sensitive_recovery,29.0,2.069644688487773,2.1130528451139527,0.0,0.1905038346108833,0.0,0.5051890145387589
fastest_sensitive_recovery,29.1,2.069644688487773,2.1130528451139527,0.0,0.1897758565331563,0.0,0.5051890145387589
fastest_sensitive_recovery,29.200000000000003,2.069644688487773,2.1130528451139527,0.0,0.18905066031113454,0.0,0.5051890145387589
fastest_sensitive_recovery,29.3,2.069644688487773,2.1130528451139527,0.0,0.18832823531762302,0.0,0.5051890145387589
fastest_sensitive_recovery,29.400000000000002,2.069644688487773,2.1130528451139527,0.0,0.18760857096596406,0.0,0.5051890145387589
fastest_sensitive_recovery,29.5,2.069644688487773,2.1130528451139527,0.0,0.18689165670970714,0.0,0.5051890145387589
fastest_sensitive_recovery,29.6,2.069644688487773,2.1130528451139527,0.0,0.18617748204227855,0.0,0.5051890145387589
fastest_sensitive_recovery,29.700000000000003,2.069644688487773,2.1130528451139527,0.0,0.18546603649665133,0.0,0.5051890145387589
fastest_sensitive_recovery,29.8,2.069644688487773,2.1130528451139527,0.0,0.18475730964501488,0.0,0.5051890145387589
fastest_sensitive_recovery,29.900000000000002,2.069644688487773,2.1130528451139527,0.0,0.1840512910984447,0.0,0.5051890145387589
fastest_sensitive_recovery,30.0,2.069644688487773,2.1130528451139527,0.0,0.18334797050657234,0.0,0.5051890145387589
fastest_sensitive_recovery,30.1,2.069644688487773,2.1130528451139527,0.0,0.18264733755725507,0.0,0.5051890145387589
fastest_sensitive_recovery,30.200000000000003,2.069644688487773,2.1130528451139527,0.0,0.18194938197624547,0.0,0.5051890145387589
fastest_sensitive_recovery,30.3,2.069644688487773,2.1130528451139527,0.0,0.18125409352686156,0.0,0.5051890145387589
fastest_sensitive_recovery,30.400000000000002,2.069644688487773,2.1130528451139527,0.0,0.18056146200965617,0.0,0.5051890145387589
fastest_sensitive_recovery,30.5,2.069644688487773,2.1130528451139527,0.0,0.1798714772620871,0.0,0.5051890145387589
fastest_sensitive_recovery,30.6,2.069644688487773,2.1130528451139527,0.0,0.17918412915818643,0.0,0.5051890145387589
fastest_sensitive_recovery,30.700000000000003,2.069644688487773,2.1130528451139527,0.0,0.17849940760823077,0.0,0.5051890145387589
fastest_sensitive_recovery,30.8,2.069644688487773,2.1130528451139527,0.0,0.1778173025584107,0.0,0.5051890145387589
fastest_sensitive_recovery,30.900000000000002,2.069644688487773,2.1130528451139527,0.0,0.17713780399050053,0.0,0.5051890145387589
fastest_sensitive_recovery,31.0,2.069644688487773,2.1130528451139527,0.0,0.17646090194250533,0.0,0.5051890145387589
fastest_sensitive_recovery,31.1,2.069644688487773,2.1130528451139527,0.0,0.17578658660013852,0.0,0.5051890145387589
fastest_sensitive_recovery,31.200000000000003,2.069644688487773,2.1130528451139527,0.0,0.17511484810001587,0.0,0.5051890145387589
fastest_sensitive_recovery,31.3,2.069644688487773,2.1130528451139527,0.0,0.17444567659687196,0.0,0.5051890145387589
fastest_sensitive_recovery,31.400000000000002,2.069644688487773,2.1130528451139527,0.0,0.17377906228194467,0.0,0.5051890145387589
fastest_sensitive_recovery,31.5,2.069644688487773,2.1130528451139527,0.0,0.17311499538272415,0.0,0.5051890145387589
fastest_sensitive_recovery,31.6,2.069644688487773,2.1130528451139527,0.0,0.17245346616270146,0.0,0.5051890145387589
fastest_sensitive_recovery,31.700000000000003,2.069644688487773,2.1130528451139527,0.0,0.17179446492111758,0.0,0.5051890145387589
fastest_sensitive_recovery,31.8,2.069644688487773,2.1130528451139527,0.0,0.1711379819927123,0.0,0.5051890145387589
fastest_sensitive_recovery,31.900000000000002,2.069644688487773,2.1130528451139527,0.0,0.17048400774747285,0.0,0.5051890145387589
fastest_sensitive_recovery,32.0,2.069644688487773,2.1130528451139527,0.0,0.1698325325903829,0.0,0.5051890145387589
fastest_sensitive_recovery,32.1,2.069644688487773,2.1130528451139527,0.0,0.16918354696117138,0.0,0.5051890145387589
fastest_sensitive_recovery,32.2,2.069644688487773,2.1130528451139527,0.0,0.1685370413340614,0.0,0.5051890145387589
fastest_sensitive_recovery,32.300000000000004,2.069644688487773,2.1130528451139527,0.0,0.16789300621751885,0.0,0.5051890145387589
fastest_sensitive_recovery,32.4,2.069644688487773,2.1130528451139527,0.0,0.1672514321540016,0.0,0.5051890145387589
fastest_sensitive_recovery,32.5,2.069644688487773,2.1130528451139527,0.0,0.16661230971970797,0.0,0.5051890145387589
fastest_sensitive_recovery,32.6,2.069644688487773,2.1130528451139527,0.0,0.16597562952432587,0.0,0.5051890145387589
fastest_sensitive_recovery,32.7,2.069644688487773,2.1130528451139527,0.0,0.16534138221078154,0.0,0.5051890145387589
fastest_sensitive_recovery,32.800000000000004,2.069644688487773,2.1130528451139527,0.0,0.16470955845498836,0.0,0.5051890145387589
fastest_sensitive_recovery,32.9,2.069644688487773,2.1130528451139527,0.0,0.16408014896559578,0.0,0.5051890145387589
fastest_sensitive_recovery,33.0,2.069644688487773,2.1130528451139527,0.0,0.16345314451000562,0.0,0.5051890145387589
fastest_sensitive_recovery,33.1,2.069644688487773,2.1130528451139527,0.0,0.16282853602908376,0.0,0.5051890145387589
fastest_sensitive_recovery,33.2,2.069644688487773,2.1130528451139527,0.0,0.16220631439088037,0.0,0.5051890145387589
fastest_sensitive_recovery,33.300000000000004,2.069644688487773,2.1130528451139527,0.0,0.16158647047496136,0.0,0.5051890145387589
fastest_sensitive_recovery,33.4,2.069644688487773,2.1130528451139527,0.0,0.16096899519559188,0.0,0.5051890145387589
fastest_sensitive_recovery,33.5,2.069644688487773,2.1130528451139527,0.0,0.1603538795015842,0.0,0.5051890145387589
fastest_sensitive_recovery,33.6,2.069644688487773,2.1130528451139527,0.0,0.15974111437614566,0.0,0.5051890145387589
fastest_sensitive_recovery,33.7,2.069644688487773,2.1130528451139527,0.0,0.15913069083672648,0.0,0.5051890145387589
fastest_sensitive_recovery,33.800000000000004,2.069644688487773,2.1130528451139527,0.0,0.15852259993486767,0.0,0.5051890145387589
fastest_sensitive_recovery,33.9,2.069644688487773,2.1130528451139527,0.0,0.15791683275604884,0.0,0.5051890145387589
fastest_sensitive_recovery,34.0,2.069644688487773,2.1130528451139527,0.0,0.15731338041953608,0.0,0.5051890145387589
fastest_sensitive_recovery,34.1,2.069644688487773,2.1130528451139527,0.0,0.15671223407822987,0.0,0.5051890145387589
fastest_sensitive_recovery,34.2,2.069644688487773,2.1130528451139527,0.0,0.156113384918513,0.0,0.5051890145387589
fastest_sensitive_recovery,34.300000000000004,2.069644688487773,2.1130528451139527,0.0,0.15551682416009832,0.0,0.5051890145387589
fastest_sensitive_recovery,34.4,2.069644688487773,2.1130528451139527,0.0,0.1549225430558767,0.0,0.5051890145387589
fastest_sensitive_recovery,34.5,2.069644688487773,2.1130528451139527,0.0,0.15433053289176482,0.0,0.5051890145387589
fastest_sensitive_recovery,34.6,2.069644688487773,2.1130528451139527,0.0,0.15374078498655308,0.0,0.5051890145387589
fastest_sensitive_recovery,34.7,2.069644688487773,2.1130528451139527,0.0,0.1531532906917536,0.0,0.5051890145387589
fastest_sensitive_recovery,34.800000000000004,2.069644688487773,2.1130528451139527,0.0,0.15256804139144783,0.0,0.5051890145387589
fastest_sensitive_recovery,34.9,2.069644688487773,2.1130528451139527,0.0,0.1519850285021347,0.0,0.5051890145387589
fastest_sensitive_recovery,35.0,2.069644688487773,2.1130528451139527,0.0,0.15140424347693793,0.0,0.5051890145387589
fastest_sensitive_recovery,35.1,2.069644688487773,2.1130528451139527,0.0,0.15082567782453485,0.0,0.5051890145387589
fastest_sensitive_recovery,35.2,2.069644688487773,2.1130528451139527,0.0,0.15024932306817007,0.0,0.5051890145387589
fastest_sensitive_recovery,35.300000000000004,2.069644688487773,2.1130528451139527,0.0,0.1496751707595418,0.0,0.5051890145387589
fastest_sensitive_recovery,35.4,2.069644688487773,2.1130528451139527,0.0,0.14910321248253908,0.0,0.5051890145387589
fastest_sensitive_recovery,35.5,2.069644688487773,2.1130528451139527,0.0,0.14853343985310632,0.0,0.5051890145387589
fastest_sensitive_recovery,35.6,2.069644688487773,2.1130528451139527,0.0,0.1479658445191075,0.0,0.5051890145387589
fastest_sensitive_recovery,35.7,2.069644688487773,2.1130528451139527,0.0,0.14740041816019045,0.0,0.5051890145387589
fastest_sensitive_recovery,35.800000000000004,2.069644688487773,2.1130528451139527,0.0,0.14683715248765122,0.0,0.5051890145387589
fastest_sensitive_recovery,35.9,2.069644688487773,2.1130528451139527,0.0,0.1462760392442985,0.0,0.5051890145387589
fastest_sensitive_recovery,36.0,2.069644688487773,2.1130528451139527,0.0,0.1457170702043175,0.0,0.5051890145387589
fastest_sensitive_recovery,36.1,2.069644688487773,2.1130528451139527,0.0,0.1451602371731348,0.0,0.5051890145387589
fastest_sensitive_recovery,36.2,2.069644688487773,2.1130528451139527,0.0,0.14460553198728235,0.0,0.5051890145387589
fastest_sensitive_recovery,36.300000000000004,2.069644688487773,2.1130528451139527,0.0,0.1440529465142617,0.0,0.5051890145387589
fastest_sensitive_recovery,36.4,2.069644688487773,2.1130528451139527,0.0,0.14350247265240865,0.0,0.5051890145387589
fastest_sensitive_recovery,36.5,2.069644688487773,2.1130528451139527,0.0,0.14295410233075706,0.0,0.5051890145387589
fastest_sensitive_recovery,36.6,2.069644688487773,2.1130528451139527,0.0,0.14240782750890374,0.0,0.5051890145387589
fastest_sensitive_recovery,36.7,2.069644688487773,2.1130528451139527,0.0,0.14186364017687228,0.0,0.5051890145387589
fastest_sensitive_recovery,36.800000000000004,2.069644688487773,2.1130528451139527,0.0,0.14132153235497755,0.0,0.5051890145387589
fastest_sensitive_recovery,36.9,2.069644688487773,2.1130528451139527,0.0,0.14078149609369006,0.0,0.5051890145387589
fastest_sensitive_recovery,37.0,2.069644688487773,2.1130528451139527,0.0,0.14024352347638586,0.0,0.5051890145387589
fastest_sensitive_recovery,37.1,2.069644688487773,2.1130528451139527,0.0,0.13970760663184087,0.0,0.5051890145387589
fastest_sensitive_recovery,37.2,2.069644688487773,2.1130528451139527,0.0,0.13917373770706637,0.0,0.5051890145387589
fastest_sensitive_recovery,37.300000000000004,2.069644688487773,2.1130528451139527,0.0,0.13864190887646544,0.0,0.5051890145387589
fastest_sensitive_recovery,37.4,2.069644688487773,2.1130528451139527,0.0,0.13811211234427198,0.0,0.5051890145387589
fastest_sensitive_recovery,37.5,2.069644688487773,2.1130528451139527,0.0,0.13758434034442568,0.0,0.5051890145387589
fastest_sensitive_recovery,37.6,2.069644688487773,2.1130528451139527,0.0,0.13705858514044747,0.0,0.5051890145387589
fastest_sensitive_recovery,37.7,2.069644688487773,2.1130528451139527,0.0,0.13653483902531463,0.0,0.5051890145387589
fastest_sensitive_recovery,37.800000000000004,2.069644688487773,2.1130528451139527,0.0,0.1360130943213358,0.0,0.5051890145387589
fastest_sensitive_recovery,37.9,2.069644688487773,2.1130528451139527,0.0,0.1354933433800264,0.0,0.5051890145387589
fastest_sensitive_recovery,38.0,2.069644688487773,2.1130528451139527,0.0,0.1349755785819835,0.0,0.5051890145387589
fastest_sensitive_recovery,38.1,2.069644688487773,2.1130528451139527,0.0,0.13445979233676145,0.0,0.5051890145387589
fastest_sensitive_recovery,38.2,2.069644688487773,2.1130528451139527,0.0,0.13394597708274683,0.0,0.5051890145387589
fastest_sensitive_recovery,38.300000000000004,2.069644688487773,2.1130528451139527,0.0,0.13343412528703344,0.0,0.5051890145387589
fastest_sensitive_recovery,38.400000000000006,2.069644688487773,2.1130528451139527,0.0,0.13292422944529786,0.0,0.5051890145387589
fastest_sensitive_recovery,38.5,2.069644688487773,2.1130528451139527,0.0,0.13241628208167439,0.0,0.5051890145387589
fastest_sensitive_recovery,38.6,2.069644688487773,2.1130528451139527,0.0,0.1319102757486302,0.0,0.5051890145387589
fastest_sensitive_recovery,38.7,2.069644688487773,2.1130528451139527,0.0,0.13140620302684086,0.0,0.5051890145387589
fastest_sensitive_recovery,38.800000000000004,2.069644688487773,2.1130528451139527,0.0,0.13090405652506504,0.0,0.5051890145387589
fastest_sensitive_recovery,38.900000000000006,2.069644688487773,2.1130528451139527,0.0,0.13040382888002006,0.0,0.5051890145387589
fastest_sensitive_recovery,39.0,2.069644688487773,2.1130528451139527,0.0,0.1299055127587229,0.0,0.5051890145387589
fastest_sensitive_recovery,39.1,2.069644688487773,2.1130528451139527,0.0,0.1294091008691577,0.0,0.5051890145387589
fastest_sensitive_recovery,39.2,2.069644688487773,2.1130528451139527,0.0,0.12891458593705465,0.0,0.5051890145387589
fastest_sensitive_recovery,39.300000000000004,2.069644688487773,2.1130528451139527,0.0,0.1284219607137053,0.0,0.5051890145387589
fastest_sensitive_recovery,39.400000000000006,2.069644688487773,2.1130528451139527,0.0,0.12793121797803778,0.0,0.5051890145387589
fastest_sensitive_recovery,39.5,2.069644688487773,2.1130528451139527,0.0,0.12744235053650152,0.0,0.5051890145387589
fastest_sensitive_recovery,39.6,2.069644688487773,2.1130528451139527,0.0,0.1269553512229514,0.0,0.5051890145387589
fastest_sensitive_recovery,39.7,2.069644688487773,2.1130528451139527,0.0,0.1264702128985325,0.0,0.5051890145387589
fastest_sensitive_recovery,39.800000000000004,2.069644688487773,2.1130528451139527,0.0,0.12598692845156445,0.0,0.5051890145387589
fastest_sensitive_recovery,39.900000000000006,2.069644688487773,2.1130528451139527,0.0,0.12550549079742593,0.0,0.5051890145387589
fastest_sensitive_recovery,40.0,2.069644688487773,2.1130528451139527,0.0,0.1250258928784392,0.0,0.5051890145387589
fastest_sensitive_recovery,40.1,2.069644688487773,2.1130528451139527,0.0,0.12454812766375445,0.0,0.5051890145387589
fastest_sensitive_recovery,40.2,2.069644688487773,2.1130528451139527,0.0,0.12407218814923446,0.0,0.5051890145387589
fastest_sensitive_recovery,40.300000000000004,2.069644688487773,2.1130528451139527,0.0,0.12359806735733897,0.0,0.5051890145387589
fastest_sensitive_recovery,40.400000000000006,2.069644688487773,2.1130528451139527,0.0,0.12312575833700921,0.0,0.5051890145387589
fastest_sensitive_recovery,40.5,2.069644688487773,2.1130528451139527,0.0,0.12265525416355234,0.0,0.5051890145387589
fastest_sensitive_recovery,40.6,2.069644688487773,2.1130528451139527,0.0,0.1221865479385259,0.0,0.5051890145387589
fastest_sensitive_recovery,40.7,2.069644688487773,2.1130528451139527,0.0,0.12171963278962242,0.0,0.5051890145387589
fastest_sensitive_recovery,40.800000000000004,2.069644688487773,2.1130528451139527,0.0,0.12125450187055381,0.0,0.5051890145387589
fastest_sensitive_recovery,40.900000000000006,2.069644688487773,2.1130528451139527,0.0,0.12079114836093585,0.0,0.5051890145387589
fastest_sensitive_recovery,41.0,2.069644688487773,2.1130528451139527,0.0,0.12032956546792373,0.0,0.5051890145387589
fastest_sensitive_recovery,41.1,2.069644688487773,2.1130528451139527,0.0,0.11986974643389853,0.0,0.5051890145387589
fastest_sensitive_recovery,41.2,2.069644688487773,2.1130528451139527,0.0,0.11941168452007647,0.0,0.5051890145387589
fastest_sensitive_recovery,41.300000000000004,2.069644688487773,2.1130528451139527,0.0,0.1189553730118864,0.0,0.5051890145387589
fastest_sensitive_recovery,41.400000000000006,2.069644688487773,2.1130528451139527,0.0,0.11850080522041506,0.0,0.5051890145387589
fastest_sensitive_recovery,41.5,2.069644688487773,2.1130528451139527,0.0,0.1180479744823108,0.0,0.5051890145387589
fastest_sensitive_recovery,41.6,2.069644688487773,2.1130528451139527,0.0,0.11759687415968781,0.0,0.5051890145387589
fastest_sensitive_recovery,41.7,2.069644688487773,2.1130528451139527,0.0,0.1171474976400316,0.0,0.5051890145387589
fastest_sensitive_recovery,41.800000000000004,2.069644688487773,2.1130528451139527,0.0,0.1166998383361051,0.0,0.5051890145387589
fastest_sensitive_recovery,41.900000000000006,2.069644688487773,2.1130528451139527,0.0,0.11625388968585566,0.0,0.5051890145387589
fastest_sensitive_recovery,42.0,2.069644688487773,2.1130528451139527,0.0,0.11580964515232313,0.0,0.5051890145387589
fastest_sensitive_recovery,42.1,2.069644688487773,2.1130528451139527,0.0,0.11536709822354838,0.0,0.5051890145387589
fastest_sensitive_recovery,42.2,2.069644688487773,2.1130528451139527,0.0,0.11492624241248332,0.0,0.5051890145387589
fastest_sensitive_recovery,42.300000000000004,2.069644688487773,2.1130528451139527,0.0,0.11448707125690122,0.0,0.5051890145387589
fastest_sensitive_recovery,42.400000000000006,2.069644688487773,2.1130528451139527,0.0,0.11404957831930825,0.0,0.5051890145387589
fastest_sensitive_recovery,42.5,2.069644688487773,2.1130528451139527,0.0,0.11361375718685576,0.0,0.5051890145387589
fastest_sensitive_recovery,42.6,2.069644688487773,2.1130528451139527,0.0,0.11317960147125332,0.0,0.5051890145387589
fastest_sensitive_recovery,42.7,2.069644688487773,2.1130528451139527,0.0,0.11274710480868304,0.0,0.5051890145387589
fastest_sensitive_recovery,42.800000000000004,2.069644688487773,2.1130528451139527,0.0,0.11231626085971434,0.0,0.5051890145387589
fastest_sensitive_recovery,42.900000000000006,2.069644688487773,2.1130528451139527,0.0,0.11188706330921973,0.0,0.5051890145387589
fastest_sensitive_recovery,43.0,2.069644688487773,2.1130528451139527,0.0,0.11145950586578374,0.0,0.5051890145387589
fastest_sensitive_recovery,43.1,2.069644688487773,2.1130528451139527,0.0,0.11103358225935747,0.0,0.5051890145387589
fastest_sensitive_recovery,43.2,2.069644688487773,2.1130528451139527,0.0,0.1106092862458976,0.0,0.5051890145387589
fastest_sensitive_recovery,43.300000000000004,2.069644688487773,2.1130528451139527,0.0,0.11018661160569264,0.0,0.5051890145387589
fastest_sensitive_recovery,43.400000000000006,2.069644688487773,2.1130528451139527,0.0,0.10976555214283067,0.0,0.5051890145387589
fastest_sensitive_recovery,43.5,2.069644688487773,2.1130528451139527,0.0,0.10934610168511527,0.0,0.5051890145387589
fastest_sensitive_recovery,43.6,2.069644688487773,2.1130528451139527,0.0,0.10892825408398214,0.0,0.5051890145387589
fastest_sensitive_recovery,43.7,2.069644688487773,2.1130528451139527,0.0,0.10851200321441673,0.0,0.5051890145387589
fastest_sensitive_recovery,43.800000000000004,2.069644688487773,2.1130528451139527,0.0,0.10809734297487224,0.0,0.5051890145387589
fastest_sensitive_recovery,43.900000000000006,2.069644688487773,2.1130528451139527,0.0,0.10768426728718869,0.0,0.5051890145387589
fastest_sensitive_recovery,44.0,2.069644688487773,2.1130528451139527,0.0,0.1072727700965128,0.0,0.5051890145387589
fastest_sensitive_recovery,44.1,2.069644688487773,2.1130528451139527,0.0,0.10686284537121798,0.0,0.5051890145387589
fastest_sensitive_recovery,44.2,2.069644688487773,2.1130528451139527,0.0,0.10645448710282615,0.0,0.5051890145387589
fastest_sensitive_recovery,44.300000000000004,2.069644688487773,2.1130528451139527,0.0,0.10604768930592932,0.0,0.5051890145387589
fastest_sensitive_recovery,44.400000000000006,2.069644688487773,2.1130528451139527,0.0,0.10564244601811254,0.0,0.5051890145387589
fastest_sensitive_recovery,44.5,2.069644688487773,2.1130528451139527,0.0,0.10523875129987731,0.0,0.5051890145387589
fastest_sensitive_recovery,44.6,2.069644688487773,2.1130528451139527,0.0,0.10483659923456579,0.0,0.5051890145387589
fastest_sensitive_recovery,44.7,2.069644688487773,2.1130528451139527,0.0,0.10443598392828597,0.0,0.5051890145387589
fastest_sensitive_recovery,44.800000000000004,2.069644688487773,2.1130528451139527,0.0,0.1040368995098374,0.0,0.5051890145387589
fastest_sensitive_recovery,44.900000000000006,2.069644688487773,2.1130528451139527,0.0,0.10363934013063753,0.0,0.5051890145387589
fastest_sensitive_recovery,45.0,2.069644688487773,2.1130528451139527,0.0,0.10324329996343062,0.0,0.5051890145387589
fastest_sensitive_recovery,45.1,2.069644688487773,2.1130528451139527,0.0,0.10284877319678565,0.0,0.5051890145387589
fastest_sensitive_recovery,45.2,2.069644688487773,2.1130528451139527,0.0,0.1024557540463523,0.0,0.5051890145387589
fastest_sensitive_recovery,45.300000000000004,2.069644688487773,2.1130528451139527,0.0,0.10206423675096785,0.0,0.5051890145387589
fastest_sensitive_recovery,45.400000000000006,2.069644688487773,2.1130528451139527,0.0,0.10167421557150187,0.0,0.5051890145387589
fastest_sensitive_recovery,45.5,2.069644688487773,2.1130528451139527,0.0,0.10128568479077497,0.0,0.5051890145387589
fastest_sensitive_recovery,45.6,2.069644688487773,2.1130528451139527,0.0,0.10089863871347796,0.0,0.5051890145387589
fastest_sensitive_recovery,45.7,2.069644688487773,2.1130528451139527,0.0,0.10051307166609172,0.0,0.5051890145387589
fastest_sensitive_recovery,45.800000000000004,2.069644688487773,2.1130528451139527,0.0,0.10012897799680721,0.0,0.5051890145387589
fastest_sensitive_recovery,45.900000000000006,2.069644688487773,2.1130528451139527,0.0,0.09974635207544628,0.0,0.5051890145387589
fastest_sensitive_recovery,46.0,2.069644688487773,2.1130528451139527,0.0,0.09936518829338274,0.0,0.5051890145387589
fastest_sensitive_recovery,46.1,2.069644688487773,2.1130528451139527,0.0,0.09898548106346379,0.0,0.5051890145387589
fastest_sensitive_recovery,46.2,2.069644688487773,2.1130528451139527,0.0,0.09860722481993241,0.0,0.5051890145387589
fastest_sensitive_recovery,46.300000000000004,2.069644688487773,2.1130528451139527,0.0,0.09823041401834955,0.0,0.5051890145387589
fastest_sensitive_recovery,46.400000000000006,2.069644688487773,2.1130528451139527,0.0,0.09785504313551743,0.0,0.5051890145387589
fastest_sensitive_recovery,46.5,2.069644688487773,2.1130528451139527,0.0,0.09748110666940282,0.0,0.5051890145387589
fastest_sensitive_recovery,46.6,2.069644688487773,2.1130528451139527,0.0,0.09710859913906103,0.0,0.5051890145387589
fastest_sensitive_recovery,46.7,2.069644688487773,2.1130528451139527,0.0,0.09673751508456035,0.0,0.5051890145387589
fastest_sensitive_recovery,46.800000000000004,2.069644688487773,2.1130528451139527,0.0,0.09636784906690701,0.0,0.5051890145387589
fastest_sensitive_recovery,46.900000000000006,2.069644688487773,2.1130528451139527,0.0,0.09599959566797032,0.0,0.5051890145387589
fastest_sensitive_recovery,47.0,2.069644688487773,2.1130528451139527,0.0,0.09563274948987237,0.0,0.5051890145387589
fastest_sensitive_recovery,47.1,2.069644688487773,2.1130528451139527,0.0,0.09526730515252382,0.0,0.5051890145387589
fastest_sensitive_recovery,47.2,2.069644688487773,2.1130528451139527,0.0,0.094903257298537,0.0,0.5051890145387589
fastest_sensitive_recovery,47.300000000000004,2.069644688487773,2.1130528451139527,0.0,0.09454060059147029,0.0,0.5051890145387589
fastest_sensitive_recovery,47.400000000000006,2.069644688487773,2.1130528451139527,0.0,0.094179329715278,0.0,0.5051890145387589
fastest_sensitive_recovery,47.5,2.069644688487773,2.1130528451139527,0.0,0.09381943937423314,0.0,0.5051890145387589
fastest_sensitive_recovery,47.6,2.069644688487773,2.1130528451139527,0.0,0.09346092429285047,0.0,0.5051890145387589
fastest_sensitive_recovery,47.7,2.069644688487773,2.1130528451139527,0.0,0.09310377921581008,0.0,0.5051890145387589
fastest_sensitive_recovery,47.800000000000004,2.069644688487773,2.1130528451139527,0.0,0.09274799890788114,0.0,0.5051890145387589
fastest_sensitive_recovery,47.900000000000006,2.069644688487773,2.1130528451139527,0.0,0.092393578153846,0.0,0.5051890145387589
fastest_sensitive_recovery,48.0,2.069644688487773,2.1130528451139527,0.0,0.09204051175842476,0.0,0.5051890145387589
fastest_sensitive_recovery,48.1,2.069644688487773,2.1130528451139527,0.0,0.09168879454619995,0.0,0.5051890145387589
fastest_sensitive_recovery,48.2,2.069644688487773,2.1130528451139527,0.0,0.09133842136154195,0.0,0.5051890145387589
fastest_sensitive_recovery,48.300000000000004,2.069644688487773,2.1130528451139527,0.0,0.09098938706853434,0.0,0.5051890145387589
fastest_sensitive_recovery,48.400000000000006,2.069644688487773,2.1130528451139527,0.0,0.09064168655089984,0.0,0.5051890145387589
fastest_sensitive_recovery,48.5,2.069644688487773,2.1130528451139527,0.0,0.09029531471192649,0.0,0.5051890145387589
fastest_sensitive_recovery,48.6,2.069644688487773,2.1130528451139527,0.0,0.08995026647439419,0.0,0.5051890145387589
fastest_sensitive_recovery,48.7,2.069644688487773,2.1130528451139527,0.0,0.0896065367805017,0.0,0.5051890145387589
fastest_sensitive_recovery,48.800000000000004,2.069644688487773,2.1130528451139527,0.0,0.08926412059179382,0.0,0.5051890145387589
fastest_sensitive_recovery,48.900000000000006,2.069644688487773,2.1130528451139527,0.0,0.088923012889089,0.0,0.5051890145387589
fastest_sensitive_recovery,49.0,2.069644688487773,2.1130528451139527,0.0,0.08858320867227285,0.0,0.5051890145387589
fastest_sensitive_recovery,49.1,2.069644688487773,2.1130528451139527,0.0,0.08824470295962736,0.0,0.5051890145387589
fastest_sensitive_recovery,49.2,2.069644688487773,2.1130528451139527,0.0,0.08790749078900922,0.0,0.5051890145387589
fastest_sensitive_recovery,49.300000000000004,2.069644688487773,2.1130528451139527,0.0,0.08757156721735693,0.0,0.5051890145387589
fastest_sensitive_recovery,49.400000000000006,2.069644688487773,2.1130528451139527,0.0,0.08723692732050044,0.0,0.5051890145387589
fastest_sensitive_recovery,49.5,2.069644688487773,2.1130528451139527,0.0,0.08690356619308952,0.0,0.5051890145387589
fastest_sensitive_recovery,49.6,2.069644688487773,2.1130528451139527,0.0,0.08657147894852217,0.0,0.5051890145387589
fastest_sensitive_recovery,49.7,2.069644688487773,2.1130528451139527,0.0,0.08624066071887378,0.0,0.5051890145387589
fastest_sensitive_recovery,49.800000000000004,2.069644688487773,2.1130528451139527,0.0,0.0859111066548263,0.0,0.5051890145387589
fastest_sensitive_recovery,49.900000000000006,2.069644688487773,2.1130528451139527,0.0,0.08558281192559772,0.0,0.5051890145387589
fastest_sensitive_recovery,50.0,2.069644688487773,2.1130528451139527,0.0,0.08525577171887208,0.0,0.5051890145387589
fastest_sensitive_recovery,50.1,2.069644688487773,2.1130528451139527,0.0,0.0849299812407295,0.0,0.5051890145387589
fastest_sensitive_recovery,50.2,2.069644688487773,2.1130528451139527,0.0,0.08460543571557677,0.0,0.5051890145387589
fastest_sensitive_recovery,50.300000000000004,2.069644688487773,2.1130528451139527,0.0,0.08428213038607818,0.0,0.5051890145387589
fastest_sensitive_recovery,50.400000000000006,2.069644688487773,2.1130528451139527,0.0,0.08396006051308666,0.0,0.5051890145387589
fastest_sensitive_recovery,50.5,2.069644688487773,2.1130528451139527,0.0,0.08363922137557507,0.0,0.5051890145387589
fastest_sensitive_recovery,50.6,2.069644688487773,2.1130528451139527,0.0,0.08331960827056809,0.0,0.5051890145387589
fastest_sensitive_recovery,50.7,2.069644688487773,2.1130528451139527,0.0,0.08300121651307427,0.0,0.5051890145387589
fastest_sensitive_recovery,50.800000000000004,2.069644688487773,2.1130528451139527,0.0,0.08268404143601833,0.0,0.5051890145387589
fastest_sensitive_recovery,50.900000000000006,2.069644688487773,2.1130528451139527,0.0,0.08236807839017399,0.0,0.5051890145387589
fastest_sensitive_recovery,51.0,2.069644688487773,2.1130528451139527,0.0,0.08205332274399883,0.0,0.5051890145387589
fastest_sensitive_recovery,51.1,2.069644688487773,2.1130528451139527,0.0,0.08173976988313084,0.0,0.5051890145387589
fastest_sensitive_recovery,51.2,2.069644688487773,2.1130528451139527,0.0,0.08142741521123327,0.0,0.5051890145387589
fastest_sensitive_recovery,51.300000000000004,2.069644688487773,2.1130528451139527,0.0,0.08111625414962097,0.0,0.5051890145387589
fastest_sensitive_recovery,51.400000000000006,2.069644688487773,2.1130528451139527,0.0,0.08080628213710736,0.0,0.5051890145387589
fastest_sensitive_recovery,51.5,2.069644688487773,2.1130528451139527,0.0,0.08049749462993808,0.0,0.5051890145387589
fastest_sensitive_recovery,51.6,2.069644688487773,2.1130528451139527,0.0,0.08018988710172471,0.0,0.5051890145387589
fastest_sensitive_recovery,51.7,2.069644688487773,2.1130528451139527,0.0,0.07988345504337911,0.0,0.5051890145387589
fastest_sensitive_recovery,51.800000000000004,2.069644688487773,2.1130528451139527,0.0,0.07957819396304774,0.0,0.5051890145387589
fastest_sensitive_recovery,51.900000000000006,2.069644688487773,2.1130528451139527,0.0,0.07927409938604647,0.0,0.5051890145387589
fastest_sensitive_recovery,52.0,2.069644688487773,2.1130528451139527,0.0,0.07897116685479556,0.0,0.5051890145387589
fastest_sensitive_recovery,52.1,2.069644688487773,2.1130528451139527,0.0,0.07866939192875501,0.0,0.5051890145387589
fastest_sensitive_recovery,52.2,2.069644688487773,2.1130528451139527,0.0,0.07836877018436017,0.0,0.5051890145387589
fastest_sensitive_recovery,52.300000000000004,2.069644688487773,2.1130528451139527,0.0,0.07806929721495764,0.0,0.5051890145387589
fastest_sensitive_recovery,52.400000000000006,2.069644688487773,2.1130528451139527,0.0,0.07777096863074152,0.0,0.5051890145387589
fastest_sensitive_recovery,52.5,2.069644688487773,2.1130528451139527,0.0,0.07747378005868974,0.0,0.5051890145387589
fastest_sensitive_recovery,52.6,2.069644688487773,2.1130528451139527,0.0,0.07717772714250096,0.0,0.5051890145387589
fastest_sensitive_recovery,52.7,2.069644688487773,2.1130528451139527,0.0,0.0768828055425316,0.0,0.5051890145387589
fastest_sensitive_recovery,52.800000000000004,2.069644688487773,2.1130528451139527,0.0,0.07658901093573321,0.0,0.5051890145387589
fastest_sensitive_recovery,52.900000000000006,2.069644688487773,2.1130528451139527,0.0,0.0762963390155901,0.0,0.5051890145387589
fastest_sensitive_recovery,53.0,2.069644688487773,2.1130528451139527,0.0,0.07600478549196996,0.0,0.5051890145387589
fastest_sensitive_recovery,53.1,2.069644688487773,2.1130528451139527,0.0,0.07571434609067318,0.0,0.5051890145387589
fastest_sensitive_recovery,53.2,2.069644688487773,2.1130528451139527,0.0,0.07542501655418271,0.0,0.5051890145387589
fastest_sensitive_recovery,53.300000000000004,2.069644688487773,2.1130528451139527,0.0,0.07513679264132901,0.0,0.5051890145387589
fastest_sensitive_recovery,53.400000000000006,2.069644688487773,2.1130528451139527,0.0,0.07484967012715137,0.0,0.5051890145387589
fastest_sensitive_recovery,53.5,2.069644688487773,2.1130528451139527,0.0,0.0745636448028365,0.0,0.5051890145387589
fastest_sensitive_recovery,53.6,2.069644688487773,2.1130528451139527,0.0,0.07427871247565719,0.0,0.5051890145387589
fastest_sensitive_recovery,53.7,2.069644688487773,2.1130528451139527,0.0,0.07399486896891147,0.0,0.5051890145387589
fastest_sensitive_recovery,53.800000000000004,2.069644688487773,2.1130528451139527,0.0,0.07371211012186182,0.0,0.5051890145387589
fastest_sensitive_recovery,53.900000000000006,2.069644688487773,2.1130528451139527,0.0,0.07343043178967479,0.0,0.5051890145387589
fastest_sensitive_recovery,54.0,2.069644688487773,2.1130528451139527,0.0,0.0731498298433609,0.0,0.5051890145387589
fastest_sensitive_recovery,54.1,2.069644688487773,2.1130528451139527,0.0,0.07287030016971466,0.0,0.5051890145387589
fastest_sensitive_recovery,54.2,2.069644688487773,2.1130528451139527,0.0,0.07259183867125504,0.0,0.5051890145387589
fastest_sensitive_recovery,54.300000000000004,2.069644688487773,2.1130528451139527,0.0,0.07231444126616614,0.0,0.5051890145387589
fastest_sensitive_recovery,54.400000000000006,2.069644688487773,2.1130528451139527,0.0,0.07203810388823804,0.0,0.5051890145387589
fastest_sensitive_recovery,54.5,2.069644688487773,2.1130528451139527,0.0,0.07176282248680811,0.0,0.5051890145387589
fastest_sensitive_recovery,54.6,2.069644688487773,2.1130528451139527,0.0,0.07148859302670231,0.0,0.5051890145387589
fastest_sensitive_recovery,54.7,2.069644688487773,2.1130528451139527,0.0,0.07121541148817712,0.0,0.5051890145387589
fastest_sensitive_recovery,54.800000000000004,2.069644688487773,2.1130528451139527,0.0,0.07094327386686147,0.0,0.5051890145387589
fastest_sensitive_recovery,54.900000000000006,2.069644688487773,2.1130528451139527,0.0,0.070672176173699,0.0,0.5051890145387589
fastest_sensitive_recovery,55.0,2.069644688487773,2.1130528451139527,0.0,0.07040211443481915,0.0,0.5051890145387589
fastest_sensitive_recovery,55.1,2.069644688487773,2.1130528451139527,0.0,0.07013308469115714,0.0,0.5051890145387589
fastest_sensitive_recovery,55.2,2.069644688487773,2.1130528451139527,0.0,0.06986508299905668,0.0,0.5051890145387589
fastest_sensitive_recovery,55.300000000000004,2.069644688487773,2.1130528451139527,0.0,0.06959810542999377,0.0,0.5051890145387589
fastest_sensitive_recovery,55.400000000000006,2.069644688487773,2.1130528451139527,0.0,0.06933214807045644,0.0,0.5051890145387589
fastest_sensitive_recovery,55.5,2.069644688487773,2.1130528451139527,0.0,0.06906720702188748,0.0,0.5051890145387589
fastest_sensitive_recovery,55.6,2.069644688487773,2.1130528451139527,0.0,0.06880327840062718,0.0,0.5051890145387589
fastest_sensitive_recovery,55.7,2.069644688487773,2.1130528451139527,0.0,0.06854035833785634,0.0,0.5051890145387589
fastest_sensitive_recovery,55.800000000000004,2.069644688487773,2.1130528451139527,0.0,0.06827844297953962,0.0,0.5051890145387589
fastest_sensitive_recovery,55.900000000000006,2.069644688487773,2.1130528451139527,0.0,0.06801752848636887,0.0,0.5051890145387589
fastest_sensitive_recovery,56.0,2.069644688487773,2.1130528451139527,0.0,0.06775761103370674,0.0,0.5051890145387589
fastest_sensitive_recovery,56.1,2.069644688487773,2.1130528451139527,0.0,0.06749868681153062,0.0,0.5051890145387589
fastest_sensitive_recovery,56.2,2.069644688487773,2.1130528451139527,0.0,0.06724075202437664,0.0,0.5051890145387589
fastest_sensitive_recovery,56.300000000000004,2.069644688487773,2.1130528451139527,0.0,0.06698380289128393,0.0,0.5051890145387589
fastest_sensitive_recovery,56.400000000000006,2.069644688487773,2.1130528451139527,0.0,0.06672783564573906,0.0,0.5051890145387589
fastest_sensitive_recovery,56.5,2.069644688487773,2.1130528451139527,0.0,0.06647284653562066,0.0,0.5051890145387589
fastest_sensitive_recovery,56.6,2.069644688487773,2.1130528451139527,0.0,0.06621883182314423,0.0,0.5051890145387589
fastest_sensitive_recovery,56.7,2.069644688487773,2.1130528451139527,0.0,0.06596578778480715,0.0,0.5051890145387589
fastest_sensitive_recovery,56.800000000000004,2.069644688487773,2.1130528451139527,0.0,0.06571371071133397,0.0,0.5051890145387589
fastest_sensitive_recovery,56.900000000000006,2.069644688487773,2.1130528451139527,0.0,0.06546259690762175,0.0,0.5051890145387589
fastest_sensitive_recovery,57.0,2.069644688487773,2.1130528451139527,0.0,0.0652124426926971,0.0,0.5051890145387589
fastest_sensitive_recovery,57.1,2.069644688487773,2.1130528451139527,0.0,0.06496324439971377,0.0,0.5051890145387589
fastest_sensitive_recovery,57.2,2.069644688487773,2.1130528451139527,0.0,0.06471499837579273,0.0,0.5051890145387589
fastest_sensitive_recovery,57.300000000000004,2.069644688487773,2.1130528451139527,0.0,0.06446770098200343,0.0,0.5051890145387589
fastest_sensitive_recovery,57.400000000000006,2.069644688487773,2.1130528451139527,0.0,0.06422134859332045,0.0,0.5051890145387589
fastest_sensitive_recovery,57.5,2.069644688487773,2.1130528451139527,0.0,0.06397593759857009,0.0,0.5051890145387589
fastest_sensitive_recovery,57.6,2.069644688487773,2.1130528451139527,0.0,0.06373146440037725,0.0,0.5051890145387589
fastest_sensitive_recovery,57.7,2.069644688487773,2.1130528451139527,0.0,0.06348792541511246,0.0,0.5051890145387589
fastest_sensitive_recovery,57.800000000000004,2.069644688487773,2.1130528451139527,0.0,0.0632453170728391,0.0,0.5051890145387589
fastest_sensitive_recovery,57.900000000000006,2.069644688487773,2.1130528451139527,0.0,0.06300363581726083,0.0,0.5051890145387589
fastest_sensitive_recovery,58.0,2.069644688487773,2.1130528451139527,0.0,0.06276287810566902,0.0,0.5051890145387589
fastest_sensitive_recovery,58.1,2.069644688487773,2.1130528451139527,0.0,0.06252304040889056,0.0,0.5051890145387589
fastest_sensitive_recovery,58.2,2.069644688487773,2.1130528451139527,0.0,0.062284119211235785,0.0,0.5051890145387589
fastest_sensitive_recovery,58.300000000000004,2.069644688487773,2.1130528451139527,0.0,0.06204611101044649,0.0,0.5051890145387589
fastest_sensitive_recovery,58.400000000000006,2.069644688487773,2.1130528451139527,0.0,0.06180901231764417,0.0,0.5051890145387589
fastest_sensitive_recovery,58.5,2.069644688487773,2.1130528451139527,0.0,0.06157281965727845,0.0,0.5051890145387589
fastest_sensitive_recovery,58.6,2.069644688487773,2.1130528451139527,0.0,0.06133752956707551,0.0,0.5051890145387589
fastest_sensitive_recovery,58.7,2.069644688487773,2.1130528451139527,0.0,0.06110313859798705,0.0,0.5051890145387589
fastest_sensitive_recovery,58.800000000000004,2.069644688487773,2.1130528451139527,0.0,0.06086964331413889,0.0,0.5051890145387589
fastest_sensitive_recovery,58.900000000000006,2.069644688487773,2.1130528451139527,0.0,0.06063704029278019,0.0,0.5051890145387589
fastest_sensitive_recovery,59.0,2.069644688487773,2.1130528451139527,0.0,0.06040532612424873,0.0,0.5051890145387589
fastest_sensitive_recovery,59.1,2.069644688487773,2.1130528451139527,0.0,0.06017449741200367,0.0,0.5051890145387589
fastest_sensitive_recovery,59.2,2.069644688487773,2.1130528451139527,0.0,0.059944550772436794,0.0,0.5051890145387589
fastest_sensitive_recovery,59.300000000000004,2.069644688487773,2.1130528451139527,0.0,0.05971548283486223,0.0,0.5051890145387589
fastest_sensitive_recovery,59.400000000000006,2.069644688487773,2.1130528451139527,0.0,0.05948729024148154,0.0,0.5051890145387589
fastest_sensitive_recovery,59.5,2.069644688487773,2.1130528451139527,0.0,0.05925996964733577,0.0,0.5051890145387589
fastest_sensitive_recovery,59.6,2.069644688487773,2.1130528451139527,0.0,0.05903351772025782,0.0,0.5051890145387589
fastest_sensitive_recovery,59.7,2.069644688487773,2.1130528451139527,0.0,0.058807931140825234,0.0,0.5051890145387589
fastest_sensitive_recovery,59.800000000000004,2.069644688487773,2.1130528451139527,0.0,0.05858320660231319,0.0,0.5051890145387589
fastest_sensitive_recovery,59.900000000000006,2.069644688487773,2.1130528451139527,0.0,0.05835934081064787,0.0,0.5051890145387589
fastest_sensitive_recovery,60.0,2.069644688487773,2.1130528451139527,0.0,0.05813633048436009,0.0,0.5051890145387589
deepest_total_bottleneck,0.0,0.19999999999999998,0.2,2.1500000000000004,0.0,4.0,0.5
deepest_total_bottleneck,0.1,0.1960015857117915,0.1958068359852355,2.132473284551355,0.012134353803299825,4.000377393351012,0.4997514732765154
deepest_total_bottleneck,0.2,0.1921276777455265,0.19174472650405236,2.1147956953986777,0.01631807693586949,4.000675948316455,0.49950119982937724
deepest_total_bottleneck,0.30000000000000004,0.18837515004296626,0.18781022266511238,2.09733377100212,0.01758527600714909,4.000897017142054,0.4992491369696447
deepest_total_bottleneck,0.4,0.18474039839399325,0.1839994265149693,2.0802106062488037,0.01778799001967291,4.001042802963739,0.498995264643293
deepest_total_bottleneck,0.5,0.18121973070615557,0.18030837003387518,2.063460954999283,0.017607402762244224,4.001115751869637,0.4987395714601232
deepest_total_bottleneck,0.6000000000000001,0.17780950771224044,0.1767331512532029,2.047087817954668,0.017293878022366874,4.001118331495721,0.4984820494349279
deepest_total_bottleneck,0.7000000000000001,0.17450619196569708,0.17326998121671996,2.031083062396346,0.016939265372182346,4.001052951670924,0.4982226920009142
deepest_total_bottleneck,0.8,0.1713063631482892,0.16991519823825493,2.0154349201061694,0.016577099476861094,4.0009219372842715,0.49796149325326733
deepest_total_bottleneck,0.9,0.16820672104649614,0.16666527021323663,2.000130699510651,0.016219464877796897,4.000727520327304,0.4976984476553849
deepest_total_bottleneck,1.0,0.16520408406222484,0.16351679262118365,1.9851577537763483,0.01587056220494827,4.000471838944891,0.49743354991921274
deepest_total_bottleneck,1.1,0.1622953861528435,0.1604664850269215,1.970503813896079,0.01553170157588166,4.000156939018915,0.49716679495127947
deepest_total_bottleneck,1.2000000000000002,0.15947767326362688,0.1575111871102083,1.9561570909361694,0.015203135341945449,3.9997847766268646,0.4968981778238209
deepest_total_bottleneck,1.3,0.15674809962773625,0.15464785458643696,1.9421062985889317,0.014884737895985517,3.999357220300755,0.49662769375633126
deepest_total_bottleneck,1.4000000000000001,0.15410392417352956,0.1518735552494253,1.9283406348165695,0.014576251178329449,3.9988760552331626,0.4963553380982311
deepest_total_bottleneck,1.5,0.15154250691521753,0.1491854650161068,1.9148497697286984,0.01427737400457205,3.998342984766957,0.4960811063168261
deepest_total_bottleneck,1.6,0.14906130549080868,0.14658086413096738,1.901623822790152,0.013987799462386001,3.9977596332469045,0.49580499398476446
deepest_total_bottleneck,1.7000000000000002,0.146657871804918,0.14405713348850743,1.8886533401553711,0.013707224362985819,3.997127548679246,0.4955269967682171
deepest_total_bottleneck,1.8,0.1443298487887307,0.14161175108495994,1.8759292714824272,0.013435353946335955,3.9964482055931594,0.49524711041525366
deepest_total_bottleneck,1.9000000000000001,0.14207496726143432,0.1392422885835457,1.8634429495276459,0.013171903213545971,3.9957230075082952,0.4949653307448556
deepest_total_bottleneck,2.0,0.1398910428774351,0.13694640797776692,1.851186074361162,0.01291659714615395,3.9949532886427788,0.4946816536372307
deepest_total_bottleneck,2.1,0.13777597320868534,0.13472185839947998,1.8391506922583438,0.012669170554590534,3.9941403167315706,0.49439607502345745
deepest_total_bottleneck,2.2,0.13572773491630916,0.13256647302714428,1.8273291781168162,0.012429367834845877,3.9932852953132154,0.49410859087604464
deepest_total_bottleneck,2.3000000000000003,0.13374438101668906,0.13047816609864768,1.8157142215761441,0.01219694271600743,3.992389365376411,0.4938191972000488
deepest_total_bottleneck,2.4000000000000004,0.1318240382584273,0.12845493004394792,1.8042988100202302,0.011971657891116151,3.991453607712224,0.493527890024204
deepest_total_bottleneck,2.5,0.12996490458954713,0.1264948327171763,1.7930762133732026,0.011753284687805498,3.9904790450204213,0.4932346653926798
deepest_total_bottleneck,2.6,0.12816524671593355,0.12459601472857167,1.7820399722335596,0.01154160281712544,3.9894666434018555,0.4929395193571909
deepest_total_bottleneck,2.7,0.12642339775706254,0.1227566868815896,1.7711838841895573,0.01133640005656879,3.988417314291637,0.4926424479693266
deepest_total_bottleneck,2.8000000000000003,0.12473775498845373,0.12097512770455851,1.760501990622257,0.01113747193595561,3.987331916379151,0.492343447273385
deepest_total_bottleneck,2.9000000000000004,0.12310677767073895,0.1192496810761924,1.7499885659356194,0.010944621484878254,3.9862112570722132,0.49204251329944104
deepest_total_bottleneck,3.0,0.12152898496640434,0.11757875394550207,1.7396381070345655,0.010757658982557754,3.9850560939494817,0.4917396420565927
deepest_total_bottleneck,3.1,0.12000295393645585,0.1159608141383211,1.7294453218082406,0.01057640166424954,3.983867136498873,0.49143482952676487
deepest_total_bottleneck,3.2,0.11852731761714112,0.11439438824999011,1.7194051192940496,0.01040067347035722,3.982645047540869,0.4911280716587474
deepest_total_bottleneck,3.3000000000000003,0.11710076318046304,0.11287805962719474,1.7095126015093285,0.010230304849302,3.9813904442969714,0.4908193643620831
deepest_total_bottleneck,3.4000000000000004,0.11572203016455461,0.11141046642550127,1.6997630535102226,0.010065132486713063,3.9801038999175913,0.49050870350173814
deepest_total_bottleneck,3.5,0.11438990877729026,0.10999029974520916,1.6901519345753822,0.009904999070622054,3.978785944803299,0.4901960848930223
deepest_total_bottleneck,3.6,0.11310323828144514,0.10861630185277124,1.6806748715399078,0.009749753120033828,3.9774370674248662,0.4898815042960179
deepest_total_bottleneck,3.7,0.11186090544059411,0.10728726446797117,1.671327650394536,0.009599248750268375,3.9760577156011467,0.48956495741093525
deepest_total_bottleneck,3.8000000000000003,0.1106618430310999,0.10600202712137302,1.6621062085142368,0.009453345453949264,3.974648297673336,0.4892464398737833
deepest_total_bottleneck,3.9000000000000004,0.10950502843214255,0.10475947559267491,1.6530066288878906,0.009311907944380873,3.9732091831821563,0.48892594725135163
deepest_total_bottleneck,4.0,0.1083894822714458,0.10355854040878264,1.644025133202747,0.009174805960103019,3.9717407038618178,0.48860347503701007
deepest_total_bottleneck,4.1000000000000005,0.10731426712851827,0.10239819540288485,1.6351580750018864,0.00904191405952717,3.9702431546618495,0.48827901864702655
deepest_total_bottleneck,4.2,0.10627848631142772,0.10127745634892585,1.6264019345294043,0.008913111478936447,3.968716794324357,0.4879525734161088
deepest_total_bottleneck,4.3,0.10528128268812005,0.10019537965345997,1.617753313125025,0.008788281967562461,3.9671618460924303,0.48762413459343285
deepest_total_bottleneck,4.4,0.10432183756510623,0.09915106109788178,1.6092089271520087,0.00866731360110919,3.965578498593336,0.487293697339544
deepest_total_bottleneck,4.5,0.10339936963629781,0.09814363465166775,1.6007656034267264,0.008550098651144254,3.96396690629889,0.48696125672236024
deepest_total_bottleneck,4.6000000000000005,0.10251313398568358,0.09717227134113697,1.5924202745963778,0.008436533444786768,3.962327189996433,0.48662680771334954
deepest_total_bottleneck,4.7,0.10166242112825156,0.09623617815901739,1.584169973772853,0.008326518199251377,3.9606594375267967,0.48629034518491604
deepest_total_bottleneck,4.800000000000001,0.10084655611871243,0.09533459704164886,1.5760118305253565,0.00821995689962897,3.9589637041078887,0.48595186390672807
deepest_total_bottleneck,4.9,0.10006489771242066,0.09446680389903216,1.5679430669605106,0.00811675718249952,3.957240012616245,0.48561135854203896
deepest_total_bottleneck,5.0,0.09931683755774959,0.09363210767834672,1.5599609930198375,0.00801683018527278,3.9554883541675014,0.48526882364542884
deepest_total_bottleneck,5.1000000000000005,0.09860179945440943,0.09282984949222668,1.5520630029747788,0.007920090437785103,3.953708688295641,0.48492425365935243
deepest_total_bottleneck,5.2,0.09791923866214292,0.09205940179708184,1.5442465720519798,0.007826455763610034,3.951900943063899,0.48457764291054933
deepest_total_bottleneck,5.300000000000001,0.09726864123439932,0.09132016759792157,1.5365092522703245,0.007735847140702499,3.9500650155066035,0.4842289856081368
deepest_total_bottleneck,5.4,0.09664952342020133,0.09061157971883252,1.528848669465958,0.007648188613064216,3.948200771620878,0.48387827584010895
deepest_total_bottleneck,5.5,0.09606143111011003,0.08993310011666238,1.5212625202643597,0.0075634071979607444,3.946308046353093,0.48352550756996254
deepest_total_bottleneck,5.6000000000000005,0.09550394077170542,0.08928422055158887,1.513748536148408,0.007481432064967325,3.9443866403950043,0.4831706745292116
deepest_total_bottleneck,5.7,0.09497665629570858,0.08866445953614649,1.506304546038903,0.007402198296524809,3.9424363260071558,0.4828137704049304
deepest_total_bottleneck,5.800000000000001,0.0944792084990553,0.08807336171698708,1.4989284661715883,0.007325639381047121,3.9404568473574804,0.48245478884661225
deepest_total_bottleneck,5.9,0.09401125598663498,0.08751049848821935,1.4916182674252172,0.007251692119728221,3.9384479186740577,0.4820937233743073
deepest_total_bottleneck,6.0,0.09357248649144867,0.08697546902878654,1.484371943472598,0.007180298546409502,3.9364092184101906,0.4817305672510848
deepest_total_bottleneck,6.1000000000000005,0.0931626147358093,0.08646789818824516,1.477187547436998,0.007111401224128254,3.934340393700843,0.48136531361352125
deepest_total_bottleneck,6.2,0.09278138215363413,0.08598743606525977,1.4700631888980578,0.007044945301942089,3.9322410604598943,0.4809979554710277
deepest_total_bottleneck,6.300000000000001,0.09242855626074695,0.08553375727021624,1.462997037252933,0.006980878620881621,3.9301108051668003,0.4806284857346184
deepest_total_bottleneck,6.4,0.09210393183455706,0.0851065618171701,1.4559872962890912,0.006919150851377701,3.9279491791256342,0.4802568971137259
deepest_total_bottleneck,6.5,0.09180733018501383,0.08470557429259104,1.4490322136372493,0.006859713851453338,3.925755700012108,0.479883182157586
deepest_total_bottleneck,6.6000000000000005,0.09153859894414383,0.08433054349315401,1.4421300807624375,0.006802521591801278,3.923529851887748,0.4795073332618322
deepest_total_bottleneck,6.7,0.09129761141582897,0.08398124167057143,1.4352792391586897,0.006747530344130431,3.921271087847787,0.47912934271183566
deepest_total_bottleneck,6.800000000000001,0.09108426757935634,0.08365746525725178,1.4284780633490088,0.006694698214795562,3.9189788247269384,0.4787492026044833
deepest_total_bottleneck,6.9,0.09089849402176783,0.08335903462728993,1.4217249617092447,0.006643985143887677,3.9166524426311646,0.47836690485361516
deepest_total_bottleneck,7.0,0.09074024377812318,0.08308579377467043,1.41501837841169,0.006595353012665645,3.9142912854111174,0.4779824412061169
deepest_total_bottleneck,7.1000000000000005,0.09060949647084625,0.08283761025729683,1.4083567916318658,0.006548765528302774,3.9118946598591733,0.4775958032389353
deepest_total_bottleneck,7.2,0.09050625816213845,0.08261437488386342,1.4017387155664396,0.0065041882995634966,3.9094618369193275,0.477206982381534
deepest_total_bottleneck,7.300000000000001,0.0904305620475617,0.08241600214600076,1.3951626930593615,0.006461588653136588,3.9069920481751734,0.4768159698778107
deepest_total_bottleneck,7.4,0.09038246887635099,0.08224243040153283,1.3886272929547752,0.006420935540319637,3.9044844838145827,0.47642275677243207
deepest_total_bottleneck,7.5,0.09036206703367972,0.08209362175422813,1.3821311116264292,0.006382199628558861,3.9019382930195667,0.4760273339268604
deepest_total_bottleneck,7.6000000000000005,0.09036947297996954,0.08196956224636386,1.3756727709656946,0.006345353201793314,3.899352582443057,0.4756296920121026
deepest_total_bottleneck,7.7,0.09040483159073737,0.08187026195861118,1.3692509179433856,0.006310370158977791,3.896726415658488,0.4752298215131096
deepest_total_bottleneck,7.800000000000001,0.0904683168002219,0.08179575537269515,1.3628642217815934,0.006277225985242632,3.8940588108471013,0.4748277127141714
deepest_total_bottleneck,7.9,0.09056013209747706,0.08174610159767529,1.356511373235315,0.006245897682689412,3.8913487397417477,0.4744233556999576
deepest_total_bottleneck,8.0,0.09068051107685969,0.0817213846382002,1.350191083821867,0.006216363784257864,3.8885951266219947,0.4740167403568844
deepest_total_bottleneck,8.1,0.0908297183719733,0.08172171399205395,1.3439020823950325,0.006188604300378677,3.8857968447945215,0.47360785635002894
deepest_total_bottleneck,8.200000000000001,0.0910080502122696,0.08174722490859437,1.3376431156044128,0.006162600688949864,3.8829527162031057,0.4731966931336941
deepest_total_bottleneck,8.3,0.09121583521878197,0.08179807884936349,1.3314129467658322,0.006138335861592335,3.8800615097792437,0.4727832399488139
deepest_total_bottleneck,8.4,0.09145343554871391,0.08187446424395176,1.3252103527257086,0.006115794142876339,3.8771219374206685,0.47236748579939963
deepest_total_bottleneck,8.5,0.0917212475791723,0.08197659683377434,1.3190341248586623,0.006094961254178792,3.8741326540761656,0.47194941946938856
deepest_total_bottleneck,8.6,0.0920197029744046,0.08210472034097509,1.3128830676120964,0.00607582430359002,3.871092255404955,0.4715290295162351
deepest_total_bottleneck,8.700000000000001,0.09234926966434054,0.08225910704947285,1.306755998231601,0.00605837178883362,3.867999276768955,0.4711063042771262
deepest_total_bottleneck,8.8,0.09271045433686535,0.08244005968474169,1.3006517373467514,0.00604259349578751,3.8648521796047874,0.47068123176944643
deepest_total_bottleneck,8.9,0.0931038015717321,0.08264791037050284,1.2945691220934663,0.006028480610838169,3.8616493675619594,0.470253799847293
deepest_total_bottleneck,9.0,0.09352989724209458,0.08288302326918992,1.2885069921432046,0.006016025612076256,3.858389166231477,0.4698239960484538
deepest_total_bottleneck,9.1,0.09398936862371558,0.08314579435775715,1.2824641973188275,0.006005222319195702,3.855069832604878,0.4693918076923761
deepest_total_bottleneck,9.200000000000001,0.09448288734457999,0.083436653640093,1.2764395886273536,0.00599606585707257,3.851689539797609,0.468957221777459
deepest_total_bottleneck,9.3,0.09501117023721242,0.08375606553280807,1.2704320225271544,0.0059885526633599384,3.848246381681362,0.46852022504033186
deepest_total_bottleneck,9.4,0.09557498172100713,0.08410453055076453,1.2644403569220404,0.005982680471006696,3.8447383643421777,0.4680808039124318
deepest_total_bottleneck,9.5,0.09617513474415688,0.08448258573822266,1.2584634556471306,0.005978448301460079,3.8411634122441414,0.46763894458893424
deepest_total_bottleneck,9.600000000000001,0.09681249440549439,0.08489080737494716,1.2525001794186401,0.005975856457860081,3.8375193497639906,0.46719463291604735
deepest_total_bottleneck,9.700000000000001,0.09748797873948305,0.08532981123172759,1.2465493924433089,0.005974906551226566,3.8338039116270375,0.4667478544903369
deepest_total_bottleneck,9.8,0.0982025630888731,0.0858002558654906,1.240609951733045,0.005975601483832961,3.8300147188306237,0.4662985945164826
deepest_total_bottleneck,9.9,0.09895728112524506,0.08630284302791227,1.2346807138519904,0.005977945418117216,3.82614928970468,0.46584683791188874
deepest_total_bottleneck,10.0,0.09975323447424578,0.08683832534946892,1.2287605033680826,0.005981943967737275,3.822204962438345,0.46539256883596875
deepest_total_bottleneck,10.100000000000001,0.10059157404354746,0.08740749000934749,1.2228482084684416,0.005987603756957546,3.818179119678771,0.4649357721523269
deepest_total_bottleneck,10.200000000000001,0.1014735258406433,0.08801118011783417,1.2169426759486552,0.005994932458461365,3.814068941090592,0.4644764318716066
deepest_total_bottleneck,10.3,0.1024003638971981,0.08865027130347498,1.21104283933862,0.006003938594981145,3.8098717272806097,0.46401453316477986
deepest_total_bottleneck,10.4,0.10337348241052428,0.08932573196995922,1.2051474309858285,0.006014633881177049,3.80558414478978,0.46355005783046976
deepest_total_bottleneck,10.5,0.1043943412244162,0.09003857657934301,1.199255233505645,0.006027030244507764,3.8012028592526375,0.46308298819142746
deepest_total_bottleneck,10.600000000000001,0.10546446810058471,0.0907898670097637,1.1933650779859348,0.006041140541401228,3.7967245510425105,0.46261330715938104
deepest_total_bottleneck,10.700000000000001,0.10658546164915701,0.09158071444177711,1.1874758431579537,0.006056978258907645,3.792145916546418,0.4621409982688101
deepest_total_bottleneck,10.8,0.10775906522052053,0.0924123404332111,1.1815861874787472,0.006074560531859336,3.7874629017337997,0.46166604131796646
deepest_total_bottleneck,10.9,0.10898707980953375,0.09328600319564022,1.1756949094359241,0.006093904776671621,3.7826717163660253,0.46118841820023104
deepest_total_bottleneck,11.0,0.11027141705611726,0.09420304116283186,1.1698007576284937,0.00611502881518946,3.777768288054374,0.4607081098704281
deepest_total_bottleneck,11.100000000000001,0.1116140983845684,0.09516487135865087,1.1639024561936064,0.006137951613565126,3.7727483291187194,0.4602250967631177
deepest_total_bottleneck,11.200000000000001,0.11301727314945617,0.096173003509465,1.1579986631942492,0.00616269514839396,3.7676071916770772,0.45973935808819816
deepest_total_bottleneck,11.3,0.11448318076369372,0.0972290076693957,1.1520881231221645,0.006189280923112421,3.7623403669883544,0.4592508744489429
deepest_total_bottleneck,11.4,0.1160142181492877,0.0983345691034981,1.1461694563798939,0.006217732685075231,3.7569427619250613,0.4587596242731721
deepest_total_bottleneck,11.5,0.11761289889702568,0.0994914533365868,1.140241322301447,0.006248075121563302,3.7514092740686293,0.4582655866314934
deepest_total_bottleneck,11.600000000000001,0.11928188482479737,0.10070153109687575,1.1343023382341835,0.006280334876118522,3.7457344878046883,0.45776873986142363
deepest_total_bottleneck,11.700000000000001,0.12102399026061617,0.10196678057247043,1.1283510928803528,0.006314538989562075,3.739912715465885,0.4572690618159922
deepest_total_bottleneck,11.8,0.12284219847540809,0.10328929956680391,1.1223861230576797,0.0063507159494350755,3.7339378893457877,0.45676652947977586
deepest_total_bottleneck,11.9,0.12473966395703659,0.10467130591537856,1.1164059366965817,0.006388895789167316,3.727803643557081,0.4562611193945545
deepest_total_bottleneck,12.0,0.1267197187507546,0.10611514118737239,1.1104090236166717,0.006429109282257179,3.7215033550592125,0.4557528078723744
deepest_total_bottleneck,12.100000000000001,0.12878588644246933,0.10762328053682022,1.1043938451699038,0.00647138815804124,3.7150300942831938,0.4552415708408146
deepest_total_bottleneck,12.200000000000001,0.1309419083289427,0.1091983523079006,1.0983587924489784,0.0065157659674770305,3.7083764186534007,0.45472738314812566
deepest_total_bottleneck,12.3,0.1331917464974598,0.11084313865130375,1.092302215286426,0.006562277025892948,3.7015344878784666,0.45421021909934656
deepest_total_bottleneck,12.4,0.13553958655204185,0.11256057581149259,1.0862224518759482,0.006610956245008094,3.694496198431364,0.453690052997872
deepest_total_bottleneck,12.5,0.13798986662022147,0.1143537755954803,1.080117787250766,0.0066618393824220915,3.6872529745433025,0.4531668584609372
deepest_total_bottleneck,12.600000000000001,0.140547307293385,0.11622604729455689,1.0739864157298777,0.006714963986420674,3.6797955517195646,0.45264060782736254
deepest_total_bottleneck,12.700000000000001,0.14321689938186452,0.11818088536596957,1.0678265206787532,0.006770367357432785,3.6721143696827903,0.45211127355182684
deepest_total_bottleneck,12.8,0.14600393216625507,0.12022198972100015,1.0616362455042732,0.006828087065575942,3.664199416846413,0.45157882774432945
deepest_total_bottleneck,12.9,0.1489140430734473,0.12235330287627864,1.0554136158917355,0.00688816238426471,3.6560397787760572,0.4510432409323399
deepest_total_bottleneck,13.0,0.15195320109480856,0.12457899362721024,1.0491566394125116,0.0069506318669072765,3.6476241648204693,0.4505044837634259
deepest_total_bottleneck,13.100000000000001,0.15512773829794044,0.12690347922805384,1.0428632809573768,0.0070155338696978025,3.638940763329381,0.4499625266353977
deepest_total_bottleneck,13.200000000000001,0.15844441112130817,0.12933147094345465,1.0365313716688451,0.007082907656189854,3.6299766762243437,0.4494173382964356
deepest_total_bottleneck,13.3,0.16191038335461372,0.13186795674564072,1.0301587194189148,0.007152791302514517,3.62071854570129,0.44886888768123484
deepest_total_bottleneck,13.4,0.16553326682460684,0.13451822989940737,1.0237430772181486,0.007225221789859884,3.611152352338232,0.44831714345066753
deepest_total_bottleneck,13.5,0.1693211935669212,0.13728794201816566,1.01728204535937,0.007300236250794815,3.601262757646759,0.4477620725689923
deepest_total_bottleneck,13.600000000000001,0.17328279341267558,0.14018308068528457,1.0107732073932265,0.007377869326591826,3.5910339386187693,0.4472036424656435
deepest_total_bottleneck,13.700000000000001,0.1774272578005992,0.14321001519343426,1.0042140627943117,0.0074581537986629365,3.5804491306198956,0.4466418200734235
deepest_total_bottleneck,13.8,0.1817644151135493,0.14637555066121613,0.9976019456775944,0.00754112096316468,3.569490022185388,0.4460765707572725
deepest_total_bottleneck,13.9,0.186304639104775,0.14968685039260476,0.9909343293579471,0.007626797077545228,3.5581388438561623,0.44550786276320875
deepest_total_bottleneck,14.0,0.1910591538306961,0.15315166952337875,0.9842082383478157,0.00771520949983715,3.5463741923638104,0.44493565899825943
deepest_total_bottleneck,14.100000000000001,0.19603985817788808,0.15677821025020616,0.977420770372594,0.007806375507961886,3.534174629414026,0.4443599245035779
deepest_total_bottleneck,14.200000000000001,0.2012594749755477,0.16057523177567498,0.9705688756097476,0.007900308512960006,3.5215170733051235,0.4437806235267463
deepest_total_bottleneck,14.3,0.20673158668141672,0.1645520704521326,0.9636494117809845,0.007997019009861791,3.508377149370946,0.44319772036974914
deepest_total_bottleneck,14.4,0.21247061771753958,0.16871861811749359,0.9566593020935821,0.008096507718194704,3.494730312504701,0.4426111816822387
deepest_total_bottleneck,14.5,0.21849219498961067,0.1730855932857764,0.9495949430339435,0.00819876909055293,3.4805473651616166,0.44202096867672575
deepest_total_bottleneck,14.600000000000001,0.22481290918446284,0.17766434575425605,0.9424528529882834,0.00830378383221688,3.465799152403608,0.44142704606079464
deepest_total_bottleneck,14.700000000000001,0.23145056853690948,0.18246704313957832,0.9352293095175106,0.008411525414725052,3.450453679820434,0.4408293776158334
deepest_total_bottleneck,14.8,0.23842412298704485,0.18750660097212246,0.9279206951696637,0.008521954475421084,3.4344790753594636,0.44022793009432715
deepest_total_bottleneck,14.9,0.24575396142045938,0.19279690022212817,0.9205230618145108,0.008635015717998417,3.4178396634493584,0.43962266885079065
deepest_total_bottleneck,15.0,0.2534620163295672,0.19835285392866048,0.913032159676405,0.008750632548309982,3.40049607409458,0.43901355839681644
deepest_total_bottleneck,15.100000000000001,0.26157169461034635,0.20419033968466718,0.9054437901465995,0.008868714273461477,3.3824082181381097,0.4384005664904261
deepest_total_bottleneck,15.200000000000001,0.27010813719119736,0.21032638364633716,0.8977535227900817,0.008989144908458892,3.3635326603525595,0.4377836615064176
deepest_total_bottleneck,15.3,0.27909832123832495,0.21677922179351664,0.8899567608776549,0.009111791603572148,3.343823100092883,0.43716281335933915
deepest_total_bottleneck,15.4,0.288571204043519,0.2235683919074575,0.8820487138463318,0.009236483669821341,3.323229770225001,0.43653799408405464
deepest_total_bottleneck,15.5,0.2985578756917118,0.23071483019257555,0.8740244157239598,0.009363021498530414,3.3016996093458117,0.4359091780618208
deepest_total_bottleneck,15.600000000000001,0.3090917241952558,0.23824097585739512,0.8658787114283986,0.009491169195894138,3.2791758614145703,0.4352763425873832
deepest_total_bottleneck,15.700000000000001,0.3202086110961244,0.24617088168347145,0.8576062521651066,0.009620650156751887,3.255597800816322,0.4346394684513547
deepest_total_bottleneck,15.8,0.33194705884124115,0.2545303314785171,0.8492014931811958,0.009751142034460763,3.2309004773581242,0.4339985405741601
deepest_total_bottleneck,15.9,0.34434844963813616,0.26334696409606106,0.8406586913642108,0.009882270868999642,3.205014428787126,0.433353548742179
deepest_total_bottleneck,16.0,0.35745723329550616,0.2726504021077493,0.8319719012559625,0.01001360522025471,3.1778653063304487,0.43270448854862525
deepest_total_bottleneck,16.1,0.3713211491041929,0.28247238860687107,0.8231349792222111,0.010144649877400434,3.149373654171823,0.4320513622630915
deepest_total_bottleneck,16.2,0.38599145108546856,0.2928469244355732,0.814141581206804,0.010274837676379519,3.1194544695752326,0.43139418011069103
deepest_total_bottleneck,16.3,0.40152314608003203,0.3038104124977218,0.804985170452815,0.010403522885568364,3.0880169605598553,0.4307329614520683
deepest_total_bottleneck,16.400000000000002,0.41797523091544403,0.3154017992842862,0.7956590221639152,0.010529971800571932,3.0549641471501787,0.4300677363707296
deepest_total_bottleneck,16.5,0.435410931853019,0.3276627158821662,0.7861562346329853,0.010653354328080697,3.0201925511109424,0.4293985473809434
deepest_total_bottleneck,16.6,0.45389794127205674,0.3406376149353135,0.7764697437886978,0.010772734840555381,2.9835919102231956,0.4287254513332423
deepest_total_bottleneck,16.7,0.4735086329202139,0.35437389037486366,0.7665923407429946,0.01088706130389662,2.945044822516046,0.42804852186565145
deepest_total_bottleneck,16.8,0.49432027137290235,0.3689219913602592,0.7565166979411257,0.010995157166716271,2.9044266109521173,0.42736785174557357
deepest_total_bottleneck,16.900000000000002,0.5164151620401201,0.3843354926393088,0.7462353984721155,0.0110957086440895,2.8616050185003576,0.4266835562568547
deepest_total_bottleneck,17.0,0.5398807849034262,0.4006711526950578,0.7357409762066942,0.01118725803575411,2.81644027662663,0.4259957761802006
deepest_total_bottleneck,17.1,0.5648098110919875,0.4179888889627191,0.7250259631173093,0.011268191051690978,2.768784989526471,0.42530468237234353
deepest_total_bottleneck,17.2,0.5913000808239486,0.4363517270182872,0.7140829473372491,0.011336732081180398,2.718484521083897,0.42461047962781917
deepest_total_bottleneck,17.3,0.6194543722093774,0.45582560488195306,0.7029046462156708,0.011390934091306692,2.665377260403606,0.42391341287222434
deepest_total_bottleneck,17.400000000000002,0.6493800974619707,0.4764791309776394,0.6914839874979422,0.011428678174535394,2.609295532907791,0.4232137721498432
deepest_total_bottleneck,17.5,0.6811886430133934,0.49838309913397566,0.6798142179387826,0.011447668381957146,2.5500665554517363,0.4225119009944123
deepest_total_bottleneck,17.6,0.7149945779668332,0.5216099219185497,0.6678890144179974,0.011445440250418411,2.48751416237367,0.4218082030001477
deepest_total_bottleneck,17.7,0.7509142962822039,0.5462326826515693,0.6557026391630062,0.011419364273845486,2.4214609472729283,0.4211031529368867
deepest_total_bottleneck,17.8,0.7890644125358076,0.5723240354778697,0.643250090119687,0.01136666765678396,2.3517312544990565,0.42039730564256983
deepest_total_bottleneck,17.900000000000002,0.8295593556692137,0.5999545734419522,0.6305273066433279,0.011284455429841614,2.278155135977988,0.41969130990908793
deepest_total_bottleneck,18.0,0.8725082722553976,0.6291907523249741,0.617531399525603,0.011169750554079991,2.200573600884358,0.4189859232949774
deepest_total_bottleneck,18.1,0.9180112482165748,0.6600923855197636,0.6042608800300695,0.011019540198108827,2.1188449135813663,0.4182820262297479
deepest_total_bottleneck,18.2,0.966153848543453,0.6927090338233538,0.5907160070893877,0.010830841929342853,2.0328537117351524,0.41758064586689714
deepest_total_bottleneck,18.3,1.0170010234406364,0.7270760271269355,0.5768990701335589,0.010600786534159122,1.9425209589244377,0.41688297365665383
deepest_total_bottleneck,18.400000000000002,1.0705889509850526,0.7632091510442975,0.5628147777800689,0.010326721833790081,1.8478172579478014,0.4161903920609916
deepest_total_bottleneck,18.5,1.126915126962187,0.801098233110953,0.5484706727016827,0.010006340222838528,1.748779118643423,0.41550450308112125
deepest_total_bottleneck,18.6,1.185926430945294,0.8406994620768844,0.5338775731242514,0.00963782752846021,1.6455281671762871,0.4148271592559211
deepest_total_bottleneck,18.7,1.247504907983994,0.8819262814401434,0.5190500525022193,0.009220047530546798,1.538294143767432,0.41416049779877745
deepest_total_bottleneck,18.8,1.3114513438606727,0.9246389247263204,0.5040069373250842,0.00875274793194274,1.4274413181642822,0.4135069758657859
deepest_total_bottleneck,18.900000000000002,1.37746697317045,0.9686328271657934,0.4887718066230183,0.008236803241582956,1.313497741766431,0.4128694043735773
deepest_total_bottleneck,19.0,1.4451342162448844,1.013626507000077,0.47337346656484913,0.007674485293297773,1.197185841591297,0.4122509756306577
deepest_total_bottleneck,19.1,1.5138982363254512,1.0592500838388603,0.4578463600738507,0.007069763068855072,1.0794514172594132,0.4116552767433245
deepest_total_bottleneck,19.200000000000003,1.5830524284052492,1.1050364448512684,0.4422308541432686,0.00642861689169553,0.9614859021245483,0.41108627614404686
deepest_total_bottleneck,19.3,1.651732764216879,1.1504182254059256,0.42657332488303373,0.0057593418977748105,0.8447338187904662,0.41054826441054215
deepest_total_bottleneck,19.400000000000002,1.7189276112582141,1.1947348359133347,0.41092594142038363,0.005072785701585364,0.7308744655014479,0.4100457268387863
deepest_total_bottleneck,19.5,1.7835113601708241,1.2372548498422007,0.3953460303155957,0.0043824211565998885,0.6217645830145341,0.409583120249768
deepest_total_bottleneck,19.6,1.8443091666637774,1.2772183652100302,0.37989490007100485,0.0037040961213243165,0.519330075350192,0.40916453632665367
deepest_total_bottleneck,19.700000000000003,1.9001952220096874,1.313900772662641,0.36463604599763777,0.0030552735102247043,0.42540330020975503,0.40879325783690257
deepest_total_bottleneck,19.8,1.9502162842654946,1.3466924751706542,0.34963274077572043,0.0024536097083506614,0.34151988242719994,0.4084712600299473
deepest_total_bottleneck,19.900000000000002,1.9937167770546185,1.3751791934688395,0.33494519908472553,0.0019149117118351985,0.26871489153003164,0.40819877060649173
deepest_total_bottleneck,20.0,2.030431226262223,1.3992008029996128,0.3206276384655973,0.001450835515675416,0.20737385886037718,0.4079740307594354
deepest_total_bottleneck,20.1,2.060509956715232,1.4188668367150254,0.3067257623714183,0.0010670607357953327,0.15719549355625723,0.4077933839744298
deepest_total_bottleneck,20.200000000000003,2.0844673297437657,1.4345219681718278,0.2932750754026804,0.0007626098212858625,0.11728130200828994,0.4076516996006608
deepest_total_bottleneck,20.3,2.1030691742041285,1.4466724215390978,0.2803003152845467,0.0005306613467236426,0.08632461932970516,0.40754302320876434
deepest_total_bottleneck,20.400000000000002,2.117198216223453,1.4558984889164333,0.26781595178793993,0.0003604983142027206,0.06283418242897651,0.40746126093428386
deepest_total_bottleneck,20.5,2.1277354907705637,1.4627776916229207,0.25582747032976916,0.00023982823196441272,0.0453297862843823,0.4074007300114725
deepest_total_bottleneck,20.6,2.13547944089171,1.4678325354007993,0.2443330560698048,0.00015674371335973477,0.03247473471859209,0.40735649454118866
deepest_total_bottleneck,20.700000000000003,2.1411054577797373,1.4715045423184658,0.23332533700582167,0.00010094719562699092,0.023141138075569837,0.4073244945561423
deepest_total_bottleneck,20.8,2.145156860363186,1.4741486609785872,0.22279296004823904,6.424016747949729e-05,0.016423326114411562,0.407301525744663
deepest_total_bottleneck,20.900000000000002,2.1480549100352304,1.476039983453808,0.21272189403199315,4.049169983650705e-05,0.011620081230871186,0.4072851365193626
deepest_total_bottleneck,21.0,2.1501175615039334,1.4773860839228883,0.2030964409818037,2.5330626709705537e-05,0.008202739958990077,0.40727349393168016
deepest_total_bottleneck,21.1,2.151580128833698,1.4783405587339158,0.1938999844983396,1.575291233590673e-05,0.005780399789695647,0.40726525066985475
deepest_total_bottleneck,21.200000000000003,2.152614288464842,1.4790154541321752,0.1851155238364945,9.7517048761029e-06,0.004068086123408398,0.40725942867581966
deepest_total_bottleneck,21.3,2.153343992576336,1.4794916635746649,0.17672604321359708,6.01562827388406e-06,0.002860172521054337,0.40725532438265877
deepest_total_bottleneck,21.400000000000002,2.153858058830255,1.4798271491113915,0.16871475970295582,3.7007484181893873e-06,0.0020093950667278166,0.4072524350422917
deepest_total_bottleneck,21.5,2.1542197777757415,1.4800632132676197,0.16106528429705472,2.271925943807372e-06,0.001410861778855897,0.407250403151107
deepest_total_bottleneck,21.6,2.1544740658260966,1.480229167769412,0.15376172201777244,1.3925343277868454e-06,0.000990160481326512,0.40724897540125854
deepest_total_bottleneck,21.700000000000003,2.1546527038891328,1.4803457524108,0.146788730163166,8.524825400487762e-07,0.0006946574445099294,0.4072479727866638
deepest_total_bottleneck,21.8,2.1547781286779797,1.4804276092150543,0.14013154809775477,5.21376544860945e-07,0.00048720463699872713,0.40724726905638925
deepest_total_bottleneck,21.900000000000002,2.154866153364354,1.4804850578465796,0.13377600800262443,3.1865436210826754e-07,0.00034162679393194567,0.40724677529944375
deepest_total_bottleneck,22.0,2.154927908691207,1.4805253623067813,0.1277085330831724,1.946352406789444e-07,0.00023950321458083296,0.4072464289715252
deepest_total_bottleneck,22.1,2.1549712222849076,1.4805536310212462,0.12191612770286359,1.1884034565319947e-07,0.00016788198431009484,0.40724618611115465
deepest_total_bottleneck,22.200000000000003,2.1550015945639345,1.480573453686911,0.11638636240806804,7.250089829381176e-08,0.00011766329687617768,0.40724601583984554
deepest_total_bottleneck,22.3,2.1550228880539923,1.4805873511027652,0.11110735590465283,4.427643644388749e-08,8.245791020986143e-05,0.407245896481514
deepest_total_bottleneck,22.400000000000002,2.1550378143162794,1.4805970929320946,0.10606775534707907,2.6969784883779976e-08,5.778098802676981e-05,0.4072458128235662
deepest_total_bottleneck,22.5,2.1550482759576384,1.480603920896652,0.10125671582141027,1.6511596708231987e-08,4.048599772561553e-05,0.4072457541944548
deepest_total_bottleneck,22.6,2.1550556075993157,1.4806087060340056,0.09666387961898018,9.99832532145657e-09,2.8365935967499262e-05,0.4072457131099519
deepest_total_bottleneck,22.700000000000003,2.1550607452412742,1.4806120592269716,0.09227935569601092,6.1877964597597165e-09,1.9873099790220894e-05,0.4072456843221144
deepest_total_bottleneck,22.8,2.1550643451570473,1.4806144087970163,0.08809369954124914,3.671950320080094e-09,1.392239404591508e-05,0.40724566415191144
deepest_total_bottleneck,22.900000000000002,2.1550668674263807,1.4806160550201293,0.08409789362496589,2.2351745963540286e-09,9.75315802727205e-06,0.40724565002049157
deepest_total_bottleneck,23.0,2.155068634553353,1.4806172083831444,0.08028332849412999,1.3725824230370892e-09,6.832214821463737e-06,0.4072456401203435
deepest_total_bottleneck,23.1,2.155069872568888,1.480618016409002,0.07664178456717774,8.488945034127027e-10,4.785897190753892e-06,0.40724563318477036
deepest_total_bottleneck,23.200000000000003,2.155070739857804,1.4806185824706692,0.07316541468191666,5.155925590973543e-10,3.3523782426463415e-06,0.4072456283262423
deepest_total_bottleneck,23.3,2.155071347335782,1.4806189789596975,0.06984672836443385,3.1488408935233125e-10,2.348308663974556e-06,0.4072456249232721
deepest_total_bottleneck,23.400000000000002,2.155071772834581,1.4806192566748486,0.06667857384342206,1.9066764173957205e-10,1.6450322372126822e-06,0.4072456225397765
deepest_total_bottleneck,23.5,2.155072071016077,1.4806194512925956,0.06365412085872964,1.1642430754343562e-10,1.152194878034561e-06,0.4072456208695062
deepest_total_bottleneck,23.6,2.1550722800289313,1.4806195877117005,0.06076685026218893,6.945999441350422e-11,8.06739625558716e-07,0.4072456196987393
deepest_total_bottleneck,23.700000000000003,2.155072426221857,1.4806196831294027,0.058010543560440705,4.3006909326388055e-11,5.65114833668063e-07,0.407245618879867
deepest_total_bottleneck,23.8,2.1550725286475445,1.480619749981006,0.055379259599427674,2.7280156022724747e-11,3.9582891305718753e-07,0.4072456183061573
deepest_total_bottleneck,23.900000000000002,2.1550726004119984,1.4806197968205466,0.05286732722179286,1.5345562734688505e-11,2.7721965852400515e-07,0.40724561790419356
deepest_total_bottleneck,24.0,2.155072650718607,1.480619829654905,0.05046933205180591,9.942627210107796e-12,1.9407546592374058e-07,0.4072456176224216
deepest_total_bottleneck,24.1,2.155072685866247,1.4806198525952472,0.048180107125526374,1.2288288406873544e-11,1.3598552705566482e-07,0.4072456174255585
deepest_total_bottleneck,24.200000000000003,2.155072710462977,1.4806198686491745,0.04599471854537874,1.2562536675118086e-11,9.533367802286861e-08,0.40724561728779246
deepest_total_bottleneck,24.3,2.1550727277154644,1.4806198799096264,0.043908456324504644,3.431712794260228e-12,6.68200106912419e-08,0.4072456171911623
deepest_total_bottleneck,24.400000000000002,2.155072739822421,1.4806198878116668,0.04191682419355199,0.0,4.681056835627718e-08,0.4072456171233524
deepest_total_bottleneck,24.5,2.1550727482946375,1.4806198933413648,0.04001552999912996,0.0,3.2808383632424906e-08,0.40724561707590057
deepest_total_bottleneck,24.6,2.1550727542268104,1.4806198972132125,0.03820047623688997,0.0,2.300419836689887e-08,0.40724561704267537
deepest_total_bottleneck,24.700000000000003,2.1550727583897133,1.4806198999302829,0.03646775101052201,0.0,1.612412454716096e-08,0.40724561701935963
deepest_total_bottleneck,24.8,2.1550727613102825,1.4806199018364992,0.03481361993391787,0.0,1.1297277623337004e-08,0.40724561700300216
deepest_total_bottleneck,24.900000000000002,2.155072763355514,1.4806199031713942,0.03323451806077755,0.0,7.917114195582855e-09,0.4072456169915472
deepest_total_bottleneck,25.0,2.1550727647874757,1.4806199041060168,0.031727042325031464,0.0,5.550506693526557e-09,0.4072456169835272
deepest_total_bottleneck,25.1,2.1550727657920943,1.4806199047617183,0.030287943865457304,0.0,3.890172448090307e-09,0.40724561697790057
deepest_total_bottleneck,25.200000000000003,2.155072766496605,1.4806199052215434,0.028914120942761978,0.0,2.7258284456794593e-09,0.4072456169739548
deepest_total_bottleneck,25.3,2.1550727669888805,1.4806199055428455,0.027602611781119626,0.0,1.9122452895225267e-09,0.4072456169711977
deepest_total_bottleneck,25.400000000000002,2.1550727673259598,1.4806199057628524,0.02635059208604639,0.0,1.3551567364006305e-09,0.40724561696930983
deepest_total_bottleneck,25.5,2.1550727675502523,1.4806199059092453,0.025155365227586542,0.0,9.844701960422194e-10,0.4072456169680536
deepest_total_bottleneck,25.6,2.1550727677188335,1.4806199060192762,0.024014352030642266,0.0,7.058571265244249e-10,0.4072456169671095
deepest_total_bottleneck,25.700000000000003,2.1550727678623627,1.4806199061129561,0.022925091986272,0.0,4.686472058670593e-10,0.4072456169663056
deepest_total_bottleneck,25.8,2.155072767969475,1.4806199061828667,0.02188523945763615,0.0,2.916242814526328e-10,0.40724561696570566
deepest_total_bottleneck,25.900000000000002,2.1550727680373463,1.4806199062271654,0.02089255301315468,0.0,1.7945376379955807e-10,0.4072456169653256
deepest_total_bottleneck,26.0,2.155072768071687,1.480619906249579,0.019944893753565028,0.0,1.227000882989966e-10,0.4072456169651332
deepest_total_bottleneck,26.1,2.1550727680811606,1.4806199062557626,0.01904021896936388,0.0,1.0704237117912352e-10,0.4072456169650802
deepest_total_bottleneck,26.200000000000003,2.155072768083914,1.4806199062575598,0.01817657927549454,0.0,1.0249172834432693e-10,0.4072456169650647
deepest_total_bottleneck,26.3,2.1550727681052226,1.4806199062714676,0.017352112960049924,0.0,6.727521474939972e-11,0.4072456169649454
deepest_total_bottleneck,26.400000000000002,2.1550727681320505,1.4806199062889778,0.01656504350372919,0.0,2.2936996311176275e-11,0.40724561696479517
deepest_total_bottleneck,26.5,2.1550727681394286,1.4806199062937933,0.015813674409813717,0.0,1.0743329278290583e-11,0.4072456169647538
deepest_total_bottleneck,26.6,2.155072768131875,1.4806199062888634,0.01509638668241872,0.0,2.3226121525507397e-11,0.40724561696479616
deepest_total_bottleneck,26.700000000000003,2.1550727681198674,1.4806199062810261,0.014411634311078881,0.0,4.307167952170654e-11,0.4072456169648634
deepest_total_bottleneck,26.8,2.1550727681196933,1.4806199062809122,0.01375794094965816,0.0,4.3359763340017714e-11,0.4072456169648644
deepest_total_bottleneck,26.900000000000002,2.1550727681304003,1.480619906287901,0.013133897756078079,0.0,2.5663170420726018e-11,0.40724561696480444
deepest_total_bottleneck,27.0,2.155072768144397,1.4806199062970364,0.012538160218652165,0.0,2.5318491562399164e-12,0.40724561696472605
deepest_total_bottleneck,27.1,2.155072768147113,1.480619906298809,0.011969445187003283,0.0,0.0,0.40724561696471084
deepest_total_bottleneck,27.200000000000003,2.155072768153597,1.480619906303041,0.011426526236896273,0.0,0.0,0.4072456169646745
deepest_total_bottleneck,27.3,2.15507276815998,1.4806199063072072,0.010908233413924443,0.0,0.0,0.40724561696463873
deepest_total_bottleneck,27.400000000000002,2.155072768160055,1.4806199063072563,0.010413449931862212,0.0,0.0,0.40724561696463835
deepest_total_bottleneck,27.5,2.1550727681599406,1.4806199063071814,0.009941109145952445,0.0,0.0,0.407245616964639
deepest_total_bottleneck,27.6,2.1550727681598723,1.4806199063071368,0.009490193123850252,0.0,0.0,0.40724561696463935
deepest_total_bottleneck,27.700000000000003,2.1550727681599477,1.4806199063071865,0.00905973008310379,0.0,0.0,0.407245616964639
deepest_total_bottleneck,27.8,2.1550727681601454,1.480619906307315,0.008648792232873617,0.0,0.0,0.40724561696463785
deepest_total_bottleneck,27.900000000000002,2.15507276816026,1.48061990630739,0.008256494029379002,0.0,0.0,0.4072456169646372
deepest_total_bottleneck,28.0,2.1550727681602413,1.480619906307378,0.007881990010938046,0.0,0.0,0.40724561696463735
deepest_total_bottleneck,28.1,2.1550727681602018,1.480619906307352,0.007524472996919034,0.0,0.0,0.40724561696463757
deepest_total_bottleneck,28.200000000000003,2.155072768160185,1.4806199063073409,0.007183172512945751,0.0,0.0,0.40724561696463757
deepest_total_bottleneck,28.3,2.155072768160188,1.4806199063073433,0.006857352972035419,0.0,0.0,0.4072456169646376
deepest_total_bottleneck,28.400000000000002,2.1550727681601947,1.4806199063073473,0.006546312162096384,0.0,0.0,0.40724561696463757
deepest_total_bottleneck,28.5,2.1550727681601964,1.4806199063073484,0.00624937979732896,0.0,0.0,0.40724561696463757
deepest_total_bottleneck,28.6,2.1550727681601964,1.4806199063073484,0.0059659158975681826,0.0,0.0,0.40724561696463757
deepest_total_bottleneck,28.700000000000003,2.1550727681601964,1.4806199063073484,0.005695309541209653,0.0,0.0,0.40724561696463757
deepest_total_bottleneck,28.8,2.1550727681601964,1.4806199063073484,0.005436977575045568,0.0,0.0,0.40724561696463757
deepest_total_bottleneck,28.900000000000002,2.1550727681601964,1.4806199063073484,0.005190363204974954,0.0,0.0,0.40724561696463757
deepest_total_bottleneck,29.0,2.1550727681601964,1.4806199063073484,0.004954934937282765,0.0,0.0,0.40724561696463757
deepest_total_bottleneck,29.1,2.1550727681601964,1.4806199063073484,0.004730185419111947,0.0,0.0,0.40724561696463757
deepest_total_bottleneck,29.200000000000003,2.1550727681601964,1.4806199063073484,0.004515630234473671,0.0,0.0,0.40724561696463757
deepest_total_bottleneck,29.3,2.1550727681601964,1.4806199063073484,0.004310806994332729,0.0,0.0,0.40724561696463757
deepest_total_bottleneck,29.400000000000002,2.1550727681601964,1.4806199063073484,0.0041152742810118175,0.0,0.0,0.40724561696463757
deepest_total_bottleneck,29.5,2.1550727681601964,1.4806199063073484,0.003928610614211821,0.0,0.0,0.40724561696463757
deepest_total_bottleneck,29.6,2.1550727681601964,1.4806199063073484,0.0037504137204113492,0.0,0.0,0.40724561696463757
deepest_total_bottleneck,29.700000000000003,2.1550727681601964,1.4806199063073484,0.0035802996443321427,0.0,0.0,0.40724561696463757
deepest_total_bottleneck,29.8,2.1550727681601964,1.4806199063073484,0.0034179018550912084,0.0,0.0,0.40724561696463757
deepest_total_bottleneck,29.900000000000002,2.1550727681601964,1.4806199063073484,0.003262870286100777,0.0,0.0,0.40724561696463757
deepest_total_bottleneck,30.0,2.1550727681601964,1.4806199063073484,0.0031148708051686653,0.0,0.0,0.40724561696463757
deepest_total_bottleneck,30.1,2.1550727681601964,1.4806199063073484,0.0029735843747366237,0.0,0.0,0.40724561696463757
deepest_total_bottleneck,30.200000000000003,2.1550727681601964,1.4806199063073484,0.00283870642627107,0.0,0.0,0.40724561696463757
deepest_total_bottleneck,30.3,2.1550727681601964,1.4806199063073484,0.0027099464067643526,0.0,0.0,0.40724561696463757
deepest_total_bottleneck,30.400000000000002,2.1550727681601964,1.4806199063073484,0.0025870268132681886,0.0,0.0,0.40724561696463757
deepest_total_bottleneck,30.5,2.1550727681601964,1.4806199063073484,0.0024696826670189223,0.0,0.0,0.40724561696463757
deepest_total_bottleneck,30.6,2.1550727681601964,1.4806199063073484,0.0023576610003247203,0.0,0.0,0.40724561696463757
deepest_total_bottleneck,30.700000000000003,2.1550727681601964,1.4806199063073484,0.002250720496108428,0.0,0.0,0.40724561696463757
deepest_total_bottleneck,30.8,2.1550727681601964,1.4806199063073484,0.002148630690881341,0.0,0.0,0.40724561696463757
deepest_total_bottleneck,30.900000000000002,2.1550727681601964,1.4806199063073484,0.0020511715511130585,0.0,0.0,0.40724561696463757
deepest_total_bottleneck,31.0,2.1550727681601964,1.4806199063073484,0.0019581330183792273,0.0,0.0,0.40724561696463757
deepest_total_bottleneck,31.1,2.1550727681601964,1.4806199063073484,0.0018693146164345518,0.0,0.0,0.40724561696463757
deepest_total_bottleneck,31.200000000000003,2.1550727681601964,1.4806199063073484,0.0017845249246956141,0.0,0.0,0.40724561696463757
deepest_total_bottleneck,31.3,2.1550727681601964,1.4806199063073484,0.00170358118301342,0.0,0.0,0.40724561696463757
deepest_total_bottleneck,31.400000000000002,2.1550727681601964,1.4806199063073484,0.0016263089140995438,0.0,0.0,0.40724561696463757
deepest_total_bottleneck,31.5,2.1550727681601964,1.4806199063073484,0.0015525416126197498,0.0,0.0,0.40724561696463757
deepest_total_bottleneck,31.6,2.1550727681601964,1.4806199063073484,0.001482120300807837,0.0,0.0,0.40724561696463757
deepest_total_bottleneck,31.700000000000003,2.1550727681601964,1.4806199063073484,0.0014148932103624746,0.0,0.0,0.40724561696463757
deepest_total_bottleneck,31.8,2.1550727681601964,1.4806199063073484,0.0013507154580403352,0.0,0.0,0.40724561696463757
deepest_total_bottleneck,31.900000000000002,2.1550727681601964,1.4806199063073484,0.0012894487343554544,0.0,0.0,0.40724561696463757
deepest_total_bottleneck,32.0,2.1550727681601964,1.4806199063073484,0.001230960999427506,0.0,0.0,0.40724561696463757
deepest_total_bottleneck,32.1,2.1550727681601964,1.4806199063073484,0.0011751261947351838,0.0,0.0,0.40724561696463757
deepest_total_bottleneck,32.2,2.1550727681601964,1.4806199063073484,0.0011218239755226825,0.0,0.0,0.40724561696463757
deepest_total_bottleneck,32.300000000000004,2.1550727681601964,1.4806199063073484,0.0010709394819289793,0.0,0.0,0.40724561696463757
deepest_total_bottleneck,32.4,2.1550727681601964,1.4806199063073484,0.0010223630495818192,0.0,0.0,0.40724561696463757
deepest_total_bottleneck,32.5,2.1550727681601964,1.4806199063073484,0.0009759899801950252,0.0,0.0,0.40724561696463757
deepest_total_bottleneck,32.6,2.1550727681601964,1.4806199063073484,0.0009317203216188139,0.0,0.0,0.40724561696463757
deepest_total_bottleneck,32.7,2.1550727681601964,1.4806199063073484,0.0008894586804063573,0.0,0.0,0.40724561696463757
deepest_total_bottleneck,32.800000000000004,2.1550727681601964,1.4806199063073484,0.0008491139779686422,0.0,0.0,0.40724561696463757
deepest_total_bottleneck,32.9,2.1550727681601964,1.4806199063073484,0.0008105992612881522,0.0,0.0,0.40724561696463757
deepest_total_bottleneck,33.0,2.1550727681601964,1.4806199063073484,0.0007738315154081261,0.0,0.0,0.40724561696463757
deepest_total_bottleneck,33.1,2.1550727681601964,1.4806199063073484,0.0007387315080608112,0.0,0.0,0.40724561696463757
deepest_total_bottleneck,33.2,2.1550727681601964,1.4806199063073484,0.0007052235982793525,0.0,0.0,0.40724561696463757
deepest_total_bottleneck,33.300000000000004,2.1550727681601964,1.4806199063073484,0.0006732355681792115,0.0,0.0,0.40724561696463757
deepest_total_bottleneck,33.4,2.1550727681601964,1.4806199063073484,0.0006426984685144715,0.0,0.0,0.40724561696463757
deepest_total_bottleneck,33.5,2.1550727681601964,1.4806199063073484,0.0006135464864756125,0.0,0.0,0.40724561696463757
deepest_total_bottleneck,33.6,2.1550727681601964,1.4806199063073484,0.0005857168047315975,0.0,0.0,0.40724561696463757
deepest_total_bottleneck,33.7,2.1550727681601964,1.4806199063073484,0.0005591494449042846,0.0,0.0,0.40724561696463757
deepest_total_bottleneck,33.800000000000004,2.1550727681601964,1.4806199063073484,0.0005337871453329875,0.0,0.0,0.40724561696463757
deepest_total_bottleneck,33.9,2.1550727681601964,1.4806199063073484,0.000509575241148945,0.0,0.0,0.40724561696463757
deepest_total_bottleneck,34.0,2.1550727681601964,1.4806199063073484,0.0004864615605002463,0.0,0.0,0.40724561696463757
deepest_total_bottleneck,34.1,2.1550727681601964,1.4806199063073484,0.0004643962902528305,0.0,0.0,0.40724561696463757
deepest_total_bottleneck,34.2,2.1550727681601964,1.4806199063073484,0.0004433318733762622,0.0,0.0,0.40724561696463757
deepest_total_bottleneck,34.300000000000004,2.1550727681601964,1.4806199063073484,0.0004232229064556643,0.0,0.0,0.40724561696463757
deepest_total_bottleneck,34.4,2.1550727681601964,1.4806199063073484,0.0004040260570536512,0.0,0.0,0.40724561696463757
deepest_total_bottleneck,34.5,2.1550727681601964,1.4806199063073484,0.00038569995533819655,0.0,0.0,0.40724561696463757
deepest_total_bottleneck,34.6,2.1550727681601964,1.4806199063073484,0.0003682051038331974,0.0,0.0,0.40724561696463757
deepest_total_bottleneck,34.7,2.1550727681601964,1.4806199063073484,0.00035150379289270367,0.0,0.0,0.40724561696463757
deepest_total_bottleneck,34.800000000000004,2.1550727681601964,1.4806199063073484,0.00033556002945839925,0.0,0.0,0.40724561696463757
deepest_total_bottleneck,34.9,2.1550727681601964,1.4806199063073484,0.00032033945674289264,0.0,0.0,0.40724561696463757
deepest_total_bottleneck,35.0,2.1550727681601964,1.4806199063073484,0.00030580927141895674,0.0,0.0,0.40724561696463757
deepest_total_bottleneck,35.1,2.1550727681601964,1.4806199063073484,0.0002919381559075014,0.0,0.0,0.40724561696463757
deepest_total_bottleneck,35.2,2.1550727681601964,1.4806199063073484,0.0002786962135619112,0.0,0.0,0.40724561696463757
deepest_total_bottleneck,35.300000000000004,2.1550727681601964,1.4806199063073484,0.00026605491060628796,0.0,0.0,0.40724561696463757
deepest_total_bottleneck,35.4,2.1550727681601964,1.4806199063073484,0.00025398700298726783,0.0,0.0,0.40724561696463757
deepest_total_bottleneck,35.5,2.1550727681601964,1.4806199063073484,0.0002424664804802278,0.0,0.0,0.40724561696463757
deepest_total_bottleneck,35.6,2.1550727681601964,1.4806199063073484,0.00023146851085391115,0.0,0.0,0.40724561696463757
deepest_total_bottleneck,35.7,2.1550727681601964,1.4806199063073484,0.00022096939535189765,0.0,0.0,0.40724561696463757
deepest_total_bottleneck,35.800000000000004,2.1550727681601964,1.4806199063073484,0.00021094650780802788,0.0,0.0,0.40724561696463757
deepest_total_bottleneck,35.9,2.1550727681601964,1.4806199063073484,0.0002013782463394095,0.0,0.0,0.40724561696463757
deepest_total_bottleneck,36.0,2.1550727681601964,1.4806199063073484,0.0001922439871032513,0.0,0.0,0.40724561696463757
deepest_total_bottleneck,36.1,2.1550727681601964,1.4806199063073484,0.00018352404793440938,0.0,0.0,0.40724561696463757
deepest_total_bottleneck,36.2,2.1550727681601964,1.4806199063073484,0.00017519963968233075,0.0,0.0,0.40724561696463757
deepest_total_bottleneck,36.300000000000004,2.1550727681601964,1.4806199063073484,0.0001672528206683427,0.0,0.0,0.40724561696463757
deepest_total_bottleneck,36.4,2.1550727681601964,1.4806199063073484,0.0001596664593332984,0.0,0.0,0.40724561696463757
deepest_total_bottleneck,36.5,2.1550727681601964,1.4806199063073484,0.00015242419629503347,0.0,0.0,0.40724561696463757
deepest_total_bottleneck,36.6,2.1550727681601964,1.4806199063073484,0.00014551042832185718,0.0,0.0,0.40724561696463757
deepest_total_bottleneck,36.7,2.1550727681601964,1.4806199063073484,0.00013891026013000622,0.0,0.0,0.40724561696463757
deepest_total_bottleneck,36.800000000000004,2.1550727681601964,1.4806199063073484,0.00013260946663298248,0.0,0.0,0.40724561696463757
deepest_total_bottleneck,36.9,2.1550727681601964,1.4806199063073484,0.0001265944680643803,0.0,0.0,0.40724561696463757
deepest_total_bottleneck,37.0,2.1550727681601964,1.4806199063073484,0.00012085230119160974,0.0,0.0,0.40724561696463757
deepest_total_bottleneck,37.1,2.1550727681601964,1.4806199063073484,0.00011537058689120363,0.0,0.0,0.40724561696463757
deepest_total_bottleneck,37.2,2.1550727681601964,1.4806199063073484,0.00011013750905057161,0.0,0.0,0.40724561696463757
deepest_total_bottleneck,37.300000000000004,2.1550727681601964,1.4806199063073484,0.00010514179160648657,0.0,0.0,0.40724561696463757
deepest_total_bottleneck,37.4,2.1550727681601964,1.4806199063073484,0.0001003726751461235,0.0,0.0,0.40724561696463757
deepest_total_bottleneck,37.5,2.1550727681601964,1.4806199063073484,9.581989410262489e-05,0.0,0.0,0.40724561696463757
deepest_total_bottleneck,37.6,2.1550727681601964,1.4806199063073484,9.147362319048316e-05,0.0,0.0,0.40724561696463757
deepest_total_bottleneck,37.7,2.1550727681601964,1.4806199063073484,8.732448782226101e-05,0.0,0.0,0.40724561696463757
deepest_total_bottleneck,37.800000000000004,2.1550727681601964,1.4806199063073484,8.33635474712275e-05,0.0,0.0,0.40724561696463757
deepest_total_bottleneck,37.9,2.1550727681601964,1.4806199063073484,7.95822719691017e-05,0.0,0.0,0.40724561696463757
deepest_total_bottleneck,38.0,2.1550727681601964,1.4806199063073484,7.597252280273806e-05,0.0,0.0,0.40724561696463757
deepest_total_bottleneck,38.1,2.1550727681601964,1.4806199063073484,7.252650713016192e-05,0.0,0.0,0.40724561696463757
deepest_total_bottleneck,38.2,2.1550727681601964,1.4806199063073484,6.923679220950282e-05,0.0,0.0,0.40724561696463757
deepest_total_bottleneck,38.300000000000004,2.1550727681601964,1.4806199063073484,6.609628977199768e-05,0.0,0.0,0.40724561696463757
deepest_total_bottleneck,38.400000000000006,2.1550727681601964,1.4806199063073484,6.30982375378546e-05,0.0,0.0,0.40724561696463757
deepest_total_bottleneck,38.5,2.1550727681601964,1.4806199063073484,6.023618360458034e-05,0.0,0.0,0.40724561696463757
deepest_total_bottleneck,38.6,2.1550727681601964,1.4806199063073484,5.750394776971788e-05,0.0,0.0,0.40724561696463757
deepest_total_bottleneck,38.7,2.1550727681601964,1.4806199063073484,5.489563746953142e-05,0.0,0.0,0.40724561696463757
deepest_total_bottleneck,38.800000000000004,2.1550727681601964,1.4806199063073484,5.24056330835496e-05,0.0,0.0,0.40724561696463757
deepest_total_bottleneck,38.900000000000006,2.1550727681601964,1.4806199063073484,5.00285735430182e-05,0.0,0.0,0.40724561696463757
deepest_total_bottleneck,39.0,2.1550727681601964,1.4806199063073484,4.7759343242571825e-05,0.0,0.0,0.40724561696463757
deepest_total_bottleneck,39.1,2.1550727681601964,1.4806199063073484,4.5593041549444266e-05,0.0,0.0,0.40724561696463757
deepest_total_bottleneck,39.2,2.1550727681601964,1.4806199063073484,4.352499690197139e-05,0.0,0.0,0.40724561696463757
deepest_total_bottleneck,39.300000000000004,2.1550727681601964,1.4806199063073484,4.155075350169469e-05,0.0,0.0,0.40724561696463757
deepest_total_bottleneck,39.400000000000006,2.1550727681601964,1.4806199063073484,3.9666060326749024e-05,0.0,0.0,0.40724561696463757
deepest_total_bottleneck,39.5,2.1550727681601964,1.4806199063073484,3.7866860024840846e-05,0.0,0.0,0.40724561696463757
deepest_total_bottleneck,39.6,2.1550727681601964,1.4806199063073484,3.614926550090994e-05,0.0,0.0,0.40724561696463757
deepest_total_bottleneck,39.7,2.1550727681601964,1.4806199063073484,3.450957313286478e-05,0.0,0.0,0.40724561696463757
deepest_total_bottleneck,39.800000000000004,2.1550727681601964,1.4806199063073484,3.2944250845480836e-05,0.0,0.0,0.40724561696463757
deepest_total_bottleneck,39.900000000000006,2.1550727681601964,1.4806199063073484,3.1449929985260746e-05,0.0,0.0,0.40724561696463757
deepest_total_bottleneck,40.0,2.1550727681601964,1.4806199063073484,3.0023399044231568e-05,0.0,0.0,0.40724561696463757
deepest_total_bottleneck,40.1,2.1550727681601964,1.4806199063073484,2.866157809117797e-05,0.0,0.0,0.40724561696463757
deepest_total_bottleneck,40.2,2.1550727681601964,1.4806199063073484,2.7361524766759182e-05,0.0,0.0,0.40724561696463757
deepest_total_bottleneck,40.300000000000004,2.1550727681601964,1.4806199063073484,2.6120437447832654e-05,0.0,0.0,0.40724561696463757
deepest_total_bottleneck,40.400000000000006,2.1550727681601964,1.4806199063073484,2.4935643180239765e-05,0.0,0.0,0.40724561696463757
deepest_total_bottleneck,40.5,2.1550727681601964,1.4806199063073484,2.3804592749850696e-05,0.0,0.0,0.40724561696463757
deepest_total_bottleneck,40.6,2.1550727681601964,1.4806199063073484,2.2724850552402813e-05,0.0,0.0,0.40724561696463757
deepest_total_bottleneck,40.7,2.1550727681601964,1.4806199063073484,2.16940815883856e-05,0.0,0.0,0.40724561696463757
deepest_total_bottleneck,40.800000000000004,2.1550727681601964,1.4806199063073484,2.071006382569671e-05,0.0,0.0,0.40724561696463757
deepest_total_bottleneck,40.900000000000006,2.1550727681601964,1.4806199063073484,1.9770677547297055e-05,0.0,0.0,0.40724561696463757
deepest_total_bottleneck,41.0,2.1550727681601964,1.4806199063073484,1.887390111105381e-05,0.0,0.0,0.40724561696463757
deepest_total_bottleneck,41.1,2.1550727681601964,1.4806199063073484,1.801780624838284e-05,0.0,0.0,0.40724561696463757
deepest_total_bottleneck,41.2,2.1550727681601964,1.4806199063073484,1.720054242142547e-05,0.0,0.0,0.40724561696463757
deepest_total_bottleneck,41.300000000000004,2.1550727681601964,1.4806199063073484,1.642034600346744e-05,0.0,0.0,0.40724561696463757
deepest_total_bottleneck,41.400000000000006,2.1550727681601964,1.4806199063073484,1.56755361358085e-05,0.0,0.0,0.40724561696463757
deepest_total_bottleneck,41.5,2.1550727681601964,1.4806199063073484,1.4964509533487695e-05,0.0,0.0,0.40724561696463757
deepest_total_bottleneck,41.6,2.1550727681601964,1.4806199063073484,1.4285737612403233e-05,0.0,0.0,0.40724561696463757
deepest_total_bottleneck,41.7,2.1550727681601964,1.4806199063073484,1.36377567964428e-05,0.0,0.0,0.40724561696463757
deepest_total_bottleneck,41.800000000000004,2.1550727681601964,1.4806199063073484,1.3019166140279482e-05,0.0,0.0,0.40724561696463757
deepest_total_bottleneck,41.900000000000006,2.1550727681601964,1.4806199063073484,1.2428632472282125e-05,0.0,0.0,0.40724561696463757
deepest_total_bottleneck,42.0,2.1550727681601964,1.4806199063073484,1.1864883771837432e-05,0.0,0.0,0.40724561696463757
deepest_total_bottleneck,42.1,2.1550727681601964,1.4806199063073484,1.132670680547713e-05,0.0,0.0,0.40724561696463757
deepest_total_bottleneck,42.2,2.1550727681601964,1.4806199063073484,1.0812943365606275e-05,0.0,0.0,0.40724561696463757
deepest_total_bottleneck,42.300000000000004,2.1550727681601964,1.4806199063073484,1.0322482555989029e-05,0.0,0.0,0.40724561696463757
deepest_total_bottleneck,42.400000000000006,2.1550727681601964,1.4806199063073484,9.854266799842153e-06,0.0,0.0,0.40724561696463757
deepest_total_bottleneck,42.5,2.1550727681601964,1.4806199063073484,9.407287471434994e-06,0.0,0.0,0.40724561696463757
deepest_total_bottleneck,42.6,2.1550727681601964,1.4806199063073484,8.980582588735048e-06,0.0,0.0,0.40724561696463757
deepest_total_bottleneck,42.7,2.1550727681601964,1.4806199063073484,8.573234918045288e-06,0.0,0.0,0.40724561696463757
deepest_total_bottleneck,42.800000000000004,2.1550727681601964,1.4806199063073484,8.184364613937372e-06,0.0,0.0,0.40724561696463757
deepest_total_bottleneck,42.900000000000006,2.1550727681601964,1.4806199063073484,7.813131889144889e-06,0.0,0.0,0.40724561696463757
deepest_total_bottleneck,43.0,2.1550727681601964,1.4806199063073484,7.4587368332652115e-06,0.0,0.0,0.40724561696463757
deepest_total_bottleneck,43.1,2.1550727681601964,1.4806199063073484,7.1204163524920834e-06,0.0,0.0,0.40724561696463757
deepest_total_bottleneck,43.2,2.1550727681601964,1.4806199063073484,6.797442780363157e-06,0.0,0.0,0.40724561696463757
deepest_total_bottleneck,43.300000000000004,2.1550727681601964,1.4806199063073484,6.489119423694687e-06,0.0,0.0,0.40724561696463757
deepest_total_bottleneck,43.400000000000006,2.1550727681601964,1.4806199063073484,6.194777558975882e-06,0.0,0.0,0.40724561696463757
deepest_total_bottleneck,43.5,2.1550727681601964,1.4806199063073484,5.913782968144585e-06,0.0,0.0,0.40724561696463757
deepest_total_bottleneck,43.6,2.1550727681601964,1.4806199063073484,5.645531208850022e-06,0.0,0.0,0.40724561696463757
deepest_total_bottleneck,43.7,2.1550727681601964,1.4806199063073484,5.389446382582579e-06,0.0,0.0,0.40724561696463757
deepest_total_bottleneck,43.800000000000004,2.1550727681601964,1.4806199063073484,5.144979980525614e-06,0.0,0.0,0.40724561696463757
deepest_total_bottleneck,43.900000000000006,2.1550727681601964,1.4806199063073484,4.91160952921265e-06,0.0,0.0,0.40724561696463757
deepest_total_bottleneck,44.0,2.1550727681601964,1.4806199063073484,4.688829675577645e-06,0.0,0.0,0.40724561696463757
deepest_total_bottleneck,44.1,2.1550727681601964,1.4806199063073484,4.476157996582284e-06,0.0,0.0,0.40724561696463757
deepest_total_bottleneck,44.2,2.1550727681601964,1.4806199063073484,4.2731360778008494e-06,0.0,0.0,0.40724561696463757
deepest_total_bottleneck,44.300000000000004,2.1550727681601964,1.4806199063073484,4.079325491518216e-06,0.0,0.0,0.40724561696463757
deepest_total_bottleneck,44.400000000000006,2.1550727681601964,1.4806199063073484,3.894306508598238e-06,0.0,0.0,0.40724561696463757
deepest_total_bottleneck,44.5,2.1550727681601964,1.4806199063073484,3.7176768103521264e-06,0.0,0.0,0.40724561696463757
deepest_total_bottleneck,44.6,2.1550727681601964,1.4806199063073484,3.5490527311433436e-06,0.0,0.0,0.40724561696463757
deepest_total_bottleneck,44.7,2.1550727681601964,1.4806199063073484,3.3880797060953527e-06,0.0,0.0,0.40724561696463757
deepest_total_bottleneck,44.800000000000004,2.1550727681601964,1.4806199063073484,3.2344124139742953e-06,0.0,0.0,0.40724561696463757
deepest_total_bottleneck,44.900000000000006,2.1550727681601964,1.4806199063073484,3.087718726982097e-06,0.0,0.0,0.40724561696463757
deepest_total_bottleneck,45.0,2.1550727681601964,1.4806199063073484,2.9476801487133014e-06,0.0,0.0,0.40724561696463757
deepest_total_bottleneck,45.1,2.1550727681601964,1.4806199063073484,2.8139907385105937e-06,0.0,0.0,0.40724561696463757
deepest_total_bottleneck,45.2,2.1550727681601964,1.4806199063073484,2.686356035820433e-06,0.0,0.0,0.40724561696463757
deepest_total_bottleneck,45.300000000000004,2.1550727681601964,1.4806199063073484,2.564501806585015e-06,0.0,0.0,0.40724561696463757
deepest_total_bottleneck,45.400000000000006,2.1550727681601964,1.4806199063073484,2.448176654171275e-06,0.0,0.0,0.40724561696463757
deepest_total_bottleneck,45.5,2.1550727681601964,1.4806199063073484,2.337130374256051e-06,0.0,0.0,0.40724561696463757
deepest_total_bottleneck,45.6,2.1550727681601964,1.4806199063073484,2.2311232490007776e-06,0.0,0.0,0.40724561696463757
deepest_total_bottleneck,45.7,2.1550727681601964,1.4806199063073484,2.1299254010641105e-06,0.0,0.0,0.40724561696463757
deepest_total_bottleneck,45.800000000000004,2.1550727681601964,1.4806199063073484,2.0333160084597688e-06,0.0,0.0,0.40724561696463757
deepest_total_bottleneck,45.900000000000006,2.1550727681601964,1.4806199063073484,1.9410828937456935e-06,0.0,0.0,0.40724561696463757
deepest_total_bottleneck,46.0,2.1550727681601964,1.4806199063073484,1.8530327830317645e-06,0.0,0.0,0.40724561696463757
deepest_total_bottleneck,46.1,2.1550727681601964,1.4806199063073484,1.7689798750004359e-06,0.0,0.0,0.40724561696463757
deepest_total_bottleneck,46.2,2.1550727681601964,1.4806199063073484,1.6887428307794367e-06,0.0,0.0,0.40724561696463757
deepest_total_bottleneck,46.300000000000004,2.1550727681601964,1.4806199063073484,1.6121477225526976e-06,0.0,0.0,0.40724561696463757
deepest_total_bottleneck,46.400000000000006,2.1550727681601964,1.4806199063073484,1.5390274352197264e-06,0.0,0.0,0.40724561696463757
deepest_total_bottleneck,46.5,2.1550727681601964,1.4806199063073484,1.4692210680549835e-06,0.0,0.0,0.40724561696463757
deepest_total_bottleneck,46.6,2.1550727681601964,1.4806199063073484,1.4025755931138783e-06,0.0,0.0,0.40724561696463757
deepest_total_bottleneck,46.7,2.1550727681601964,1.4806199063073484,1.3389542311613974e-06,0.0,0.0,0.40724561696463757
deepest_total_bottleneck,46.800000000000004,2.1550727681601964,1.4806199063073484,1.2782209693153284e-06,0.0,0.0,0.40724561696463757
deepest_total_bottleneck,46.900000000000006,2.1550727681601964,1.4806199063073484,1.2202445132132363e-06,0.0,0.0,0.40724561696463757
deepest_total_bottleneck,47.0,2.1550727681601964,1.4806199063073484,1.164898910890413e-06,0.0,0.0,0.40724561696463757
deepest_total_bottleneck,47.1,2.1550727681601964,1.4806199063073484,1.1120631232533595e-06,0.0,0.0,0.40724561696463757
deepest_total_bottleneck,47.2,2.1550727681601964,1.4806199063073484,1.0616205945533093e-06,0.0,0.0,0.40724561696463757
deepest_total_bottleneck,47.300000000000004,2.1550727681601964,1.4806199063073484,1.0134637436956838e-06,0.0,0.0,0.40724561696463757
deepest_total_bottleneck,47.400000000000006,2.1550727681601964,1.4806199063073484,9.674939781360109e-07,0.0,0.0,0.40724561696463757
deepest_total_bottleneck,47.5,2.1550727681601964,1.4806199063073484,9.236122166062461e-07,0.0,0.0,0.40724561696463757
deepest_total_bottleneck,47.6,2.1550727681601964,1.4806199063073484,8.817233611903611e-07,0.0,0.0,0.40724561696463757
deepest_total_bottleneck,47.7,2.1550727681601964,1.4806199063073484,8.417359984633025e-07,0.0,0.0,0.40724561696463757
deepest_total_bottleneck,47.800000000000004,2.1550727681601964,1.4806199063073484,8.03562064780057e-07,0.0,0.0,0.40724561696463757
deepest_total_bottleneck,47.900000000000006,2.1550727681601964,1.4806199063073484,7.671165115647314e-07,0.0,0.0,0.40724561696463757
deepest_total_bottleneck,48.0,2.1550727681601964,1.4806199063073484,7.323178216648751e-07,0.0,0.0,0.40724561696463757
deepest_total_bottleneck,48.1,2.1550727681601964,1.4806199063073484,6.990967518204863e-07,0.0,0.0,0.40724561696463757
deepest_total_bottleneck,48.2,2.1550727681601964,1.4806199063073484,6.673839210055953e-07,0.0,0.0,0.40724561696463757
deepest_total_bottleneck,48.300000000000004,2.1550727681601964,1.4806199063073484,6.371109704084861e-07,0.0,0.0,0.40724561696463757
deepest_total_bottleneck,48.400000000000006,2.1550727681601964,1.4806199063073484,6.082123342049191e-07,0.0,0.0,0.40724561696463757
deepest_total_bottleneck,48.5,2.1550727681601964,1.4806199063073484,5.806250109073757e-07,0.0,0.0,0.40724561696463757
deepest_total_bottleneck,48.6,2.1550727681601964,1.4806199063073484,5.542883347142911e-07,0.0,0.0,0.40724561696463757
deepest_total_bottleneck,48.7,2.1550727681601964,1.4806199063073484,5.291437468593105e-07,0.0,0.0,0.40724561696463757
deepest_total_bottleneck,48.800000000000004,2.1550727681601964,1.4806199063073484,5.051372700789283e-07,0.0,0.0,0.40724561696463757
deepest_total_bottleneck,48.900000000000006,2.1550727681601964,1.4806199063073484,4.822209394286023e-07,0.0,0.0,0.40724561696463757
deepest_total_bottleneck,49.0,2.1550727681601964,1.4806199063073484,4.6034555306600677e-07,0.0,0.0,0.40724561696463757
deepest_total_bottleneck,49.1,2.1550727681601964,1.4806199063073484,4.394638442957478e-07,0.0,0.0,0.40724561696463757
deepest_total_bottleneck,49.2,2.1550727681601964,1.4806199063073484,4.1953040544689547e-07,0.0,0.0,0.40724561696463757
deepest_total_bottleneck,49.300000000000004,2.1550727681601964,1.4806199063073484,4.0050152251058355e-07,0.0,0.0,0.40724561696463757
deepest_total_bottleneck,49.400000000000006,2.1550727681601964,1.4806199063073484,3.8233500977761677e-07,0.0,0.0,0.40724561696463757
deepest_total_bottleneck,49.5,2.1550727681601964,1.4806199063073484,3.6499028078126825e-07,0.0,0.0,0.40724561696463757
deepest_total_bottleneck,49.6,2.1550727681601964,1.4806199063073484,3.4843230244448476e-07,0.0,0.0,0.40724561696463757
deepest_total_bottleneck,49.7,2.1550727681601964,1.4806199063073484,3.3262658080523046e-07,0.0,0.0,0.40724561696463757
deepest_total_bottleneck,49.800000000000004,2.1550727681601964,1.4806199063073484,3.1753895701171325e-07,0.0,0.0,0.40724561696463757
deepest_total_bottleneck,49.900000000000006,2.1550727681601964,1.4806199063073484,3.031366281708352e-07,0.0,0.0,0.40724561696463757
deepest_total_bottleneck,50.0,2.1550727681601964,1.4806199063073484,2.893880300890457e-07,0.0,0.0,0.40724561696463757
deepest_total_bottleneck,50.1,2.1550727681601964,1.4806199063073484,2.7626272001318897e-07,0.0,0.0,0.40724561696463757
deepest_total_bottleneck,50.2,2.1550727681601964,1.4806199063073484,2.637312593713627e-07,0.0,0.0,0.40724561696463757
deepest_total_bottleneck,50.300000000000004,2.1550727681601964,1.4806199063073484,2.5176640616243495e-07,0.0,0.0,0.40724561696463757
deepest_total_bottleneck,50.400000000000006,2.1550727681601964,1.4806199063073484,2.4034467717391976e-07,0.0,0.0,0.40724561696463757
deepest_total_bottleneck,50.5,2.1550727681601964,1.4806199063073484,2.2944161074275637e-07,0.0,0.0,0.40724561696463757
deepest_total_bottleneck,50.6,2.1550727681601964,1.4806199063073484,2.1903365964141338e-07,0.0,0.0,0.40724561696463757
deepest_total_bottleneck,50.7,2.1550727681601964,1.4806199063073484,2.0909822832536655e-07,0.0,0.0,0.40724561696463757
deepest_total_bottleneck,50.800000000000004,2.1550727681601964,1.4806199063073484,1.9961359362442166e-07,0.0,0.0,0.40724561696463757
deepest_total_bottleneck,50.900000000000006,2.1550727681601964,1.4806199063073484,1.9055882543404182e-07,0.0,0.0,0.40724561696463757
deepest_total_bottleneck,51.0,2.1550727681601964,1.4806199063073484,1.819137626687621e-07,0.0,0.0,0.40724561696463757
deepest_total_bottleneck,51.1,2.1550727681601964,1.4806199063073484,1.736607073283965e-07,0.0,0.0,0.40724561696463757
deepest_total_bottleneck,51.2,2.1550727681601964,1.4806199063073484,1.657825466407302e-07,0.0,0.0,0.40724561696463757
deepest_total_bottleneck,51.300000000000004,2.1550727681601964,1.4806199063073484,1.582622928612415e-07,0.0,0.0,0.40724561696463757
deepest_total_bottleneck,51.400000000000006,2.1550727681601964,1.4806199063073484,1.5108364394137064e-07,0.0,0.0,0.40724561696463757
deepest_total_bottleneck,51.5,2.1550727681601964,1.4806199063073484,1.4423092559938458e-07,0.0,0.0,0.40724561696463757
deepest_total_bottleneck,51.6,2.1550727681601964,1.4806199063073484,1.3768903339123938e-07,0.0,0.0,0.40724561696463757
deepest_total_bottleneck,51.7,2.1550727681601964,1.4806199063073484,1.3144337478144727e-07,0.0,0.0,0.40724561696463757
deepest_total_bottleneck,51.800000000000004,2.1550727681601964,1.4806199063073484,1.2548045584742374e-07,0.0,0.0,0.40724561696463757
deepest_total_bottleneck,51.900000000000006,2.1550727681601964,1.4806199063073484,1.197889738815162e-07,0.0,0.0,0.40724561696463757
deepest_total_bottleneck,52.0,2.1550727681601964,1.4806199063073484,1.1435661976220645e-07,0.0,0.0,0.40724561696463757
deepest_total_bottleneck,52.1,2.1550727681601964,1.4806199063073484,1.0917141199935969e-07,0.0,0.0,0.40724561696463757
deepest_total_bottleneck,52.2,2.1550727681601964,1.4806199063073484,1.0422183048441962e-07,0.0,0.0,0.40724561696463757
deepest_total_bottleneck,52.300000000000004,2.1550727681601964,1.4806199063073484,9.949681649040687e-08,0.0,0.0,0.40724561696463757
deepest_total_bottleneck,52.400000000000006,2.1550727681601964,1.4806199063073484,9.498577267191927e-08,0.0,0.0,0.40724561696463757
deepest_total_bottleneck,52.5,2.1550727681601964,1.4806199063073484,9.067856306513235e-08,0.0,0.0,0.40724561696463757
deepest_total_bottleneck,52.6,2.1550727681601964,1.4806199063073484,8.656551308779793e-08,0.0,0.0,0.40724561696463757
deepest_total_bottleneck,52.7,2.1550727681601964,1.4806199063073484,8.263740953924612e-08,0.0,0.0,0.40724561696463757
deepest_total_bottleneck,52.800000000000004,2.1550727681601964,1.4806199063073484,7.888581280374307e-08,0.0,0.0,0.40724561696463757
deepest_total_bottleneck,52.900000000000006,2.1550727681601964,1.4806199063073484,7.53028959160941e-08,0.0,0.0,0.40724561696463757
deepest_total_bottleneck,53.0,2.1550727681601964,1.4806199063073484,7.188103929571172e-08,0.0,0.0,0.40724561696463757
deepest_total_bottleneck,53.1,2.1550727681601964,1.4806199063073484,6.861310338090347e-08,0.0,0.0,0.40724561696463757
deepest_total_bottleneck,53.2,2.1550727681601964,1.4806199063073484,6.54924287262638e-08,0.0,0.0,0.40724561696463757
deepest_total_bottleneck,53.300000000000004,2.1550727681601964,1.4806199063073484,6.251283600267321e-08,0.0,0.0,0.40724561696463757
deepest_total_bottleneck,53.400000000000006,2.1550727681601964,1.4806199063073484,5.96686259972983e-08,0.0,0.0,0.40724561696463757
deepest_total_bottleneck,53.5,2.1550727681601964,1.4806199063073484,5.695457961359218e-08,0.0,0.0,0.40724561696463757
deepest_total_bottleneck,53.6,2.1550727681601964,1.4806199063073484,5.4365957871293554e-08,0.0,0.0,0.40724561696463757
deepest_total_bottleneck,53.7,2.1550727681601964,1.4806199063073484,5.189827211686205e-08,0.0,0.0,0.40724561696463757
deepest_total_bottleneck,53.800000000000004,2.1550727681601964,1.4806199063073484,4.9543346751662166e-08,0.0,0.0,0.40724561696463757
deepest_total_bottleneck,53.900000000000006,2.1550727681601964,1.4806199063073484,4.729480744692319e-08,0.0,0.0,0.40724561696463757
deepest_total_bottleneck,54.0,2.1550727681601964,1.4806199063073484,4.514785813214773e-08,0.0,0.0,0.40724561696463757
deepest_total_bottleneck,54.1,2.1550727681601964,1.4806199063073484,4.309801061868117e-08,0.0,0.0,0.40724561696463757
deepest_total_bottleneck,54.2,2.1550727681601964,1.4806199063073484,4.1141084599712586e-08,0.0,0.0,0.40724561696463757
deepest_total_bottleneck,54.300000000000004,2.1550727681601964,1.4806199063073484,3.927320765027419e-08,0.0,0.0,0.40724561696463757
deepest_total_bottleneck,54.400000000000006,2.1550727681601964,1.4806199063073484,3.74908152272414e-08,0.0,0.0,0.40724561696463757
deepest_total_bottleneck,54.5,2.1550727681601964,1.4806199063073484,3.579065066933303e-08,0.0,0.0,0.40724561696463757
deepest_total_bottleneck,54.6,2.1550727681601964,1.4806199063073484,3.416976519711079e-08,0.0,0.0,0.40724561696463757
deepest_total_bottleneck,54.7,2.1550727681601964,1.4806199063073484,3.262482401295126e-08,0.0,0.0,0.40724561696463757
deepest_total_bottleneck,54.800000000000004,2.1550727681601964,1.4806199063073484,3.115005944806452e-08,0.0,0.0,0.40724561696463757
deepest_total_bottleneck,54.900000000000006,2.1550727681601964,1.4806199063073484,2.9741874667103435e-08,0.0,0.0,0.40724561696463757
deepest_total_bottleneck,55.0,2.1550727681601964,1.4806199063073484,2.839715622529135e-08,0.0,0.0,0.40724561696463757
deepest_total_bottleneck,55.1,2.1550727681601964,1.4806199063073484,2.7112980113719434e-08,0.0,0.0,0.40724561696463757
deepest_total_bottleneck,55.2,2.1550727681601964,1.4806199063073484,2.5886611759347273e-08,0.0,0.0,0.40724561696463757
deepest_total_bottleneck,55.300000000000004,2.1550727681601964,1.4806199063073484,2.471550602500248e-08,0.0,0.0,0.40724561696463757
deepest_total_bottleneck,55.400000000000006,2.1550727681601964,1.4806199063073484,2.3597307209380805e-08,0.0,0.0,0.40724561696463757
deepest_total_bottleneck,55.5,2.1550727681601964,1.4806199063073484,2.252984904704618e-08,0.0,0.0,0.40724561696463757
deepest_total_bottleneck,55.6,2.1550727681601964,1.4806199063073484,2.1511154708430464e-08,0.0,0.0,0.40724561696463757
deepest_total_bottleneck,55.7,2.1550727681601964,1.4806199063073484,2.0538736678757056e-08,0.0,0.0,0.40724561696463757
deepest_total_bottleneck,55.800000000000004,2.1550727681601964,1.4806199063073484,1.9609658839570923e-08,0.0,0.0,0.40724561696463757
deepest_total_bottleneck,55.900000000000006,2.1550727681601964,1.4806199063073484,1.8721944664672272e-08,0.0,0.0,0.40724561696463757
deepest_total_bottleneck,56.0,2.1550727681601964,1.4806199063073484,1.787376452236978e-08,0.0,0.0,0.40724561696463757
deepest_total_bottleneck,56.1,2.1550727681601964,1.4806199063073484,1.7063427731060104e-08,0.0,0.0,0.40724561696463757
deepest_total_bottleneck,56.2,2.1550727681601964,1.4806199063073484,1.6289382559228268e-08,0.0,0.0,0.40724561696463757
deepest_total_bottleneck,56.300000000000004,2.1550727681601964,1.4806199063073484,1.5550216225447387e-08,0.0,0.0,0.40724561696463757
deepest_total_bottleneck,56.400000000000006,2.1550727681601964,1.4806199063073484,1.4844654898378753e-08,0.0,0.0,0.40724561696463757
deepest_total_bottleneck,56.5,2.1550727681601964,1.4806199063073484,1.4171563696771876e-08,0.0,0.0,0.40724561696463757
deepest_total_bottleneck,56.6,2.1550727681601964,1.4806199063073484,1.3529911549957824e-08,0.0,0.0,0.40724561696463757
deepest_total_bottleneck,56.7,2.1550727681601964,1.4806199063073484,1.2917654122544597e-08,0.0,0.0,0.40724561696463757
deepest_total_bottleneck,56.800000000000004,2.1550727681601964,1.4806199063073484,1.2333195801238005e-08,0.0,0.0,0.40724561696463757
deepest_total_bottleneck,56.900000000000006,2.1550727681601964,1.4806199063073484,1.1775441791115114e-08,0.0,0.0,0.40724561696463757
deepest_total_bottleneck,57.0,2.1550727681601964,1.4806199063073484,1.1243297297253025e-08,0.0,0.0,0.40724561696463757
deepest_total_bottleneck,57.1,2.1550727681601964,1.4806199063073484,1.073566752472873e-08,0.0,0.0,0.40724561696463757
deepest_total_bottleneck,57.2,2.1550727681601964,1.4806199063073484,1.0251457678619339e-08,0.0,0.0,0.40724561696463757
deepest_total_bottleneck,57.300000000000004,2.1550727681601964,1.4806199063073484,9.789572964001912e-09,0.0,0.0,0.40724561696463757
deepest_total_bottleneck,57.400000000000006,2.1550727681601964,1.4806199063073484,9.34891858595352e-09,0.0,0.0,0.40724561696463757
deepest_total_bottleneck,57.5,2.1550727681601964,1.4806199063073484,8.928399749551261e-09,0.0,0.0,0.40724561696463757
deepest_total_bottleneck,57.6,2.1550727681601964,1.4806199063073484,8.526921659872136e-09,0.0,0.0,0.40724561696463757
deepest_total_bottleneck,57.7,2.1550727681601964,1.4806199063073484,8.143389521993247e-09,0.0,0.0,0.40724561696463757
deepest_total_bottleneck,57.800000000000004,2.1550727681601964,1.4806199063073484,7.776802892254081e-09,0.0,0.0,0.40724561696463757
deepest_total_bottleneck,57.900000000000006,2.1550727681601964,1.4806199063073484,7.427224525893325e-09,0.0,0.0,0.40724561696463757
deepest_total_bottleneck,58.0,2.1550727681601964,1.4806199063073484,7.094095257213895e-09,0.0,0.0,0.40724561696463757
deepest_total_bottleneck,58.1,2.1550727681601964,1.4806199063073484,6.776565802485147e-09,0.0,0.0,0.40724561696463757
deepest_total_bottleneck,58.2,2.1550727681601964,1.4806199063073484,6.473786877976511e-09,0.0,0.0,0.40724561696463757
deepest_total_bottleneck,58.300000000000004,2.1550727681601964,1.4806199063073484,6.184909199957389e-09,0.0,0.0,0.40724561696463757
deepest_total_bottleneck,58.400000000000006,2.1550727681601964,1.4806199063073484,5.909083484697186e-09,0.0,0.0,0.40724561696463757
deepest_total_bottleneck,58.5,2.1550727681601964,1.4806199063073484,5.645460448465325e-09,0.0,0.0,0.40724561696463757
deepest_total_bottleneck,58.6,2.1550727681601964,1.4806199063073484,5.393190807531173e-09,0.0,0.0,0.40724561696463757
deepest_total_bottleneck,58.7,2.1550727681601964,1.4806199063073484,5.151425278164153e-09,0.0,0.0,0.40724561696463757
deepest_total_bottleneck,58.800000000000004,2.1550727681601964,1.4806199063073484,4.919314576633668e-09,0.0,0.0,0.40724561696463757
deepest_total_bottleneck,58.900000000000006,2.1550727681601964,1.4806199063073484,4.696009419209125e-09,0.0,0.0,0.40724561696463757
deepest_total_bottleneck,59.0,2.1550727681601964,1.4806199063073484,4.4809808194041635e-09,0.0,0.0,0.40724561696463757
deepest_total_bottleneck,59.1,2.1550727681601964,1.4806199063073484,4.27541297501339e-09,0.0,0.0,0.40724561696463757
deepest_total_bottleneck,59.2,2.1550727681601964,1.4806199063073484,4.079195460318908e-09,0.0,0.0,0.40724561696463757
deepest_total_bottleneck,59.300000000000004,2.1550727681601964,1.4806199063073484,3.891936326651385e-09,0.0,0.0,0.40724561696463757
deepest_total_bottleneck,59.400000000000006,2.1550727681601964,1.4806199063073484,3.713243625341487e-09,0.0,0.0,0.40724561696463757
deepest_total_bottleneck,59.5,2.1550727681601964,1.4806199063073484,3.542725407719892e-09,0.0,0.0,0.40724561696463757
deepest_total_bottleneck,59.6,2.1550727681601964,1.4806199063073484,3.3799897251172437e-09,0.0,0.0,0.40724561696463757
deepest_total_bottleneck,59.7,2.1550727681601964,1.4806199063073484,3.22464462886422e-09,0.0,0.0,0.40724561696463757
deepest_total_bottleneck,59.800000000000004,2.1550727681601964,1.4806199063073484,3.0762981702914882e-09,0.0,0.0,0.40724561696463757
deepest_total_bottleneck,59.900000000000006,2.1550727681601964,1.4806199063073484,2.934558400729715e-09,0.0,0.0,0.40724561696463757
deepest_total_bottleneck,60.0,2.1550727681601964,1.4806199063073484,2.7990333715095756e-09,0.0,0.0,0.40724561696463757
most_resistant_enriched,0.0,0.20000000000000007,0.2,2.15,0.0,4.0,0.49999999999999994
most_resistant_enriched,0.1,0.1960366135479267,0.1970858387286759,2.1056531719866998,0.017172577403437847,3.9993164435827566,0.5013344762868072
most_resistant_enriched,0.2,0.19226876351402178,0.19432131974545216,2.0615981806728,0.03244304951008267,3.9984619852413354,0.5026546933306263
most_resistant_enriched,0.30000000000000004,0.18869573397500458,0.19170829627391445,2.0179547248539293,0.0459924665316486,3.997430348537011,0.5039596876733122
most_resistant_enriched,0.4,0.18531693270986818,0.1892487298386507,1.974820981896549,0.05798554529165632,3.9962150530700287,0.5052484751298756
most_resistant_enriched,0.5,0.1821319180600983,0.18694471525334952,1.9322761982903964,0.06857213046089698,3.994809369046593,0.5065200513373652
most_resistant_enriched,0.6000000000000001,0.17914042630871704,0.18479850663656586,1.8903830135633457,0.0778885111621303,3.993206270364014,0.5077733924783193
most_resistant_enriched,0.7000000000000001,0.17634239983700792,0.18281254468631447,1.8491895967206609,0.08605864249248206,3.9913983846290164,0.509007456180081
most_resistant_enriched,0.8,0.1737380163704194,0.1809894854987517,1.80873152308503,0.09319523540160882,3.989377939969762,0.5102211825839863
most_resistant_enriched,0.9,0.17132772044253236,0.17933223199901585,1.7690335497410306,0.09940079772728519,3.9871367097133694,0.5114134954686873
most_resistant_enriched,1.0,0.16911225589823378,0.17784396688203466,1.730111034551423,0.1047685024703615,3.9846659494828494,0.5125833036136821
most_resistant_enriched,1.1,0.16709270129203704,0.1765281888228508,1.6919712372351554,0.10938299859783031,3.9819563308493864,0.5137295021959507
most_resistant_enriched,1.2000000000000002,0.165270509577477,0.17538875332768072,1.6546146180386951,0.11332123058084913,3.978997868395005,0.5148509740552993
most_resistant_enriched,1.3,0.16364754914771332,0.1744299154413542,1.6180357837098966,0.11665307708817378,3.975779839976136,0.5159465912742023
most_resistant_enriched,1.4000000000000001,0.16222614958691933,0.1736563775308911,1.5822244214254668,0.11944198984541475,3.9722907000646206,0.5170152166622866
most_resistant_enriched,1.5,0.16100915118252263,0.17307334126067161,1.547166071732926,0.12174554898305194,3.9685179832356274,0.5180557053288274
most_resistant_enriched,1.6,0.15999995949494242,0.17268656502892052,1.5128428065007726,0.12361597437509482,3.96444819955297,0.5190669062297233
most_resistant_enriched,1.7000000000000002,0.15920260547304485,0.17250242735975752,1.4792338325594243,0.12510059741155496,3.9600667180804643,0.5200476636925441
most_resistant_enriched,1.8,0.15862181086513694,0.17252799601138757,1.4463159971176296,0.12624227826330167,3.955357639479525,0.5209968190490835
most_resistant_enriched,1.9000000000000001,0.1582630605823092,0.17277110441756918,1.414064224451948,0.1270797871902347,3.950303655657171,0.5219132122439165
most_resistant_enriched,2.0,0.15813268237646375,0.17324043581407933,1.382451894220474,0.12764815092582296,3.944885894586169,0.5227956834883156
most_resistant_enriched,2.1,0.15823793494990654,0.17394561613572404,1.3514511207229245,0.1279789482615591,3.9390837544545345,0.5236430749422755
most_resistant_enriched,2.2,0.15858710488291894,0.17489731602343497,1.321033107842074,0.12810062484294366,3.932874703637178,0.52445423251885
most_resistant_enriched,2.3000000000000003,0.15918961477529409,0.1761073642932998,1.2911682841626018,0.12803870865744324,3.926234087380552,0.5252280076680093
most_resistant_enriched,2.4000000000000004,0.1600561408005316,0.17758887097257417,1.261826569693561,0.12781606547019797,3.9191348823517114,0.5259632595784124
most_resistant_enriched,2.5,0.16119874601291623,0.17935636617979295,1.2329774698521616,0.12745307565141833,3.9115474597766777,0.5266588571376399
most_resistant_enriched,2.6,0.16263102418548403,0.1814259494643465,1.20459026204439,0.12696783500480227,3.9034392871542893,0.5273136816258683
most_resistant_enriched,2.7,0.16436826337501623,0.18381545872762017,1.1766340621537146,0.12637629692818028,3.8947746360953066,0.5279266291301111
most_resistant_enriched,2.8000000000000003,0.16642762250809204,0.18654465174320398,1.1490779458903313,0.12569242373419293,3.885514224510494,0.5284966139023001
most_resistant_enriched,2.9000000000000004,0.16882833127310315,0.18963541045922,1.1218910036651968,0.12492830050792855,3.8756148532683143,0.5290225715515381
most_resistant_enriched,3.0,0.17159190677972627,0.19311196114105084,1.0950424139562278,0.12409424318239082,3.86502898123961,0.5295034632947727
most_resistant_enriched,3.1,0.17474239580240808,0.19700111896654832,1.068501494168155,0.12319888617521241,3.8537042740075482,0.5299382804000956
most_resistant_enriched,3.2,0.1783066400866576,0.2013325540801141,1.0422377463644483,0.12224925567332795,3.841583103958939,0.5303260495060231
most_resistant_enriched,3.3000000000000003,0.18231456666066834,0.20613908056937413,1.016220913847833,0.12125083444688776,3.828601995091838,0.5306658388698264
most_resistant_enriched,3.4000000000000004,0.18679950839319495,0.2114569731508095,0.9904210169638638,0.12020760702308653,3.814691036920587,0.530956765175572
most_resistant_enriched,3.5,0.191798547229988,0.21732630309611328,0.9648084232875281,0.11912210537573521,3.7997732200783876,0.5311980020839334
most_resistant_enriched,3.6,0.19735290290549506,0.22379131611536343,0.9393538608661074,0.11799542116430538,3.783763774642057,0.531388787992076
most_resistant_enriched,3.7,0.20350831724519539,0.23090079986453466,0.9140285690931554,0.11682726405934762,3.766569368554829,0.5315284389075333
most_resistant_enriched,3.8000000000000003,0.21031550319690862,0.2387085114904217,0.8888043229966197,0.11561595304544041,3.748087336563773,0.5316163583291686
most_resistant_enriched,3.9000000000000004,0.21783059649295197,0.24727360008520816,0.8636535657671032,0.11435845187442763,3.7282048490283954,0.5316520510983052
most_resistant_enriched,4.0,0.22611562171402957,0.25666103515809524,0.8385495766200242,0.1130504109602351,3.7067980299396535,0.5316351391572733
most_resistant_enriched,4.1000000000000005,0.23523899871786857,0.26694206704978896,0.8134665640341782,0.11168615745514864,3.6837310291965655,0.5315653760098039
most_resistant_enriched,4.2,0.2452760144413259,0.27819464052441295,0.788379981354596,0.11025882685938553,3.6588552428038716,0.5314426661464352
most_resistant_enriched,4.3,0.25630930950187064,0.2905038124650863,0.7632666832549686,0.10876036016411221,3.6320082738772252,0.531267083386929
most_resistant_enriched,4.4,0.26842932905854927,0.30396212028920544,0.7381052757162387,0.10718165720880858,3.6030132364407006,0.5310388906675197
most_resistant_enriched,4.5,0.28173471480470125,0.31866987757170984,0.7128765084951134,0.10551275139021499,3.5716780726697057,0.5307585611735735
most_resistant_enriched,4.6000000000000005,0.29633261944175515,0.33473537841169865,0.6875636328388939,0.10374294559413627,3.537794804348954,0.5304267995688012
most_resistant_enriched,4.7,0.3123389273025267,0.3522749941607686,0.6621529683573877,0.10186115604224236,3.501139429869521,0.5300445608860507
most_resistant_enriched,4.800000000000001,0.3298782994842851,0.3714130816536374,0.6366344413384707,0.09985620393653989,3.4614716937337042,0.5296130704629206
most_resistant_enriched,4.9,0.34908402690185425,0.39228168913755834,0.6110021930637894,0.09771719240508449,3.4185352061949734,0.5291338413020219
most_resistant_enriched,5.0,0.3700976779596288,0.4150200497382739,0.5852553673660711,0.09543406793844578,3.3720584412356267,0.528608685165195
most_resistant_enriched,5.1000000000000005,0.39306842856531476,0.4397737549059698,0.5593988216464125,0.09299811658224433,3.321755742891783,0.5280397218510159
most_resistant_enriched,5.2,0.4181520546324151,0.4666935938703096,0.5334439671931506,0.09040259798089592,3.267329109193487,0.5274293823561392
most_resistant_enriched,5.300000000000001,0.44550962292644747,0.49593410277876315,0.5074096198967261,0.08764341691013612,3.2084710444521165,0.5267804003975618
most_resistant_enriched,5.4,0.47530562743703286,0.5276515780372603,0.4813228047689028,0.08471974113266524,3.144867364107552,0.5260958046437652
most_resistant_enriched,5.5,0.507705839733953,0.5620018318745544,0.455219568478803,0.08163465991341752,3.0762018145860903,0.5253788925618141
most_resistant_enriched,5.6000000000000005,0.5428745703973511,0.5991373945605143,0.42914560290992304,0.0783956460858607,3.002161061499322,0.5246332025799919
most_resistant_enriched,5.7,0.5809713729279214,0.639204205618084,0.4031568599375329,0.07501502266310224,2.9224402942413965,0.5238624808240935
most_resistant_enriched,5.800000000000001,0.622147424060371,0.682338027300661,0.377319653239772,0.07150994782937163,2.8367515839140225,0.523070630330714
most_resistant_enriched,5.9,0.6665409970597607,0.7286600125735618,0.35171074331102203,0.06790241196759463,2.7448315661262126,0.5222616723629403
most_resistant_enriched,6.0,0.7142723515651845,0.7782717480539705,0.32641690288367836,0.06421879493871856,2.6464516517828907,0.5214397003428966
most_resistant_enriched,6.1000000000000005,0.7654377646506552,0.8312495020362844,0.3015340317483407,0.06048910618876241,2.541430125503129,0.5206088376724473
most_resistant_enriched,6.2,0.820102400770258,0.8876373833585689,0.2771658262503964,0.05674597926389126,2.429646196283652,0.5197732064381116
most_resistant_enriched,6.300000000000001,0.8782917849307625,0.9474391819708299,0.2534219095286117,0.05302340548266146,2.311057108977868,0.5189369075437812
most_resistant_enriched,6.4,0.9399813183743999,1.0106083461020112,0.23041538686380308,0.049355311775584484,2.1857193680976277,0.5181040197776731
most_resistant_enriched,6.5,1.0050836627511104,1.0770359444766815,0.20826007697506496,0.04577415065091094,2.0538136973892853,0.517278613936442
most_resistant_enriched,6.6000000000000005,1.0734330422023581,1.146535691305026,0.1870671760088906,0.0423095274725332,1.9156766233257043,0.5164647924989401
most_resistant_enriched,6.7,1.1447664499928603,1.2188260571414684,0.16694176282736461,0.03898704980676414,1.771837536568388,0.515666746049724
most_resistant_enriched,6.800000000000001,1.2187012356143385,1.2935089781459803,0.1479791050434092,0.035827468297368825,1.6230630376562651,0.5148888301866403
most_resistant_enriched,6.9,1.2947096801503835,1.37004579678493,0.13026105428745008,0.03284617680815411,1.47040679386045,0.514135652836933
most_resistant_enriched,7.0,1.3720920057476007,1.4477318734279785,0.11385268554633313,0.030053083777982548,1.3152621350829012,0.5134121617025409
most_resistant_enriched,7.1000000000000005,1.4499514028911697,1.5256733823868525,0.09879942592254583,0.027452863964666844,1.159410535724295,0.5127237109783329
most_resistant_enriched,7.2,1.5271777897811996,1.6027728173338218,0.08512483320446068,0.02504547090059335,1.0050521591119683,0.5120760735617966
most_resistant_enriched,7.300000000000001,1.602451319210789,1.6777338647864084,0.07282923085610389,0.022826884560131756,0.8547974202410338,0.511475349919708
most_resistant_enriched,7.4,1.6742813749408074,1.749100815160872,0.061889325282702363,0.0207899676239665,0.7115884303819873,0.5109277077558557
most_resistant_enriched,7.5,1.741098754910559,1.815349473117243,0.05225890243382046,0.01892533925057118,0.5785156751299315,0.5104388864178488
most_resistant_enriched,7.6000000000000005,1.8014118506826506,1.8750397220869253,0.043870656293205634,0.01722219186264693,0.45850874335258807,0.5100134423025745
most_resistant_enriched,7.7,1.854015025823151,1.9270178795181923,0.03663916546657804,0.015668997194552,0.35392558573428395,0.5096538241695692
most_resistant_enriched,7.800000000000001,1.8982007779611936,1.9706215156904612,0.03046495269123667,0.014254069502387426,0.2661353295428396,0.5093595327249978
most_resistant_enriched,7.9,1.933897069819867,2.0058103996847,0.025239426864187363,0.01296598168703709,0.1952497606727673,0.5091267347158996
most_resistant_enriched,8.0,1.9616602691398703,2.033156465960164,0.020850293002489136,0.011793843269622625,0.14014030564613614,0.5089486203700035
most_resistant_enriched,8.1,1.9825179989002355,2.0536880666197823,0.017186805845015293,0.010727461186414577,0.09875088815221462,0.5088164561675294
most_resistant_enriched,8.200000000000001,1.9977300121541346,2.068655407642997,0.014144196747661613,0.009757410048992964,0.06857149507224578,0.5087209386428992
most_resistant_enriched,8.3,2.0085619669287227,2.07930966294108,0.011626796511835985,0.008875040199625766,0.04708526967957456,0.5086533656653268
most_resistant_enriched,8.4,2.016134291389445,2.0867560551865623,0.009549730009702436,0.008072448639098014,0.0320665428949686,0.5086063430693503
most_resistant_enriched,8.5,2.0213563377285544,2.091890440689863,0.007839373054709425,0.00734243145777357,0.021710109169842853,0.5085740178940138
most_resistant_enriched,8.6,2.024922534728916,2.0953963918096146,0.006432932001990751,0.006678429769672386,0.014637960433540593,0.5085519905542729
most_resistant_enriched,8.700000000000001,2.0273412712246346,2.0977740914001686,0.005277501375282999,0.006074475204341349,0.009841524011427934,0.5085370727827012
most_resistant_enriched,8.8,2.0289739839762193,2.0993790229231415,0.004328892106373669,0.005525138109603887,0.006603879300519992,0.5085270129309751
most_resistant_enriched,8.9,2.030072536295874,2.1004588466102603,0.0035504172441873038,0.0050254794635746745,0.0044255031466897184,0.5085202488238769
most_resistant_enriched,9.0,2.0308100573051457,2.101183777623423,0.0029117437693908033,0.00457100674911757,0.002963051035201674,0.5085157097432472
most_resistant_enriched,9.1,2.031304460737454,2.101669733875033,0.0023878622808965245,0.004157633668066705,0.001982691202028911,0.5085126678542178
most_resistant_enriched,9.200000000000001,2.031635556300497,2.101995169164166,0.0019581914802324824,0.0037816434404434906,0.0013261604035316702,0.5085106311541363
most_resistant_enriched,9.3,2.0318571371801575,2.102212960506745,0.0016058154137134758,0.003439655400858099,0.0008867882120853389,0.5085092683075153
most_resistant_enriched,9.4,2.0320053601613903,2.1023586478749086,0.0013168423202758945,0.0031285946070158835,0.0005928778787105738,0.5085083567359777
most_resistant_enriched,9.5,2.032104481606303,2.1024560733778332,0.0010798702467450748,0.0028456641940031225,0.00039633093888800344,0.5085077471760237
most_resistant_enriched,9.600000000000001,2.032170753841754,2.10252121158013,0.0008855441661401689,0.002588320227398856,0.00026492050450119373,0.5085073396430388
most_resistant_enriched,9.700000000000001,2.0322150572082327,2.102564756779756,0.0007261902864285668,0.0023542488300610917,0.00017707193971076515,0.5085070672123253
most_resistant_enriched,9.8,2.0322446716421743,2.1025938643931874,0.0005955148337290038,0.002141345377208599,0.00011834989344402738,0.5085068851102547
most_resistant_enriched,9.9,2.0322644660457656,2.1026133200241395,0.0004883563596996466,0.0019476955731642625,7.909985943948088e-05,0.508506763393996
most_resistant_enriched,10.0,2.0322776961816884,2.1026263237267364,0.00040048224954196225,0.0017715582391087067,5.2866021120312406e-05,0.5085066820422359
most_resistant_enriched,10.100000000000001,2.0322865386806703,2.1026350148842896,0.0003284216774714053,0.0016113496573870014,3.53323647023744e-05,0.5085066276702358
most_resistant_enriched,10.200000000000001,2.0322924485406997,2.1026408235946343,0.00026932854942821055,0.0014656293318815927,2.3613794372572288e-05,0.5085065913309897
most_resistant_enriched,10.3,2.0322963983362285,2.102644705787318,0.00022086906300739493,0.0013330870358478695,1.5781806180134006e-05,0.5085065670440789
most_resistant_enriched,10.4,2.0322990381213124,2.10264730039087,0.00018112949529058676,0.001212531031185641,1.0547417554509905e-05,0.508506550812322
most_resistant_enriched,10.5,2.032300802368893,2.102649034442183,0.0001485405844340144,0.0011028773531481168,7.049118664948305e-06,0.5085065399641635
most_resistant_enriched,10.600000000000001,2.0323019814667553,2.1026501933589614,0.0001218155164917857,0.0010031400638747226,4.711104026087062e-06,0.5085065327140297
most_resistant_enriched,10.700000000000001,2.03230276949925,2.102650967903711,9.989908288695443e-05,0.0009124223879398096,3.1485267889486246e-06,0.508506527868513
most_resistant_enriched,10.8,2.0323032961110132,2.102651485502125,8.192601755578605e-05,0.0008299086510073074,2.104316611729653e-06,0.508506524630442
most_resistant_enriched,10.9,2.032303648090686,2.102651831457402,6.718671474376196e-05,0.0007548569380598921,1.406381659694859e-06,0.5085065224661626
most_resistant_enriched,11.0,2.032303883337355,2.1026520626776466,5.5099290309877085e-05,0.0006865924289187648,9.3991474558161e-07,0.5085065210196603
most_resistant_enriched,11.100000000000001,2.0323040405593464,2.1026522172086635,4.518659013483233e-05,0.0006245013319946476,6.281617373338304e-07,0.5085065200529219
most_resistant_enriched,11.200000000000001,2.0323041456348325,2.102652320485702,3.7057324229739724e-05,0.0005680253633938066,4.198092121882631e-07,0.5085065194068259
most_resistant_enriched,11.3,2.0323042158555884,2.102652389504576,3.039060742410233e-05,0.000516656726049895,2.805695818526743e-07,0.5085065189750474
most_resistant_enriched,11.4,2.0323042627844297,2.1026524356301945,2.4923276674750037e-05,0.0004699335303759873,1.8751512171113843e-07,0.5085065186864879
most_resistant_enriched,11.5,2.0323042941721536,2.1026524664806936,2.0439430380872337e-05,0.000427435631136979,1.2527689882415323e-07,0.5085065184934888
most_resistant_enriched,11.600000000000001,2.0323043151341422,2.1026524870839016,1.67622751153846e-05,0.00038878097182646894,8.371170261660773e-08,0.5085065183645961
most_resistant_enriched,11.700000000000001,2.0323043291289076,2.1026525008391355,1.3746691276784442e-05,0.00035362200448969767,5.596170319864577e-08,0.5085065182785441
most_resistant_enriched,11.8,2.0323043384877506,2.1026525100377946,1.1273631461093825e-05,0.0003216425989661244,3.740420072353436e-08,0.5085065182209977
most_resistant_enriched,11.9,2.032304344747076,2.102652516189987,9.245409886397685e-06,0.00029255515648718075,2.499268273845804e-08,0.50850651818251
most_resistant_enriched,12.0,2.0323043489204773,2.1026525202919566,7.582129979304657e-06,0.0002660982269707751,1.6717312484366265e-08,0.5085065181568481
most_resistant_enriched,12.100000000000001,2.0323043517102377,2.1026525230339685,6.218094734325824e-06,0.0002420339064284272,1.1185539977922835e-08,0.5085065181396943
most_resistant_enriched,12.200000000000001,2.032304353579101,2.102652524870845,5.0994517545479085e-06,0.00022014581781164977,7.479800302885582e-09,0.5085065181282029
most_resistant_enriched,12.3,2.0323043548286055,2.102652526098963,4.182055931122271e-06,0.00020023715511629435,5.0021774259114924e-09,0.50850651812052
most_resistant_enriched,12.4,2.0323043556631326,2.102652526919206,3.429702389513349e-06,0.00018212890834083667,3.347407110945553e-09,0.5085065181153884
most_resistant_enriched,12.5,2.032304356218857,2.102652527465419,2.8127093320240813e-06,0.00016565823401169309,2.245470170883111e-09,0.5085065181119713
most_resistant_enriched,12.600000000000001,2.032304356586686,2.1026525278269523,2.3068886181410906e-06,0.00015067725388164015,1.5161076509481815e-09,0.5085065181097097
most_resistant_enriched,12.700000000000001,2.0323043568360766,2.102652528072074,1.8921302940635747e-06,0.00013705116258291752,1.0215954936142925e-09,0.508506518108176
most_resistant_enriched,12.8,2.0323043570222383,2.10265252825505,1.551697070495074e-06,0.00012465713340494589,6.524576332946626e-10,0.5085065181070314
most_resistant_enriched,12.9,2.032304357152061,2.102652528382651,1.2724563829063952e-06,0.0001133839237405011,3.9503389642183213e-10,0.5085065181062333
most_resistant_enriched,13.0,2.032304357230982,2.102652528460221,1.0434968710964671e-06,0.00010313020752031248,2.38542712910241e-10,0.508506518105748
most_resistant_enriched,13.100000000000001,2.0323043572646338,2.102652528493296,8.558008646370174e-07,9.38037730818536e-05,1.7181575675643153e-10,0.508506518105541
most_resistant_enriched,13.200000000000001,2.032304357284326,2.1026525285126523,7.018854775103432e-07,8.53207705049312e-05,1.3276805505665887e-10,0.50850651810542
most_resistant_enriched,13.3,2.032304357310227,2.1026525285381097,5.75597329489258e-07,7.760490693752777e-05,8.140943812966037e-11,0.5085065181052607
most_resistant_enriched,13.4,2.0323043573279596,2.102652528555539,4.7203085315048207e-07,7.058681476639173e-05,4.624787392522491e-11,0.5085065181051517
most_resistant_enriched,13.5,2.0323043573363133,2.1026525285637496,3.871207469200506e-07,6.420341303548133e-05,2.96837943314539e-11,0.5085065181051003
most_resistant_enriched,13.600000000000001,2.032304357334681,2.102652528562145,3.1749150726987024e-07,5.8397267725664876e-05,3.2919525704728696e-11,0.5085065181051104
most_resistant_enriched,13.700000000000001,2.0323043573329542,2.102652528560448,2.6039246839391375e-07,5.311620203280718e-05,3.634410096545846e-11,0.5085065181051209
most_resistant_enriched,13.8,2.032304357340134,2.1026525285675044,2.1353878659153272e-07,4.8312714378686544e-05,2.2107700473424298e-11,0.5085065181050769
most_resistant_enriched,13.9,2.032304357346035,2.1026525285733055,1.7511450884441575e-07,4.394362584498673e-05,1.040516993474509e-11,0.5085065181050407
most_resistant_enriched,14.0,2.032304357346815,2.1026525285740716,1.4361270113636275e-07,3.996965160429833e-05,8.859088741662478e-12,0.5085065181050358
most_resistant_enriched,14.100000000000001,2.032304357346522,2.1026525285737834,1.1777982080571967e-07,3.6355053180145814e-05,9.440594415237626e-12,0.5085065181050376
most_resistant_enriched,14.200000000000001,2.032304357346661,2.1026525285739206,9.659623755011195e-08,3.306734153770658e-05,9.16477729719933e-12,0.5085065181050367
most_resistant_enriched,14.3,2.032304357349042,2.1026525285762605,7.921590620403982e-08,3.007694246254383e-05,4.443589698220147e-12,0.5085065181050221
most_resistant_enriched,14.4,2.0323043573512525,2.1026525285784334,6.496203287131006e-08,2.735698179618475e-05,6.016957949231547e-14,0.5085065181050085
most_resistant_enriched,14.5,2.0323043573514226,2.1026525285786004,5.3274902179625355e-08,2.488298834330734e-05,0.0,0.5085065181050074
most_resistant_enriched,14.600000000000001,2.0323043573517467,2.102652528578919,4.369151516769296e-08,2.263271729024774e-05,0.0,0.5085065181050055
most_resistant_enriched,14.700000000000001,2.0323043573518396,2.1026525285790103,3.582772917186386e-08,2.058590818980755e-05,0.0,0.5085065181050049
most_resistant_enriched,14.8,2.032304357351996,2.102652528579164,2.937564410565435e-08,1.8724152773595792e-05,0.0,0.5085065181050039
most_resistant_enriched,14.9,2.0323043573520008,2.102652528579169,2.4090076622281685e-08,1.703082451774874e-05,0.0,0.5085065181050039
most_resistant_enriched,15.0,2.032304357352001,2.1026525285791693,1.9754470724841556e-08,1.5490588150917606e-05,0.0,0.5085065181050038
most_resistant_enriched,15.100000000000001,2.032304357352001,2.1026525285791693,1.620470934624006e-08,1.4089699476310286e-05,0.0,0.5085065181050038
most_resistant_enriched,15.200000000000001,2.032304357352001,2.1026525285791693,1.3291502648950348e-08,1.2815457167001484e-05,0.0,0.5085065181050038
most_resistant_enriched,15.3,2.032304357352001,2.1026525285791693,1.090302956814593e-08,1.1656493686426781e-05,0.0,0.5085065181050038
most_resistant_enriched,15.4,2.032304357352001,2.1026525285791693,8.941615188683013e-09,1.0602302588164107e-05,0.0,0.5085065181050038
most_resistant_enriched,15.5,2.032304357352001,2.1026525285791693,7.3346365358463424e-09,9.643488572908083e-06,0.0,0.5085065181050038
most_resistant_enriched,15.600000000000001,2.032304357352001,2.1026525285791693,6.017130879805355e-09,8.771368969028646e-06,0.0,0.5085065181050038
most_resistant_enriched,15.700000000000001,2.032304357352001,2.1026525285791693,4.9393506848752305e-09,7.978148061979241e-06,0.0,0.5085065181050038
most_resistant_enriched,15.8,2.032304357352001,2.1026525285791693,4.059854574193579e-09,7.256737297648185e-06,0.0,0.5085065181050038
most_resistant_enriched,15.9,2.032304357352001,2.1026525285791693,3.3437066303863466e-09,6.600680058665588e-06,0.0,0.5085065181050038
most_resistant_enriched,16.0,2.032304357352001,2.1026525285791693,2.7496014981993988e-09,6.003892549332407e-06,0.0,0.5085065181050038
most_resistant_enriched,16.1,2.032304357352001,2.1026525285791693,2.2483272575377555e-09,5.4609219055846965e-06,0.0,0.5085065181050038
most_resistant_enriched,16.2,2.032304357352001,2.1026525285791693,1.8318712479996512e-09,4.967050087406023e-06,0.0,0.5085065181050038
most_resistant_enriched,16.3,2.032304357352001,2.1026525285791693,1.4874388499638421e-09,4.517823656215417e-06,0.0,0.5085065181050038
most_resistant_enriched,16.400000000000002,2.032304357352001,2.1026525285791693,1.205439699557786e-09,4.109219474550746e-06,0.0,0.5085065181050038
most_resistant_enriched,16.5,2.032304357352001,2.1026525285791693,9.784620069413965e-10,3.7375922000266516e-06,0.0,0.5085065181050038
most_resistant_enriched,16.6,2.032304357352001,2.1026525285791693,8.003886015862856e-10,3.399583577145065e-06,0.0,0.5085065181050038
most_resistant_enriched,16.7,2.032304357352001,2.1026525285791693,6.624180682776254e-10,3.092161200195204e-06,0.0,0.5085065181050038
most_resistant_enriched,16.8,2.032304357352001,2.1026525285791693,5.526100027071645e-10,2.812555953790119e-06,0.0,0.5085065181050038
most_resistant_enriched,16.900000000000002,2.032304357352001,2.1026525285791693,4.5644325786373433e-10,2.558210686639647e-06,0.0,0.5085065181050038
most_resistant_enriched,17.0,2.032304357352001,2.1026525285791693,3.7117437049355504e-10,2.326854637693163e-06,0.0,0.5085065181050038
most_resistant_enriched,17.1,2.032304357352001,2.1026525285791693,2.972304300559184e-10,2.1164215762703853e-06,0.0,0.5085065181050038
most_resistant_enriched,17.2,2.032304357352001,2.1026525285791693,2.361404463581652e-10,1.925019410547195e-06,0.0,0.5085065181050038
most_resistant_enriched,17.3,2.032304357352001,2.1026525285791693,1.8486964282566076e-10,1.750941838775418e-06,0.0,0.5085065181050038
most_resistant_enriched,17.400000000000002,2.032304357352001,2.1026525285791693,1.4438728233322498e-10,1.5926224594836677e-06,0.0,0.5085065181050038
most_resistant_enriched,17.5,2.032304357352001,2.1026525285791693,1.186613902446644e-10,1.4486158777868217e-06,0.0,0.5085065181050038
most_resistant_enriched,17.6,2.032304357352001,2.1026525285791693,1.0942521436261771e-10,1.3176118743148671e-06,0.0,0.5085065181050038
most_resistant_enriched,17.7,2.032304357352001,2.1026525285791693,1.091498875201912e-10,1.198466618372448e-06,0.0,0.5085065181050038
most_resistant_enriched,17.8,2.032304357352001,2.1026525285791693,1.1185447366520045e-10,1.0901014067490412e-06,0.0,0.5085065181050038
most_resistant_enriched,17.900000000000002,2.032304357352001,2.1026525285791693,1.0854287430257571e-10,9.915170015087198e-07,0.0,0.5085065181050038
most_resistant_enriched,18.0,2.032304357352001,2.1026525285791693,9.795866885003446e-11,9.018348549512769e-07,0.0,0.5085065181050038
most_resistant_enriched,18.1,2.032304357352001,2.1026525285791693,8.355030223846461e-11,8.202696648411557e-07,0.0,0.5085065181050038
most_resistant_enriched,18.2,2.032304357352001,2.1026525285791693,6.68156983875813e-11,7.46084407700507e-07,0.0,0.5085065181050038
most_resistant_enriched,18.3,2.032304357352001,2.1026525285791693,5.0930268117561763e-11,6.786014078315469e-07,0.0,0.5085065181050038
most_resistant_enriched,18.400000000000002,2.032304357352001,2.1026525285791693,3.603747432998935e-11,6.172271611375056e-07,0.0,0.5085065181050038
most_resistant_enriched,18.5,2.032304357352001,2.1026525285791693,2.3803391325490492e-11,5.614124511432153e-07,0.0,0.5085065181050038
most_resistant_enriched,18.6,2.032304357352001,2.1026525285791693,1.7244643668791314e-11,5.106454798479621e-07,0.0,0.5085065181050038
most_resistant_enriched,18.7,2.032304357352001,2.1026525285791693,1.8339239426523416e-11,4.6446008602824904e-07,0.0,0.5085065181050038
most_resistant_enriched,18.8,2.032304357352001,2.1026525285791693,2.3875567191803993e-11,4.224557294698388e-07,0.0,0.5085065181050038
most_resistant_enriched,18.900000000000002,2.032304357352001,2.1026525285791693,3.081542038025526e-11,3.842531668575225e-07,0.0,0.5085065181050038
most_resistant_enriched,19.0,2.032304357352001,2.1026525285791693,3.4131522652690535e-11,3.495010978031315e-07,0.0,0.5085065181050038
most_resistant_enriched,19.1,2.032304357352001,2.1026525285791693,3.252495512027049e-11,3.1788769544441706e-07,0.0,0.5085065181050038
most_resistant_enriched,19.200000000000003,2.032304357352001,2.1026525285791693,2.8474521139065778e-11,2.891362745327067e-07,0.0,0.5085065181050038
most_resistant_enriched,19.3,2.032304357352001,2.1026525285791693,2.2790176449479577e-11,2.6298694820149383e-07,0.0,0.5085065181050038
most_resistant_enriched,19.400000000000002,2.032304357352001,2.1026525285791693,1.7147098708961554e-11,2.392007526576776e-07,0.0,0.5085065181050038
most_resistant_enriched,19.5,2.032304357352001,2.1026525285791693,9.586975012772547e-12,2.1757017959061114e-07,0.0,0.5085065181050038
most_resistant_enriched,19.6,2.032304357352001,2.1026525285791693,2.1544864894631703e-13,1.9790043943375906e-07,0.0,0.5085065181050038
most_resistant_enriched,19.700000000000003,2.032304357352001,2.1026525285791693,0.0,1.8000956457468463e-07,0.0,0.5085065181050038
most_resistant_enriched,19.8,2.032304357352001,2.1026525285791693,0.0,1.637313510141497e-07,0.0,0.5085065181050038
most_resistant_enriched,19.900000000000002,2.032304357352001,2.1026525285791693,0.0,1.4891557300421094e-07,0.0,0.5085065181050038
most_resistant_enriched,20.0,2.032304357352001,2.1026525285791693,0.0,1.3542871010993225e-07,0.0,0.5085065181050038
most_resistant_enriched,20.1,2.032304357352001,2.1026525285791693,0.0,1.231527097545376e-07,0.0,0.5085065181050038
most_resistant_enriched,20.200000000000003,2.032304357352001,2.1026525285791693,0.0,1.1198534750894313e-07,0.0,0.5085065181050038
most_resistant_enriched,20.3,2.032304357352001,2.1026525285791693,0.0,1.0184029743445916e-07,0.0,0.5085065181050038
most_resistant_enriched,20.400000000000002,2.032304357352001,2.1026525285791693,0.0,9.262834984847872e-08,0.0,0.5085065181050038
most_resistant_enriched,20.5,2.032304357352001,2.1026525285791693,0.0,8.424621305684777e-08,0.0,0.5085065181050038
most_resistant_enriched,20.6,2.032304357352001,2.1026525285791693,0.0,7.662048798167339e-08,0.0,0.5085065181050038
most_resistant_enriched,20.700000000000003,2.032304357352001,2.1026525285791693,0.0,6.968842678977157e-08,0.0,0.5085065181050038
most_resistant_enriched,20.8,2.032304357352001,2.1026525285791693,0.0,6.339734694763001e-08,0.0,0.5085065181050038
most_resistant_enriched,20.900000000000002,2.032304357352001,2.1026525285791693,0.0,5.768259212598684e-08,0.0,0.5085065181050038
most_resistant_enriched,21.0,2.032304357352001,2.1026525285791693,0.0,5.2481561386671753e-08,0.0,0.5085065181050038
most_resistant_enriched,21.1,2.032304357352001,2.1026525285791693,0.0,4.774749272895112e-08,0.0,0.5085065181050038
most_resistant_enriched,21.200000000000003,2.032304357352001,2.1026525285791693,0.0,4.34399516058988e-08,0.0,0.5085065181050038
most_resistant_enriched,21.3,2.032304357352001,2.1026525285791693,0.0,3.952386792173498e-08,0.0,0.5085065181050038
most_resistant_enriched,21.400000000000002,2.032304357352001,2.1026525285791693,0.0,3.5958278180894453e-08,0.0,0.5085065181050038
most_resistant_enriched,21.5,2.032304357352001,2.1026525285791693,0.0,3.270966480172075e-08,0.0,0.5085065181050038
most_resistant_enriched,21.6,2.032304357352001,2.1026525285791693,0.0,2.975136616631948e-08,0.0,0.5085065181050038
most_resistant_enriched,21.700000000000003,2.032304357352001,2.1026525285791693,0.0,2.7061304472648902e-08,0.0,0.5085065181050038
most_resistant_enriched,21.8,2.032304357352001,2.1026525285791693,0.0,2.4619391099473404e-08,0.0,0.5085065181050038
most_resistant_enriched,21.900000000000002,2.032304357352001,2.1026525285791693,0.0,2.239902793184184e-08,0.0,0.5085065181050038
most_resistant_enriched,22.0,2.032304357352001,2.1026525285791693,0.0,2.0379805619719813e-08,0.0,0.5085065181050038
most_resistant_enriched,22.1,2.032304357352001,2.1026525285791693,0.0,1.8542123106027883e-08,0.0,0.5085065181050038
most_resistant_enriched,22.200000000000003,2.032304357352001,2.1026525285791693,0.0,1.6868623538629587e-08,0.0,0.5085065181050038
most_resistant_enriched,22.3,2.032304357352001,2.1026525285791693,0.0,1.5348090176186756e-08,0.0,0.5085065181050038
most_resistant_enriched,22.400000000000002,2.032304357352001,2.1026525285791693,0.0,1.3965370197122552e-08,0.0,0.5085065181050038
most_resistant_enriched,22.5,2.032304357352001,2.1026525285791693,0.0,1.2704978061904844e-08,0.0,0.5085065181050038
most_resistant_enriched,22.6,2.032304357352001,2.1026525285791693,0.0,1.1554975714806509e-08,0.0,0.5085065181050038
most_resistant_enriched,22.700000000000003,2.032304357352001,2.1026525285791693,0.0,1.0510219961482983e-08,0.0,0.5085065181050038
most_resistant_enriched,22.8,2.032304357352001,2.1026525285791693,0.0,9.560577001963295e-09,0.0,0.5085065181050038
most_resistant_enriched,22.900000000000002,2.032304357352001,2.1026525285791693,0.0,8.695696595490109e-09,0.0,0.5085065181050038
most_resistant_enriched,23.0,2.032304357352001,2.1026525285791693,0.0,7.907829273642307e-09,0.0,0.5085065181050038
most_resistant_enriched,23.1,2.032304357352001,2.1026525285791693,0.0,7.192581524579873e-09,0.0,0.5085065181050038
most_resistant_enriched,23.200000000000003,2.032304357352001,2.1026525285791693,0.0,6.542690819890064e-09,0.0,0.5085065181050038
most_resistant_enriched,23.3,2.032304357352001,2.1026525285791693,0.0,5.950847084761248e-09,0.0,0.5085065181050038
most_resistant_enriched,23.400000000000002,2.032304357352001,2.1026525285791693,0.0,5.407119318590325e-09,0.0,0.5085065181050038
most_resistant_enriched,23.5,2.032304357352001,2.1026525285791693,0.0,4.905745623069377e-09,0.0,0.5085065181050038
most_resistant_enriched,23.6,2.032304357352001,2.1026525285791693,0.0,4.446717994026695e-09,0.0,0.5085065181050038
most_resistant_enriched,23.700000000000003,2.032304357352001,2.1026525285791693,0.0,4.0300364314623005e-09,0.0,0.5085065181050038
most_resistant_enriched,23.8,2.032304357352001,2.1026525285791693,0.0,3.6557009353762053e-09,0.0,0.5085065181050038
most_resistant_enriched,23.900000000000002,2.032304357352001,2.1026525285791693,0.0,3.323711505768383e-09,0.0,0.5085065181050038
most_resistant_enriched,24.0,2.032304357352001,2.1026525285791693,0.0,3.026615310318838e-09,0.0,0.5085065181050038
most_resistant_enriched,24.1,2.032304357352001,2.1026525285791693,0.0,2.7531427865349765e-09,0.0,0.5085065181050038
most_resistant_enriched,24.200000000000003,2.032304357352001,2.1026525285791693,0.0,2.5031790165746685e-09,0.0,0.5085065181050038
most_resistant_enriched,24.3,2.032304357352001,2.1026525285791693,0.0,2.276724000437921e-09,0.0,0.5085065181050038
most_resistant_enriched,24.400000000000002,2.032304357352001,2.1026525285791693,0.0,2.0737777381247184e-09,0.0,0.5085065181050038
most_resistant_enriched,24.5,2.032304357352001,2.1026525285791693,0.0,1.894340229635075e-09,0.0,0.5085065181050038
most_resistant_enriched,24.6,2.032304357352001,2.1026525285791693,0.0,1.7343176044651382e-09,0.0,0.5085065181050038
most_resistant_enriched,24.700000000000003,2.032304357352001,2.1026525285791693,0.0,1.5859137536836389e-09,0.0,0.5085065181050038
most_resistant_enriched,24.8,2.032304357352001,2.1026525285791693,0.0,1.4489401877098493e-09,0.0,0.5085065181050038
most_resistant_enriched,24.900000000000002,2.032304357352001,2.1026525285791693,0.0,1.3233969065437601e-09,0.0,0.5085065181050038
most_resistant_enriched,25.0,2.032304357352001,2.1026525285791693,0.0,1.2092839101853803e-09,0.0,0.5085065181050038
most_resistant_enriched,25.1,2.032304357352001,2.1026525285791693,0.0,1.1066011986347012e-09,0.0,0.5085065181050038
most_resistant_enriched,25.200000000000003,2.032304357352001,2.1026525285791693,0.0,1.0138805457438377e-09,0.0,0.5085065181050038
most_resistant_enriched,25.3,2.032304357352001,2.1026525285791693,0.0,9.27618715439435e-10,0.0,0.5085065181050038
most_resistant_enriched,25.400000000000002,2.032304357352001,2.1026525285791693,0.0,8.476646248505131e-10,0.0,0.5085065181050038
most_resistant_enriched,25.5,2.032304357352001,2.1026525285791693,0.0,7.740182739770777e-10,0.0,0.5085065181050038
most_resistant_enriched,25.6,2.032304357352001,2.1026525285791693,0.0,7.066796628191236e-10,0.0,0.5085065181050038
most_resistant_enriched,25.700000000000003,2.032304357352001,2.1026525285791693,0.0,6.456487913766534e-10,0.0,0.5085065181050038
most_resistant_enriched,25.8,2.032304357352001,2.1026525285791693,0.0,5.903450202745479e-10,0.0,0.5085065181050038
most_resistant_enriched,25.900000000000002,2.032304357352001,2.1026525285791693,0.0,5.390325241104255e-10,0.0,0.5085065181050038
most_resistant_enriched,26.0,2.032304357352001,2.1026525285791693,0.0,4.915951057661344e-10,0.0,0.5085065181050038
most_resistant_enriched,26.1,2.032304357352001,2.1026525285791693,0.0,4.4803276524167174e-10,0.0,0.5085065181050038
most_resistant_enriched,26.200000000000003,2.032304357352001,2.1026525285791693,0.0,4.0834550253703894e-10,0.0,0.5085065181050038
most_resistant_enriched,26.3,2.032304357352001,2.1026525285791693,0.0,3.7253331765223737e-10,0.0,0.5085065181050038
most_resistant_enriched,26.400000000000002,2.032304357352001,2.1026525285791693,0.0,3.4029057254448674e-10,0.0,0.5085065181050038
most_resistant_enriched,26.5,2.032304357352001,2.1026525285791693,0.0,3.104668956629597e-10,0.0,0.5085065181050038
most_resistant_enriched,26.6,2.032304357352001,2.1026525285791693,0.0,2.8295198660510354e-10,0.0,0.5085065181050038
most_resistant_enriched,26.700000000000003,2.032304357352001,2.1026525285791693,0.0,2.5774584537091933e-10,0.0,0.5085065181050038
most_resistant_enriched,26.8,2.032304357352001,2.1026525285791693,0.0,2.3484847196040795e-10,0.0,0.5085065181050038
most_resistant_enriched,26.900000000000002,2.032304357352001,2.1026525285791693,0.0,2.1425986637356772e-10,0.0,0.5085065181050038
most_resistant_enriched,27.0,2.032304357352001,2.1026525285791693,0.0,1.9582348327920045e-10,0.0,0.5085065181050038
most_resistant_enriched,27.1,2.032304357352001,2.1026525285791693,0.0,1.7878996131066301e-10,0.0,0.5085065181050038
most_resistant_enriched,27.200000000000003,2.032304357352001,2.1026525285791693,0.0,1.6306147793660975e-10,0.0,0.5085065181050038
most_resistant_enriched,27.3,2.032304357352001,2.1026525285791693,0.0,1.4863803315704116e-10,0.0,0.5085065181050038
most_resistant_enriched,27.400000000000002,2.032304357352001,2.1026525285791693,0.0,1.3551962697195619e-10,0.0,0.5085065181050038
most_resistant_enriched,27.5,2.032304357352001,2.1026525285791693,0.0,1.2370625938135575e-10,0.0,0.5085065181050038
most_resistant_enriched,27.6,2.032304357352001,2.1026525285791693,0.0,1.1312872283552761e-10,0.0,0.5085065181050038
most_resistant_enriched,27.700000000000003,2.032304357352001,2.1026525285791693,0.0,1.0335870996287185e-10,0.0,0.5085065181050038
most_resistant_enriched,27.8,2.032304357352001,2.1026525285791693,0.0,9.432261400794263e-11,0.0,0.5085065181050038
most_resistant_enriched,27.900000000000002,2.032304357352001,2.1026525285791693,0.0,8.602043497073933e-11,0.0,0.5085065181050038
most_resistant_enriched,28.0,2.032304357352001,2.1026525285791693,0.0,7.845217285126254e-11,0.0,0.5085065181050038
most_resistant_enriched,28.1,2.032304357352001,2.1026525285791693,0.0,7.161782764951172e-11,0.0,0.5085065181050038
most_resistant_enriched,28.200000000000003,2.032304357352001,2.1026525285791693,0.0,6.548906575601991e-11,0.0,0.5085065181050038
most_resistant_enriched,28.3,2.032304357352001,2.1026525285791693,0.0,5.983349798722251e-11,0.0,0.5085065181050038
most_resistant_enriched,28.400000000000002,2.032304357352001,2.1026525285791693,0.0,5.459972149083119e-11,0.0,0.5085065181050038
most_resistant_enriched,28.5,2.032304357352001,2.1026525285791693,0.0,4.978773626684633e-11,0.0,0.5085065181050038
most_resistant_enriched,28.6,2.032304357352001,2.1026525285791693,0.0,4.539754231526758e-11,0.0,0.5085065181050038
most_resistant_enriched,28.700000000000003,2.032304357352001,2.1026525285791693,0.0,4.1429139636095125e-11,0.0,0.5085065181050038
most_resistant_enriched,28.8,2.032304357352001,2.1026525285791693,0.0,3.734092633449315e-11,0.0,0.5085065181050038
most_resistant_enriched,28.900000000000002,2.032304357352001,2.1026525285791693,0.0,3.261064695774522e-11,0.0,0.5085065181050038
most_resistant_enriched,29.0,2.032304357352001,2.1026525285791693,0.0,2.815432491133828e-11,0.0,0.5085065181050038
most_resistant_enriched,29.1,2.032304357352001,2.1026525285791693,0.0,2.3971960195272036e-11,0.0,0.5085065181050038
most_resistant_enriched,29.200000000000003,2.032304357352001,2.1026525285791693,0.0,2.006355280954664e-11,0.0,0.5085065181050038
most_resistant_enriched,29.3,2.032304357352001,2.1026525285791693,0.0,1.642910275416221e-11,0.0,0.5085065181050038
most_resistant_enriched,29.400000000000002,2.032304357352001,2.1026525285791693,0.0,1.3068610029118501e-11,0.0,0.5085065181050038
most_resistant_enriched,29.5,2.032304357352001,2.1026525285791693,0.0,9.982074634415747e-12,0.0,0.5085065181050038
most_resistant_enriched,29.6,2.032304357352001,2.1026525285791693,0.0,7.1694965700537254e-12,0.0,0.5085065181050038
most_resistant_enriched,29.700000000000003,2.032304357352001,2.1026525285791693,0.0,4.630875836032555e-12,0.0,0.5085065181050038
most_resistant_enriched,29.8,2.032304357352001,2.1026525285791693,0.0,2.366212432352306e-12,0.0,0.5085065181050038
most_resistant_enriched,29.900000000000002,2.032304357352001,2.1026525285791693,0.0,3.7550635901282444e-13,0.0,0.5085065181050038
most_resistant_enriched,30.0,2.032304357352001,2.1026525285791693,0.0,0.0,0.0,0.5085065181050038
most_resistant_enriched,30.1,2.032304357352001,2.1026525285791693,0.0,0.0,0.0,0.5085065181050038
most_resistant_enriched,30.200000000000003,2.032304357352001,2.1026525285791693,0.0,0.0,0.0,0.5085065181050038
most_resistant_enriched,30.3,2.032304357352001,2.1026525285791693,0.0,0.0,0.0,0.5085065181050038
most_resistant_enriched,30.400000000000002,2.032304357352001,2.1026525285791693,0.0,0.0,0.0,0.5085065181050038
most_resistant_enriched,30.5,2.032304357352001,2.1026525285791693,0.0,0.0,0.0,0.5085065181050038
most_resistant_enriched,30.6,2.032304357352001,2.1026525285791693,0.0,0.0,0.0,0.5085065181050038
most_resistant_enriched,30.700000000000003,2.032304357352001,2.1026525285791693,0.0,0.0,0.0,0.5085065181050038
most_resistant_enriched,30.8,2.032304357352001,2.1026525285791693,0.0,0.0,0.0,0.5085065181050038
most_resistant_enriched,30.900000000000002,2.032304357352001,2.1026525285791693,0.0,0.0,0.0,0.5085065181050038
most_resistant_enriched,31.0,2.032304357352001,2.1026525285791693,0.0,0.0,0.0,0.5085065181050038
most_resistant_enriched,31.1,2.032304357352001,2.1026525285791693,0.0,0.0,0.0,0.5085065181050038
most_resistant_enriched,31.200000000000003,2.032304357352001,2.1026525285791693,0.0,0.0,0.0,0.5085065181050038
most_resistant_enriched,31.3,2.032304357352001,2.1026525285791693,0.0,0.0,0.0,0.5085065181050038
most_resistant_enriched,31.400000000000002,2.032304357352001,2.1026525285791693,0.0,0.0,0.0,0.5085065181050038
most_resistant_enriched,31.5,2.032304357352001,2.1026525285791693,0.0,0.0,0.0,0.5085065181050038
most_resistant_enriched,31.6,2.032304357352001,2.1026525285791693,0.0,0.0,0.0,0.5085065181050038
most_resistant_enriched,31.700000000000003,2.032304357352001,2.1026525285791693,0.0,0.0,0.0,0.5085065181050038
most_resistant_enriched,31.8,2.032304357352001,2.1026525285791693,0.0,0.0,0.0,0.5085065181050038
most_resistant_enriched,31.900000000000002,2.032304357352001,2.1026525285791693,0.0,0.0,0.0,0.5085065181050038
most_resistant_enriched,32.0,2.032304357352001,2.1026525285791693,0.0,0.0,0.0,0.5085065181050038
most_resistant_enriched,32.1,2.032304357352001,2.1026525285791693,0.0,0.0,0.0,0.5085065181050038
most_resistant_enriched,32.2,2.032304357352001,2.1026525285791693,0.0,0.0,0.0,0.5085065181050038
most_resistant_enriched,32.300000000000004,2.032304357352001,2.1026525285791693,0.0,0.0,0.0,0.5085065181050038
most_resistant_enriched,32.4,2.032304357352001,2.1026525285791693,0.0,0.0,0.0,0.5085065181050038
most_resistant_enriched,32.5,2.032304357352001,2.1026525285791693,0.0,0.0,0.0,0.5085065181050038
most_resistant_enriched,32.6,2.032304357352001,2.1026525285791693,0.0,0.0,0.0,0.5085065181050038
most_resistant_enriched,32.7,2.032304357352001,2.1026525285791693,0.0,0.0,0.0,0.5085065181050038
most_resistant_enriched,32.800000000000004,2.032304357352001,2.1026525285791693,0.0,0.0,0.0,0.5085065181050038
most_resistant_enriched,32.9,2.032304357352001,2.1026525285791693,0.0,0.0,0.0,0.5085065181050038
most_resistant_enriched,33.0,2.032304357352001,2.1026525285791693,0.0,0.0,0.0,0.5085065181050038
most_resistant_enriched,33.1,2.032304357352001,2.1026525285791693,0.0,0.0,0.0,0.5085065181050038
most_resistant_enriched,33.2,2.032304357352001,2.1026525285791693,0.0,0.0,0.0,0.5085065181050038
most_resistant_enriched,33.300000000000004,2.032304357352001,2.1026525285791693,0.0,0.0,0.0,0.5085065181050038
most_resistant_enriched,33.4,2.032304357352001,2.1026525285791693,0.0,0.0,0.0,0.5085065181050038
most_resistant_enriched,33.5,2.032304357352001,2.1026525285791693,0.0,0.0,0.0,0.5085065181050038
most_resistant_enriched,33.6,2.032304357352001,2.1026525285791693,0.0,0.0,0.0,0.5085065181050038
most_resistant_enriched,33.7,2.032304357352001,2.1026525285791693,0.0,0.0,0.0,0.5085065181050038
most_resistant_enriched,33.800000000000004,2.032304357352001,2.1026525285791693,0.0,0.0,0.0,0.5085065181050038
most_resistant_enriched,33.9,2.032304357352001,2.1026525285791693,0.0,0.0,0.0,0.5085065181050038
most_resistant_enriched,34.0,2.032304357352001,2.1026525285791693,0.0,0.0,0.0,0.5085065181050038
most_resistant_enriched,34.1,2.032304357352001,2.1026525285791693,0.0,0.0,0.0,0.5085065181050038
most_resistant_enriched,34.2,2.032304357352001,2.1026525285791693,0.0,0.0,0.0,0.5085065181050038
most_resistant_enriched,34.300000000000004,2.032304357352001,2.1026525285791693,0.0,0.0,0.0,0.5085065181050038
most_resistant_enriched,34.4,2.032304357352001,2.1026525285791693,0.0,0.0,0.0,0.5085065181050038
most_resistant_enriched,34.5,2.032304357352001,2.1026525285791693,0.0,0.0,0.0,0.5085065181050038
most_resistant_enriched,34.6,2.032304357352001,2.1026525285791693,0.0,0.0,0.0,0.5085065181050038
most_resistant_enriched,34.7,2.032304357352001,2.1026525285791693,0.0,0.0,0.0,0.5085065181050038
most_resistant_enriched,34.800000000000004,2.032304357352001,2.1026525285791693,0.0,0.0,0.0,0.5085065181050038
most_resistant_enriched,34.9,2.032304357352001,2.1026525285791693,0.0,0.0,0.0,0.5085065181050038
most_resistant_enriched,35.0,2.032304357352001,2.1026525285791693,0.0,0.0,0.0,0.5085065181050038
most_resistant_enriched,35.1,2.032304357352001,2.1026525285791693,0.0,0.0,0.0,0.5085065181050038
most_resistant_enriched,35.2,2.032304357352001,2.1026525285791693,0.0,0.0,0.0,0.5085065181050038
most_resistant_enriched,35.300000000000004,2.032304357352001,2.1026525285791693,0.0,0.0,0.0,0.5085065181050038
most_resistant_enriched,35.4,2.032304357352001,2.1026525285791693,0.0,0.0,0.0,0.5085065181050038
most_resistant_enriched,35.5,2.032304357352001,2.1026525285791693,0.0,0.0,0.0,0.5085065181050038
most_resistant_enriched,35.6,2.032304357352001,2.1026525285791693,0.0,0.0,0.0,0.5085065181050038
most_resistant_enriched,35.7,2.032304357352001,2.1026525285791693,0.0,0.0,0.0,0.5085065181050038
most_resistant_enriched,35.800000000000004,2.032304357352001,2.1026525285791693,0.0,0.0,0.0,0.5085065181050038
most_resistant_enriched,35.9,2.032304357352001,2.1026525285791693,0.0,0.0,0.0,0.5085065181050038
most_resistant_enriched,36.0,2.032304357352001,2.1026525285791693,0.0,0.0,0.0,0.5085065181050038
most_resistant_enriched,36.1,2.032304357352001,2.1026525285791693,0.0,0.0,0.0,0.5085065181050038
most_resistant_enriched,36.2,2.032304357352001,2.1026525285791693,0.0,0.0,0.0,0.5085065181050038
most_resistant_enriched,36.300000000000004,2.032304357352001,2.1026525285791693,0.0,0.0,0.0,0.5085065181050038
most_resistant_enriched,36.4,2.032304357352001,2.1026525285791693,0.0,0.0,0.0,0.5085065181050038
most_resistant_enriched,36.5,2.032304357352001,2.1026525285791693,0.0,0.0,0.0,0.5085065181050038
most_resistant_enriched,36.6,2.032304357352001,2.1026525285791693,0.0,0.0,0.0,0.5085065181050038
most_resistant_enriched,36.7,2.032304357352001,2.1026525285791693,0.0,0.0,0.0,0.5085065181050038
most_resistant_enriched,36.800000000000004,2.032304357352001,2.1026525285791693,0.0,0.0,0.0,0.5085065181050038
most_resistant_enriched,36.9,2.032304357352001,2.1026525285791693,0.0,0.0,0.0,0.5085065181050038
most_resistant_enriched,37.0,2.032304357352001,2.1026525285791693,0.0,0.0,0.0,0.5085065181050038
most_resistant_enriched,37.1,2.032304357352001,2.1026525285791693,0.0,0.0,0.0,0.5085065181050038
most_resistant_enriched,37.2,2.032304357352001,2.1026525285791693,0.0,0.0,0.0,0.5085065181050038
most_resistant_enriched,37.300000000000004,2.032304357352001,2.1026525285791693,0.0,0.0,0.0,0.5085065181050038
most_resistant_enriched,37.4,2.032304357352001,2.1026525285791693,0.0,0.0,0.0,0.5085065181050038
most_resistant_enriched,37.5,2.032304357352001,2.1026525285791693,0.0,0.0,0.0,0.5085065181050038
most_resistant_enriched,37.6,2.032304357352001,2.1026525285791693,0.0,0.0,0.0,0.5085065181050038
most_resistant_enriched,37.7,2.032304357352001,2.1026525285791693,0.0,0.0,0.0,0.5085065181050038
most_resistant_enriched,37.800000000000004,2.032304357352001,2.1026525285791693,0.0,0.0,0.0,0.5085065181050038
most_resistant_enriched,37.9,2.032304357352001,2.1026525285791693,0.0,0.0,0.0,0.5085065181050038
most_resistant_enriched,38.0,2.032304357352001,2.1026525285791693,0.0,0.0,0.0,0.5085065181050038
most_resistant_enriched,38.1,2.032304357352001,2.1026525285791693,0.0,0.0,0.0,0.5085065181050038
most_resistant_enriched,38.2,2.032304357352001,2.1026525285791693,0.0,0.0,0.0,0.5085065181050038
most_resistant_enriched,38.300000000000004,2.032304357352001,2.1026525285791693,0.0,0.0,0.0,0.5085065181050038
most_resistant_enriched,38.400000000000006,2.032304357352001,2.1026525285791693,0.0,0.0,0.0,0.5085065181050038
most_resistant_enriched,38.5,2.032304357352001,2.1026525285791693,0.0,0.0,0.0,0.5085065181050038
most_resistant_enriched,38.6,2.032304357352001,2.1026525285791693,0.0,0.0,0.0,0.5085065181050038
most_resistant_enriched,38.7,2.032304357352001,2.1026525285791693,0.0,0.0,0.0,0.5085065181050038
most_resistant_enriched,38.800000000000004,2.032304357352001,2.1026525285791693,0.0,0.0,0.0,0.5085065181050038
most_resistant_enriched,38.900000000000006,2.032304357352001,2.1026525285791693,0.0,0.0,0.0,0.5085065181050038
most_resistant_enriched,39.0,2.032304357352001,2.1026525285791693,0.0,0.0,0.0,0.5085065181050038
most_resistant_enriched,39.1,2.032304357352001,2.1026525285791693,0.0,0.0,0.0,0.5085065181050038
most_resistant_enriched,39.2,2.032304357352001,2.1026525285791693,0.0,0.0,0.0,0.5085065181050038
most_resistant_enriched,39.300000000000004,2.032304357352001,2.1026525285791693,0.0,0.0,0.0,0.5085065181050038
most_resistant_enriched,39.400000000000006,2.032304357352001,2.1026525285791693,0.0,0.0,0.0,0.5085065181050038
most_resistant_enriched,39.5,2.032304357352001,2.1026525285791693,0.0,0.0,0.0,0.5085065181050038
most_resistant_enriched,39.6,2.032304357352001,2.1026525285791693,0.0,0.0,0.0,0.5085065181050038
most_resistant_enriched,39.7,2.032304357352001,2.1026525285791693,0.0,0.0,0.0,0.5085065181050038
most_resistant_enriched,39.800000000000004,2.032304357352001,2.1026525285791693,0.0,0.0,0.0,0.5085065181050038
most_resistant_enriched,39.900000000000006,2.032304357352001,2.1026525285791693,0.0,0.0,0.0,0.5085065181050038
most_resistant_enriched,40.0,2.032304357352001,2.1026525285791693,0.0,0.0,0.0,0.5085065181050038
most_resistant_enriched,40.1,2.032304357352001,2.1026525285791693,0.0,0.0,0.0,0.5085065181050038
most_resistant_enriched,40.2,2.032304357352001,2.1026525285791693,0.0,0.0,0.0,0.5085065181050038
most_resistant_enriched,40.300000000000004,2.032304357352001,2.1026525285791693,0.0,0.0,0.0,0.5085065181050038
most_resistant_enriched,40.400000000000006,2.032304357352001,2.1026525285791693,0.0,0.0,0.0,0.5085065181050038
most_resistant_enriched,40.5,2.032304357352001,2.1026525285791693,0.0,0.0,0.0,0.5085065181050038
most_resistant_enriched,40.6,2.032304357352001,2.1026525285791693,0.0,0.0,0.0,0.5085065181050038
most_resistant_enriched,40.7,2.032304357352001,2.1026525285791693,0.0,0.0,0.0,0.5085065181050038
most_resistant_enriched,40.800000000000004,2.032304357352001,2.1026525285791693,0.0,0.0,0.0,0.5085065181050038
most_resistant_enriched,40.900000000000006,2.032304357352001,2.1026525285791693,0.0,0.0,0.0,0.5085065181050038
most_resistant_enriched,41.0,2.032304357352001,2.1026525285791693,0.0,0.0,0.0,0.5085065181050038
most_resistant_enriched,41.1,2.032304357352001,2.1026525285791693,0.0,0.0,0.0,0.5085065181050038
most_resistant_enriched,41.2,2.032304357352001,2.1026525285791693,0.0,0.0,0.0,0.5085065181050038
most_resistant_enriched,41.300000000000004,2.032304357352001,2.1026525285791693,0.0,0.0,0.0,0.5085065181050038
most_resistant_enriched,41.400000000000006,2.032304357352001,2.1026525285791693,0.0,0.0,0.0,0.5085065181050038
most_resistant_enriched,41.5,2.032304357352001,2.1026525285791693,0.0,0.0,0.0,0.5085065181050038
most_resistant_enriched,41.6,2.032304357352001,2.1026525285791693,0.0,0.0,0.0,0.5085065181050038
most_resistant_enriched,41.7,2.032304357352001,2.1026525285791693,0.0,0.0,0.0,0.5085065181050038
most_resistant_enriched,41.800000000000004,2.032304357352001,2.1026525285791693,0.0,0.0,0.0,0.5085065181050038
most_resistant_enriched,41.900000000000006,2.032304357352001,2.1026525285791693,0.0,0.0,0.0,0.5085065181050038
most_resistant_enriched,42.0,2.032304357352001,2.1026525285791693,0.0,0.0,0.0,0.5085065181050038
most_resistant_enriched,42.1,2.032304357352001,2.1026525285791693,0.0,0.0,0.0,0.5085065181050038
most_resistant_enriched,42.2,2.032304357352001,2.1026525285791693,0.0,0.0,0.0,0.5085065181050038
most_resistant_enriched,42.300000000000004,2.032304357352001,2.1026525285791693,0.0,0.0,0.0,0.5085065181050038
most_resistant_enriched,42.400000000000006,2.032304357352001,2.1026525285791693,0.0,0.0,0.0,0.5085065181050038
most_resistant_enriched,42.5,2.032304357352001,2.1026525285791693,0.0,0.0,0.0,0.5085065181050038
most_resistant_enriched,42.6,2.032304357352001,2.1026525285791693,0.0,0.0,0.0,0.5085065181050038
most_resistant_enriched,42.7,2.032304357352001,2.1026525285791693,0.0,0.0,0.0,0.5085065181050038
most_resistant_enriched,42.800000000000004,2.032304357352001,2.1026525285791693,0.0,0.0,0.0,0.5085065181050038
most_resistant_enriched,42.900000000000006,2.032304357352001,2.1026525285791693,0.0,0.0,0.0,0.5085065181050038
most_resistant_enriched,43.0,2.032304357352001,2.1026525285791693,0.0,0.0,0.0,0.5085065181050038
most_resistant_enriched,43.1,2.032304357352001,2.1026525285791693,0.0,0.0,0.0,0.5085065181050038
most_resistant_enriched,43.2,2.032304357352001,2.1026525285791693,0.0,0.0,0.0,0.5085065181050038
most_resistant_enriched,43.300000000000004,2.032304357352001,2.1026525285791693,0.0,0.0,0.0,0.5085065181050038
most_resistant_enriched,43.400000000000006,2.032304357352001,2.1026525285791693,0.0,0.0,0.0,0.5085065181050038
most_resistant_enriched,43.5,2.032304357352001,2.1026525285791693,0.0,0.0,0.0,0.5085065181050038
most_resistant_enriched,43.6,2.032304357352001,2.1026525285791693,0.0,0.0,0.0,0.5085065181050038
most_resistant_enriched,43.7,2.032304357352001,2.1026525285791693,0.0,0.0,0.0,0.5085065181050038
most_resistant_enriched,43.800000000000004,2.032304357352001,2.1026525285791693,0.0,0.0,0.0,0.5085065181050038
most_resistant_enriched,43.900000000000006,2.032304357352001,2.1026525285791693,0.0,0.0,0.0,0.5085065181050038
most_resistant_enriched,44.0,2.032304357352001,2.1026525285791693,0.0,0.0,0.0,0.5085065181050038
most_resistant_enriched,44.1,2.032304357352001,2.1026525285791693,0.0,0.0,0.0,0.5085065181050038
most_resistant_enriched,44.2,2.032304357352001,2.1026525285791693,0.0,0.0,0.0,0.5085065181050038
most_resistant_enriched,44.300000000000004,2.032304357352001,2.1026525285791693,0.0,0.0,0.0,0.5085065181050038
most_resistant_enriched,44.400000000000006,2.032304357352001,2.1026525285791693,0.0,0.0,0.0,0.5085065181050038
most_resistant_enriched,44.5,2.032304357352001,2.1026525285791693,0.0,0.0,0.0,0.5085065181050038
most_resistant_enriched,44.6,2.032304357352001,2.1026525285791693,0.0,0.0,0.0,0.5085065181050038
most_resistant_enriched,44.7,2.032304357352001,2.1026525285791693,0.0,0.0,0.0,0.5085065181050038
most_resistant_enriched,44.800000000000004,2.032304357352001,2.1026525285791693,0.0,0.0,0.0,0.5085065181050038
most_resistant_enriched,44.900000000000006,2.032304357352001,2.1026525285791693,0.0,0.0,0.0,0.5085065181050038
most_resistant_enriched,45.0,2.032304357352001,2.1026525285791693,0.0,0.0,0.0,0.5085065181050038
most_resistant_enriched,45.1,2.032304357352001,2.1026525285791693,0.0,0.0,0.0,0.5085065181050038
most_resistant_enriched,45.2,2.032304357352001,2.1026525285791693,0.0,0.0,0.0,0.5085065181050038
most_resistant_enriched,45.300000000000004,2.032304357352001,2.1026525285791693,0.0,0.0,0.0,0.5085065181050038
most_resistant_enriched,45.400000000000006,2.032304357352001,2.1026525285791693,0.0,0.0,0.0,0.5085065181050038
most_resistant_enriched,45.5,2.032304357352001,2.1026525285791693,0.0,0.0,0.0,0.5085065181050038
most_resistant_enriched,45.6,2.032304357352001,2.1026525285791693,0.0,0.0,0.0,0.5085065181050038
most_resistant_enriched,45.7,2.032304357352001,2.1026525285791693,0.0,0.0,0.0,0.5085065181050038
most_resistant_enriched,45.800000000000004,2.032304357352001,2.1026525285791693,0.0,0.0,0.0,0.5085065181050038
most_resistant_enriched,45.900000000000006,2.032304357352001,2.1026525285791693,0.0,0.0,0.0,0.5085065181050038
most_resistant_enriched,46.0,2.032304357352001,2.1026525285791693,0.0,0.0,0.0,0.5085065181050038
most_resistant_enriched,46.1,2.032304357352001,2.1026525285791693,0.0,0.0,0.0,0.5085065181050038
most_resistant_enriched,46.2,2.032304357352001,2.1026525285791693,0.0,0.0,0.0,0.5085065181050038
most_resistant_enriched,46.300000000000004,2.032304357352001,2.1026525285791693,0.0,0.0,0.0,0.5085065181050038
most_resistant_enriched,46.400000000000006,2.032304357352001,2.1026525285791693,0.0,0.0,0.0,0.5085065181050038
most_resistant_enriched,46.5,2.032304357352001,2.1026525285791693,0.0,0.0,0.0,0.5085065181050038
most_resistant_enriched,46.6,2.032304357352001,2.1026525285791693,0.0,0.0,0.0,0.5085065181050038
most_resistant_enriched,46.7,2.032304357352001,2.1026525285791693,0.0,0.0,0.0,0.5085065181050038
most_resistant_enriched,46.800000000000004,2.032304357352001,2.1026525285791693,0.0,0.0,0.0,0.5085065181050038
most_resistant_enriched,46.900000000000006,2.032304357352001,2.1026525285791693,0.0,0.0,0.0,0.5085065181050038
most_resistant_enriched,47.0,2.032304357352001,2.1026525285791693,0.0,0.0,0.0,0.5085065181050038
most_resistant_enriched,47.1,2.032304357352001,2.1026525285791693,0.0,0.0,0.0,0.5085065181050038
most_resistant_enriched,47.2,2.032304357352001,2.1026525285791693,0.0,0.0,0.0,0.5085065181050038
most_resistant_enriched,47.300000000000004,2.032304357352001,2.1026525285791693,0.0,0.0,0.0,0.5085065181050038
most_resistant_enriched,47.400000000000006,2.032304357352001,2.1026525285791693,0.0,0.0,0.0,0.5085065181050038
most_resistant_enriched,47.5,2.032304357352001,2.1026525285791693,0.0,0.0,0.0,0.5085065181050038
most_resistant_enriched,47.6,2.032304357352001,2.1026525285791693,0.0,0.0,0.0,0.5085065181050038
most_resistant_enriched,47.7,2.032304357352001,2.1026525285791693,0.0,0.0,0.0,0.5085065181050038
most_resistant_enriched,47.800000000000004,2.032304357352001,2.1026525285791693,0.0,0.0,0.0,0.5085065181050038
most_resistant_enriched,47.900000000000006,2.032304357352001,2.1026525285791693,0.0,0.0,0.0,0.5085065181050038
most_resistant_enriched,48.0,2.032304357352001,2.1026525285791693,0.0,0.0,0.0,0.5085065181050038
most_resistant_enriched,48.1,2.032304357352001,2.1026525285791693,0.0,0.0,0.0,0.5085065181050038
most_resistant_enriched,48.2,2.032304357352001,2.1026525285791693,0.0,0.0,0.0,0.5085065181050038
most_resistant_enriched,48.300000000000004,2.032304357352001,2.1026525285791693,0.0,0.0,0.0,0.5085065181050038
most_resistant_enriched,48.400000000000006,2.032304357352001,2.1026525285791693,0.0,0.0,0.0,0.5085065181050038
most_resistant_enriched,48.5,2.032304357352001,2.1026525285791693,0.0,0.0,0.0,0.5085065181050038
most_resistant_enriched,48.6,2.032304357352001,2.1026525285791693,0.0,0.0,0.0,0.5085065181050038
most_resistant_enriched,48.7,2.032304357352001,2.1026525285791693,0.0,0.0,0.0,0.5085065181050038
most_resistant_enriched,48.800000000000004,2.032304357352001,2.1026525285791693,0.0,0.0,0.0,0.5085065181050038
most_resistant_enriched,48.900000000000006,2.032304357352001,2.1026525285791693,0.0,0.0,0.0,0.5085065181050038
most_resistant_enriched,49.0,2.032304357352001,2.1026525285791693,0.0,0.0,0.0,0.5085065181050038
most_resistant_enriched,49.1,2.032304357352001,2.1026525285791693,0.0,0.0,0.0,0.5085065181050038
most_resistant_enriched,49.2,2.032304357352001,2.1026525285791693,0.0,0.0,0.0,0.5085065181050038
most_resistant_enriched,49.300000000000004,2.032304357352001,2.1026525285791693,0.0,0.0,0.0,0.5085065181050038
most_resistant_enriched,49.400000000000006,2.032304357352001,2.1026525285791693,0.0,0.0,0.0,0.5085065181050038
most_resistant_enriched,49.5,2.032304357352001,2.1026525285791693,0.0,0.0,0.0,0.5085065181050038
most_resistant_enriched,49.6,2.032304357352001,2.1026525285791693,0.0,0.0,0.0,0.5085065181050038
most_resistant_enriched,49.7,2.032304357352001,2.1026525285791693,0.0,0.0,0.0,0.5085065181050038
most_resistant_enriched,49.800000000000004,2.032304357352001,2.1026525285791693,0.0,0.0,0.0,0.5085065181050038
most_resistant_enriched,49.900000000000006,2.032304357352001,2.1026525285791693,0.0,0.0,0.0,0.5085065181050038
most_resistant_enriched,50.0,2.032304357352001,2.1026525285791693,0.0,0.0,0.0,0.5085065181050038
most_resistant_enriched,50.1,2.032304357352001,2.1026525285791693,0.0,0.0,0.0,0.5085065181050038
most_resistant_enriched,50.2,2.032304357352001,2.1026525285791693,0.0,0.0,0.0,0.5085065181050038
most_resistant_enriched,50.300000000000004,2.032304357352001,2.1026525285791693,0.0,0.0,0.0,0.5085065181050038
most_resistant_enriched,50.400000000000006,2.032304357352001,2.1026525285791693,0.0,0.0,0.0,0.5085065181050038
most_resistant_enriched,50.5,2.032304357352001,2.1026525285791693,0.0,0.0,0.0,0.5085065181050038
most_resistant_enriched,50.6,2.032304357352001,2.1026525285791693,0.0,0.0,0.0,0.5085065181050038
most_resistant_enriched,50.7,2.032304357352001,2.1026525285791693,0.0,0.0,0.0,0.5085065181050038
most_resistant_enriched,50.800000000000004,2.032304357352001,2.1026525285791693,0.0,0.0,0.0,0.5085065181050038
most_resistant_enriched,50.900000000000006,2.032304357352001,2.1026525285791693,0.0,0.0,0.0,0.5085065181050038
most_resistant_enriched,51.0,2.032304357352001,2.1026525285791693,0.0,0.0,0.0,0.5085065181050038
most_resistant_enriched,51.1,2.032304357352001,2.1026525285791693,0.0,0.0,0.0,0.5085065181050038
most_resistant_enriched,51.2,2.032304357352001,2.1026525285791693,0.0,0.0,0.0,0.5085065181050038
most_resistant_enriched,51.300000000000004,2.032304357352001,2.1026525285791693,0.0,0.0,0.0,0.5085065181050038
most_resistant_enriched,51.400000000000006,2.032304357352001,2.1026525285791693,0.0,0.0,0.0,0.5085065181050038
most_resistant_enriched,51.5,2.032304357352001,2.1026525285791693,0.0,0.0,0.0,0.5085065181050038
most_resistant_enriched,51.6,2.032304357352001,2.1026525285791693,0.0,0.0,0.0,0.5085065181050038
most_resistant_enriched,51.7,2.032304357352001,2.1026525285791693,0.0,0.0,0.0,0.5085065181050038
most_resistant_enriched,51.800000000000004,2.032304357352001,2.1026525285791693,0.0,0.0,0.0,0.5085065181050038
most_resistant_enriched,51.900000000000006,2.032304357352001,2.1026525285791693,0.0,0.0,0.0,0.5085065181050038
most_resistant_enriched,52.0,2.032304357352001,2.1026525285791693,0.0,0.0,0.0,0.5085065181050038
most_resistant_enriched,52.1,2.032304357352001,2.1026525285791693,0.0,0.0,0.0,0.5085065181050038
most_resistant_enriched,52.2,2.032304357352001,2.1026525285791693,0.0,0.0,0.0,0.5085065181050038
most_resistant_enriched,52.300000000000004,2.032304357352001,2.1026525285791693,0.0,0.0,0.0,0.5085065181050038
most_resistant_enriched,52.400000000000006,2.032304357352001,2.1026525285791693,0.0,0.0,0.0,0.5085065181050038
most_resistant_enriched,52.5,2.032304357352001,2.1026525285791693,0.0,0.0,0.0,0.5085065181050038
most_resistant_enriched,52.6,2.032304357352001,2.1026525285791693,0.0,0.0,0.0,0.5085065181050038
most_resistant_enriched,52.7,2.032304357352001,2.1026525285791693,0.0,0.0,0.0,0.5085065181050038
most_resistant_enriched,52.800000000000004,2.032304357352001,2.1026525285791693,0.0,0.0,0.0,0.5085065181050038
most_resistant_enriched,52.900000000000006,2.032304357352001,2.1026525285791693,0.0,0.0,0.0,0.5085065181050038
most_resistant_enriched,53.0,2.032304357352001,2.1026525285791693,0.0,0.0,0.0,0.5085065181050038
most_resistant_enriched,53.1,2.032304357352001,2.1026525285791693,0.0,0.0,0.0,0.5085065181050038
most_resistant_enriched,53.2,2.032304357352001,2.1026525285791693,0.0,0.0,0.0,0.5085065181050038
most_resistant_enriched,53.300000000000004,2.032304357352001,2.1026525285791693,0.0,0.0,0.0,0.5085065181050038
most_resistant_enriched,53.400000000000006,2.032304357352001,2.1026525285791693,0.0,0.0,0.0,0.5085065181050038
most_resistant_enriched,53.5,2.032304357352001,2.1026525285791693,0.0,0.0,0.0,0.5085065181050038
most_resistant_enriched,53.6,2.032304357352001,2.1026525285791693,0.0,0.0,0.0,0.5085065181050038
most_resistant_enriched,53.7,2.032304357352001,2.1026525285791693,0.0,0.0,0.0,0.5085065181050038
most_resistant_enriched,53.800000000000004,2.032304357352001,2.1026525285791693,0.0,0.0,0.0,0.5085065181050038
most_resistant_enriched,53.900000000000006,2.032304357352001,2.1026525285791693,0.0,0.0,0.0,0.5085065181050038
most_resistant_enriched,54.0,2.032304357352001,2.1026525285791693,0.0,0.0,0.0,0.5085065181050038
most_resistant_enriched,54.1,2.032304357352001,2.1026525285791693,0.0,0.0,0.0,0.5085065181050038
most_resistant_enriched,54.2,2.032304357352001,2.1026525285791693,0.0,0.0,0.0,0.5085065181050038
most_resistant_enriched,54.300000000000004,2.032304357352001,2.1026525285791693,0.0,0.0,0.0,0.5085065181050038
most_resistant_enriched,54.400000000000006,2.032304357352001,2.1026525285791693,0.0,0.0,0.0,0.5085065181050038
most_resistant_enriched,54.5,2.032304357352001,2.1026525285791693,0.0,0.0,0.0,0.5085065181050038
most_resistant_enriched,54.6,2.032304357352001,2.1026525285791693,0.0,0.0,0.0,0.5085065181050038
most_resistant_enriched,54.7,2.032304357352001,2.1026525285791693,0.0,0.0,0.0,0.5085065181050038
most_resistant_enriched,54.800000000000004,2.032304357352001,2.1026525285791693,0.0,0.0,0.0,0.5085065181050038
most_resistant_enriched,54.900000000000006,2.032304357352001,2.1026525285791693,0.0,0.0,0.0,0.5085065181050038
most_resistant_enriched,55.0,2.032304357352001,2.1026525285791693,0.0,0.0,0.0,0.5085065181050038
most_resistant_enriched,55.1,2.032304357352001,2.1026525285791693,0.0,0.0,0.0,0.5085065181050038
most_resistant_enriched,55.2,2.032304357352001,2.1026525285791693,0.0,0.0,0.0,0.5085065181050038
most_resistant_enriched,55.300000000000004,2.032304357352001,2.1026525285791693,0.0,0.0,0.0,0.5085065181050038
most_resistant_enriched,55.400000000000006,2.032304357352001,2.1026525285791693,0.0,0.0,0.0,0.5085065181050038
most_resistant_enriched,55.5,2.032304357352001,2.1026525285791693,0.0,0.0,0.0,0.5085065181050038
most_resistant_enriched,55.6,2.032304357352001,2.1026525285791693,0.0,0.0,0.0,0.5085065181050038
most_resistant_enriched,55.7,2.032304357352001,2.1026525285791693,0.0,0.0,0.0,0.5085065181050038
most_resistant_enriched,55.800000000000004,2.032304357352001,2.1026525285791693,0.0,0.0,0.0,0.5085065181050038
most_resistant_enriched,55.900000000000006,2.032304357352001,2.1026525285791693,0.0,0.0,0.0,0.5085065181050038
most_resistant_enriched,56.0,2.032304357352001,2.1026525285791693,0.0,0.0,0.0,0.5085065181050038
most_resistant_enriched,56.1,2.032304357352001,2.1026525285791693,0.0,0.0,0.0,0.5085065181050038
most_resistant_enriched,56.2,2.032304357352001,2.1026525285791693,0.0,0.0,0.0,0.5085065181050038
most_resistant_enriched,56.300000000000004,2.032304357352001,2.1026525285791693,0.0,0.0,0.0,0.5085065181050038
most_resistant_enriched,56.400000000000006,2.032304357352001,2.1026525285791693,0.0,0.0,0.0,0.5085065181050038
most_resistant_enriched,56.5,2.032304357352001,2.1026525285791693,0.0,0.0,0.0,0.5085065181050038
most_resistant_enriched,56.6,2.032304357352001,2.1026525285791693,0.0,0.0,0.0,0.5085065181050038
most_resistant_enriched,56.7,2.032304357352001,2.1026525285791693,0.0,0.0,0.0,0.5085065181050038
most_resistant_enriched,56.800000000000004,2.032304357352001,2.1026525285791693,0.0,0.0,0.0,0.5085065181050038
most_resistant_enriched,56.900000000000006,2.032304357352001,2.1026525285791693,0.0,0.0,0.0,0.5085065181050038
most_resistant_enriched,57.0,2.032304357352001,2.1026525285791693,0.0,0.0,0.0,0.5085065181050038
most_resistant_enriched,57.1,2.032304357352001,2.1026525285791693,0.0,0.0,0.0,0.5085065181050038
most_resistant_enriched,57.2,2.032304357352001,2.1026525285791693,0.0,0.0,0.0,0.5085065181050038
most_resistant_enriched,57.300000000000004,2.032304357352001,2.1026525285791693,0.0,0.0,0.0,0.5085065181050038
most_resistant_enriched,57.400000000000006,2.032304357352001,2.1026525285791693,0.0,0.0,0.0,0.5085065181050038
most_resistant_enriched,57.5,2.032304357352001,2.1026525285791693,0.0,0.0,0.0,0.5085065181050038
most_resistant_enriched,57.6,2.032304357352001,2.1026525285791693,0.0,0.0,0.0,0.5085065181050038
most_resistant_enriched,57.7,2.032304357352001,2.1026525285791693,0.0,0.0,0.0,0.5085065181050038
most_resistant_enriched,57.800000000000004,2.032304357352001,2.1026525285791693,0.0,0.0,0.0,0.5085065181050038
most_resistant_enriched,57.900000000000006,2.032304357352001,2.1026525285791693,0.0,0.0,0.0,0.5085065181050038
most_resistant_enriched,58.0,2.032304357352001,2.1026525285791693,0.0,0.0,0.0,0.5085065181050038
most_resistant_enriched,58.1,2.032304357352001,2.1026525285791693,0.0,0.0,0.0,0.5085065181050038
most_resistant_enriched,58.2,2.032304357352001,2.1026525285791693,0.0,0.0,0.0,0.5085065181050038
most_resistant_enriched,58.300000000000004,2.032304357352001,2.1026525285791693,0.0,0.0,0.0,0.5085065181050038
most_resistant_enriched,58.400000000000006,2.032304357352001,2.1026525285791693,0.0,0.0,0.0,0.5085065181050038
most_resistant_enriched,58.5,2.032304357352001,2.1026525285791693,0.0,0.0,0.0,0.5085065181050038
most_resistant_enriched,58.6,2.032304357352001,2.1026525285791693,0.0,0.0,0.0,0.5085065181050038
most_resistant_enriched,58.7,2.032304357352001,2.1026525285791693,0.0,0.0,0.0,0.5085065181050038
most_resistant_enriched,58.800000000000004,2.032304357352001,2.1026525285791693,0.0,0.0,0.0,0.5085065181050038
most_resistant_enriched,58.900000000000006,2.032304357352001,2.1026525285791693,0.0,0.0,0.0,0.5085065181050038
most_resistant_enriched,59.0,2.032304357352001,2.1026525285791693,0.0,0.0,0.0,0.5085065181050038
most_resistant_enriched,59.1,2.032304357352001,2.1026525285791693,0.0,0.0,0.0,0.5085065181050038
most_resistant_enriched,59.2,2.032304357352001,2.1026525285791693,0.0,0.0,0.0,0.5085065181050038
most_resistant_enriched,59.300000000000004,2.032304357352001,2.1026525285791693,0.0,0.0,0.0,0.5085065181050038
most_resistant_enriched,59.400000000000006,2.032304357352001,2.1026525285791693,0.0,0.0,0.0,0.5085065181050038
most_resistant_enriched,59.5,2.032304357352001,2.1026525285791693,0.0,0.0,0.0,0.5085065181050038
most_resistant_enriched,59.6,2.032304357352001,2.1026525285791693,0.0,0.0,0.0,0.5085065181050038
most_resistant_enriched,59.7,2.032304357352001,2.1026525285791693,0.0,0.0,0.0,0.5085065181050038
most_resistant_enriched,59.800000000000004,2.032304357352001,2.1026525285791693,0.0,0.0,0.0,0.5085065181050038
most_resistant_enriched,59.900000000000006,2.032304357352001,2.1026525285791693,0.0,0.0,0.0,0.5085065181050038
most_resistant_enriched,60.0,2.032304357352001,2.1026525285791693,0.0,0.0,0.0,0.5085065181050038
highest_final_diversity,0.0,0.2,0.20000000000000007,2.15,0.0,4.0,0.5000000000000001
highest_final_diversity,0.1,0.19602605986009666,0.19670319881474765,2.1136448890626647,0.01574251040532161,3.999633906889737,0.5008620938467073
highest_final_diversity,0.2,0.19222586917663592,0.19354907255928577,2.077434549547947,0.026887792479286684,3.999126022904542,0.5017149939504827
highest_final_diversity,0.30000000000000004,0.18859721166468196,0.19053702320153007,2.0416423925134866,0.034690974473191805,3.998473710034731,0.502558212050585
highest_final_diversity,0.4,0.18513748785900958,0.1876660659311631,2.0064479593095608,0.04006745352329564,3.997674996068192,0.5033913009230281
highest_final_diversity,0.5,0.18184386849118758,0.18493496648724272,1.9719642148238736,0.043684742403204316,3.9967283516811647,0.5042138445587201
highest_final_diversity,0.6000000000000001,0.17871340918080064,0.18234234495060803,1.9382572231012765,0.04602959412498562,3.995632521379041,0.5050254506794075
highest_final_diversity,0.7000000000000001,0.17574313646863327,0.1798867546096009,1.9053602225538468,0.04745685766890311,3.9943863944036515,0.5058257450300432
highest_final_diversity,0.8,0.17293011317285067,0.17756674282353394,1.873283690798143,0.04822516436505943,3.9929889043733953,0.5066143669641521
highest_final_diversity,0.9,0.17027148833785688,0.17538089842945548,1.84202250847547,0.048522944798790116,3.9914389503039613,0.5073909660213604
highest_final_diversity,1.0,0.16776453586186674,0.17332788924230705,1.811561054145989,0.048487436203839114,3.9897353332558976,0.508155199252433
highest_final_diversity,1.1,0.165406684749831,0.17140649221049775,1.7818767990498654,0.04821851627980593,3.9878767045402013,0.5089067291173311
highest_final_diversity,1.2000000000000002,0.16319554330786323,0.1696156182576071,1.7529428446510227,0.04778881491476924,3.985861522172996,0.5096452218121912
highest_final_diversity,1.3,0.16112891892556805,0.16795433325295775,1.7247297001010773,0.047251088278793284,3.983688013266811,0.5103703459264571
highest_final_diversity,1.4000000000000001,0.15920483475357755,0.1664218762667187,1.6972065166351245,0.04664359328541752,3.981354140510026,0.5110817713487443
highest_final_diversity,1.5,0.15742154427002708,0.1650176759927668,1.6703419401137811,0.045994016875966146,3.9788575712874867,0.5117791683600846
highest_final_diversity,1.6,0.15577754449270775,0.16374136601552164,1.644104688004492,0.04532233612435351,3.9761956483643845,0.5124622068693001
highest_final_diversity,1.7000000000000002,0.15427158846408856,0.16259279948792807,1.618463933957901,0.04464290924701872,3.97336536120181,0.5131305557522917
highest_final_diversity,1.8,0.15290269747572535,0.1615720636442312,1.5933895548041819,0.04396599790519155,3.9703633172087214,0.5137838822702833
highest_final_diversity,1.9000000000000001,0.15167017344894237,0.16067949453199332,1.5688522819952349,0.0432988804750032,3.9671857122904597,0.5144218515442777
highest_final_diversity,2.0,0.15057361179913642,0.15991569226751928,1.5448237853318552,0.04264666296054136,3.963828300180268,0.5150441260713724
highest_final_diversity,2.1,0.14961291508579183,0.1592815370992558,1.5212767099107414,0.04201287081480809,3.960286360062309,0.5156503652705161
highest_final_diversity,2.2,0.14878830771527585,0.1587782065333315,1.4981846803163408,0.041399878744695744,3.9565546620638377,0.5162402250493054
highest_final_diversity,2.3000000000000003,0.14810035195783414,0.1584071937727356,1.4755222844383706,0.04080923026883254,3.9526274301752924,0.5168133573846198
highest_final_diversity,2.4000000000000004,0.14754996550155483,0.15817032768547212,1.453265040457182,0.04024186153272149,3.9484983021467324,0.5173694099158478
highest_final_diversity,2.5,0.14713844082792737,0.15806979457949388,1.4313893556915407,0.03969826968298898,3.944160285930693,0.5179080255435675
highest_final_diversity,2.6,0.14686746664690079,0.15810816201699268,1.4098724795315314,0.039178635286834164,3.9396057121773502,0.5184288420345876
highest_final_diversity,2.7,0.1467391516616092,0.1582884049327352,1.3886924526610949,0.03868291023087111,3.934826182501119,0.5189314916332056
highest_final_diversity,2.8000000000000003,0.14675605095849462,0.15861393434624785,1.3678280545753636,0.03821088034563724,3.929812512639802,0.519415600678501
highest_final_diversity,2.9000000000000004,0.14692119534090523,0.15908862897938555,1.347258750709061,0.03776221072999756,3.9245546700984346,0.5198807892287554
highest_final_diversity,3.0,0.14723812395410313,0.15971687011944694,1.3269646400850457,0.03733647964262147,3.9190417057687776,0.5203266706948474
highest_final_diversity,3.1,0.14771092057266313,0.16050358008916968,1.306926403496662,0.0369332007744622,3.9132616786350845,0.5207528514866054
highest_final_diversity,3.2,0.1483442539729813,0.16145426473437768,1.2871252527735169,0.03655183808614543,3.90720157290603,0.521158930675489
highest_final_diversity,3.3000000000000003,0.14914342288971702,0.162575060412602,1.2675428804853723,0.03619181641360156,3.9008472029688837,0.5215444996725753
highest_final_diversity,3.4000000000000004,0.15011440598733677,0.16387278589855359,1.2481614142776918,0.035852528773003975,3.894183121521603,0.5219091419439441
highest_final_diversity,3.5,0.1512639175137547,0.16535499984321275,1.228963367520599,0.035533336591762554,3.887192496835161,0.5222524327464162
highest_final_diversity,3.6,0.1525994689835463,0.16703006411310495,1.2099316003373866,0.03523357108944216,3.879857005109761,0.5225739389438633
highest_final_diversity,3.7,0.1541294383263076,0.16890721440730402,1.1910492718852033,0.03495253318709818,3.872156690777301,0.5228732188065092
highest_final_diversity,3.8000000000000003,0.15586314650715055,0.17099663810820748,1.1722997933336856,0.03468948907427509,3.8640697953443652,0.5231498219012561
highest_final_diversity,3.9000000000000004,0.15781094254355546,0.173309560250284,1.1536667948625423,0.03444366449154759,3.8555726132429835,0.5234032890986189
highest_final_diversity,4.0,0.15998430093812777,0.17585834158326008,1.1351340935646888,0.03421423783982137,3.8466392515216246,0.5236331523090034
highest_final_diversity,4.1000000000000005,0.16239592104110542,0.1786565780351763,1.116685631161147,0.034000335543826816,3.837241554658035,0.5238389354104013
highest_final_diversity,4.2,0.16505984801417958,0.18171922136522728,1.0983054571243356,0.033801021669297965,3.8273488161479383,0.5240201540722472
highest_final_diversity,4.3,0.16799160371048535,0.18506270905616085,1.0799776937779324,0.03361528434487123,3.8169274954587036,0.5241763161196089
highest_final_diversity,4.4,0.17120832978456857,0.18870510564517112,1.0616865021333808,0.03344202818584532,3.805941017666966,0.524306922357193
highest_final_diversity,4.5,0.17472894664208705,0.19266625895172204,1.0434160507686316,0.03328006181465464,3.7943495437997576,0.5244114675920218
highest_final_diversity,4.6000000000000005,0.17857434109143944,0.1969679839225794,1.0251504958452196,0.033128067832029054,3.7821090909610273,0.5244894404784511
highest_final_diversity,4.7,0.1827675512522974,0.201634242247726,1.0068739471378043,0.032984608047833645,3.7691718478041434,0.5245403264428674
highest_final_diversity,4.800000000000001,0.1873339873038355,0.20669135623722656,0.9885704516999073,0.03284810490909704,3.755485558326338,0.5245636089793471
highest_final_diversity,4.9,0.19230167365584988,0.2121682421485809,0.970223978441756,0.032716804241739374,3.740992985366127,0.5245587715135986
highest_final_diversity,5.0,0.19770151274083553,0.21809666276339232,0.9518184079096175,0.03258876253974948,3.725631467843241,0.5245253000422911
highest_final_diversity,5.1000000000000005,0.2035675771251168,0.22451150551874904,0.9333375273633318,0.032461826862196876,3.7093323695441627,0.5244626860348794
highest_final_diversity,5.2,0.20993742315561792,0.23145107877114843,0.9147650371030833,0.0323336132289271,3.6920205780114457,0.5243704304956045
highest_final_diversity,5.300000000000001,0.21685243949138386,0.23895743913988102,0.8960845618675326,0.03220147609455334,3.673613773687392,0.5242480480182609
highest_final_diversity,5.4,0.22435822491742757,0.24707674365599105,0.8772796763847723,0.03206249108780705,3.654021867840178,0.5240950716991897
highest_final_diversity,5.5,0.23250499224196433,0.25585962257130657,0.8583339409357849,0.031913421133980185,3.633146182592675,0.5239110590949265
highest_final_diversity,5.6000000000000005,0.24134799358443476,0.26536156726555493,0.8392309504497,0.031750685140220634,3.6108784028593335,0.5236955995470445
highest_final_diversity,5.7,0.2509479926287786,0.275643358891405,0.8199544230330273,0.0315703802103728,3.5871003864323248,0.5234483211614992
highest_final_diversity,5.800000000000001,0.2613717324745434,0.28677148383883005,0.8004882874983273,0.0313682297747813,3.5616828315590383,0.5231689005795938
highest_final_diversity,5.9,0.27269243865697756,0.2988185761574951,0.7808168053425242,0.031139582479028278,3.5344845392612614,0.522857072587655
highest_final_diversity,6.0,0.2849903410212285,0.3118638692865639,0.7609247065391408,0.030879415926370283,3.5053516065492514,0.5225126402739766
highest_final_diversity,6.1000000000000005,0.2983531111948196,0.32599355144643555,0.7407974342614285,0.030582364743983813,3.474116283984784,0.5221354913107767
highest_final_diversity,6.2,0.31287639064706296,0.3413012027279372,0.7204213269142371,0.03024274388313533,3.440596451011359,0.5217256081289993
highest_final_diversity,6.300000000000001,0.32866419290415344,0.3578880934400099,0.6997839183895096,0.029854608899995826,3.404594767029914,0.521283084418429
highest_final_diversity,6.4,0.34582925595780184,0.3758634219849883,0.6788742700308515,0.029411842306191052,3.365898104142062,0.5208081410170322
highest_final_diversity,6.5,0.36449328062288916,0.39534442833165906,0.6576833636798691,0.028908269949254082,3.3242771694934876,0.5203011428264185
highest_final_diversity,6.6000000000000005,0.3847870141827487,0.41645634422893363,0.6362045588883289,0.02833781727367437,3.279486414493803,0.5197626162599112
highest_final_diversity,6.7,0.4068501275412711,0.4393321312584001,0.6144341176449252,0.027694707324320875,3.231264323844065,0.5191932668047221
highest_final_diversity,6.800000000000001,0.43083082539460316,0.46411195050624265,0.5923717982695753,0.026973702924018787,3.1793341940353885,0.5185939961793304
highest_final_diversity,6.9,0.4568851206770324,0.4909423010166083,0.5700215171027054,0.026170393095216696,3.123405526876166,0.5179659184573497
highest_final_diversity,7.0,0.4851757038157064,0.5199747653923573,0.5473920589608777,0.025281513957632954,3.063176123650856,0.5173103742388283
highest_final_diversity,7.1000000000000005,0.5158702870934115,0.5513642522246364,0.5244978955252453,0.02430532375208878,2.9983353033144033,0.5166289432283109
highest_final_diversity,7.2,0.549139412828965,0.5852667366538064,0.5013599456881906,0.023241945007404563,2.928567889012222,0.5159234520375765
highest_final_diversity,7.300000000000001,0.5851535492411214,0.6218363358231039,0.4780064122188938,0.022093740953775635,2.8535596616290078,0.5151959792852906
highest_final_diversity,7.4,0.6240794259647581,0.6612216872887345,0.4544735617649352,0.020865627053456164,2.7730041572035247,0.514448855968839
highest_final_diversity,7.5,0.6660754882314915,0.7035615261180364,0.4308064485986965,0.01956531670889975,2.686611199663973,0.5136846615175438
highest_final_diversity,7.6000000000000005,0.7112863635864172,0.748979372273437,0.4070595278355701,0.018203454647091694,2.5941175834408696,0.5129062155474137
highest_final_diversity,7.7,0.7598362269306193,0.7975772350007545,0.3832970089066567,0.016793555504118093,2.4952992292384297,0.512116566664106
highest_final_diversity,7.800000000000001,0.8118208834983134,0.8494281716410377,0.35959302148081657,0.015351799248005542,2.3899864247913194,0.5113189795432479
highest_final_diversity,7.9,0.8672983962814501,0.9045675502632887,0.3360314316702726,0.013896600068927357,2.278081788161816,0.5105169225850624
highest_final_diversity,8.0,0.9262780147217723,0.9629827961455224,0.3127052586520672,0.012447954125383003,2.1595815640952507,0.5097140588564106
highest_final_diversity,8.1,0.9887071250586892,1.024601368174922,0.289715649908248,0.011026616834782208,2.0346008054180635,0.5089142432063609
highest_final_diversity,8.200000000000001,1.0544558525418173,1.0892766247715278,0.2671703325705134,0.009653128661807071,1.903403393385117,0.5081215292948656
highest_final_diversity,8.3,1.1232991315321863,1.156771421922394,0.24518161143768064,0.008346799775828704,1.7664366941334615,0.5073401874208439
highest_final_diversity,8.4,1.1948960181223207,1.2267392408776339,0.2238638292860828,0.0071246976602840845,1.624371813300054,0.5065747355298384
highest_final_diversity,8.5,1.2687666205360715,1.2987032184844765,0.20333040564181792,0.00600077393127691,1.4781483120118186,0.5058299804526283
highest_final_diversity,8.6,1.3442678042799863,1.3720341849371207,0.18369050970810014,0.0049851970768555924,1.3290211979820559,0.5051110629023132
highest_final_diversity,8.700000000000001,1.42057044877173,1.4459303324484614,0.16504550078058144,0.004083964425832931,1.1786046624672812,0.5044234914992656
highest_final_diversity,8.8,1.4966435409100132,1.5194034780330354,0.14748527912985068,0.0032988267009706786,1.0289023297665474,0.503773140302534
highest_final_diversity,8.9,1.5712540583189811,1.5912802950988152,0.1310847227438056,0.002627524588246401,0.8823066373142977,0.5031661690501783
highest_final_diversity,9.0,1.6429957600872418,1.6602307407744266,0.11590040713780086,0.002064296435478828,0.7415419387947484,0.5026088100048073
highest_final_diversity,9.1,1.7103625666005244,1.7248382277011374,0.10196782077982598,0.001600585780943299,0.6095208657591943,0.5021069599664487
highest_final_diversity,9.200000000000001,1.7718779876120692,1.7837220157499545,0.08929932773258473,0.0012258640566034016,0.48909271154563083,0.5016655456359947
highest_final_diversity,9.3,1.826277123706664,1.8357082344578894,0.07788317683715942,0.000928483530554411,0.382690295117703,0.5012877045958415
highest_final_diversity,9.4,1.8727076604884503,1.880017714569136,0.0676838892811666,0.0006964827715954518,0.2919406971442663,0.5009739660313637
highest_final_diversity,9.5,1.9108847383842547,1.9164094167903114,0.05864430498494986,0.0005182871671667262,0.2173667746616785,0.5007217472948333
highest_final_diversity,9.600000000000001,1.9411315953962252,1.9452158361356813,0.05068933372829978,0.0003832622214199103,0.15831085821010665,0.5005254600639045
highest_final_diversity,9.700000000000001,1.9642785774906977,1.9672452781963667,0.04373107222801512,0.0002820861064502498,0.11313313579967893,0.5003772965413115
highest_final_diversity,9.8,1.9814610451797579,1.9835897516329997,0.0376745356440568,0.00020692882867829202,0.07960557405900787,0.5002684336925712
highest_final_diversity,9.9,1.993898270895715,1.995415975811496,0.032423093706273706,0.00015145378473106172,0.05534183320410821,0.5001902212788869
highest_final_diversity,10.0,2.002723722410791,2.0038056178376964,0.027882883639847852,0.00011068776792021208,0.03812660683490076,0.5001350165361372
highest_final_diversity,10.100000000000001,2.008892995170891,2.0096691456162885,0.023965874136899115,8.081910589964574e-05,0.02609374674845929,0.5000965706660997
highest_final_diversity,10.200000000000001,2.0131584340501774,2.01372266473086,0.020591626051579687,5.8976303433378974e-05,0.0177747665998972,0.5000700580259065
highest_final_diversity,10.3,2.0160845282879425,2.0165031330681837,0.017688013839151518,4.302180111507787e-05,0.012068194021937675,0.5000519027502182
highest_final_diversity,10.4,2.018080816245999,2.018399953761807,0.01519123169798838,3.137676338964439e-05,0.008175079879782571,0.5000395316531889
highest_final_diversity,10.5,2.019437579164508,2.0196890608324476,0.013045363403491494,2.2880893300742176e-05,0.005529207561191159,0.5000311306985834
highest_final_diversity,10.600000000000001,2.020357284396517,2.0205628797162687,0.011201726301759744,1.6684191295499486e-05,0.0037356830501560486,0.5000254391712039
highest_final_diversity,10.700000000000001,2.0209796052652647,2.021154140175097,0.00961812520965939,1.2165174532516858e-05,0.002522101496576099,0.500021589452604
highest_final_diversity,10.8,2.0214001896077956,2.0215537277381728,0.008258100049843125,8.869931377177577e-06,0.0017019294790893748,0.5000189883601837
highest_final_diversity,10.9,2.021684199855244,2.0218235570236556,0.007090211879870564,6.467188381405777e-06,0.001148089923589525,0.5000172322123254
highest_final_diversity,11.0,2.021875877627013,2.0220056630290406,0.0060873897117410675,4.715273567458637e-06,0.0007743061422651433,0.5000160471320342
highest_final_diversity,11.100000000000001,2.0220051917668025,2.02212851915192,0.005226345958881074,3.4379218172434813e-06,0.0005221358785301005,0.5000152476888665
highest_final_diversity,11.200000000000001,2.0220924104407474,2.0222113818568648,0.004487060621400345,2.5065927286311096e-06,0.0003520544988507591,0.5000147085162525
highest_final_diversity,11.3,2.0221512268251822,2.0222672606690737,0.00385233030930439,1.8275563312767443e-06,0.00023735930231880945,0.500014344935403
highest_final_diversity,11.4,2.02219088539085,2.0223049384499276,0.0033073763316843704,1.332469567449216e-06,0.00016002295602275373,0.5000140997869753
highest_final_diversity,11.5,2.022217624198018,2.0223303417410503,0.002839505473808198,9.71501542098763e-07,0.00010788085832447545,0.5000139345044219
highest_final_diversity,11.600000000000001,2.022235651161483,2.022347468307111,0.0024378171748053365,7.083201183884686e-07,7.272732905692443e-05,0.5000138230742607
highest_final_diversity,11.700000000000001,2.0222478043171077,2.0223590144416197,0.002092951190596051,5.164348520508672e-07,4.902803906058713e-05,0.5000137479524581
highest_final_diversity,11.8,2.0222559973437035,2.022366798244133,0.0017968704328530153,3.765316504677598e-07,3.305121000045537e-05,0.5000136973094933
highest_final_diversity,11.9,2.02226152057665,2.022372045602565,0.0015426742070493364,2.7452845197826657e-07,2.228061865502846e-05,0.5000136631692472
highest_final_diversity,12.0,2.0222652439528592,2.0223755830031247,0.0013244377034889877,2.0015814174934466e-07,1.501984189583617e-05,0.5000136401543408
highest_final_diversity,12.100000000000001,2.0222677539768243,2.022377967655923,0.0011370740782246527,1.4593488400711883e-07,1.0125165139208686e-05,0.5000136246394226
highest_final_diversity,12.200000000000001,2.0222694460392954,2.022379575202843,0.000976215996094199,1.0640082118917618e-07,6.825555750650672e-06,0.5000136141804851
highest_final_diversity,12.3,2.0222705866929456,2.0223806588828075,0.0008381138889893302,7.757661276792464e-08,4.601222138427414e-06,0.5000136071299079
highest_final_diversity,12.4,2.022271355635421,2.0223813894179132,0.0007195485965332158,5.656091050891033e-08,3.101744563839731e-06,0.5000136023769441
highest_final_diversity,12.5,2.022271873944111,2.0223818818379566,0.000617756378826865,4.123877650975162e-08,2.0910158299283368e-06,0.5000135991731911
highest_final_diversity,12.600000000000001,2.022272223378756,2.0223822138189265,0.0005303643725838609,3.0067286088611934e-08,1.4096002136006076e-06,0.5000135970132775
highest_final_diversity,12.700000000000001,2.0222724589468557,2.0223824376207924,0.00045533541557990937,2.192207352335131e-08,9.502302474095763e-07,0.500013595557192
highest_final_diversity,12.8,2.022272617747623,2.0223825884897253,0.00039092055862180995,1.598338256914614e-08,6.405605468602355e-07,0.5000135945756183
highest_final_diversity,12.9,2.022272724796732,2.0223826901919093,0.00033561828501413776,1.1653530471000105e-08,4.318092533015158e-07,0.5000135939139302
highest_final_diversity,13.0,2.022272796962803,2.0223827587534045,0.0002881394394987528,8.49658332890952e-09,2.9108168763449953e-07,0.5000135934678598
highest_final_diversity,13.100000000000001,2.022272845609022,2.022382804969825,0.0002473772762912415,6.194868740416552e-09,1.9621904803824296e-07,0.5000135931671695
highest_final_diversity,13.200000000000001,2.0222728784018904,2.022382836124744,0.00021238160530557114,4.516683405887655e-09,1.3227125992569268e-07,0.5000135929644715
highest_final_diversity,13.3,2.0222729005076006,2.0223828571263107,0.00018233665896343003,3.2931162719752416e-09,8.916398363055954e-08,0.5000135928278324
highest_final_diversity,13.4,2.0222729154071577,2.0223828712816596,0.00015654209608831777,2.401046487051263e-09,6.010907727133536e-08,0.5000135927357358
highest_final_diversity,13.5,2.0222729254543204,2.022382880826983,0.00013439659669347892,1.750596141726e-09,4.0516590876037314e-08,0.5000135926736327
highest_final_diversity,13.600000000000001,2.022272932227106,2.022382887261479,0.0001153839490604532,1.276350003064502e-09,2.7309309629114004e-08,0.500013592631769
highest_final_diversity,13.700000000000001,2.022272936791223,2.022382891597626,9.906095930150925e-05,9.305883402780393e-10,1.8409045727447695e-08,0.5000135926035574
highest_final_diversity,13.8,2.0222729398686954,2.022382894521384,8.504712879191428e-05,6.784857021407244e-10,1.2407814687829501e-08,0.500013592584535
highest_final_diversity,13.9,2.022272941942744,2.0223828964918376,7.301578935727912e-05,4.946814971000687e-10,8.363312828088771e-09,0.5000135925717152
highest_final_diversity,14.0,2.0222729433390323,2.0223828978183835,6.268655275042879e-05,3.60710113189562e-10,5.640479080214033e-09,0.5000135925630843
highest_final_diversity,14.100000000000001,2.0222729442833636,2.022382898715547,5.381853556016657e-05,2.629775465573987e-10,3.7989838970695725e-09,0.5000135925572474
highest_final_diversity,14.200000000000001,2.022272944930575,2.0223828993304314,4.6204768905636115e-05,1.9147666448929246e-10,2.53688832853764e-09,0.5000135925532468
highest_final_diversity,14.3,2.0222729453589614,2.022382899737421,3.966823867524038e-05,1.3952263660179473e-10,1.7015119464417166e-09,0.5000135925505989
highest_final_diversity,14.4,2.022272945635339,2.0223828999999935,3.4056450867912985e-05,1.0183504677624759e-10,1.1625615103208885e-09,0.5000135925488906
highest_final_diversity,14.5,2.022272945807897,2.0223829001639326,2.9238653066828318e-05,7.458034854492161e-11,8.260652129326339e-10,0.500013592547824
highest_final_diversity,14.600000000000001,2.022272945937709,2.022382900287261,2.5102373137990498e-05,5.4507300787702e-11,5.729248886875969e-10,0.5000135925470216
highest_final_diversity,14.700000000000001,2.0222729460467614,2.022382900390866,2.1551170334316934e-05,3.9572088763746544e-11,3.602665941172773e-10,0.5000135925463475
highest_final_diversity,14.8,2.022272946112391,2.022382900453218,1.8502399593025664e-05,2.8838415199782526e-11,2.3228465893170787e-10,0.5000135925459419
highest_final_diversity,14.9,2.0222729461395414,2.022382900479012,1.588493753601575e-05,2.1177739041484308e-11,1.7934105803757794e-10,0.500013592545774
highest_final_diversity,15.0,2.0222729461460287,2.022382900485175,1.3637744312466402e-05,1.5642150528515004e-11,1.6669115515897462e-10,0.5000135925457339
highest_final_diversity,15.100000000000001,2.0222729461788997,2.0223829005164053,1.1708454038658921e-05,1.1334206548109516e-11,1.0258969593481518e-10,0.5000135925455309
highest_final_diversity,15.200000000000001,2.0222729461941253,2.02238290053087,1.0052095533687026e-05,8.288669797075791e-12,7.289912322060954e-11,0.5000135925454368
highest_final_diversity,15.3,2.0222729462040654,2.022382900540313,8.630057543776602e-06,6.046465191849871e-12,5.351628982126384e-11,0.5000135925453751
highest_final_diversity,15.4,2.0222729462152347,2.0223829005509244,7.40919085465353e-06,4.39088818518181e-12,3.1736293543063625e-11,0.5000135925453061
highest_final_diversity,15.5,2.02227294621891,2.0223829005544167,6.361036127489843e-06,3.214718229740284e-12,2.4568079967979905e-11,0.5000135925452834
highest_final_diversity,15.600000000000001,2.0222729462233997,2.022382900558682,5.4611605019677556e-06,2.3373326453664343e-12,1.5813150440835985e-11,0.5000135925452558
highest_final_diversity,15.700000000000001,2.0222729462268485,2.022382900561959,4.688584135243665e-06,1.6965596909667935e-12,9.087461488765061e-12,0.5000135925452345
highest_final_diversity,15.8,2.0222729462274045,2.022382900562487,4.025287396404378e-06,1.2441974375071769e-12,8.004142770202715e-12,0.5000135925452309
highest_final_diversity,15.9,2.022272946228224,2.0223829005632656,3.4558286442381443e-06,9.09725811122929e-13,6.405861622405796e-12,0.500013592545226
highest_final_diversity,16.0,2.0222729462296014,2.0223829005645744,2.9669338644523816e-06,6.617282304008043e-13,3.719349208688049e-12,0.5000135925452174
highest_final_diversity,16.1,2.022272946230232,2.0223829005651734,2.547203175244205e-06,4.827081627904455e-13,2.4899288392647416e-12,0.5000135925452135
highest_final_diversity,16.2,2.022272946230483,2.022382900565412,2.186889415278742e-06,3.5275563390677287e-13,2.0006620317030707e-12,0.500013592545212
highest_final_diversity,16.3,2.0222729462307503,2.022382900565666,1.8776183940958164e-06,2.5765191319599874e-13,1.4788303263201631e-12,0.5000135925452103
highest_final_diversity,16.400000000000002,2.0222729462311047,2.022382900566002,1.6121391806760647e-06,1.8752572531619783e-13,7.884357720383663e-13,0.500013592545208
highest_final_diversity,16.5,2.0222729462312703,2.0223829005661598,1.3841342365307603e-06,1.362746421497469e-13,4.647616232341259e-13,0.500013592545207
highest_final_diversity,16.6,2.0222729462313294,2.0223829005662157,1.1884007727293265e-06,9.91557101791004e-14,3.5005393609869804e-13,0.5000135925452067
highest_final_diversity,16.7,2.0222729462313547,2.0223829005662397,1.0203498812817378e-06,7.226328777270128e-14,3.0064580684513296e-13,0.5000135925452065
highest_final_diversity,16.8,2.022272946231404,2.022382900566287,8.759857324525921e-07,5.2532928298146074e-14,2.0456303606175122e-13,0.5000135925452063
highest_final_diversity,16.900000000000002,2.022272946231457,2.022382900566337,7.519048884660595e-07,3.785501452592607e-14,1.0159261732856566e-13,0.5000135925452059
highest_final_diversity,17.0,2.022272946231482,2.0223829005663614,6.454310220046226e-07,2.7184786260702715e-14,5.122715047186282e-14,0.5000135925452058
highest_final_diversity,17.1,2.0222729462314897,2.0223829005663685,5.539930235979173e-07,1.9472934201208103e-14,3.6736932393928415e-14,0.5000135925452058
highest_final_diversity,17.2,2.0222729462314906,2.022382900566369,4.7560303174076433e-07,1.4446991671532417e-14,3.562078976380424e-14,0.5000135925452058
highest_final_diversity,17.3,2.0222729462314897,2.0223829005663685,4.0838960467960356e-07,1.1309861919589373e-14,3.6815785875245866e-14,0.5000135925452058
highest_final_diversity,17.400000000000002,2.022272946231494,2.0223829005663725,3.506693316245671e-07,9.005932798828322e-15,2.8051139956070328e-14,0.5000135925452058
highest_final_diversity,17.5,2.0222729462315043,2.022382900566382,3.0108007718902494e-07,7.014595578500062e-15,8.99679986990139e-15,0.5000135925452057
highest_final_diversity,17.6,2.0222729462315105,2.022382900566388,2.5847599135618756e-07,5.1814469153425064e-15,0.0,0.5000135925452057
highest_final_diversity,17.7,2.022272946231509,2.0223829005663867,2.2190485777693783e-07,3.5019547698012847e-15,0.0,0.5000135925452056
highest_final_diversity,17.8,2.0222729462315066,2.0223829005663845,1.9049621719577817e-07,2.233425619358737e-15,3.859586324284813e-15,0.5000135925452057
highest_final_diversity,17.900000000000002,2.0222729462315066,2.022382900566384,1.6354831317675487e-07,1.6212258117770252e-15,4.534419520006189e-15,0.5000135925452056
highest_final_diversity,18.0,2.022272946231506,2.0223829005663836,1.4038621492268718e-07,1.3162191977533329e-15,5.139160007696875e-15,0.5000135925452057
highest_final_diversity,18.1,2.0222729462315066,2.022382900566384,1.2050807454050076e-07,1.2170072966652332e-15,4.4815534438983295e-15,0.5000135925452056
highest_final_diversity,18.2,2.022272946231508,2.0223829005663854,1.0348880485810099e-07,1.2303036738963416e-15,1.6157535479993206e-15,0.5000135925452057
highest_final_diversity,18.3,2.022272946231509,2.0223829005663867,8.886744446530287e-08,1.2349192765923963e-15,0.0,0.5000135925452056
highest_final_diversity,18.400000000000002,2.0222729462315105,2.0223829005663876,7.631571493362057e-08,1.0992161326425417e-15,0.0,0.5000135925452056
highest_final_diversity,18.5,2.02227294623151,2.0223829005663876,6.555368451331423e-08,7.708393452157611e-16,0.0,0.5000135925452056
highest_final_diversity,18.6,2.0222729462315097,2.022382900566387,5.6297668433448344e-08,4.1625342115490734e-16,0.0,0.5000135925452057
highest_final_diversity,18.7,2.0222729462315097,2.0223829005663867,4.834497216909765e-08,1.7710855489923263e-16,0.0,0.5000135925452056
highest_final_diversity,18.8,2.0222729462315097,2.0223829005663867,4.15205942177962e-08,1.2659762033688974e-16,0.0,0.5000135925452056
highest_final_diversity,18.900000000000002,2.0222729462315097,2.0223829005663867,3.564905744259196e-08,1.4135271325819593e-16,0.0,0.5000135925452056
highest_final_diversity,19.0,2.0222729462315097,2.0223829005663867,3.060899129126326e-08,1.661889948471632e-16,0.0,0.5000135925452056
highest_final_diversity,19.1,2.0222729462315097,2.0223829005663867,2.629039237460053e-08,1.6581264097383037e-16,0.0,0.5000135925452056
highest_final_diversity,19.200000000000003,2.0222729462315097,2.0223829005663867,2.2577534097621248e-08,1.5439615364151403e-16,0.0,0.5000135925452056
highest_final_diversity,19.3,2.0222729462315097,2.0223829005663867,1.93905761736672e-08,1.171542174969115e-16,0.0,0.5000135925452056
highest_final_diversity,19.400000000000002,2.0222729462315097,2.0223829005663867,1.6660069522912958e-08,6.24493250221376e-17,0.0,0.5000135925452056
highest_final_diversity,19.5,2.0222729462315097,2.0223829005663867,1.4320057442683681e-08,1.6274355533408518e-17,0.0,0.5000135925452056
highest_final_diversity,19.6,2.0222729462315097,2.0223829005663867,1.2312600188900747e-08,0.0,0.0,0.5000135925452056
highest_final_diversity,19.700000000000003,2.0222729462315097,2.0223829005663867,1.058189521801727e-08,0.0,0.0,0.5000135925452056
highest_final_diversity,19.8,2.0222729462315097,2.0223829005663867,9.098336614551304e-09,0.0,0.0,0.5000135925452056
highest_final_diversity,19.900000000000002,2.0222729462315097,2.0223829005663867,7.825704203652426e-09,0.0,0.0,0.5000135925452056
highest_final_diversity,20.0,2.0222729462315097,2.0223829005663867,6.7225242295184304e-09,0.0,0.0,0.5000135925452056
highest_final_diversity,20.1,2.0222729462315097,2.0223829005663867,5.759408615679733e-09,0.0,0.0,0.5000135925452056
highest_final_diversity,20.200000000000003,2.0222729462315097,2.0223829005663867,4.933845313957909e-09,0.0,0.0,0.5000135925452056
highest_final_diversity,20.3,2.0222729462315097,2.0223829005663867,4.225661309909774e-09,0.0,0.0,0.5000135925452056
highest_final_diversity,20.400000000000002,2.0222729462315097,2.0223829005663867,3.6138704102145947e-09,0.0,0.0,0.5000135925452056
highest_final_diversity,20.5,2.0222729462315097,2.0223829005663867,3.088970778642514e-09,0.0,0.0,0.5000135925452056
highest_final_diversity,20.6,2.0222729462315097,2.0223829005663867,2.6427212319381645e-09,0.0,0.0,0.5000135925452056
highest_final_diversity,20.700000000000003,2.0222729462315097,2.0223829005663867,2.262329442015204e-09,0.0,0.0,0.5000135925452056
highest_final_diversity,20.8,2.0222729462315097,2.0223829005663867,1.9344182726427084e-09,0.0,0.0,0.5000135925452056
highest_final_diversity,20.900000000000002,2.0222729462315097,2.0223829005663867,1.64841346170838e-09,0.0,0.0,0.5000135925452056
highest_final_diversity,21.0,2.0222729462315097,2.0223829005663867,1.4034877197403077e-09,0.0,0.0,0.5000135925452056
highest_final_diversity,21.1,2.0222729462315097,2.0223829005663867,1.1996410467384737e-09,0.0,0.0,0.5000135925452056
highest_final_diversity,21.200000000000003,2.0222729462315097,2.0223829005663867,1.0310224770784013e-09,0.0,0.0,0.5000135925452056
highest_final_diversity,21.3,2.0222729462315097,2.0223829005663867,8.846904841197714e-10,0.0,0.0,0.5000135925452056
highest_final_diversity,21.400000000000002,2.0222729462315097,2.0223829005663867,7.601766347374334e-10,0.0,0.0,0.5000135925452056
highest_final_diversity,21.5,2.0222729462315097,2.0223829005663867,6.574803822378175e-10,0.0,0.0,0.5000135925452056
highest_final_diversity,21.6,2.0222729462315097,2.0223829005663867,5.706858564401056e-10,0.0,0.0,0.5000135925452056
highest_final_diversity,21.700000000000003,2.0222729462315097,2.0223829005663867,4.941008708304702e-10,0.0,0.0,0.5000135925452056
highest_final_diversity,21.8,2.0222729462315097,2.0223829005663867,4.277254254089136e-10,0.0,0.0,0.5000135925452056
highest_final_diversity,21.900000000000002,2.0222729462315097,2.0223829005663867,3.714296868608981e-10,0.0,0.0,0.5000135925452056
highest_final_diversity,22.0,2.0222729462315097,2.0223829005663867,3.2213631561423047e-10,0.0,0.0,0.5000135925452056
highest_final_diversity,22.1,2.0222729462315097,2.0223829005663867,2.7854275217648275e-10,0.0,0.0,0.5000135925452056
highest_final_diversity,22.200000000000003,2.0222729462315097,2.0223829005663867,2.4064899654765685e-10,0.0,0.0,0.5000135925452056
highest_final_diversity,22.3,2.0222729462315097,2.0223829005663867,2.0822056219279826e-10,0.0,0.0,0.5000135925452056
highest_final_diversity,22.400000000000002,2.0222729462315097,2.0223829005663867,1.79668483089849e-10,0.0,0.0,0.5000135925452056
highest_final_diversity,22.5,2.0222729462315097,2.0223829005663867,1.5469508027398333e-10,0.0,0.0,0.5000135925452056
highest_final_diversity,22.6,2.0222729462315097,2.0223829005663867,1.3330035374519945e-10,0.0,0.0,0.5000135925452056
highest_final_diversity,22.700000000000003,2.0222729462315097,2.0223829005663867,1.1513005108814199e-10,0.0,0.0,0.5000135925452056
highest_final_diversity,22.8,2.0222729462315097,2.0223829005663867,9.915917618268523e-11,0.0,0.0,0.5000135925452056
highest_final_diversity,22.900000000000002,2.0222729462315097,2.0223829005663867,8.53229466352069e-11,0.0,0.0,0.5000135925452056
highest_final_diversity,23.0,2.0222729462315097,2.0223829005663867,7.362136244570796e-11,0.0,0.0,0.5000135925452056
highest_final_diversity,23.1,2.0222729462315097,2.0223829005663867,6.364819551317161e-11,0.0,0.0,0.5000135925452056
highest_final_diversity,23.200000000000003,2.0222729462315097,2.0223829005663867,5.4873996298031876e-11,0.0,0.0,0.5000135925452056
highest_final_diversity,23.3,2.0222729462315097,2.0223829005663867,4.729651333515893e-11,0.0,0.0,0.5000135925452056
highest_final_diversity,23.400000000000002,2.0222729462315097,2.0223829005663867,4.019529150517491e-11,0.0,0.0,0.5000135925452056
highest_final_diversity,23.5,2.0222729462315097,2.0223829005663867,3.026566935693779e-11,0.0,0.0,0.5000135925452056
highest_final_diversity,23.6,2.0222729462315097,2.0223829005663867,2.1068214930823782e-11,0.0,0.0,0.5000135925452056
highest_final_diversity,23.700000000000003,2.0222729462315097,2.0223829005663867,1.2602928226833215e-11,0.0,0.0,0.5000135925452056
highest_final_diversity,23.8,2.0222729462315097,2.0223829005663867,4.8698092449663966e-12,0.0,0.0,0.5000135925452056
highest_final_diversity,23.900000000000002,2.0222729462315097,2.0223829005663867,0.0,0.0,0.0,0.5000135925452056
highest_final_diversity,24.0,2.0222729462315097,2.0223829005663867,0.0,0.0,0.0,0.5000135925452056
highest_final_diversity,24.1,2.0222729462315097,2.0223829005663867,0.0,0.0,0.0,0.5000135925452056
highest_final_diversity,24.200000000000003,2.0222729462315097,2.0223829005663867,0.0,0.0,0.0,0.5000135925452056
highest_final_diversity,24.3,2.0222729462315097,2.0223829005663867,0.0,0.0,0.0,0.5000135925452056
highest_final_diversity,24.400000000000002,2.0222729462315097,2.0223829005663867,0.0,0.0,0.0,0.5000135925452056
highest_final_diversity,24.5,2.0222729462315097,2.0223829005663867,0.0,0.0,0.0,0.5000135925452056
highest_final_diversity,24.6,2.0222729462315097,2.0223829005663867,0.0,0.0,0.0,0.5000135925452056
highest_final_diversity,24.700000000000003,2.0222729462315097,2.0223829005663867,0.0,0.0,0.0,0.5000135925452056
highest_final_diversity,24.8,2.0222729462315097,2.0223829005663867,0.0,0.0,0.0,0.5000135925452056
highest_final_diversity,24.900000000000002,2.0222729462315097,2.0223829005663867,0.0,0.0,0.0,0.5000135925452056
highest_final_diversity,25.0,2.0222729462315097,2.0223829005663867,0.0,0.0,0.0,0.5000135925452056
highest_final_diversity,25.1,2.0222729462315097,2.0223829005663867,0.0,0.0,0.0,0.5000135925452056
highest_final_diversity,25.200000000000003,2.0222729462315097,2.0223829005663867,0.0,0.0,0.0,0.5000135925452056
highest_final_diversity,25.3,2.0222729462315097,2.0223829005663867,0.0,0.0,0.0,0.5000135925452056
highest_final_diversity,25.400000000000002,2.0222729462315097,2.0223829005663867,0.0,0.0,0.0,0.5000135925452056
highest_final_diversity,25.5,2.0222729462315097,2.0223829005663867,0.0,0.0,0.0,0.5000135925452056
highest_final_diversity,25.6,2.0222729462315097,2.0223829005663867,0.0,0.0,0.0,0.5000135925452056
highest_final_diversity,25.700000000000003,2.0222729462315097,2.0223829005663867,0.0,0.0,0.0,0.5000135925452056
highest_final_diversity,25.8,2.0222729462315097,2.0223829005663867,0.0,0.0,0.0,0.5000135925452056
highest_final_diversity,25.900000000000002,2.0222729462315097,2.0223829005663867,0.0,0.0,0.0,0.5000135925452056
highest_final_diversity,26.0,2.0222729462315097,2.0223829005663867,0.0,0.0,0.0,0.5000135925452056
highest_final_diversity,26.1,2.0222729462315097,2.0223829005663867,0.0,0.0,0.0,0.5000135925452056
highest_final_diversity,26.200000000000003,2.0222729462315097,2.0223829005663867,0.0,0.0,0.0,0.5000135925452056
highest_final_diversity,26.3,2.0222729462315097,2.0223829005663867,0.0,0.0,0.0,0.5000135925452056
highest_final_diversity,26.400000000000002,2.0222729462315097,2.0223829005663867,0.0,0.0,0.0,0.5000135925452056
highest_final_diversity,26.5,2.0222729462315097,2.0223829005663867,0.0,0.0,0.0,0.5000135925452056
highest_final_diversity,26.6,2.0222729462315097,2.0223829005663867,0.0,0.0,0.0,0.5000135925452056
highest_final_diversity,26.700000000000003,2.0222729462315097,2.0223829005663867,0.0,0.0,0.0,0.5000135925452056
highest_final_diversity,26.8,2.0222729462315097,2.0223829005663867,0.0,0.0,0.0,0.5000135925452056
highest_final_diversity,26.900000000000002,2.0222729462315097,2.0223829005663867,0.0,0.0,0.0,0.5000135925452056
highest_final_diversity,27.0,2.0222729462315097,2.0223829005663867,0.0,0.0,0.0,0.5000135925452056
highest_final_diversity,27.1,2.0222729462315097,2.0223829005663867,0.0,0.0,0.0,0.5000135925452056
highest_final_diversity,27.200000000000003,2.0222729462315097,2.0223829005663867,0.0,0.0,0.0,0.5000135925452056
highest_final_diversity,27.3,2.0222729462315097,2.0223829005663867,0.0,0.0,0.0,0.5000135925452056
highest_final_diversity,27.400000000000002,2.0222729462315097,2.0223829005663867,0.0,0.0,0.0,0.5000135925452056
highest_final_diversity,27.5,2.0222729462315097,2.0223829005663867,0.0,0.0,0.0,0.5000135925452056
highest_final_diversity,27.6,2.0222729462315097,2.0223829005663867,0.0,0.0,0.0,0.5000135925452056
highest_final_diversity,27.700000000000003,2.0222729462315097,2.0223829005663867,0.0,0.0,0.0,0.5000135925452056
highest_final_diversity,27.8,2.0222729462315097,2.0223829005663867,0.0,0.0,0.0,0.5000135925452056
highest_final_diversity,27.900000000000002,2.0222729462315097,2.0223829005663867,0.0,0.0,0.0,0.5000135925452056
highest_final_diversity,28.0,2.0222729462315097,2.0223829005663867,0.0,0.0,0.0,0.5000135925452056
highest_final_diversity,28.1,2.0222729462315097,2.0223829005663867,0.0,0.0,0.0,0.5000135925452056
highest_final_diversity,28.200000000000003,2.0222729462315097,2.0223829005663867,0.0,0.0,0.0,0.5000135925452056
highest_final_diversity,28.3,2.0222729462315097,2.0223829005663867,0.0,0.0,0.0,0.5000135925452056
highest_final_diversity,28.400000000000002,2.0222729462315097,2.0223829005663867,0.0,0.0,0.0,0.5000135925452056
highest_final_diversity,28.5,2.0222729462315097,2.0223829005663867,0.0,0.0,0.0,0.5000135925452056
highest_final_diversity,28.6,2.0222729462315097,2.0223829005663867,0.0,0.0,0.0,0.5000135925452056
highest_final_diversity,28.700000000000003,2.0222729462315097,2.0223829005663867,0.0,0.0,0.0,0.5000135925452056
highest_final_diversity,28.8,2.0222729462315097,2.0223829005663867,0.0,0.0,0.0,0.5000135925452056
highest_final_diversity,28.900000000000002,2.0222729462315097,2.0223829005663867,0.0,0.0,0.0,0.5000135925452056
highest_final_diversity,29.0,2.0222729462315097,2.0223829005663867,0.0,0.0,0.0,0.5000135925452056
highest_final_diversity,29.1,2.0222729462315097,2.0223829005663867,0.0,0.0,0.0,0.5000135925452056
highest_final_diversity,29.200000000000003,2.0222729462315097,2.0223829005663867,0.0,0.0,0.0,0.5000135925452056
highest_final_diversity,29.3,2.0222729462315097,2.0223829005663867,0.0,0.0,0.0,0.5000135925452056
highest_final_diversity,29.400000000000002,2.0222729462315097,2.0223829005663867,0.0,0.0,0.0,0.5000135925452056
highest_final_diversity,29.5,2.0222729462315097,2.0223829005663867,0.0,0.0,0.0,0.5000135925452056
highest_final_diversity,29.6,2.0222729462315097,2.0223829005663867,0.0,0.0,0.0,0.5000135925452056
highest_final_diversity,29.700000000000003,2.0222729462315097,2.0223829005663867,0.0,0.0,0.0,0.5000135925452056
highest_final_diversity,29.8,2.0222729462315097,2.0223829005663867,0.0,0.0,0.0,0.5000135925452056
highest_final_diversity,29.900000000000002,2.0222729462315097,2.0223829005663867,0.0,0.0,0.0,0.5000135925452056
highest_final_diversity,30.0,2.0222729462315097,2.0223829005663867,0.0,0.0,0.0,0.5000135925452056
highest_final_diversity,30.1,2.0222729462315097,2.0223829005663867,0.0,0.0,0.0,0.5000135925452056
highest_final_diversity,30.200000000000003,2.0222729462315097,2.0223829005663867,0.0,0.0,0.0,0.5000135925452056
highest_final_diversity,30.3,2.0222729462315097,2.0223829005663867,0.0,0.0,0.0,0.5000135925452056
highest_final_diversity,30.400000000000002,2.0222729462315097,2.0223829005663867,0.0,0.0,0.0,0.5000135925452056
highest_final_diversity,30.5,2.0222729462315097,2.0223829005663867,0.0,0.0,0.0,0.5000135925452056
highest_final_diversity,30.6,2.0222729462315097,2.0223829005663867,0.0,0.0,0.0,0.5000135925452056
highest_final_diversity,30.700000000000003,2.0222729462315097,2.0223829005663867,0.0,0.0,0.0,0.5000135925452056
highest_final_diversity,30.8,2.0222729462315097,2.0223829005663867,0.0,0.0,0.0,0.5000135925452056
highest_final_diversity,30.900000000000002,2.0222729462315097,2.0223829005663867,0.0,0.0,0.0,0.5000135925452056
highest_final_diversity,31.0,2.0222729462315097,2.0223829005663867,0.0,0.0,0.0,0.5000135925452056
highest_final_diversity,31.1,2.0222729462315097,2.0223829005663867,0.0,0.0,0.0,0.5000135925452056
highest_final_diversity,31.200000000000003,2.0222729462315097,2.0223829005663867,0.0,0.0,0.0,0.5000135925452056
highest_final_diversity,31.3,2.0222729462315097,2.0223829005663867,0.0,0.0,0.0,0.5000135925452056
highest_final_diversity,31.400000000000002,2.0222729462315097,2.0223829005663867,0.0,0.0,0.0,0.5000135925452056
highest_final_diversity,31.5,2.0222729462315097,2.0223829005663867,0.0,0.0,0.0,0.5000135925452056
highest_final_diversity,31.6,2.0222729462315097,2.0223829005663867,0.0,0.0,0.0,0.5000135925452056
highest_final_diversity,31.700000000000003,2.0222729462315097,2.0223829005663867,0.0,0.0,0.0,0.5000135925452056
highest_final_diversity,31.8,2.0222729462315097,2.0223829005663867,0.0,0.0,0.0,0.5000135925452056
highest_final_diversity,31.900000000000002,2.0222729462315097,2.0223829005663867,0.0,0.0,0.0,0.5000135925452056
highest_final_diversity,32.0,2.0222729462315097,2.0223829005663867,0.0,0.0,0.0,0.5000135925452056
highest_final_diversity,32.1,2.0222729462315097,2.0223829005663867,0.0,0.0,0.0,0.5000135925452056
highest_final_diversity,32.2,2.0222729462315097,2.0223829005663867,0.0,0.0,0.0,0.5000135925452056
highest_final_diversity,32.300000000000004,2.0222729462315097,2.0223829005663867,0.0,0.0,0.0,0.5000135925452056
highest_final_diversity,32.4,2.0222729462315097,2.0223829005663867,0.0,0.0,0.0,0.5000135925452056
highest_final_diversity,32.5,2.0222729462315097,2.0223829005663867,0.0,0.0,0.0,0.5000135925452056
highest_final_diversity,32.6,2.0222729462315097,2.0223829005663867,0.0,0.0,0.0,0.5000135925452056
highest_final_diversity,32.7,2.0222729462315097,2.0223829005663867,0.0,0.0,0.0,0.5000135925452056
highest_final_diversity,32.800000000000004,2.0222729462315097,2.0223829005663867,0.0,0.0,0.0,0.5000135925452056
highest_final_diversity,32.9,2.0222729462315097,2.0223829005663867,0.0,0.0,0.0,0.5000135925452056
highest_final_diversity,33.0,2.0222729462315097,2.0223829005663867,0.0,0.0,0.0,0.5000135925452056
highest_final_diversity,33.1,2.0222729462315097,2.0223829005663867,0.0,0.0,0.0,0.5000135925452056
highest_final_diversity,33.2,2.0222729462315097,2.0223829005663867,0.0,0.0,0.0,0.5000135925452056
highest_final_diversity,33.300000000000004,2.0222729462315097,2.0223829005663867,0.0,0.0,0.0,0.5000135925452056
highest_final_diversity,33.4,2.0222729462315097,2.0223829005663867,0.0,0.0,0.0,0.5000135925452056
highest_final_diversity,33.5,2.0222729462315097,2.0223829005663867,0.0,0.0,0.0,0.5000135925452056
highest_final_diversity,33.6,2.0222729462315097,2.0223829005663867,0.0,0.0,0.0,0.5000135925452056
highest_final_diversity,33.7,2.0222729462315097,2.0223829005663867,0.0,0.0,0.0,0.5000135925452056
highest_final_diversity,33.800000000000004,2.0222729462315097,2.0223829005663867,0.0,0.0,0.0,0.5000135925452056
highest_final_diversity,33.9,2.0222729462315097,2.0223829005663867,0.0,0.0,0.0,0.5000135925452056
highest_final_diversity,34.0,2.0222729462315097,2.0223829005663867,0.0,0.0,0.0,0.5000135925452056
highest_final_diversity,34.1,2.0222729462315097,2.0223829005663867,0.0,0.0,0.0,0.5000135925452056
highest_final_diversity,34.2,2.0222729462315097,2.0223829005663867,0.0,0.0,0.0,0.5000135925452056
highest_final_diversity,34.300000000000004,2.0222729462315097,2.0223829005663867,0.0,0.0,0.0,0.5000135925452056
highest_final_diversity,34.4,2.0222729462315097,2.0223829005663867,0.0,0.0,0.0,0.5000135925452056
highest_final_diversity,34.5,2.0222729462315097,2.0223829005663867,0.0,0.0,0.0,0.5000135925452056
highest_final_diversity,34.6,2.0222729462315097,2.0223829005663867,0.0,0.0,0.0,0.5000135925452056
highest_final_diversity,34.7,2.0222729462315097,2.0223829005663867,0.0,0.0,0.0,0.5000135925452056
highest_final_diversity,34.800000000000004,2.0222729462315097,2.0223829005663867,0.0,0.0,0.0,0.5000135925452056
highest_final_diversity,34.9,2.0222729462315097,2.0223829005663867,0.0,0.0,0.0,0.5000135925452056
highest_final_diversity,35.0,2.0222729462315097,2.0223829005663867,0.0,0.0,0.0,0.5000135925452056
highest_final_diversity,35.1,2.0222729462315097,2.0223829005663867,0.0,0.0,0.0,0.5000135925452056
highest_final_diversity,35.2,2.0222729462315097,2.0223829005663867,0.0,0.0,0.0,0.5000135925452056
highest_final_diversity,35.300000000000004,2.0222729462315097,2.0223829005663867,0.0,0.0,0.0,0.5000135925452056
highest_final_diversity,35.4,2.0222729462315097,2.0223829005663867,0.0,0.0,0.0,0.5000135925452056
highest_final_diversity,35.5,2.0222729462315097,2.0223829005663867,0.0,0.0,0.0,0.5000135925452056
highest_final_diversity,35.6,2.0222729462315097,2.0223829005663867,0.0,0.0,0.0,0.5000135925452056
highest_final_diversity,35.7,2.0222729462315097,2.0223829005663867,0.0,0.0,0.0,0.5000135925452056
highest_final_diversity,35.800000000000004,2.0222729462315097,2.0223829005663867,0.0,0.0,0.0,0.5000135925452056
highest_final_diversity,35.9,2.0222729462315097,2.0223829005663867,0.0,0.0,0.0,0.5000135925452056
highest_final_diversity,36.0,2.0222729462315097,2.0223829005663867,0.0,0.0,0.0,0.5000135925452056
highest_final_diversity,36.1,2.0222729462315097,2.0223829005663867,0.0,0.0,0.0,0.5000135925452056
highest_final_diversity,36.2,2.0222729462315097,2.0223829005663867,0.0,0.0,0.0,0.5000135925452056
highest_final_diversity,36.300000000000004,2.0222729462315097,2.0223829005663867,0.0,0.0,0.0,0.5000135925452056
highest_final_diversity,36.4,2.0222729462315097,2.0223829005663867,0.0,0.0,0.0,0.5000135925452056
highest_final_diversity,36.5,2.0222729462315097,2.0223829005663867,0.0,0.0,0.0,0.5000135925452056
highest_final_diversity,36.6,2.0222729462315097,2.0223829005663867,0.0,0.0,0.0,0.5000135925452056
highest_final_diversity,36.7,2.0222729462315097,2.0223829005663867,0.0,0.0,0.0,0.5000135925452056
highest_final_diversity,36.800000000000004,2.0222729462315097,2.0223829005663867,0.0,0.0,0.0,0.5000135925452056
highest_final_diversity,36.9,2.0222729462315097,2.0223829005663867,0.0,0.0,0.0,0.5000135925452056
highest_final_diversity,37.0,2.0222729462315097,2.0223829005663867,0.0,0.0,0.0,0.5000135925452056
highest_final_diversity,37.1,2.0222729462315097,2.0223829005663867,0.0,0.0,0.0,0.5000135925452056
highest_final_diversity,37.2,2.0222729462315097,2.0223829005663867,0.0,0.0,0.0,0.5000135925452056
highest_final_diversity,37.300000000000004,2.0222729462315097,2.0223829005663867,0.0,0.0,0.0,0.5000135925452056
highest_final_diversity,37.4,2.0222729462315097,2.0223829005663867,0.0,0.0,0.0,0.5000135925452056
highest_final_diversity,37.5,2.0222729462315097,2.0223829005663867,0.0,0.0,0.0,0.5000135925452056
highest_final_diversity,37.6,2.0222729462315097,2.0223829005663867,0.0,0.0,0.0,0.5000135925452056
highest_final_diversity,37.7,2.0222729462315097,2.0223829005663867,0.0,0.0,0.0,0.5000135925452056
highest_final_diversity,37.800000000000004,2.0222729462315097,2.0223829005663867,0.0,0.0,0.0,0.5000135925452056
highest_final_diversity,37.9,2.0222729462315097,2.0223829005663867,0.0,0.0,0.0,0.5000135925452056
highest_final_diversity,38.0,2.0222729462315097,2.0223829005663867,0.0,0.0,0.0,0.5000135925452056
highest_final_diversity,38.1,2.0222729462315097,2.0223829005663867,0.0,0.0,0.0,0.5000135925452056
highest_final_diversity,38.2,2.0222729462315097,2.0223829005663867,0.0,0.0,0.0,0.5000135925452056
highest_final_diversity,38.300000000000004,2.0222729462315097,2.0223829005663867,0.0,0.0,0.0,0.5000135925452056
highest_final_diversity,38.400000000000006,2.0222729462315097,2.0223829005663867,0.0,0.0,0.0,0.5000135925452056
highest_final_diversity,38.5,2.0222729462315097,2.0223829005663867,0.0,0.0,0.0,0.5000135925452056
highest_final_diversity,38.6,2.0222729462315097,2.0223829005663867,0.0,0.0,0.0,0.5000135925452056
highest_final_diversity,38.7,2.0222729462315097,2.0223829005663867,0.0,0.0,0.0,0.5000135925452056
highest_final_diversity,38.800000000000004,2.0222729462315097,2.0223829005663867,0.0,0.0,0.0,0.5000135925452056
highest_final_diversity,38.900000000000006,2.0222729462315097,2.0223829005663867,0.0,0.0,0.0,0.5000135925452056
highest_final_diversity,39.0,2.0222729462315097,2.0223829005663867,0.0,0.0,0.0,0.5000135925452056
highest_final_diversity,39.1,2.0222729462315097,2.0223829005663867,0.0,0.0,0.0,0.5000135925452056
highest_final_diversity,39.2,2.0222729462315097,2.0223829005663867,0.0,0.0,0.0,0.5000135925452056
highest_final_diversity,39.300000000000004,2.0222729462315097,2.0223829005663867,0.0,0.0,0.0,0.5000135925452056
highest_final_diversity,39.400000000000006,2.0222729462315097,2.0223829005663867,0.0,0.0,0.0,0.5000135925452056
highest_final_diversity,39.5,2.0222729462315097,2.0223829005663867,0.0,0.0,0.0,0.5000135925452056
highest_final_diversity,39.6,2.0222729462315097,2.0223829005663867,0.0,0.0,0.0,0.5000135925452056
highest_final_diversity,39.7,2.0222729462315097,2.0223829005663867,0.0,0.0,0.0,0.5000135925452056
highest_final_diversity,39.800000000000004,2.0222729462315097,2.0223829005663867,0.0,0.0,0.0,0.5000135925452056
highest_final_diversity,39.900000000000006,2.0222729462315097,2.0223829005663867,0.0,0.0,0.0,0.5000135925452056
highest_final_diversity,40.0,2.0222729462315097,2.0223829005663867,0.0,0.0,0.0,0.5000135925452056
highest_final_diversity,40.1,2.0222729462315097,2.0223829005663867,0.0,0.0,0.0,0.5000135925452056
highest_final_diversity,40.2,2.0222729462315097,2.0223829005663867,0.0,0.0,0.0,0.5000135925452056
highest_final_diversity,40.300000000000004,2.0222729462315097,2.0223829005663867,0.0,0.0,0.0,0.5000135925452056
highest_final_diversity,40.400000000000006,2.0222729462315097,2.0223829005663867,0.0,0.0,0.0,0.5000135925452056
highest_final_diversity,40.5,2.0222729462315097,2.0223829005663867,0.0,0.0,0.0,0.5000135925452056
highest_final_diversity,40.6,2.0222729462315097,2.0223829005663867,0.0,0.0,0.0,0.5000135925452056
highest_final_diversity,40.7,2.0222729462315097,2.0223829005663867,0.0,0.0,0.0,0.5000135925452056
highest_final_diversity,40.800000000000004,2.0222729462315097,2.0223829005663867,0.0,0.0,0.0,0.5000135925452056
highest_final_diversity,40.900000000000006,2.0222729462315097,2.0223829005663867,0.0,0.0,0.0,0.5000135925452056
highest_final_diversity,41.0,2.0222729462315097,2.0223829005663867,0.0,0.0,0.0,0.5000135925452056
highest_final_diversity,41.1,2.0222729462315097,2.0223829005663867,0.0,0.0,0.0,0.5000135925452056
highest_final_diversity,41.2,2.0222729462315097,2.0223829005663867,0.0,0.0,0.0,0.5000135925452056
highest_final_diversity,41.300000000000004,2.0222729462315097,2.0223829005663867,0.0,0.0,0.0,0.5000135925452056
highest_final_diversity,41.400000000000006,2.0222729462315097,2.0223829005663867,0.0,0.0,0.0,0.5000135925452056
highest_final_diversity,41.5,2.0222729462315097,2.0223829005663867,0.0,0.0,0.0,0.5000135925452056
highest_final_diversity,41.6,2.0222729462315097,2.0223829005663867,0.0,0.0,0.0,0.5000135925452056
highest_final_diversity,41.7,2.0222729462315097,2.0223829005663867,0.0,0.0,0.0,0.5000135925452056
highest_final_diversity,41.800000000000004,2.0222729462315097,2.0223829005663867,0.0,0.0,0.0,0.5000135925452056
highest_final_diversity,41.900000000000006,2.0222729462315097,2.0223829005663867,0.0,0.0,0.0,0.5000135925452056
highest_final_diversity,42.0,2.0222729462315097,2.0223829005663867,0.0,0.0,0.0,0.5000135925452056
highest_final_diversity,42.1,2.0222729462315097,2.0223829005663867,0.0,0.0,0.0,0.5000135925452056
highest_final_diversity,42.2,2.0222729462315097,2.0223829005663867,0.0,0.0,0.0,0.5000135925452056
highest_final_diversity,42.300000000000004,2.0222729462315097,2.0223829005663867,0.0,0.0,0.0,0.5000135925452056
highest_final_diversity,42.400000000000006,2.0222729462315097,2.0223829005663867,0.0,0.0,0.0,0.5000135925452056
highest_final_diversity,42.5,2.0222729462315097,2.0223829005663867,0.0,0.0,0.0,0.5000135925452056
highest_final_diversity,42.6,2.0222729462315097,2.0223829005663867,0.0,0.0,0.0,0.5000135925452056
highest_final_diversity,42.7,2.0222729462315097,2.0223829005663867,0.0,0.0,0.0,0.5000135925452056
highest_final_diversity,42.800000000000004,2.0222729462315097,2.0223829005663867,0.0,0.0,0.0,0.5000135925452056
highest_final_diversity,42.900000000000006,2.0222729462315097,2.0223829005663867,0.0,0.0,0.0,0.5000135925452056
highest_final_diversity,43.0,2.0222729462315097,2.0223829005663867,0.0,0.0,0.0,0.5000135925452056
highest_final_diversity,43.1,2.0222729462315097,2.0223829005663867,0.0,0.0,0.0,0.5000135925452056
highest_final_diversity,43.2,2.0222729462315097,2.0223829005663867,0.0,0.0,0.0,0.5000135925452056
highest_final_diversity,43.300000000000004,2.0222729462315097,2.0223829005663867,0.0,0.0,0.0,0.5000135925452056
highest_final_diversity,43.400000000000006,2.0222729462315097,2.0223829005663867,0.0,0.0,0.0,0.5000135925452056
highest_final_diversity,43.5,2.0222729462315097,2.0223829005663867,0.0,0.0,0.0,0.5000135925452056
highest_final_diversity,43.6,2.0222729462315097,2.0223829005663867,0.0,0.0,0.0,0.5000135925452056
highest_final_diversity,43.7,2.0222729462315097,2.0223829005663867,0.0,0.0,0.0,0.5000135925452056
highest_final_diversity,43.800000000000004,2.0222729462315097,2.0223829005663867,0.0,0.0,0.0,0.5000135925452056
highest_final_diversity,43.900000000000006,2.0222729462315097,2.0223829005663867,0.0,0.0,0.0,0.5000135925452056
highest_final_diversity,44.0,2.0222729462315097,2.0223829005663867,0.0,0.0,0.0,0.5000135925452056
highest_final_diversity,44.1,2.0222729462315097,2.0223829005663867,0.0,0.0,0.0,0.5000135925452056
highest_final_diversity,44.2,2.0222729462315097,2.0223829005663867,0.0,0.0,0.0,0.5000135925452056
highest_final_diversity,44.300000000000004,2.0222729462315097,2.0223829005663867,0.0,0.0,0.0,0.5000135925452056
highest_final_diversity,44.400000000000006,2.0222729462315097,2.0223829005663867,0.0,0.0,0.0,0.5000135925452056
highest_final_diversity,44.5,2.0222729462315097,2.0223829005663867,0.0,0.0,0.0,0.5000135925452056
highest_final_diversity,44.6,2.0222729462315097,2.0223829005663867,0.0,0.0,0.0,0.5000135925452056
highest_final_diversity,44.7,2.0222729462315097,2.0223829005663867,0.0,0.0,0.0,0.5000135925452056
highest_final_diversity,44.800000000000004,2.0222729462315097,2.0223829005663867,0.0,0.0,0.0,0.5000135925452056
highest_final_diversity,44.900000000000006,2.0222729462315097,2.0223829005663867,0.0,0.0,0.0,0.5000135925452056
highest_final_diversity,45.0,2.0222729462315097,2.0223829005663867,0.0,0.0,0.0,0.5000135925452056
highest_final_diversity,45.1,2.0222729462315097,2.0223829005663867,0.0,0.0,0.0,0.5000135925452056
highest_final_diversity,45.2,2.0222729462315097,2.0223829005663867,0.0,0.0,0.0,0.5000135925452056
highest_final_diversity,45.300000000000004,2.0222729462315097,2.0223829005663867,0.0,0.0,0.0,0.5000135925452056
highest_final_diversity,45.400000000000006,2.0222729462315097,2.0223829005663867,0.0,0.0,0.0,0.5000135925452056
highest_final_diversity,45.5,2.0222729462315097,2.0223829005663867,0.0,0.0,0.0,0.5000135925452056
highest_final_diversity,45.6,2.0222729462315097,2.0223829005663867,0.0,0.0,0.0,0.5000135925452056
highest_final_diversity,45.7,2.0222729462315097,2.0223829005663867,0.0,0.0,0.0,0.5000135925452056
highest_final_diversity,45.800000000000004,2.0222729462315097,2.0223829005663867,0.0,0.0,0.0,0.5000135925452056
highest_final_diversity,45.900000000000006,2.0222729462315097,2.0223829005663867,0.0,0.0,0.0,0.5000135925452056
highest_final_diversity,46.0,2.0222729462315097,2.0223829005663867,0.0,0.0,0.0,0.5000135925452056
highest_final_diversity,46.1,2.0222729462315097,2.0223829005663867,0.0,0.0,0.0,0.5000135925452056
highest_final_diversity,46.2,2.0222729462315097,2.0223829005663867,0.0,0.0,0.0,0.5000135925452056
highest_final_diversity,46.300000000000004,2.0222729462315097,2.0223829005663867,0.0,0.0,0.0,0.5000135925452056
highest_final_diversity,46.400000000000006,2.0222729462315097,2.0223829005663867,0.0,0.0,0.0,0.5000135925452056
highest_final_diversity,46.5,2.0222729462315097,2.0223829005663867,0.0,0.0,0.0,0.5000135925452056
highest_final_diversity,46.6,2.0222729462315097,2.0223829005663867,0.0,0.0,0.0,0.5000135925452056
highest_final_diversity,46.7,2.0222729462315097,2.0223829005663867,0.0,0.0,0.0,0.5000135925452056
highest_final_diversity,46.800000000000004,2.0222729462315097,2.0223829005663867,0.0,0.0,0.0,0.5000135925452056
highest_final_diversity,46.900000000000006,2.0222729462315097,2.0223829005663867,0.0,0.0,0.0,0.5000135925452056
highest_final_diversity,47.0,2.0222729462315097,2.0223829005663867,0.0,0.0,0.0,0.5000135925452056
highest_final_diversity,47.1,2.0222729462315097,2.0223829005663867,0.0,0.0,0.0,0.5000135925452056
highest_final_diversity,47.2,2.0222729462315097,2.0223829005663867,0.0,0.0,0.0,0.5000135925452056
highest_final_diversity,47.300000000000004,2.0222729462315097,2.0223829005663867,0.0,0.0,0.0,0.5000135925452056
highest_final_diversity,47.400000000000006,2.0222729462315097,2.0223829005663867,0.0,0.0,0.0,0.5000135925452056
highest_final_diversity,47.5,2.0222729462315097,2.0223829005663867,0.0,0.0,0.0,0.5000135925452056
highest_final_diversity,47.6,2.0222729462315097,2.0223829005663867,0.0,0.0,0.0,0.5000135925452056
highest_final_diversity,47.7,2.0222729462315097,2.0223829005663867,0.0,0.0,0.0,0.5000135925452056
highest_final_diversity,47.800000000000004,2.0222729462315097,2.0223829005663867,0.0,0.0,0.0,0.5000135925452056
highest_final_diversity,47.900000000000006,2.0222729462315097,2.0223829005663867,0.0,0.0,0.0,0.5000135925452056
highest_final_diversity,48.0,2.0222729462315097,2.0223829005663867,0.0,0.0,0.0,0.5000135925452056
highest_final_diversity,48.1,2.0222729462315097,2.0223829005663867,0.0,0.0,0.0,0.5000135925452056
highest_final_diversity,48.2,2.0222729462315097,2.0223829005663867,0.0,0.0,0.0,0.5000135925452056
highest_final_diversity,48.300000000000004,2.0222729462315097,2.0223829005663867,0.0,0.0,0.0,0.5000135925452056
highest_final_diversity,48.400000000000006,2.0222729462315097,2.0223829005663867,0.0,0.0,0.0,0.5000135925452056
highest_final_diversity,48.5,2.0222729462315097,2.0223829005663867,0.0,0.0,0.0,0.5000135925452056
highest_final_diversity,48.6,2.0222729462315097,2.0223829005663867,0.0,0.0,0.0,0.5000135925452056
highest_final_diversity,48.7,2.0222729462315097,2.0223829005663867,0.0,0.0,0.0,0.5000135925452056
highest_final_diversity,48.800000000000004,2.0222729462315097,2.0223829005663867,0.0,0.0,0.0,0.5000135925452056
highest_final_diversity,48.900000000000006,2.0222729462315097,2.0223829005663867,0.0,0.0,0.0,0.5000135925452056
highest_final_diversity,49.0,2.0222729462315097,2.0223829005663867,0.0,0.0,0.0,0.5000135925452056
highest_final_diversity,49.1,2.0222729462315097,2.0223829005663867,0.0,0.0,0.0,0.5000135925452056
highest_final_diversity,49.2,2.0222729462315097,2.0223829005663867,0.0,0.0,0.0,0.5000135925452056
highest_final_diversity,49.300000000000004,2.0222729462315097,2.0223829005663867,0.0,0.0,0.0,0.5000135925452056
highest_final_diversity,49.400000000000006,2.0222729462315097,2.0223829005663867,0.0,0.0,0.0,0.5000135925452056
highest_final_diversity,49.5,2.0222729462315097,2.0223829005663867,0.0,0.0,0.0,0.5000135925452056
highest_final_diversity,49.6,2.0222729462315097,2.0223829005663867,0.0,0.0,0.0,0.5000135925452056
highest_final_diversity,49.7,2.0222729462315097,2.0223829005663867,0.0,0.0,0.0,0.5000135925452056
highest_final_diversity,49.800000000000004,2.0222729462315097,2.0223829005663867,0.0,0.0,0.0,0.5000135925452056
highest_final_diversity,49.900000000000006,2.0222729462315097,2.0223829005663867,0.0,0.0,0.0,0.5000135925452056
highest_final_diversity,50.0,2.0222729462315097,2.0223829005663867,0.0,0.0,0.0,0.5000135925452056
highest_final_diversity,50.1,2.0222729462315097,2.0223829005663867,0.0,0.0,0.0,0.5000135925452056
highest_final_diversity,50.2,2.0222729462315097,2.0223829005663867,0.0,0.0,0.0,0.5000135925452056
highest_final_diversity,50.300000000000004,2.0222729462315097,2.0223829005663867,0.0,0.0,0.0,0.5000135925452056
highest_final_diversity,50.400000000000006,2.0222729462315097,2.0223829005663867,0.0,0.0,0.0,0.5000135925452056
highest_final_diversity,50.5,2.0222729462315097,2.0223829005663867,0.0,0.0,0.0,0.5000135925452056
highest_final_diversity,50.6,2.0222729462315097,2.0223829005663867,0.0,0.0,0.0,0.5000135925452056
highest_final_diversity,50.7,2.0222729462315097,2.0223829005663867,0.0,0.0,0.0,0.5000135925452056
highest_final_diversity,50.800000000000004,2.0222729462315097,2.0223829005663867,0.0,0.0,0.0,0.5000135925452056
highest_final_diversity,50.900000000000006,2.0222729462315097,2.0223829005663867,0.0,0.0,0.0,0.5000135925452056
highest_final_diversity,51.0,2.0222729462315097,2.0223829005663867,0.0,0.0,0.0,0.5000135925452056
highest_final_diversity,51.1,2.0222729462315097,2.0223829005663867,0.0,0.0,0.0,0.5000135925452056
highest_final_diversity,51.2,2.0222729462315097,2.0223829005663867,0.0,0.0,0.0,0.5000135925452056
highest_final_diversity,51.300000000000004,2.0222729462315097,2.0223829005663867,0.0,0.0,0.0,0.5000135925452056
highest_final_diversity,51.400000000000006,2.0222729462315097,2.0223829005663867,0.0,0.0,0.0,0.5000135925452056
highest_final_diversity,51.5,2.0222729462315097,2.0223829005663867,0.0,0.0,0.0,0.5000135925452056
highest_final_diversity,51.6,2.0222729462315097,2.0223829005663867,0.0,0.0,0.0,0.5000135925452056
highest_final_diversity,51.7,2.0222729462315097,2.0223829005663867,0.0,0.0,0.0,0.5000135925452056
highest_final_diversity,51.800000000000004,2.0222729462315097,2.0223829005663867,0.0,0.0,0.0,0.5000135925452056
highest_final_diversity,51.900000000000006,2.0222729462315097,2.0223829005663867,0.0,0.0,0.0,0.5000135925452056
highest_final_diversity,52.0,2.0222729462315097,2.0223829005663867,0.0,0.0,0.0,0.5000135925452056
highest_final_diversity,52.1,2.0222729462315097,2.0223829005663867,0.0,0.0,0.0,0.5000135925452056
highest_final_diversity,52.2,2.0222729462315097,2.0223829005663867,0.0,0.0,0.0,0.5000135925452056
highest_final_diversity,52.300000000000004,2.0222729462315097,2.0223829005663867,0.0,0.0,0.0,0.5000135925452056
highest_final_diversity,52.400000000000006,2.0222729462315097,2.0223829005663867,0.0,0.0,0.0,0.5000135925452056
highest_final_diversity,52.5,2.0222729462315097,2.0223829005663867,0.0,0.0,0.0,0.5000135925452056
highest_final_diversity,52.6,2.0222729462315097,2.0223829005663867,0.0,0.0,0.0,0.5000135925452056
highest_final_diversity,52.7,2.0222729462315097,2.0223829005663867,0.0,0.0,0.0,0.5000135925452056
highest_final_diversity,52.800000000000004,2.0222729462315097,2.0223829005663867,0.0,0.0,0.0,0.5000135925452056
highest_final_diversity,52.900000000000006,2.0222729462315097,2.0223829005663867,0.0,0.0,0.0,0.5000135925452056
highest_final_diversity,53.0,2.0222729462315097,2.0223829005663867,0.0,0.0,0.0,0.5000135925452056
highest_final_diversity,53.1,2.0222729462315097,2.0223829005663867,0.0,0.0,0.0,0.5000135925452056
highest_final_diversity,53.2,2.0222729462315097,2.0223829005663867,0.0,0.0,0.0,0.5000135925452056
highest_final_diversity,53.300000000000004,2.0222729462315097,2.0223829005663867,0.0,0.0,0.0,0.5000135925452056
highest_final_diversity,53.400000000000006,2.0222729462315097,2.0223829005663867,0.0,0.0,0.0,0.5000135925452056
highest_final_diversity,53.5,2.0222729462315097,2.0223829005663867,0.0,0.0,0.0,0.5000135925452056
highest_final_diversity,53.6,2.0222729462315097,2.0223829005663867,0.0,0.0,0.0,0.5000135925452056
highest_final_diversity,53.7,2.0222729462315097,2.0223829005663867,0.0,0.0,0.0,0.5000135925452056
highest_final_diversity,53.800000000000004,2.0222729462315097,2.0223829005663867,0.0,0.0,0.0,0.5000135925452056
highest_final_diversity,53.900000000000006,2.0222729462315097,2.0223829005663867,0.0,0.0,0.0,0.5000135925452056
highest_final_diversity,54.0,2.0222729462315097,2.0223829005663867,0.0,0.0,0.0,0.5000135925452056
highest_final_diversity,54.1,2.0222729462315097,2.0223829005663867,0.0,0.0,0.0,0.5000135925452056
highest_final_diversity,54.2,2.0222729462315097,2.0223829005663867,0.0,0.0,0.0,0.5000135925452056
highest_final_diversity,54.300000000000004,2.0222729462315097,2.0223829005663867,0.0,0.0,0.0,0.5000135925452056
highest_final_diversity,54.400000000000006,2.0222729462315097,2.0223829005663867,0.0,0.0,0.0,0.5000135925452056
highest_final_diversity,54.5,2.0222729462315097,2.0223829005663867,0.0,0.0,0.0,0.5000135925452056
highest_final_diversity,54.6,2.0222729462315097,2.0223829005663867,0.0,0.0,0.0,0.5000135925452056
highest_final_diversity,54.7,2.0222729462315097,2.0223829005663867,0.0,0.0,0.0,0.5000135925452056
highest_final_diversity,54.800000000000004,2.0222729462315097,2.0223829005663867,0.0,0.0,0.0,0.5000135925452056
highest_final_diversity,54.900000000000006,2.0222729462315097,2.0223829005663867,0.0,0.0,0.0,0.5000135925452056
highest_final_diversity,55.0,2.0222729462315097,2.0223829005663867,0.0,0.0,0.0,0.5000135925452056
highest_final_diversity,55.1,2.0222729462315097,2.0223829005663867,0.0,0.0,0.0,0.5000135925452056
highest_final_diversity,55.2,2.0222729462315097,2.0223829005663867,0.0,0.0,0.0,0.5000135925452056
highest_final_diversity,55.300000000000004,2.0222729462315097,2.0223829005663867,0.0,0.0,0.0,0.5000135925452056
highest_final_diversity,55.400000000000006,2.0222729462315097,2.0223829005663867,0.0,0.0,0.0,0.5000135925452056
highest_final_diversity,55.5,2.0222729462315097,2.0223829005663867,0.0,0.0,0.0,0.5000135925452056
highest_final_diversity,55.6,2.0222729462315097,2.0223829005663867,0.0,0.0,0.0,0.5000135925452056
highest_final_diversity,55.7,2.0222729462315097,2.0223829005663867,0.0,0.0,0.0,0.5000135925452056
highest_final_diversity,55.800000000000004,2.0222729462315097,2.0223829005663867,0.0,0.0,0.0,0.5000135925452056
highest_final_diversity,55.900000000000006,2.0222729462315097,2.0223829005663867,0.0,0.0,0.0,0.5000135925452056
highest_final_diversity,56.0,2.0222729462315097,2.0223829005663867,0.0,0.0,0.0,0.5000135925452056
highest_final_diversity,56.1,2.0222729462315097,2.0223829005663867,0.0,0.0,0.0,0.5000135925452056
highest_final_diversity,56.2,2.0222729462315097,2.0223829005663867,0.0,0.0,0.0,0.5000135925452056
highest_final_diversity,56.300000000000004,2.0222729462315097,2.0223829005663867,0.0,0.0,0.0,0.5000135925452056
highest_final_diversity,56.400000000000006,2.0222729462315097,2.0223829005663867,0.0,0.0,0.0,0.5000135925452056
highest_final_diversity,56.5,2.0222729462315097,2.0223829005663867,0.0,0.0,0.0,0.5000135925452056
highest_final_diversity,56.6,2.0222729462315097,2.0223829005663867,0.0,0.0,0.0,0.5000135925452056
highest_final_diversity,56.7,2.0222729462315097,2.0223829005663867,0.0,0.0,0.0,0.5000135925452056
highest_final_diversity,56.800000000000004,2.0222729462315097,2.0223829005663867,0.0,0.0,0.0,0.5000135925452056
highest_final_diversity,56.900000000000006,2.0222729462315097,2.0223829005663867,0.0,0.0,0.0,0.5000135925452056
highest_final_diversity,57.0,2.0222729462315097,2.0223829005663867,0.0,0.0,0.0,0.5000135925452056
highest_final_diversity,57.1,2.0222729462315097,2.0223829005663867,0.0,0.0,0.0,0.5000135925452056
highest_final_diversity,57.2,2.0222729462315097,2.0223829005663867,0.0,0.0,0.0,0.5000135925452056
highest_final_diversity,57.300000000000004,2.0222729462315097,2.0223829005663867,0.0,0.0,0.0,0.5000135925452056
highest_final_diversity,57.400000000000006,2.0222729462315097,2.0223829005663867,0.0,0.0,0.0,0.5000135925452056
highest_final_diversity,57.5,2.0222729462315097,2.0223829005663867,0.0,0.0,0.0,0.5000135925452056
highest_final_diversity,57.6,2.0222729462315097,2.0223829005663867,0.0,0.0,0.0,0.5000135925452056
highest_final_diversity,57.7,2.0222729462315097,2.0223829005663867,0.0,0.0,0.0,0.5000135925452056
highest_final_diversity,57.800000000000004,2.0222729462315097,2.0223829005663867,0.0,0.0,0.0,0.5000135925452056
highest_final_diversity,57.900000000000006,2.0222729462315097,2.0223829005663867,0.0,0.0,0.0,0.5000135925452056
highest_final_diversity,58.0,2.0222729462315097,2.0223829005663867,0.0,0.0,0.0,0.5000135925452056
highest_final_diversity,58.1,2.0222729462315097,2.0223829005663867,0.0,0.0,0.0,0.5000135925452056
highest_final_diversity,58.2,2.0222729462315097,2.0223829005663867,0.0,0.0,0.0,0.5000135925452056
highest_final_diversity,58.300000000000004,2.0222729462315097,2.0223829005663867,0.0,0.0,0.0,0.5000135925452056
highest_final_diversity,58.400000000000006,2.0222729462315097,2.0223829005663867,0.0,0.0,0.0,0.5000135925452056
highest_final_diversity,58.5,2.0222729462315097,2.0223829005663867,0.0,0.0,0.0,0.5000135925452056
highest_final_diversity,58.6,2.0222729462315097,2.0223829005663867,0.0,0.0,0.0,0.5000135925452056
highest_final_diversity,58.7,2.0222729462315097,2.0223829005663867,0.0,0.0,0.0,0.5000135925452056
highest_final_diversity,58.800000000000004,2.0222729462315097,2.0223829005663867,0.0,0.0,0.0,0.5000135925452056
highest_final_diversity,58.900000000000006,2.0222729462315097,2.0223829005663867,0.0,0.0,0.0,0.5000135925452056
highest_final_diversity,59.0,2.0222729462315097,2.0223829005663867,0.0,0.0,0.0,0.5000135925452056
highest_final_diversity,59.1,2.0222729462315097,2.0223829005663867,0.0,0.0,0.0,0.5000135925452056
highest_final_diversity,59.2,2.0222729462315097,2.0223829005663867,0.0,0.0,0.0,0.5000135925452056
highest_final_diversity,59.300000000000004,2.0222729462315097,2.0223829005663867,0.0,0.0,0.0,0.5000135925452056
highest_final_diversity,59.400000000000006,2.0222729462315097,2.0223829005663867,0.0,0.0,0.0,0.5000135925452056
highest_final_diversity,59.5,2.0222729462315097,2.0223829005663867,0.0,0.0,0.0,0.5000135925452056
highest_final_diversity,59.6,2.0222729462315097,2.0223829005663867,0.0,0.0,0.0,0.5000135925452056
highest_final_diversity,59.7,2.0222729462315097,2.0223829005663867,0.0,0.0,0.0,0.5000135925452056
highest_final_diversity,59.800000000000004,2.0222729462315097,2.0223829005663867,0.0,0.0,0.0,0.5000135925452056
highest_final_diversity,59.900000000000006,2.0222729462315097,2.0223829005663867,0.0,0.0,0.0,0.5000135925452056
highest_final_diversity,60.0,2.0222729462315097,2.0223829005663867,0.0,0.0,0.0,0.5000135925452056
