species,growth_score,mu_max,death_rate,total_uptake_capacity,M1_secretion_share,M2_secretion_share,initial_biomass,starvation_death_increment,leakage_fraction,can_consume_R0,K_R0,preference_R0,uptake_max_R0,can_consume_M1,K_M1,preference_M1,uptake_max_M1,can_consume_M2,K_M2,preference_M2,uptake_max_M2,starting_community,initial_percent,final_percent,final_biomass,survived,extinction_time
S01,0.612673574318909,0.612673574318909,0.007420976596722972,0.7658419678986362,0.8515350106661261,0.14846498933387386,0.0004,0.0793480687242074,0.2,True,0.08267722819017101,1.0,0.7658419678986362,False,0.24680217603901325,0.0,0.0,False,0.13553025329604063,0.0,0.0,Equal,4.0,0.0,0.0,False,244.44879903764027
S02,0.4769479474461431,0.4769479474461431,0.009751181422341732,0.4769479474461431,0.7746232369892749,0.225376763010725,0.0004,0.0698768721276962,0.2,False,0.07350482270726946,0.0,0.0,True,0.2503640944093288,1.0,0.4769479474461431,False,0.11819720718406515,0.0,0.0,Equal,4.0,0.0,0.0,False,208.65437557943972
S03,0.6609003678039989,0.6609003678039989,0.004888754183772857,0.6609003678039989,0.7770481541141616,0.2229518458858385,0.0004,0.08146388581414843,0.2,False,0.14743808099146147,0.0,0.0,False,0.15074240746696427,0.0,0.0,True,0.06680679554310197,1.0,0.6609003678039989,Equal,4.0,0.0,0.0,False,197.20855532803955
S04,0.5774540697011499,0.5774540697011499,0.006949953839124522,0.7218175871264373,0.5960192798816303,0.40398072011836966,0.0004,0.0580001671412019,0.2,True,0.038614743766361884,1.0,0.7218175871264373,False,0.4191647795688755,0.0,0.0,False,0.0844299626119586,0.0,0.0,Equal,4.0,0.5911981487112307,1.8963511773749715e-09,True,
S05,0.3029913307400761,0.3029913307400761,0.011429871068700135,0.3029913307400761,0.6147032926219209,0.38529670737807903,0.0004,0.05575912988788975,0.2,False,0.12189154588028865,0.0,0.0,True,0.0589525251264103,0.7566828308376615,0.22926833786367096,True,0.11168718561837372,0.24331716916233845,0.07372299287640514,Equal,4.0,0.0,0.0,False,260.24445219280625
S06,0.7945463564246886,0.7945463564246886,0.011975314284901607,0.7945463564246886,0.9552426054620005,0.04475739453799964,0.0004,0.04961788799213952,0.2,False,0.020328799116190205,0.0,0.0,True,0.09947885305494389,0.3643016652352265,0.28945456075209586,True,0.036708221803471205,0.6356983347647736,0.5050917956725928,Equal,4.0,0.6361594007107402,2.0405707141772916e-09,True,
S07,0.606387639168178,0.606387639168178,0.015536751522968403,0.606387639168178,0.3874659520217885,0.6125340479782114,0.0004,0.07037270310762941,0.2,False,0.16611973230484037,0.0,0.0,True,0.1956795516670934,0.48543944075491635,0.29436447643849434,True,0.09504757446320862,0.5145605592450837,0.31202316272968367,Equal,4.0,0.0,0.0,False,197.99046424308986
S08,0.6187995707493525,0.6187995707493525,0.0086479976251629,0.6268428907487028,0.14578479652280407,0.8542152034771959,0.0004,0.06855825432524357,0.2,True,0.061647047565342686,0.06415738391595431,0.04021659999675113,False,0.08230244518870282,0.0,0.0,True,0.07312048231028687,0.9358426160840457,0.5866262907519517,Equal,4.0,0.0,0.0,False,218.39375282869395
S09,0.3299253740639157,0.3299253740639157,0.00901023691345938,0.3299253740639157,0.05692571364264103,0.9430742863573589,0.0004,0.0878923726786023,0.2,False,0.1514259539206829,0.0,0.0,False,0.164020304600423,0.0,0.0,True,0.12926372578349954,1.0,0.3299253740639157,Equal,4.0,0.0,0.0,False,154.10541162157776
S10,0.4813131824098549,0.4813131824098549,0.009772556981438394,0.4938164658343517,0.3527105100215366,0.6472894899784635,0.0004,0.06562392284656213,0.2,True,0.20250958078455603,0.12659848637662735,0.06251641712248443,False,0.12361786566077958,0.0,0.0,True,0.21949645590677294,0.8734015136233727,0.4313000487118673,Equal,4.0,0.0,0.0,False,201.52537703445142
S11,0.4505829385797492,0.4505829385797492,0.007364310915885195,0.4505829385797492,0.9504957364848154,0.04950426351518464,0.0004,0.03777608305623941,0.2,False,0.06137243178556847,0.0,0.0,True,0.05524512263454684,1.0,0.4505829385797492,False,0.042947386223892714,0.0,0.0,Equal,4.0,91.20690845851071,2.9255898148035326e-07,True,
S12,0.7174226061194302,0.7174226061194302,0.006625004309591233,0.7174226061194303,0.12454076598729688,0.8754592340127031,0.0004,0.060329466933964994,0.2,False,0.13046477434137663,0.0,0.0,True,0.06347673384693431,0.13074209451525468,0.09379733417664689,True,0.08735386611546832,0.8692579054847452,0.6236252719427834,Equal,4.0,0.0,0.0,False,261.01618455952416
S13,0.5552717360780561,0.5552717360780561,0.00981888551485112,0.5552717360780561,0.7733149547464767,0.22668504525352334,0.0004,0.047797947051500735,0.2,False,0.08732758868073094,0.0,0.0,False,0.0489280578575271,0.0,0.0,True,0.3020823201701276,1.0,0.5552717360780561,Equal,4.0,0.0,0.0,False,253.51225912473643
S14,0.6387313139813338,0.6387313139813338,0.007756109148548041,0.6387313139813338,0.37156790252663413,0.6284320974733657,0.0004,0.04424772824904715,0.2,False,0.12496620095749532,0.0,0.0,False,0.09469497427382659,0.0,0.0,True,0.12168259171448795,1.0,0.6387313139813338,Equal,4.0,0.1419351000632119,4.5527678782900965e-10,True,
S15,0.4786706610213468,0.4786706610213468,0.011319372235691535,0.4786706610213468,0.8413160429720034,0.15868395702799656,0.0004,0.07703940529141029,0.2,False,0.17965904343096603,0.0,0.0,False,0.10680137817108872,0.0,0.0,True,0.23957521029675072,1.0,0.4786706610213468,Equal,4.0,0.0,0.0,False,166.46470693747122
S16,0.3879206769201393,0.3879206769201393,0.009527256440447636,0.3879206769201393,0.6835513095284493,0.3164486904715507,0.0004,0.05647998977630705,0.2,False,0.07818527782898445,0.0,0.0,False,0.07266598105369952,0.0,0.0,True,0.07513368203581569,1.0,0.3879206769201393,Equal,4.0,0.0,0.0,False,236.20465791501397
S17,0.5205702464255352,0.5205702464255352,0.012895268260698346,0.6507128080319189,0.12483014815539316,0.8751698518446068,0.0004,0.07262049202573578,0.2,True,0.07152856248539699,1.0,0.6507128080319189,False,0.05456131135958659,0.0,0.0,False,0.07407176622621994,0.0,0.0,Equal,4.0,0.0,0.0,False,236.7800313875167
S18,0.271923655103572,0.271923655103572,0.011576599568711526,0.339904568879465,0.2935551684749589,0.706444831525041,0.0004,0.06340959985939014,0.2,True,0.07855288193732955,1.0,0.339904568879465,False,0.0866389094395914,0.0,0.0,False,0.08322607753328139,0.0,0.0,Equal,4.0,0.0,0.0,False,232.2866272498853
S19,0.6415617565200384,0.6415617565200384,0.008535040668752408,0.6415617565200384,0.619355935195066,0.38064406480493396,0.0004,0.07549078399283288,0.2,False,0.14253574297817312,0.0,0.0,True,0.15492349068047662,1.0,0.6415617565200384,False,0.02269151664795335,0.0,0.0,Equal,4.0,0.0,0.0,False,226.03706087372885
S20,0.5503947679516358,0.5503947679516358,0.012890262019107132,0.6879934599395446,0.44627723652059154,0.5537227634794083,0.0004,0.06152537741703164,0.2,True,0.08920982814910605,1.0,0.6879934599395446,False,0.05860263712120007,0.0,0.0,False,0.12977858600185974,0.0,0.0,Equal,4.0,0.0,0.0,False,272.7912334795422
S21,0.6049183137391148,0.6049183137391148,0.012577199929812497,0.6049183137391148,0.4447056029828542,0.5552943970171459,0.0004,0.04932761296489643,0.2,False,0.049535609824201604,0.0,0.0,False,0.09056756162932761,0.0,0.0,True,0.05042218793012589,1.0,0.6049183137391148,Equal,4.0,0.0,0.0,False,278.05344485548363
S22,0.44408086695356125,0.44408086695356125,0.009144366538277054,0.5489185892321549,0.4826835238955366,0.5173164761044635,0.0004,0.051303976842938866,0.2,True,0.08081508735785929,0.9549478222740102,0.5241886113929682,False,0.038795352531022426,0.0,0.0,True,0.07711556599674897,0.045052177725989836,0.02472997783918665,Equal,4.0,0.27763084398645455,8.905399636602731e-10,True,
S23,0.7827700623264917,0.7827700623264917,0.008327855963910643,0.8991481205175444,0.44399670516830775,0.5560032948316923,0.0004,0.045439142865298016,0.2,True,0.07341063915081991,0.6471573233343703,0.5818902909552638,False,0.09502980690953844,0.0,0.0,True,0.11014834772357171,0.35284267666562974,0.3172578295622806,Equal,4.0,7.0100666813889685,2.2485774412027518e-08,True,
S24,0.6862203886407972,0.6862203886407972,0.011425212296903247,0.6862203886407972,0.8795051613236196,0.12049483867638036,0.0004,0.03967755222437365,0.2,False,0.08050699368355325,0.0,0.0,False,0.1967743563488177,0.0,0.0,True,0.16426548326178395,1.0,0.6862203886407972,Equal,4.0,0.13610136662867617,4.3656426768463904e-10,True,
S25,0.6148913087425962,0.6148913087425962,0.006760680233078287,0.6148913087425962,0.6239019084127824,0.37609809158721774,0.0004,0.062223451248237895,0.2,False,0.18519780682082157,0.0,0.0,True,0.22575580230433015,0.8896681944414698,0.5470492404267779,True,0.1835059895384483,0.11033180555853024,0.06784206831581831,Equal,4.0,0.0,0.0,False,250.76704493942597
S01,0.612673574318909,0.612673574318909,0.007420976596722972,0.7658419678986362,0.8515350106661261,0.14846498933387386,0.0004,0.0793480687242074,0.2,True,0.08267722819017101,1.0,0.7658419678986362,False,0.24680217603901325,0.0,0.0,False,0.13553025329604063,0.0,0.0,Fast enriched,3.11277711406657,0.0,0.0,False,244.06816054327828
S02,0.4769479474461431,0.4769479474461431,0.009751181422341732,0.4769479474461431,0.7746232369892749,0.225376763010725,0.0004,0.0698768721276962,0.2,False,0.07350482270726946,0.0,0.0,True,0.2503640944093288,1.0,0.4769479474461431,False,0.11819720718406515,0.0,0.0,Fast enriched,0.6928099076693228,0.0,0.0,False,194.45042672220566
S03,0.6609003678039989,0.6609003678039989,0.004888754183772857,0.6609003678039989,0.7770481541141616,0.2229518458858385,0.0004,0.08146388581414843,0.2,False,0.14743808099146147,0.0,0.0,False,0.15074240746696427,0.0,0.0,True,0.06680679554310197,1.0,0.6609003678039989,Fast enriched,5.308967349786331,0.0,0.0,False,178.7393588026446
S04,0.5774540697011499,0.5774540697011499,0.006949953839124522,0.7218175871264373,0.5960192798816303,0.40398072011836966,0.0004,0.0580001671412019,0.2,True,0.038614743766361884,1.0,0.7218175871264373,False,0.4191647795688755,0.0,0.0,False,0.0844299626119586,0.0,0.0,Fast enriched,2.107762615434257,0.46120124237663845,1.2385319887148416e-09,True,
S05,0.3029913307400761,0.3029913307400761,0.011429871068700135,0.3029913307400761,0.6147032926219209,0.38529670737807903,0.0004,0.05575912988788975,0.2,False,0.12189154588028865,0.0,0.0,True,0.0589525251264103,0.7566828308376615,0.22926833786367096,True,0.11168718561837372,0.24331716916233845,0.07372299287640514,Fast enriched,0.10098930427785795,0.0,0.0,False,215.939810067996
S06,0.7945463564246886,0.7945463564246886,0.011975314284901607,0.7945463564246886,0.9552426054620005,0.04475739453799964,0.0004,0.04961788799213952,0.2,False,0.020328799116190205,0.0,0.0,True,0.09947885305494389,0.3643016652352265,0.28945456075209586,True,0.036708221803471205,0.6356983347647736,0.5050917956725928,Fast enriched,23.31017978562952,1.4002125247467074,3.760198029739334e-09,True,
S07,0.606387639168178,0.606387639168178,0.015536751522968403,0.606387639168178,0.3874659520217885,0.6125340479782114,0.0004,0.07037270310762941,0.2,False,0.16611973230484037,0.0,0.0,True,0.1956795516670934,0.48543944075491635,0.29436447643849434,True,0.09504757446320862,0.5145605592450837,0.31202316272968367,Fast enriched,2.9035336523412716,0.0,0.0,False,191.35740573176832
S08,0.6187995707493525,0.6187995707493525,0.0086479976251629,0.6268428907487028,0.14578479652280407,0.8542152034771959,0.0004,0.06855825432524357,0.2,True,0.061647047565342686,0.06415738391595431,0.04021659999675113,False,0.08230244518870282,0.0,0.0,True,0.07312048231028687,0.9358426160840457,0.5866262907519517,Fast enriched,3.331196421781816,0.0,0.0,False,195.95072758968675
S09,0.3299253740639157,0.3299253740639157,0.00901023691345938,0.3299253740639157,0.05692571364264103,0.9430742863573589,0.0004,0.0878923726786023,0.2,False,0.1514259539206829,0.0,0.0,False,0.164020304600423,0.0,0.0,True,0.12926372578349954,1.0,0.3299253740639157,Fast enriched,0.13607155224860934,0.0,0.0,False,112.16552658821074
S10,0.4813131824098549,0.4813131824098549,0.009772556981438394,0.4938164658343517,0.3527105100215366,0.6472894899784635,0.0004,0.06562392284656213,0.2,True,0.20250958078455603,0.12659848637662735,0.06251641712248443,False,0.12361786566077958,0.0,0.0,True,0.21949645590677294,0.8734015136233727,0.4313000487118673,Fast enriched,0.7271115070113645,0.0,0.0,False,172.06146943141712
S11,0.4505829385797492,0.4505829385797492,0.007364310915885195,0.4505829385797492,0.9504957364848154,0.04950426351518464,0.0004,0.03777608305623941,0.2,False,0.06137243178556847,0.0,0.0,True,0.05524512263454684,1.0,0.4505829385797492,False,0.042947386223892714,0.0,0.0,Fast enriched,0.517437503014868,71.0482671594877,1.9079643230432238e-07,True,
S12,0.7174226061194302,0.7174226061194302,0.006625004309591233,0.7174226061194303,0.12454076598729688,0.8754592340127031,0.0004,0.060329466933964994,0.2,False,0.13046477434137663,0.0,0.0,True,0.06347673384693431,0.13074209451525468,0.09379733417664689,True,0.08735386611546832,0.8692579054847452,0.6236252719427834,Fast enriched,9.925547019872345,0.0,0.0,False,257.58555623687414
S13,0.5552717360780561,0.5552717360780561,0.00981888551485112,0.5552717360780561,0.7733149547464767,0.22668504525352334,0.0004,0.047797947051500735,0.2,False,0.08732758868073094,0.0,0.0,False,0.0489280578575271,0.0,0.0,True,0.3020823201701276,1.0,0.5552717360780561,Fast enriched,1.6488256605915403,0.0,0.0,False,229.43843526792983
S14,0.6387313139813338,0.6387313139813338,0.007756109148548041,0.6387313139813338,0.37156790252663413,0.6284320974733657,0.0004,0.04424772824904715,0.2,False,0.12496620095749532,0.0,0.0,False,0.09469497427382659,0.0,0.0,True,0.12168259171448795,1.0,0.6387313139813338,Fast enriched,4.15362170953493,0.0,0.0,False,280.7802786816315
S15,0.4786706610213468,0.4786706610213468,0.011319372235691535,0.4786706610213468,0.8413160429720034,0.15868395702799656,0.0004,0.07703940529141029,0.2,False,0.17965904343096603,0.0,0.0,False,0.10680137817108872,0.0,0.0,True,0.23957521029675072,1.0,0.4786706610213468,Fast enriched,0.7061491715432774,0.0,0.0,False,140.4857769396476
S16,0.3879206769201393,0.3879206769201393,0.009527256440447636,0.3879206769201393,0.6835513095284493,0.3164486904715507,0.0004,0.05647998977630705,0.2,False,0.07818527782898445,0.0,0.0,False,0.07266598105369952,0.0,0.0,True,0.07513368203581569,1.0,0.3879206769201393,Fast enriched,0.2585793571734997,0.0,0.0,False,178.84573481878505
S17,0.5205702464255352,0.5205702464255352,0.012895268260698346,0.6507128080319189,0.12483014815539316,0.8751698518446068,0.0004,0.07262049202573578,0.2,True,0.07152856248539699,1.0,0.6507128080319189,False,0.05456131135958659,0.0,0.0,False,0.07407176622621994,0.0,0.0,Fast enriched,1.1228943409551393,0.0,0.0,False,224.14313213831906
S18,0.271923655103572,0.271923655103572,0.011576599568711526,0.339904568879465,0.2935551684749589,0.706444831525041,0.0004,0.06340959985939014,0.2,True,0.07855288193732955,1.0,0.339904568879465,False,0.0866389094395914,0.0,0.0,False,0.08322607753328139,0.0,0.0,Fast enriched,0.07159949838066168,0.0,0.0,False,180.0528180505495
S19,0.6415617565200384,0.6415617565200384,0.008535040668752408,0.6415617565200384,0.619355935195066,0.38064406480493396,0.0004,0.07549078399283288,0.2,False,0.14253574297817312,0.0,0.0,True,0.15492349068047662,1.0,0.6415617565200384,False,0.02269151664795335,0.0,0.0,Fast enriched,4.2858304001882255,0.0,0.0,False,241.0910942112767
S20,0.5503947679516358,0.5503947679516358,0.012890262019107132,0.6879934599395446,0.44627723652059154,0.5537227634794083,0.0004,0.06152537741703164,0.2,True,0.08920982814910605,1.0,0.6879934599395446,False,0.05860263712120007,0.0,0.0,False,0.12977858600185974,0.0,0.0,Fast enriched,1.5621672480337958,0.0,0.0,False,262.7201456114708
S21,0.6049183137391148,0.6049183137391148,0.012577199929812497,0.6049183137391148,0.4447056029828542,0.5552943970171459,0.0004,0.04932761296489643,0.2,False,0.049535609824201604,0.0,0.0,False,0.09056756162932761,0.0,0.0,True,0.05042218793012589,1.0,0.6049183137391148,Fast enriched,2.856687436891458,0.0,0.0,False,241.3229630157957
S22,0.44408086695356125,0.44408086695356125,0.009144366538277054,0.5489185892321549,0.4826835238955366,0.5173164761044635,0.0004,0.051303976842938866,0.2,True,0.08081508735785929,0.9549478222740102,0.5241886113929682,False,0.038795352531022426,0.0,0.0,True,0.07711556599674897,0.045052177725989836,0.02472997783918665,Fast enriched,0.48150146518887654,0.0,0.0,False,279.5998473610743
S23,0.7827700623264917,0.7827700623264917,0.008327855963910643,0.8991481205175444,0.44399670516830775,0.5560032948316923,0.0004,0.045439142865298016,0.2,True,0.07341063915081991,0.6471573233343703,0.5818902909552638,False,0.09502980690953844,0.0,0.0,True,0.11014834772357171,0.35284267666562974,0.3172578295622806,Fast enriched,20.461064641102272,27.09031907338895,7.274964521774578e-08,True,
S24,0.6862203886407972,0.6862203886407972,0.011425212296903247,0.6862203886407972,0.8795051613236196,0.12049483867638036,0.0004,0.03967755222437365,0.2,False,0.08050699368355325,0.0,0.0,False,0.1967743563488177,0.0,0.0,True,0.16426548326178395,1.0,0.6862203886407972,Fast enriched,7.0265510814754215,0.0,0.0,False,293.3284287975861
S25,0.6148913087425962,0.6148913087425962,0.006760680233078287,0.6148913087425962,0.6239019084127824,0.37609809158721774,0.0004,0.062223451248237895,0.2,False,0.18519780682082157,0.0,0.0,True,0.22575580230433015,0.8896681944414698,0.5470492404267779,True,0.1835059895384483,0.11033180555853024,0.06784206831581831,Fast enriched,3.190144255806774,0.0,0.0,False,256.9818234287326
S01,0.612673574318909,0.612673574318909,0.007420976596722972,0.7658419678986362,0.8515350106661261,0.14846498933387386,0.0004,0.0793480687242074,0.2,True,0.08267722819017101,1.0,0.7658419678986362,False,0.24680217603901325,0.0,0.0,False,0.13553025329604063,0.0,0.0,Slow enriched,0.6614636331611771,0.0,0.0,False,241.25385249706596
S02,0.4769479474461431,0.4769479474461431,0.009751181422341732,0.4769479474461431,0.7746232369892749,0.225376763010725,0.0004,0.0698768721276962,0.2,False,0.07350482270726946,0.0,0.0,True,0.2503640944093288,1.0,0.4769479474461431,False,0.11819720718406515,0.0,0.0,Slow enriched,2.9719391081141833,0.0,0.0,False,205.34534952210979
S03,0.6609003678039989,0.6609003678039989,0.004888754183772857,0.6609003678039989,0.7770481541141616,0.2229518458858385,0.0004,0.08146388581414843,0.2,False,0.14743808099146147,0.0,0.0,False,0.15074240746696427,0.0,0.0,True,0.06680679554310197,1.0,0.6609003678039989,Slow enriched,0.3878322700881377,0.0,0.0,False,217.6081317306024
S04,0.5774540697011499,0.5774540697011499,0.006949953839124522,0.7218175871264373,0.5960192798816303,0.40398072011836966,0.0004,0.0580001671412019,0.2,True,0.038614743766361884,1.0,0.7218175871264373,False,0.4191647795688755,0.0,0.0,False,0.0844299626119586,0.0,0.0,Slow enriched,0.9768599385976056,0.5200433652201337,2.0194460886040275e-09,True,
S05,0.3029913307400761,0.3029913307400761,0.011429871068700135,0.3029913307400761,0.6147032926219209,0.38529670737807903,0.0004,0.05575912988788975,0.2,False,0.12189154588028865,0.0,0.0,True,0.0589525251264103,0.7566828308376615,0.22926833786367096,True,0.11168718561837372,0.24331716916233845,0.07372299287640514,Slow enriched,20.38818738097667,0.0,0.0,False,291.8926004431534
S06,0.7945463564246886,0.7945463564246886,0.011975314284901607,0.7945463564246886,0.9552426054620005,0.04475739453799964,0.0004,0.04961788799213952,0.2,False,0.020328799116190205,0.0,0.0,True,0.09947885305494389,0.3643016652352265,0.28945456075209586,True,0.036708221803471205,0.6356983347647736,0.5050917956725928,Slow enriched,0.08833002911289352,0.5267572573554814,2.045517651321298e-09,True,
S07,0.606387639168178,0.606387639168178,0.015536751522968403,0.606387639168178,0.3874659520217885,0.6125340479782114,0.0004,0.07037270310762941,0.2,False,0.16611973230484037,0.0,0.0,True,0.1956795516670934,0.48543944075491635,0.29436447643849434,True,0.09504757446320862,0.5145605592450837,0.31202316272968367,Slow enriched,0.7091320802950454,0.0,0.0,False,196.97914671157457
S08,0.6187995707493525,0.6187995707493525,0.0086479976251629,0.6268428907487028,0.14578479652280407,0.8542152034771959,0.0004,0.06855825432524357,0.2,True,0.061647047565342686,0.06415738391595431,0.04021659999675113,False,0.08230244518870282,0.0,0.0,True,0.07312048231028687,0.9358426160840457,0.5866262907519517,Slow enriched,0.6180929006852467,0.0,0.0,False,239.88005168377694
S09,0.3299253740639157,0.3299253740639157,0.00901023691345938,0.3299253740639157,0.05692571364264103,0.9430742863573589,0.0004,0.0878923726786023,0.2,False,0.1514259539206829,0.0,0.0,False,0.164020304600423,0.0,0.0,True,0.12926372578349954,1.0,0.3299253740639157,Slow enriched,15.131662901365042,0.0,0.0,False,184.51710206374474
S10,0.4813131824098549,0.4813131824098549,0.009772556981438394,0.4938164658343517,0.3527105100215366,0.6472894899784635,0.0004,0.06562392284656213,0.2,True,0.20250958078455603,0.12659848637662735,0.06251641712248443,False,0.12361786566077958,0.0,0.0,True,0.21949645590677294,0.8734015136233727,0.4313000487118673,Slow enriched,2.831737414739134,0.0,0.0,False,215.99755840582017
S11,0.4505829385797492,0.4505829385797492,0.007364310915885195,0.4505829385797492,0.9504957364848154,0.04950426351518464,0.0004,0.03777608305623941,0.2,False,0.06137243178556847,0.0,0.0,True,0.05524512263454684,1.0,0.4505829385797492,False,0.042947386223892714,0.0,0.0,Slow enriched,3.9792029899160095,95.83936870192791,3.721659600011651e-07,True,
S12,0.7174226061194302,0.7174226061194302,0.006625004309591233,0.7174226061194303,0.12454076598729688,0.8754592340127031,0.0004,0.060329466933964994,0.2,False,0.13046477434137663,0.0,0.0,True,0.06347673384693431,0.13074209451525468,0.09379733417664689,True,0.08735386611546832,0.8692579054847452,0.6236252719427834,Slow enriched,0.2074433635717055,0.0,0.0,False,266.339028757461
S13,0.5552717360780561,0.5552717360780561,0.00981888551485112,0.5552717360780561,0.7733149547464767,0.22668504525352334,0.0004,0.047797947051500735,0.2,False,0.08732758868073094,0.0,0.0,False,0.0489280578575271,0.0,0.0,True,0.3020823201701276,1.0,0.5552717360780561,Slow enriched,1.248760804919026,0.0,0.0,False,255.51761143125628
S14,0.6387313139813338,0.6387313139813338,0.007756109148548041,0.6387313139813338,0.37156790252663413,0.6284320974733657,0.0004,0.04424772824904715,0.2,False,0.12496620095749532,0.0,0.0,False,0.09469497427382659,0.0,0.0,True,0.12168259171448795,1.0,0.6387313139813338,Slow enriched,0.4957092877198912,0.2253678845369869,8.751545031875011e-10,True,
S15,0.4786706610213468,0.4786706610213468,0.011319372235691535,0.4786706610213468,0.8413160429720034,0.15868395702799656,0.0004,0.07703940529141029,0.2,False,0.17965904343096603,0.0,0.0,False,0.10680137817108872,0.0,0.0,True,0.23957521029675072,1.0,0.4786706610213468,Slow enriched,2.9157987321454346,0.0,0.0,False,178.83494803871994
S16,0.3879206769201393,0.3879206769201393,0.009527256440447636,0.3879206769201393,0.6835513095284493,0.3164486904715507,0.0004,0.05647998977630705,0.2,False,0.07818527782898445,0.0,0.0,False,0.07266598105369952,0.0,0.0,True,0.07513368203581569,1.0,0.3879206769201393,Slow enriched,7.962696178063089,0.0,0.0,False,281.77356570675164
S17,0.5205702464255352,0.5205702464255352,0.012895268260698346,0.6507128080319189,0.12483014815539316,0.8751698518446068,0.0004,0.07262049202573578,0.2,True,0.07152856248539699,1.0,0.6507128080319189,False,0.05456131135958659,0.0,0.0,False,0.07407176622621994,0.0,0.0,Slow enriched,1.8336443456826501,0.0,0.0,False,243.1125608762284
S18,0.271923655103572,0.271923655103572,0.011576599568711526,0.339904568879465,0.2935551684749589,0.706444831525041,0.0004,0.06340959985939014,0.2,True,0.07855288193732955,1.0,0.339904568879465,False,0.0866389094395914,0.0,0.0,False,0.08322607753328139,0.0,0.0,Slow enriched,28.757029108566346,0.0,0.0,False,268.47607688156006
S19,0.6415617565200384,0.6415617565200384,0.008535040668752408,0.6415617565200384,0.619355935195066,0.38064406480493396,0.0004,0.07549078399283288,0.2,False,0.14253574297817312,0.0,0.0,True,0.15492349068047662,1.0,0.6415617565200384,False,0.02269151664795335,0.0,0.0,Slow enriched,0.48041771764953883,0.0,0.0,False,202.0728767937356
S20,0.5503947679516358,0.5503947679516358,0.012890262019107132,0.6879934599395446,0.44627723652059154,0.5537227634794083,0.0004,0.06152537741703164,0.2,True,0.08920982814910605,1.0,0.6879934599395446,False,0.05860263712120007,0.0,0.0,False,0.12977858600185974,0.0,0.0,Slow enriched,1.3180335599040114,0.0,0.0,False,275.8318275542324
S21,0.6049183137391148,0.6049183137391148,0.012577199929812497,0.6049183137391148,0.4447056029828542,0.5552943970171459,0.0004,0.04932761296489643,0.2,False,0.049535609824201604,0.0,0.0,False,0.09056756162932761,0.0,0.0,True,0.05042218793012589,1.0,0.6049183137391148,Slow enriched,0.7207609878846083,0.27803881140175735,1.0796876332182723e-09,True,
S22,0.44408086695356125,0.44408086695356125,0.009144366538277054,0.5489185892321549,0.4826835238955366,0.5173164761044635,0.0004,0.051303976842938866,0.2,True,0.08081508735785929,0.9549478222740102,0.5241886113929682,False,0.038795352531022426,0.0,0.0,True,0.07711556599674897,0.045052177725989836,0.02472997783918665,Slow enriched,4.276183995169705,0.7926190431190997,3.077919137959542e-09,True,
S23,0.7827700623264917,0.7827700623264917,0.008327855963910643,0.8991481205175444,0.44399670516830775,0.5560032948316923,0.0004,0.045439142865298016,0.2,True,0.07341063915081991,0.6471573233343703,0.5818902909552638,False,0.09502980690953844,0.0,0.0,True,0.11014834772357171,0.35284267666562974,0.3172578295622806,Slow enriched,0.10062960531170659,1.8178049364386333,7.058947992120192e-09,True,
S24,0.6862203886407972,0.6862203886407972,0.011425212296903247,0.6862203886407972,0.8795051613236196,0.12049483867638036,0.0004,0.03967755222437365,0.2,False,0.08050699368355325,0.0,0.0,False,0.1967743563488177,0.0,0.0,True,0.16426548326178395,1.0,0.6862203886407972,Slow enriched,0.2930298001418776,0.0,0.0,False,297.65875599960054
S25,0.6148913087425962,0.6148913087425962,0.006760680233078287,0.6148913087425962,0.6239019084127824,0.37609809158721774,0.0004,0.062223451248237895,0.2,False,0.18519780682082157,0.0,0.0,True,0.22575580230433015,0.8896681944414698,0.5470492404267779,True,0.1835059895384483,0.11033180555853024,0.06784206831581831,Slow enriched,0.6454218662192525,0.0,0.0,False,228.31583468809123
S01,0.612673574318909,0.612673574318909,0.007420976596722972,0.7658419678986362,0.8515350106661261,0.14846498933387386,0.0004,0.0793480687242074,0.2,True,0.08267722819017101,1.0,0.7658419678986362,False,0.24680217603901325,0.0,0.0,False,0.13553025329604063,0.0,0.0,Random 01,0.8365435004407173,0.0,0.0,False,216.8465904410551
S02,0.4769479474461431,0.4769479474461431,0.009751181422341732,0.4769479474461431,0.7746232369892749,0.225376763010725,0.0004,0.0698768721276962,0.2,False,0.07350482270726946,0.0,0.0,True,0.2503640944093288,1.0,0.4769479474461431,False,0.11819720718406515,0.0,0.0,Random 01,3.943481178503235,0.0,0.0,False,204.32930852597576
S03,0.6609003678039989,0.6609003678039989,0.004888754183772857,0.6609003678039989,0.7770481541141616,0.2229518458858385,0.0004,0.08146388581414843,0.2,False,0.14743808099146147,0.0,0.0,False,0.15074240746696427,0.0,0.0,True,0.06680679554310197,1.0,0.6609003678039989,Random 01,0.1598878625301736,0.0,0.0,False,174.8843447121795
S04,0.5774540697011499,0.5774540697011499,0.006949953839124522,0.7218175871264373,0.5960192798816303,0.40398072011836966,0.0004,0.0580001671412019,0.2,True,0.038614743766361884,1.0,0.7218175871264373,False,0.4191647795688755,0.0,0.0,False,0.0844299626119586,0.0,0.0,Random 01,22.306196747326105,1.5888409733122135,4.683684650386203e-09,True,
S05,0.3029913307400761,0.3029913307400761,0.011429871068700135,0.3029913307400761,0.6147032926219209,0.38529670737807903,0.0004,0.05575912988788975,0.2,False,0.12189154588028865,0.0,0.0,True,0.0589525251264103,0.7566828308376615,0.22926833786367096,True,0.11168718561837372,0.24331716916233845,0.07372299287640514,Random 01,7.160995926214089,0.0,0.0,False,264.53005596064145
S06,0.7945463564246886,0.7945463564246886,0.011975314284901607,0.7945463564246886,0.9552426054620005,0.04475739453799964,0.0004,0.04961788799213952,0.2,False,0.020328799116190205,0.0,0.0,True,0.09947885305494389,0.3643016652352265,0.28945456075209586,True,0.036708221803471205,0.6356983347647736,0.5050917956725928,Random 01,1.7738205583866333,0.6972275969004078,2.0553310546998315e-09,True,
S07,0.606387639168178,0.606387639168178,0.015536751522968403,0.606387639168178,0.3874659520217885,0.6125340479782114,0.0004,0.07037270310762941,0.2,False,0.16611973230484037,0.0,0.0,True,0.1956795516670934,0.48543944075491635,0.29436447643849434,True,0.09504757446320862,0.5145605592450837,0.31202316272968367,Random 01,1.7216497075734165,0.0,0.0,False,191.29827772882402
S08,0.6187995707493525,0.6187995707493525,0.0086479976251629,0.6268428907487028,0.14578479652280407,0.8542152034771959,0.0004,0.06855825432524357,0.2,True,0.061647047565342686,0.06415738391595431,0.04021659999675113,False,0.08230244518870282,0.0,0.0,True,0.07312048231028687,0.9358426160840457,0.5866262907519517,Random 01,4.336033574983971,0.0,0.0,False,232.94110976786703
S09,0.3299253740639157,0.3299253740639157,0.00901023691345938,0.3299253740639157,0.05692571364264103,0.9430742863573589,0.0004,0.0878923726786023,0.2,False,0.1514259539206829,0.0,0.0,False,0.164020304600423,0.0,0.0,True,0.12926372578349954,1.0,0.3299253740639157,Random 01,1.8399097149236587,0.0,0.0,False,151.3175876878242
S10,0.4813131824098549,0.4813131824098549,0.009772556981438394,0.4938164658343517,0.3527105100215366,0.6472894899784635,0.0004,0.06562392284656213,0.2,True,0.20250958078455603,0.12659848637662735,0.06251641712248443,False,0.12361786566077958,0.0,0.0,True,0.21949645590677294,0.8734015136233727,0.4313000487118673,Random 01,1.9588227675710974,0.0,0.0,False,196.7252471514929
S11,0.4505829385797492,0.4505829385797492,0.007364310915885195,0.4505829385797492,0.9504957364848154,0.04950426351518464,0.0004,0.03777608305623941,0.2,False,0.06137243178556847,0.0,0.0,True,0.05524512263454684,1.0,0.4505829385797492,False,0.042947386223892714,0.0,0.0,Random 01,8.09550270402907,93.8036497482113,2.765202571280666e-07,True,
S12,0.7174226061194302,0.7174226061194302,0.006625004309591233,0.7174226061194303,0.12454076598729688,0.8754592340127031,0.0004,0.060329466933964994,0.2,False,0.13046477434137663,0.0,0.0,True,0.06347673384693431,0.13074209451525468,0.09379733417664689,True,0.08735386611546832,0.8692579054847452,0.6236252719427834,Random 01,5.94924763943067,0.0,0.0,False,280.1158764821211
S13,0.5552717360780561,0.5552717360780561,0.00981888551485112,0.5552717360780561,0.7733149547464767,0.22668504525352334,0.0004,0.047797947051500735,0.2,False,0.08732758868073094,0.0,0.0,False,0.0489280578575271,0.0,0.0,True,0.3020823201701276,1.0,0.5552717360780561,Random 01,2.4968128343878364,0.0,0.0,False,252.19040581921382
S14,0.6387313139813338,0.6387313139813338,0.007756109148548041,0.6387313139813338,0.37156790252663413,0.6284320974733657,0.0004,0.04424772824904715,0.2,False,0.12496620095749532,0.0,0.0,False,0.09469497427382659,0.0,0.0,True,0.12168259171448795,1.0,0.6387313139813338,Random 01,2.418124188709104,0.22057620173020018,6.502283032961657e-10,True,
S15,0.4786706610213468,0.4786706610213468,0.011319372235691535,0.4786706610213468,0.8413160429720034,0.15868395702799656,0.0004,0.07703940529141029,0.2,False,0.17965904343096603,0.0,0.0,False,0.10680137817108872,0.0,0.0,True,0.23957521029675072,1.0,0.4786706610213468,Random 01,3.499364707039964,0.0,0.0,False,169.8948173837316
S16,0.3879206769201393,0.3879206769201393,0.009527256440447636,0.3879206769201393,0.6835513095284493,0.3164486904715507,0.0004,0.05647998977630705,0.2,False,0.07818527782898445,0.0,0.0,False,0.07266598105369952,0.0,0.0,True,0.07513368203581569,1.0,0.3879206769201393,Random 01,1.0943705567490343,0.0,0.0,False,227.64808895745517
S17,0.5205702464255352,0.5205702464255352,0.012895268260698346,0.6507128080319189,0.12483014815539316,0.8751698518446068,0.0004,0.07262049202573578,0.2,True,0.07152856248539699,1.0,0.6507128080319189,False,0.05456131135958659,0.0,0.0,False,0.07407176622621994,0.0,0.0,Random 01,1.5001746861529797,0.0,0.0,False,216.86300421056035
S18,0.271923655103572,0.271923655103572,0.011576599568711526,0.339904568879465,0.2935551684749589,0.706444831525041,0.0004,0.06340959985939014,0.2,True,0.07855288193732955,1.0,0.339904568879465,False,0.0866389094395914,0.0,0.0,False,0.08322607753328139,0.0,0.0,Random 01,6.256351739811415,0.0,0.0,False,232.85700851880117
S19,0.6415617565200384,0.6415617565200384,0.008535040668752408,0.6415617565200384,0.619355935195066,0.38064406480493396,0.0004,0.07549078399283288,0.2,False,0.14253574297817312,0.0,0.0,True,0.15492349068047662,1.0,0.6415617565200384,False,0.02269151664795335,0.0,0.0,Random 01,2.2602665889411377,0.0,0.0,False,211.93247678228335
S20,0.5503947679516358,0.5503947679516358,0.012890262019107132,0.6879934599395446,0.44627723652059154,0.5537227634794083,0.0004,0.06152537741703164,0.2,True,0.08920982814910605,1.0,0.6879934599395446,False,0.05860263712120007,0.0,0.0,False,0.12977858600185974,0.0,0.0,Random 01,0.34978650099918124,0.0,0.0,False,230.26472198744074
S21,0.6049183137391148,0.6049183137391148,0.012577199929812497,0.6049183137391148,0.4447056029828542,0.5552943970171459,0.0004,0.04932761296489643,0.2,False,0.049535609824201604,0.0,0.0,False,0.09056756162932761,0.0,0.0,True,0.05042218793012589,1.0,0.6049183137391148,Random 01,1.343514412102798,0.0,0.0,False,281.12995810000115
S22,0.44408086695356125,0.44408086695356125,0.009144366538277054,0.5489185892321549,0.4826835238955366,0.5173164761044635,0.0004,0.051303976842938866,0.2,True,0.08081508735785929,0.9549478222740102,0.5241886113929682,False,0.038795352531022426,0.0,0.0,True,0.07711556599674897,0.045052177725989836,0.02472997783918665,Random 01,7.3605846349870525,0.33122048878187826,9.763924428302465e-10,True,
S23,0.7827700623264917,0.7827700623264917,0.008327855963910643,0.8991481205175444,0.44399670516830775,0.5560032948316923,0.0004,0.045439142865298016,0.2,True,0.07341063915081991,0.6471573233343703,0.5818902909552638,False,0.09502980690953844,0.0,0.0,True,0.11014834772357171,0.35284267666562974,0.3172578295622806,Random 01,1.940183968343603,3.185947170174477,9.39173404294838e-09,True,
S24,0.6862203886407972,0.6862203886407972,0.011425212296903247,0.6862203886407972,0.8795051613236196,0.12049483867638036,0.0004,0.03967755222437365,0.2,False,0.08050699368355325,0.0,0.0,False,0.1967743563488177,0.0,0.0,True,0.16426548326178395,1.0,0.6862203886407972,Random 01,2.1992309705045763,0.172537820889519,5.086177640715505e-10,True,
S25,0.6148913087425962,0.6148913087425962,0.006760680233078287,0.6148913087425962,0.6239019084127824,0.37609809158721774,0.0004,0.062223451248237895,0.2,False,0.18519780682082157,0.0,0.0,True,0.22575580230433015,0.8896681944414698,0.5470492404267779,True,0.1835059895384483,0.11033180555853024,0.06784206831581831,Random 01,7.199142329358485,0.0,0.0,False,254.61715781068938
S01,0.612673574318909,0.612673574318909,0.007420976596722972,0.7658419678986362,0.8515350106661261,0.14846498933387386,0.0004,0.0793480687242074,0.2,True,0.08267722819017101,1.0,0.7658419678986362,False,0.24680217603901325,0.0,0.0,False,0.13553025329604063,0.0,0.0,Random 02,6.085402414036669,0.0,0.0,False,256.40960395647977
S02,0.4769479474461431,0.4769479474461431,0.009751181422341732,0.4769479474461431,0.7746232369892749,0.225376763010725,0.0004,0.0698768721276962,0.2,False,0.07350482270726946,0.0,0.0,True,0.2503640944093288,1.0,0.4769479474461431,False,0.11819720718406515,0.0,0.0,Random 02,0.1352262998479229,0.0,0.0,False,177.7684188890301
S03,0.6609003678039989,0.6609003678039989,0.004888754183772857,0.6609003678039989,0.7770481541141616,0.2229518458858385,0.0004,0.08146388581414843,0.2,False,0.14743808099146147,0.0,0.0,False,0.15074240746696427,0.0,0.0,True,0.06680679554310197,1.0,0.6609003678039989,Random 02,2.9781062715379916,0.0,0.0,False,220.3197878879598
S04,0.5774540697011499,0.5774540697011499,0.006949953839124522,0.7218175871264373,0.5960192798816303,0.40398072011836966,0.0004,0.0580001671412019,0.2,True,0.038614743766361884,1.0,0.7218175871264373,False,0.4191647795688755,0.0,0.0,False,0.0844299626119586,0.0,0.0,Random 02,0.06228455707102832,0.0,0.0,False,269.180498941866
S05,0.3029913307400761,0.3029913307400761,0.011429871068700135,0.3029913307400761,0.6147032926219209,0.38529670737807903,0.0004,0.05575912988788975,0.2,False,0.12189154588028865,0.0,0.0,True,0.0589525251264103,0.7566828308376615,0.22926833786367096,True,0.11168718561837372,0.24331716916233845,0.07372299287640514,Random 02,0.5124479332057095,0.0,0.0,False,243.21839848263315
S06,0.7945463564246886,0.7945463564246886,0.011975314284901607,0.7945463564246886,0.9552426054620005,0.04475739453799964,0.0004,0.04961788799213952,0.2,False,0.020328799116190205,0.0,0.0,True,0.09947885305494389,0.3643016652352265,0.28945456075209586,True,0.036708221803471205,0.6356983347647736,0.5050917956725928,Random 02,0.0681995794717799,0.36396687893171914,1.1660426215086065e-09,True,
S07,0.606387639168178,0.606387639168178,0.015536751522968403,0.606387639168178,0.3874659520217885,0.6125340479782114,0.0004,0.07037270310762941,0.2,False,0.16611973230484037,0.0,0.0,True,0.1956795516670934,0.48543944075491635,0.29436447643849434,True,0.09504757446320862,0.5145605592450837,0.31202316272968367,Random 02,2.9926661401924957,0.0,0.0,False,211.13149331314702
S08,0.6187995707493525,0.6187995707493525,0.0086479976251629,0.6268428907487028,0.14578479652280407,0.8542152034771959,0.0004,0.06855825432524357,0.2,True,0.061647047565342686,0.06415738391595431,0.04021659999675113,False,0.08230244518870282,0.0,0.0,True,0.07312048231028687,0.9358426160840457,0.5866262907519517,Random 02,1.376937587987197,0.0,0.0,False,229.20606553809233
S09,0.3299253740639157,0.3299253740639157,0.00901023691345938,0.3299253740639157,0.05692571364264103,0.9430742863573589,0.0004,0.0878923726786023,0.2,False,0.1514259539206829,0.0,0.0,False,0.164020304600423,0.0,0.0,True,0.12926372578349954,1.0,0.3299253740639157,Random 02,2.1717918757367496,0.0,0.0,False,155.0238020343997
S10,0.4813131824098549,0.4813131824098549,0.009772556981438394,0.4938164658343517,0.3527105100215366,0.6472894899784635,0.0004,0.06562392284656213,0.2,True,0.20250958078455603,0.12659848637662735,0.06251641712248443,False,0.12361786566077958,0.0,0.0,True,0.21949645590677294,0.8734015136233727,0.4313000487118673,Random 02,0.10442122361956672,0.0,0.0,False,160.37328352548047
S11,0.4505829385797492,0.4505829385797492,0.007364310915885195,0.4505829385797492,0.9504957364848154,0.04950426351518464,0.0004,0.03777608305623941,0.2,False,0.06137243178556847,0.0,0.0,True,0.05524512263454684,1.0,0.4505829385797492,False,0.042947386223892714,0.0,0.0,Random 02,1.1005498705698697,95.79863715580754,3.0691060223385256e-07,True,
S12,0.7174226061194302,0.7174226061194302,0.006625004309591233,0.7174226061194303,0.12454076598729688,0.8754592340127031,0.0004,0.060329466933964994,0.2,False,0.13046477434137663,0.0,0.0,True,0.06347673384693431,0.13074209451525468,0.09379733417664689,True,0.08735386611546832,0.8692579054847452,0.6236252719427834,Random 02,0.1809485403260371,0.0,0.0,False,243.7998889954103
S13,0.5552717360780561,0.5552717360780561,0.00981888551485112,0.5552717360780561,0.7733149547464767,0.22668504525352334,0.0004,0.047797947051500735,0.2,False,0.08732758868073094,0.0,0.0,False,0.0489280578575271,0.0,0.0,True,0.3020823201701276,1.0,0.5552717360780561,Random 02,0.19847332560387806,0.0,0.0,False,209.32146159753842
S14,0.6387313139813338,0.6387313139813338,0.007756109148548041,0.6387313139813338,0.37156790252663413,0.6284320974733657,0.0004,0.04424772824904715,0.2,False,0.12496620095749532,0.0,0.0,False,0.09469497427382659,0.0,0.0,True,0.12168259171448795,1.0,0.6387313139813338,Random 02,0.8426387162944347,0.0,0.0,False,297.03938207300575
S15,0.4786706610213468,0.4786706610213468,0.011319372235691535,0.4786706610213468,0.8413160429720034,0.15868395702799656,0.0004,0.07703940529141029,0.2,False,0.17965904343096603,0.0,0.0,False,0.10680137817108872,0.0,0.0,True,0.23957521029675072,1.0,0.4786706610213468,Random 02,1.468225689353075,0.0,0.0,False,160.99609706927066
S16,0.3879206769201393,0.3879206769201393,0.009527256440447636,0.3879206769201393,0.6835513095284493,0.3164486904715507,0.0004,0.05647998977630705,0.2,False,0.07818527782898445,0.0,0.0,False,0.07266598105369952,0.0,0.0,True,0.07513368203581569,1.0,0.3879206769201393,Random 02,0.5355868175931978,0.0,0.0,False,224.56795534682965
S17,0.5205702464255352,0.5205702464255352,0.012895268260698346,0.6507128080319189,0.12483014815539316,0.8751698518446068,0.0004,0.07262049202573578,0.2,True,0.07152856248539699,1.0,0.6507128080319189,False,0.05456131135958659,0.0,0.0,False,0.07407176622621994,0.0,0.0,Random 02,0.15366148390803352,0.0,0.0,False,204.95149321963765
S18,0.271923655103572,0.271923655103572,0.011576599568711526,0.339904568879465,0.2935551684749589,0.706444831525041,0.0004,0.06340959985939014,0.2,True,0.07855288193732955,1.0,0.339904568879465,False,0.0866389094395914,0.0,0.0,False,0.08322607753328139,0.0,0.0,Random 02,0.11420646384007051,0.0,0.0,False,188.87960148572768
S19,0.6415617565200384,0.6415617565200384,0.008535040668752408,0.6415617565200384,0.619355935195066,0.38064406480493396,0.0004,0.07549078399283288,0.2,False,0.14253574297817312,0.0,0.0,True,0.15492349068047662,1.0,0.6415617565200384,False,0.02269151664795335,0.0,0.0,Random 02,3.4399362448914195,0.0,0.0,False,242.3723410053762
S20,0.5503947679516358,0.5503947679516358,0.012890262019107132,0.6879934599395446,0.44627723652059154,0.5537227634794083,0.0004,0.06152537741703164,0.2,True,0.08920982814910605,1.0,0.6879934599395446,False,0.05860263712120007,0.0,0.0,False,0.12977858600185974,0.0,0.0,Random 02,0.9606897769082995,0.0,0.0,False,260.91143136676675
S21,0.6049183137391148,0.6049183137391148,0.012577199929812497,0.6049183137391148,0.4447056029828542,0.5552943970171459,0.0004,0.04932761296489643,0.2,False,0.049535609824201604,0.0,0.0,False,0.09056756162932761,0.0,0.0,True,0.05042218793012589,1.0,0.6049183137391148,Random 02,1.16017319923322,0.12876595676189598,4.1252817900464186e-10,True,
S22,0.44408086695356125,0.44408086695356125,0.009144366538277054,0.5489185892321549,0.4826835238955366,0.5173164761044635,0.0004,0.051303976842938866,0.2,True,0.08081508735785929,0.9549478222740102,0.5241886113929682,False,0.038795352531022426,0.0,0.0,True,0.07711556599674897,0.045052177725989836,0.02472997783918665,Random 02,10.425029663319439,1.1902525115267364,3.813218287530521e-09,True,
S23,0.7827700623264917,0.7827700623264917,0.008327855963910643,0.8991481205175444,0.44399670516830775,0.5560032948316923,0.0004,0.045439142865298016,0.2,True,0.07341063915081991,0.6471573233343703,0.5818902909552638,False,0.09502980690953844,0.0,0.0,True,0.11014834772357171,0.35284267666562974,0.3172578295622806,Random 02,0.11592440006243919,0.6310090410918379,2.021567013542441e-09,True,
S24,0.6862203886407972,0.6862203886407972,0.011425212296903247,0.6862203886407972,0.8795051613236196,0.12049483867638036,0.0004,0.03967755222437365,0.2,False,0.08050699368355325,0.0,0.0,False,0.1967743563488177,0.0,0.0,True,0.16426548326178395,1.0,0.6862203886407972,Random 02,18.32312817578182,1.7368961062440114,5.564503272817875e-09,True,
S25,0.6148913087425962,0.6148913087425962,0.006760680233078287,0.6148913087425962,0.6239019084127824,0.37609809158721774,0.0004,0.062223451248237895,0.2,False,0.18519780682082157,0.0,0.0,True,0.22575580230433015,0.8896681944414698,0.5470492404267779,True,0.1835059895384483,0.11033180555853024,0.06784206831581831,Random 02,44.49334374960767,0.15047234963626027,4.820690650462748e-10,True,
S01,0.612673574318909,0.612673574318909,0.007420976596722972,0.7658419678986362,0.8515350106661261,0.14846498933387386,0.0004,0.0793480687242074,0.2,True,0.08267722819017101,1.0,0.7658419678986362,False,0.24680217603901325,0.0,0.0,False,0.13553025329604063,0.0,0.0,Random 03,14.60686826869099,0.0,0.0,False,247.39289135091346
S02,0.4769479474461431,0.4769479474461431,0.009751181422341732,0.4769479474461431,0.7746232369892749,0.225376763010725,0.0004,0.0698768721276962,0.2,False,0.07350482270726946,0.0,0.0,True,0.2503640944093288,1.0,0.4769479474461431,False,0.11819720718406515,0.0,0.0,Random 03,4.4572499129473035,0.0,0.0,False,233.2602992015666
S03,0.6609003678039989,0.6609003678039989,0.004888754183772857,0.6609003678039989,0.7770481541141616,0.2229518458858385,0.0004,0.08146388581414843,0.2,False,0.14743808099146147,0.0,0.0,False,0.15074240746696427,0.0,0.0,True,0.06680679554310197,1.0,0.6609003678039989,Random 03,0.4762269439978388,0.0,0.0,False,150.98134004743324
S04,0.5774540697011499,0.5774540697011499,0.006949953839124522,0.7218175871264373,0.5960192798816303,0.40398072011836966,0.0004,0.0580001671412019,0.2,True,0.038614743766361884,1.0,0.7218175871264373,False,0.4191647795688755,0.0,0.0,False,0.0844299626119586,0.0,0.0,Random 03,5.729341535194881,0.16209400342605798,1.006630051729453e-09,True,
S05,0.3029913307400761,0.3029913307400761,0.011429871068700135,0.3029913307400761,0.6147032926219209,0.38529670737807903,0.0004,0.05575912988788975,0.2,False,0.12189154588028865,0.0,0.0,True,0.0589525251264103,0.7566828308376615,0.22926833786367096,True,0.11168718561837372,0.24331716916233845,0.07372299287640514,Random 03,0.6635400557910015,0.0,0.0,False,257.72986260951706
S06,0.7945463564246886,0.7945463564246886,0.011975314284901607,0.7945463564246886,0.9552426054620005,0.04475739453799964,0.0004,0.04961788799213952,0.2,False,0.020328799116190205,0.0,0.0,True,0.09947885305494389,0.3643016652352265,0.28945456075209586,True,0.036708221803471205,0.6356983347647736,0.5050917956725928,Random 03,1.247817446474624,0.08885619108017988,5.51811358427739e-10,True,
S07,0.606387639168178,0.606387639168178,0.015536751522968403,0.606387639168178,0.3874659520217885,0.6125340479782114,0.0004,0.07037270310762941,0.2,False,0.16611973230484037,0.0,0.0,True,0.1956795516670934,0.48543944075491635,0.29436447643849434,True,0.09504757446320862,0.5145605592450837,0.31202316272968367,Random 03,0.8337867547920779,0.0,0.0,False,186.62985661517064
S08,0.6187995707493525,0.6187995707493525,0.0086479976251629,0.6268428907487028,0.14578479652280407,0.8542152034771959,0.0004,0.06855825432524357,0.2,True,0.061647047565342686,0.06415738391595431,0.04021659999675113,False,0.08230244518870282,0.0,0.0,True,0.07312048231028687,0.9358426160840457,0.5866262907519517,Random 03,1.9731220826889238,0.0,0.0,False,188.4519132964092
S09,0.3299253740639157,0.3299253740639157,0.00901023691345938,0.3299253740639157,0.05692571364264103,0.9430742863573589,0.0004,0.0878923726786023,0.2,False,0.1514259539206829,0.0,0.0,False,0.164020304600423,0.0,0.0,True,0.12926372578349954,1.0,0.3299253740639157,Random 03,8.899443442519651,0.0,0.0,False,155.34015513031454
S10,0.4813131824098549,0.4813131824098549,0.009772556981438394,0.4938164658343517,0.3527105100215366,0.6472894899784635,0.0004,0.06562392284656213,0.2,True,0.20250958078455603,0.12659848637662735,0.06251641712248443,False,0.12361786566077958,0.0,0.0,True,0.21949645590677294,0.8734015136233727,0.4313000487118673,Random 03,0.5601761900036717,0.0,0.0,False,167.39898511916877
S11,0.4505829385797492,0.4505829385797492,0.007364310915885195,0.4505829385797492,0.9504957364848154,0.04950426351518464,0.0004,0.03777608305623941,0.2,False,0.06137243178556847,0.0,0.0,True,0.05524512263454684,1.0,0.4505829385797492,False,0.042947386223892714,0.0,0.0,Random 03,0.2939829274063115,90.92080393813056,5.646329391406137e-07,True,
S12,0.7174226061194302,0.7174226061194302,0.006625004309591233,0.7174226061194303,0.12454076598729688,0.8754592340127031,0.0004,0.060329466933964994,0.2,False,0.13046477434137663,0.0,0.0,True,0.06347673384693431,0.13074209451525468,0.09379733417664689,True,0.08735386611546832,0.8692579054847452,0.6236252719427834,Random 03,0.28634363725552686,0.0,0.0,False,209.91516266880524
S13,0.5552717360780561,0.5552717360780561,0.00981888551485112,0.5552717360780561,0.7733149547464767,0.22668504525352334,0.0004,0.047797947051500735,0.2,False,0.08732758868073094,0.0,0.0,False,0.0489280578575271,0.0,0.0,True,0.3020823201701276,1.0,0.5552717360780561,Random 03,0.3016331232565361,0.0,0.0,False,199.98102962593194
S14,0.6387313139813338,0.6387313139813338,0.007756109148548041,0.6387313139813338,0.37156790252663413,0.6284320974733657,0.0004,0.04424772824904715,0.2,False,0.12496620095749532,0.0,0.0,False,0.09469497427382659,0.0,0.0,True,0.12168259171448795,1.0,0.6387313139813338,Random 03,0.15065206463934208,0.0,0.0,False,217.10979643168466
S15,0.4786706610213468,0.4786706610213468,0.011319372235691535,0.4786706610213468,0.8413160429720034,0.15868395702799656,0.0004,0.07703940529141029,0.2,False,0.17965904343096603,0.0,0.0,False,0.10680137817108872,0.0,0.0,True,0.23957521029675072,1.0,0.4786706610213468,Random 03,0.32774187550550504,0.0,0.0,False,131.81817631979334
S16,0.3879206769201393,0.3879206769201393,0.009527256440447636,0.3879206769201393,0.6835513095284493,0.3164486904715507,0.0004,0.05647998977630705,0.2,False,0.07818527782898445,0.0,0.0,False,0.07266598105369952,0.0,0.0,True,0.07513368203581569,1.0,0.3879206769201393,Random 03,8.968967753858054,0.0,0.0,False,232.6822135943164
S17,0.5205702464255352,0.5205702464255352,0.012895268260698346,0.6507128080319189,0.12483014815539316,0.8751698518446068,0.0004,0.07262049202573578,0.2,True,0.07152856248539699,1.0,0.6507128080319189,False,0.05456131135958659,0.0,0.0,False,0.07407176622621994,0.0,0.0,Random 03,0.5293551108478598,0.0,0.0,False,202.60467559306323
S18,0.271923655103572,0.271923655103572,0.011576599568711526,0.339904568879465,0.2935551684749589,0.706444831525041,0.0004,0.06340959985939014,0.2,True,0.07855288193732955,1.0,0.339904568879465,False,0.0866389094395914,0.0,0.0,False,0.08322607753328139,0.0,0.0,Random 03,1.8955966690310286,0.0,0.0,False,215.58433124319177
S19,0.6415617565200384,0.6415617565200384,0.008535040668752408,0.6415617565200384,0.619355935195066,0.38064406480493396,0.0004,0.07549078399283288,0.2,False,0.14253574297817312,0.0,0.0,True,0.15492349068047662,1.0,0.6415617565200384,False,0.02269151664795335,0.0,0.0,Random 03,0.20773983362485812,0.0,0.0,False,229.07540558602437
S20,0.5503947679516358,0.5503947679516358,0.012890262019107132,0.6879934599395446,0.44627723652059154,0.5537227634794083,0.0004,0.06152537741703164,0.2,True,0.08920982814910605,1.0,0.6879934599395446,False,0.05860263712120007,0.0,0.0,False,0.12977858600185974,0.0,0.0,Random 03,1.662542466398449,0.0,0.0,False,248.71010381656436
S21,0.6049183137391148,0.6049183137391148,0.012577199929812497,0.6049183137391148,0.4447056029828542,0.5552943970171459,0.0004,0.04932761296489643,0.2,False,0.049535609824201604,0.0,0.0,False,0.09056756162932761,0.0,0.0,True,0.05042218793012589,1.0,0.6049183137391148,Random 03,0.09467550172857961,0.0,0.0,False,186.58331766956314
S22,0.44408086695356125,0.44408086695356125,0.009144366538277054,0.5489185892321549,0.4826835238955366,0.5173164761044635,0.0004,0.051303976842938866,0.2,True,0.08081508735785929,0.9549478222740102,0.5241886113929682,False,0.038795352531022426,0.0,0.0,True,0.07711556599674897,0.045052177725989836,0.02472997783918665,Random 03,0.45191476987645185,0.0,0.0,False,264.46973951742325
S23,0.7827700623264917,0.7827700623264917,0.008327855963910643,0.8991481205175444,0.44399670516830775,0.5560032948316923,0.0004,0.045439142865298016,0.2,True,0.07341063915081991,0.6471573233343703,0.5818902909552638,False,0.09502980690953844,0.0,0.0,True,0.11014834772357171,0.35284267666562974,0.3172578295622806,Random 03,37.92765607659433,8.828245867363195,5.482483871279052e-08,True,
S24,0.6862203886407972,0.6862203886407972,0.011425212296903247,0.6862203886407972,0.8795051613236196,0.12049483867638036,0.0004,0.03967755222437365,0.2,False,0.08050699368355325,0.0,0.0,False,0.1967743563488177,0.0,0.0,True,0.16426548326178395,1.0,0.6862203886407972,Random 03,0.5376312464228561,0.0,0.0,False,243.10852409821638
S25,0.6148913087425962,0.6148913087425962,0.006760680233078287,0.6148913087425962,0.6239019084127824,0.37609809158721774,0.0004,0.062223451248237895,0.2,False,0.18519780682082157,0.0,0.0,True,0.22575580230433015,0.8896681944414698,0.5470492404267779,True,0.1835059895384483,0.11033180555853024,0.06784206831581831,Random 03,6.915994310453353,0.0,0.0,False,288.90775984171773
S01,0.612673574318909,0.612673574318909,0.007420976596722972,0.7658419678986362,0.8515350106661261,0.14846498933387386,0.0004,0.0793480687242074,0.2,True,0.08267722819017101,1.0,0.7658419678986362,False,0.24680217603901325,0.0,0.0,False,0.13553025329604063,0.0,0.0,Random 04,3.4350212658009895,0.0,0.0,False,238.72674147654132
S02,0.4769479474461431,0.4769479474461431,0.009751181422341732,0.4769479474461431,0.7746232369892749,0.225376763010725,0.0004,0.0698768721276962,0.2,False,0.07350482270726946,0.0,0.0,True,0.2503640944093288,1.0,0.4769479474461431,False,0.11819720718406515,0.0,0.0,Random 04,1.3798340841352708,0.0,0.0,False,198.45476513278587
S03,0.6609003678039989,0.6609003678039989,0.004888754183772857,0.6609003678039989,0.7770481541141616,0.2229518458858385,0.0004,0.08146388581414843,0.2,False,0.14743808099146147,0.0,0.0,False,0.15074240746696427,0.0,0.0,True,0.06680679554310197,1.0,0.6609003678039989,Random 04,0.6526473750995674,0.0,0.0,False,169.61766194459256
S04,0.5774540697011499,0.5774540697011499,0.006949953839124522,0.7218175871264373,0.5960192798816303,0.40398072011836966,0.0004,0.0580001671412019,0.2,True,0.038614743766361884,1.0,0.7218175871264373,False,0.4191647795688755,0.0,0.0,False,0.0844299626119586,0.0,0.0,Random 04,11.962850144290524,6.285163002076169,4.0107829333523075e-09,True,
S05,0.3029913307400761,0.3029913307400761,0.011429871068700135,0.3029913307400761,0.6147032926219209,0.38529670737807903,0.0004,0.05575912988788975,0.2,False,0.12189154588028865,0.0,0.0,True,0.0589525251264103,0.7566828308376615,0.22926833786367096,True,0.11168718561837372,0.24331716916233845,0.07372299287640514,Random 04,1.3302497941997014,0.0,0.0,False,249.04297296200366
S06,0.7945463564246886,0.7945463564246886,0.011975314284901607,0.7945463564246886,0.9552426054620005,0.04475739453799964,0.0004,0.04961788799213952,0.2,False,0.020328799116190205,0.0,0.0,True,0.09947885305494389,0.3643016652352265,0.28945456075209586,True,0.036708221803471205,0.6356983347647736,0.5050917956725928,Random 04,17.159957996463536,10.375127881601612,6.62073295873626e-09,True,
S07,0.606387639168178,0.606387639168178,0.015536751522968403,0.606387639168178,0.3874659520217885,0.6125340479782114,0.0004,0.07037270310762941,0.2,False,0.16611973230484037,0.0,0.0,True,0.1956795516670934,0.48543944075491635,0.29436447643849434,True,0.09504757446320862,0.5145605592450837,0.31202316272968367,Random 04,0.5902691757134244,0.0,0.0,False,175.38953336054254
S08,0.6187995707493525,0.6187995707493525,0.0086479976251629,0.6268428907487028,0.14578479652280407,0.8542152034771959,0.0004,0.06855825432524357,0.2,True,0.061647047565342686,0.06415738391595431,0.04021659999675113,False,0.08230244518870282,0.0,0.0,True,0.07312048231028687,0.9358426160840457,0.5866262907519517,Random 04,1.8916517892929339,0.0,0.0,False,202.35667279693894
S09,0.3299253740639157,0.3299253740639157,0.00901023691345938,0.3299253740639157,0.05692571364264103,0.9430742863573589,0.0004,0.0878923726786023,0.2,False,0.1514259539206829,0.0,0.0,False,0.164020304600423,0.0,0.0,True,0.12926372578349954,1.0,0.3299253740639157,Random 04,3.489263278958409,0.0,0.0,False,150.6264918261872
S10,0.4813131824098549,0.4813131824098549,0.009772556981438394,0.4938164658343517,0.3527105100215366,0.6472894899784635,0.0004,0.06562392284656213,0.2,True,0.20250958078455603,0.12659848637662735,0.06251641712248443,False,0.12361786566077958,0.0,0.0,True,0.21949645590677294,0.8734015136233727,0.4313000487118673,Random 04,3.0379476990301293,0.0,0.0,False,195.51956111547685
S11,0.4505829385797492,0.4505829385797492,0.007364310915885195,0.4505829385797492,0.9504957364848154,0.04950426351518464,0.0004,0.03777608305623941,0.2,False,0.06137243178556847,0.0,0.0,True,0.05524512263454684,1.0,0.4505829385797492,False,0.042947386223892714,0.0,0.0,Random 04,0.27273344877382744,68.05499481246086,4.3428278889987966e-08,True,
S12,0.7174226061194302,0.7174226061194302,0.006625004309591233,0.7174226061194303,0.12454076598729688,0.8754592340127031,0.0004,0.060329466933964994,0.2,False,0.13046477434137663,0.0,0.0,True,0.06347673384693431,0.13074209451525468,0.09379733417664689,True,0.08735386611546832,0.8692579054847452,0.6236252719427834,Random 04,0.641047212855038,0.0,0.0,False,229.27022573251625
S13,0.5552717360780561,0.5552717360780561,0.00981888551485112,0.5552717360780561,0.7733149547464767,0.22668504525352334,0.0004,0.047797947051500735,0.2,False,0.08732758868073094,0.0,0.0,False,0.0489280578575271,0.0,0.0,True,0.3020823201701276,1.0,0.5552717360780561,Random 04,1.2936550820923935,0.0,0.0,False,231.41904467074852
S14,0.6387313139813338,0.6387313139813338,0.007756109148548041,0.6387313139813338,0.37156790252663413,0.6284320974733657,0.0004,0.04424772824904715,0.2,False,0.12496620095749532,0.0,0.0,False,0.09469497427382659,0.0,0.0,True,0.12168259171448795,1.0,0.6387313139813338,Random 04,0.48233951009643866,0.0,0.0,False,255.21280676764383
S15,0.4786706610213468,0.4786706610213468,0.011319372235691535,0.4786706610213468,0.8413160429720034,0.15868395702799656,0.0004,0.07703940529141029,0.2,False,0.17965904343096603,0.0,0.0,False,0.10680137817108872,0.0,0.0,True,0.23957521029675072,1.0,0.4786706610213468,Random 04,4.794309012974557,0.0,0.0,False,166.680151149131
S16,0.3879206769201393,0.3879206769201393,0.009527256440447636,0.3879206769201393,0.6835513095284493,0.3164486904715507,0.0004,0.05647998977630705,0.2,False,0.07818527782898445,0.0,0.0,False,0.07266598105369952,0.0,0.0,True,0.07513368203581569,1.0,0.3879206769201393,Random 04,4.19322740404612,0.0,0.0,False,232.14299957998975
S17,0.5205702464255352,0.5205702464255352,0.012895268260698346,0.6507128080319189,0.12483014815539316,0.8751698518446068,0.0004,0.07262049202573578,0.2,True,0.07152856248539699,1.0,0.6507128080319189,False,0.05456131135958659,0.0,0.0,False,0.07407176622621994,0.0,0.0,Random 04,0.09216408551181968,0.0,0.0,False,189.1675850874283
S18,0.271923655103572,0.271923655103572,0.011576599568711526,0.339904568879465,0.2935551684749589,0.706444831525041,0.0004,0.06340959985939014,0.2,True,0.07855288193732955,1.0,0.339904568879465,False,0.0866389094395914,0.0,0.0,False,0.08322607753328139,0.0,0.0,Random 04,0.11573650526229365,0.0,0.0,False,182.80057763785692
S19,0.6415617565200384,0.6415617565200384,0.008535040668752408,0.6415617565200384,0.619355935195066,0.38064406480493396,0.0004,0.07549078399283288,0.2,False,0.14253574297817312,0.0,0.0,True,0.15492349068047662,1.0,0.6415617565200384,False,0.02269151664795335,0.0,0.0,Random 04,0.25387760800591236,0.0,0.0,False,198.97209006646403
S20,0.5503947679516358,0.5503947679516358,0.012890262019107132,0.6879934599395446,0.44627723652059154,0.5537227634794083,0.0004,0.06152537741703164,0.2,True,0.08920982814910605,1.0,0.6879934599395446,False,0.05860263712120007,0.0,0.0,False,0.12977858600185974,0.0,0.0,Random 04,2.0695500657501253,0.0,0.0,False,259.89197257473177
S21,0.6049183137391148,0.6049183137391148,0.012577199929812497,0.6049183137391148,0.4447056029828542,0.5552943970171459,0.0004,0.04932761296489643,0.2,False,0.049535609824201604,0.0,0.0,False,0.09056756162932761,0.0,0.0,True,0.05042218793012589,1.0,0.6049183137391148,Random 04,36.642205213356156,0.8101627705302751,5.169932764204975e-10,True,
S22,0.44408086695356125,0.44408086695356125,0.009144366538277054,0.5489185892321549,0.4826835238955366,0.5173164761044635,0.0004,0.051303976842938866,0.2,True,0.08081508735785929,0.9549478222740102,0.5241886113929682,False,0.038795352531022426,0.0,0.0,True,0.07711556599674897,0.045052177725989836,0.02472997783918665,Random 04,0.9781495105960785,0.0,0.0,False,285.7611215422873
S23,0.7827700623264917,0.7827700623264917,0.008327855963910643,0.8991481205175444,0.44399670516830775,0.5560032948316923,0.0004,0.045439142865298016,0.2,True,0.07341063915081991,0.6471573233343703,0.5818902909552638,False,0.09502980690953844,0.0,0.0,True,0.11014834772357171,0.35284267666562974,0.3172578295622806,Random 04,2.527972893489663,14.474551533331079,9.236718958384338e-09,True,
S24,0.6862203886407972,0.6862203886407972,0.011425212296903247,0.6862203886407972,0.8795051613236196,0.12049483867638036,0.0004,0.03967755222437365,0.2,False,0.08050699368355325,0.0,0.0,False,0.1967743563488177,0.0,0.0,True,0.16426548326178395,1.0,0.6862203886407972,Random 04,0.3523164052829519,0.0,0.0,False,248.51654145314114
S25,0.6148913087425962,0.6148913087425962,0.006760680233078287,0.6148913087425962,0.6239019084127824,0.37609809158721774,0.0004,0.062223451248237895,0.2,False,0.18519780682082157,0.0,0.0,True,0.22575580230433015,0.8896681944414698,0.5470492404267779,True,0.1835059895384483,0.11033180555853024,0.06784206831581831,Random 04,0.3610234389221249,0.0,0.0,False,219.94245359331717
S01,0.612673574318909,0.612673574318909,0.007420976596722972,0.7658419678986362,0.8515350106661261,0.14846498933387386,0.0004,0.0793480687242074,0.2,True,0.08267722819017101,1.0,0.7658419678986362,False,0.24680217603901325,0.0,0.0,False,0.13553025329604063,0.0,0.0,Random 05,0.08243369670589311,0.0,0.0,False,221.78674765941832
S02,0.4769479474461431,0.4769479474461431,0.009751181422341732,0.4769479474461431,0.7746232369892749,0.225376763010725,0.0004,0.0698768721276962,0.2,False,0.07350482270726946,0.0,0.0,True,0.2503640944093288,1.0,0.4769479474461431,False,0.11819720718406515,0.0,0.0,Random 05,1.488195579177609,0.0,0.0,False,201.44813870913117
S03,0.6609003678039989,0.6609003678039989,0.004888754183772857,0.6609003678039989,0.7770481541141616,0.2229518458858385,0.0004,0.08146388581414843,0.2,False,0.14743808099146147,0.0,0.0,False,0.15074240746696427,0.0,0.0,True,0.06680679554310197,1.0,0.6609003678039989,Random 05,6.429557778865824,0.0,0.0,False,215.10158081259794
S04,0.5774540697011499,0.5774540697011499,0.006949953839124522,0.7218175871264373,0.5960192798816303,0.40398072011836966,0.0004,0.0580001671412019,0.2,True,0.038614743766361884,1.0,0.7218175871264373,False,0.4191647795688755,0.0,0.0,False,0.0844299626119586,0.0,0.0,Random 05,0.9093813519684552,1.5451665895584814,2.7094309430713587e-09,True,
S05,0.3029913307400761,0.3029913307400761,0.011429871068700135,0.3029913307400761,0.6147032926219209,0.38529670737807903,0.0004,0.05575912988788975,0.2,False,0.12189154588028865,0.0,0.0,True,0.0589525251264103,0.7566828308376615,0.22926833786367096,True,0.11168718561837372,0.24331716916233845,0.07372299287640514,Random 05,12.613407896432399,0.0,0.0,False,290.25803367411316
S06,0.7945463564246886,0.7945463564246886,0.011975314284901607,0.7945463564246886,0.9552426054620005,0.04475739453799964,0.0004,0.04961788799213952,0.2,False,0.020328799116190205,0.0,0.0,True,0.09947885305494389,0.3643016652352265,0.28945456075209586,True,0.036708221803471205,0.6356983347647736,0.5050917956725928,Random 05,2.0893709005408567,2.7692806333472553,4.8559001267191996e-09,True,
S07,0.606387639168178,0.606387639168178,0.015536751522968403,0.606387639168178,0.3874659520217885,0.6125340479782114,0.0004,0.07037270310762941,0.2,False,0.16611973230484037,0.0,0.0,True,0.1956795516670934,0.48543944075491635,0.29436447643849434,True,0.09504757446320862,0.5145605592450837,0.31202316272968367,Random 05,1.47029344840661,0.0,0.0,False,194.99979314933123
S08,0.6187995707493525,0.6187995707493525,0.0086479976251629,0.6268428907487028,0.14578479652280407,0.8542152034771959,0.0004,0.06855825432524357,0.2,True,0.061647047565342686,0.06415738391595431,0.04021659999675113,False,0.08230244518870282,0.0,0.0,True,0.07312048231028687,0.9358426160840457,0.5866262907519517,Random 05,3.3735364169078976,0.0,0.0,False,229.2079578156757
S09,0.3299253740639157,0.3299253740639157,0.00901023691345938,0.3299253740639157,0.05692571364264103,0.9430742863573589,0.0004,0.0878923726786023,0.2,False,0.1514259539206829,0.0,0.0,False,0.164020304600423,0.0,0.0,True,0.12926372578349954,1.0,0.3299253740639157,Random 05,3.225690679980537,0.0,0.0,False,156.34773876572154
S10,0.4813131824098549,0.4813131824098549,0.009772556981438394,0.4938164658343517,0.3527105100215366,0.6472894899784635,0.0004,0.06562392284656213,0.2,True,0.20250958078455603,0.12659848637662735,0.06251641712248443,False,0.12361786566077958,0.0,0.0,True,0.21949645590677294,0.8734015136233727,0.4313000487118673,Random 05,8.686675438229502,0.0,0.0,False,218.43867312604107
S11,0.4505829385797492,0.4505829385797492,0.007364310915885195,0.4505829385797492,0.9504957364848154,0.04950426351518464,0.0004,0.03777608305623941,0.2,False,0.06137243178556847,0.0,0.0,True,0.05524512263454684,1.0,0.4505829385797492,False,0.042947386223892714,0.0,0.0,Random 05,0.4663351675677811,83.71079023849136,1.467858591259943e-07,True,
S12,0.7174226061194302,0.7174226061194302,0.006625004309591233,0.7174226061194303,0.12454076598729688,0.8754592340127031,0.0004,0.060329466933964994,0.2,False,0.13046477434137663,0.0,0.0,True,0.06347673384693431,0.13074209451525468,0.09379733417664689,True,0.08735386611546832,0.8692579054847452,0.6236252719427834,Random 05,0.05018731360392959,0.0,0.0,False,212.49559950822174
S13,0.5552717360780561,0.5552717360780561,0.00981888551485112,0.5552717360780561,0.7733149547464767,0.22668504525352334,0.0004,0.047797947051500735,0.2,False,0.08732758868073094,0.0,0.0,False,0.0489280578575271,0.0,0.0,True,0.3020823201701276,1.0,0.5552717360780561,Random 05,1.844486252895939,0.0,0.0,False,246.11120684082948
S14,0.6387313139813338,0.6387313139813338,0.007756109148548041,0.6387313139813338,0.37156790252663413,0.6284320974733657,0.0004,0.04424772824904715,0.2,False,0.12496620095749532,0.0,0.0,False,0.09469497427382659,0.0,0.0,True,0.12168259171448795,1.0,0.6387313139813338,Random 05,0.6203744721050937,0.0,0.0,False,280.7306861656942
S15,0.4786706610213468,0.4786706610213468,0.011319372235691535,0.4786706610213468,0.8413160429720034,0.15868395702799656,0.0004,0.07703940529141029,0.2,False,0.17965904343096603,0.0,0.0,False,0.10680137817108872,0.0,0.0,True,0.23957521029675072,1.0,0.4786706610213468,Random 05,1.4908030372222056,0.0,0.0,False,159.61430930992495
S16,0.3879206769201393,0.3879206769201393,0.009527256440447636,0.3879206769201393,0.6835513095284493,0.3164486904715507,0.0004,0.05647998977630705,0.2,False,0.07818527782898445,0.0,0.0,False,0.07266598105369952,0.0,0.0,True,0.07513368203581569,1.0,0.3879206769201393,Random 05,18.850336591321557,0.0,0.0,False,268.92216376895044
S17,0.5205702464255352,0.5205702464255352,0.012895268260698346,0.6507128080319189,0.12483014815539316,0.8751698518446068,0.0004,0.07262049202573578,0.2,True,0.07152856248539699,1.0,0.6507128080319189,False,0.05456131135958659,0.0,0.0,False,0.07407176622621994,0.0,0.0,Random 05,0.2969528310935853,0.0,0.0,False,225.78313062399934
S18,0.271923655103572,0.271923655103572,0.011576599568711526,0.339904568879465,0.2935551684749589,0.706444831525041,0.0004,0.06340959985939014,0.2,True,0.07855288193732955,1.0,0.339904568879465,False,0.0866389094395914,0.0,0.0,False,0.08322607753328139,0.0,0.0,Random 05,4.890412921575092,0.0,0.0,False,247.3960509020576
S19,0.6415617565200384,0.6415617565200384,0.008535040668752408,0.6415617565200384,0.619355935195066,0.38064406480493396,0.0004,0.07549078399283288,0.2,False,0.14253574297817312,0.0,0.0,True,0.15492349068047662,1.0,0.6415617565200384,False,0.02269151664795335,0.0,0.0,Random 05,6.416559390692409,0.0,0.0,False,242.10286046023455
S20,0.5503947679516358,0.5503947679516358,0.012890262019107132,0.6879934599395446,0.44627723652059154,0.5537227634794083,0.0004,0.06152537741703164,0.2,True,0.08920982814910605,1.0,0.6879934599395446,False,0.05860263712120007,0.0,0.0,False,0.12977858600185974,0.0,0.0,Random 05,3.0993273229462712,0.0,0.0,False,291.9832327859193
S21,0.6049183137391148,0.6049183137391148,0.012577199929812497,0.6049183137391148,0.4447056029828542,0.5552943970171459,0.0004,0.04932761296489643,0.2,False,0.049535609824201604,0.0,0.0,False,0.09056756162932761,0.0,0.0,True,0.05042218793012589,1.0,0.6049183137391148,Random 05,8.313186389417211,0.3476370094154366,6.095772951809119e-10,True,
S22,0.44408086695356125,0.44408086695356125,0.009144366538277054,0.5489185892321549,0.4826835238955366,0.5173164761044635,0.0004,0.051303976842938866,0.2,True,0.08081508735785929,0.9549478222740102,0.5241886113929682,False,0.038795352531022426,0.0,0.0,True,0.07711556599674897,0.045052177725989836,0.02472997783918665,Random 05,0.7807793582770287,0.3765976507122056,6.603594297357868e-10,True,
S23,0.7827700623264917,0.7827700623264917,0.008327855963910643,0.8991481205175444,0.44399670516830775,0.5560032948316923,0.0004,0.045439142865298016,0.2,True,0.07341063915081991,0.6471573233343703,0.5818902909552638,False,0.09502980690953844,0.0,0.0,True,0.11014834772357171,0.35284267666562974,0.3172578295622806,Random 05,0.5586769833701205,10.373020194339139,1.8188965563691943e-08,True,
S24,0.6862203886407972,0.6862203886407972,0.011425212296903247,0.6862203886407972,0.8795051613236196,0.12049483867638036,0.0004,0.03967755222437365,0.2,False,0.08050699368355325,0.0,0.0,False,0.1967743563488177,0.0,0.0,True,0.16426548326178395,1.0,0.6862203886407972,Random 05,7.3783861425061295,0.877507684136139,1.5386991203716792e-09,True,
S25,0.6148913087425962,0.6148913087425962,0.006760680233078287,0.6148913087425962,0.6239019084127824,0.37609809158721774,0.0004,0.062223451248237895,0.2,False,0.18519780682082157,0.0,0.0,True,0.22575580230433015,0.8896681944414698,0.5470492404267779,True,0.1835059895384483,0.11033180555853024,0.06784206831581831,Random 05,4.574652638190072,0.0,0.0,False,261.0830710357124
S01,0.612673574318909,0.612673574318909,0.007420976596722972,0.7658419678986362,0.8515350106661261,0.14846498933387386,0.0004,0.0793480687242074,0.2,True,0.08267722819017101,1.0,0.7658419678986362,False,0.24680217603901325,0.0,0.0,False,0.13553025329604063,0.0,0.0,Random 06,7.614488694461764,0.0,0.0,False,255.62373857028214
S02,0.4769479474461431,0.4769479474461431,0.009751181422341732,0.4769479474461431,0.7746232369892749,0.225376763010725,0.0004,0.0698768721276962,0.2,False,0.07350482270726946,0.0,0.0,True,0.2503640944093288,1.0,0.4769479474461431,False,0.11819720718406515,0.0,0.0,Random 06,1.3007226479481209,0.0,0.0,False,191.149225677675
S03,0.6609003678039989,0.6609003678039989,0.004888754183772857,0.6609003678039989,0.7770481541141616,0.2229518458858385,0.0004,0.08146388581414843,0.2,False,0.14743808099146147,0.0,0.0,False,0.15074240746696427,0.0,0.0,True,0.06680679554310197,1.0,0.6609003678039989,Random 06,10.803069489036922,0.0,0.0,False,209.2533572615794
S04,0.5774540697011499,0.5774540697011499,0.006949953839124522,0.7218175871264373,0.5960192798816303,0.40398072011836966,0.0004,0.0580001671412019,0.2,True,0.038614743766361884,1.0,0.7218175871264373,False,0.4191647795688755,0.0,0.0,False,0.0844299626119586,0.0,0.0,Random 06,0.6196287540442085,0.06951432282395115,4.046437875941737e-10,True,
S05,0.3029913307400761,0.3029913307400761,0.011429871068700135,0.3029913307400761,0.6147032926219209,0.38529670737807903,0.0004,0.05575912988788975,0.2,False,0.12189154588028865,0.0,0.0,True,0.0589525251264103,0.7566828308376615,0.22926833786367096,True,0.11168718561837372,0.24331716916233845,0.07372299287640514,Random 06,0.1928180833476658,0.0,0.0,False,206.55474214770268
S06,0.7945463564246886,0.7945463564246886,0.011975314284901607,0.7945463564246886,0.9552426054620005,0.04475739453799964,0.0004,0.04961788799213952,0.2,False,0.020328799116190205,0.0,0.0,True,0.09947885305494389,0.3643016652352265,0.28945456075209586,True,0.036708221803471205,0.6356983347647736,0.5050917956725928,Random 06,0.04454977525170667,0.0,0.0,False,253.82806624518622
S07,0.606387639168178,0.606387639168178,0.015536751522968403,0.606387639168178,0.3874659520217885,0.6125340479782114,0.0004,0.07037270310762941,0.2,False,0.16611973230484037,0.0,0.0,True,0.1956795516670934,0.48543944075491635,0.29436447643849434,True,0.09504757446320862,0.5145605592450837,0.31202316272968367,Random 06,0.18129743506490995,0.0,0.0,False,158.80751848309205
S08,0.6187995707493525,0.6187995707493525,0.0086479976251629,0.6268428907487028,0.14578479652280407,0.8542152034771959,0.0004,0.06855825432524357,0.2,True,0.061647047565342686,0.06415738391595431,0.04021659999675113,False,0.08230244518870282,0.0,0.0,True,0.07312048231028687,0.9358426160840457,0.5866262907519517,Random 06,3.229220850798573,0.0,0.0,False,216.027284381223
S09,0.3299253740639157,0.3299253740639157,0.00901023691345938,0.3299253740639157,0.05692571364264103,0.9430742863573589,0.0004,0.0878923726786023,0.2,False,0.1514259539206829,0.0,0.0,False,0.164020304600423,0.0,0.0,True,0.12926372578349954,1.0,0.3299253740639157,Random 06,0.10509323129376776,0.0,0.0,False,115.50624930492171
S10,0.4813131824098549,0.4813131824098549,0.009772556981438394,0.4938164658343517,0.3527105100215366,0.6472894899784635,0.0004,0.06562392284656213,0.2,True,0.20250958078455603,0.12659848637662735,0.06251641712248443,False,0.12361786566077958,0.0,0.0,True,0.21949645590677294,0.8734015136233727,0.4313000487118673,Random 06,0.4799560451150971,0.0,0.0,False,172.4757732057192
S11,0.4505829385797492,0.4505829385797492,0.007364310915885195,0.4505829385797492,0.9504957364848154,0.04950426351518464,0.0004,0.03777608305623941,0.2,False,0.06137243178556847,0.0,0.0,True,0.05524512263454684,1.0,0.4505829385797492,False,0.042947386223892714,0.0,0.0,Random 06,22.294980492435226,96.8594502819744,5.638201342426591e-07,True,
S12,0.7174226061194302,0.7174226061194302,0.006625004309591233,0.7174226061194303,0.12454076598729688,0.8754592340127031,0.0004,0.060329466933964994,0.2,False,0.13046477434137663,0.0,0.0,True,0.06347673384693431,0.13074209451525468,0.09379733417664689,True,0.08735386611546832,0.8692579054847452,0.6236252719427834,Random 06,3.3692141931405772,0.0,0.0,False,255.4006143948349
S13,0.5552717360780561,0.5552717360780561,0.00981888551485112,0.5552717360780561,0.7733149547464767,0.22668504525352334,0.0004,0.047797947051500735,0.2,False,0.08732758868073094,0.0,0.0,False,0.0489280578575271,0.0,0.0,True,0.3020823201701276,1.0,0.5552717360780561,Random 06,13.887129307272165,0.0,0.0,False,273.7777216040016
S14,0.6387313139813338,0.6387313139813338,0.007756109148548041,0.6387313139813338,0.37156790252663413,0.6284320974733657,0.0004,0.04424772824904715,0.2,False,0.12496620095749532,0.0,0.0,False,0.09469497427382659,0.0,0.0,True,0.12168259171448795,1.0,0.6387313139813338,Random 06,0.21376934873749018,0.0,0.0,False,244.6294248780295
S15,0.4786706610213468,0.4786706610213468,0.011319372235691535,0.4786706610213468,0.8413160429720034,0.15868395702799656,0.0004,0.07703940529141029,0.2,False,0.17965904343096603,0.0,0.0,False,0.10680137817108872,0.0,0.0,True,0.23957521029675072,1.0,0.4786706610213468,Random 06,0.02362436152810361,0.0,0.0,False,107.02286209750767
S16,0.3879206769201393,0.3879206769201393,0.009527256440447636,0.3879206769201393,0.6835513095284493,0.3164486904715507,0.0004,0.05647998977630705,0.2,False,0.07818527782898445,0.0,0.0,False,0.07266598105369952,0.0,0.0,True,0.07513368203581569,1.0,0.3879206769201393,Random 06,9.19865273969437,0.0,0.0,False,249.2120458113194
S17,0.5205702464255352,0.5205702464255352,0.012895268260698346,0.6507128080319189,0.12483014815539316,0.8751698518446068,0.0004,0.07262049202573578,0.2,True,0.07152856248539699,1.0,0.6507128080319189,False,0.05456131135958659,0.0,0.0,False,0.07407176622621994,0.0,0.0,Random 06,0.112936656451611,0.0,0.0,False,198.3813574445154
S18,0.271923655103572,0.271923655103572,0.011576599568711526,0.339904568879465,0.2935551684749589,0.706444831525041,0.0004,0.06340959985939014,0.2,True,0.07855288193732955,1.0,0.339904568879465,False,0.0866389094395914,0.0,0.0,False,0.08322607753328139,0.0,0.0,Random 06,1.084230951555648,0.0,0.0,False,216.99504892040605
S19,0.6415617565200384,0.6415617565200384,0.008535040668752408,0.6415617565200384,0.619355935195066,0.38064406480493396,0.0004,0.07549078399283288,0.2,False,0.14253574297817312,0.0,0.0,True,0.15492349068047662,1.0,0.6415617565200384,False,0.02269151664795335,0.0,0.0,Random 06,1.3101288272904896,0.0,0.0,False,205.42276200935714
S20,0.5503947679516358,0.5503947679516358,0.012890262019107132,0.6879934599395446,0.44627723652059154,0.5537227634794083,0.0004,0.06152537741703164,0.2,True,0.08920982814910605,1.0,0.6879934599395446,False,0.05860263712120007,0.0,0.0,False,0.12977858600185974,0.0,0.0,Random 06,0.22789757299769609,0.0,0.0,False,238.12947703274202
S21,0.6049183137391148,0.6049183137391148,0.012577199929812497,0.6049183137391148,0.4447056029828542,0.5552943970171459,0.0004,0.04932761296489643,0.2,False,0.049535609824201604,0.0,0.0,False,0.09056756162932761,0.0,0.0,True,0.05042218793012589,1.0,0.6049183137391148,Random 06,9.712708903800195,0.0,0.0,False,297.5316827485442
S22,0.44408086695356125,0.44408086695356125,0.009144366538277054,0.5489185892321549,0.4826835238955366,0.5173164761044635,0.0004,0.051303976842938866,0.2,True,0.08081508735785929,0.9549478222740102,0.5241886113929682,False,0.038795352531022426,0.0,0.0,True,0.07711556599674897,0.045052177725989836,0.02472997783918665,Random 06,9.664814507147144,0.4625134444114552,2.6922968441173526e-09,True,
S23,0.7827700623264917,0.7827700623264917,0.008327855963910643,0.8991481205175444,0.44399670516830775,0.5560032948316923,0.0004,0.045439142865298016,0.2,True,0.07341063915081991,0.6471573233343703,0.5818902909552638,False,0.09502980690953844,0.0,0.0,True,0.11014834772357171,0.35284267666562974,0.3172578295622806,Random 06,2.163336893369273,2.608521950790191,1.5184240589719243e-08,True,
S24,0.6862203886407972,0.6862203886407972,0.011425212296903247,0.6862203886407972,0.8795051613236196,0.12049483867638036,0.0004,0.03967755222437365,0.2,False,0.08050699368355325,0.0,0.0,False,0.1967743563488177,0.0,0.0,True,0.16426548326178395,1.0,0.6862203886407972,Random 06,0.9050633267588155,0.0,0.0,False,270.76567806361766
S25,0.6148913087425962,0.6148913087425962,0.006760680233078287,0.6148913087425962,0.6239019084127824,0.37609809158721774,0.0004,0.062223451248237895,0.2,False,0.18519780682082157,0.0,0.0,True,0.22575580230433015,0.8896681944414698,0.5470492404267779,True,0.1835059895384483,0.11033180555853024,0.06784206831581831,Random 06,1.2606669114584712,0.0,0.0,False,228.96068312112732
S01,0.612673574318909,0.612673574318909,0.007420976596722972,0.7658419678986362,0.8515350106661261,0.14846498933387386,0.0004,0.0793480687242074,0.2,True,0.08267722819017101,1.0,0.7658419678986362,False,0.24680217603901325,0.0,0.0,False,0.13553025329604063,0.0,0.0,Random 07,0.10799170790755509,0.0,0.0,False,223.73426258154106
S02,0.4769479474461431,0.4769479474461431,0.009751181422341732,0.4769479474461431,0.7746232369892749,0.225376763010725,0.0004,0.0698768721276962,0.2,False,0.07350482270726946,0.0,0.0,True,0.2503640944093288,1.0,0.4769479474461431,False,0.11819720718406515,0.0,0.0,Random 07,0.3904581632426085,0.0,0.0,False,177.37945914190843
S03,0.6609003678039989,0.6609003678039989,0.004888754183772857,0.6609003678039989,0.7770481541141616,0.2229518458858385,0.0004,0.08146388581414843,0.2,False,0.14743808099146147,0.0,0.0,False,0.15074240746696427,0.0,0.0,True,0.06680679554310197,1.0,0.6609003678039989,Random 07,0.4774773593589161,0.0,0.0,False,193.36138378347397
S04,0.5774540697011499,0.5774540697011499,0.006949953839124522,0.7218175871264373,0.5960192798816303,0.40398072011836966,0.0004,0.0580001671412019,0.2,True,0.038614743766361884,1.0,0.7218175871264373,False,0.4191647795688755,0.0,0.0,False,0.0844299626119586,0.0,0.0,Random 07,0.1556433523463727,0.18487498957898107,4.2893514017248916e-10,True,
S05,0.3029913307400761,0.3029913307400761,0.011429871068700135,0.3029913307400761,0.6147032926219209,0.38529670737807903,0.0004,0.05575912988788975,0.2,False,0.12189154588028865,0.0,0.0,True,0.0589525251264103,0.7566828308376615,0.22926833786367096,True,0.11168718561837372,0.24331716916233845,0.07372299287640514,Random 07,1.9976739650887014,0.0,0.0,False,257.6723815124405
S06,0.7945463564246886,0.7945463564246886,0.011975314284901607,0.7945463564246886,0.9552426054620005,0.04475739453799964,0.0004,0.04961788799213952,0.2,False,0.020328799116190205,0.0,0.0,True,0.09947885305494389,0.3643016652352265,0.28945456075209586,True,0.036708221803471205,0.6356983347647736,0.5050917956725928,Random 07,0.06577201025192289,0.0,0.0,False,286.2481821257668
S07,0.606387639168178,0.606387639168178,0.015536751522968403,0.606387639168178,0.3874659520217885,0.6125340479782114,0.0004,0.07037270310762941,0.2,False,0.16611973230484037,0.0,0.0,True,0.1956795516670934,0.48543944075491635,0.29436447643849434,True,0.09504757446320862,0.5145605592450837,0.31202316272968367,Random 07,0.28309654820528996,0.0,0.0,False,174.75525204861904
S08,0.6187995707493525,0.6187995707493525,0.0086479976251629,0.6268428907487028,0.14578479652280407,0.8542152034771959,0.0004,0.06855825432524357,0.2,True,0.061647047565342686,0.06415738391595431,0.04021659999675113,False,0.08230244518870282,0.0,0.0,True,0.07312048231028687,0.9358426160840457,0.5866262907519517,Random 07,0.01904109887680137,0.0,0.0,False,170.12062859951627
S09,0.3299253740639157,0.3299253740639157,0.00901023691345938,0.3299253740639157,0.05692571364264103,0.9430742863573589,0.0004,0.0878923726786023,0.2,False,0.1514259539206829,0.0,0.0,False,0.164020304600423,0.0,0.0,True,0.12926372578349954,1.0,0.3299253740639157,Random 07,1.1774945766112315,0.0,0.0,False,149.29441557624227
S10,0.4813131824098549,0.4813131824098549,0.009772556981438394,0.4938164658343517,0.3527105100215366,0.6472894899784635,0.0004,0.06562392284656213,0.2,True,0.20250958078455603,0.12659848637662735,0.06251641712248443,False,0.12361786566077958,0.0,0.0,True,0.21949645590677294,0.8734015136233727,0.4313000487118673,Random 07,1.7024517124177334,0.0,0.0,False,200.51472258329528
S11,0.4505829385797492,0.4505829385797492,0.007364310915885195,0.4505829385797492,0.9504957364848154,0.04950426351518464,0.0004,0.03777608305623941,0.2,False,0.06137243178556847,0.0,0.0,True,0.05524512263454684,1.0,0.4505829385797492,False,0.042947386223892714,0.0,0.0,Random 07,1.419209078479186,94.56878949879193,2.1941246391404127e-07,True,
S12,0.7174226061194302,0.7174226061194302,0.006625004309591233,0.7174226061194303,0.12454076598729688,0.8754592340127031,0.0004,0.060329466933964994,0.2,False,0.13046477434137663,0.0,0.0,True,0.06347673384693431,0.13074209451525468,0.09379733417664689,True,0.08735386611546832,0.8692579054847452,0.6236252719427834,Random 07,44.49118574024578,0.695755754414832,1.6142480533758021e-09,True,
S13,0.5552717360780561,0.5552717360780561,0.00981888551485112,0.5552717360780561,0.7733149547464767,0.22668504525352334,0.0004,0.047797947051500735,0.2,False,0.08732758868073094,0.0,0.0,False,0.0489280578575271,0.0,0.0,True,0.3020823201701276,1.0,0.5552717360780561,Random 07,2.288388287769991,0.0,0.0,False,254.84345089220318
S14,0.6387313139813338,0.6387313139813338,0.007756109148548041,0.6387313139813338,0.37156790252663413,0.6284320974733657,0.0004,0.04424772824904715,0.2,False,0.12496620095749532,0.0,0.0,False,0.09469497427382659,0.0,0.0,True,0.12168259171448795,1.0,0.6387313139813338,Random 07,0.1360374792161343,0.0,0.0,False,262.01940357178137
S15,0.4786706610213468,0.4786706610213468,0.011319372235691535,0.4786706610213468,0.8413160429720034,0.15868395702799656,0.0004,0.07703940529141029,0.2,False,0.17965904343096603,0.0,0.0,False,0.10680137817108872,0.0,0.0,True,0.23957521029675072,1.0,0.4786706610213468,Random 07,30.37049248705777,0.0,0.0,False,197.2203432911123
S16,0.3879206769201393,0.3879206769201393,0.009527256440447636,0.3879206769201393,0.6835513095284493,0.3164486904715507,0.0004,0.05647998977630705,0.2,False,0.07818527782898445,0.0,0.0,False,0.07266598105369952,0.0,0.0,True,0.07513368203581569,1.0,0.3879206769201393,Random 07,0.14053260186398894,0.0,0.0,False,201.06565202460663
S17,0.5205702464255352,0.5205702464255352,0.012895268260698346,0.6507128080319189,0.12483014815539316,0.8751698518446068,0.0004,0.07262049202573578,0.2,True,0.07152856248539699,1.0,0.6507128080319189,False,0.05456131135958659,0.0,0.0,False,0.07407176622621994,0.0,0.0,Random 07,1.8244326066763616,0.0,0.0,False,246.0257776096773
S18,0.271923655103572,0.271923655103572,0.011576599568711526,0.339904568879465,0.2935551684749589,0.706444831525041,0.0004,0.06340959985939014,0.2,True,0.07855288193732955,1.0,0.339904568879465,False,0.0866389094395914,0.0,0.0,False,0.08322607753328139,0.0,0.0,Random 07,1.7037856390976203,0.0,0.0,False,232.68712955119642
S19,0.6415617565200384,0.6415617565200384,0.008535040668752408,0.6415617565200384,0.619355935195066,0.38064406480493396,0.0004,0.07549078399283288,0.2,False,0.14253574297817312,0.0,0.0,True,0.15492349068047662,1.0,0.6415617565200384,False,0.02269151664795335,0.0,0.0,Random 07,0.14935588313823356,0.0,0.0,False,185.78302607472529
S20,0.5503947679516358,0.5503947679516358,0.012890262019107132,0.6879934599395446,0.44627723652059154,0.5537227634794083,0.0004,0.06152537741703164,0.2,True,0.08920982814910605,1.0,0.6879934599395446,False,0.05860263712120007,0.0,0.0,False,0.12977858600185974,0.0,0.0,Random 07,4.532094198512898,0.0,0.0,False,295.87344998749984
S21,0.6049183137391148,0.6049183137391148,0.012577199929812497,0.6049183137391148,0.4447056029828542,0.5552943970171459,0.0004,0.04932761296489643,0.2,False,0.049535609824201604,0.0,0.0,False,0.09056756162932761,0.0,0.0,True,0.05042218793012589,1.0,0.6049183137391148,Random 07,0.9512786640641819,0.0,0.0,False,282.6627546070489
S22,0.44408086695356125,0.44408086695356125,0.009144366538277054,0.5489185892321549,0.4826835238955366,0.5173164761044635,0.0004,0.051303976842938866,0.2,True,0.08081508735785929,0.9549478222740102,0.5241886113929682,False,0.038795352531022426,0.0,0.0,True,0.07711556599674897,0.045052177725989836,0.02472997783918665,Random 07,1.3159950488831622,0.4599090377460253,1.0670515683134583e-09,True,
S23,0.7827700623264917,0.7827700623264917,0.008327855963910643,0.8991481205175444,0.44399670516830775,0.5560032948316923,0.0004,0.045439142865298016,0.2,True,0.07341063915081991,0.6471573233343703,0.5818902909552638,False,0.09502980690953844,0.0,0.0,True,0.11014834772357171,0.35284267666562974,0.3172578295622806,Random 07,0.20281961121022185,3.5054255192823134,8.133064347436902e-09,True,
S24,0.6862203886407972,0.6862203886407972,0.011425212296903247,0.6862203886407972,0.8795051613236196,0.12049483867638036,0.0004,0.03967755222437365,0.2,False,0.08050699368355325,0.0,0.0,False,0.1967743563488177,0.0,0.0,True,0.16426548326178395,1.0,0.6862203886407972,Random 07,3.9436679550137264,0.5852452001859235,1.3578485253668196e-09,True,
S25,0.6148913087425962,0.6148913087425962,0.006760680233078287,0.6148913087425962,0.6239019084127824,0.37609809158721774,0.0004,0.062223451248237895,0.2,False,0.18519780682082157,0.0,0.0,True,0.22575580230433015,0.8896681944414698,0.5470492404267779,True,0.1835059895384483,0.11033180555853024,0.06784206831581831,Random 07,0.15362422446360738,0.0,0.0,False,202.76522417800038
S01,0.612673574318909,0.612673574318909,0.007420976596722972,0.7658419678986362,0.8515350106661261,0.14846498933387386,0.0004,0.0793480687242074,0.2,True,0.08267722819017101,1.0,0.7658419678986362,False,0.24680217603901325,0.0,0.0,False,0.13553025329604063,0.0,0.0,Random 08,0.10182268878994818,0.0,0.0,False,220.6418890380759
S02,0.4769479474461431,0.4769479474461431,0.009751181422341732,0.4769479474461431,0.7746232369892749,0.225376763010725,0.0004,0.0698768721276962,0.2,False,0.07350482270726946,0.0,0.0,True,0.2503640944093288,1.0,0.4769479474461431,False,0.11819720718406515,0.0,0.0,Random 08,12.452322438528455,0.0,0.0,False,216.8044775946139
S03,0.6609003678039989,0.6609003678039989,0.004888754183772857,0.6609003678039989,0.7770481541141616,0.2229518458858385,0.0004,0.08146388581414843,0.2,False,0.14743808099146147,0.0,0.0,False,0.15074240746696427,0.0,0.0,True,0.06680679554310197,1.0,0.6609003678039989,Random 08,0.7742375786114002,0.0,0.0,False,174.1491258780083
S04,0.5774540697011499,0.5774540697011499,0.006949953839124522,0.7218175871264373,0.5960192798816303,0.40398072011836966,0.0004,0.0580001671412019,0.2,True,0.038614743766361884,1.0,0.7218175871264373,False,0.4191647795688755,0.0,0.0,False,0.0844299626119586,0.0,0.0,Random 08,1.5671705682721502,1.0903893464352574,3.4423277739127337e-09,True,
S05,0.3029913307400761,0.3029913307400761,0.011429871068700135,0.3029913307400761,0.6147032926219209,0.38529670737807903,0.0004,0.05575912988788975,0.2,False,0.12189154588028865,0.0,0.0,True,0.0589525251264103,0.7566828308376615,0.22926833786367096,True,0.11168718561837372,0.24331716916233845,0.07372299287640514,Random 08,26.268016790339793,0.0,0.0,False,281.7202753704308
S06,0.7945463564246886,0.7945463564246886,0.011975314284901607,0.7945463564246886,0.9552426054620005,0.04475739453799964,0.0004,0.04961788799213952,0.2,False,0.020328799116190205,0.0,0.0,True,0.09947885305494389,0.3643016652352265,0.28945456075209586,True,0.036708221803471205,0.6356983347647736,0.5050917956725928,Random 08,8.076460335812532,0.5985077875191216,1.8894718538984392e-09,True,
S07,0.606387639168178,0.606387639168178,0.015536751522968403,0.606387639168178,0.3874659520217885,0.6125340479782114,0.0004,0.07037270310762941,0.2,False,0.16611973230484037,0.0,0.0,True,0.1956795516670934,0.48543944075491635,0.29436447643849434,True,0.09504757446320862,0.5145605592450837,0.31202316272968367,Random 08,3.793466902345329,0.0,0.0,False,191.98211943243183
S08,0.6187995707493525,0.6187995707493525,0.0086479976251629,0.6268428907487028,0.14578479652280407,0.8542152034771959,0.0004,0.06855825432524357,0.2,True,0.061647047565342686,0.06415738391595431,0.04021659999675113,False,0.08230244518870282,0.0,0.0,True,0.07312048231028687,0.9358426160840457,0.5866262907519517,Random 08,7.308860800710161,0.0,0.0,False,223.5655963729757
S09,0.3299253740639157,0.3299253740639157,0.00901023691345938,0.3299253740639157,0.05692571364264103,0.9430742863573589,0.0004,0.0878923726786023,0.2,False,0.1514259539206829,0.0,0.0,False,0.164020304600423,0.0,0.0,True,0.12926372578349954,1.0,0.3299253740639157,Random 08,0.4930984847313355,0.0,0.0,False,131.26207112739658
S10,0.4813131824098549,0.4813131824098549,0.009772556981438394,0.4938164658343517,0.3527105100215366,0.6472894899784635,0.0004,0.06562392284656213,0.2,True,0.20250958078455603,0.12659848637662735,0.06251641712248443,False,0.12361786566077958,0.0,0.0,True,0.21949645590677294,0.8734015136233727,0.4313000487118673,Random 08,4.544190304301145,0.0,0.0,False,203.5951225826646
S11,0.4505829385797492,0.4505829385797492,0.007364310915885195,0.4505829385797492,0.9504957364848154,0.04950426351518464,0.0004,0.03777608305623941,0.2,False,0.06137243178556847,0.0,0.0,True,0.05524512263454684,1.0,0.4505829385797492,False,0.042947386223892714,0.0,0.0,Random 08,7.761086591639453,85.38367031108862,2.695537889391146e-07,True,
S12,0.7174226061194302,0.7174226061194302,0.006625004309591233,0.7174226061194303,0.12454076598729688,0.8754592340127031,0.0004,0.060329466933964994,0.2,False,0.13046477434137663,0.0,0.0,True,0.06347673384693431,0.13074209451525468,0.09379733417664689,True,0.08735386611546832,0.8692579054847452,0.6236252719427834,Random 08,4.560125114526686,0.0,0.0,False,256.7682923089944
S13,0.5552717360780561,0.5552717360780561,0.00981888551485112,0.5552717360780561,0.7733149547464767,0.22668504525352334,0.0004,0.047797947051500735,0.2,False,0.08732758868073094,0.0,0.0,False,0.0489280578575271,0.0,0.0,True,0.3020823201701276,1.0,0.5552717360780561,Random 08,1.0811385877251212,0.0,0.0,False,229.3561496832531
S14,0.6387313139813338,0.6387313139813338,0.007756109148548041,0.6387313139813338,0.37156790252663413,0.6284320974733657,0.0004,0.04424772824904715,0.2,False,0.12496620095749532,0.0,0.0,False,0.09469497427382659,0.0,0.0,True,0.12168259171448795,1.0,0.6387313139813338,Random 08,0.005316691273592326,0.0,0.0,False,171.16275026056402
S15,0.4786706610213468,0.4786706610213468,0.011319372235691535,0.4786706610213468,0.8413160429720034,0.15868395702799656,0.0004,0.07703940529141029,0.2,False,0.17965904343096603,0.0,0.0,False,0.10680137817108872,0.0,0.0,True,0.23957521029675072,1.0,0.4786706610213468,Random 08,3.3877651082180003,0.0,0.0,False,163.51213695761857
S16,0.3879206769201393,0.3879206769201393,0.009527256440447636,0.3879206769201393,0.6835513095284493,0.3164486904715507,0.0004,0.05647998977630705,0.2,False,0.07818527782898445,0.0,0.0,False,0.07266598105369952,0.0,0.0,True,0.07513368203581569,1.0,0.3879206769201393,Random 08,1.7446105382494705,0.0,0.0,False,220.714514973681
S17,0.5205702464255352,0.5205702464255352,0.012895268260698346,0.6507128080319189,0.12483014815539316,0.8751698518446068,0.0004,0.07262049202573578,0.2,True,0.07152856248539699,1.0,0.6507128080319189,False,0.05456131135958659,0.0,0.0,False,0.07407176622621994,0.0,0.0,Random 08,0.8435688638957096,0.0,0.0,False,234.8313701493298
S18,0.271923655103572,0.271923655103572,0.011576599568711526,0.339904568879465,0.2935551684749589,0.706444831525041,0.0004,0.06340959985939014,0.2,True,0.07855288193732955,1.0,0.339904568879465,False,0.0866389094395914,0.0,0.0,False,0.08322607753328139,0.0,0.0,Random 08,4.71790391651576,0.0,0.0,False,244.8990067354216
S19,0.6415617565200384,0.6415617565200384,0.008535040668752408,0.6415617565200384,0.619355935195066,0.38064406480493396,0.0004,0.07549078399283288,0.2,False,0.14253574297817312,0.0,0.0,True,0.15492349068047662,1.0,0.6415617565200384,False,0.02269151664795335,0.0,0.0,Random 08,2.1875258294881266,0.0,0.0,False,209.07480601951227
S20,0.5503947679516358,0.5503947679516358,0.012890262019107132,0.6879934599395446,0.44627723652059154,0.5537227634794083,0.0004,0.06152537741703164,0.2,True,0.08920982814910605,1.0,0.6879934599395446,False,0.05860263712120007,0.0,0.0,False,0.12977858600185974,0.0,0.0,Random 08,1.994015189820729,0.0,0.0,False,282.3976425218211
S21,0.6049183137391148,0.6049183137391148,0.012577199929812497,0.6049183137391148,0.4447056029828542,0.5552943970171459,0.0004,0.04932761296489643,0.2,False,0.049535609824201604,0.0,0.0,False,0.09056756162932761,0.0,0.0,True,0.05042218793012589,1.0,0.6049183137391148,Random 08,0.1586317524200985,0.0,0.0,False,219.95845892943666
S22,0.44408086695356125,0.44408086695356125,0.009144366538277054,0.5489185892321549,0.4826835238955366,0.5173164761044635,0.0004,0.051303976842938866,0.2,True,0.08081508735785929,0.9549478222740102,0.5241886113929682,False,0.038795352531022426,0.0,0.0,True,0.07711556599674897,0.045052177725989836,0.02472997783918665,Random 08,0.164512758306228,0.0,0.0,False,278.2361958241083
S23,0.7827700623264917,0.7827700623264917,0.008327855963910643,0.8991481205175444,0.44399670516830775,0.5560032948316923,0.0004,0.045439142865298016,0.2,True,0.07341063915081991,0.6471573233343703,0.5818902909552638,False,0.09502980690953844,0.0,0.0,True,0.11014834772357171,0.35284267666562974,0.3172578295622806,Random 08,2.5600344565661595,12.927432554956999,4.081153238959528e-08,True,
S24,0.6862203886407972,0.6862203886407972,0.011425212296903247,0.6862203886407972,0.8795051613236196,0.12049483867638036,0.0004,0.03967755222437365,0.2,False,0.08050699368355325,0.0,0.0,False,0.1967743563488177,0.0,0.0,True,0.16426548326178395,1.0,0.6862203886407972,Random 08,1.6459246872225244,0.0,0.0,False,280.9787244885237
S25,0.6148913087425962,0.6148913087425962,0.006760680233078287,0.6148913087425962,0.6239019084127824,0.37609809158721774,0.0004,0.062223451248237895,0.2,False,0.18519780682082157,0.0,0.0,True,0.22575580230433015,0.8896681944414698,0.5470492404267779,True,0.1835059895384483,0.11033180555853024,0.06784206831581831,Random 08,1.8081930216900732,0.0,0.0,False,230.76953551096574
S01,0.612673574318909,0.612673574318909,0.007420976596722972,0.7658419678986362,0.8515350106661261,0.14846498933387386,0.0004,0.0793480687242074,0.2,True,0.08267722819017101,1.0,0.7658419678986362,False,0.24680217603901325,0.0,0.0,False,0.13553025329604063,0.0,0.0,Random 09,4.152866195165435,0.0,0.0,False,249.07399547374436
S02,0.4769479474461431,0.4769479474461431,0.009751181422341732,0.4769479474461431,0.7746232369892749,0.225376763010725,0.0004,0.0698768721276962,0.2,False,0.07350482270726946,0.0,0.0,True,0.2503640944093288,1.0,0.4769479474461431,False,0.11819720718406515,0.0,0.0,Random 09,5.998977156166038,0.0,0.0,False,215.26128140849022
S03,0.6609003678039989,0.6609003678039989,0.004888754183772857,0.6609003678039989,0.7770481541141616,0.2229518458858385,0.0004,0.08146388581414843,0.2,False,0.14743808099146147,0.0,0.0,False,0.15074240746696427,0.0,0.0,True,0.06680679554310197,1.0,0.6609003678039989,Random 09,3.4161112757460006,0.0,0.0,False,192.0526384356377
S04,0.5774540697011499,0.5774540697011499,0.006949953839124522,0.7218175871264373,0.5960192798816303,0.40398072011836966,0.0004,0.0580001671412019,0.2,True,0.038614743766361884,1.0,0.7218175871264373,False,0.4191647795688755,0.0,0.0,False,0.0844299626119586,0.0,0.0,Random 09,4.100302059836477,1.8559976909268683,2.7291444976652655e-09,True,
S05,0.3029913307400761,0.3029913307400761,0.011429871068700135,0.3029913307400761,0.6147032926219209,0.38529670737807903,0.0004,0.05575912988788975,0.2,False,0.12189154588028865,0.0,0.0,True,0.0589525251264103,0.7566828308376615,0.22926833786367096,True,0.11168718561837372,0.24331716916233845,0.07372299287640514,Random 09,4.752048968998286,0.0,0.0,False,263.35873290881835
S06,0.7945463564246886,0.7945463564246886,0.011975314284901607,0.7945463564246886,0.9552426054620005,0.04475739453799964,0.0004,0.04961788799213952,0.2,False,0.020328799116190205,0.0,0.0,True,0.09947885305494389,0.3643016652352265,0.28945456075209586,True,0.036708221803471205,0.6356983347647736,0.5050917956725928,Random 09,13.046483977118273,3.673649689202254,5.401903722535986e-09,True,
S07,0.606387639168178,0.606387639168178,0.015536751522968403,0.606387639168178,0.3874659520217885,0.6125340479782114,0.0004,0.07037270310762941,0.2,False,0.16611973230484037,0.0,0.0,True,0.1956795516670934,0.48543944075491635,0.29436447643849434,True,0.09504757446320862,0.5145605592450837,0.31202316272968367,Random 09,1.4953662069439366,0.0,0.0,False,186.1645061911478
S08,0.6187995707493525,0.6187995707493525,0.0086479976251629,0.6268428907487028,0.14578479652280407,0.8542152034771959,0.0004,0.06855825432524357,0.2,True,0.061647047565342686,0.06415738391595431,0.04021659999675113,False,0.08230244518870282,0.0,0.0,True,0.07312048231028687,0.9358426160840457,0.5866262907519517,Random 09,10.527582167101631,0.0,0.0,False,228.0697833850402
S09,0.3299253740639157,0.3299253740639157,0.00901023691345938,0.3299253740639157,0.05692571364264103,0.9430742863573589,0.0004,0.0878923726786023,0.2,False,0.1514259539206829,0.0,0.0,False,0.164020304600423,0.0,0.0,True,0.12926372578349954,1.0,0.3299253740639157,Random 09,8.406282985148012,0.0,0.0,False,160.66046031030325
S10,0.4813131824098549,0.4813131824098549,0.009772556981438394,0.4938164658343517,0.3527105100215366,0.6472894899784635,0.0004,0.06562392284656213,0.2,True,0.20250958078455603,0.12659848637662735,0.06251641712248443,False,0.12361786566077958,0.0,0.0,True,0.21949645590677294,0.8734015136233727,0.4313000487118673,Random 09,3.790535735515315,0.0,0.0,False,200.04195777929257
S11,0.4505829385797492,0.4505829385797492,0.007364310915885195,0.4505829385797492,0.9504957364848154,0.04950426351518464,0.0004,0.03777608305623941,0.2,False,0.06137243178556847,0.0,0.0,True,0.05524512263454684,1.0,0.4505829385797492,False,0.042947386223892714,0.0,0.0,Random 09,1.5868274123136836,88.17702099696729,1.29659553377036e-07,True,
S12,0.7174226061194302,0.7174226061194302,0.006625004309591233,0.7174226061194303,0.12454076598729688,0.8754592340127031,0.0004,0.060329466933964994,0.2,False,0.13046477434137663,0.0,0.0,True,0.06347673384693431,0.13074209451525468,0.09379733417664689,True,0.08735386611546832,0.8692579054847452,0.6236252719427834,Random 09,5.630027039437375,0.0,0.0,False,263.12934712805566
S13,0.5552717360780561,0.5552717360780561,0.00981888551485112,0.5552717360780561,0.7733149547464767,0.22668504525352334,0.0004,0.047797947051500735,0.2,False,0.08732758868073094,0.0,0.0,False,0.0489280578575271,0.0,0.0,True,0.3020823201701276,1.0,0.5552717360780561,Random 09,11.82674956957376,0.0,0.0,False,270.90441859000805
S14,0.6387313139813338,0.6387313139813338,0.007756109148548041,0.6387313139813338,0.37156790252663413,0.6284320974733657,0.0004,0.04424772824904715,0.2,False,0.12496620095749532,0.0,0.0,False,0.09469497427382659,0.0,0.0,True,0.12168259171448795,1.0,0.6387313139813338,Random 09,0.6452857915479229,0.0,0.0,False,263.88921125244735
S15,0.4786706610213468,0.4786706610213468,0.011319372235691535,0.4786706610213468,0.8413160429720034,0.15868395702799656,0.0004,0.07703940529141029,0.2,False,0.17965904343096603,0.0,0.0,False,0.10680137817108872,0.0,0.0,True,0.23957521029675072,1.0,0.4786706610213468,Random 09,3.552397758263178,0.0,0.0,False,164.091949426195
S16,0.3879206769201393,0.3879206769201393,0.009527256440447636,0.3879206769201393,0.6835513095284493,0.3164486904715507,0.0004,0.05647998977630705,0.2,False,0.07818527782898445,0.0,0.0,False,0.07266598105369952,0.0,0.0,True,0.07513368203581569,1.0,0.3879206769201393,Random 09,3.5662709462086357,0.0,0.0,False,232.02883120004734
S17,0.5205702464255352,0.5205702464255352,0.012895268260698346,0.6507128080319189,0.12483014815539316,0.8751698518446068,0.0004,0.07262049202573578,0.2,True,0.07152856248539699,1.0,0.6507128080319189,False,0.05456131135958659,0.0,0.0,False,0.07407176622621994,0.0,0.0,Random 09,1.200336427151733,0.0,0.0,False,226.370063150554
S18,0.271923655103572,0.271923655103572,0.011576599568711526,0.339904568879465,0.2935551684749589,0.706444831525041,0.0004,0.06340959985939014,0.2,True,0.07855288193732955,1.0,0.339904568879465,False,0.0866389094395914,0.0,0.0,False,0.08322607753328139,0.0,0.0,Random 09,1.278225226492068,0.0,0.0,False,219.42856299020121
S19,0.6415617565200384,0.6415617565200384,0.008535040668752408,0.6415617565200384,0.619355935195066,0.38064406480493396,0.0004,0.07549078399283288,0.2,False,0.14253574297817312,0.0,0.0,True,0.15492349068047662,1.0,0.6415617565200384,False,0.02269151664795335,0.0,0.0,Random 09,0.31590422516232336,0.0,0.0,False,197.9077747857707
S20,0.5503947679516358,0.5503947679516358,0.012890262019107132,0.6879934599395446,0.44627723652059154,0.5537227634794083,0.0004,0.06152537741703164,0.2,True,0.08920982814910605,1.0,0.6879934599395446,False,0.05860263712120007,0.0,0.0,False,0.12977858600185974,0.0,0.0,Random 09,0.6186059607017265,0.0,0.0,False,252.01712694458504
S21,0.6049183137391148,0.6049183137391148,0.012577199929812497,0.6049183137391148,0.4447056029828542,0.5552943970171459,0.0004,0.04932761296489643,0.2,False,0.049535609824201604,0.0,0.0,False,0.09056756162932761,0.0,0.0,True,0.05042218793012589,1.0,0.6049183137391148,Random 09,0.32244892415513704,0.0,0.0,False,232.6076576298686
S22,0.44408086695356125,0.44408086695356125,0.009144366538277054,0.5489185892321549,0.4826835238955366,0.5173164761044635,0.0004,0.051303976842938866,0.2,True,0.08081508735785929,0.9549478222740102,0.5241886113929682,False,0.038795352531022426,0.0,0.0,True,0.07711556599674897,0.045052177725989836,0.02472997783918665,Random 09,1.2834426918894697,0.0,0.0,False,298.3446841046976
S23,0.7827700623264917,0.7827700623264917,0.008327855963910643,0.8991481205175444,0.44399670516830775,0.5560032948316923,0.0004,0.045439142865298016,0.2,True,0.07341063915081991,0.6471573233343703,0.5818902909552638,False,0.09502980690953844,0.0,0.0,True,0.11014834772357171,0.35284267666562974,0.3172578295622806,Random 09,1.3971366566853236,6.293331622903587,9.254004708407204e-09,True,
S24,0.6862203886407972,0.6862203886407972,0.011425212296903247,0.6862203886407972,0.8795051613236196,0.12049483867638036,0.0004,0.03967755222437365,0.2,False,0.08050699368355325,0.0,0.0,False,0.1967743563488177,0.0,0.0,True,0.16426548326178395,1.0,0.6862203886407972,Random 09,1.4368834647765572,0.0,0.0,False,278.58697283712905
S25,0.6148913087425962,0.6148913087425962,0.006760680233078287,0.6148913087425962,0.6239019084127824,0.37609809158721774,0.0004,0.062223451248237895,0.2,False,0.18519780682082157,0.0,0.0,True,0.22575580230433015,0.8896681944414698,0.5470492404267779,True,0.1835059895384483,0.11033180555853024,0.06784206831581831,Random 09,5.652901177901705,0.0,0.0,False,257.55789552015796
S01,0.612673574318909,0.612673574318909,0.007420976596722972,0.7658419678986362,0.8515350106661261,0.14846498933387386,0.0004,0.0793480687242074,0.2,True,0.08267722819017101,1.0,0.7658419678986362,False,0.24680217603901325,0.0,0.0,False,0.13553025329604063,0.0,0.0,Random 10,0.5118207701820771,0.0,0.0,False,248.99562016067765
S02,0.4769479474461431,0.4769479474461431,0.009751181422341732,0.4769479474461431,0.7746232369892749,0.225376763010725,0.0004,0.0698768721276962,0.2,False,0.07350482270726946,0.0,0.0,True,0.2503640944093288,1.0,0.4769479474461431,False,0.11819720718406515,0.0,0.0,Random 10,0.22722833609227014,0.0,0.0,False,183.64310492751824
S03,0.6609003678039989,0.6609003678039989,0.004888754183772857,0.6609003678039989,0.7770481541141616,0.2229518458858385,0.0004,0.08146388581414843,0.2,False,0.14743808099146147,0.0,0.0,False,0.15074240746696427,0.0,0.0,True,0.06680679554310197,1.0,0.6609003678039989,Random 10,0.2296370282401033,0.0,0.0,False,196.0850703916515
S04,0.5774540697011499,0.5774540697011499,0.006949953839124522,0.7218175871264373,0.5960192798816303,0.40398072011836966,0.0004,0.0580001671412019,0.2,True,0.038614743766361884,1.0,0.7218175871264373,False,0.4191647795688755,0.0,0.0,False,0.0844299626119586,0.0,0.0,Random 10,0.12422061526632107,0.22524774318027477,6.233035689922019e-10,True,
S05,0.3029913307400761,0.3029913307400761,0.011429871068700135,0.3029913307400761,0.6147032926219209,0.38529670737807903,0.0004,0.05575912988788975,0.2,False,0.12189154588028865,0.0,0.0,True,0.0589525251264103,0.7566828308376615,0.22926833786367096,True,0.11168718561837372,0.24331716916233845,0.07372299287640514,Random 10,0.5052595993574025,0.0,0.0,False,259.5283343011888
S06,0.7945463564246886,0.7945463564246886,0.011975314284901607,0.7945463564246886,0.9552426054620005,0.04475739453799964,0.0004,0.04961788799213952,0.2,False,0.020328799116190205,0.0,0.0,True,0.09947885305494389,0.3643016652352265,0.28945456075209586,True,0.036708221803471205,0.6356983347647736,0.5050917956725928,Random 10,0.49188378816455747,3.7304931191843784,1.0322987668859795e-08,True,
S07,0.606387639168178,0.606387639168178,0.015536751522968403,0.606387639168178,0.3874659520217885,0.6125340479782114,0.0004,0.07037270310762941,0.2,False,0.16611973230484037,0.0,0.0,True,0.1956795516670934,0.48543944075491635,0.29436447643849434,True,0.09504757446320862,0.5145605592450837,0.31202316272968367,Random 10,7.7369411951438956,0.0,0.0,False,226.77930389001924
S08,0.6187995707493525,0.6187995707493525,0.0086479976251629,0.6268428907487028,0.14578479652280407,0.8542152034771959,0.0004,0.06855825432524357,0.2,True,0.061647047565342686,0.06415738391595431,0.04021659999675113,False,0.08230244518870282,0.0,0.0,True,0.07312048231028687,0.9358426160840457,0.5866262907519517,Random 10,6.772001439912797,0.0,0.0,False,257.18253894756594
S09,0.3299253740639157,0.3299253740639157,0.00901023691345938,0.3299253740639157,0.05692571364264103,0.9430742863573589,0.0004,0.0878923726786023,0.2,False,0.1514259539206829,0.0,0.0,False,0.164020304600423,0.0,0.0,True,0.12926372578349954,1.0,0.3299253740639157,Random 10,6.224058720680315,0.0,0.0,False,170.44402014769693
S10,0.4813131824098549,0.4813131824098549,0.009772556981438394,0.4938164658343517,0.3527105100215366,0.6472894899784635,0.0004,0.06562392284656213,0.2,True,0.20250958078455603,0.12659848637662735,0.06251641712248443,False,0.12361786566077958,0.0,0.0,True,0.21949645590677294,0.8734015136233727,0.4313000487118673,Random 10,15.339524919414316,0.0,0.0,False,234.5168981782405
S11,0.4505829385797492,0.4505829385797492,0.007364310915885195,0.4505829385797492,0.9504957364848154,0.04950426351518464,0.0004,0.03777608305623941,0.2,False,0.06137243178556847,0.0,0.0,True,0.05524512263454684,1.0,0.4505829385797492,False,0.042947386223892714,0.0,0.0,Random 10,0.10925911131121116,92.15149287969501,2.550007986268842e-07,True,
S12,0.7174226061194302,0.7174226061194302,0.006625004309591233,0.7174226061194303,0.12454076598729688,0.8754592340127031,0.0004,0.060329466933964994,0.2,False,0.13046477434137663,0.0,0.0,True,0.06347673384693431,0.13074209451525468,0.09379733417664689,True,0.08735386611546832,0.8692579054847452,0.6236252719427834,Random 10,1.8608727131673137,0.0,0.0,False,292.73905287631123
S13,0.5552717360780561,0.5552717360780561,0.00981888551485112,0.5552717360780561,0.7733149547464767,0.22668504525352334,0.0004,0.047797947051500735,0.2,False,0.08732758868073094,0.0,0.0,False,0.0489280578575271,0.0,0.0,True,0.3020823201701276,1.0,0.5552717360780561,Random 10,2.1236765942255658,0.0,0.0,False,258.8840537139791
S14,0.6387313139813338,0.6387313139813338,0.007756109148548041,0.6387313139813338,0.37156790252663413,0.6284320974733657,0.0004,0.04424772824904715,0.2,False,0.12496620095749532,0.0,0.0,False,0.09469497427382659,0.0,0.0,True,0.12168259171448795,1.0,0.6387313139813338,Random 10,1.385267265305054,0.39178556343873905,1.0841455569015077e-09,True,
S15,0.4786706610213468,0.4786706610213468,0.011319372235691535,0.4786706610213468,0.8413160429720034,0.15868395702799656,0.0004,0.07703940529141029,0.2,False,0.17965904343096603,0.0,0.0,False,0.10680137817108872,0.0,0.0,True,0.23957521029675072,1.0,0.4786706610213468,Random 10,16.470583451149054,0.0,0.0,False,194.11708804930245
S16,0.3879206769201393,0.3879206769201393,0.009527256440447636,0.3879206769201393,0.6835513095284493,0.3164486904715507,0.0004,0.05647998977630705,0.2,False,0.07818527782898445,0.0,0.0,False,0.07266598105369952,0.0,0.0,True,0.07513368203581569,1.0,0.3879206769201393,Random 10,30.519996377672175,0.0,0.0,False,290.8902157896864
S17,0.5205702464255352,0.5205702464255352,0.012895268260698346,0.6507128080319189,0.12483014815539316,0.8751698518446068,0.0004,0.07262049202573578,0.2,True,0.07152856248539699,1.0,0.6507128080319189,False,0.05456131135958659,0.0,0.0,False,0.07407176622621994,0.0,0.0,Random 10,2.9465033601163118,0.0,0.0,False,258.0531570319141
S18,0.271923655103572,0.271923655103572,0.011576599568711526,0.339904568879465,0.2935551684749589,0.706444831525041,0.0004,0.06340959985939014,0.2,True,0.07855288193732955,1.0,0.339904568879465,False,0.0866389094395914,0.0,0.0,False,0.08322607753328139,0.0,0.0,Random 10,1.8063143957802021,0.0,0.0,False,237.58758427286708
S19,0.6415617565200384,0.6415617565200384,0.008535040668752408,0.6415617565200384,0.619355935195066,0.38064406480493396,0.0004,0.07549078399283288,0.2,False,0.14253574297817312,0.0,0.0,True,0.15492349068047662,1.0,0.6415617565200384,False,0.02269151664795335,0.0,0.0,Random 10,0.125930147027976,0.0,0.0,False,207.34732648896946
S20,0.5503947679516358,0.5503947679516358,0.012890262019107132,0.6879934599395446,0.44627723652059154,0.5537227634794083,0.0004,0.06152537741703164,0.2,True,0.08920982814910605,1.0,0.6879934599395446,False,0.05860263712120007,0.0,0.0,False,0.12977858600185974,0.0,0.0,Random 10,0.1263159563482414,0.0,0.0,False,255.2868220154062
S21,0.6049183137391148,0.6049183137391148,0.012577199929812497,0.6049183137391148,0.4447056029828542,0.5552943970171459,0.0004,0.04932761296489643,0.2,False,0.049535609824201604,0.0,0.0,False,0.09056756162932761,0.0,0.0,True,0.05042218793012589,1.0,0.6049183137391148,Random 10,1.9384792829017616,0.2625756147141157,7.265969259929169e-10,True,
S22,0.44408086695356125,0.44408086695356125,0.009144366538277054,0.5489185892321549,0.4826835238955366,0.5173164761044635,0.0004,0.051303976842938866,0.2,True,0.08081508735785929,0.9549478222740102,0.5241886113929682,False,0.038795352531022426,0.0,0.0,True,0.07711556599674897,0.045052177725989836,0.02472997783918665,Random 10,0.6053915685017022,0.28214549312206133,7.807505209821169e-10,True,
S23,0.7827700623264917,0.7827700623264917,0.008327855963910643,0.8991481205175444,0.44399670516830775,0.5560032948316923,0.0004,0.045439142865298016,0.2,True,0.07341063915081991,0.6471573233343703,0.5818902909552638,False,0.09502980690953844,0.0,0.0,True,0.11014834772357171,0.35284267666562974,0.3172578295622806,Random 10,0.09215606390621292,2.956259586665431,8.180535463839167e-09,True,
S24,0.6862203886407972,0.6862203886407972,0.011425212296903247,0.6862203886407972,0.8795051613236196,0.12049483867638036,0.0004,0.03967755222437365,0.2,False,0.08050699368355325,0.0,0.0,False,0.1967743563488177,0.0,0.0,True,0.16426548326178395,1.0,0.6862203886407972,Random 10,0.5630048090791379,0.0,0.0,False,297.0577455587918
S25,0.6148913087425962,0.6148913087425962,0.006760680233078287,0.6148913087425962,0.6239019084127824,0.37609809158721774,0.0004,0.062223451248237895,0.2,False,0.18519780682082157,0.0,0.0,True,0.22575580230433015,0.8896681944414698,0.5470492404267779,True,0.1835059895384483,0.11033180555853024,0.06784206831581831,Random 10,1.1636724910540368,0.0,0.0,False,251.71316896239668
