time,R0,M1,M2,total_biomass,cumulative_death_loss,cumulative_cutoff_loss,budget_error
0.0,1.0,0.0,0.0,0.01,0.0,0.0,0.0
0.25,0.9995683536174828,4.1738492581174504e-05,4.43593782925609e-05,0.010320976927568622,2.4571584074864194e-05,0.0,0.0
0.5,0.9990839455256637,8.877001643026109e-05,9.348021930015264e-05,0.010683838968211883,4.996527039394723e-05,0.0,0.0
0.75,0.9985399473764286,0.00014181039422338286,0.0001479543119130975,0.011094001224008963,7.628669342599322e-05,0.0,0.0
1.0,0.997928622815967,0.00020167425753940386,0.00020844801022247325,0.011557599989663393,0.00010365492660774029,0.0,0.0
1.25,0.9972412047258634,0.0002692888595998429,0.00027571170632908375,0.012081590467490669,0.00013220424071694087,0.0,0.0
1.5,0.9964677552086095,0.00034570989172931477,0.00035059053083979363,0.012673858266195815,0.0001620861026255563,0.0,-2.220446049250313e-16
1.75,0.9955970066075213,0.00043213950604788123,0.0004340363834728174,0.013343346064782338,0.00019347143817567198,0.0,0.0
2.0,0.9946161814147396,0.0005299467999499841,0.0005271214214359238,0.014100197175056365,0.00022655318881813127,0.0,0.0
2.25,0.9935107858835114,0.0006406913878573774,0.0006310533414551836,0.014955920155428817,0.00026154923174726534,0.0,0.0
2.5,0.9922643776898585,0.0007661500120990507,0.0007471923879393474,0.01592357424905815,0.0002987056610449014,0.0,-2.220446049250313e-16
2.75,0.9908582988066205,0.0009083472681219067,0.0008770706573311474,0.017017982720360578,0.0003383005475658759,0.0,0.0
3.0,0.9892713732898676,0.001069590473093579,0.001022413649743147,0.01825597440266595,0.0003806481846296938,0.0,0.0
3.25,0.9874795669228368,0.0012525090449743293,0.0011851641975000474,0.019656655971758016,0.0004261038629307716,0.0,-2.220446049250313e-16
3.5,0.9854555929785433,0.0014601003204738725,0.0013675097581151568,0.021241727559340905,0.00047506938352672714,0.0,0.0
3.75,0.9831684720941921,0.001695780819522876,0.001571912376489681,0.023035835498769554,0.0005279992110257568,0.0,2.220446049250313e-16
4.0,0.9805830272287321,0.001963445297345004,0.0018011424631177685,0.02506697749089926,0.0005854075199057535,0.0,0.0
4.25,0.9776593078534098,0.002267534301767732,0.002058316568265572,0.027366965058191032,0.0006478762183657766,0.0,0.0
4.5,0.9743519493044521,0.002613109483842857,0.0023469384860513726,0.029971938839590227,0.0007160638860634049,0.0,0.0
4.75,0.9706094290481679,0.0030059414106877033,0.002670945957565511,0.03292296745297066,0.0007907161306081273,0.0,0.0
5.0,0.9663732345855934,0.0034526080384128313,0.003034761552817146,0.03626671862921498,0.0008726771939616225,0.0,0.0
5.25,0.9615769218514155,0.0039606064673502195,0.0034433486542609273,0.040056219921830505,0.0009629031051427161,0.0,0.0
5.5,0.9561450365418324,0.004538481431859141,0.003902273741100655,0.04435173152440595,0.001062476760801853,0.0,-2.220446049250313e-16
5.75,0.949991915586706,0.005195968345430792,0.0044177730511676385,0.04922171825288143,0.001172624763814067,0.0,-2.220446049250313e-16
6.0,0.9430203305761851,0.005944155697043228,0.004996825208733688,0.05474395195833529,0.0012947365597026882,0.0,0.0
6.25,0.9351199451361257,0.0067956703310669934,0.00564723045377724,0.06100676777607954,0.0014303863029504506,0.0,0.0
6.5,0.926165615454701,0.007764881933821607,0.0063776931497097275,0.06811045226311603,0.0015813571986515451,0.0,0.0
6.75,0.9160154637297653,0.008868135637068564,0.0071979103632386545,0.07616882093597263,0.0017496693339547594,0.0,-2.220446049250313e-16
7.0,0.9045087439120918,0.010124010340158883,0.008118663098872282,0.08531097167757754,0.0019376109712994465,0.0,0.0
7.25,0.8914635263003698,0.011553599455235259,0.00915190601363461,0.09568319498257813,0.002147773248182072,0.0,-2.220446049250313e-16
7.5,0.876674095648131,0.01318082764892484,0.010310858993397554,0.10745112773128895,0.002383089978257509,0.0,0.0
7.75,0.8599082027413977,0.01503278603687994,0.011610088041982788,0.12080204178653793,0.0026468813932015796,0.0,0.0
8.0,0.8409041334493986,0.01714009083566593,0.013065573056560292,0.13594729958612914,0.0029429030722457426,0.0,-4.440892098500626e-16
8.25,0.8193676760251194,0.019537256002214627,0.014694751504709176,0.1531249162893099,0.003275400178646569,0.0,-2.220446049250313e-16
8.5,0.7949691941304694,0.022263054332705718,0.016516518493843807,0.17260206661043465,0.0036491664325461327,0.0,-2.220446049250313e-16
8.75,0.7673409890153673,0.025360845677582497,0.018551162661877216,0.1946773945497329,0.004069608095439793,0.0,-2.220446049250313e-16
9.0,0.7360754007156853,0.028878818036470525,0.02082019855194195,0.21968277086145724,0.004542811834444608,0.0,-4.440892098500626e-16
9.25,0.7007243972859789,0.032870050780612906,0.02334603456616426,0.24798390286229907,0.005075614504944502,0.0,-4.440892098500626e-16
9.5,0.6608019655976687,0.03739224181855168,0.02615137462081828,0.27997874813461643,0.005675669828344594,0.0,-2.220446049250313e-16
9.75,0.6157913564794756,0.04250685143003739,0.029258194893570018,0.3160920885798768,0.006351508617039941,0.0,-2.220446049250313e-16
10.0,0.5651615327299749,0.04827713820486981,0.032685977584289316,0.35676277599532075,0.007112575485544954,0.0,-2.220446049250313e-16
10.25,0.5084003316856072,0.054764183578310754,0.036448647530506376,0.40241761423510564,0.007969222970469746,0.0,-2.220446049250313e-16
10.5,0.44507994312431154,0.06201903038549785,0.040549069110805906,0.4534193381885303,0.008932619190853915,0.0,-6.661338147750939e-16
10.75,0.3749880506423108,0.07006693728136641,0.04496864645715007,0.5099618806202165,0.010014484998956047,0.0,-2.220446049250313e-16
11.0,0.29840223440534897,0.07887447110381206,0.049646256216498506,0.5718505549899141,0.011226483284426079,0.0,-4.440892098500626e-16
11.25,0.2167053422713077,0.08827588834485171,0.05443161591700531,0.6380082951288821,0.012578858337953034,0.0,0.0
11.5,0.1338781357227846,0.09779530983227516,0.058972094829756044,0.7052771341441898,0.014077325470994228,0.0,-2.220446049250313e-16
11.75,0.06007078665072069,0.10622447607746655,0.06243991828471802,0.7655490803021768,0.01571573868491762,0.0,-2.220446049250313e-16
12.0,0.014555669831968935,0.11128510358398933,0.06331946124730319,0.8033779606980411,0.01746180463869709,0.0,-2.220446049250313e-16
12.25,0.001832746852624883,0.11245809422996497,0.06136432848248797,0.8150872160660407,0.019257614368881223,0.0,-2.220446049250313e-16
12.5,0.00018484919829206116,0.11230395094890863,0.05845212929043038,0.8179931760462148,0.0210658945161539,0.0,-2.220446049250313e-16
12.75,1.8099321536708375e-05,0.1119493969936461,0.05540150961395404,0.8197525437304889,0.022878450340374,0.0,-2.220446049250313e-16
13.0,1.7673744181916592e-06,0.1115489285127222,0.052333353168068114,0.8214215424947602,0.024694408450031166,0.0,-2.220446049250313e-16
13.25,1.7259794888864907e-07,0.11111646815026573,0.04926856683599652,0.8231010370250098,0.026513755390778763,0.0,-2.220446049250313e-16
13.5,1.6863024903494997e-08,0.11065146774779427,0.04621849575681302,0.8247934698408235,0.02833654979154409,0.0,-2.220446049250313e-16
13.75,1.6484863654775785e-09,0.11015188833420533,0.04319418553098799,0.8264910823675407,0.030162842118779516,0.0,0.0
14.0,1.6122775056213905e-10,0.10961548361491036,0.04020721525643832,0.8281846354521784,0.03199266551524492,0.0,-2.220446049250313e-16
14.25,1.5765231334434648e-11,0.10903993861191288,0.037269672054136845,0.8298643556163482,0.033826033701836594,0.0,-2.220446049250313e-16
14.5,1.5352202374639427e-12,0.10842289930912319,0.03439400862892048,0.8315201523244898,0.035662939735930974,0.0,-2.220446049250313e-16
14.75,3.337316455903105e-13,0.10776199431298274,0.03159285469298956,0.8331417959063919,0.03750335508730157,0.0,-4.440892098500626e-16
15.0,0.0,0.10705485808354469,0.028878789274944597,0.834719123589428,0.039347229052627504,0.0,5.448974604860268e-13
15.25,0.0,0.10629915614124748,0.02626407713607373,0.836242278134793,0.041194488587962375,0.0,7.66053886991358e-14
15.5,0.0,0.10549261152511945,0.02376037521495124,0.8377019746166139,0.04304503864339199,0.0,7.66053886991358e-14
15.75,0.0,0.10463303144779923,0.021378418917329386,0.8390897865577464,0.04489876307720158,0.0,7.66053886991358e-14
16.0,0.0,0.10371833283535487,0.0191277018826458,0.8403984390736757,0.046755526208400136,0.0,7.66053886991358e-14
16.25,0.0,0.10274656557143189,0.0170161678409654,0.8416220915485492,0.04861517503913026,0.0,7.66053886991358e-14
16.5,0.0,0.1017159312155589,0.015049932463339476,0.8427565941513888,0.0504775421697893,0.0,7.66053886991358e-14
16.75,0.0,0.1006247981333184,0.013233067037523432,0.8437996854995679,0.05234244932966695,0.0,7.66053886991358e-14
17.0,0.0,0.09947170931049593,0.011567441423227746,0.8447511379268137,0.05420971133953931,0.0,7.66053886991358e-14
17.25,0.0,0.09825538432069475,0.010052670611576404,0.845612804517055,0.05607914055075045,0.0,7.66053886991358e-14
17.5,0.0,0.09697471795537702,0.008686173436881205,0.8463885571202049,0.05795055148761355,0.0,7.66053886991358e-14
17.75,0.0,0.09562877436096874,0.0074633234014847855,0.8470841368562831,0.05982376538134008,0.0,7.682743330406083e-14
18.0,0.0,0.09421677546924584,0.006377671254872243,0.8477069389915235,0.061698614284434926,0.0,7.66053886991358e-14
18.25,0.0,0.0927380865146639,0.005421240896375301,0.8482657279434003,0.06357494464563705,0.0,7.638334409421077e-14
18.5,0.0,0.09119221575788874,0.004584943793324245,0.848770219678869,0.06545262076999481,0.0,7.682743330406083e-14
18.75,0.0,0.08957880542361984,0.003858922526924231,0.8492307452570936,0.06733152679243894,0.0,7.66053886991358e-14
19.0,0.0,0.08789763300920758,0.003232925543245644,0.849657873327441,0.06921156812018224,0.0,7.638334409421077e-14
19.25,0.0,0.08614861901433217,0.0026966442489346726,0.850062064739411,0.07109267199739878,0.0,7.66053886991358e-14
19.5,0.0,0.08433184189943901,0.0022399990955002695,0.8504533717267861,0.07297478727835127,0.0,7.66053886991358e-14
19.75,0.0,0.08244756062266008,0.0018533665218058346,0.8508411893393921,0.07485788351621854,0.0,7.66053886991358e-14
20.0,0.0,0.08049624451900525,0.001527744698198127,0.8512340612950783,0.07674194948779493,0.0,7.66053886991358e-14
20.25,0.0,0.07847860998525177,0.0012548613424699755,0.8516395373961901,0.07862699127616471,0.0,7.66053886991358e-14
20.5,0.0,0.07639566319150948,0.0010272308325277957,0.8520640759461308,0.08051303002990852,0.0,7.66053886991358e-14
20.75,0.0,0.07424874788738454,0.0008381698462258373,0.8525129827641155,0.08240009950235089,0.0,7.682743330406083e-14
21.0,0.0,0.07203959729053723,0.000681780936295904,0.8529903783210382,0.08428824345220527,0.0,7.66053886991358e-14
21.25,0.0,0.06977038889096342,0.0005529133895629102,0.8534991847459913,0.08617751297355909,0.0,7.66053886991358e-14
21.5,0.0,0.06744380090215776,0.00044710941553603836,0.854041125878501,0.08806796380388182,0.0,7.66053886991358e-14
21.75,0.0,0.06506306895922644,0.00036054130156016706,0.8546167361059561,0.08995965363333389,0.0,7.66053886991358e-14
22.0,0.0,0.06263204134529064,0.0002899459032763775,0.8552253732979588,0.09185263945355088,0.0,7.66053886991358e-14
22.25,0.0,0.060155230883921405,0.00023255868710194018,0.8558652354847693,0.09374697494428395,0.0,7.66053886991358e-14
22.5,0.0,0.057637861138364145,0.00018605180993721686,0.8565333791192055,0.0956427079325697,0.0,7.66053886991358e-14
22.75,0.0,0.055085904511385814,0.0001484739722974906,0.8572257436240871,0.09753987789230636,0.0,7.682743330406083e-14
23.0,0.0,0.05250610892056754,0.0001181984347692931,0.8579371790839483,0.09943851356079145,0.0,7.66053886991358e-14
23.25,0.0,0.04990600997517368,9.387455836904865e-05,0.8586614848322458,0.10133863063428812,0.0,7.66053886991358e-14
23.5,0.0,0.047293924803188774,7.438581579409492e-05,0.8593914597799508,0.10324022960114297,0.0,7.66053886991358e-14
23.75,0.0,0.04467892376462864,5.881261637743789e-05,0.8601189698903388,0.10514329372873174,0.0,7.66053886991358e-14
24.0,0.0,0.04207077615964218,4.640054931923526e-05,0.8608350360350039,0.1070477872561113,0.0,7.66053886991358e-14
24.25,0.0,0.0394798664569605,3.6532953673510166e-05,0.8615299467566341,0.10895365383280858,0.0,7.66053886991358e-14
24.5,0.0,0.03691707825845265,2.8707422293691018e-05,0.862193399059311,0.11086081526001923,0.0,7.66053886991358e-14
24.75,0.0,0.03439364430709855,2.2516086106738418e-05,0.8628146690108716,0.11276917059599997,0.0,7.682743330406083e-14
25.0,0.0,0.03192096269897458,1.7628880301520868e-05,0.8633828127383278,0.11467859568247264,0.0,7.66053886991358e-14
25.25,0.0,0.02951038161538815,1.3779602614021829e-05,0.8638868956317695,0.11658894315030519,0.0,7.682743330406083e-14
25.5,0.0,0.027172957734523502,1.0754181019575742e-05,0.8643162451328436,0.11850004295169,0.0,7.66053886991358e-14
25.75,0.0,0.0249191964381879,8.38103053819133e-06,0.8646607190790752,0.12041170345227542,0.0,7.66053886991358e-14
26.0,0.0,0.02275878505703597,6.523037647430223e-06,0.8649109788108246,0.12232371309456858,0.0,7.66053886991358e-14
26.25,0.0,0.020700333032586515,5.070936189562543e-06,0.8650587534117957,0.12423584261950481,0.0,7.66053886991358e-14
26.5,0.0,0.01875113452721466,3.93791660010358e-06,0.8650970797571123,0.1261478477991497,0.0,7.682743330406083e-14
26.75,0.0,0.016916969490789947,3.055201427279089e-06,0.8650205027027261,0.12805947260513345,0.0,7.682743330406083e-14
27.0,0.0,0.015201957738464012,2.368438132521269e-06,0.8648252211187077,0.12997045270477225,0.0,7.66053886991358e-14
27.25,0.0,0.013608477455678968,1.834789291114918e-06,0.8645091686021688,0.13188051915293778,0.0,7.66053886991358e-14
27.5,0.0,0.012137154742066145,1.4205749204529507e-06,0.864072022550302,0.13378940213278803,0.0,7.66053886991358e-14
27.75,0.0,0.010786924865802369,1.0993739905701039e-06,0.8635151411680304,0.13569683459225326,0.0,7.66053886991358e-14
28.0,0.0,0.009555159923343607,8.505062349418111e-07,0.8628414339361002,0.13760255563439783,0.0,7.66053886991358e-14
28.25,0.0,0.008437851961459283,6.578163869452655e-07,0.8620551766852683,0.13950631353696222,0.0,7.682743330406083e-14
28.5,0.0,0.007429836701164221,5.087087323895854e-07,0.861161786281843,0.14140786830833713,0.0,7.682743330406083e-14
28.75,0.0,0.0065250407506889435,3.9337740183195527e-07,0.8601675721530914,0.1433069937188945,0.0,7.66053886991358e-14
29.0,0.0,0.005716735375646409,3.042006407678126e-07,0.8590794816356062,0.14520347878818324,0.0,7.66053886991358e-14
29.25,0.0,0.004997781391502913,2.3526373692127917e-07,0.8579048546087411,0.1470971287360958,0.0,7.66053886991358e-14
29.5,0.0,0.004360853077428655,1.8197940293138784e-07,0.8566511995044961,0.148987765438749,0.0,7.66053886991358e-14
29.75,0.0,0.003798632590593461,1.4079537728820458e-07,0.8553259991661794,0.15087522744792659,0.0,7.66053886991358e-14
30.0,0.0,0.003303970270537501,1.0896219388080013e-07,0.8539365511213082,0.1527593696460371,0.0,7.66053886991358e-14
30.25,0.0,0.0028700094531632393,8.435438675360613e-08,0.8524898435814228,0.15464006261110388,0.0,7.66053886991358e-14
30.5,0.0,0.0024902775604112217,6.532815517564739e-08,0.8509924653392913,0.1565171917722189,0.0,7.66053886991358e-14
30.75,0.0,0.0021587462222951953,5.061395219199323e-08,0.8494505467483976,0.1583906564154316,0.0,7.66053886991358e-14
31.0,0.0,0.0018698652930794562,3.9231093641492305e-08,0.8478697268681018,0.16026036860780174,0.0,7.66053886991358e-14
31.25,0.0,0.0016185752915693428,3.0422596325147134e-08,0.8462551422014525,0.1621262520844584,0.0,7.66053886991358e-14
31.5,0.0,0.0014003033089573435,2.360345946920563e-08,0.8446114319450868,0.163988241142573,0.0,7.66053886991358e-14
31.75,0.0,0.0012109462527161974,1.8322363349587584e-08,0.8429427558610562,0.16584627956394088,0.0,7.66053886991358e-14
32.0,0.0,0.0010468457533033058,1.4230163305168601e-08,0.8412528204212392,0.16770031959537077,0.0,7.66053886991358e-14
32.25,0.0,0.0009047574763028524,1.1057944443907241e-08,0.8395449104714988,0.16955032099433032,0.0,7.638334409421077e-14
32.5,0.0,0.0007818175824952177,8.598008174546691e-09,0.8378219236682546,0.17139625015131876,0.0,7.66053886991358e-14
32.75,0.0,0.0006755081098176823,6.689001478110159e-09,0.8360864059112143,0.1732380792900431,0.0,7.66053886991358e-14
33.0,0.0,0.0005836225936668728,5.206905921437034e-09,0.8343405864549346,0.17507578574456922,0.0,7.66053886991358e-14
33.25,0.0,0.0005042330395038905,4.055537515881748e-09,0.8325864115927331,0.1769093513123021,0.0,7.66053886991358e-14
33.5,0.0,0.0004356590173399777,3.160628902746407e-09,0.8308255761408582,0.1787387616812496,0.0,7.66053886991358e-14
33.75,0.0,0.00037643883114352845,2.4647431278409085e-09,0.8290595527841322,0.18056400592005778,0.0,7.66053886991358e-14
34.0,0.0,0.00032530311360995346,1.9232099481034788e-09,0.8272896189355213,0.18238507602773538,0.0,7.66053886991358e-14
34.25,0.0,0.0002811513293869562,1.5015808137866273e-09,0.825516880624856,0.18420196654425278,0.0,7.638334409421077e-14
34.5,0.0,0.00024303030500132051,1.173090536064777e-09,0.8237422943181961,0.18601467420378873,0.0,7.682743330406083e-14
34.75,0.0,0.0002101154636329991,9.170202703501503e-10,0.8219666859820002,0.1878231976374231,0.0,7.66053886991358e-14
35.0,0.0,0.00018169402029899945,7.173068225714698e-10,0.8201907681510178,0.18962753711145292,0.0,7.66053886991358e-14
35.25,0.0,0.0001571501203130326,5.614272741646755e-10,0.8184151550192014,0.191427694299135,0.0,7.66053886991358e-14
35.5,0.0,0.00013595210922716779,4.396953870362405e-10,0.816640375363813,0.19322367208734098,0.0,7.638334409421077e-14
35.75,0.0,0.00011764110139230064,3.445681247165777e-10,0.8148668841495424,0.1950154744045738,0.0,7.66053886991358e-14
36.0,0.0,0.00010182122129048839,2.701898820648689e-10,0.8130950724332907,0.19680310607530546,0.0,7.66053886991358e-14
36.25,0.0,8.815097515763905e-05,2.1199936937202296e-10,0.8113252761209414,0.19858657269197824,0.0,7.66053886991358e-14
36.5,0.0,7.633583979411189e-05,1.6644362996127113e-10,0.8095577834881836,0.20036588050565515,0.0,7.638334409421077e-14
36.75,0.0,6.612184412032666e-05,1.3075808431149474e-10,0.8077928416934819,0.2021410363317163,0.0,7.66053886991358e-14
37.0,0.0,5.7289974623348545e-05,1.0278608718786397e-10,0.8060306624547461,0.2039120474679211,0.0,7.66053886991358e-14
37.25,0.0,4.965139278012405e-05,8.08487618193653e-11,0.8042714269018715,0.20567892162457627,0.0,7.66053886991358e-14
37.5,0.0,4.30432253321479e-05,6.363230586832687e-11,0.8025152898479624,0.2074416668631498,0.0,7.66053886991358e-14
37.75,0.0,3.732502103607547e-05,5.0112935443085076e-11,0.8007623833841879,0.20920029154473974,0.0,7.66053886991358e-14
38.0,0.0,3.23756299082953e-05,3.9489998821294767e-11,0.7990128200459821,0.21095480428469635,0.0,7.66053886991358e-14
38.25,0.0,2.809054638902298e-05,3.1137866311727e-11,0.7972666955085056,0.2127052139140442,0.0,7.66053886991358e-14
38.5,0.0,2.4379608970772787e-05,2.4567480023777473e-11,0.7955240909204495,0.21445152944608883,0.0,7.66053886991358e-14
38.75,0.0,2.116500479487552e-05,1.939524236819668e-11,0.7937850749284381,0.2161937600474485,0.0,7.66053886991358e-14
39.0,0.0,1.837958059028825e-05,1.5321280917070705e-11,0.7920497053906072,0.21793191501355794,0.0,7.66053886991358e-14
39.25,0.0,1.596536000370303e-05,1.2110322338296665e-11,0.7903180308808211,0.21966600374714162,0.0,7.66053886991358e-14
39.5,0.0,1.3872287469419637e-05,9.578149941914352e-12,0.7885900919630388,0.22139603573999034,0.0,7.66053886991358e-14
39.75,0.0,1.2057127853227197e-05,7.580034270992466e-12,0.7868659223076663,0.22312202055697716,0.0,7.66053886991358e-14
40.0,0.0,1.0482531789172091e-05,6.002359171744216e-12,0.7851455496397964,0.2248439678224887,0.0,7.66053886991358e-14
40.25,0.0,9.116227027852025e-06,4.7559181670782075e-12,0.7834289965596142,0.22656188720867873,0.0,7.66053886991358e-14
40.5,0.0,7.93031920599763e-06,3.770541215201224e-12,0.7817162812517935,0.22827578842530677,0.0,7.682743330406083e-14
40.75,0.0,6.90069621614693e-06,2.991148022365976e-12,0.7800074180897822,0.22998568121108723,0.0,7.682743330406083e-14
41.0,0.0,6.006503134877816e-06,2.3742681242106127e-12,0.7783024181685165,0.23169157532605092,0.0,7.66053886991358e-14
41.25,0.0,5.2297029175775125e-06,1.885735793794706e-12,0.776601289750105,0.2333934805451683,0.0,7.66053886991358e-14
41.5,0.0,4.55468888622516e-06,1.4986137120609544e-12,0.7749040386569753,0.23509140665271658,0.0,7.682743330406083e-14
41.75,0.0,3.9679538888718565e-06,1.191658031378631e-12,0.7732106686075195,0.2367853634374766,0.0,7.66053886991358e-14
42.0,0.0,3.4578067868514545e-06,9.481490965417437e-13,0.7715211815037191,0.23847536068862246,0.0,7.66053886991358e-14
42.25,0.0,3.0141213722352326e-06,7.548403834275912e-13,0.7698355776858724,0.24016140819207715,0.0,7.66053886991358e-14
42.5,0.0,2.6281280780304626e-06,6.012978813330794e-13,0.7681538561438929,0.2418435157275045,0.0,7.66053886991358e-14
42.75,0.0,2.2922283744569316e-06,4.792687347809009e-13,0.7664760147055968,0.24352169306562624,0.0,7.682743330406083e-14
43.0,0.0,1.9998366258682563e-06,3.822230831007601e-13,0.7648020501971238,0.24519594996594488,0.0,7.682743330406083e-14
43.25,0.0,1.7452449416908374e-06,3.0500973009205405e-13,0.763131958580024,0.246866296174806,0.0,7.66053886991358e-14
43.5,0.0,1.5235025577377638e-06,2.435363564961133e-13,0.7614657350736059,0.2485327414236696,0.0,7.682743330406083e-14
43.75,0.0,1.3303155343947297e-06,1.9456487107335906e-13,0.7598033742566616,0.2501952954276863,0.0,7.682743330406083e-14
44.0,0.0,1.161958534690999e-06,1.5553153847836675e-13,0.7581448701569372,0.25185396788444925,0.0,7.66053886991358e-14
44.25,0.0,1.0151979353847315e-06,1.2439928896716988e-13,0.7564902163291035,0.2535087684729133,0.0,7.66053886991358e-14
44.5,0.0,8.87226993210704e-07,9.955507501764238e-14,0.7548394059204889,0.2551597068524951,0.0,7.682743330406083e-14
44.75,0.0,7.756087283311826e-07,7.972081015131058e-14,0.7531924317289833,0.2568067926622854,0.0,7.682743330406083e-14
45.0,0.0,6.782253220249359e-07,6.38736390599276e-14,0.7515492862543331,0.25845003552035767,0.0,7.66053886991358e-14
45.25,0.0,5.932374557846531e-07,5.1206050321022094e-14,0.7499099617393417,0.26008944502322806,0.0,7.66053886991358e-14
45.5,0.0,5.190463249274417e-07,4.107430886708891e-14,0.748274450208359,0.26172503074535175,0.0,7.682743330406083e-14
45.75,0.0,4.542617962523714e-07,3.296521635381188e-14,0.7466427434995351,0.26335680223871244,0.0,7.682743330406083e-14
46.0,0.0,3.9767538545661485e-07,2.6471794328042612e-14,0.7450148332921803,0.2649847690324845,0.0,7.682743330406083e-14
46.25,0.0,3.4823604483591786e-07,2.1270543825559737e-14,0.7433907111312743,0.26660894063273627,0.0,7.66053886991358e-14
46.5,0.0,3.050285422776731e-07,1.7100403756183795e-14,0.7417703684493464,0.26822932652217096,0.0,7.682743330406083e-14
46.75,0.0,2.6725689986052676e-07,1.3755600649047797e-14,0.7401537965832163,0.26984593615994695,0.0,7.682743330406083e-14
47.0,0.0,2.3422803217676858e-07,1.1071378043264097e-14,0.7385409867905357,0.2714587789814978,0.0,7.682743330406083e-14
47.25,0.0,2.0533821569485662e-07,8.915748888608118e-15,0.736931930263456,0.27306786439839625,0.0,7.704947790898586e-14
47.5,0.0,1.800616692071364e-07,7.183501405886844e-15,0.7353266181401507,0.27467320179824994,0.0,7.704947790898586e-14
47.75,0.0,1.5794057741189163e-07,5.791305448069518e-15,0.7337250415148744,0.2762748005446191,0.0,7.66053886991358e-14
48.0,0.0,1.3857559755452222e-07,4.67170753904007e-15,0.7321271914475344,0.27787266997694027,0.0,7.682743330406083e-14
48.25,0.0,1.2161849349957586e-07,3.770483877852329e-15,0.7305330589710963,0.2794668194104831,0.0,7.66053886991358e-14
48.5,0.0,1.0676585755942774e-07,3.0448271292434772e-15,0.7289426350978919,0.28105725813632426,0.0,7.682743330406083e-14
48.75,0.0,9.375293661249846e-08,2.4602326131213523e-15,0.7273559108258167,0.282643995421321,0.0,7.682743330406083e-14
49.0,0.0,8.234862967781097e-08,1.988903440530555e-15,0.725772877143341,0.28422704050810405,0.0,7.682743330406083e-14
49.25,0.0,7.23512984890146e-08,1.608615572509263e-15,0.724193525033695,0.28580640261508167,0.0,7.682743330406083e-14
49.5,0.0,6.358509813464328e-08,1.3017889590801168e-15,0.7226178454785246,0.2873820909364527,0.0,7.66053886991358e-14
49.75,0.0,5.589640976236916e-08,1.0542355194389538e-15,0.721045829461446,0.28895411464221993,0.0,7.682743330406083e-14
50.0,0.0,4.915073555434856e-08,8.541272167396244e-16,0.7194774679711305,0.29052248287820986,0.0,7.682743330406083e-14
50.25,0.0,4.323088273839787e-08,6.92376238477297e-16,0.7179127520030785,0.2920872047661148,0.0,7.66053886991358e-14
50.5,0.0,3.8034365241928904e-08,5.615768849944112e-16,0.7163516725621911,0.2936482894035198,0.0,7.66053886991358e-14
50.75,0.0,3.3471545912691475e-08,4.557386025032137e-16,0.7147942206645881,0.29520574586394227,0.0,7.682743330406083e-14
51.0,0.0,2.9464015567874436e-08,3.700172035713067e-16,0.713240387339186,0.29675958319687495,0.0,7.682743330406083e-14
51.25,0.0,2.5943244820009507e-08,3.005458661183531e-16,0.7116901636289988,0.29830981042783283,0.0,7.682743330406083e-14
51.5,0.0,2.28493616102959e-08,2.442692251883961e-16,0.7101435405923131,0.29985643655840194,0.0,7.682743330406083e-14
51.75,0.0,2.012990727780789e-08,1.9868373473457387e-16,0.7086005093038821,0.3013994705662873,0.0,7.682743330406083e-14
52.0,0.0,1.7738810371499416e-08,1.6166253783174807e-16,0.7070610608559021,0.30293892140536405,0.0,7.66053886991358e-14
52.25,0.0,1.563590818847496e-08,1.3160916838605536e-16,0.7055251863584305,0.3044747980057379,0.0,7.682743330406083e-14
52.5,0.0,1.3785979209491982e-08,1.0720212768335614e-16,0.7039928769403009,0.30600710927379654,0.0,7.682743330406083e-14
52.75,0.0,1.2158152424202409e-08,8.73683666096272e-17,0.702464123749657,0.30753586409226724,0.0,7.682743330406083e-14
53.0,0.0,1.072536636890259e-08,7.123684688756236e-17,0.700938917954435,0.30906107132027527,0.0,7.66053886991358e-14
53.25,0.0,9.463917108870036e-09,5.81086833423732e-17,0.6994172507427563,0.31058273979340334,0.0,7.682743330406083e-14
53.5,0.0,8.353048340651225e-09,4.7428131066259805e-17,0.697899113323277,0.3121008783237513,0.0,7.66053886991358e-14
53.75,0.0,7.374536736811428e-09,3.873864436851762e-17,0.6963844969255443,0.3136154956999958,0.0,7.682743330406083e-14
54.0,0.0,6.512348255510336e-09,3.1652934376140935e-17,0.6948733928002775,0.315126600687451,0.0,7.682743330406083e-14
54.25,0.0,5.752469949408289e-09,2.5876668007069874e-17,0.6933657922194748,0.3166342020281318,0.0,7.66053886991358e-14
54.5,0.0,5.0825882285053745e-09,2.1165897063991268e-17,0.6918616864766747,0.3181383084408139,0.0,7.682743330406083e-14
54.75,0.0,4.4918879604391745e-09,1.7321793819463767e-17,0.6903610668870921,0.31963892862109666,0.0,7.66053886991358e-14
55.0,0.0,3.970868815271269e-09,1.418234964962521e-17,0.6888639247877429,0.32113607124146504,0.0,7.682743330406083e-14
55.25,0.0,3.511191126691453e-09,1.1616928003558466e-17,0.6873702515375334,0.32262974495135227,0.0,7.682743330406083e-14
55.5,0.0,3.1055360961656936e-09,9.521019510971209e-18,0.6858800385173379,0.32411995837720275,0.0,7.66053886991358e-14
55.75,0.0,2.747465149773968e-09,7.80854101664866e-18,0.6843932771300772,0.3256067201225344,0.0,7.682743330406083e-14
56.0,0.0,2.4313028302926694e-09,6.406534438471587e-18,0.6829099588007729,0.327090038768001,0.0,7.66053886991358e-14
56.25,0.0,2.1520769099513344e-09,5.258919193656918e-18,0.6814300749765438,0.32856992287145614,0.0,7.704947790898586e-14
56.5,0.0,1.9054094957498775e-09,4.319142990756785e-18,0.679953617126652,0.3300463809680152,0.0,7.66053886991358e-14
56.75,0.0,1.687447562341612e-09,3.549123266866975e-18,0.6784805767425108,0.3315194215701183,0.0,7.66053886991358e-14
57.0,0.0,1.4947995453260589e-09,2.9177134935886546e-18,0.6770109453376839,0.33298905316759336,0.0,7.682743330406083e-14
57.25,0.0,1.3244818979536382e-09,2.3996776141195065e-18,0.6755447144478766,0.33445528422771825,0.0,7.66053886991358e-14
57.5,0.0,1.1738706105053247e-09,1.974710516620329e-18,0.6740818756309221,0.3359181231952841,0.0,7.682743330406083e-14
57.75,0.0,1.0406526861911068e-09,1.6260414373109066e-18,0.6726224204667668,0.33737757849265715,0.0,7.66053886991358e-14
58.0,0.0,9.227855574674971e-10,1.3394628379426842e-18,0.6711663405574495,0.33883365851984165,0.0,7.66053886991358e-14
58.25,0.0,8.184754814316404e-10,1.1039391603113224e-18,0.6697136275270593,0.340286371654542,0.0,7.682743330406083e-14
58.5,0.0,7.26140037576526e-10,9.102935896688286e-19,0.6682642730217117,0.34173572625222504,0.0,7.66053886991358e-14
58.75,0.0,6.443837140319614e-10,7.50991506772752e-19,0.6668182687095109,0.34318173064618207,0.0,7.66053886991358e-14
59.0,0.0,5.719756520724015e-10,6.198478374754141e-19,0.6653756062805102,0.3446243931475909,0.0,7.682743330406083e-14
59.25,0.0,5.078308106256768e-10,5.118278820155732e-19,0.6639362774466684,0.34606372204557756,0.0,7.66053886991358e-14
59.5,0.0,4.5099287507787843e-10,4.2285845369170755e-19,0.6625002739418059,0.347499725607278,0.0,7.682743330406083e-14
59.75,0.0,4.006172328897701e-10,3.4956598068362975e-19,0.6610675875215598,0.34893241207789966,0.0,7.66053886991358e-14
60.0,0.0,3.559566737278451e-10,2.8909256734039894e-19,0.6596382099633371,0.35036178968078285,0.0,7.66053886991358e-14
60.25,0.0,3.163534916473872e-10,2.391969000975872e-19,0.6582121330662614,0.35178786661746186,0.0,7.66053886991358e-14
60.5,0.0,2.812263475379496e-10,1.9801151673636357e-19,0.6567893486511241,0.35321065106772626,0.0,7.682743330406083e-14
60.75,0.0,2.500615508138924e-10,1.639976136182567e-19,0.6553698485603338,0.3546301511896815,0.0,7.682743330406083e-14
61.0,0.0,2.224051200600237e-10,1.3588741044692512e-19,0.6539536246578617,0.35604637511980997,0.0,7.66053886991358e-14
61.25,0.0,1.9785603709438023e-10,1.126442745032394e-19,0.6525406688291896,0.3574593309730312,0.0,7.682743330406083e-14
61.5,0.0,1.760601236897427e-10,9.342515112205308e-20,0.6511309729812539,0.3588690268427628,0.0,7.682743330406083e-14
61.75,0.0,1.5670396960114704e-10,7.752981558412586e-20,0.6497245290423925,0.3602754708009802,0.0,7.66053886991358e-14
62.0,0.0,1.3950981104255171e-10,6.43648777376783e-20,0.6483213289622898,0.36167867089827715,0.0,7.682743330406083e-14
62.25,0.0,1.242326048162312e-10,5.346081140805376e-20,0.646921364711919,0.3630786351639253,0.0,7.682743330406083e-14
62.5,0.0,1.1065534835570267e-10,4.442557815146356e-20,0.6455246282834872,0.3644753716059342,0.0,7.682743330406083e-14
62.75,0.0,9.858591701103011e-11,3.69349881938145e-20,0.6441311116903801,0.36586888821111074,0.0,7.66053886991358e-14
63.0,0.0,8.785418627236882e-11,3.0720992798885754e-20,0.6427408069671038,0.36725919294511866,0.0,7.66053886991358e-14
63.25,0.0,7.830957722913428e-11,2.5563458576658945e-20,0.6413537061692294,0.3686462937525378,0.0,7.682743330406083e-14
63.5,0.0,6.981882771481616e-11,2.1282461679654252e-20,0.6399698013733348,0.3700301985569232,0.0,7.682743330406083e-14
63.75,0.0,6.226379138574991e-11,1.7728133977627152e-20,0.6385890846769492,0.37141091526086384,0.0,7.682743330406083e-14
64.0,0.0,5.553957380577033e-11,1.4773390588108463e-20,0.6372115481984958,0.37278845174604147,0.0,7.682743330406083e-14
64.25,0.0,4.955343393094357e-11,1.2316842101736536e-20,0.635837184077234,0.37416281587328937,0.0,7.682743330406083e-14
64.5,0.0,4.4223089362176614e-11,1.0273641448613611e-20,0.6344659844732031,0.37553401548265053,0.0,7.66053886991358e-14
64.75,0.0,3.947555112788259e-11,8.57338037457624e-21,0.6330979415671651,0.376902058393436,0.0,7.66053886991358e-14
65.0,0.0,3.524606410618177e-11,7.157638055978665e-21,0.6317330475605478,0.3782669524042829,0.0,7.66053886991358e-14
65.25,0.0,3.147719994859791e-11,5.9782337664913516e-21,0.6303712946753871,0.37962870529321235,0.0,7.66053886991358e-14
65.5,0.0,2.8118033042481706e-11,4.995598261451436e-21,0.6290126751542714,0.3809873248176872,0.0,7.66053886991358e-14
65.75,0.0,2.5123329979833785e-11,4.176677425114497e-21,0.6276571812602837,0.3823428187146697,0.0,7.66053886991358e-14
66.0,0.0,2.2452860446571287e-11,3.493416363223443e-21,0.6263048052769453,0.38369519470067853,0.0,7.66053886991358e-14
66.25,0.0,2.007097924069671e-11,2.923260626837157e-21,0.6249555395081592,0.3850444604718466,0.0,7.66053886991358e-14
66.5,0.0,1.794600257769334e-11,2.447291266175018e-21,0.623609376278153,0.38639062370397764,0.0,7.66053886991358e-14
66.75,0.0,1.6049772214042693e-11,2.049754809688873e-21,0.6222663079314237,0.38773369205260333,0.0,7.66053886991358e-14
67.0,0.0,1.4357259265193237e-11,1.7175345253591607e-21,0.6209263268326796,0.38907367315304,0.0,7.682743330406083e-14
67.25,0.0,1.2846223838169465e-11,1.439768405778392e-21,0.6195894253667855,0.3904105746204451,0.0,7.682743330406083e-14
67.5,0.0,1.1496905672616168e-11,1.2074947046289028e-21,0.6182555959387062,0.3917444040498737,0.0,7.682743330406083e-14
67.75,0.0,1.0291720959706067e-11,1.0132056313265873e-21,0.6169248309734503,0.39307516901633477,0.0,7.682743330406083e-14
68.0,0.0,9.215003600726138e-12,8.50521574339908e-22,0.6155971229160146,0.3944028770748471,0.0,7.66053886991358e-14
68.25,0.0,8.252844034186093e-12,7.142770075023492e-22,0.6142724642313284,0.39572753576049546,0.0,7.66053886991358e-14
68.5,0.0,7.392856043875822e-12,6.001284700225761e-22,0.6129508474041978,0.3970491525884861,0.0,7.682743330406083e-14
68.75,0.0,6.624011249985662e-12,5.04446987816248e-22,0.6116322649392506,0.3983677350542023,0.0,7.704947790898586e-14
69.0,0.0,5.936488716260986e-12,4.242006678531462e-22,0.6103167093608802,0.39968329063326014,0.0,7.682743330406083e-14
69.25,0.0,5.321545300877421e-12,3.568687870203162e-22,0.6090041732131918,0.4009958267815634,0.0,7.66053886991358e-14
69.5,0.0,4.7713977563390275e-12,3.003623929973071e-22,0.6076946490599464,0.40230535093535885,0.0,7.66053886991358e-14
69.75,0.0,4.2791075750332404e-12,2.5292638978909676e-22,0.6063881294845065,0.4036118705112912,0.0,7.682743330406083e-14
70.0,0.0,3.838482352726721e-12,2.130674051367769e-22,0.6050846070897805,0.4049153929064577,0.0,7.66053886991358e-14
70.25,0.0,3.4440128116577443e-12,1.7956818785846598e-22,0.6037840744981698,0.40621592549846297,0.0,7.682743330406083e-14
70.5,0.0,3.090784247643913e-12,1.5140264623789456e-22,0.6024865243515127,0.4075134756454733,0.0,7.682743330406083e-14
70.75,0.0,2.7744127516659588e-12,1.2771062102410535e-22,0.6011919493110313,0.4088080506862711,0.0,7.682743330406083e-14
71.0,0.0,2.490987264794301e-12,1.077710633584156e-22,0.5999003420572772,0.4100996579403088,0.0,7.704947790898586e-14
71.25,0.0,2.237019459734076e-12,9.098217159602767e-23,0.5986116952900766,0.4113883047077631,0.0,7.66053886991358e-14
71.5,0.0,2.0093981383042017e-12,7.684309787819826e-23,0.5973260017284785,0.4126739982695888,0.0,7.66053886991358e-14
71.75,0.0,1.8053448310351118e-12,6.493182593275052e-23,0.5960432541106994,0.4139567458875721,0.0,7.682743330406083e-14
72.0,0.0,1.6223756302390152e-12,5.488872653950496e-23,0.5947634451940699,0.41523655480438454,0.0,7.682743330406083e-14
72.25,0.0,1.4582762562572095e-12,4.6418832000341035e-23,0.5934865677549823,0.41651343224363613,0.0,7.66053886991358e-14
72.5,0.0,1.311067913396527e-12,3.927286292284342e-23,0.5922126145888372,0.4177873854099285,0.0,7.682743330406083e-14
72.75,0.0,1.1789823545833688e-12,3.324116698454918e-23,0.5909415785099895,0.41905842148890826,0.0,7.66053886991358e-14
73.0,0.0,1.0604392270277245e-12,2.8147418160815115e-23,0.589673452351697,0.4203265476473194,0.0,7.682743330406083e-14
73.25,0.0,9.540264149596624e-13,2.3843897763785766e-23,0.5884082289660663,0.42159177103305656,0.0,7.682743330406083e-14
73.5,0.0,8.584821427989887e-13,2.0207161741786648e-23,0.5871459012240012,0.4228540987752171,0.0,7.682743330406083e-14
73.75,0.0,7.726776009709409e-13,1.713289667080111e-23,0.5858864620151502,0.4241135379841539,0.0,7.682743330406083e-14
74.0,0.0,6.956019594158019e-13,1.453206220914645e-23,0.5846299042478537,0.42537009575152745,0.0,7.66053886991358e-14
74.25,0.0,6.263523660739324e-13,1.233119895038634e-23,0.5833762208490922,0.42662377915035815,0.0,7.682743330406083e-14
74.5,0.0,5.641205831172883e-13,1.0468065297791886e-23,0.5821254047644348,0.4278745952350779,0.0,7.682743330406083e-14
74.75,0.0,5.081830981754438e-13,8.890145390803503e-24,0.5808774489579862,0.4291225510415824,0.0,7.682743330406083e-14
75.0,0.0,4.578921392501502e-13,7.553128062079257e-24,0.5796323464123364,0.4303676535872825,0.0,7.682743330406083e-14
75.25,0.0,4.126678541434498e-13,6.419755471017854e-24,0.5783900901285083,0.4316099098711558,0.0,7.66053886991358e-14
75.5,0.0,3.7199118574412426e-13,5.458768812872251e-24,0.577150673125907,0.4328493268737979,0.0,7.682743330406083e-14
75.75,0.0,3.353969740902545e-13,4.6436780561868544e-24,0.5759140884422674,0.4340859115574739,0.0,7.66053886991358e-14
76.0,0.0,3.0246798651960005e-13,3.9518314197272404e-24,0.574680329133605,0.43531967086616924,0.0,7.66053886991358e-14
76.25,0.0,2.728308535670493e-13,3.364437728978275e-24,0.5734493882741634,0.4365506117256406,0.0,7.66053886991358e-14
76.5,0.0,2.4615076104402036e-13,2.8655338176059054e-24,0.5722212589563639,0.4377787410434668,0.0,7.682743330406083e-14
76.75,0.0,2.2212747306649237e-13,2.4416082621096175e-24,0.5709959342907551,0.4390040657090994,0.0,7.66053886991358e-14
77.0,0.0,2.0049171777565108e-13,2.0812242536199148e-24,0.5697734074059633,0.440226592593913,0.0,7.682743330406083e-14
77.25,0.0,1.8100203205226563e-13,1.774731244798874e-24,0.56855367144864,0.44144632855125576,0.0,7.66053886991358e-14
77.5,0.0,1.6344188507152375e-13,1.514001523440397e-24,0.5673367195834138,0.44266328041649955,0.0,7.682743330406083e-14
77.75,0.0,1.4761690038390165e-13,1.2921277628734524e-24,0.5661225449928393,0.44387745500708986,0.0,7.682743330406083e-14
78.0,0.0,1.3335244397041425e-13,1.1031923453942172e-24,0.5649111408773476,0.44508885912259577,0.0,7.66053886991358e-14
78.25,0.0,1.2049195150283825e-13,9.422606523171347e-25,0.5637025004551965,0.4462974995447598,0.0,7.682743330406083e-14
78.5,0.0,1.0889478947329571e-13,8.051297107388678e-25,0.5624966169624207,0.4475033830375472,0.0,7.682743330406083e-14
78.75,0.0,9.843463359033633e-14,6.882310111322123e-25,0.5612934836527825,0.4487065163471958,0.0,7.682743330406083e-14
79.0,0.0,8.899799461971828e-14,5.8853452415038e-25,0.5600930937977228,0.44990690620226503,0.0,7.682743330406083e-14
79.25,0.0,8.048292770003226e-14,5.034746110458666e-25,0.5588954406863111,0.45110455931368504,0.0,7.66053886991358e-14
79.5,0.0,7.279785490615341e-14,4.308824746654447e-25,0.557700517625198,0.45229948237480605,0.0,7.682743330406083e-14
79.75,0.0,6.586043077182027e-14,3.6890977428049155e-25,0.556508317938564,0.45349168206144685,0.0,7.66053886991358e-14
80.0,0.0,5.959655418314115e-14,3.159698929084982e-25,0.5553188349680734,0.4546811650319437,0.0,7.682743330406083e-14
80.25,0.0,5.3939671114529866e-14,2.7073326189655304e-25,0.5541320620728236,0.4558679379271992,0.0,7.682743330406083e-14
80.5,0.0,4.882990046190868e-14,2.320644679148218e-25,0.552947992629298,0.45705200737073004,0.0,7.682743330406083e-14
80.75,0.0,4.421336381886067e-14,1.9899655109274528e-25,0.5517666200313165,0.4582333799687161,0.0,7.682743330406083e-14
81.0,0.0,4.0041575958395444e-14,1.7070594253817108e-25,0.5505879376899887,0.45941206231004805,0.0,7.682743330406083e-14
81.25,0.0,3.6270909676274115e-14,1.4649294378174099e-25,0.5494119390336649,0.4605880609663756,0.0,7.682743330406083e-14
81.5,0.0,3.286210724118464e-14,1.2576396002786194e-25,0.5482386175078884,0.46176138249215554,0.0,7.682743330406083e-14
81.75,0.0,2.977981067311717e-14,1.0801169341126669e-25,0.547067966575348,0.4629320334246991,0.0,7.682743330406083e-14
82.0,0.0,2.6992151381862783e-14,9.279979322403966e-26,0.5458999797158299,0.46410002028421987,0.0,7.682743330406083e-14
82.25,0.0,2.4470455854571847e-14,7.976089727759254e-26,0.5447346504261711,0.4652653495738812,0.0,7.66053886991358e-14
82.5,0.0,2.2188883378192152e-14,6.858046471633776e-26,0.5435719722202109,0.4664280277798436,0.0,7.66053886991358e-14
82.75,0.0,2.0124145315187982e-14,5.898981770661044e-26,0.5424119386287449,0.4675880613713117,0.0,7.66053886991358e-14
83.0,0.0,1.8255249688188095e-14,5.0759431095131565e-26,0.541254543199477,0.4687454568005815,0.0,7.66053886991358e-14
83.25,0.0,1.6563276315193588e-14,4.369366115069728e-26,0.5400997794969729,0.46990022050308733,0.0,7.66053886991358e-14
83.5,0.0,1.5031171377044268e-14,3.7625954857420547e-26,0.5389476411026132,0.47105235889744856,0.0,7.66053886991358e-14
83.75,0.0,1.3643550289421625e-14,3.24135798301813e-26,0.5377981216145471,0.4722018783855161,0.0,7.682743330406083e-14
84.0,0.0,1.2386524979120452e-14,2.79335088230558e-26,0.5366512146476452,0.47334878535241925,0.0,7.682743330406083e-14
84.25,0.0,1.124757810819538e-14,2.4081707110665834e-26,0.5355069138334538,0.47449308616661173,0.0,7.682743330406083e-14
84.5,0.0,1.0215410873608498e-14,2.0768865379851575e-26,0.5343652128201484,0.4756347871799183,0.0,7.682743330406083e-14
84.75,0.0,9.279823875135473e-15,1.791847188350645e-26,0.5332261052724871,0.47677389472758036,0.0,7.682743330406083e-14
85.0,0.0,8.431608666382973e-15,1.54649711136182e-26,0.5320895848717658,0.4779104151283025,0.0,7.682743330406083e-14
85.25,0.0,7.662452025803057e-15,1.3352305619489618e-26,0.5309556453157712,0.4790443546842979,0.0,7.682743330406083e-14
85.5,0.0,6.9648484342371406e-15,1.15325923621206e-26,0.5298242803187356,0.4801757196813342,0.0,7.682743330406083e-14
85.75,0.0,6.332016241765464e-15,9.964684643202853e-27,0.5286954836112914,0.4813045163887791,0.0,7.682743330406083e-14
86.0,0.0,5.757824003244516e-15,8.61304075583067e-27,0.5275692489404251,0.48243075105964583,0.0,7.66053886991358e-14
86.25,0.0,5.2367360661130235e-15,7.447479212568208e-27,0.5264455700694333,0.4835544299306383,0.0,7.682743330406083e-14
86.5,0.0,4.763747765317996e-15,6.442023014859121e-27,0.5253244407778754,0.4846755592221965,0.0,7.66053886991358e-14
86.75,0.0,4.3343342113471484e-15,5.574353230564479e-27,0.5242058548615312,0.4857941451385413,0.0,7.682743330406083e-14
87.0,0.0,3.944403643179633e-15,4.8252914326903205e-27,0.5230898061323531,0.48691019386771967,0.0,7.682743330406083e-14
87.25,0.0,3.590256147256359e-15,4.178386674647186e-27,0.5219762884184241,0.4880237115816491,0.0,7.682743330406083e-14
87.5,0.0,3.2685458861413064e-15,3.619540942782864e-27,0.5208652955639109,0.4891347044361626,0.0,7.66053886991358e-14
87.75,0.0,2.976244979027205e-15,3.1366069357969757e-27,0.5197568214290208,0.490243178571053,0.0,7.682743330406083e-14
88.0,0.0,2.71061167553995e-15,2.7190693587210512e-27,0.5186508598899565,0.49134914011011743,0.0,7.66053886991358e-14
88.25,0.0,2.4691665305093404e-15,2.3579629247524525e-27,0.5175474048388725,0.49245259516120166,0.0,7.66053886991358e-14
88.5,0.0,2.249664445348852e-15,2.0455513119979e-27,0.5164464501838304,0.4935535498162441,0.0,7.66053886991358e-14
88.75,0.0,2.0500723726830857e-15,1.7751687747780723e-27,0.5153479898487549,0.4946520101513199,0.0,7.66053886991358e-14
89.0,0.0,1.86854899526306e-15,1.5410712003852484e-27,0.5142520177733901,0.49574798222668465,0.0,7.66053886991358e-14
89.25,0.0,1.7034266979498386e-15,1.3383163790944297e-27,0.5131585279132564,0.4968414720868186,0.0,7.66053886991358e-14
89.5,0.0,1.5531950594157933e-15,1.1626555135946418e-27,0.5120675142396055,0.4979324857604698,0.0,7.682743330406083e-14
89.75,0.0,1.4164850895913862e-15,1.010417969873921e-27,0.5109789707393777,0.4990210292606977,0.0,7.682743330406083e-14
90.0,0.0,1.2920553034182723e-15,8.784193230728123e-28,0.5098928914151587,0.5001071085849168,0.0,7.682743330406083e-14
90.25,0.0,1.1787811636107891e-15,7.639341356724169e-28,0.508809270285136,0.5011907297149396,0.0,7.682743330406083e-14
90.5,0.0,1.0756428617525037e-15,6.646045422637439e-28,0.5077281013830558,0.5022718986170199,0.0,7.682743330406083e-14
90.75,0.0,9.817154902592991e-16,5.783933135102795e-28,0.5066493787581801,0.5033506212418958,0.0,7.682743330406083e-14
91.0,0.0,8.961600784348177e-16,5.035399933582885e-28,0.5055730964752435,0.5044269035248322,0.0,7.66053886991358e-14
91.25,0.0,8.182156209221119e-16,4.385253938824071e-28,0.5044992486144114,0.5055007513856644,0.0,7.66053886991358e-14
91.5,0.0,7.47191772278373e-16,3.820394425083133e-28,0.5034278292712362,0.5065721707288398,0.0,7.66053886991358e-14
91.75,0.0,6.824618811419492e-16,3.32947369810862e-28,0.5023588325566152,0.5076411674434608,0.0,7.66053886991358e-14
92.0,0.0,6.234568198798554e-16,2.902625504840337e-28,0.5012922525967487,0.5087077474033274,0.0,7.66053886991358e-14
92.25,0.0,5.696602512692524e-16,2.5313746750008988e-28,0.5002280835330972,0.5097719164669791,0.0,7.682743330406083e-14
92.5,0.0,5.206032202441314e-16,2.208370441654888e-28,0.49916631952233925,0.510833680477737,0.0,7.682743330406083e-14
92.75,0.0,4.758597682119937e-16,1.9272443002968245e-28,0.49810695473632977,0.5118930452637463,0.0,7.66053886991358e-14
93.0,0.0,4.3504293002913656e-16,1.68247788509957e-28,0.49704998336205836,0.512950016638018,0.0,7.682743330406083e-14
93.25,0.0,3.978011658486557e-16,1.4692953114272737e-28,0.4959953996016063,0.51400460039847,0.0,7.66053886991358e-14
93.5,0.0,3.638150884686289e-16,1.2835657257705627e-28,0.4949431976721067,0.5150568023279696,0.0,7.66053886991358e-14
93.75,0.0,3.327943466997676e-16,1.1217017861053671e-28,0.4938933718057015,0.5161066281943749,0.0,7.66053886991358e-14
94.0,0.0,3.04474857671368e-16,9.80577589174013e-29,0.4928459162495007,0.5171540837505757,0.0,7.66053886991358e-14
94.25,0.0,2.786166599277158e-16,8.574985195413675e-29,0.4918008252655411,0.5181991747345354,0.0,7.66053886991358e-14
94.5,0.0,2.5500148966197436e-16,7.501215881268556e-29,0.490758093130745,0.5192419068693315,0.0,7.66053886991358e-14
94.75,0.0,2.334307999311547e-16,6.564114574048394e-29,0.48971771413687887,0.5202822858631976,0.0,7.66053886991358e-14
95.0,0.0,2.137239513036921e-16,5.745997528763484e-29,0.4886796825905131,0.5213203174095633,0.0,7.66053886991358e-14
95.25,0.0,1.9571659541737033e-16,5.031516998553119e-29,0.48764399281298065,0.5223560071870957,0.0,7.66053886991358e-14
95.5,0.0,1.7925919118140731e-16,4.407359320920426e-29,0.4866106391403366,0.52338936085974,0.0,7.66053886991358e-14
95.75,0.0,1.642155933105345e-16,3.8619331360349557e-29,0.4855796159233171,0.5244203840767594,0.0,7.66053886991358e-14
96.0,0.0,1.5046179581511477e-16,3.385115751269062e-29,0.48455091752729973,0.5254490824727768,0.0,7.66053886991358e-14
96.25,0.0,1.378849470384971e-16,2.9681516540956357e-29,0.4835245383322626,0.526475461667814,0.0,7.66053886991358e-14
96.5,0.0,1.2638225005401576e-16,2.6034089718756983e-29,0.48250047273274405,0.5274995272673325,0.0,7.66053886991358e-14
96.75,0.0,1.1586005739190726e-16,2.2842405402311426e-29,0.4814787151378031,0.5285212848622735,0.0,7.66053886991358e-14
97.0,0.0,1.062330434508092e-16,2.0048558555479113e-29,0.48045925997097866,0.5295407400290979,0.0,7.66053886991358e-14
97.25,0.0,9.742346352048448e-17,1.7602154485946932e-29,0.4794421016702504,0.5305578983298261,0.0,7.66053886991358e-14
97.5,0.0,8.936047304140633e-17,1.5459353137641388e-29,0.4784272346879987,0.5315727653120779,0.0,7.66053886991358e-14
97.75,0.0,8.197948070705688e-17,1.3581890134896542e-29,0.4774146534909647,0.5325853465091119,0.0,7.66053886991358e-14
98.0,0.0,7.522157121554453e-17,1.1936275588270915e-29,0.47640435256021113,0.5335956474398654,0.0,7.66053886991358e-14
98.25,0.0,6.903304826952039e-17,1.0493448720523657e-29,0.4753963263910831,0.5346036736089934,0.0,7.66053886991358e-14
98.5,0.0,6.336492968559348e-17,9.228016249782628e-30,0.47439056949316827,0.5356094305069083,0.0,7.66053886991358e-14
98.75,0.0,5.817252881469326e-17,8.11780431455985e-30,0.4733870763902578,0.5366129236098188,0.0,7.66053886991358e-14
99.0,0.0,5.3415071563618864e-17,7.143446865491875e-30,0.4723858416203076,0.537614158379769,0.0,7.66053886991358e-14
99.25,0.0,4.905535276514559e-17,6.2880441804463924e-30,0.4713868597353989,0.5386131402646777,0.0,7.66053886991358e-14
99.5,0.0,4.505942021743912e-17,5.536853894180472e-30,0.4703901253016999,0.5396098746983767,0.0,7.66053886991358e-14
99.75,0.0,4.13962747049151e-17,4.8769768893892694e-30,0.46939563289942654,0.5406043671006501,0.0,7.66053886991358e-14
100.0,0.0,3.8037601698953854e-17,4.2970987272065126e-30,0.4684033771228041,0.5415966228772724,0.0,7.66053886991358e-14
100.25,0.0,3.495755695479682e-17,3.787370630388074e-30,0.46741335258002903,0.5425866474200476,0.0,7.66053886991358e-14
100.5,0.0,3.21325319367492e-17,3.339165965991362e-30,0.4664255538932298,0.5435744461068468,0.0,7.66053886991358e-14
100.75,0.0,2.954095804721306e-17,2.9449327791777964e-30,0.46543997569842904,0.5445600243016475,0.0,7.66053886991358e-14
101.0,0.0,2.7163127352960304e-17,2.5980587039086985e-30,0.4644566126455057,0.545543387354571,0.0,7.66053886991358e-14
101.25,0.0,2.498103139695436e-17,2.292758273710344e-30,0.463475459398156,0.5465245406019207,0.0,7.66053886991358e-14
101.5,0.0,2.2978212863490136e-17,2.0239709521197013e-30,0.46249651063385655,0.5475034893662201,0.0,7.66053886991358e-14
101.75,0.0,2.113962486062774e-17,1.7872581889886727e-30,0.4615197610438261,0.5484802389562506,0.0,7.66053886991358e-14
102.0,0.0,1.9451504781316193e-17,1.578718203060606e-30,0.46054520533298693,0.5494547946670897,0.0,7.66053886991358e-14
102.25,0.0,1.7901272609870394e-17,1.3949444076191037e-30,0.45957283821992906,0.5504271617801475,0.0,7.66053886991358e-14
102.5,0.0,1.6477420667393977e-17,1.2329458424194321e-30,0.4586026544368709,0.5513973455632056,0.0,7.66053886991358e-14
102.75,0.0,1.516942101261755e-17,1.0900976666577253e-30,0.4576346487296232,0.5523653512704535,0.0,7.66053886991358e-14
103.0,0.0,1.396764057140157e-17,9.640959113404655e-31,0.45666881585755026,0.5533311841425264,0.0,7.66053886991358e-14
103.25,0.0,1.2863264674316643e-17,8.529195367780728e-31,0.4557051505935344,0.5542948494065422,0.0,7.66053886991358e-14
103.5,0.0,1.184822663139801e-17,7.5479609241054985e-31,0.4547436477239378,0.5552563522761388,0.0,7.66053886991358e-14
103.75,0.0,1.0915140971480798e-17,6.681672720180995e-31,0.4537843020485657,0.5562156979515109,0.0,7.66053886991358e-14
104.0,0.0,1.0057243467873831e-17,5.916602458304263e-31,0.4528271083806298,0.5571728916194469,0.0,7.66053886991358e-14
104.25,0.0,9.268342381869869e-18,5.240729287912445e-31,0.45187206154671095,0.5581279384533657,0.0,7.66053886991358e-14
104.5,0.0,8.542766048003219e-18,4.643474249780143e-31,0.45091915638672314,0.5590808436133535,0.0,7.66053886991358e-14
104.75,0.0,7.875318587414769e-18,4.115530797284637e-31,0.4499683877538765,0.5600316122462001,0.0,7.66053886991358e-14
105.0,0.0,7.261239281153341e-18,3.6487101902429216e-31,0.4490197505146409,0.5609802494854357,0.0,7.66053886991358e-14
105.25,0.0,6.696165896590444e-18,3.2358112002665277e-31,0.44807323954870987,0.5619267604513668,0.0,7.66053886991358e-14
105.5,0.0,6.176100880489796e-18,2.8705021512761233e-31,0.4471288497489637,0.5628711502511129,0.0,7.66053886991358e-14
105.75,0.0,5.6973793315111684e-18,2.547203305701727e-31,0.44618657602143413,0.5638134239786424,0.0,7.66053886991358e-14
106.0,0.0,5.256640167549915e-18,2.2609884659604097e-31,0.4452464132852678,0.5647535867148088,0.0,7.66053886991358e-14
106.25,0.0,4.850802500380458e-18,2.0075319955187808e-31,0.44430835647269046,0.5656916435273862,0.0,7.66053886991358e-14
106.5,0.0,4.477040437776475e-18,1.7830183337179435e-31,0.443372400528971,0.5666275994711057,0.0,7.66053886991358e-14
106.75,0.0,4.132761671136791e-18,1.584082855949238e-31,0.4424385404123857,0.5675614595876909,0.0,7.66053886991358e-14
107.0,0.0,3.815587814765841e-18,1.4077580050352899e-31,0.4415067710941831,0.5684932289058935,0.0,7.66053886991358e-14
107.25,0.0,3.5233366243687845e-18,1.2514276757910421e-31,0.44057708755854796,0.5694229124415287,0.0,7.66053886991358e-14
107.5,0.0,3.2540055913719057e-18,1.1127859021326966e-31,0.43964948480256594,0.5703505151975107,0.0,7.66053886991358e-14
107.75,0.0,3.0057564093317306e-18,9.89795891878519e-32,0.43872395783618817,0.5712760421638884,0.0,7.66053886991358e-14
108.0,0.0,2.776900961148551e-18,8.806555821863329e-32,0.4378005016821965,0.5721994983178801,0.0,7.66053886991358e-14
108.25,0.0,2.5658897509809654e-18,7.837782972414665e-32,0.43687911137616786,0.5731208886239088,0.0,7.66053886991358e-14
108.5,0.0,2.3712996568934683e-18,6.977612849308243e-32,0.4359597819664396,0.5740402180336369,0.0,7.66053886991358e-14
108.75,0.0,2.1918234666936006e-18,6.213646884846917e-32,0.4350425085140744,0.5749574914860022,0.0,7.66053886991358e-14
109.0,0.0,2.026260260918034e-18,5.534924149874924e-32,0.4341272860928253,0.5758727139072513,0.0,7.66053886991358e-14
109.25,0.0,1.8735066988993034e-18,4.931758606746456e-32,0.4332141097891016,0.5767858902109749,0.0,7.66053886991358e-14
109.5,0.0,1.732548972133261e-18,4.3955916445419225e-32,0.43230297470193335,0.5776970252981433,0.0,7.66053886991358e-14
109.75,0.0,1.602455189007371e-18,3.9188465970470533e-32,0.43139387594293765,0.578606124057139,0.0,7.66053886991358e-14
110.0,0.0,1.4823684913879617e-18,3.4948058262531373e-32,0.4304868086362838,0.5795131913637928,0.0,7.66053886991358e-14
110.25,0.0,1.3715013317655337e-18,3.11753901741707e-32,0.429581767918659,0.5804182320814176,0.0,7.66053886991358e-14
110.5,0.0,1.2691294559252801e-18,2.781791584615421e-32,0.4286787489392343,0.5813212510608422,0.0,7.66053886991358e-14
110.75,0.0,1.1745867350478033e-18,2.4829085089870393e-32,0.4277777468596305,0.5822222531404461,0.0,7.66053886991358e-14
111.0,0.0,1.087260411750914e-18,2.2167651085997887e-32,0.4268787568538839,0.5831212431461926,0.0,7.66053886991358e-14
111.25,0.0,1.0065867847728805e-18,1.9797078870856868e-32,0.4259817741084124,0.5840182258916642,0.0,7.66053886991358e-14
111.5,0.0,9.320472206767561e-19,1.7685009080152492e-32,0.425086793821982,0.5849132061780945,0.0,7.66053886991358e-14
111.75,0.0,8.631643808809242e-19,1.580273137338217e-32,0.42419381120567273,0.5858061887944038,0.0,7.66053886991358e-14
112.0,0.0,7.994988046728592e-19,1.4124737462631713e-32,0.4233028214828452,0.5866971785172312,0.0,7.638334409421077e-14
112.25,0.0,7.406460492250643e-19,1.262845117479695e-32,0.42241381988910703,0.5875861801109694,0.0,7.638334409421077e-14
112.5,0.0,6.862337016945782e-19,1.1293824898422058e-32,0.4215268016722793,0.5884731983277972,0.0,7.66053886991358e-14
112.75,0.0,6.359188004259808e-19,1.0103058702674168e-32,0.4206417620923633,0.5893582379077131,0.0,7.638334409421077e-14
113.0,0.0,5.893854604770252e-19,9.040345179909518e-33,0.4197586964215075,0.5902413035785691,0.0,7.66053886991358e-14
113.25,0.0,5.463427144458413e-19,8.091650515910258e-33,0.41887759994397367,0.5911224000561027,0.0,7.638334409421077e-14
113.5,0.0,5.065225152001998e-19,7.244515892907858e-33,0.417998467956105,0.5920015320439714,0.0,7.638334409421077e-14
113.75,0.0,4.696778470742721e-19,6.487863314669507e-33,0.41712129576629203,0.5928787042337844,0.0,7.638334409421077e-14
114.0,0.0,4.35581012050104e-19,5.811830046521831e-33,0.4162460786949405,0.593753921305136,0.0,7.66053886991358e-14
114.25,0.0,4.040221861592256e-19,5.207665420253828e-33,0.41537281207443794,0.5946271879256385,0.0,7.638334409421077e-14
114.5,0.0,3.7480792032161494e-19,4.6675821060654135e-33,0.4145014912491218,0.5954985087509548,0.0,7.66053886991358e-14
114.75,0.0,3.4775984035927438e-19,4.184650671132838e-33,0.4136321115752459,0.5963678884248306,0.0,7.638334409421077e-14
115.0,0.0,3.2271344887503858e-19,3.7527038327031394e-33,0.4127646684209491,0.5972353315791273,0.0,7.638334409421077e-14
115.25,0.0,2.9951703390450784e-19,3.3662539732200086e-33,0.41189915716622194,0.5981008428338545,0.0,7.638334409421077e-14
115.5,0.0,2.780306585296259e-19,3.020418266936572e-33,0.4110355732028746,0.5989644267972019,0.0,7.638334409421077e-14
115.75,0.0,2.581252056257499e-19,2.7108457619674395e-33,0.41017391193450486,0.5998260880655716,0.0,7.638334409421077e-14
116.0,0.0,2.396815095169632e-19,2.433654939514142e-33,0.40931416877646587,0.6006858312236106,0.0,7.66053886991358e-14
116.25,0.0,2.2258962011815223e-19,2.185393653213356e-33,0.4084563391558342,0.6015436608442423,0.0,7.638334409421077e-14
116.5,0.0,2.0674804300963592e-19,1.9629832902229107e-33,0.4076004185113776,0.6023995814886989,0.0,7.66053886991358e-14
116.75,0.0,1.920630775174828e-19,1.7636784943822178e-33,0.4067464022935238,0.6032535977065527,0.0,7.66053886991358e-14
117.0,0.0,1.78448206079991e-19,1.5850305995746926e-33,0.4058942859643279,0.6041057140357485,0.0,7.638334409421077e-14
117.25,0.0,1.6582353710485463e-19,1.4248560056669974e-33,0.4050440649974415,0.6049559350026349,0.0,7.638334409421077e-14
117.5,0.0,1.5411528871336157e-19,1.2812074522730126e-33,0.4041957348780807,0.6058042651219958,0.0,7.66053886991358e-14
117.75,0.0,1.4325530075995767e-19,1.1523461436437059e-33,0.4033492911029946,0.6066507088970818,0.0,7.638334409421077e-14
118.0,0.0,1.3318059045671702e-19,1.0367177794999735e-33,0.40250472918043423,0.6074952708196423,0.0,7.66053886991358e-14
118.25,0.0,1.2383297363434776e-19,9.329367642164559e-34,0.4016620446301208,0.6083379553699557,0.0,7.66053886991358e-14
118.5,0.0,1.1515867564654295e-19,8.39764858921117e-34,0.40082123298321487,0.6091787670168616,0.0,7.638334409421077e-14
118.75,0.0,1.0710799100558269e-19,7.560955317038376e-34,0.3999822897822852,0.6100177102177913,0.0,7.66053886991358e-14
119.0,0.0,9.963496908985637e-20,6.809397496215989e-34,0.3991452105812774,0.6108547894187991,0.0,7.66053886991358e-14
119.25,0.0,9.269712691722157e-20,6.134136453141994e-34,0.3983099909454833,0.6116900090545931,0.0,7.638334409421077e-14
119.5,0.0,8.625518276813554e-20,5.5272730530271845e-34,0.3974766264515101,0.6125233735485663,0.0,7.638334409421077e-14
119.75,0.0,8.02728044386085e-20,4.981739263420332e-34,0.39664511268724933,0.6133548873128272,0.0,7.66053886991358e-14
120.0,0.0,7.47163795909004e-20,4.491204538695858e-34,0.39581544525184637,0.6141845547482301,0.0,7.638334409421077e-14
120.25,0.0,6.955481895629349e-20,4.050012627152454e-34,0.39498761975567004,0.6150123802444065,0.0,7.66053886991358e-14
120.5,0.0,6.475935513489647e-20,3.6530984953418446e-34,0.39416163182028147,0.615838368179795,0.0,7.638334409421077e-14
120.75,0.0,6.030336587629925e-20,3.2959264941190335e-34,0.3933374770784046,0.6166625229216718,0.0,7.638334409421077e-14
121.0,0.0,5.616221074093505e-20,2.9744342131222257e-34,0.39251515117389524,0.6174848488261813,0.0,7.66053886991358e-14
121.25,0.0,5.23130815913333e-20,2.6849835683922397e-34,0.3916946497617106,0.6183053502383659,0.0,7.638334409421077e-14
121.5,0.0,4.873486381728096e-20,2.424316302953418e-34,0.39087596850787987,0.6191240314921966,0.0,7.66053886991358e-14
121.75,0.0,4.540800519700457e-20,2.189511077610414e-34,0.3900591030894737,0.6199408969106027,0.0,7.638334409421077e-14
122.0,0.0,4.231439606736558e-20,1.9779462836064578e-34,0.3892440491945743,0.6207559508055023,0.0,7.66053886991358e-14
122.25,0.0,3.943726610333589e-20,1.7872743713538016e-34,0.38843080252224516,0.6215691974778313,0.0,7.66053886991358e-14
122.5,0.0,3.6761079264056365e-20,1.6153889559174237e-34,0.38761935878250214,0.6223806412175743,0.0,7.638334409421077e-14
122.75,0.0,3.4271441162080696e-20,1.460399981728002e-34,0.38680971369628303,0.6231902863037935,0.0,7.66053886991358e-14
123.0,0.0,3.1955013364543965e-20,1.3206111655300195e-34,0.3860018629954181,0.6239981370046584,0.0,7.66053886991358e-14
123.25,0.0,2.9799434829402706e-20,1.1945002775628467e-34,0.3851958024226005,0.6248041975774761,0.0,7.66053886991358e-14
123.5,0.0,2.779324891979323e-20,1.0807011868325825e-34,0.38439152773135665,0.6256084722687199,0.0,7.66053886991358e-14
123.75,0.0,2.5925834438611905e-20,9.779865953757935e-35,0.38358903468601757,0.626410965314059,0.0,7.66053886991358e-14
124.0,0.0,2.4187342506865166e-20,8.852530192676809e-35,0.3827883190616884,0.6272116809383882,0.0,7.66053886991358e-14
124.25,0.0,2.256864192283606e-20,8.015102041048805e-35,0.3819893766442203,0.6280106233558562,0.0,7.66053886991358e-14
124.5,0.0,2.1061263784367382e-20,7.25867877362043e-35,0.38119220323018066,0.6288077967698958,0.0,7.66053886991358e-14
124.75,0.0,1.9657352478411435e-20,6.575256117061442e-35,0.3803967946268242,0.6296032053732523,0.0,7.66053886991358e-14
125.0,0.0,1.8349620294958356e-20,5.957636143939707e-35,0.3796031466520642,0.6303968533480124,0.0,7.66053886991358e-14
125.25,0.0,1.7131305757084785e-20,5.399346488748579e-35,0.378811255134443,0.6311887448656335,0.0,7.66053886991358e-14
125.5,0.0,1.5996134876666172e-20,4.89456672722676e-35,0.37802111591310433,0.6319788840869722,0.0,7.66053886991358e-14
125.75,0.0,1.493828454482514e-20,4.438057756586615e-35,0.37723272483776327,0.6327672751623133,0.0,7.66053886991358e-14
126.0,0.0,1.3952348970848713e-20,4.025100145354096e-35,0.3764460777686785,0.6335539222313981,0.0,7.66053886991358e-14
126.25,0.0,1.3033310493834205e-20,3.6514498478409074e-35,0.3756611705766235,0.634338829423453,0.0,7.66053886991358e-14
126.5,0.0,1.2176510116447967e-20,3.313283959389818e-35,0.3748779991428581,0.6351220008572185,0.0,7.66053886991358e-14
126.75,0.0,1.137762133412796e-20,3.0071586852900947e-35,0.3740965593590997,0.6359034406409768,0.0,7.66053886991358e-14
127.0,0.0,1.0632625876583441e-20,2.729971129732464e-35,0.3733168471274959,0.6366831528725807,0.0,7.66053886991358e-14
127.25,0.0,9.937791402841775e-21,2.478925674755965e-35,0.37253885836059497,0.6374611416394816,0.0,7.66053886991358e-14
127.5,0.0,9.289650744764639e-21,2.2515033129706429e-35,0.37176258898131886,0.6382374110187577,0.0,7.66053886991358e-14
127.75,0.0,8.684982293718341e-21,2.0454322964446958e-35,0.37098803492293453,0.639011965077142,0.0,7.66053886991358e-14
128.0,0.0,8.12079199241319e-21,1.858662425149721e-35,0.3702151921290261,0.6397848078710505,0.0,7.66053886991358e-14
128.25,0.0,7.594297603023118e-21,1.6893462478754353e-35,0.36944405655346674,0.6405559434466098,0.0,7.66053886991358e-14
128.5,0.0,7.102912883374006e-21,1.5358164874616212e-35,0.36867462416039143,0.6413253758396852,0.0,7.66053886991358e-14
128.75,0.0,6.644233485175185e-21,1.3965683413942582e-35,0.36790689092416823,0.6420931090759083,0.0,7.66053886991358e-14
129.0,0.0,6.216023870273033e-21,1.2702433811064107e-35,0.36714085282937176,0.6428591471707049,0.0,7.66053886991358e-14
129.25,0.0,5.816205263317436e-21,1.155615341728867e-35,0.3663765058707545,0.6436234941293221,0.0,7.66053886991358e-14
129.5,0.0,5.442844431338118e-21,1.051577148327612e-35,0.36561384605322017,0.6443861539468564,0.0,7.66053886991358e-14
129.75,0.0,5.0941430806069505e-21,9.571285241193759e-36,0.36485286939179573,0.6451471306082809,0.0,7.66053886991358e-14
130.0,0.0,4.768428106485232e-21,8.713650991777926e-36,0.36409357191160424,0.6459064280884723,0.0,7.66053886991358e-14
130.25,0.0,4.464143039429375e-21,7.934703155859651e-36,0.3633359496478375,0.6466640503522391,0.0,7.66053886991358e-14
130.5,0.0,4.179839470167448e-21,7.227058823130321e-36,0.36257999864572904,0.6474200013543475,0.0,7.66053886991358e-14
130.75,0.0,3.91416938326692e-21,6.58404208137901e-36,0.3618257149605266,0.64817428503955,0.0,7.66053886991358e-14
131.0,0.0,3.665878037438646e-21,5.999615132506305e-36,0.36107309465746557,0.648926905342611,0.0,7.66053886991358e-14
131.25,0.0,3.433797400657903e-21,5.4683173161386265e-36,0.3603221338117415,0.6496778661883351,0.0,7.66053886991358e-14
131.5,0.0,3.2168400307650985e-21,4.9852093864499904e-36,0.35957282850848366,0.6504271714915929,0.0,7.66053886991358e-14
131.75,0.0,3.013993292146702e-21,4.545820385629102e-36,0.358825174842728,0.6511748251573486,0.0,7.66053886991358e-14
132.0,0.0,2.824314029795141e-21,4.146100800608194e-36,0.35807916891939057,0.6519208310806861,0.0,7.66053886991358e-14
132.25,0.0,2.646923877784423e-21,3.7823872132193766e-36,0.3573348068532403,0.6526651931468362,0.0,7.66053886991358e-14
132.5,0.0,2.481004571142985e-21,3.45136130975777e-36,0.3565920847688733,0.6534079152312032,0.0,7.66053886991358e-14
132.75,0.0,2.3257937413766226e-21,3.1500170450447177e-36,0.3558509988006857,0.6541490011993908,0.0,7.66053886991358e-14
133.0,0.0,2.1805810081722928e-21,2.8756307283761407e-36,0.3551115450928474,0.6548884549072291,0.0,7.66053886991358e-14
133.25,0.0,2.0447043707485427e-21,2.6257344677251003e-36,0.3543737197992756,0.6556262802008008,0.0,7.638334409421077e-14
133.5,0.0,1.9175468412808173e-21,2.3980918783834402e-36,0.3536375190836088,0.6563624809164678,0.0,7.66053886991358e-14
133.75,0.0,1.7985332627976886e-21,2.1906749613522417e-36,0.35290293911918014,0.6570970608808964,0.0,7.66053886991358e-14
134.0,0.0,1.6871273745108424e-21,2.0016436532922057e-36,0.35216997608899175,0.6578300239110848,0.0,7.66053886991358e-14
134.25,0.0,1.5828292167039573e-21,1.829330174131402e-36,0.35143862618568833,0.6585613738143882,0.0,7.66053886991358e-14
134.5,0.0,1.4851725450966309e-21,1.672221154782946e-36,0.3507088856115314,0.6592911143885452,0.0,7.66053886991358e-14
134.75,0.0,1.3937225050751405e-21,1.5289431795742894e-36,0.3499807505783731,0.6600192494217034,0.0,7.66053886991358e-14
135.0,0.0,1.308073467744304e-21,1.3982496041586197e-36,0.3492542173076304,0.6607457826924461,0.0,7.66053886991358e-14
135.25,0.0,1.2278470292271277e-21,1.2790088209893996e-36,0.3485292820302599,0.6614707179698166,0.0,7.66053886991358e-14
135.5,0.0,1.1526901426313525e-21,1.1701935148918961e-36,0.3478059409867311,0.6621940590133454,0.0,7.66053886991358e-14
135.75,0.0,1.0822733520851714e-21,1.0708704509071121e-36,0.3470841904270019,0.6629158095730746,0.0,7.66053886991358e-14
136.0,0.0,1.0162891618011991e-21,9.801914151540415e-37,0.346364026610492,0.6636359733895845,0.0,7.638334409421077e-14
136.25,0.0,9.544505885183112e-22,8.973861890549016e-37,0.3456454458060582,0.6643545541940182,0.0,7.638334409421077e-14
136.5,0.0,8.964897231527771e-22,8.217546401584312e-37,0.3449284442919687,0.6650715557081077,0.0,7.638334409421077e-14
136.75,0.0,8.4215643333436605e-22,7.526602649877693e-37,0.3442130183558777,0.6657869816441988,0.0,7.66053886991358e-14
137.0,0.0,7.912171550990778e-22,6.895242963092419e-37,0.3434991642948002,0.6665008357052763,0.0,7.66053886991358e-14
137.25,0.0,7.434537742835119e-22,6.318204435200477e-37,0.3427868784150869,0.6672131215849897,0.0,7.66053886991358e-14
137.5,0.0,6.9866258123653715e-22,5.790700720291784e-37,0.34207615703239896,0.6679238429676776,0.0,7.66053886991358e-14
137.75,0.0,6.566532824550441e-22,5.308376273569311e-37,0.341366996471683,0.6686330035283935,0.0,7.66053886991358e-14
138.0,0.0,6.172480865403446e-22,4.8672656420439255e-37,0.34065939306714615,0.6693406069329304,0.0,7.66053886991358e-14
138.25,0.0,5.802808900636755e-22,4.4637615026206224e-37,0.33995334316223114,0.6700466568378454,0.0,7.66053886991358e-14
138.5,0.0,5.455964706542618e-22,4.094579148296393e-37,0.3392488431095914,0.6707511568904851,0.0,7.66053886991358e-14
138.75,0.0,5.130497571434119e-22,3.7567272423260055e-37,0.3385458892710664,0.6714541107290103,0.0,7.66053886991358e-14
139.0,0.0,4.825051492370605e-22,3.4474811037493002e-37,0.33784447801765666,0.6721555219824199,0.0,7.66053886991358e-14
139.25,0.0,4.538358868940574e-22,3.164358801767416e-37,0.3371446057294997,0.6728553942705768,0.0,7.66053886991358e-14
139.5,0.0,4.269234605573075e-22,2.9050992233817893e-37,0.336446268795845,0.6735537312042315,0.0,7.638334409421077e-14
139.75,0.0,4.0165705338014703e-22,2.6676412780815117e-37,0.33574946361502983,0.6742505363850467,0.0,7.66053886991358e-14
140.0,0.0,3.7793302470526905e-22,2.4501053460114804e-37,0.3350541865944543,0.6749458134056223,0.0,7.66053886991358e-14
140.25,0.0,3.5565444845048215e-22,2.250778544656317e-37,0.33436043415055766,0.6756395658495189,0.0,7.66053886991358e-14
140.5,0.0,3.3473065666145716e-22,2.0680985539271847e-37,0.33366820270879366,0.6763317972912829,0.0,7.66053886991358e-14
140.75,0.0,3.150768255765165e-22,1.9006401871462106e-37,0.3329774887036066,0.67702251129647,0.0,7.66053886991358e-14
141.0,0.0,2.9661358942982716e-22,1.7471031123859812e-37,0.3322882885784068,0.6777117114216697,0.0,7.66053886991358e-14
141.25,0.0,2.7926668202645986e-22,1.6063008375007012e-37,0.3316005987855468,0.6783994012145297,0.0,7.66053886991358e-14
141.5,0.0,2.6296660126584367e-22,1.477150594127077e-37,0.3309144157862975,0.6790855842137791,0.0,7.66053886991358e-14
141.75,0.0,2.4764829178761206e-22,1.3586637556643557e-37,0.3302297360508239,0.6797702639492527,0.0,7.66053886991358e-14
142.0,0.0,2.332508507054896e-22,1.2499372660859248e-37,0.3295465560581612,0.6804534439419153,0.0,7.66053886991358e-14
142.25,0.0,2.197172637744531e-22,1.1501467597361335e-37,0.32886487229619155,0.681135127703885,0.0,7.66053886991358e-14
142.5,0.0,2.0699414507747527e-22,1.0585390911128465e-37,0.3281846812616197,0.6818153187384569,0.0,7.66053886991358e-14
142.75,0.0,1.9503150036693277e-22,9.744260851023592e-38,0.32750597945994947,0.682494020540127,0.0,7.638334409421077e-14
143.0,0.0,1.8378250606551235e-22,8.971788168051124e-38,0.3268287634054607,0.6831712365946159,0.0,7.66053886991358e-14
143.25,0.0,1.7320330391069142e-22,8.262224677302164e-38,0.3261530296211848,0.6838469703788917,0.0,7.66053886991358e-14
143.5,0.0,1.6325280859311131e-22,7.610315969691961e-38,0.325478774638882,0.6845212253611946,0.0,7.66053886991358e-14
143.75,0.0,1.5389252573779137e-22,7.011256658429029e-38,0.3248059949990177,0.6851940050010589,0.0,7.66053886991358e-14
144.0,0.0,1.4508638291274928e-22,6.460650243015252e-38,0.3241346872507391,0.6858653127493374,0.0,7.638334409421077e-14
144.25,0.0,1.3680057764787275e-22,5.954476567644718e-38,0.3234648479518522,0.6865351520482244,0.0,7.66053886991358e-14
144.5,0.0,1.2900342778273734e-22,5.48905684747921e-38,0.32279647366879827,0.6872035263312783,0.0,7.66053886991358e-14
144.75,0.0,1.2166523508709643e-22,5.061024196822602e-38,0.3221295609766306,0.6878704390234459,0.0,7.66053886991358e-14
145.0,0.0,1.1475815779159485e-22,4.667296626652619e-38,0.3214641064589921,0.6885358935410845,0.0,7.66053886991358e-14
145.25,0.0,1.0825609200109432e-22,4.305052706470552e-38,0.3208001067080916,0.6891998932919849,0.0,7.66053886991358e-14
145.5,0.0,1.0213456052327181e-22,3.9717091666743735e-38,0.3201375583246814,0.6898624416753952,0.0,7.66053886991358e-14
145.75,0.0,9.637060764440677e-23,3.6648997171487417e-38,0.3194764579180338,0.6905235420820427,0.0,7.66053886991358e-14
146.0,0.0,9.094270131492817e-23,3.382456003783016e-38,0.31881680210591923,0.6911831978941573,0.0,7.66053886991358e-14
146.25,0.0,8.583064492129271e-23,3.1223920230834183e-38,0.31815858751458254,0.691841412485494,0.0,7.66053886991358e-14
146.5,0.0,8.101549057144799e-23,2.8828875285235797e-38,0.3175018107787208,0.6924981892213558,0.0,7.66053886991358e-14
146.75,0.0,7.64794598891741e-23,2.662273951896449e-38,0.3168464685414608,0.6931535314586157,0.0,7.66053886991358e-14
147.0,0.0,7.220586991770165e-23,2.4590214905813715e-38,0.3161925574543361,0.6938074425457404,0.0,7.66053886991358e-14
147.25,0.0,6.817906410681325e-23,2.271727442712038e-38,0.31554007417726493,0.6944599258228116,0.0,7.66053886991358e-14
147.5,0.0,6.438434756437402e-23,2.099105461342858e-38,0.3148890153785276,0.695110984621549,0.0,7.66053886991358e-14
147.75,0.0,6.080792575282689e-23,1.9399753984833168e-38,0.3142393777347439,0.6957606222653326,0.0,7.66053886991358e-14
148.0,0.0,5.743684743352073e-23,1.7932541521506074e-38,0.3135911579308514,0.6964088420692252,0.0,7.66053886991358e-14
148.25,0.0,5.4258953057501e-23,1.6579481094990105e-38,0.31294435266008264,0.6970556473399939,0.0,7.66053886991358e-14
148.5,0.0,5.126282412885986e-23,1.5331451703554506e-38,0.3122989586239432,0.6977010413761333,0.0,7.66053886991358e-14
148.75,0.0,4.8437736850673147e-23,1.4180079361640488e-38,0.3116549725321896,0.698345027467887,0.0,7.66053886991358e-14
149.0,0.0,4.577361872307609e-23,1.311767456237692e-38,0.3110123911028072,0.6989876088972693,0.0,7.66053886991358e-14
149.25,0.0,4.326100807318764e-23,1.2137175660717662e-38,0.31037121106198834,0.6996287889380882,0.0,7.66053886991358e-14
149.5,0.0,4.089101605611208e-23,1.123209666322455e-38,0.30973142914411017,0.7002685708559664,0.0,7.66053886991358e-14
149.75,0.0,3.865529066601902e-23,1.0396477909491227e-38,0.309093042091713,0.7009069579083635,0.0,7.66053886991358e-14
150.0,0.0,3.6545983201314647e-23,9.624841520510348e-39,0.3084560466554785,0.701543953344598,0.0,7.638334409421077e-14
150.25,0.0,3.455571784898071e-23,8.912154312046557e-39,0.30782043959420785,0.7021795604058686,0.0,7.638334409421077e-14
150.5,0.0,3.267756188943379e-23,8.253788959256362e-39,0.30718621767480014,0.7028137823252764,0.0,7.66053886991358e-14
150.75,0.0,3.090499836340766e-23,7.645490634186419e-39,0.30655337767223073,0.7034466223278458,0.0,7.66053886991358e-14
151.0,0.0,2.923190045740837e-23,7.083346339597653e-39,0.30592191636952965,0.7040780836305469,0.0,7.66053886991358e-14
151.25,0.0,2.765250759299646e-23,6.563757087479323e-39,0.3052918305577602,0.7047081694423163,0.0,7.66053886991358e-14
151.5,0.0,2.6161402958683165e-23,6.08341221648558e-39,0.30466311703599763,0.7053368829640789,0.0,7.66053886991358e-14
151.75,0.0,2.475349222310079e-23,5.6392651420569845e-39,0.3040357726113074,0.7059642273887692,0.0,7.66053886991358e-14
152.0,0.0,2.3423983676796636e-23,5.2285114009567905e-39,0.303409794098724,0.7065902059013525,0.0,7.638334409421077e-14
152.25,0.0,2.2168370174422224e-23,4.848570232961531e-39,0.3027851783212302,0.7072148216788463,0.0,7.66053886991358e-14
152.5,0.0,2.0982411471198176e-23,4.497065434937341e-39,0.302161922109735,0.7078380778903415,0.0,7.66053886991358e-14
152.75,0.0,1.9862117985887399e-23,4.171808818882937e-39,0.30154002230305327,0.7084599776970232,0.0,7.638334409421077e-14
153.0,0.0,1.880373557163016e-23,3.870784990073407e-39,0.3009194757478842,0.7090805242521923,0.0,7.638334409421077e-14
153.25,0.0,1.780373128438436e-23,3.5921375090017255e-39,0.30030027929879044,0.7096997207012861,0.0,7.66053886991358e-14
153.5,0.0,1.6858779999764596e-23,3.3341561040078344e-39,0.2996824298181772,0.7103175701818993,0.0,7.66053886991358e-14
153.75,0.0,1.596575172900258e-23,3.095264601267558e-39,0.29906592417627126,0.7109340758238053,0.0,7.66053886991358e-14
154.0,0.0,1.5121699772810423e-23,2.874009972912205e-39,0.2984507592511002,0.7115492407489763,0.0,7.66053886991358e-14
154.25,0.0,1.4323849922482235e-23,2.6690530826704205e-39,0.29783693192847155,0.7121630680716049,0.0,7.638334409421077e-14
154.5,0.0,1.3569589911001917e-23,2.4791591306064445e-39,0.29722443910195234,0.7127755608981242,0.0,7.66053886991358e-14
154.75,0.0,1.2856459697055194e-23,2.3031893528017804e-39,0.2966132776728479,0.7133867223272287,0.0,7.66053886991358e-14
155.0,0.0,1.2182142344409171e-23,2.140093374929132e-39,0.2960034445501818,0.7139965554498947,0.0,7.66053886991358e-14
155.25,0.0,1.1544455489711759e-23,1.9889022471796144e-39,0.295394936650675,0.7146050633494014,0.0,7.638334409421077e-14
155.5,0.0,1.0941343312847308e-23,1.848722001398228e-39,0.2947877508987256,0.7152122491013508,0.0,7.638334409421077e-14
155.75,0.0,1.0370868923944369e-23,1.7187275711806763e-39,0.29418188422638814,0.7158181157736884,0.0,7.66053886991358e-14
156.0,0.0,9.831207245450795e-24,1.598157263529495e-39,0.29357733357335336,0.7164226664267231,0.0,7.66053886991358e-14
156.25,0.0,9.320638507993866e-24,1.486308055420526e-39,0.29297409588692785,0.7170259041131487,0.0,7.66053886991358e-14
156.5,0.0,8.83754190468093e-24,1.382530767495533e-39,0.292372168122014,0.7176278318780626,0.0,7.66053886991358e-14
156.75,0.0,8.380389735402137e-24,1.2862258502052083e-39,0.29177154724108945,0.7182284527589872,0.0,7.66053886991358e-14
157.0,0.0,7.947741905350556e-24,1.1968394975780882e-39,0.2911722302141872,0.7188277697858895,0.0,7.66053886991358e-14
157.25,0.0,7.538240773132179e-24,1.1138601004806333e-39,0.2905742140188754,0.7194257859812012,0.0,7.66053886991358e-14
157.5,0.0,7.15060629869088e-24,1.036814962424516e-39,0.28997749564023756,0.720022504359839,0.0,7.66053886991358e-14
157.75,0.0,6.783631441250252e-24,9.652672009288496e-40,0.2893820720708521,0.7206179279292244,0.0,7.66053886991358e-14
158.0,0.0,6.4361778518851555e-24,8.988129242188055e-40,0.2887879403107731,0.7212120596893035,0.0,7.66053886991358e-14
158.25,0.0,6.107171928524538e-24,8.370788137335773e-40,0.2881950973675097,0.7218049026325669,0.0,7.66053886991358e-14
158.5,0.0,5.7956009714245166e-24,7.797196576054741e-40,0.2876035402560069,0.7223964597440697,0.0,7.66053886991358e-14
158.75,0.0,5.500509629061941e-24,7.264161867374592e-40,0.28701326599862537,0.7229867340014513,0.0,7.66053886991358e-14
159.0,0.0,5.220996556257515e-24,6.768730768901658e-40,0.2864242716251221,0.7235757283749544,0.0,7.66053886991358e-14
159.25,0.0,4.9562112814795695e-24,6.308171219034257e-40,0.2858365541726307,0.7241634458274459,0.0,7.66053886991358e-14
159.5,0.0,4.705351254265466e-24,5.879955404138369e-40,0.2852501106856416,0.724749889314435,0.0,7.66053886991358e-14
159.75,0.0,4.467659043684366e-24,5.4817437840672315e-40,0.28466493821598265,0.7253350617840939,0.0,7.66053886991358e-14
160.0,0.0,4.242419713394886e-24,5.111370508279604e-40,0.28408103382279976,0.7259189661772768,0.0,7.66053886991358e-14
160.25,0.0,4.028958412288574e-24,4.766830852451929e-40,0.28349839457253734,0.7265016054275393,0.0,7.66053886991358e-14
160.5,0.0,3.826638028935857e-24,4.446268467427723e-40,0.28291701753891885,0.7270829824611577,0.0,7.66053886991358e-14
160.75,0.0,3.634857019423734e-24,4.147964141395153e-40,0.2823368998029279,0.7276631001971486,0.0,7.66053886991358e-14
161.0,0.0,3.453047363233114e-24,3.870325412577622e-40,0.2817580384527884,0.7282419615472882,0.0,7.66053886991358e-14
161.25,0.0,3.2806726451608056e-24,3.611877054490893e-40,0.28118043058394593,0.7288195694161306,0.0,7.66053886991358e-14
161.5,0.0,3.1172262461958878e-24,3.3712522475291846e-40,0.2806040732990482,0.7293959267010284,0.0,7.66053886991358e-14
161.75,0.0,2.9622296262525162e-24,3.147184250530229e-40,0.280028963707926,0.7299710362921505,0.0,7.66053886991358e-14
162.0,0.0,2.8152307134931185e-24,2.938498782742287e-40,0.2794550989275745,0.730544901072502,0.0,7.66053886991358e-14
162.25,0.0,2.675802422817222e-24,2.7441074237058035e-40,0.2788824760821338,0.7311175239179427,0.0,7.66053886991358e-14
162.5,0.0,2.543541214952924e-24,2.5630009467987423e-40,0.2783110923028703,0.7316889076972062,0.0,7.66053886991358e-14
162.75,0.0,2.4180657598155475e-24,2.3942434185178012e-40,0.27774094472815775,0.7322590552719188,0.0,7.66053886991358e-14
163.0,0.0,2.2990156776409038e-24,2.23696673824811e-40,0.27717203050345834,0.7328279694966182,0.0,7.66053886991358e-14
163.25,0.0,2.1860503565932444e-24,2.090365627929132e-40,0.276604346781304,0.7333956532187725,0.0,7.66053886991358e-14
163.5,0.0,2.078847836727745e-24,1.953692978423569e-40,0.2760378907212777,0.7339621092787988,0.0,7.66053886991358e-14
163.75,0.0,1.9771037501829117e-24,1.8262554593408644e-40,0.27547265948999494,0.7345273405100816,0.0,7.66053886991358e-14
164.0,0.0,1.8805303261537318e-24,1.7074094958642229e-40,0.27490865026108446,0.735091349738992,0.0,7.66053886991358e-14
164.25,0.0,1.7888554738037202e-24,1.596557764358005e-40,0.27434586021517054,0.7356541397849059,0.0,7.638334409421077e-14
164.5,0.0,1.7018218910836314e-24,1.4931456684107784e-40,0.27378428653985404,0.7362157134602224,0.0,7.638334409421077e-14
164.75,0.0,1.6191862366941966e-24,1.3966582068794617e-40,0.273223926429694,0.7367760735703824,0.0,7.638334409421077e-14
165.0,0.0,1.540718349608543e-24,1.3066170725057044e-40,0.2726647770861892,0.7373352229138873,0.0,7.66053886991358e-14
165.25,0.0,1.4662005153091736e-24,1.222577985053442e-40,0.2721068357177599,0.7378931642823167,0.0,7.66053886991358e-14
165.5,0.0,1.3954267727054939e-24,1.1441282118168446e-40,0.27155009953972914,0.7384499004603473,0.0,7.638334409421077e-14
165.75,0.0,1.328202255695251e-24,1.070884228320497e-40,0.2709945657743055,0.739005434225771,0.0,7.66053886991358e-14
166.0,0.0,1.264342574364043e-24,1.0024895707106056e-40,0.2704402316505635,0.739559768349513,0.0,7.66053886991358e-14
166.25,0.0,1.203673243542575e-24,9.38612955555183e-41,0.2698870944044267,0.7401129055956499,0.0,7.66053886991358e-14
166.5,0.0,1.1460291279439334e-24,8.789463968269405e-41,0.26933515127864865,0.7406648487214279,0.0,7.66053886991358e-14
166.75,0.0,1.0912539258070367e-24,8.23203525854397e-41,0.26878439952279554,0.741215600477281,0.0,7.66053886991358e-14
167.0,0.0,1.0391996818153879e-24,7.711180332317338e-41,0.26823483639322776,0.7417651636068487,0.0,7.66053886991358e-14
167.25,0.0,9.897263287421545e-25,7.224422342986246e-41,0.2676864591530822,0.7423135408469943,0.0,7.66053886991358e-14
167.5,0.0,9.42701254199472e-25,6.769457340749378e-41,0.26713926507225416,0.7428607349278222,0.0,7.638334409421077e-14
167.75,0.0,8.979988888683216e-25,6.344141675214741e-41,0.26659325142737966,0.7434067485726968,0.0,7.66053886991358e-14
168.0,0.0,8.555003191441139e-25,5.946480410058905e-41,0.26604841550181746,0.743951584498259,0.0,7.66053886991358e-14
168.25,0.0,8.15092928756193e-25,5.57461713146036e-41,0.2655047545856315,0.7444952454144449,0.0,7.638334409421077e-14
168.5,0.0,7.7667005103399055e-25,5.226823779302599e-41,0.2649622659755732,0.7450377340245032,0.0,7.638334409421077e-14
168.75,0.0,7.401306448155646e-25,4.901491541055745e-41,0.26442094697506346,0.745579053025013,0.0,7.66053886991358e-14
169.0,0.0,7.053789884937326e-25,4.597122397389156e-41,0.2638807948941756,0.7461192051059008,0.0,7.638334409421077e-14
169.25,0.0,6.723243918431031e-25,4.3123213257633707e-41,0.2633418070496175,0.746658192950459,0.0,7.66053886991358e-14
169.5,0.0,6.408809234392252e-25,4.045789037350676e-41,0.2628039807647139,0.7471960192353625,0.0,7.638334409421077e-14
169.75,0.0,6.109671514801478e-25,3.796315122563939e-41,0.2622673133693895,0.7477326866306869,0.0,7.638334409421077e-14
170.0,0.0,5.825058997459862e-25,3.5627717365673284e-41,0.2617318022001509,0.7482681977999255,0.0,7.638334409421077e-14
170.25,0.0,5.554240214050113e-25,3.3441080191966093e-41,0.2611974446000699,0.7488025554000065,0.0,7.638334409421077e-14
170.5,0.0,5.29652179681021e-25,3.139344546371944e-41,0.2606642379187656,0.7493357620813108,0.0,7.638334409421077e-14
170.75,0.0,5.051246431345686e-25,2.947568343996389e-41,0.26013217951238754,0.749867820487689,0.0,7.66053886991358e-14
171.0,0.0,4.817790922533128e-25,2.7679282536501163e-41,0.2596012667435983,0.7503987332564781,0.0,7.638334409421077e-14
171.25,0.0,4.595564371194898e-25,2.599630652273169e-41,0.2590714969815564,0.75092850301852,0.0,7.638334409421077e-14
171.5,0.0,4.384006448231662e-25,2.4419354607312505e-41,0.2585428676018992,0.7514571323981772,0.0,7.638334409421077e-14
171.75,0.0,4.182585752893871e-25,2.2941523761233504e-41,0.2580153759867258,0.7519846240133506,0.0,7.638334409421077e-14
172.0,0.0,3.990798265516721e-25,2.1556373951872894e-41,0.25748901952458,0.7525109804754965,0.0,7.638334409421077e-14
172.25,0.0,3.8081659109128407e-25,2.025789728835256e-41,0.2569637956104333,0.7530362043896431,0.0,7.638334409421077e-14
172.5,0.0,3.6342351661512034e-25,1.904048743707324e-41,0.2564397016456681,0.7535602983544083,0.0,7.638334409421077e-14
172.75,0.0,3.468575759264962e-25,1.7898912046519831e-41,0.2559167350380608,0.7540832649620157,0.0,7.66053886991358e-14
173.0,0.0,3.310779438917898e-25,1.6828287089844057e-41,0.2553948932017648,0.7546051067983117,0.0,7.66053886991358e-14
173.25,0.0,3.16045881351791e-25,1.5824053131225235e-41,0.2548741735572938,0.7551258264427827,0.0,7.66053886991358e-14
173.5,0.0,3.017246251627295e-25,1.488195317247349e-41,0.2543545735315053,0.7556454264685711,0.0,7.638334409421077e-14
173.75,0.0,2.8807928355162406e-25,1.3998011736155304e-41,0.2538360905575835,0.756163909442493,0.0,7.66053886991358e-14
174.0,0.0,2.7507673740374285e-25,1.3168515533950236e-41,0.25331872207502293,0.7566812779250536,0.0,7.66053886991358e-14
174.25,0.0,2.6268554845633913e-25,1.238999623999654e-41,0.2528024655296118,0.7571975344704647,0.0,7.638334409421077e-14
174.5,0.0,2.508758703751584e-25,1.165921346400551e-41,0.2522873183734154,0.757712681626661,0.0,7.638334409421077e-14
174.75,0.0,2.3961936552543294e-25,1.0973139351262355e-41,0.2517732780647596,0.7582267219353169,0.0,7.66053886991358e-14
175.0,0.0,2.2888912622274077e-25,1.0328944238256076e-41,0.2512603420682145,0.758739657931862,0.0,7.66053886991358e-14
175.25,0.0,2.1865960036502976e-25,9.723983364208948e-42,0.2507485078545778,0.7592514921454987,0.0,7.66053886991358e-14
175.5,0.0,2.089065209436867e-25,9.155784455412546e-42,0.2502377729008588,0.7597622270992177,0.0,7.66053886991358e-14
175.75,0.0,1.9960683893132826e-25,8.622035999180544e-42,0.2497281346902615,0.7602718653098149,0.0,7.638334409421077e-14
176.0,0.0,1.907386599181088e-25,8.120576389671513e-42,0.24921959071216895,0.7607804092879076,0.0,7.66053886991358e-14
176.25,0.0,1.822811850860669e-25,7.649384218262915e-42,0.2487121384621266,0.7612878615379499,0.0,7.66053886991358e-14
176.5,0.0,1.7421465406341295e-25,7.206568701660283e-42,0.2482057754418263,0.7617942245582503,0.0,7.66053886991358e-14
176.75,0.0,1.6652029136783238e-25,6.790360998609666e-42,0.24770049915908998,0.7622995008409865,0.0,7.66053886991358e-14
177.0,0.0,1.5918025569533422e-25,6.399106113222468e-42,0.24719630712785393,0.7628036928722226,0.0,7.66053886991358e-14
177.25,0.0,1.5217759199003254e-25,6.03125538350418e-42,0.24669319686815228,0.7633068031319243,0.0,7.66053886991358e-14
177.5,0.0,1.4549618598357708e-25,5.685359456541612e-42,0.24619116590610124,0.7638088340939754,0.0,7.66053886991358e-14
177.75,0.0,1.3912072089282616e-25,5.360061651752247e-42,0.24569021177388312,0.7643097882261934,0.0,7.66053886991358e-14
178.0,0.0,1.33036636500774e-25,5.05409180833991e-42,0.24519033200973056,0.764809667990346,0.0,7.66053886991358e-14
178.25,0.0,1.2723009097958407e-25,4.766260761372727e-42,0.24469152415791035,0.7653084758421662,0.0,7.66053886991358e-14
178.5,0.0,1.2168792394471753e-25,4.495454909245155e-42,0.24419378576870765,0.765806214231369,0.0,7.66053886991358e-14
178.75,0.0,1.1639762178529914e-25,4.2406312713959895e-42,0.24369711439841046,0.766302885601666,0.0,7.66053886991358e-14
179.0,0.0,1.1134728481278162e-25,4.000812875060412e-42,0.24320150760929377,0.7667984923907828,0.0,7.66053886991358e-14
179.25,0.0,1.0652559618548817e-25,3.7750844694572654e-42,0.24270696296960362,0.7672930370304729,0.0,7.66053886991358e-14
179.5,0.0,1.0192179241486642e-25,3.5625885138586213e-42,0.2422134780535418,0.7677865219465346,0.0,7.638334409421077e-14
179.75,0.0,9.752563525921316e-26,3.362521385961495e-42,0.24172105044125008,0.7682789495588265,0.0,7.66053886991358e-14
180.0,0.0,9.33273851417973e-26,3.174129861743788e-42,0.2412296777187945,0.768770322281282,0.0,7.638334409421077e-14
180.25,0.0,8.931777631308189e-26,2.996707944000749e-42,0.24073935747815017,0.7692606425219263,0.0,7.638334409421077e-14
180.5,0.0,8.548799282257033e-26,2.8295937501511223e-42,0.24025008731718547,0.7697499126828911,0.0,7.66053886991358e-14
180.75,0.0,8.18296459432181e-26,2.6721666732013912e-42,0.23976186483964684,0.7702381351604296,0.0,7.638334409421077e-14
181.0,0.0,7.83347527645973e-26,2.5238447289633807e-42,0.23927468765514326,0.7707253123449332,0.0,7.66053886991358e-14
181.25,0.0,7.49957159268752e-26,2.3840820881969467e-42,0.23878855337913088,0.7712114466209455,0.0,7.638334409421077e-14
181.5,0.0,7.180530437375935e-26,2.252366764298951e-42,0.23830345963289795,0.7716965403671785,0.0,7.638334409421077e-14
181.75,0.0,6.875663500251541e-26,2.1282184271450854e-42,0.23781940404354915,0.7721805959565273,0.0,7.638334409421077e-14
182.0,0.0,6.584315529483174e-26,2.0111863705743713e-42,0.23733638424399076,0.7726636157560857,0.0,7.638334409421077e-14
182.25,0.0,6.305862706380078e-26,1.9008476751567826e-42,0.23685439787291518,0.7731456021271613,0.0,7.66053886991358e-14
182.5,0.0,6.039711073564043e-26,1.7968054088767197e-42,0.23637344257478599,0.7736265574252904,0.0,7.638334409421077e-14
182.75,0.0,5.785295056399308e-26,1.6986869814885077e-42,0.23589351599982275,0.7741064840002537,0.0,7.638334409421077e-14
183.0,0.0,5.542076059983404e-26,1.606142605253531e-42,0.23541461580398593,0.7745853841960905,0.0,7.638334409421077e-14
183.25,0.0,5.309541139852702e-26,1.5188438610769147e-42,0.23493673964896208,0.7750632603511143,0.0,7.638334409421077e-14
183.5,0.0,5.0872017387105556e-26,1.4364823537766344e-42,0.23445988520214853,0.7755401147979278,0.0,7.638334409421077e-14
183.75,0.0,4.874592481483031e-26,1.3587684402099813e-42,0.23398405013663878,0.7760159498634376,0.0,7.638334409421077e-14
184.0,0.0,4.6712700338545996e-26,1.285430045150949e-42,0.23350923213120742,0.776490767868869,0.0,7.638334409421077e-14
184.25,0.0,4.476812032658657e-26,1.2162115875801325e-42,0.23303542887029532,0.7769645711297811,0.0,7.638334409421077e-14
184.5,0.0,4.290816051740027e-26,1.150872931031969e-42,0.23256263804399485,0.7774373619560815,0.0,7.638334409421077e-14
184.75,0.0,4.1128986280486473e-26,1.0891884212150764e-42,0.23209085734803514,0.7779091426520413,0.0,7.638334409421077e-14
185.0,0.0,3.942694336863533e-26,1.030945984931855e-42,0.23162008448376728,0.7783799155163091,0.0,7.638334409421077e-14
185.25,0.0,3.779854914922753e-26,9.759462896125389e-43,0.23115031715814965,0.7788496828419267,0.0,7.638334409421077e-14
185.5,0.0,3.624048426574904e-26,9.240019543742587e-43,0.23068155308373336,0.7793184469163429,0.0,7.616129948928574e-14
185.75,0.0,3.474958468065777e-26,8.749368035113063e-43,0.2302137899786477,0.7797862100214287,0.0,7.638334409421077e-14
186.0,0.0,3.3322834131453266e-26,8.285851705545107e-43,0.2297470255665851,0.7802529744334913,0.0,7.638334409421077e-14
186.25,0.0,3.195735705208313e-26,7.847912653403178e-43,0.2292812575767873,0.780718742423289,0.0,7.616129948928574e-14
186.5,0.0,3.065041173068116e-26,7.43408556274949e-43,0.22881648374403052,0.7811835162560458,0.0,7.616129948928574e-14
186.75,0.0,2.9399383858598e-26,7.042992026236422e-43,0.22835270180861092,0.7816472981914654,0.0,7.638334409421077e-14
187.0,0.0,2.820178040067906e-26,6.6733352242842794e-43,0.22788990951633029,0.782110090483746,0.0,7.638334409421077e-14
187.25,0.0,2.7055223778641675e-26,6.323894955926248e-43,0.22742810461848187,0.7825718953815944,0.0,7.638334409421077e-14
187.5,0.0,2.595744633635531e-26,5.99352297007691e-43,0.2269672848718358,0.7830327151282406,0.0,7.638334409421077e-14
187.75,0.0,2.490628505581731e-26,5.681138545956594e-43,0.22650744803862485,0.7834925519614514,0.0,7.616129948928574e-14
188.0,0.0,2.3899676543612583e-26,5.385724367507861e-43,0.22604859188653037,0.7839514081135459,0.0,7.616129948928574e-14
188.25,0.0,2.2935652320484122e-26,5.106322760683341e-43,0.22559071418866783,0.7844092858114085,0.0,7.616129948928574e-14
188.5,0.0,2.201233426904938e-26,4.842032026515177e-43,0.2251338127235729,0.7848661872765034,0.0,7.616129948928574e-14
188.75,0.0,2.1127930337188683e-26,4.592003063542546e-43,0.22467788527518706,0.7853221147248892,0.0,7.616129948928574e-14
189.0,0.0,2.0280730452650715e-26,4.35543619908434e-43,0.22422292963284382,0.7857770703672324,0.0,7.616129948928574e-14
189.25,0.0,1.9469102643432136e-26,4.1315782263050605e-43,0.2237689435912545,0.7862310564088218,0.0,7.638334409421077e-14
189.5,0.0,1.8691489343893583e-26,3.919719617930164e-43,0.223315924950494,0.7866840750495823,0.0,7.616129948928574e-14
189.75,0.0,1.7946403866566975e-26,3.719191887453687e-43,0.22286387151598733,0.7871361284840889,0.0,7.616129948928574e-14
190.0,0.0,1.7232427052008368e-26,3.529365122742e-43,0.22241278109849538,0.7875872189015809,0.0,7.616129948928574e-14
190.25,0.0,1.654820411722228e-26,3.3496457304888135e-43,0.22196265151410097,0.7880373484859753,0.0,7.616129948928574e-14
190.5,0.0,1.5892441610376417e-26,3.1794742410322825e-43,0.22151348058419518,0.7884865194158811,0.0,7.616129948928574e-14
190.75,0.0,1.5263904533522408e-26,3.0183232820388727e-43,0.22106526613546337,0.7889347338646129,0.0,7.616129948928574e-14
191.0,0.0,1.466141360494703e-26,2.86569567562993e-43,0.22061800599987152,0.7893819940002047,0.0,7.616129948928574e-14
191.25,0.0,1.408384265750419e-26,2.721122656959103e-43,0.22017169801465242,0.7898283019854239,0.0,7.616129948928574e-14
191.5,0.0,1.3530116159984822e-26,2.5841621975227145e-43,0.21972634002229205,0.7902736599777842,0.0,7.616129948928574e-14
191.75,0.0,1.2999206848577486e-26,2.454397416477586e-43,0.2192819298705159,0.7907180701295604,0.0,7.638334409421077e-14
192.0,0.0,1.2490133476168901e-26,2.331435093908788e-43,0.2188384654122751,0.7911615345878011,0.0,7.616129948928574e-14
192.25,0.0,1.2001958692464213e-26,2.2149043076926033e-43,0.21839594450573332,0.7916040554943429,0.0,7.616129948928574e-14
192.5,0.0,1.153378699585835e-26,2.104455108441386e-43,0.21795436501425275,0.7920456349858235,0.0,7.616129948928574e-14
192.75,0.0,1.1084762796323342e-26,1.999757293859678e-43,0.21751372480638081,0.7924862751936954,0.0,7.616129948928574e-14
193.0,0.0,1.0654068571097312e-26,1.90049925666223e-43,0.2170740217558368,0.7929259782442395,0.0,7.616129948928574e-14
193.25,0.0,1.0240923110718379e-26,1.806386904763859e-43,0.216635253741498,0.7933647462585782,0.0,7.616129948928574e-14
193.5,0.0,9.844579846997325e-27,1.7171426440699149e-43,0.21619741864738687,0.7938025813526894,0.0,7.638334409421077e-14
193.75,0.0,9.464325254519988e-27,1.6325044141918539e-43,0.2157605143626572,0.7942394856374191,0.0,7.616129948928574e-14
194.0,0.0,9.099477330562755e-27,1.5522247849541775e-43,0.21532453878158106,0.7946754612184952,0.0,7.616129948928574e-14
194.25,0.0,8.749384161670252e-27,1.4760701259739063e-43,0.2148894898035354,0.7951105101965409,0.0,7.616129948928574e-14
194.5,0.0,8.41342253888019e-27,1.403819800315172e-43,0.2144553653329888,0.7955446346670875,0.0,7.616129948928574e-14
194.75,0.0,8.090996646708818e-27,1.3352654171684528e-43,0.21402216327948825,0.795977836720588,0.0,7.616129948928574e-14
195.0,0.0,7.7815368141403e-27,1.270210128719458e-43,0.21358988155764608,0.7964101184424301,0.0,7.616129948928574e-14
195.25,0.0,7.484498325959824e-27,1.2084679703757279e-43,0.21315851808712669,0.7968414819129496,0.0,7.616129948928574e-14
195.5,0.0,7.199360288941075e-27,1.1498632387097252e-43,0.21272807079263328,0.7972719292074429,0.0,7.616129948928574e-14
195.75,0.0,6.925624547396907e-27,1.0942299014747317e-43,0.2122985376038953,0.7977014623961809,0.0,7.616129948928574e-14
196.0,0.0,6.662814651184285e-27,1.0414110441652287e-43,0.21186991645565484,0.7981300835444214,0.0,7.616129948928574e-14
196.25,0.0,6.410474881432059e-27,9.912583601445577e-44,0.21144220528765395,0.7985577947124223,0.0,7.616129948928574e-14
196.5,0.0,6.168169309394973e-27,9.436316560353573e-44,0.21101540204462169,0.7989845979554545,0.0,7.616129948928574e-14
196.75,0.0,5.9354809045800275e-27,8.98398392449704e-44,0.21058950467626092,0.7994104953238154,0.0,7.616129948928574e-14
197.0,0.0,5.7120106845150746e-27,8.554332514741151e-44,0.21016451113723575,0.7998354888628405,0.0,7.616129948928574e-14
197.25,0.0,5.497376905033344e-27,8.146177303740339e-44,0.20974041938715848,0.8002595806129178,0.0,7.616129948928574e-14
197.5,0.0,5.291214287470091e-27,7.758397582004383e-44,0.20931722739057684,0.8006827726094994,0.0,7.616129948928574e-14
197.75,0.0,5.0931732791663525e-27,7.389933319797944e-44,0.2088949331169612,0.8011050668831151,0.0,7.638334409421077e-14
198.0,0.0,4.902919349244928e-27,7.039781750480912e-44,0.2084735345406917,0.8015264654593846,0.0,7.616129948928574e-14
198.25,0.0,4.72013232303978e-27,6.706994215756566e-44,0.20805302964104586,0.8019469703590304,0.0,7.616129948928574e-14
198.5,0.0,4.544505739180431e-27,6.390673108006105e-44,0.20763341640218552,0.8023665835978907,0.0,7.616129948928574e-14
198.75,0.0,4.3757462397652636e-27,6.089969025952623e-44,0.20721469281314436,0.8027853071869319,0.0,7.616129948928574e-14
199.0,0.0,4.213572988645119e-27,5.804078093568438e-44,0.20679685686781532,0.8032031431322609,0.0,7.616129948928574e-14
199.25,0.0,4.0577171170500385e-27,5.532239438781822e-44,0.206379906564938,0.8036200934351383,0.0,7.616129948928574e-14
199.5,0.0,3.907921194180762e-27,5.273732812319068e-44,0.2059638399080861,0.8040361600919902,0.0,7.616129948928574e-14
199.75,0.0,3.763938720385782e-27,5.027876327009647e-44,0.2055486549056548,0.8044513450944214,0.0,7.616129948928574e-14
200.0,0.0,3.6255336441785034e-27,4.794024332324094e-44,0.20513434957084856,0.8048656504292276,0.0,7.616129948928574e-14
200.25,0.0,3.492479905274721e-27,4.571565447637898e-44,0.20472092192166846,0.8052790780784077,0.0,7.616129948928574e-14
200.5,0.0,3.36456099319053e-27,4.359920657486336e-44,0.20430836998089988,0.8056916300191763,0.0,7.616129948928574e-14
200.75,0.0,3.241569528177197e-27,4.15854153663461e-44,0.2038966917761,0.8061033082239762,0.0,7.616129948928574e-14
201.0,0.0,3.1233068612272406e-27,3.966908575506877e-44,0.2034858853395857,0.8065141146604905,0.0,7.616129948928574e-14
201.25,0.0,3.009582692627128e-27,3.784529603757045e-44,0.20307594870842105,0.8069240512916552,0.0,7.616129948928574e-14
201.5,0.0,2.900214707478785e-27,3.6109383002337017e-44,0.2026668799244051,0.8073331200756712,0.0,7.616129948928574e-14
201.75,0.0,2.7950282266115824e-27,3.445692777586726e-44,0.2022586770340597,0.8077413229660165,0.0,7.616129948928574e-14
202.0,0.0,2.6938558736889414e-27,3.2883742500940343e-44,0.20185133808861727,0.808148661911459,0.0,7.616129948928574e-14
202.25,0.0,2.5965372599219174e-27,3.1385857984477087e-44,0.20144486114400859,0.8085551388560677,0.0,7.616129948928574e-14
202.5,0.0,2.5029186795160443e-27,2.9959511742857263e-44,0.20103924426085068,0.8089607557392255,0.0,7.616129948928574e-14
202.75,0.0,2.4128528202744205e-27,2.86011368434285e-44,0.20063448550443466,0.8093655144956415,0.0,7.616129948928574e-14
203.0,0.0,2.3261984872036186e-27,2.73073513676029e-44,0.200230582944714,0.8097694170553622,0.0,7.616129948928574e-14
203.25,0.0,2.2428203387622952e-27,2.607494848124342e-44,0.19982753465629183,0.8101724653437844,0.0,7.616129948928574e-14
203.5,0.0,2.162588634700443e-27,2.4900887041616985e-44,0.19942533871840948,0.8105746612816667,0.0,7.616129948928574e-14
203.75,0.0,2.0853789944368725e-27,2.3782282670162636e-44,0.19902399321493452,0.8109760067851417,0.0,7.616129948928574e-14
204.0,0.0,2.0110721664924033e-27,2.271639934123939e-44,0.1986234962343485,0.8113765037657277,0.0,7.616129948928574e-14
204.25,0.0,1.9395538098978203e-27,2.1700641567780664e-44,0.19822384586973513,0.8117761541303411,0.0,7.616129948928574e-14
204.5,0.0,1.8707142830368316e-27,2.0732546842895964e-44,0.19782504021876868,0.8121749597813075,0.0,7.616129948928574e-14
204.75,0.0,1.804448442824901e-27,1.9809778573577437e-44,0.1974270773837018,0.8125729226163744,0.0,7.616129948928574e-14
205.0,0.0,1.7406554527967146e-27,1.8930119402212415e-44,0.19702995547135388,0.8129700445287223,0.0,7.616129948928574e-14
205.25,0.0,1.6792385998540656e-27,1.8091464906659427e-44,0.19663367259309927,0.8133663274069769,0.0,7.616129948928574e-14
205.5,0.0,1.620105118969141e-27,1.72918176359889e-44,0.1962382268648556,0.8137617731352206,0.0,7.616129948928574e-14
205.75,0.0,1.5631660251379447e-27,1.6529281438972743e-44,0.1958436164070719,0.8141563835930044,0.0,7.616129948928574e-14
206.0,0.0,1.5083359529181062e-27,1.5802056114852406e-44,0.1954498393447169,0.8145501606553593,0.0,7.616129948928574e-14
206.25,0.0,1.455533004151794e-27,1.51084324343877e-44,0.1950568938072678,0.8149431061928084,0.0,7.616129948928574e-14
206.5,0.0,1.4046786008605602e-27,1.4446787326481681e-44,0.19466477792869813,0.8153352220713781,0.0,7.616129948928574e-14
206.75,0.0,1.3556973452238254e-27,1.3815579371269116e-44,0.19427348984746645,0.8157265101526098,0.0,7.616129948928574e-14
207.0,0.0,1.3085168856902422e-27,1.3213344536892296e-44,0.19388302770650478,0.8161169722935714,0.0,7.616129948928574e-14
207.25,0.0,1.2630677890501931e-27,1.26386921539721e-44,0.19349338965320695,0.8165066103468692,0.0,7.616129948928574e-14
207.5,0.0,1.2192834179946164e-27,1.20903011015598e-44,0.1931045738394174,0.8168954261606588,0.0,7.616129948928574e-14
207.75,0.0,1.1770998136852038e-27,1.1566916178344938e-44,0.19271657842141934,0.8172834215786569,0.0,7.616129948928574e-14
208.0,0.0,1.1364555835526292e-27,1.1067344676613979e-44,0.1923294015599236,0.8176705984401527,0.0,7.616129948928574e-14
208.25,0.0,1.097291794717165e-27,1.059045318762823e-44,0.1919430414200571,0.818056958580019,0.0,7.616129948928574e-14
208.5,0.0,1.0595518710219996e-27,1.0135164514621926e-44,0.19155749617135176,0.8184425038287244,0.0,7.616129948928574e-14
208.75,0.0,1.0231814949450186e-27,9.700454778072181e-45,0.19117276398773267,0.8188272360123435,0.0,7.616129948928574e-14
209.0,0.0,9.881285137525346e-28,9.285350675174392e-45,0.19078884304750732,0.819211156952569,0.0,7.616129948928574e-14
209.25,0.0,9.543428497756675e-28,8.888926889625258e-45,0.19040573153335386,0.8195942684667223,0.0,7.616129948928574e-14
209.5,0.0,9.217764144880463e-28,8.510303635577658e-45,0.1900234276323103,0.819976572367766,0.0,7.638334409421077e-14
209.75,0.0,8.903830260634151e-28,8.148644319625388e-45,0.18964192953576295,0.8203580704643133,0.0,7.616129948928574e-14
210.0,0.0,8.601183305540635e-28,7.803153331247242e-45,0.18926123543943552,0.8207387645606408,0.0,7.616129948928574e-14
210.25,0.0,8.309397269500596e-28,7.473073978947115e-45,0.18888134354337774,0.8211186564566986,0.0,7.638334409421077e-14
210.5,0.0,8.02806294772454e-28,7.157686496682994e-45,0.18850225205195428,0.8214977479481219,0.0,7.616129948928574e-14
210.75,0.0,7.756787250424084e-28,6.85630617180371e-45,0.18812395917383407,0.8218760408262422,0.0,7.616129948928574e-14
211.0,0.0,7.495192541980175e-28,6.568281571241362e-45,0.18774646312197843,0.8222535368780978,0.0,7.616129948928574e-14
211.25,0.0,7.242916008756287e-28,6.292992863414663e-45,0.18736976211363093,0.8226302378864453,0.0,7.616129948928574e-14
211.5,0.0,6.999609053371606e-28,6.029850225840097e-45,0.18699385437030577,0.8230061456297705,0.0,7.616129948928574e-14
211.75,0.0,6.764936713248538e-28,5.778292328444005e-45,0.1866187381177771,0.8233812618822991,0.0,7.616129948928574e-14
212.0,0.0,6.538577104354153e-28,5.5377848988308323e-45,0.18624441158606808,0.8237555884140081,0.0,7.616129948928574e-14
212.25,0.0,6.320220891856497e-28,5.307819379938959e-45,0.18587087300943977,0.8241291269906365,0.0,7.616129948928574e-14
212.5,0.0,6.109570778627035e-28,5.087911633829353e-45,0.18549812062638055,0.8245018793736957,0.0,7.616129948928574e-14
212.75,0.0,5.906341017215166e-28,4.877600722810114e-45,0.1851261526795951,0.8248738473204811,0.0,7.616129948928574e-14
213.0,0.0,5.710256942399801e-28,4.6764477535915445e-45,0.18475496741599357,0.8252450325840827,0.0,7.616129948928574e-14
213.25,0.0,5.5210545237355875e-28,4.4840347828038774e-45,0.1843845630866808,0.8256154369133953,0.0,7.616129948928574e-14
213.5,0.0,5.338479936600936e-28,4.299963777632849e-45,0.18401493794694576,0.8259850620531304,0.0,7.616129948928574e-14
213.75,0.0,5.162289150254626e-28,4.1238556253259964e-45,0.18364609025625056,0.8263539097438256,0.0,7.616129948928574e-14
214.0,0.0,4.99224753350286e-28,3.955349195343389e-45,0.18327801827821977,0.8267219817218564,0.0,7.616129948928574e-14
214.25,0.0,4.828129479120578e-28,3.794100460506174e-45,0.18291072028063005,0.8270892797194461,0.0,7.616129948928574e-14
214.5,0.0,4.669718040892245e-28,3.639781648574137e-45,0.1825441945353992,0.827455805464677,0.0,7.616129948928574e-14
214.75,0.0,4.516804587048173e-28,3.4920804433894043e-45,0.18217843931857547,0.8278215606815007,0.0,7.616129948928574e-14
215.0,0.0,4.369188468129908e-28,3.350699226723025e-45,0.18181345291032755,0.8281865470897486,0.0,7.616129948928574e-14
215.25,0.0,4.226676698875346e-28,3.215354359726773e-45,0.18144923359493328,0.8285507664051429,0.0,7.616129948928574e-14
215.5,0.0,4.0890836530989325e-28,3.0857755000647456e-45,0.18108577966076966,0.8289142203393065,0.0,7.616129948928574e-14
215.75,0.0,3.9562307705419855e-28,2.9617049507979215e-45,0.18072308940030207,0.8292769105997742,0.0,7.616129948928574e-14
216.0,0.0,3.8279462760881814e-28,2.842897043311196e-45,0.18036116111007397,0.8296388388900022,0.0,7.616129948928574e-14
216.25,0.0,3.7040649121074356e-28,2.729117558176735e-45,0.17999999309069636,0.8300000069093799,0.0,7.616129948928574e-14
216.5,0.0,3.5844276797590977e-28,2.6201431661886333e-45,0.17963958364683738,0.8303604163532389,0.0,7.616129948928574e-14
216.75,0.0,3.4688815918000262e-28,2.5157609013833254e-45,0.17927993108721202,0.8307200689128642,0.0,7.616129948928574e-14
217.0,0.0,3.3572794355555297e-28,2.415767660516111e-45,0.17892103372457166,0.8310789662755045,0.0,7.616129948928574e-14
217.25,0.0,3.2494795457643806e-28,2.3199697282683584e-45,0.17856288987569383,0.8314371101243824,0.0,7.616129948928574e-14
217.5,0.0,3.145345586591367e-28,2.2281823257012032e-45,0.1782054978613718,0.8317945021387044,0.0,7.616129948928574e-14
217.75,0.0,3.0447463421006353e-28,2.1402291794706787e-45,0.17784885600640438,0.8321511439936718,0.0,7.616129948928574e-14
218.0,0.0,2.9475555154497904e-28,2.0559421132009564e-45,0.17749296263958575,0.8325070373604905,0.0,7.616129948928574e-14
218.25,0.0,2.8536515373159552e-28,1.9751606634166983e-45,0.1771378160936952,0.8328621839063811,0.0,7.638334409421077e-14
218.5,0.0,2.762917380707781e-28,1.8977317089140538e-45,0.17678341470548675,0.8332165852945895,0.0,7.616129948928574e-14
218.75,0.0,2.67524038388688e-28,1.8235091209112312e-45,0.1764297568156794,0.8335702431843969,0.0,7.616129948928574e-14
219.0,0.0,2.5905120804785563e-28,1.7523534305052538e-45,0.17607684076894656,0.8339231592311297,0.0,7.616129948928574e-14
219.25,0.0,2.5086280365673314e-28,1.684131512953378e-45,0.17572466491390631,0.8342753350861699,0.0,7.616129948928574e-14
219.5,0.0,2.4294876942878726e-28,1.618716287196622e-45,0.17537322760311114,0.8346267723969651,0.0,7.616129948928574e-14
219.75,0.0,2.352994221421789e-28,1.555986429042319e-45,0.17502252719303782,0.8349774728070385,0.0,7.638334409421077e-14
220.0,0.0,2.279054367171779e-28,1.4958260988621725e-45,0.17467256204407766,0.8353274379559986,0.0,7.616129948928574e-14
220.25,0.0,2.2075783244568116e-28,1.4381246852951567e-45,0.17432333052052615,0.8356766694795501,0.0,7.616129948928574e-14
220.5,0.0,2.1384795967768594e-28,1.3827765579485763e-45,0.17397483099057343,0.8360251690095029,0.0,7.616129948928574e-14
220.75,0.0,2.071674870819016e-28,1.3296808336875e-45,0.173627061826294,0.8363729381737823,0.0,7.638334409421077e-14
221.0,0.0,2.0070838941712626e-28,1.2787411543161906e-45,0.1732800214036369,0.8367199785964394,0.0,7.638334409421077e-14
221.25,0.0,1.9446293579985093e-28,1.2298654753304746e-45,0.17293370810241587,0.8370662918976605,0.0,7.638334409421077e-14
221.5,0.0,1.8842367843404255e-28,1.1829658647263218e-45,0.17258812030629953,0.8374118796937767,0.0,7.616129948928574e-14
221.75,0.0,1.825834417690472e-28,1.1379583108495516e-45,0.17224325640280144,0.8377567435972748,0.0,7.616129948928574e-14
222.0,0.0,1.7693531209694796e-28,1.0947625398145517e-45,0.17189911478327036,0.8381008852168059,0.0,7.616129948928574e-14
222.25,0.0,1.7147262761256697e-28,1.0533018434211973e-45,0.17155569384288052,0.8384443061571958,0.0,7.638334409421077e-14
222.5,0.0,1.661889688017144e-28,1.0135029131269193e-45,0.17121299198062173,0.8387870080194546,0.0,7.638334409421077e-14
222.75,0.0,1.6107814923769247e-28,9.752956829619788e-46,0.17087100759928978,0.8391289924007865,0.0,7.638334409421077e-14
223.0,0.0,1.5613420674220904e-28,9.386131799899387e-46,0.17052973910547667,0.8394702608945996,0.0,7.638334409421077e-14
223.25,0.0,1.5135139490032892e-28,9.033913820983078e-46,0.1701891849095611,0.8398108150905153,0.0,7.638334409421077e-14
223.5,0.0,1.4672417490567002e-28,8.695690824645422e-46,0.16984934342569843,0.8401506565743778,0.0,7.616129948928574e-14
223.75,0.0,1.4224720771204398e-28,8.370877600423653e-46,0.16951021307181163,0.8404897869282647,0.0,7.638334409421077e-14
224.0,0.0,1.3791534649904747e-28,8.058914563953283e-46,0.16917179226958115,0.8408282077304952,0.0,7.638334409421077e-14
224.25,0.0,1.3372362946730513e-28,7.759266594606116e-46,0.1688340794444358,0.8411659205556405,0.0,7.638334409421077e-14
224.5,0.0,1.2966727287040601e-28,7.471421914078928e-46,0.1684970730255427,0.8415029269745335,0.0,7.616129948928574e-14
224.75,0.0,1.2574166433838412e-28,7.194891024214497e-46,0.16816077144579836,0.841839228554278,0.0,7.638334409421077e-14
225.0,0.0,1.2194235646227373e-28,6.929205695099017e-46,0.1678251731418187,0.8421748268582576,0.0,7.638334409421077e-14
225.25,0.0,1.1826506063231214e-28,6.673918001989279e-46,0.16749027655392984,0.8425097234461465,0.0,7.638334409421077e-14
225.5,0.0,1.1470564111309156e-28,6.4285994068174535e-46,0.16715608012615862,0.8428439198739177,0.0,7.638334409421077e-14
225.75,0.0,1.1126010933895745e-28,6.19283988001987e-46,0.1668225823062231,0.8431774176938532,0.0,7.638334409421077e-14
226.0,0.0,1.0792461843463036e-28,5.96624706472377e-46,0.16648978154552332,0.843510218454553,0.0,7.638334409421077e-14
226.25,0.0,1.046954579717185e-28,5.7484454869701045e-46,0.16615767629913183,0.8438423237009445,0.0,7.638334409421077e-14
226.5,0.0,1.0156904889655186e-28,5.5390757937687256e-46,0.16582626502578435,0.8441737349742919,0.0,7.616129948928574e-14
226.75,0.0,9.854193866709225e-29,5.337794030627539e-46,0.1654955461878705,0.8445044538122058,0.0,7.638334409421077e-14
227.0,0.0,9.56107965776535e-29,5.144270952781821e-46,0.16516551825142448,0.8448344817486518,0.0,7.638334409421077e-14
227.25,0.0,9.277240926609312e-29,4.958191369146005e-46,0.164836179686116,0.8451638203139603,0.0,7.638334409421077e-14
227.5,0.0,9.002367639170671e-29,4.7792535162096446e-46,0.16450752896524062,0.8454924710348357,0.0,7.638334409421077e-14
227.75,0.0,8.736160647205334e-29,4.607168459098393e-46,0.164179564565711,0.8458204354343654,0.0,7.638334409421077e-14
228.0,0.0,8.47833128820156e-29,4.441659521070904e-46,0.1638522849680474,0.8461477150320289,0.0,7.638334409421077e-14
228.25,0.0,8.22860100223658e-29,4.282461743784614e-46,0.16352568865636868,0.8464743113437077,0.0,7.638334409421077e-14
228.5,0.0,7.98670096127992e-29,4.129321366571369e-46,0.16319977411838318,0.8468002258816931,0.0,7.638334409421077e-14
228.75,0.0,7.75237171355255e-29,3.98199533217956e-46,0.16287453984537947,0.8471254601546969,0.0,7.638334409421077e-14
229.0,0.0,7.525362841451101e-29,3.840250815237196e-46,0.1625499843322173,0.847450015667859,0.0,7.638334409421077e-14
229.25,0.0,7.305432632652125e-29,3.7038647727721566e-46,0.1622261060773186,0.8477738939227577,0.0,7.638334409421077e-14
229.5,0.0,7.092347763563447e-29,3.5726235149633305e-46,0.16190290358265855,0.8480970964174178,0.0,7.638334409421077e-14
229.75,0.0,6.885882994289451e-29,3.4463222942957826e-46,0.1615803753537563,0.84841962464632,0.0,7.638334409421077e-14
230.0,0.0,6.685820875329793e-29,3.324764913917361e-46,0.16125851989966616,0.8487414801004102,0.0,7.638334409421077e-14
230.25,0.0,6.491951466508692e-29,3.2077633566841706e-46,0.16093733573296856,0.8490626642671077,0.0,7.638334409421077e-14
230.5,0.0,6.304072064980321e-29,3.0951374272536333e-46,0.16061682136976124,0.8493831786303151,0.0,7.638334409421077e-14
230.75,0.0,6.121986944120298e-29,2.9867144120286184e-46,0.16029697532965012,0.8497030246704262,0.0,7.638334409421077e-14
231.0,0.0,5.945507102253909e-29,2.8823287545079755e-46,0.15997779613574065,0.8500222038643357,0.0,7.638334409421077e-14
231.25,0.0,5.774450020942322e-29,2.7818217455907506e-46,0.1596592823146287,0.8503407176854476,0.0,7.638334409421077e-14
231.5,0.0,5.608639432234839e-29,2.6850412276264475e-46,0.15934143239639195,0.8506585676036844,0.0,7.638334409421077e-14
231.75,0.0,5.447905094295092e-29,2.5918413110033224e-46,0.15902424491458086,0.8509757550854954,0.0,7.616129948928574e-14
232.0,0.0,5.292082575547016e-29,2.502082103776918e-46,0.1587077184062101,0.8512922815938663,0.0,7.638334409421077e-14
232.25,0.0,5.141013047681555e-29,2.4156294552920263e-46,0.1583918514117494,0.8516081485883269,0.0,7.638334409421077e-14
232.5,0.0,4.994543085305726e-29,2.3323547088034456e-46,0.15807664247511538,0.851923357524961,0.0,7.638334409421077e-14
232.75,0.0,4.8525244734945e-29,2.2521344662073086e-46,0.15776209014366221,0.8522379098564141,0.0,7.638334409421077e-14
233.0,0.0,4.714814022503747e-29,2.1748503632777537e-46,0.15744819296817336,0.852551807031903,0.0,7.638334409421077e-14
233.25,0.0,4.5812733894417054e-29,2.1003888550987725e-46,0.1571349495028527,0.8528650504972236,0.0,7.638334409421077e-14
233.5,0.0,4.4517689064766164e-29,2.028641010887999e-46,0.15682235830531588,0.8531776416947605,0.0,7.638334409421077e-14
233.75,0.0,4.3261714151580314e-29,1.9595023174089766e-46,0.15651041793658174,0.8534895820634946,0.0,7.638334409421077e-14
234.0,0.0,4.20435610694861e-29,1.8928724912893006e-46,0.15619912696106378,0.8538008730390125,0.0,7.638334409421077e-14
234.25,0.0,4.0862023702009444e-29,1.8286553008584695e-46,0.1558884839465613,0.8541115160535151,0.0,7.638334409421077e-14
234.5,0.0,3.9715936420131027e-29,1.7667583942219705e-46,0.15557848746425104,0.8544215125358252,0.0,7.616129948928574e-14
234.75,0.0,3.8604172658439406e-29,1.7070931355985523e-46,0.15526913608867884,0.8547308639113974,0.0,7.616129948928574e-14
235.0,0.0,3.752564354361698e-29,1.649574448860428e-46,0.15496042839775065,0.8550395716023257,0.0,7.638334409421077e-14
235.25,0.0,3.64792965737823e-29,1.5941206680629375e-46,0.15465236297272436,0.855347637027352,0.0,7.638334409421077e-14
235.5,0.0,3.54641143456628e-29,1.5406533944263491e-46,0.1543449383982013,0.855655061601875,0.0,7.616129948928574e-14
235.75,0.0,3.4479113326571193e-29,1.4890973592323331e-46,0.1540381532621177,0.8559618467379586,0.0,7.638334409421077e-14
236.0,0.0,3.3523342671827713e-29,1.4393802928363492e-46,0.15373200615573643,0.8562679938443398,0.0,7.616129948928574e-14
236.25,0.0,3.259588308924585e-29,1.3914328001931246e-46,0.15342649567363834,0.856573504326438,0.0,7.638334409421077e-14
236.5,0.0,3.1695845739578767e-29,1.3451882407244554e-46,0.1531216204137141,0.8568783795863621,0.0,7.616129948928574e-14
236.75,0.0,3.082237117910777e-29,1.3005826138567777e-46,0.15281737897715578,0.8571826210229205,0.0,7.638334409421077e-14
237.0,0.0,2.997462834062066e-29,1.2575544495241415e-46,0.15251376996844848,0.8574862300316278,0.0,7.638334409421077e-14
237.25,0.0,2.915181355169979e-29,1.2160447034889944e-46,0.1522107919953621,0.8577892080047141,0.0,7.616129948928574e-14
237.5,0.0,2.8353149588143515e-29,1.1759966571193156e-46,0.15190844366894293,0.8580915563311333,0.0,7.616129948928574e-14
237.75,0.0,2.757788476034412e-29,1.1373558212605426e-46,0.15160672360350552,0.8583932763965708,0.0,7.638334409421077e-14
238.0,0.0,2.6825292033047194e-29,1.1000698443302371e-46,0.1513056304166243,0.858694369583452,0.0,7.638334409421077e-14
238.25,0.0,2.609466817961116e-29,1.0640884248936736e-46,0.15100516272912548,0.8589948372709508,0.0,7.638334409421077e-14
238.5,0.0,2.5385332962866186e-29,1.0293632272772416e-46,0.15070531916507873,0.8592946808349975,0.0,7.616129948928574e-14
238.75,0.0,2.4696628346924836e-29,9.958478010935989e-47,0.1504060983517892,0.8595939016482871,0.0,7.616129948928574e-14
239.0,0.0,2.4027917737259675e-29,9.634975042079639e-47,0.15010749891978906,0.8598925010802873,0.0,7.638334409421077e-14
239.25,0.0,2.3378585248255003e-29,9.32269429043052e-47,0.14980951950282967,0.8601904804972466,0.0,7.616129948928574e-14
239.5,0.0,2.274803499666126e-29,9.021223319781472e-47,0.1495121587378733,0.860487841262203,0.0,7.638334409421077e-14
239.75,0.0,2.2135690419380363e-29,8.73016565597739e-47,0.14921541526508503,0.8607845847349913,0.0,7.638334409421077e-14
240.0,0.0,2.1540993615862337e-29,8.4491401387127e-47,0.14891928772782478,0.8610807122722515,0.0,7.616129948928574e-14
240.25,0.0,2.0963404715888847e-29,8.177780304325757e-47,0.14862377477263922,0.8613762252274371,0.0,7.616129948928574e-14
240.5,0.0,2.0402401267099757e-29,7.915733789944046e-47,0.14832887504925366,0.8616711249508227,0.0,7.638334409421077e-14
240.75,0.0,1.9857477645338243e-29,7.662661764763755e-47,0.14803458721056417,0.8619654127895121,0.0,7.616129948928574e-14
241.0,0.0,1.932814448588588e-29,7.418238385301695e-47,0.14774090991262961,0.8622590900874466,0.0,7.616129948928574e-14
241.25,0.0,1.881392813500371e-29,7.182150273904637e-47,0.14744784181466355,0.8625521581854128,0.0,7.638334409421077e-14
241.5,0.0,1.831437012064031e-29,6.954096018853099e-47,0.14715538157902625,0.86284461842105,0.0,7.616129948928574e-14
241.75,0.0,1.782902664116774e-29,6.733785694396214e-47,0.1468635278712172,0.863136472128859,0.0,7.616129948928574e-14
242.0,0.0,1.7357468072329388e-29,6.52094040123845e-47,0.14657227935986658,0.8634277206402097,0.0,7.616129948928574e-14
242.25,0.0,1.6899278492938766e-29,6.315291828583629e-47,0.14628163471672792,0.8637183652833483,0.0,7.616129948928574e-14
242.5,0.0,1.64540552252824e-29,6.1165818312539945e-47,0.14599159261666997,0.8640084073834062,0.0,7.616129948928574e-14
242.75,0.0,1.602140839240759e-29,5.924562025731188e-47,0.14570215173766887,0.8642978482624074,0.0,7.616129948928574e-14
243.0,0.0,1.5600960490904358e-29,5.738993402982912e-47,0.14541331076080052,0.8645866892392757,0.0,7.616129948928574e-14
243.25,0.0,1.519234597874989e-29,5.559645957574356e-47,0.14512506837023256,0.8648749316298437,0.0,7.638334409421077e-14
243.5,0.0,1.4795210877386975e-29,5.38629833192733e-47,0.14483742325321675,0.8651625767468596,0.0,7.638334409421077e-14
243.75,0.0,1.440921238720756e-29,5.21873747458978e-47,0.14455037410008112,0.8654496258999952,0.0,7.638334409421077e-14
244.0,0.0,1.4034018516561624e-29,5.0567583128487175e-47,0.14426391960422244,0.8657360803958538,0.0,7.616129948928574e-14
244.25,0.0,1.3669307724666676e-29,4.90016344041448e-47,0.14397805846209827,0.8660219415379781,0.0,7.638334409421077e-14
244.5,0.0,1.3314768575505412e-29,4.748762815797218e-47,0.1436927893732193,0.866307210626857,0.0,7.638334409421077e-14
244.75,0.0,1.297009940426315e-29,4.602373473947054e-47,0.14340811104014192,0.8665918889599343,0.0,7.616129948928574e-14
245.0,0.0,1.2635007995298335e-29,4.460819249706872e-47,0.14312402216846026,0.866875977831616,0.0,7.616129948928574e-14
245.25,0.0,1.2309211271326105e-29,4.3239305127252225e-47,0.14284052146679882,0.8671594785332775,0.0,7.616129948928574e-14
245.5,0.0,1.1992434993209787e-29,4.1915439130478346e-47,0.1425576076468047,0.8674423923532716,0.0,7.616129948928574e-14
245.75,0.0,1.1684413469755227e-29,4.0635021366059476e-47,0.1422752794231401,0.8677247205769362,0.0,7.616129948928574e-14
246.0,0.0,1.1384889277585552e-29,3.939653670814677e-47,0.1419935355134747,0.8680064644866016,0.0,7.616129948928574e-14
246.25,0.0,1.1093612991358365e-29,3.8198525807625846e-47,0.14171237463847813,0.8682876253615981,0.0,7.616129948928574e-14
246.5,0.0,1.0810342922221468e-29,3.70395829301886e-47,0.14143179552181256,0.8685682044782637,0.0,7.616129948928574e-14
246.75,0.0,1.0534844865614945e-29,3.5918353887853587e-47,0.14115179689012494,0.8688482031099514,0.0,7.638334409421077e-14
247.0,0.0,1.0266891857688014e-29,3.4833534054026194e-47,0.1408723774730398,0.8691276225270365,0.0,7.616129948928574e-14
247.25,0.0,1.000626394009263e-29,3.3783866459607357e-47,0.14059353600315153,0.8694064639969247,0.0,7.616129948928574e-14
247.5,0.0,9.752747932710367e-30,3.276813996475122e-47,0.14031527121601725,0.869684728784059,0.0,7.616129948928574e-14
247.75,0.0,9.506137213869052e-30,3.178518750087085e-47,0.140037581850149,0.8699624181499273,0.0,7.616129948928574e-14
248.0,0.0,9.26623150809878e-30,3.083388438425649e-47,0.1397604666470067,0.8702395333530696,0.0,7.616129948928574e-14
248.25,0.0,9.032836681610411e-30,2.991314670449971e-47,0.1394839243509904,0.8705160756490858,0.0,7.616129948928574e-14
248.5,0.0,8.805764543971368e-30,2.902192976742832e-47,0.13920795370943337,0.8707920462906429,0.0,7.616129948928574e-14
248.75,0.0,8.584832656772166e-30,2.8159226604209694e-47,0.13893255347259426,0.871067446527482,0.0,7.616129948928574e-14
249.0,0.0,8.369864148750186e-30,2.7324066539820414e-47,0.1386577223936501,0.8713422776064261,0.0,7.616129948928574e-14
249.25,0.0,8.160687537192992e-30,2.651551381911424e-47,0.138383459228689,0.8716165407713873,0.0,7.616129948928574e-14
249.5,0.0,7.957136555295059e-30,2.573266628673887e-47,0.13810976273670267,0.8718902372633736,0.0,7.616129948928574e-14
249.75,0.0,7.75904998514163e-30,2.4974654117151243e-47,0.13783663167957927,0.872163368320497,0.0,7.616129948928574e-14
250.0,0.0,7.566271496350926e-30,2.424063859560418e-47,0.13756406482209618,0.8724359351779801,0.0,7.638334409421077e-14
250.25,0.0,7.378649490502834e-30,2.352981095223106e-47,0.13729206093191268,0.8727079390681636,0.0,7.616129948928574e-14
250.5,0.0,7.19603695024452e-30,2.2841391235307904e-47,0.13702061877956287,0.8729793812205134,0.0,7.638334409421077e-14
250.75,0.0,7.018291293643078e-30,2.21746272315975e-47,0.13674973713844837,0.873250262861628,0.0,7.638334409421077e-14
251.0,0.0,6.845274233394682e-30,2.152879342908222e-47,0.13647941478483117,0.8735205852152451,0.0,7.616129948928574e-14
251.25,0.0,6.676851640757253e-30,2.09031900208254e-47,0.13620965049782655,0.8737903495022498,0.0,7.638334409421077e-14
251.5,0.0,6.512893413965864e-30,2.0297141947344747e-47,0.13594044305939587,0.8740595569406805,0.0,7.638334409421077e-14
251.75,0.0,6.353273350890061e-30,1.9709997974880546e-47,0.1356717912543395,0.8743282087457368,0.0,7.638334409421077e-14
252.0,0.0,6.197869025952219e-30,1.9141129810116167e-47,0.1354036938702897,0.8745963061297867,0.0,7.638334409421077e-14
252.25,0.0,6.046561671396786e-30,1.8589931252771918e-47,0.1351361496977035,0.8748638503023728,0.0,7.616129948928574e-14
252.5,0.0,5.899236062100297e-30,1.805581737647703e-47,0.13486915752985582,0.8751308424702204,0.0,7.616129948928574e-14
252.75,0.0,5.7557804043331625e-30,1.753822374330419e-47,0.13460271616283223,0.8753972838372441,0.0,7.638334409421077e-14
253.0,0.0,5.616086228186316e-30,1.7036605648711914e-47,0.134336824395522,0.8756631756045543,0.0,7.638334409421077e-14
253.25,0.0,5.480048283562846e-30,1.6550437395992845e-47,0.1340714810296112,0.8759285189704652,0.0,7.638334409421077e-14
253.5,0.0,5.3475644395562554e-30,1.6079211598393093e-47,0.13380668486957548,0.8761933151305009,0.0,7.638334409421077e-14
253.75,0.0,5.218535587036978e-30,1.5622438507067295e-47,0.1335424347226734,0.8764575652774029,0.0,7.638334409421077e-14
254.0,0.0,5.092865544458422e-30,1.5179645365224285e-47,0.13327872939893928,0.876721270601137,0.0,7.638334409421077e-14
254.25,0.0,4.970460966945607e-30,1.4750375789416064e-47,0.13301556771117637,0.8769844322889,0.0,7.638334409421077e-14
254.5,0.0,4.8512312580728856e-30,1.4334189171324287e-47,0.13275294847494992,0.8772470515251265,0.0,7.638334409421077e-14
254.75,0.0,4.735088484627946e-30,1.3930660103728442e-47,0.13249087050858013,0.8775091294914962,0.0,7.638334409421077e-14
255.0,0.0,4.621947294150574e-30,1.3539377828387417e-47,0.13222933263313572,0.8777706673669406,0.0,7.638334409421077e-14
255.25,0.0,4.5117248351709195e-30,1.3159945705186297e-47,0.1319683336724265,0.8780316663276498,0.0,7.638334409421077e-14
255.5,0.0,4.404340680014712e-30,1.2791980701255457e-47,0.13170787245299703,0.8782921275470793,0.0,7.638334409421077e-14
255.75,0.0,4.299716750042832e-30,1.2435112898768767e-47,0.1314479478041195,0.8785520521959569,0.0,7.638334409421077e-14
256.0,0.0,4.1977772433314985e-30,1.208898502164571e-47,0.13118855855778708,0.8788114414422893,0.0,7.638334409421077e-14
256.25,0.0,4.098448564837373e-30,1.1753251981798072e-47,0.130929703548707,0.8790702964513694,0.0,7.638334409421077e-14
256.5,0.0,4.001659258611266e-30,1.1427580440296368e-47,0.13067138161429406,0.8793286183857824,0.0,7.638334409421077e-14
256.75,0.0,3.907339942276012e-30,1.1111648385987878e-47,0.13041359159466348,0.8795864084054129,0.0,7.638334409421077e-14
257.0,0.0,3.8154232436120326e-30,1.0805144729977759e-47,0.13015633233262464,0.8798436676674517,0.0,7.638334409421077e-14
257.25,0.0,3.725843739193691e-30,1.0507768915505459e-47,0.12989960267367395,0.8801003973264024,0.0,7.638334409421077e-14
257.5,0.0,3.638537894977613e-30,1.0219230542301166e-47,0.12964340146598843,0.880356598534088,0.0,7.638334409421077e-14
257.75,0.0,3.553444008744049e-30,9.939249004506725e-48,0.12938772756041897,0.8806122724396575,0.0,7.638334409421077e-14
258.0,0.0,3.4705021543944124e-30,9.667553142302504e-48,0.12913257981048357,0.8808674201895929,0.0,7.638334409421077e-14
258.25,0.0,3.389654128136079e-30,9.403880907672141e-48,0.1288779570723609,0.8811220429277155,0.0,7.638334409421077e-14
258.5,0.0,3.3108433962326606e-30,9.147979041071785e-48,0.12862385820488353,0.8813761417951929,0.0,7.638334409421077e-14
258.75,0.0,3.234015044476564e-30,8.899602760751226e-48,0.12837028206953133,0.881629717930545,0.0,7.638334409421077e-14
259.0,0.0,3.1591157292676456e-30,8.658515463609114e-48,0.128117227530425,0.8818827724696514,0.0,7.638334409421077e-14
259.25,0.0,3.086093630254866e-30,8.424488437243332e-48,0.1278646934543194,0.882135306545757,0.0,7.638334409421077e-14
259.5,0.0,3.0148984044669667e-30,8.197300582545562e-48,0.12761267871059698,0.8823873212894794,0.0,7.638334409421077e-14
259.75,0.0,2.945481141858165e-30,7.976738146188881e-48,0.1273611821712614,0.8826388178288149,0.0,7.638334409421077e-14
260.0,0.0,2.8777943222700213e-30,7.762594463096471e-48,0.12711020271093093,0.8828897972891454,0.0,7.638334409421077e-14
260.25,0.0,2.811791773831346e-30,7.554669709183461e-48,0.12685973920683183,0.8831402607932446,0.0,7.638334409421077e-14
260.5,0.0,2.7474286325579944e-30,7.352770662100892e-48,0.12660979053879198,0.8833902094612843,0.0,7.638334409421077e-14
260.75,0.0,2.6846613032669615e-30,7.156710471192908e-48,0.12636035558923459,0.8836396444108418,0.0,7.638334409421077e-14
261.0,0.0,2.62344742171823e-30,6.966308435876822e-48,0.12611143324317137,0.883888566756905,0.0,7.638334409421077e-14
261.25,0.0,2.5637458179516077e-30,6.781389792199599e-48,0.12586302238819652,0.8841369776118798,0.0,7.638334409421077e-14
261.5,0.0,2.5055164807630047e-30,6.601785507105577e-48,0.12561512191447993,0.8843848780855964,0.0,7.638334409421077e-14
261.75,0.0,2.4487205232646017e-30,6.427332079950257e-48,0.1253677307147611,0.8846322692853152,0.0,7.638334409421077e-14
262.0,0.0,2.3933201495288997e-30,6.257871351314188e-48,0.12512084768434256,0.8848791523157338,0.0,7.638334409421077e-14
262.25,0.0,2.3392786223320137e-30,6.093250319314814e-48,0.12487447172108361,0.8851255282789928,0.0,7.638334409421077e-14
262.5,0.0,2.2865602318193913e-30,5.933320961814031e-48,0.12462860172539396,0.8853713982746824,0.0,7.638334409421077e-14
262.75,0.0,2.235130265177671e-30,5.777940065364298e-48,0.1243832366002274,0.885616763399849,0.0,7.638334409421077e-14
263.0,0.0,2.1849549772479926e-30,5.626969060331905e-48,0.12413837525107548,0.8858616247490009,0.0,7.638334409421077e-14
263.25,0.0,2.1360015620557774e-30,5.480273862017434e-48,0.12389401658596116,0.8861059834141153,0.0,7.638334409421077e-14
263.5,0.0,2.0882381252151408e-30,5.33772471743957e-48,0.1236501595154327,0.8863498404846437,0.0,7.638334409421077e-14
263.75,0.0,2.041633657166092e-30,5.199196057448405e-48,0.12340680295255718,0.8865931970475192,0.0,7.638334409421077e-14
264.0,0.0,1.996158007243869e-30,5.064566354200727e-48,0.12316394581291452,0.8868360541871619,0.0,7.638334409421077e-14
264.25,0.0,1.951781858591186e-30,4.9337179841316015e-48,0.12292158701459095,0.8870784129854855,0.0,7.638334409421077e-14
264.5,0.0,1.9084767037816902e-30,4.806537095286805e-48,0.12267972547817302,0.8873202745219034,0.0,7.638334409421077e-14
264.75,0.0,1.8662148212160565e-30,4.682913479605034e-48,0.12243836012674138,0.887561639873335,0.0,7.638334409421077e-14
265.0,0.0,1.8249692522422043e-30,4.5627404497493064e-48,0.12219748988586451,0.887802510114212,0.0,7.638334409421077e-14
265.25,0.0,1.7847137789805402e-30,4.4459147203556285e-48,0.12195711368359263,0.8880428863164838,0.0,7.638334409421077e-14
265.5,0.0,1.7454229028226055e-30,4.332336293458291e-48,0.12171723045045155,0.8882827695496249,0.0,7.638334409421077e-14
265.75,0.0,1.707071823571515e-30,4.221908347851131e-48,0.12147783911943653,0.88852216088064,0.0,7.638334409421077e-14
266.0,0.0,1.669636419223203e-30,4.114537132403681e-48,0.12123893862600611,0.8887610613740703,0.0,7.638334409421077e-14
266.25,0.0,1.6330932263960352e-30,4.010131863423533e-48,0.1210005279080762,0.8889994720920003,0.0,7.638334409421077e-14
266.5,0.0,1.5974194213103656e-30,3.908604625256761e-48,0.12076260590601373,0.8892373940940627,0.0,7.638334409421077e-14
266.75,0.0,1.5625928013632401e-30,3.8098702745395294e-48,0.12052517156263082,0.8894748284374456,0.0,7.638334409421077e-14
267.0,0.0,1.5285917672617498e-30,3.7138463478137734e-48,0.12028822382317862,0.8897117761768978,0.0,7.638334409421077e-14
267.25,0.0,1.495395305700379e-30,3.6204529724098556e-48,0.12005176163534126,0.8899482383647351,0.0,7.638334409421077e-14
267.5,0.0,1.4629829725583895e-30,3.5296127804220113e-48,0.11981578394922993,0.8901842160508465,0.0,7.638334409421077e-14
267.75,0.0,1.4313348765932693e-30,3.4412508256023465e-48,0.11958028971737682,0.8904197102826996,0.0,7.638334409421077e-14
268.0,0.0,1.4004316636291423e-30,3.3552945031838524e-48,0.11934527789472907,0.8906547221053474,0.0,7.638334409421077e-14
268.25,0.0,1.370254501245411e-30,3.2716734726946105e-48,0.11911074743864293,0.8908892525614335,0.0,7.638334409421077e-14
268.5,0.0,1.3407850638918758e-30,3.190319583185544e-48,0.11887669730887777,0.8911233026911987,0.0,7.638334409421077e-14
268.75,0.0,1.3120055184636638e-30,3.1111668011625947e-48,0.1186431264675901,0.8913568735324863,0.0,7.638334409421077e-14
269.0,0.0,1.2838985103084267e-30,3.034151141016652e-48,0.1184100338793276,0.8915899661207488,0.0,7.638334409421077e-14
269.25,0.0,1.256447149654536e-30,2.9592105978795176e-48,0.11817741851102337,0.891822581489053,0.0,7.638334409421077e-14
269.5,0.0,1.2296349984420588e-30,2.886285082779253e-48,0.11794527933198996,0.8920547206680864,0.0,7.638334409421077e-14
269.75,0.0,1.2034460575382858e-30,2.815316359968255e-48,0.11771361531391342,0.892286384686163,0.0,7.638334409421077e-14
270.0,0.0,1.1778647543366968e-30,2.746247986429326e-48,0.1174824254308476,0.8925175745692288,0.0,7.638334409421077e-14
270.25,0.0,1.1528759307430373e-30,2.6790252536021065e-48,0.11725170865920811,0.8927482913408683,0.0,7.638334409421077e-14
270.5,0.0,1.1284648314930497e-30,2.6135951309152348e-48,0.11702146397776673,0.8929785360223096,0.0,7.638334409421077e-14
270.75,0.0,1.1046170928265168e-30,2.5499062113298318e-48,0.11679169036764536,0.893208309632431,0.0,7.638334409421077e-14
271.0,0.0,1.0813187314967598e-30,2.4879086587448704e-48,0.11656238681231043,0.8934376131877659,0.0,7.638334409421077e-14
271.25,0.0,1.0585561341069023e-30,2.4275541572112704e-48,0.11633355229756688,0.8936664477025095,0.0,7.638334409421077e-14
271.5,0.0,1.0363160467590048e-30,2.3687958618622582e-48,0.1161051858115527,0.8938948141885237,0.0,7.638334409421077e-14
271.75,0.0,1.0145855650021668e-30,2.3115883514675158e-48,0.11587728634473285,0.8941227136553436,0.0,7.638334409421077e-14
272.0,0.0,9.933521240785364e-31,2.25588758261329e-48,0.11564985288989382,0.8943501471101826,0.0,7.638334409421077e-14
272.25,0.0,9.726034894697813e-31,2.2016508455373423e-48,0.1154228844421377,0.8945771155579387,0.0,7.638334409421077e-14
272.5,0.0,9.523277477021899e-31,2.1488367213198648e-48,0.11519637999887652,0.8948036200011998,0.0,7.638334409421077e-14
272.75,0.0,9.325132974286922e-31,2.0974050405762248e-48,0.11497033855982669,0.8950296614402496,0.0,7.638334409421077e-14
273.0,0.0,9.13148840771958e-31,2.047316843543023e-48,0.11474475912700312,0.8952552408730733,0.0,7.638334409421077e-14
273.25,0.0,8.94223374921851e-31,1.9985343415179127e-48,0.11451964070471371,0.8954803592953626,0.0,7.638334409421077e-14
273.5,0.0,8.757261839766114e-31,1.9510208795854002e-48,0.11429498229955366,0.8957050177005227,0.0,7.638334409421077e-14
273.75,0.0,8.576468310171284e-31,1.9047409005608407e-48,0.11407078292039978,0.8959292170796767,0.0,7.638334409421077e-14
274.0,0.0,8.399751504133376e-31,1.8596599101529972e-48,0.11384704157840496,0.8961529584216714,0.0,7.638334409421077e-14
274.25,0.0,8.227012403644986e-31,1.8157444433648408e-48,0.11362375728699255,0.8963762427130839,0.0,7.638334409421077e-14
274.5,0.0,8.058154556417171e-31,1.7729620319162974e-48,0.1134009290618507,0.8965990709382257,0.0,7.638334409421077e-14
274.75,0.0,7.893084005463028e-31,1.7312811727927807e-48,0.11317855592092692,0.8968214440791495,0.0,7.638334409421077e-14
275.0,0.0,7.731709220718966e-31,1.690671297840384e-48,0.11295663688442237,0.897043363115654,0.0,7.638334409421077e-14
275.25,0.0,7.573941032651522e-31,1.651102744378203e-48,0.11273517097478643,0.89726482902529,0.0,7.638334409421077e-14
275.5,0.0,7.419692567768193e-31,1.6125467267778996e-48,0.11251415721671115,0.8974858427833653,0.0,7.638334409421077e-14
275.75,0.0,7.268879185950658e-31,1.5749753089606138e-48,0.1122935946371257,0.8977064053629508,0.0,7.638334409421077e-14
276.0,0.0,7.121418419601778e-31,1.5383613778106094e-48,0.11207348226519086,0.8979265177348855,0.0,7.638334409421077e-14
276.25,0.0,6.977229914618399e-31,1.502678617519049e-48,0.11185381913229363,0.8981461808677828,0.0,7.638334409421077e-14
276.5,0.0,6.836235372949903e-31,1.4679014847007304e-48,0.11163460427204165,0.8983653957280348,0.0,7.638334409421077e-14
276.75,0.0,6.698358496843848e-31,1.4340051843579752e-48,0.11141583672025784,0.8985841632798186,0.0,7.638334409421077e-14
277.0,0.0,6.563524934686425e-31,1.40096564663373e-48,0.11119751551497481,0.8988024844851016,0.0,7.638334409421077e-14
277.25,0.0,6.431662228397241e-31,1.3687595043317547e-48,0.11097963969642957,0.8990203603036468,0.0,7.638334409421077e-14
277.5,0.0,6.3026997623156425e-31,1.3373640711670365e-48,0.1107622083070582,0.8992377916930182,0.0,7.638334409421077e-14
277.75,0.0,6.176568713515801e-31,1.3067573207095554e-48,0.11054522039149012,0.8994547796085862,0.0,7.638334409421077e-14
278.0,0.0,6.053202003542998e-31,1.2769178660203047e-48,0.11032867499654306,0.8996713250035333,0.0,7.638334409421077e-14
278.25,0.0,5.932534251579248e-31,1.2478249399886643e-48,0.1101125711712175,0.8998874288288589,0.0,7.638334409421077e-14
278.5,0.0,5.814501728855628e-31,1.2194583762564804e-48,0.10989690796669133,0.900103092033385,0.0,7.638334409421077e-14
278.75,0.0,5.699042314386972e-31,1.1917985907820277e-48,0.10968168443631456,0.9003183155637619,0.0,7.638334409421077e-14
279.0,0.0,5.586095451958247e-31,1.1648265640012686e-48,0.10946689963560399,0.9005331003644724,0.0,7.638334409421077e-14
279.25,0.0,5.475602108331006e-31,1.1385238235697659e-48,0.10925255262223774,0.9007474473778386,0.0,7.638334409421077e-14
279.5,0.0,5.367504732621506e-31,1.1128724276579069e-48,0.10903864245605027,0.9009613575440261,0.0,7.638334409421077e-14
279.75,0.0,5.261747216801992e-31,1.0878549487720883e-48,0.10882516819902675,0.9011748318010496,0.0,7.638334409421077e-14
280.0,0.0,5.158274857318651e-31,1.0634544581005644e-48,0.10861212891529806,0.9013878710847784,0.0,7.638334409421077e-14
280.25,0.0,5.057034317831646e-31,1.0396545103901334e-48,0.10839952367113523,0.9016004763289411,0.0,7.638334409421077e-14
280.5,0.0,4.957973592937871e-31,1.0164391292696969e-48,0.10818735153494458,0.9018126484651318,0.0,7.638334409421077e-14
280.75,0.0,4.861041972933072e-31,9.937927930589409e-49,0.10797561157726217,0.9020243884228142,0.0,7.638334409421077e-14
281.0,0.0,4.766190009558996e-31,9.717004210307079e-49,0.1077643028707487,0.9022356971293277,0.0,7.638334409421077e-14
281.25,0.0,4.673369482710864e-31,9.501473601144992e-49,0.10755342449018432,0.9024465755098922,0.0,7.638334409421077e-14
281.5,0.0,4.5825333680676975e-31,9.291193720207514e-49,0.10734297551246338,0.9026570244876131,0.0,7.638334409421077e-14
281.75,0.0,4.493635805607965e-31,9.086026207655149e-49,0.1071329550165894,0.902867044983487,0.0,7.638334409421077e-14
282.0,0.0,4.406632069004991e-31,8.88583660594224e-49,0.10692336208366963,0.9030766379164068,0.0,7.638334409421077e-14
282.25,0.0,4.321478535905651e-31,8.690494243087206e-49,0.10671419579691026,0.9032858042031662,0.0,7.638334409421077e-14
282.5,0.0,4.238132658985706e-31,8.499872119358119e-49,0.10650545524161097,0.9034945447584655,0.0,7.638334409421077e-14
282.75,0.0,4.1565529378243035e-31,8.313846797649578e-49,0.10629713950515993,0.9037028604949165,0.0,7.638334409421077e-14
283.0,0.0,4.076698891555714e-31,8.132298297318004e-49,0.10608924767702875,0.9039107523230477,0.0,7.638334409421077e-14
283.25,0.0,3.998531032278984e-31,7.955109991380263e-49,0.10588177884876727,0.9041182211513091,0.0,7.638334409421077e-14
283.5,0.0,3.9220108391963804e-31,7.782168506923426e-49,0.10567473211399862,0.9043252678860778,0.0,7.638334409421077e-14
283.75,0.0,3.847100733451547e-31,7.61336362857346e-49,0.10546810656841395,0.9045318934316625,0.0,7.638334409421077e-14
284.0,0.0,3.7737640536625936e-31,7.448588205010406e-49,0.10526190130976754,0.904738098690309,0.0,7.66053886991358e-14
284.25,0.0,3.7019650321523948e-31,7.28773805855801e-49,0.10505611543787169,0.9049438845622048,0.0,7.638334409421077e-14
284.5,0.0,3.6316687717942335e-31,7.13071189739238e-49,0.10485074805459178,0.9051492519454847,0.0,7.638334409421077e-14
284.75,0.0,3.5628412235047747e-31,6.977411230569399e-49,0.10464579826384104,0.9053542017362355,0.0,7.66053886991358e-14
285.0,0.0,3.495449164351956e-31,6.827740285697705e-49,0.10444126517157579,0.9055587348285007,0.0,7.638334409421077e-14
285.25,0.0,3.4294601762626037e-31,6.681605929184972e-49,0.10423714788579029,0.9057628521142862,0.0,7.638334409421077e-14
285.5,0.0,3.3648426253071227e-31,6.538917588943343e-49,0.10403344551651184,0.9059665544835647,0.0,7.66053886991358e-14
285.75,0.0,3.3015656415386072e-31,6.399587179439808e-49,0.10383015717579579,0.9061698428242807,0.0,7.638334409421077e-14
286.0,0.0,3.2395990993823577e-31,6.263529029080272e-49,0.10362728197772057,0.9063727180223559,0.0,7.638334409421077e-14
286.25,0.0,3.1789135985771812e-31,6.130659809945958e-49,0.1034248190383828,0.9065751809616936,0.0,7.638334409421077e-14
286.5,0.0,3.1194804456054715e-31,6.0008984695448166e-49,0.1032227674758923,0.9067772325241842,0.0,7.638334409421077e-14
286.75,0.0,3.0612716356361807e-31,5.874166164723002e-49,0.10302112641036726,0.9069788735897092,0.0,7.638334409421077e-14
287.0,0.0,3.0042598349555485e-31,5.7503861976070434e-49,0.10281989496392924,0.9071801050361472,0.0,7.638334409421077e-14
287.25,0.0,2.948418363873617e-31,5.629483953521691e-49,0.10261907226069836,0.9073809277393782,0.0,7.66053886991358e-14
287.5,0.0,2.8937211800888685e-31,5.511386840797453e-49,0.10241865742678842,0.907581342573288,0.0,7.638334409421077e-14
287.75,0.0,2.8401428624932863e-31,5.396024232381852e-49,0.10221864959030198,0.9077813504097745,0.0,7.638334409421077e-14
288.0,0.0,2.7876585954144863e-31,5.283327409244486e-49,0.10201904788132557,0.907980952118751,0.0,7.66053886991358e-14
288.25,0.0,2.73624415329567e-31,5.1732295055881885e-49,0.10181985143192486,0.9081801485681517,0.0,7.66053886991358e-14
288.5,0.0,2.685875885764806e-31,5.065665455615551e-49,0.10162105937613976,0.9083789406239368,0.0,7.66053886991358e-14
288.75,0.0,2.6365307031112308e-31,4.96057194195642e-49,0.10142267084997966,0.9085773291500968,0.0,7.638334409421077e-14
289.0,0.0,2.588186062150137e-31,4.857887345659445e-49,0.1012246849914187,0.9087753150086577,0.0,7.638334409421077e-14
289.25,0.0,2.5408199524654884e-31,4.757551697705581e-49,0.10102710094039087,0.9089728990596856,0.0,7.638334409421077e-14
289.5,0.0,2.494410883017546e-31,4.659506631978592e-49,0.10082991783878524,0.9091700821612912,0.0,7.638334409421077e-14
289.75,0.0,2.448937869101156e-31,4.5636953396275825e-49,0.10063313483044131,0.9093668651696352,0.0,7.638334409421077e-14
290.0,0.0,2.404380419651974e-31,4.470062524813005e-49,0.10043675106114415,0.9095632489389324,0.0,7.66053886991358e-14
290.25,0.0,2.3607185249010057e-31,4.378554361844115e-49,0.1002407656786197,0.9097592343214568,0.0,7.638334409421077e-14
290.5,0.0,2.3179326443398433e-31,4.289118453520845e-49,0.10004517783253009,0.9099548221675464,0.0,7.66053886991358e-14
290.75,0.0,2.276003695010381e-31,4.2017037907572214e-49,0.09984998667446886,0.9101500133256076,0.0,7.638334409421077e-14
291.0,0.0,2.234913040103759e-31,4.1162607134134115e-49,0.09965519135795625,0.9103448086421202,0.0,7.638334409421077e-14
291.25,0.0,2.1946424778610724e-31,4.032740872304121e-49,0.09946079103843468,0.9105392089616419,0.0,7.66053886991358e-14
291.5,0.0,2.155174230764985e-31,3.951097192334088e-49,0.09926678487326375,0.9107332151268127,0.0,7.638334409421077e-14
291.75,0.0,2.11649093501139e-31,3.8712838367113986e-49,0.09907317202171598,0.9109268279783606,0.0,7.66053886991358e-14
292.0,0.0,2.0785756302587633e-31,3.7932561722313454e-49,0.09887995164497179,0.9111200483551046,0.0,7.638334409421077e-14
292.25,0.0,2.041411749655308e-31,3.7169707356359005e-49,0.09868712290611516,0.9113128770939614,0.0,7.66053886991358e-14
292.5,0.0,2.0049831101147245e-31,3.6423852009087775e-49,0.09849468497012875,0.9115053150299477,0.0,7.638334409421077e-14
292.75,0.0,1.9692739028510416e-31,3.569458347562577e-49,0.09830263700388948,0.911697362996187,0.0,7.638334409421077e-14
293.0,0.0,1.9342686841605965e-31,3.498150029862972e-49,0.09811097817616382,0.9118890218239126,0.0,7.638334409421077e-14
293.25,0.0,1.8999523664452315e-31,3.4284211469650835e-49,0.09791970765760323,0.9120802923424732,0.0,7.638334409421077e-14
293.5,0.0,1.8663102094681706e-31,3.3602336139245896e-49,0.09772882462073959,0.9122711753793369,0.0,7.638334409421077e-14
293.75,0.0,1.8333278118340354e-31,3.2935503335460555e-49,0.09753832823998061,0.9124616717600958,0.0,7.638334409421077e-14
294.0,0.0,1.8009911026910276e-31,3.2283351690623606e-49,0.09734821769160536,0.9126517823084711,0.0,7.638334409421077e-14
294.25,0.0,1.769286333655228e-31,3.1645529176483296e-49,0.09715849215375953,0.9128415078463169,0.0,7.638334409421077e-14
294.5,0.0,1.738200070934313e-31,3.102169284663399e-49,0.09696915080645115,0.9130308491936253,0.0,7.638334409421077e-14
294.75,0.0,1.707719187658626e-31,3.0411508586647948e-49,0.09678019283154583,0.9132198071685306,0.0,7.638334409421077e-14
295.0,0.0,1.6778308564102555e-31,2.981465087149512e-49,0.09659161741276251,0.9134083825873139,0.0,7.638334409421077e-14
295.25,0.0,1.6485225419454115e-31,2.9230802530059422e-49,0.0964034237356687,0.9135965762644077,0.0,7.638334409421077e-14
295.5,0.0,1.6197819941033568e-31,2.8659654516465247e-49,0.09621561098767617,0.9137843890124002,0.0,7.638334409421077e-14
295.75,0.0,1.5915972408951702e-31,2.8100905687927947e-49,0.09602817835803644,0.9139718216420399,0.0,7.638334409421077e-14
296.0,0.0,1.5639565817706856e-31,2.7554262589076993e-49,0.09584112503783626,0.9141588749622401,0.0,7.638334409421077e-14
296.25,0.0,1.536848581063464e-31,2.701943924276997e-49,0.09565445021999325,0.9143455497800832,0.0,7.638334409421077e-14
296.5,0.0,1.5102620615960994e-31,2.649615694660473e-49,0.09546815309925138,0.914531846900825,0.0,7.638334409421077e-14
296.75,0.0,1.484186098451891e-31,2.598414407543494e-49,0.09528223287217662,0.9147177671278998,0.0,7.638334409421077e-14
297.0,0.0,1.4586100129055423e-31,2.5483135889572145e-49,0.09509668873715246,0.914903311262924,0.0,7.638334409421077e-14
297.25,0.0,1.4335233665091237e-31,2.4992874348525824e-49,0.09491151989437553,0.9150884801057009,0.0,7.638334409421077e-14
297.5,0.0,1.408915955327978e-31,2.4513107930062373e-49,0.09472672554585124,0.9152732744542252,0.0,7.638334409421077e-14
297.75,0.0,1.3847778043212426e-31,2.404359145436361e-49,0.0945423048953893,0.9154576951046871,0.0,7.638334409421077e-14
298.0,0.0,1.3610991618656182e-31,2.3584085913242065e-49,0.09435825714859951,0.9156417428514769,0.0,7.638334409421077e-14
298.25,0.0,1.3378704944221793e-31,2.3134358304422914e-49,0.0941745815128873,0.9158254184871891,0.0,7.638334409421077e-14
298.5,0.0,1.3150824813323964e-31,2.269418147029291e-49,0.09399127719744929,0.9160087228026271,0.0,7.638334409421077e-14
298.75,0.0,1.292726009747958e-31,2.226333394134169e-49,0.09380834341326921,0.9161916565868072,0.0,7.638334409421077e-14
299.0,0.0,1.2707921696886164e-31,2.1841599784053665e-49,0.09362577937311332,0.916374220626963,0.0,7.638334409421077e-14
299.25,0.0,1.2492722492250467e-31,2.1428768453135253e-49,0.09344358429152624,0.9165564157085502,0.0,7.638334409421077e-14
299.5,0.0,1.228157729782502e-31,2.102463464790901e-49,0.09326175738482664,0.9167382426152497,0.0,7.638334409421077e-14
299.75,0.0,1.2074402815610434e-31,2.0628998172706046e-49,0.09308029787110288,0.9169197021289736,0.0,7.638334409421077e-14
300.0,0.0,1.1871117590711958e-31,2.0241663801221012e-49,0.09289920497020873,0.9171007950298676,0.0,7.638334409421077e-14
