time,R0,M1,M2,total_biomass,cumulative_death_loss,cumulative_cutoff_loss,budget_error
0.0,1.0,0.0,0.0,0.01,0.0,0.0,0.0
0.25,0.9995683536174828,4.1738492581174626e-05,4.4359378292560824e-05,0.010320976927568623,2.457158407486421e-05,0.0,0.0
0.5,0.9990839455256637,8.877001643026114e-05,9.34802193001526e-05,0.010683838968211883,4.996527039394716e-05,0.0,0.0
0.75,0.9985399473764286,0.00014181039422338294,0.00014795431191309762,0.011094001224008963,7.628669342599304e-05,0.0,0.0
1.0,0.997928622815967,0.00020167425753940443,0.00020844801022247374,0.011557599989663395,0.00010365492660773976,0.0,0.0
1.25,0.9972412047258634,0.00026928885959984434,0.00027571170632908435,0.012081590467490673,0.00013220424071694027,0.0,0.0
1.5,0.9964677552086095,0.0003457098917293152,0.0003505905308397936,0.012673858266195815,0.00016208610262555598,0.0,-2.220446049250313e-16
1.75,0.9955970066075213,0.0004321395060478819,0.0004340363834728177,0.013343346064782338,0.00019347143817567187,0.0,0.0
2.0,0.9946161814147396,0.0005299467999499844,0.000527121421435924,0.014100197175056365,0.00022655318881813105,0.0,0.0
2.25,0.9935107858835114,0.000640691387857378,0.0006310533414551842,0.01495592015542882,0.0002615492317472649,0.0,0.0
2.5,0.9922643776898585,0.0007661500120990539,0.0007471923879393506,0.015923574249058173,0.00029870566104490124,0.0,-2.220446049250313e-16
2.75,0.9908582988066206,0.0009083472681219076,0.0008770706573311502,0.017017982720360585,0.0003383005475658757,0.0,0.0
3.0,0.9892713732898677,0.0010695904730935802,0.00102241364974315,0.018255974402665957,0.00038064818462969373,0.0,2.220446049250313e-16
3.25,0.9874795669228369,0.001252509044974331,0.0011851641975000504,0.019656655971758027,0.0004261038629307717,0.0,0.0
3.5,0.9854555929785435,0.0014601003204738733,0.001367509758115159,0.021241727559340905,0.00047506938352672736,0.0,0.0
3.75,0.9831684720941921,0.0016957808195228825,0.0015719123764896847,0.023035835498769582,0.0005279992110257578,0.0,2.220446049250313e-16
4.0,0.9805830272287323,0.0019634452973450105,0.001801142463117771,0.025066977490899287,0.0005854075199057543,0.0,0.0
4.25,0.9776593078534099,0.0022675343017677305,0.0020583165682655715,0.027366965058191018,0.0006478762183657763,0.0,0.0
4.5,0.9743519493044521,0.0026131094838428614,0.002346938486051375,0.02997193883959025,0.0007160638860634053,0.0,0.0
4.75,0.970609429048168,0.0030059414106877033,0.0026709459575655118,0.03292296745297066,0.0007907161306081276,0.0,2.220446049250313e-16
5.0,0.9663732345855934,0.003452608038412835,0.0030347615528171492,0.036266718629215024,0.0008726771939616238,0.0,0.0
5.25,0.9615769218514156,0.003960606467350228,0.0034433486542609325,0.04005621992183061,0.0009629031051427185,0.0,0.0
5.5,0.9561450365418325,0.004538481431859134,0.003902273741100651,0.044351731524405934,0.0010624767608018535,0.0,0.0
5.75,0.949991915586706,0.0051959683454307955,0.004417773051167638,0.04922171825288147,0.0011726247638140681,0.0,0.0
6.0,0.9430203305761852,0.005944155697043231,0.0049968252087336865,0.0547439519583353,0.0012947365597026897,0.0,0.0
6.25,0.9351199451361258,0.006795670331066996,0.005647230453777239,0.06100676777607951,0.0014303863029504523,0.0,2.220446049250313e-16
6.5,0.926165615454701,0.007764881933821632,0.00637769314970974,0.06811045226311616,0.0015813571986515488,0.0,0.0
6.75,0.9160154637297654,0.008868135637068581,0.007197910363238663,0.07616882093597271,0.0017496693339547616,0.0,0.0
7.0,0.9045087439120919,0.010124010340158885,0.008118663098872282,0.08531097167757756,0.0019376109712994478,0.0,0.0
7.25,0.89146352630037,0.011553599455235273,0.009151906013634616,0.09568319498257823,0.002147773248182074,0.0,0.0
7.5,0.8766740956481311,0.013180827648924842,0.01031085899339755,0.10745112773128898,0.002383089978257509,0.0,0.0
7.75,0.8599082027413977,0.01503278603687995,0.011610088041982792,0.1208020417865381,0.00264688139320158,0.0,2.220446049250313e-16
8.0,0.8409041334493985,0.017140090835665953,0.013065573056560307,0.13594729958612936,0.002942903072245746,0.0,-2.220446049250313e-16
8.25,0.8193676760251196,0.019537256002214624,0.014694751504709187,0.15312491628931,0.003275400178646571,0.0,0.0
8.5,0.7949691941304694,0.022263054332705742,0.016516518493843824,0.17260206661043487,0.0036491664325461375,0.0,0.0
8.75,0.7673409890153674,0.02536084567758252,0.01855116266187724,0.19467739454973307,0.004069608095439797,0.0,2.220446049250313e-16
9.0,0.7360754007156856,0.02887881803647053,0.020820198551941973,0.21968277086145735,0.00454281183444461,0.0,0.0
9.25,0.7007243972859795,0.03287005078061285,0.023346034566164253,0.24798390286229902,0.005075614504944499,0.0,0.0
9.5,0.6608019655976687,0.03739224181855169,0.026151374620818315,0.27997874813461693,0.005675669828344599,0.0,2.220446049250313e-16
9.75,0.6157913564794755,0.042506851430037414,0.029258194893570053,0.31609208857987714,0.006351508617039947,0.0,2.220446049250313e-16
10.0,0.5651615327299748,0.048277138204869875,0.03268597758428938,0.3567627759953211,0.0071125754855449665,0.0,2.220446049250313e-16
10.25,0.5084003316856069,0.054764183578310796,0.03644864753050642,0.40241761423510625,0.007969222970469756,0.0,2.220446049250313e-16
10.5,0.44507994312431154,0.062019030385497886,0.04054906911080595,0.4534193381885308,0.008932619190853931,0.0,0.0
10.75,0.37498805064231044,0.07006693728136647,0.04496864645715009,0.5099618806202173,0.010014484998956057,0.0,4.440892098500626e-16
11.0,0.2984022344053483,0.07887447110381213,0.049646256216498506,0.571850554989915,0.011226483284426093,0.0,0.0
11.25,0.2167053422713068,0.08827588834485178,0.05443161591700532,0.6380082951288831,0.01257885833795305,0.0,0.0
11.5,0.13387813572278484,0.09779530983227512,0.05897209482975593,0.7052771341441898,0.014077325470994249,0.0,0.0
11.75,0.06007078665071991,0.1062244760774666,0.062439918284718,0.7655490803021776,0.015715738684917636,0.0,-2.220446049250313e-16
12.0,0.014555669831954637,0.11128510358399095,0.06331946124730431,0.8033779606980531,0.017461804638697096,0.0,2.220446049250313e-16
12.25,0.0018327468526234346,0.1124580942299651,0.061364328482488004,0.8150872160660422,0.019257614368881237,0.0,0.0
12.5,0.00018484919829191214,0.11230395094890859,0.058452129290430296,0.8179931760462152,0.02106589451615391,0.0,0.0
12.75,1.809932153669465e-05,0.11194939699364605,0.05540150961395394,0.8197525437304893,0.02287845034037402,0.0,0.0
13.0,1.76737441818967e-06,0.11154892851272215,0.05233335316806802,0.8214215424947604,0.02469440845003118,0.0,0.0
13.25,1.725979488886226e-07,0.11111646815026567,0.04926856683599642,0.8231010370250103,0.02651375539077877,0.0,0.0
13.5,1.6863024903325782e-08,0.1106514677477942,0.0462184957568129,0.8247934698408239,0.028336549791544097,0.0,0.0
13.75,1.6484863655277933e-09,0.11015188833420526,0.04319418553098787,0.8264910823675409,0.030162842118779516,0.0,0.0
14.0,1.6122775049191545e-10,0.10961548361491028,0.040207215256438195,0.8281846354521788,0.03199266551524492,0.0,0.0
14.25,1.5765231368370792e-11,0.1090399386119128,0.03726967205413673,0.8298643556163485,0.0338260337018366,0.0,-2.220446049250313e-16
14.5,1.535220199390425e-12,0.10842289930912312,0.034394008628920364,0.8315201523244904,0.035662939735930974,0.0,0.0
14.75,3.337317619406564e-13,0.10776199431298267,0.03159285469298944,0.8331417959063925,0.03750335508730158,0.0,0.0
15.0,0.0,0.10705485808354462,0.028878789274944465,0.8347191235894285,0.03934722905262751,0.0,5.451195050909519e-13
15.25,0.0,0.10629915614124741,0.02626407713607361,0.8362422781347935,0.04119448858796238,0.0,7.682743330406083e-14
15.5,0.0,0.10549261152511938,0.023760375214951095,0.8377019746166146,0.04304503864339199,0.0,7.704947790898586e-14
15.75,0.0,0.10463303144779915,0.021378418917329296,0.8390897865577469,0.04489876307720157,0.0,7.682743330406083e-14
16.0,0.0,0.10371833283535481,0.019127701882645835,0.8403984390736761,0.046755526208400136,0.0,7.682743330406083e-14
16.25,0.0,0.10274656557143153,0.017016167840966104,0.841622091548549,0.04861517503913029,0.0,7.682743330406083e-14
16.5,0.0,0.10171593121555876,0.01504993246333875,0.84275659415139,0.0504775421697893,0.0,7.682743330406083e-14
16.75,0.0,0.10062479813331772,0.013233067037519305,0.8437996854995727,0.05234244932966693,0.0,7.682743330406083e-14
17.0,0.0,0.09947170931049583,0.011567441423233233,0.8447511379268084,0.054209711339539356,0.0,7.682743330406083e-14
17.25,0.0,0.09825538432069654,0.010052670611593612,0.8456128045170361,0.05607914055075057,0.0,7.682743330406083e-14
17.5,0.0,0.0969747179553793,0.008686173436888999,0.846388557120195,0.05795055148761357,0.0,7.682743330406083e-14
17.75,0.0,0.0956287743609677,0.007463323401464102,0.847084136856305,0.05982376538133988,0.0,7.66053886991358e-14
18.0,0.0,0.0942167754692434,0.006377671254857085,0.8477069389915416,0.06169861428443479,0.0,7.682743330406083e-14
18.25,0.0,0.09273808651466382,0.005421240896376688,0.8482657279433992,0.06357494464563705,0.0,7.66053886991358e-14
18.5,0.0,0.09119221575788868,0.004584943793325441,0.8487702196788679,0.0654526207699948,0.0,7.682743330406083e-14
18.75,0.0,0.08957880542361979,0.0038589225269252524,0.8492307452570929,0.06733152679243892,0.0,7.682743330406083e-14
19.0,0.0,0.08789763300920754,0.0032329255432465218,0.8496578733274404,0.06921156812018223,0.0,7.66053886991358e-14
19.25,0.0,0.08614861901433214,0.002696644248935399,0.8500620647394105,0.07109267199739876,0.0,7.682743330406083e-14
19.5,0.0,0.084331841899439,0.002239999095500933,0.8504533717267856,0.07297478727835126,0.0,7.682743330406083e-14
19.75,0.0,0.0824475606226601,0.0018533665218063587,0.8508411893393918,0.07485788351621854,0.0,7.682743330406083e-14
20.0,0.0,0.08049624451900526,0.0015277446981985568,0.8512340612950781,0.07674194948779495,0.0,7.682743330406083e-14
20.25,0.0,0.0784786099852518,0.0012548613424703456,0.8516395373961899,0.0786269912761647,0.0,7.682743330406083e-14
20.5,0.0,0.0763956631915095,0.0010272308325280964,0.8520640759461308,0.08051303002990849,0.0,7.682743330406083e-14
20.75,0.0,0.07424874788738459,0.000838169846225997,0.8525129827641154,0.08240009950235086,0.0,7.682743330406083e-14
21.0,0.0,0.07203959729053729,0.0006817809362963014,0.8529903783210379,0.08428824345220526,0.0,7.66053886991358e-14
21.25,0.0,0.06977038889096351,0.0005529133895629025,0.8534991847459913,0.08617751297355908,0.0,7.682743330406083e-14
21.5,0.0,0.06744380090215785,0.0004471094155361827,0.854041125878501,0.08806796380388181,0.0,7.682743330406083e-14
21.75,0.0,0.06506306895922653,0.0003605413015599212,0.8546167361059565,0.08995965363333386,0.0,7.682743330406083e-14
22.0,0.0,0.0626320413452907,0.0002899459032765581,0.8552253732979586,0.09185263945355086,0.0,7.66053886991358e-14
22.25,0.0,0.06015523088392144,0.00023255868710246542,0.855865235484769,0.09374697494428394,0.0,7.682743330406083e-14
22.5,0.0,0.05763786113836422,0.0001860518099372612,0.8565333791192057,0.09564270793256965,0.0,7.682743330406083e-14
22.75,0.0,0.05508590451138589,0.0001484739722974918,0.8572257436240871,0.09753987789230634,0.0,7.682743330406083e-14
23.0,0.0,0.052506108920567625,0.00011819843476938839,0.8579371790839483,0.0994385135607914,0.0,7.66053886991358e-14
23.25,0.0,0.04990600997517378,9.387455836901661e-05,0.8586614848322459,0.10133863063428808,0.0,7.682743330406083e-14
23.5,0.0,0.047293924803188864,7.438581579411924e-05,0.8593914597799508,0.10324022960114293,0.0,7.66053886991358e-14
23.75,0.0,0.04467892376462874,5.8812616377426996e-05,0.8601189698903389,0.1051432937287317,0.0,7.682743330406083e-14
24.0,0.0,0.04207077615964227,4.6400549319311944e-05,0.8608350360350039,0.10704778725611125,0.0,7.66053886991358e-14
24.25,0.0,0.039479866456960604,3.653295367348602e-05,0.8615299467566342,0.10895365383280853,0.0,7.682743330406083e-14
24.5,0.0,0.03691707825845275,2.8707422293694094e-05,0.8621933990593111,0.11086081526001919,0.0,7.682743330406083e-14
24.75,0.0,0.034393644307098646,2.2516086106753488e-05,0.8628146690108713,0.11276917059599995,0.0,7.66053886991358e-14
25.0,0.0,0.03192096269897468,1.7628880301515498e-05,0.863382812738328,0.1146785956824726,0.0,7.66053886991358e-14
25.25,0.0,0.029510381615388246,1.3779602614026077e-05,0.8638868956317692,0.11658894315030513,0.0,7.66053886991358e-14
25.5,0.0,0.027172957734523606,1.0754181019577528e-05,0.8643162451328437,0.11850004295168995,0.0,7.682743330406083e-14
25.75,0.0,0.024919196438188,8.381030538197039e-06,0.8646607190790752,0.12041170345227536,0.0,7.66053886991358e-14
26.0,0.0,0.02275878505703606,6.5230376474322646e-06,0.8649109788108246,0.12232371309456852,0.0,7.66053886991358e-14
26.25,0.0,0.020700333032586615,5.070936189562558e-06,0.8650587534117957,0.12423584261950474,0.0,7.66053886991358e-14
26.5,0.0,0.018751134527214736,3.937916600107902e-06,0.8650970797571123,0.12614784779914964,0.0,7.66053886991358e-14
26.75,0.0,0.016916969490790013,3.055201427279912e-06,0.8650205027027259,0.1280594726051334,0.0,7.66053886991358e-14
27.0,0.0,0.015201957738464071,2.368438132521036e-06,0.8648252211187079,0.1299704527047722,0.0,7.66053886991358e-14
27.25,0.0,0.013608477455679039,1.8347892911174991e-06,0.8645091686021688,0.13188051915293775,0.0,7.66053886991358e-14
27.5,0.0,0.012137154742066192,1.4205749204533435e-06,0.8640720225503021,0.13378940213278798,0.0,7.682743330406083e-14
27.75,0.0,0.010786924865802407,1.0993739905699927e-06,0.8635151411680306,0.1356968345922532,0.0,7.682743330406083e-14
28.0,0.0,0.009555159923343663,8.505062349430175e-07,0.8628414339361004,0.13760255563439777,0.0,7.682743330406083e-14
28.25,0.0,0.008437851961459294,6.578163869440933e-07,0.8620551766852684,0.13950631353696216,0.0,7.682743330406083e-14
28.5,0.0,0.007429836701164253,5.087087323897259e-07,0.861161786281843,0.14140786830833707,0.0,7.66053886991358e-14
28.75,0.0,0.006525040750688964,3.93377401831982e-07,0.8601675721530915,0.14330699371889447,0.0,7.682743330406083e-14
29.0,0.0,0.00571673537564644,3.0420064076847596e-07,0.8590794816356063,0.1452034787881832,0.0,7.682743330406083e-14
29.25,0.0,0.004997781391502939,2.3526373692133068e-07,0.8579048546087411,0.14709712873609573,0.0,7.682743330406083e-14
29.5,0.0,0.004360853077428694,1.8197940293118418e-07,0.856651199504496,0.14898776543874898,0.0,7.66053886991358e-14
29.75,0.0,0.003798632590593434,1.4079537728865255e-07,0.8553259991661795,0.15087522744792653,0.0,7.66053886991358e-14
30.0,0.0,0.0033039702705375627,1.089621938805402e-07,0.8539365511213083,0.15275936964603704,0.0,7.682743330406083e-14
30.25,0.0,0.0028700094531632506,8.435438675365667e-08,0.8524898435814229,0.15464006261110383,0.0,7.66053886991358e-14
30.5,0.0,0.0024902775604112607,6.532815517548986e-08,0.8509924653392915,0.15651719177221884,0.0,7.682743330406083e-14
30.75,0.0,0.0021587462222951463,5.06139521923602e-08,0.8494505467483978,0.15839065641543154,0.0,7.66053886991358e-14
31.0,0.0,0.0018698652930795297,3.923109364119086e-08,0.8478697268681019,0.16026036860780168,0.0,7.66053886991358e-14
31.25,0.0,0.001618575291569355,3.0422596325193906e-08,0.8462551422014527,0.16212625208445836,0.0,7.682743330406083e-14
31.5,0.0,0.001400303308957351,2.3603459468937603e-08,0.8446114319450869,0.16398824114257293,0.0,7.66053886991358e-14
31.75,0.0,0.0012109462527162174,1.8322363349591617e-08,0.8429427558610563,0.16584627956394085,0.0,7.66053886991358e-14
32.0,0.0,0.0010468457533032612,1.4230163306273672e-08,0.8412528204212394,0.1677003195953707,0.0,7.66053886991358e-14
32.25,0.0,0.0009047574763029045,1.1057944442965608e-08,0.8395449104714992,0.16955032099433026,0.0,7.682743330406083e-14
32.5,0.0,0.0007818175824952157,8.598008174557464e-09,0.8378219236682546,0.1713962501513187,0.0,7.66053886991358e-14
32.75,0.0,0.000675508109817644,6.689001478062386e-09,0.8360864059112145,0.17323807929004303,0.0,7.66053886991358e-14
33.0,0.0,0.0005836225936668278,5.206905921352684e-09,0.8343405864549348,0.1750757857445692,0.0,7.682743330406083e-14
33.25,0.0,0.0005042330395040272,4.0555375161344605e-09,0.8325864115927332,0.17690935131230204,0.0,7.682743330406083e-14
33.5,0.0,0.0004356590173399074,3.160628902663894e-09,0.8308255761408583,0.17873876168124953,0.0,7.66053886991358e-14
33.75,0.0,0.00037643883114352514,2.464743127843069e-09,0.8290595527841323,0.1805640059200577,0.0,7.66053886991358e-14
34.0,0.0,0.0003253031136099274,1.9232099480923056e-09,0.8272896189355216,0.1823850760277353,0.0,7.66053886991358e-14
34.25,0.0,0.00028115132938692045,1.5015808137657637e-09,0.8255168806248562,0.1842019665442527,0.0,7.66053886991358e-14
34.5,0.0,0.00024303030500142322,1.173090536124018e-09,0.8237422943181961,0.18601467420378864,0.0,7.66053886991358e-14
34.75,0.0,0.00021011546363295462,9.170202703324633e-10,0.8219666859820004,0.18782319763742303,0.0,7.66053886991358e-14
35.0,0.0,0.00018169402029899882,7.173068225720404e-10,0.820190768151018,0.18962753711145283,0.0,7.66053886991358e-14
35.25,0.0,0.00015715012031302216,5.614272741624661e-10,0.8184151550192015,0.1914276942991349,0.0,7.66053886991358e-14
35.5,0.0,0.0001359521092271627,4.396953870348799e-10,0.8166403753638132,0.19322367208734093,0.0,7.66053886991358e-14
35.75,0.0,0.00011764110139233818,3.445681247272107e-10,0.8148668841495424,0.19501547440457373,0.0,7.66053886991358e-14
36.0,0.0,0.0001018212212904504,2.701898820555957e-10,0.813095072433291,0.19680310607530538,0.0,7.66053886991358e-14
36.25,0.0,8.815097515764e-05,2.1199936937237524e-10,0.8113252761209416,0.19858657269197816,0.0,7.682743330406083e-14
36.5,0.0,7.633583979410449e-05,1.6644362996028797e-10,0.8095577834881839,0.20036588050565507,0.0,7.66053886991358e-14
36.75,0.0,6.612184412033324e-05,1.3075808431248048e-10,0.8077928416934821,0.2021410363317162,0.0,7.66053886991358e-14
37.0,0.0,5.7289974623358045e-05,1.0278608718950786e-10,0.8060306624547462,0.20391204746792102,0.0,7.66053886991358e-14
37.25,0.0,4.9651392780123845e-05,8.084876181943493e-11,0.8042714269018715,0.20567892162457618,0.0,7.66053886991358e-14
37.5,0.0,4.304322533214742e-05,6.36323058683528e-11,0.8025152898479626,0.2074416668631497,0.0,7.66053886991358e-14
37.75,0.0,3.7325021036072094e-05,5.0112935442813754e-11,0.8007623833841879,0.20920029154473965,0.0,7.66053886991358e-14
38.0,0.0,3.237562990830289e-05,3.94899988219975e-11,0.7990128200459822,0.21095480428469623,0.0,7.66053886991358e-14
38.25,0.0,2.809054638901893e-05,3.113786631144766e-11,0.7972666955085058,0.2127052139140441,0.0,7.682743330406083e-14
38.5,0.0,2.4379608970772692e-05,2.4567480023799484e-11,0.7955240909204497,0.21445152944608872,0.0,7.682743330406083e-14
38.75,0.0,2.116500479487411e-05,1.9395242368139755e-11,0.7937850749284383,0.21619376004744836,0.0,7.682743330406083e-14
39.0,0.0,1.8379580590288047e-05,1.532128091706686e-11,0.7920497053906074,0.2179319150135578,0.0,7.66053886991358e-14
39.25,0.0,1.5965360003707408e-05,1.2110322338555902e-11,0.7903180308808213,0.2196660037471415,0.0,7.682743330406083e-14
39.5,0.0,1.3872287469414587e-05,9.578149941659897e-12,0.788590091963039,0.22139603573999023,0.0,7.66053886991358e-14
39.75,0.0,1.2057127853227334e-05,7.580034271005229e-12,0.7868659223076665,0.22312202055697702,0.0,7.682743330406083e-14
40.0,0.0,1.0482531789170913e-05,6.002359171709086e-12,0.7851455496397965,0.22484396782248856,0.0,7.66053886991358e-14
40.25,0.0,9.11622702785297e-06,4.75591816711135e-12,0.7834289965596144,0.2265618872086786,0.0,7.682743330406083e-14
40.5,0.0,7.930319205999493e-06,3.770541215271e-12,0.7817162812517935,0.2282757884253066,0.0,7.66053886991358e-14
40.75,0.0,6.900696216145152e-06,2.9911480223099508e-12,0.7800074180897824,0.2299856812110871,0.0,7.66053886991358e-14
41.0,0.0,6.00650313487787e-06,2.374268124214137e-12,0.7783024181685169,0.23169157532605078,0.0,7.682743330406083e-14
41.25,0.0,5.2297029175767485e-06,1.8857357937797246e-12,0.7766012897501052,0.23339348054516815,0.0,7.66053886991358e-14
41.5,0.0,4.554688886226022e-06,1.4986137120793679e-12,0.7749040386569755,0.2350914066527164,0.0,7.682743330406083e-14
41.75,0.0,3.967953888872793e-06,1.191658031401298e-12,0.7732106686075197,0.23678536343747644,0.0,7.66053886991358e-14
42.0,0.0,3.4578067868505744e-06,9.481490965245042e-13,0.7715211815037193,0.2384753606886223,0.0,7.66053886991358e-14
42.25,0.0,3.014121372235279e-06,7.548403834289666e-13,0.7698355776858726,0.240161408192077,0.0,7.682743330406083e-14
42.5,0.0,2.6281280780299476e-06,6.012978813267179e-13,0.768153856143893,0.24184351572750434,0.0,7.66053886991358e-14
42.75,0.0,2.29222837445733e-06,4.792687347859511e-13,0.7664760147055969,0.24352169306562607,0.0,7.66053886991358e-14
43.0,0.0,1.9998366258692304e-06,3.8222308311427125e-13,0.7648020501971239,0.2451959499659447,0.0,7.66053886991358e-14
43.25,0.0,1.745244941689536e-06,3.0500973007607185e-13,0.7631319585800241,0.2468662961748058,0.0,7.66053886991358e-14
43.5,0.0,1.5235025577378108e-06,2.4353635649675555e-13,0.761465735073606,0.24853274142366943,0.0,7.66053886991358e-14
43.75,0.0,1.3303155343944607e-06,1.9456487107139882e-13,0.7598033742566616,0.2501952954276861,0.0,7.66053886991358e-14
44.0,0.0,1.1619585346908521e-06,1.5553153847709273e-13,0.7581448701569375,0.251853967884449,0.0,7.682743330406083e-14
44.25,0.0,1.0151979353855646e-06,1.243992889737523e-13,0.7564902163291037,0.25350876847291315,0.0,7.66053886991358e-14
44.5,0.0,8.872269932105822e-07,9.955507501725045e-14,0.754839405920489,0.25515970685249495,0.0,7.682743330406083e-14
44.75,0.0,7.756087283311521e-07,7.972081015128115e-14,0.7531924317289834,0.2568067926622853,0.0,7.682743330406083e-14
45.0,0.0,6.782253220249597e-07,6.387363906012003e-14,0.7515492862543333,0.25845003552035756,0.0,7.66053886991358e-14
45.25,0.0,5.932374557843669e-07,5.1206050319709454e-14,0.7499099617393418,0.2600894450232279,0.0,7.66053886991358e-14
45.5,0.0,5.190463249274526e-07,4.1074308867033754e-14,0.7482744502083591,0.2617250307453516,0.0,7.66053886991358e-14
45.75,0.0,4.542617962530658e-07,3.2965216357037985e-14,0.7466427434995353,0.2633568022387123,0.0,7.682743330406083e-14
46.0,0.0,3.976753854564904e-07,2.647179432773685e-14,0.7450148332921804,0.26498476903248436,0.0,7.66053886991358e-14
46.25,0.0,3.482360448359086e-07,2.1270543825569964e-14,0.7433907111312744,0.2666089406327361,0.0,7.66053886991358e-14
46.5,0.0,3.0502854227770836e-07,1.710040375630273e-14,0.7417703684493465,0.2682293265221708,0.0,7.66053886991358e-14
46.75,0.0,2.6725689986034486e-07,1.3755600648574809e-14,0.7401537965832163,0.2698459361599468,0.0,7.66053886991358e-14
47.0,0.0,2.342280321766069e-07,1.1071378042786568e-14,0.7385409867905358,0.2714587789814976,0.0,7.66053886991358e-14
47.25,0.0,2.0533821569525618e-07,8.915748889603219e-15,0.736931930263456,0.2730678643983961,0.0,7.682743330406083e-14
47.5,0.0,1.8006166920759052e-07,7.183501407148608e-15,0.7353266181401507,0.2746732017982497,0.0,7.66053886991358e-14
47.75,0.0,1.5794057741130665e-07,5.79130544665724e-15,0.7337250415148746,0.2762748005446189,0.0,7.66053886991358e-14
48.0,0.0,1.385755975545029e-07,4.671707539025904e-15,0.7321271914475345,0.27787266997694005,0.0,7.66053886991358e-14
48.25,0.0,1.216184934995893e-07,3.770483877878931e-15,0.7305330589710965,0.2794668194104829,0.0,7.66053886991358e-14
48.5,0.0,1.067658575592552e-07,3.0448271289944263e-15,0.728942635097892,0.28105725813632404,0.0,7.66053886991358e-14
48.75,0.0,9.375293661236502e-08,2.4602326129018714e-15,0.727355910825817,0.28264399542132085,0.0,7.682743330406083e-14
49.0,0.0,8.234862967809994e-08,1.98890344090812e-15,0.7257728771433412,0.2842270405081039,0.0,7.66053886991358e-14
49.25,0.0,7.235129848947453e-08,1.6086155731798321e-15,0.7241935250336953,0.2858064026150815,0.0,7.682743330406083e-14
49.5,0.0,6.358509813440804e-08,1.3017889588103674e-15,0.7226178454785247,0.2873820909364526,0.0,7.66053886991358e-14
49.75,0.0,5.589640976232576e-08,1.0542355193811516e-15,0.7210458294614461,0.28895411464221976,0.0,7.66053886991358e-14
50.0,0.0,4.915073555436671e-08,8.541272167559565e-16,0.7194774679711305,0.29052248287820975,0.0,7.66053886991358e-14
50.25,0.0,4.323088273835928e-08,6.923762384499737e-16,0.7179127520030786,0.29208720476611466,0.0,7.66053886991358e-14
50.5,0.0,3.803436524178947e-08,5.615768848869251e-16,0.7163516725621913,0.2936482894035196,0.0,7.66053886991358e-14
50.75,0.0,3.347154591265079e-08,4.557386024607416e-16,0.7147942206645882,0.2952057458639421,0.0,7.66053886991358e-14
51.0,0.0,2.946401556809379e-08,3.7001720372305444e-16,0.713240387339186,0.2967595831968748,0.0,7.66053886991358e-14
51.25,0.0,2.5943244820273775e-08,3.0054586632051507e-16,0.711690163628999,0.29830981042783267,0.0,7.66053886991358e-14
51.5,0.0,2.28493616101499e-08,2.4426922510132244e-16,0.710143540592313,0.29985643655840183,0.0,7.66053886991358e-14
51.75,0.0,2.0129907277784378e-08,1.9868373471826673e-16,0.708600509303882,0.3013994705662872,0.0,7.66053886991358e-14
52.0,0.0,1.7738810371505037e-08,1.6166253783439196e-16,0.7070610608559024,0.30293892140536394,0.0,7.682743330406083e-14
52.25,0.0,1.563590818846262e-08,1.3160916838163138e-16,0.7055251863584305,0.3044747980057378,0.0,7.66053886991358e-14
52.5,0.0,1.3785979209447731e-08,1.0720212766597753e-16,0.703992876940301,0.3060071092737964,0.0,7.66053886991358e-14
52.75,0.0,1.2158152424189548e-08,8.7368366602858e-17,0.702464123749657,0.3075358640922671,0.0,7.66053886991358e-14
53.0,0.0,1.0725366368972129e-08,7.123684691227343e-17,0.7009389179544353,0.3090610713202751,0.0,7.682743330406083e-14
53.25,0.0,9.463917108953616e-09,5.810868337511391e-17,0.6994172507427564,0.3105827397934032,0.0,7.682743330406083e-14
53.5,0.0,8.353048340604613e-09,4.7428131051968505e-17,0.6978991133232773,0.31210087832375105,0.0,7.66053886991358e-14
53.75,0.0,7.374536736803887e-09,3.873864436586934e-17,0.6963844969255443,0.31361549569999564,0.0,7.66053886991358e-14
54.0,0.0,6.5123482555120735e-09,3.1652934376582993e-17,0.6948733928002777,0.31512660068745085,0.0,7.682743330406083e-14
54.25,0.0,5.7524699494042456e-09,2.587666800632823e-17,0.6933657922194751,0.31663420202813164,0.0,7.66053886991358e-14
54.5,0.0,5.082588228491065e-09,2.1165897061083912e-17,0.6918616864766747,0.31813830844081376,0.0,7.66053886991358e-14
54.75,0.0,4.491887960435024e-09,1.7321793818347175e-17,0.6903610668870922,0.31963892862109655,0.0,7.66053886991358e-14
55.0,0.0,3.970868815293697e-09,1.4182349653786867e-17,0.688863924787743,0.32113607124146487,0.0,7.682743330406083e-14
55.25,0.0,3.5111911267183628e-09,1.161692800904296e-17,0.6873702515375334,0.32262974495135216,0.0,7.66053886991358e-14
55.5,0.0,3.1055360961505785e-09,9.521019508545246e-18,0.685880038517338,0.32411995837720264,0.0,7.66053886991358e-14
55.75,0.0,2.7474651497715144e-09,7.808541016203927e-18,0.6843932771300774,0.3256067201225343,0.0,7.682743330406083e-14
56.0,0.0,2.4313028302932228e-09,6.4065344385481105e-18,0.682909958800773,0.3270900387680009,0.0,7.66053886991358e-14
56.25,0.0,2.152076909949994e-09,5.2589191935284916e-18,0.6814300749765438,0.32856992287145603,0.0,7.682743330406083e-14
56.5,0.0,1.905409495745177e-09,4.3191429902540266e-18,0.6799536171266521,0.33004638096801503,0.0,7.66053886991358e-14
56.75,0.0,1.6874475623402527e-09,3.549123266676582e-18,0.6784805767425109,0.33151942157011816,0.0,7.66053886991358e-14
57.0,0.0,1.4947995453334142e-09,2.917713494313157e-18,0.6770109453376839,0.3329890531675932,0.0,7.66053886991358e-14
57.25,0.0,1.324481897962444e-09,2.3996776150694e-18,0.6755447144478767,0.3344552842277181,0.0,7.66053886991358e-14
57.5,0.0,1.1738706105003335e-09,1.9747105161949487e-18,0.6740818756309223,0.3359181231952839,0.0,7.682743330406083e-14
57.75,0.0,1.0406526861902924e-09,1.6260414372336999e-18,0.672622420466767,0.33737757849265704,0.0,7.66053886991358e-14
58.0,0.0,9.227855574676734e-10,1.3394628379563614e-18,0.6711663405574496,0.3388336585198415,0.0,7.66053886991358e-14
58.25,0.0,8.184754814311868e-10,1.1039391602883434e-18,0.6697136275270593,0.34028637165454184,0.0,7.66053886991358e-14
58.5,0.0,7.261400375749551e-10,9.102935895790105e-19,0.6682642730217118,0.3417357262522249,0.0,7.66053886991358e-14
58.75,0.0,6.443837140315083e-10,7.509915067392108e-19,0.6668182687095111,0.34318173064618196,0.0,7.682743330406083e-14
59.0,0.0,5.719756520748533e-10,6.198478376056877e-19,0.6653756062805103,0.3446243931475908,0.0,7.682743330406083e-14
59.25,0.0,5.078308106286054e-10,5.118278821855174e-19,0.6639362774466685,0.34606372204557745,0.0,7.66053886991358e-14
59.5,0.0,4.5099287507620277e-10,4.2285845361468075e-19,0.6625002739418061,0.34749972560727793,0.0,7.704947790898586e-14
59.75,0.0,4.0061723288949654e-10,3.495659806697798e-19,0.6610675875215599,0.3489324120778996,0.0,7.66053886991358e-14
60.0,0.0,3.559566737279031e-10,2.89092567342918e-19,0.6596382099633372,0.35036178968078274,0.0,7.66053886991358e-14
60.25,0.0,3.1635349164723215e-10,2.39196900093339e-19,0.6582121330662615,0.3517878666174618,0.0,7.682743330406083e-14
60.5,0.0,2.8122634753741667e-10,1.9801151671979564e-19,0.6567893486511244,0.35321065106772614,0.0,7.682743330406083e-14
60.75,0.0,2.500615508137394e-10,1.6399761361215384e-19,0.6553698485603339,0.3546301511896814,0.0,7.682743330406083e-14
61.0,0.0,2.2240512006085538e-10,1.3588741047109994e-19,0.6539536246578618,0.3560463751198098,0.0,7.66053886991358e-14
61.25,0.0,1.9785603709537225e-10,1.1264427453462162e-19,0.6525406688291896,0.357459330973031,0.0,7.66053886991358e-14
61.5,0.0,1.760601236891725e-10,9.342515110765806e-20,0.6511309729812539,0.3588690268427626,0.0,7.66053886991358e-14
61.75,0.0,1.5670396960105326e-10,7.752981558156289e-20,0.6497245290423928,0.36027547080098005,0.0,7.682743330406083e-14
62.0,0.0,1.3950981104257082e-10,6.436487773815828e-20,0.6483213289622899,0.361678670898277,0.0,7.66053886991358e-14
62.25,0.0,1.2423260481617704e-10,5.346081140724471e-20,0.646921364711919,0.36307863516392513,0.0,7.66053886991358e-14
62.5,0.0,1.1065534835551853e-10,4.442557814831157e-20,0.6455246282834874,0.364475371605934,0.0,7.682743330406083e-14
62.75,0.0,9.858591701097703e-11,3.6934988192669533e-20,0.6441311116903803,0.3658688882111106,0.0,7.682743330406083e-14
63.0,0.0,8.785418627265492e-11,3.0720992803514065e-20,0.642740806967104,0.3672591929451185,0.0,7.66053886991358e-14
63.25,0.0,7.830957722947524e-11,2.5563458582638567e-20,0.6413537061692296,0.3686462937525377,0.0,7.682743330406083e-14
63.5,0.0,6.981882771461864e-11,2.128246167688101e-20,0.6399698013733349,0.3700301985569231,0.0,7.682743330406083e-14
63.75,0.0,6.226379138571694e-11,1.7728133977137797e-20,0.6385890846769493,0.37141091526086367,0.0,7.66053886991358e-14
64.0,0.0,5.553957380577644e-11,1.4773390588202647e-20,0.6372115481984958,0.3727884517460413,0.0,7.66053886991358e-14
64.25,0.0,4.9553433930924155e-11,1.2316842101577606e-20,0.6358371840772342,0.3741628158732892,0.0,7.682743330406083e-14
64.5,0.0,4.4223089362111926e-11,1.0273641447995302e-20,0.6344659844732032,0.37553401548265036,0.0,7.66053886991358e-14
64.75,0.0,3.9475551127863957e-11,8.573380374354678e-21,0.6330979415671654,0.3769020583934358,0.0,7.66053886991358e-14
65.0,0.0,3.5246064106281746e-11,7.157638056892016e-21,0.6317330475605479,0.3782669524042827,0.0,7.66053886991358e-14
65.25,0.0,3.1477199948716744e-11,5.978233767666005e-21,0.6303712946753873,0.3796287052932122,0.0,7.66053886991358e-14
65.5,0.0,2.8118033042411965e-11,4.9955982609008905e-21,0.6290126751542716,0.38098732481768705,0.0,7.66053886991358e-14
65.75,0.0,2.512332997982201e-11,4.176677425018184e-21,0.6276571812602839,0.3823428187146695,0.0,7.682743330406083e-14
66.0,0.0,2.245286044657325e-11,3.493416363242487e-21,0.6263048052769454,0.38369519470067837,0.0,7.66053886991358e-14
66.25,0.0,2.0070979240689623e-11,2.92326062680499e-21,0.6249555395081593,0.38504446047184643,0.0,7.66053886991358e-14
66.5,0.0,1.7946002577670198e-11,2.447291266050048e-21,0.6236093762781533,0.3863906237039775,0.0,7.66053886991358e-14
66.75,0.0,1.6049772214035946e-11,2.0497548096446907e-21,0.6222663079314239,0.38773369205260316,0.0,7.682743330406083e-14
67.0,0.0,1.4357259265228638e-11,1.7175345255448253e-21,0.6209263268326798,0.38907367315303976,0.0,7.682743330406083e-14
67.25,0.0,1.284622383821151e-11,1.43976840601611e-21,0.6195894253667857,0.3904105746204449,0.0,7.682743330406083e-14
67.5,0.0,1.1496905672591181e-11,1.2074947045163232e-21,0.6182555959387064,0.3917444040498735,0.0,7.682743330406083e-14
67.75,0.0,1.0291720959701773e-11,1.013205631307056e-21,0.6169248309734505,0.39307516901633455,0.0,7.682743330406083e-14
68.0,0.0,9.215003600726752e-12,8.5052157434387e-22,0.6155971229160149,0.39440287707484695,0.0,7.682743330406083e-14
68.25,0.0,8.25284403418345e-12,7.142770074956439e-22,0.6142724642313288,0.3957275357604953,0.0,7.682743330406083e-14
68.5,0.0,7.3928560438674e-12,6.001284699965681e-22,0.612950847404198,0.3970491525884859,0.0,7.682743330406083e-14
68.75,0.0,6.624011249983174e-12,5.044469878071763e-22,0.6116322649392507,0.3983677350542021,0.0,7.682743330406083e-14
69.0,0.0,5.9364887162737065e-12,4.242006678919999e-22,0.6103167093608803,0.39968329063325997,0.0,7.682743330406083e-14
69.25,0.0,5.321545300892525e-12,3.5686878706984418e-22,0.609004173213192,0.40099582678156326,0.0,7.682743330406083e-14
69.5,0.0,4.771397756329944e-12,3.0036239297361063e-22,0.6076946490599466,0.40230535093535874,0.0,7.682743330406083e-14
69.75,0.0,4.2791075750316596e-12,2.5292638978502664e-22,0.6063881294845066,0.4036118705112911,0.0,7.682743330406083e-14
70.0,0.0,3.83848235272692e-12,2.130674051376316e-22,0.6050846070897808,0.40491539290645756,0.0,7.682743330406083e-14
70.25,0.0,3.444012811656757e-12,1.7956818785703343e-22,0.60378407449817,0.40621592549846286,0.0,7.682743330406083e-14
70.5,0.0,3.0907842476408174e-12,1.5140264623232953e-22,0.602486524351513,0.40751347564547313,0.0,7.682743330406083e-14
70.75,0.0,2.7744127516650444e-12,1.2771062102219221e-22,0.6011919493110314,0.4088080506862709,0.0,7.66053886991358e-14
71.0,0.0,2.490987264798955e-12,1.0777106336678527e-22,0.5999003420572773,0.4100996579403086,0.0,7.682743330406083e-14
71.25,0.0,2.2370194597395906e-12,9.09821716066507e-23,0.5986116952900767,0.41138830470776294,0.0,7.66053886991358e-14
71.5,0.0,2.009398138300849e-12,7.684309787307038e-23,0.5973260017284787,0.4126739982695886,0.0,7.66053886991358e-14
71.75,0.0,1.8053448310345152e-12,6.493182593187718e-23,0.5960432541106995,0.413956745887572,0.0,7.682743330406083e-14
72.0,0.0,1.6223756302390745e-12,5.488872653969403e-23,0.59476344519407,0.4152365548043844,0.0,7.66053886991358e-14
72.25,0.0,1.4582762562568293e-12,4.641883200002578e-23,0.5934865677549825,0.41651343224363596,0.0,7.682743330406083e-14
72.5,0.0,1.3110679133953669e-12,3.9272862921618565e-23,0.5922126145888374,0.4177873854099284,0.0,7.682743330406083e-14
72.75,0.0,1.1789823545830225e-12,3.3241166984134226e-23,0.5909415785099897,0.4190584214889081,0.0,7.682743330406083e-14
73.0,0.0,1.0604392270294455e-12,2.814741816266862e-23,0.5896734523516971,0.4203265476473193,0.0,7.682743330406083e-14
73.25,0.0,9.540264149616977e-13,2.3843897766127744e-23,0.5884082289660664,0.42159177103305645,0.0,7.682743330406083e-14
73.5,0.0,8.584821427977273e-13,2.0207161740644978e-23,0.5871459012240013,0.42285409877521696,0.0,7.682743330406083e-14
73.75,0.0,7.726776009707123e-13,1.713289667060881e-23,0.5858864620151504,0.42411353798415374,0.0,7.682743330406083e-14
74.0,0.0,6.956019594158182e-13,1.4532062209189753e-23,0.5846299042478539,0.42537009575152734,0.0,7.682743330406083e-14
74.25,0.0,6.263523660737838e-13,1.2331198950315291e-23,0.5833762208490925,0.426623779150358,0.0,7.682743330406083e-14
74.5,0.0,5.641205831168463e-13,1.0468065297514917e-23,0.582125404764435,0.42787459523507776,0.0,7.682743330406083e-14
74.75,0.0,5.081830981753095e-13,8.890145390711003e-24,0.5808774489579864,0.42912255104158226,0.0,7.682743330406083e-14
75.0,0.0,4.578921392507956e-13,7.553128062501217e-24,0.5796323464123365,0.43036765358728235,0.0,7.66053886991358e-14
75.25,0.0,4.1266785414421306e-13,6.419755471548922e-24,0.5783900901285085,0.4316099098711556,0.0,7.682743330406083e-14
75.5,0.0,3.719911857436447e-13,5.458768812611431e-24,0.5771506731259071,0.43284932687379774,0.0,7.682743330406083e-14
75.75,0.0,3.3539697409016604e-13,4.643678056143295e-24,0.5759140884422677,0.4340859115574737,0.0,7.682743330406083e-14
76.0,0.0,3.024679865196044e-13,3.951831419737383e-24,0.5746803291336053,0.4353196708661691,0.0,7.682743330406083e-14
76.25,0.0,2.7283085356699056e-13,3.364437728961799e-24,0.5734493882741636,0.4365506117256404,0.0,7.682743330406083e-14
76.5,0.0,2.4615076104384936e-13,2.865533817541568e-24,0.572221258956364,0.43777874104346665,0.0,7.682743330406083e-14
76.75,0.0,2.2212747306643893e-13,2.4416082620884516e-24,0.5709959342907553,0.4390040657090993,0.0,7.682743330406083e-14
77.0,0.0,2.004917177758959e-13,2.0812242537185813e-24,0.5697734074059635,0.4402265925939129,0.0,7.682743330406083e-14
77.25,0.0,1.8100203205255563e-13,1.7747312449225458e-24,0.5685536714486401,0.4414463285512557,0.0,7.682743330406083e-14
77.5,0.0,1.6344188507133836e-13,1.514001523379185e-24,0.5673367195834139,0.44266328041649944,0.0,7.682743330406083e-14
77.75,0.0,1.4761690038386586e-13,1.2921277628633343e-24,0.5661225449928395,0.44387745500708975,0.0,7.704947790898586e-14
78.0,0.0,1.3335244397041423e-13,1.1031923453966705e-24,0.5649111408773478,0.44508885912259566,0.0,7.682743330406083e-14
78.25,0.0,1.2049195150281394e-13,9.422606523132234e-25,0.5637025004551967,0.44629749954475967,0.0,7.682743330406083e-14
78.5,0.0,1.0889478947322816e-13,8.051297107235317e-25,0.5624966169624209,0.4475033830375471,0.0,7.704947790898586e-14
78.75,0.0,9.843463359031468e-14,6.882310111272442e-25,0.5612934836527826,0.4487065163471957,0.0,7.682743330406083e-14
79.0,0.0,8.89979946198123e-14,5.885345241740658e-25,0.560093093797723,0.4499069062022649,0.0,7.704947790898586e-14
79.25,0.0,8.048292770014352e-14,5.034746110754364e-25,0.5588954406863114,0.451104559313685,0.0,7.682743330406083e-14
79.5,0.0,7.279785490608041e-14,4.30882474650704e-25,0.5577005176251982,0.45229948237480594,0.0,7.704947790898586e-14
79.75,0.0,6.586043077180588e-14,3.689097742780827e-25,0.5565083179385643,0.4534916820614467,0.0,7.682743330406083e-14
80.0,0.0,5.95965541831407e-14,3.1596989290910965e-25,0.5553188349680737,0.4546811650319436,0.0,7.682743330406083e-14
80.25,0.0,5.393967111451993e-14,2.7073326189560305e-25,0.5541320620728238,0.45586793792719904,0.0,7.682743330406083e-14
80.5,0.0,4.882990046188186e-14,2.320644679110734e-25,0.5529479926292981,0.45705200737072993,0.0,7.682743330406083e-14
80.75,0.0,4.421336381885197e-14,1.9899655109155112e-25,0.5517666200313167,0.458233379968716,0.0,7.682743330406083e-14
81.0,0.0,4.004157595843224e-14,1.7070594254400718e-25,0.5505879376899889,0.45941206231004794,0.0,7.704947790898586e-14
81.25,0.0,3.627090967631763e-14,1.4649294378899842e-25,0.549411939033665,0.46058806096637556,0.0,7.682743330406083e-14
81.5,0.0,3.286210724115566e-14,1.2576396002422282e-25,0.5482386175078886,0.4617613824921554,0.0,7.682743330406083e-14
81.75,0.0,2.9779810673111316e-14,1.0801169341067848e-25,0.5470679665753482,0.46293203342469896,0.0,7.682743330406083e-14
82.0,0.0,2.6992151381862445e-14,9.279979322419592e-26,0.5458999797158302,0.46410002028421976,0.0,7.682743330406083e-14
82.25,0.0,2.4470455854567742e-14,7.976089727735585e-26,0.5447346504261713,0.4652653495738811,0.0,7.682743330406083e-14
82.5,0.0,2.218888337818133e-14,6.858046471539801e-26,0.5435719722202111,0.4664280277798435,0.0,7.682743330406083e-14
82.75,0.0,2.0124145315184394e-14,5.898981770631588e-26,0.5424119386287451,0.4675880613713116,0.0,7.682743330406083e-14
83.0,0.0,1.825524968820262e-14,5.075943109660579e-26,0.5412545431994772,0.4687454568005814,0.0,7.682743330406083e-14
83.25,0.0,1.6563276315210773e-14,4.369366115252357e-26,0.5400997794969731,0.4699002205030872,0.0,7.682743330406083e-14
83.5,0.0,1.503117137703257e-14,3.7625954856499207e-26,0.5389476411026134,0.47105235889744845,0.0,7.682743330406083e-14
83.75,0.0,1.3643550289419183e-14,3.241357983003413e-26,0.5377981216145472,0.47220187838551597,0.0,7.682743330406083e-14
84.0,0.0,1.2386524979120224e-14,2.7933508823096816e-26,0.5366512146476454,0.47334878535241914,0.0,7.704947790898586e-14
84.25,0.0,1.1247578108193636e-14,2.408170711060548e-26,0.5355069138334541,0.4744930861666117,0.0,7.704947790898586e-14
84.5,0.0,1.0215410873604047e-14,2.0768865379610205e-26,0.5343652128201485,0.4756347871799182,0.0,7.682743330406083e-14
84.75,0.0,9.279823875133946e-15,1.7918471883432092e-26,0.5332261052724874,0.4767738947275803,0.0,7.704947790898586e-14
85.0,0.0,8.431608666388764e-15,1.546497111399987e-26,0.5320895848717662,0.4779104151283024,0.0,7.704947790898586e-14
85.25,0.0,7.662452025809922e-15,1.335230561996054e-26,0.5309556453157714,0.4790443546842978,0.0,7.682743330406083e-14
85.5,0.0,6.964848434232344e-15,1.1532592361881466e-26,0.5298242803187359,0.4801757196813341,0.0,7.704947790898586e-14
85.75,0.0,6.332016241764409e-15,9.964684643165163e-27,0.5286954836112916,0.481304516388779,0.0,7.704947790898586e-14
86.0,0.0,5.757824003244361e-15,8.613040755841727e-27,0.5275692489404253,0.4824307510596457,0.0,7.682743330406083e-14
86.25,0.0,5.236736066112257e-15,7.447479212552481e-27,0.5264455700694334,0.48355442993063824,0.0,7.682743330406083e-14
86.5,0.0,4.763747765316131e-15,6.44202301479565e-27,0.5253244407778757,0.4846755592221964,0.0,7.682743330406083e-14
86.75,0.0,4.334334211346487e-15,5.574353230545301e-27,0.5242058548615314,0.48579414513854124,0.0,7.704947790898586e-14
87.0,0.0,3.944403643181966e-15,4.825291432791605e-27,0.5230898061323533,0.48691019386771955,0.0,7.682743330406083e-14
87.25,0.0,3.590256147259123e-15,4.17838667477167e-27,0.5219762884184244,0.48802371158164903,0.0,7.704947790898586e-14
87.5,0.0,3.2685458861393007e-15,3.619540942719361e-27,0.5208652955639111,0.4891347044361625,0.0,7.682743330406083e-14
87.75,0.0,2.976244979026742e-15,3.136606935787112e-27,0.519756821429021,0.49024317857105293,0.0,7.704947790898586e-14
88.0,0.0,2.71061167553986e-15,2.7190693587241184e-27,0.5186508598899567,0.4913491401101174,0.0,7.682743330406083e-14
88.25,0.0,2.4691665305090004e-15,2.3579629247482704e-27,0.5175474048388727,0.4924525951612016,0.0,7.682743330406083e-14
88.5,0.0,2.249664445348062e-15,2.045551311980816e-27,0.5164464501838307,0.49355354981624405,0.0,7.704947790898586e-14
88.75,0.0,2.050072372682798e-15,1.77516877477301e-27,0.5153479898487551,0.49465201015131977,0.0,7.682743330406083e-14
89.0,0.0,1.8685489952640153e-15,1.5410712004127734e-27,0.5142520177733905,0.4957479822266846,0.0,7.704947790898586e-14
89.25,0.0,1.7034266979509738e-15,1.3383163791281405e-27,0.5131585279132568,0.4968414720868185,0.0,7.704947790898586e-14
89.5,0.0,1.55319505941495e-15,1.1626555135773975e-27,0.5120675142396057,0.49793248576046967,0.0,7.704947790898586e-14
89.75,0.0,1.4164850895911803e-15,1.0104179698712883e-27,0.5109789707393779,0.4990210292606976,0.0,7.704947790898586e-14
90.0,0.0,1.2920553034182223e-15,8.78419323073691e-28,0.509892891415159,0.5001071085849167,0.0,7.704947790898586e-14
90.25,0.0,1.178781163610634e-15,7.639341356712869e-28,0.5088092702851362,0.5011907297149395,0.0,7.704947790898586e-14
90.5,0.0,1.0756428617521592e-15,6.646045422590473e-28,0.507728101383056,0.5022718986170198,0.0,7.704947790898586e-14
90.75,0.0,9.81715490259165e-16,5.783933135089224e-28,0.5066493787581804,0.5033506212418957,0.0,7.704947790898586e-14
91.0,0.0,8.961600784352044e-16,5.035399933659485e-28,0.5055730964752438,0.5044269035248322,0.0,7.704947790898586e-14
91.25,0.0,8.182156209225749e-16,4.385253938917477e-28,0.5044992486144118,0.5055007513856644,0.0,7.704947790898586e-14
91.5,0.0,7.471917722780086e-16,3.820394425035184e-28,0.5034278292712364,0.5065721707288398,0.0,7.704947790898586e-14
91.75,0.0,6.824618811418552e-16,3.3294736981014613e-28,0.5023588325566155,0.5076411674434608,0.0,7.704947790898586e-14
92.0,0.0,6.234568198798276e-16,2.902625504842932e-28,0.5012922525967489,0.5087077474033274,0.0,7.704947790898586e-14
92.25,0.0,5.696602512691809e-16,2.5313746749977957e-28,0.5002280835330974,0.5097719164669791,0.0,7.704947790898586e-14
92.5,0.0,5.206032202439805e-16,2.2083704416416904e-28,0.4991663195223394,0.510833680477737,0.0,7.704947790898586e-14
92.75,0.0,4.758597682119332e-16,1.9272443002931094e-28,0.49810695473633015,0.5118930452637465,0.0,7.704947790898586e-14
93.0,0.0,4.350429300292977e-16,1.682477885121382e-28,0.4970499833620586,0.512950016638018,0.0,7.704947790898586e-14
93.25,0.0,3.978011658488484e-16,1.4692953114537667e-28,0.49599539960160655,0.5140046003984701,0.0,7.704947790898586e-14
93.5,0.0,3.6381508846847005e-16,1.2835657257569465e-28,0.4949431976721069,0.5150568023279697,0.0,7.704947790898586e-14
93.75,0.0,3.3279434669972456e-16,1.1217017861033856e-28,0.4938933718057018,0.5161066281943749,0.0,7.704947790898586e-14
94.0,0.0,3.044748576713534e-16,9.805775891748024e-29,0.4928459162495009,0.5171540837505758,0.0,7.704947790898586e-14
94.25,0.0,2.786166599276826e-16,8.574985195405043e-29,0.4918008252655413,0.5181991747345354,0.0,7.704947790898586e-14
94.5,0.0,2.5500148966190746e-16,7.501215881230721e-29,0.4907580931307451,0.5192419068693316,0.0,7.704947790898586e-14
94.75,0.0,2.3343079993112715e-16,6.564114574038089e-29,0.4897177141368791,0.5202822858631977,0.0,7.704947790898586e-14
95.0,0.0,2.137239513037601e-16,5.745997528827072e-29,0.4886796825905133,0.5213203174095634,0.0,7.704947790898586e-14
95.25,0.0,1.9571659541745215e-16,5.0315169986300377e-29,0.4876439928129809,0.5223560071870958,0.0,7.704947790898586e-14
95.5,0.0,1.7925919118133782e-16,4.4073593208809664e-29,0.4866106391403368,0.5233893608597401,0.0,7.704947790898586e-14
95.75,0.0,1.6421559331051463e-16,3.8619331360293875e-29,0.48557961592331733,0.5244203840767595,0.0,7.704947790898586e-14
96.0,0.0,1.5046179581510723e-16,3.3851157512715365e-29,0.48455091752729995,0.5254490824727769,0.0,7.704947790898586e-14
96.25,0.0,1.3788494703848152e-16,2.9681516540932075e-29,0.4835245383322628,0.5264754616678141,0.0,7.704947790898586e-14
96.5,0.0,1.263822500539854e-16,2.60340897186463e-29,0.48250047273274427,0.5274995272673325,0.0,7.682743330406083e-14
96.75,0.0,1.1586005739189395e-16,2.2842405402282366e-29,0.48147871513780327,0.5285212848622736,0.0,7.704947790898586e-14
97.0,0.0,1.062330434508374e-16,2.004855855566855e-29,0.4804592599709789,0.529540740029098,0.0,7.704947790898586e-14
97.25,0.0,9.742346352051868e-17,1.760215448617506e-29,0.47944210167025064,0.5305578983298262,0.0,7.704947790898586e-14
97.5,0.0,8.936047304137498e-17,1.5459353137524424e-29,0.4784272346879989,0.531572765312078,0.0,7.704947790898586e-14
97.75,0.0,8.197948070704745e-17,1.3581890134880548e-29,0.4774146534909649,0.532585346509112,0.0,7.704947790898586e-14
98.0,0.0,7.522157121554054e-17,1.1936275588278781e-29,0.47640435256021135,0.5335956474398655,0.0,7.704947790898586e-14
98.25,0.0,6.903304826951296e-17,1.0493448720516662e-29,0.4753963263910833,0.5346036736089935,0.0,7.682743330406083e-14
98.5,0.0,6.336492968557967e-17,9.228016249749497e-30,0.4743905694931685,0.5356094305069085,0.0,7.704947790898586e-14
98.75,0.0,5.817252881468706e-17,8.117804314551432e-30,0.473387076390258,0.5366129236098188,0.0,7.682743330406083e-14
99.0,0.0,5.341507156363099e-17,7.1434468655495e-30,0.47238584162030783,0.5376141583797691,0.0,7.704947790898586e-14
99.25,0.0,4.9055352765160366e-17,6.2880441805155675e-30,0.4713868597353992,0.5386131402646778,0.0,7.704947790898586e-14
99.5,0.0,4.5059420217424954e-17,5.536853894145144e-30,0.4703901253017001,0.5396098746983768,0.0,7.704947790898586e-14
99.75,0.0,4.1396274704910546e-17,4.876976889384614e-30,0.46939563289942676,0.5406043671006502,0.0,7.704947790898586e-14
100.0,0.0,3.803760169895173e-17,4.2970987272090854e-30,0.46840337712280433,0.5415966228772725,0.0,7.682743330406083e-14
100.25,0.0,3.4957556954793183e-17,3.787370630386051e-30,0.4674133525800293,0.5425866474200476,0.0,7.704947790898586e-14
100.5,0.0,3.2132531936742754e-17,3.3391659659812775e-30,0.46642555389323004,0.5435744461068469,0.0,7.704947790898586e-14
100.75,0.0,2.954095804721003e-17,2.9449327791753575e-30,0.46543997569842926,0.5445600243016476,0.0,7.704947790898586e-14
101.0,0.0,2.7163127352965443e-17,2.5980587039266323e-30,0.46445661264550586,0.5455433873545711,0.0,7.704947790898586e-14
101.25,0.0,2.4981031396960667e-17,2.2927582737317775e-30,0.4634754593981562,0.5465245406019207,0.0,7.682743330406083e-14
101.5,0.0,2.2978212863483588e-17,2.0239709521088143e-30,0.46249651063385677,0.5475034893662202,0.0,7.704947790898586e-14
101.75,0.0,2.1139624860625528e-17,1.787258188987309e-30,0.4615197610438262,0.5484802389562508,0.0,7.704947790898586e-14
102.0,0.0,1.9451504781315074e-17,1.5787182030614762e-30,0.46054520533298715,0.5494547946670897,0.0,7.682743330406083e-14
102.25,0.0,1.7901272609868594e-17,1.3949444076185194e-30,0.45957283821992934,0.5504271617801476,0.0,7.704947790898586e-14
102.5,0.0,1.6477420667390914e-17,1.2329458424163055e-30,0.45860265443687126,0.5513973455632056,0.0,7.682743330406083e-14
102.75,0.0,1.5169421012616015e-17,1.0900976666570096e-30,0.4576346487296234,0.5523653512704536,0.0,7.704947790898586e-14
103.0,0.0,1.3967640571403728e-17,9.640959113461624e-31,0.4566688158575505,0.5533311841425265,0.0,7.704947790898586e-14
103.25,0.0,1.2863264674319349e-17,8.529195367848518e-31,0.4557051505935346,0.5542948494065423,0.0,7.682743330406083e-14
103.5,0.0,1.1848226631394937e-17,7.547960924071291e-31,0.45474364772393805,0.5552563522761389,0.0,7.704947790898586e-14
103.75,0.0,1.0915140971479678e-17,6.681672720176986e-31,0.453784302048566,0.556215697951511,0.0,7.704947790898586e-14
104.0,0.0,1.0057243467873215e-17,5.916602458307294e-31,0.45282710838063,0.557172891619447,0.0,7.704947790898586e-14
104.25,0.0,9.268342381868953e-18,5.240729287910781e-31,0.45187206154671117,0.5581279384533658,0.0,7.704947790898586e-14
104.5,0.0,8.542766048001738e-18,4.643474249770305e-31,0.45091915638672336,0.5590808436133536,0.0,7.704947790898586e-14
104.75,0.0,7.875318587413994e-18,4.115530797282558e-31,0.4499683877538767,0.5600316122462002,0.0,7.704947790898586e-14
105.0,0.0,7.261239281154249e-18,3.6487101902614375e-31,0.4490197505146412,0.5609802494854358,0.0,7.704947790898586e-14
105.25,0.0,6.696165896591597e-18,3.2358112002884545e-31,0.44807323954871003,0.5619267604513669,0.0,7.704947790898586e-14
105.5,0.0,6.1761008804883225e-18,2.8705021512651993e-31,0.4471288497489639,0.5628711502511131,0.0,7.704947790898586e-14
105.75,0.0,5.6973793315106e-18,2.5472033057005535e-31,0.4461865760214344,0.5638134239786426,0.0,7.704947790898586e-14
106.0,0.0,5.25664016754958e-18,2.260988465961498e-31,0.4452464132852682,0.564753586714809,0.0,7.72715225139109e-14
106.25,0.0,4.8508025003799906e-18,2.007531995518322e-31,0.44430835647269074,0.5656916435273863,0.0,7.704947790898586e-14
106.5,0.0,4.477040437775754e-18,1.7830183337148017e-31,0.4433724005289712,0.5666275994711059,0.0,7.704947790898586e-14
106.75,0.0,4.1327616711364034e-18,1.5840828559486404e-31,0.4424385404123859,0.5675614595876911,0.0,7.704947790898586e-14
107.0,0.0,3.8155878147662354e-18,1.4077580050414332e-31,0.44150677109418335,0.5684932289058936,0.0,7.704947790898586e-14
107.25,0.0,3.5233366243692945e-18,1.2514276757982776e-31,0.4405770875585482,0.5694229124415288,0.0,7.704947790898586e-14
107.5,0.0,3.2540055913712047e-18,1.1127859021291427e-31,0.43964948480256616,0.5703505151975109,0.0,7.704947790898586e-14
107.75,0.0,3.0057564093314444e-18,9.897958918781797e-32,0.43872395783618845,0.5712760421638886,0.0,7.704947790898586e-14
108.0,0.0,2.7769009611483744e-18,8.806555821867335e-32,0.4378005016821968,0.5721994983178803,0.0,7.704947790898586e-14
108.25,0.0,2.565889750980728e-18,7.837782972413464e-32,0.4368791113761682,0.5731208886239089,0.0,7.704947790898586e-14
108.5,0.0,2.3712996568931135e-18,6.977612849298045e-32,0.4359597819664398,0.5740402180336371,0.0,7.704947790898586e-14
108.75,0.0,2.191823466693401e-18,6.2136468848452e-32,0.4350425085140746,0.5749574914860024,0.0,7.704947790898586e-14
109.0,0.0,2.026260260918196e-18,5.534924149895709e-32,0.43412728609282564,0.5758727139072515,0.0,7.704947790898586e-14
109.25,0.0,1.8735066988995175e-18,4.931758606770831e-32,0.43321410978910185,0.5767858902109753,0.0,7.704947790898586e-14
109.5,0.0,1.7325489721329136e-18,4.3955916445301757e-32,0.4323029747019336,0.5776970252981435,0.0,7.704947790898586e-14
109.75,0.0,1.6024551890072212e-18,3.9188465970460626e-32,0.4313938759429379,0.5786061240571392,0.0,7.704947790898586e-14
110.0,0.0,1.482368491387864e-18,3.494805826254618e-32,0.430486808636284,0.5795131913637931,0.0,7.704947790898586e-14
110.25,0.0,1.3715013317654085e-18,3.117539017416769e-32,0.42958176791865926,0.5804182320814179,0.0,7.704947790898586e-14
110.5,0.0,1.2691294559251004e-18,2.781791584612056e-32,0.4286787489392346,0.5813212510608425,0.0,7.704947790898586e-14
110.75,0.0,1.1745867350476976e-18,2.482908508986567e-32,0.4277777468596308,0.5822222531404463,0.0,7.704947790898586e-14
111.0,0.0,1.0872604117509799e-18,2.216765108606968e-32,0.4268787568538841,0.583121243146193,0.0,7.704947790898586e-14
111.25,0.0,1.006586784772973e-18,1.9797078870940602e-32,0.42598177410841265,0.5840182258916644,0.0,7.704947790898586e-14
111.5,0.0,9.320472206765853e-19,1.7685009080113006e-32,0.42508679382198233,0.5849132061780948,0.0,7.704947790898586e-14
111.75,0.0,8.631643808808458e-19,1.580273137337952e-32,0.42419381120567295,0.585806188794404,0.0,7.704947790898586e-14
112.0,0.0,7.994988046728058e-19,1.4124737462637447e-32,0.42330282148284554,0.5866971785172316,0.0,7.704947790898586e-14
112.25,0.0,7.406460492249983e-19,1.2628451174796455e-32,0.42241381988910726,0.5875861801109697,0.0,7.704947790898586e-14
112.5,0.0,6.862337016944868e-19,1.12938248984109e-32,0.42152680167227957,0.5884731983277975,0.0,7.704947790898586e-14
112.75,0.0,6.359188004259249e-19,1.0103058702673015e-32,0.42064176209236354,0.5893582379077135,0.0,7.704947790898586e-14
113.0,0.0,5.893854604770512e-19,9.040345179934856e-33,0.4197586964215077,0.5902413035785694,0.0,7.704947790898586e-14
113.25,0.0,5.4634271444588e-19,8.091650515939642e-33,0.418877599943974,0.5911224000561031,0.0,7.704947790898586e-14
113.5,0.0,5.065225152001134e-19,7.244515892894408e-33,0.41799846795610535,0.5920015320439718,0.0,7.704947790898586e-14
113.75,0.0,4.696778470742303e-19,6.487863314668861e-33,0.41712129576629237,0.5928787042337847,0.0,7.704947790898586e-14
114.0,0.0,4.355810120500746e-19,5.811830046524081e-33,0.41624607869494074,0.5937539213051364,0.0,7.704947790898586e-14
114.25,0.0,4.040221861591903e-19,5.2076654202538613e-33,0.41537281207443816,0.5946271879256388,0.0,7.704947790898586e-14
114.5,0.0,3.7480792032156776e-19,4.667582106061676e-33,0.414501491249122,0.5954985087509551,0.0,7.704947790898586e-14
114.75,0.0,3.4775984035924443e-19,4.1846506711326324e-33,0.4136321115752461,0.5963678884248309,0.0,7.704947790898586e-14
115.0,0.0,3.22713448875048e-19,3.752703832712268e-33,0.41276466842094944,0.5972353315791277,0.0,7.704947790898586e-14
115.25,0.0,2.9951703390452334e-19,3.3662539732305183e-33,0.4118991571662222,0.5981008428338549,0.0,7.704947790898586e-14
115.5,0.0,2.780306585295814e-19,3.0204182669319253e-33,0.41103557320287487,0.5989644267972022,0.0,7.704947790898586e-14
115.75,0.0,2.581252056257267e-19,2.710845761967341e-33,0.41017391193450514,0.5998260880655719,0.0,7.704947790898586e-14
116.0,0.0,2.396815095169461e-19,2.433654939515058e-33,0.40931416877646615,0.600685831223611,0.0,7.704947790898586e-14
116.25,0.0,2.225896201181325e-19,2.185393653213466e-33,0.4084563391558344,0.6015436608442427,0.0,7.704947790898586e-14
116.5,0.0,2.067480430096105e-19,1.9629832902216575e-33,0.4076004185113779,0.6023995814886992,0.0,7.704947790898586e-14
116.75,0.0,1.920630775174659e-19,1.7636784943822288e-33,0.40674640229352405,0.6032535977065531,0.0,7.704947790898586e-14
117.0,0.0,1.7844820607999333e-19,1.5850305995780518e-33,0.4058942859643282,0.604105714035749,0.0,7.704947790898586e-14
117.25,0.0,1.658235371048601e-19,1.4248560056708423e-33,0.40504406499744183,0.6049559350026353,0.0,7.704947790898586e-14
117.5,0.0,1.5411528871333826e-19,1.2812074522713964e-33,0.40419573487808097,0.6058042651219961,0.0,7.704947790898586e-14
117.75,0.0,1.4325530075994503e-19,1.152346143643724e-33,0.40334929110299494,0.6066507088970823,0.0,7.72715225139109e-14
118.0,0.0,1.3318059045670742e-19,1.0367177795003532e-33,0.40250472918043445,0.6074952708196426,0.0,7.704947790898586e-14
118.25,0.0,1.2383297363433695e-19,9.329367642165364e-34,0.40166204463012106,0.608337955369956,0.0,7.704947790898586e-14
118.5,0.0,1.1515867564652954e-19,8.39764858920695e-34,0.4008212329832152,0.6091787670168619,0.0,7.704947790898586e-14
118.75,0.0,1.0710799100557362e-19,7.56095531703875e-34,0.3999822897822855,0.6100177102177916,0.0,7.704947790898586e-14
119.0,0.0,9.96349690898569e-20,6.809397496228579e-34,0.3991452105812777,0.6108547894187994,0.0,7.704947790898586e-14
119.25,0.0,9.269712691722371e-20,6.134136453156319e-34,0.3983099909454835,0.6116900090545935,0.0,7.704947790898586e-14
119.5,0.0,8.625518276812348e-20,5.527273053021493e-34,0.39747662645151033,0.6125233735485667,0.0,7.704947790898586e-14
119.75,0.0,8.027280443860158e-20,4.981739263420613e-34,0.39664511268724967,0.6133548873128275,0.0,7.704947790898586e-14
120.0,0.0,7.471637959089502e-20,4.4912045386974495e-34,0.3958154452518467,0.6141845547482304,0.0,7.704947790898586e-14
120.25,0.0,6.955481895628755e-20,4.0500126271529205e-34,0.39498761975567026,0.6150123802444069,0.0,7.704947790898586e-14
120.5,0.0,6.475935513488926e-20,3.653098495340435e-34,0.3941616318202818,0.6158383681797953,0.0,7.704947790898586e-14
120.75,0.0,6.03033658762942e-20,3.2959264941193294e-34,0.39333747707840494,0.6166625229216721,0.0,7.704947790898586e-14
121.0,0.0,5.616221074093476e-20,2.9744342131270534e-34,0.39251515117389546,0.6174848488261816,0.0,7.704947790898586e-14
121.25,0.0,5.231308159133383e-20,2.684983568397686e-34,0.3916946497617109,0.6183053502383662,0.0,7.704947790898586e-14
121.5,0.0,4.873486381727451e-20,2.4243163029514005e-34,0.39087596850788026,0.619124031492197,0.0,7.72715225139109e-14
121.75,0.0,4.5408005197000697e-20,2.1895110776106276e-34,0.3900591030894741,0.6199408969106032,0.0,7.72715225139109e-14
122.0,0.0,4.2314396067362483e-20,1.9779462836071514e-34,0.3892440491945745,0.6207559508055027,0.0,7.72715225139109e-14
122.25,0.0,3.9437266103332535e-20,1.7872743713540616e-34,0.38843080252224543,0.6215691974778318,0.0,7.72715225139109e-14
122.5,0.0,3.6761079264052387e-20,1.6153889559169674e-34,0.3876193587825025,0.6223806412175747,0.0,7.72715225139109e-14
122.75,0.0,3.42714411620778e-20,1.460399981728185e-34,0.3868097136962834,0.6231902863037938,0.0,7.72715225139109e-14
123.0,0.0,3.1955013364543454e-20,1.32061116553191e-34,0.3860018629954184,0.6239981370046588,0.0,7.704947790898586e-14
123.25,0.0,2.979943482940262e-20,1.194500277564963e-34,0.38519580242260076,0.6248041975774764,0.0,7.704947790898586e-14
123.5,0.0,2.7793248919789696e-20,1.080701186831868e-34,0.384391527731357,0.6256084722687202,0.0,7.704947790898586e-14
123.75,0.0,2.59258344386097e-20,9.779865953759223e-35,0.38358903468601785,0.6264109653140594,0.0,7.72715225139109e-14
124.0,0.0,2.4187342506863373e-20,8.852530192679877e-35,0.38278831906168864,0.6272116809383885,0.0,7.704947790898586e-14
124.25,0.0,2.2568641922834154e-20,8.01510204105017e-35,0.38198937664422067,0.6280106233558566,0.0,7.72715225139109e-14
124.5,0.0,2.106126378436518e-20,7.258678773619008e-35,0.38119220323018094,0.6288077967698962,0.0,7.704947790898586e-14
124.75,0.0,1.9657352478409786e-20,6.575256117062448e-35,0.38039679462682446,0.6296032053732527,0.0,7.704947790898586e-14
125.0,0.0,1.8349620294957904e-20,5.957636143947244e-35,0.37960314665206446,0.6303968533480128,0.0,7.72715225139109e-14
125.25,0.0,1.713130575708454e-20,5.399346488756952e-35,0.37881125513444336,0.6311887448656338,0.0,7.704947790898586e-14
125.5,0.0,1.599613487666419e-20,4.894566727224215e-35,0.3780211159131046,0.6319788840869726,0.0,7.704947790898586e-14
125.75,0.0,1.493828454482385e-20,4.438057756587299e-35,0.3772327248377635,0.6327672751623137,0.0,7.704947790898586e-14
126.0,0.0,1.395234897084764e-20,4.025100145355452e-35,0.3764460777686788,0.6335539222313984,0.0,7.704947790898586e-14
126.25,0.0,1.3033310493833085e-20,3.651449847841588e-35,0.3756611705766238,0.6343388294234533,0.0,7.704947790898586e-14
126.5,0.0,1.2176510116446706e-20,3.3132839593894027e-35,0.3748779991428583,0.6351220008572188,0.0,7.704947790898586e-14
126.75,0.0,1.1377621334126996e-20,3.007158685290623e-35,0.3740965593591001,0.6359034406409771,0.0,7.72715225139109e-14
127.0,0.0,1.0632625876583106e-20,2.7299711297355343e-35,0.37331684712749613,0.636683152872581,0.0,7.704947790898586e-14
127.25,0.0,9.937791402841561e-21,2.4789256747593466e-35,0.37253885836059525,0.6374611416394819,0.0,7.704947790898586e-14
127.5,0.0,9.289650744763548e-21,2.2515033129697467e-35,0.3717625889813191,0.638237411018758,0.0,7.704947790898586e-14
127.75,0.0,8.684982293717599e-21,2.0454322964450609e-35,0.37098803492293486,0.6390119650771423,0.0,7.704947790898586e-14
128.0,0.0,8.120791992412562e-21,1.858662425150342e-35,0.37021519212902637,0.6397848078710507,0.0,7.704947790898586e-14
128.25,0.0,7.594297603022467e-21,1.6893462478757814e-35,0.3694440565534671,0.64055594344661,0.0,7.704947790898586e-14
128.5,0.0,7.102912883373282e-21,1.5358164874615266e-35,0.36867462416039165,0.6413253758396855,0.0,7.704947790898586e-14
128.75,0.0,6.6442334851746135e-21,1.396568341394533e-35,0.3679068909241685,0.6420931090759087,0.0,7.704947790898586e-14
129.0,0.0,6.216023870272782e-21,1.2702433811076907e-35,0.36714085282937203,0.6428591471707051,0.0,7.704947790898586e-14
129.25,0.0,5.816205263317248e-21,1.1556153417302663e-35,0.36637650587075477,0.6436234941293224,0.0,7.704947790898586e-14
129.5,0.0,5.44284443133749e-21,1.0515771483273074e-35,0.3656138460532204,0.6443861539468567,0.0,7.704947790898586e-14
129.75,0.0,5.0941430806065104e-21,9.57128524119566e-36,0.36485286939179595,0.6451471306082811,0.0,7.704947790898586e-14
130.0,0.0,4.768428106484855e-21,8.71365099178081e-36,0.3640935719116045,0.6459064280884727,0.0,7.704947790898586e-14
130.25,0.0,4.464143039428992e-21,7.934703155861395e-36,0.36333594964783783,0.6466640503522393,0.0,7.704947790898586e-14
130.5,0.0,4.179839470167035e-21,7.22705882313026e-36,0.3625799986457293,0.6474200013543477,0.0,7.704947790898586e-14
130.75,0.0,3.914169383266592e-21,6.584042081380407e-36,0.36182571496052685,0.6481742850395502,0.0,7.704947790898586e-14
131.0,0.0,3.6658780374384856e-21,5.999615132511719e-36,0.36107309465746584,0.6489269053426113,0.0,7.704947790898586e-14
131.25,0.0,3.4337974006577735e-21,5.468317316144487e-36,0.3603221338117417,0.6496778661883353,0.0,7.704947790898586e-14
131.5,0.0,3.216840030764738e-21,4.985209386448968e-36,0.3595728285084839,0.6504271714915931,0.0,7.704947790898586e-14
131.75,0.0,3.0139932921464412e-21,4.545820385630077e-36,0.35882517484272825,0.6511748251573488,0.0,7.704947790898586e-14
132.0,0.0,2.8243140297949142e-21,4.146100800609551e-36,0.3580791689193908,0.6519208310806863,0.0,7.704947790898586e-14
132.25,0.0,2.6469238777841934e-21,3.782387213220255e-36,0.3573348068532406,0.6526651931468365,0.0,7.704947790898586e-14
132.5,0.0,2.4810045711427396e-21,3.451361309757899e-36,0.3565920847688736,0.6534079152312035,0.0,7.704947790898586e-14
132.75,0.0,2.3257937413764217e-21,3.150017045045436e-36,0.355850998800686,0.6541490011993911,0.0,7.704947790898586e-14
133.0,0.0,2.180581008172181e-21,2.8756307283784964e-36,0.3551115450928477,0.6548884549072295,0.0,7.704947790898586e-14
133.25,0.0,2.04470437074845e-21,2.6257344677276287e-36,0.3543737197992759,0.6556262802008013,0.0,7.704947790898586e-14
133.5,0.0,1.9175468412806074e-21,2.3980918783831392e-36,0.3536375190836091,0.6563624809164681,0.0,7.704947790898586e-14
133.75,0.0,1.7985332627975336e-21,2.190674961352748e-36,0.35290293911918047,0.6570970608808967,0.0,7.704947790898586e-14
134.0,0.0,1.687127374510706e-21,2.0016436532928606e-36,0.3521699760889921,0.6578300239110851,0.0,7.72715225139109e-14
134.25,0.0,1.5828292167038208e-21,1.829330174131852e-36,0.3514386261856886,0.6585613738143885,0.0,7.704947790898586e-14
134.5,0.0,1.485172545096487e-21,1.6722211547830807e-36,0.35070888561153163,0.6592911143885455,0.0,7.704947790898586e-14
134.75,0.0,1.3937225050750209e-21,1.5289431795746636e-36,0.34998075057837325,0.6600192494217039,0.0,7.704947790898586e-14
135.0,0.0,1.3080734677442321e-21,1.398249604159666e-36,0.3492542173076307,0.6607457826924464,0.0,7.704947790898586e-14
135.25,0.0,1.2278470292270666e-21,1.279008820990508e-36,0.3485292820302601,0.661470717969817,0.0,7.704947790898586e-14
135.5,0.0,1.1526901426312295e-21,1.1701935148918234e-36,0.3478059409867314,0.6621940590133457,0.0,7.704947790898586e-14
135.75,0.0,1.0822733520850766e-21,1.0708704509073737e-36,0.34708419042700217,0.662915809573075,0.0,7.72715225139109e-14
136.0,0.0,1.0162891618011152e-21,9.80191415154361e-37,0.34636402661049226,0.6636359733895849,0.0,7.704947790898586e-14
136.25,0.0,9.544505885182277e-22,8.973861890551315e-37,0.3456454458060585,0.6643545541940187,0.0,7.704947790898586e-14
136.5,0.0,8.964897231526904e-22,8.217546401585248e-37,0.344928444291969,0.6650715557081082,0.0,7.704947790898586e-14
136.75,0.0,8.421564333342927e-22,7.526602649879613e-37,0.344213018355878,0.6657869816441991,0.0,7.704947790898586e-14
137.0,0.0,7.912171550990302e-22,6.895242963097146e-37,0.3434991642948005,0.6665008357052766,0.0,7.704947790898586e-14
137.25,0.0,7.434537742834703e-22,6.318204435205445e-37,0.3427868784150872,0.66721312158499,0.0,7.72715225139109e-14
137.5,0.0,6.986625812364631e-22,5.790700720291759e-37,0.34207615703239924,0.6679238429676779,0.0,7.704947790898586e-14
137.75,0.0,6.566532824549858e-22,5.308376273570676e-37,0.3413669964716832,0.6686330035283938,0.0,7.704947790898586e-14
138.0,0.0,6.172480865402924e-22,4.8672656420455174e-37,0.3406593930671465,0.6693406069329306,0.0,7.704947790898586e-14
138.25,0.0,5.802808900636237e-22,4.463761502621815e-37,0.33995334316223147,0.6700466568378457,0.0,7.704947790898586e-14
138.5,0.0,5.455964706542083e-22,4.094579148296989e-37,0.3392488431095916,0.6707511568904855,0.0,7.704947790898586e-14
138.75,0.0,5.130497571433658e-22,3.7567272423270086e-37,0.33854588927106666,0.6714541107290105,0.0,7.704947790898586e-14
139.0,0.0,4.825051492370286e-22,3.447481103751486e-37,0.33784447801765694,0.6721555219824202,0.0,7.704947790898586e-14
139.25,0.0,4.538358868940292e-22,3.1643588017696893e-37,0.3371446057295,0.6728553942705771,0.0,7.704947790898586e-14
139.5,0.0,4.269234605572626e-22,2.905099223381918e-37,0.33644626879584544,0.6735537312042317,0.0,7.704947790898586e-14
139.75,0.0,4.0165705338011116e-22,2.6676412780822296e-37,0.3357494636150301,0.674250536385047,0.0,7.704947790898586e-14
140.0,0.0,3.7793302470523665e-22,2.450105346012286e-37,0.3350541865944546,0.6749458134056225,0.0,7.704947790898586e-14
140.25,0.0,3.5565444845045027e-22,2.250778544656941e-37,0.3343604341505579,0.6756395658495192,0.0,7.704947790898586e-14
140.5,0.0,3.3473065666142458e-22,2.068098553927543e-37,0.33366820270879394,0.6763317972912831,0.0,7.704947790898586e-14
140.75,0.0,3.150768255764881e-22,1.900640187146738e-37,0.3329774887036069,0.6770225112964703,0.0,7.704947790898586e-14
141.0,0.0,2.966135894298067e-22,1.7471031123870162e-37,0.33228828857840703,0.6777117114216701,0.0,7.704947790898586e-14
141.25,0.0,2.792666820264417e-22,1.6063008375017689e-37,0.3316005987855471,0.67839940121453,0.0,7.704947790898586e-14
141.5,0.0,2.629666012658167e-22,1.4771505941272086e-37,0.3309144157862978,0.6790855842137794,0.0,7.72715225139109e-14
141.75,0.0,2.4764829178758982e-22,1.3586637556647343e-37,0.3302297360508242,0.679770263949253,0.0,7.704947790898586e-14
142.0,0.0,2.3325085070546937e-22,1.2499372660863368e-37,0.3295465560581615,0.6804534439419156,0.0,7.704947790898586e-14
142.25,0.0,2.1971726377443326e-22,1.1501467597364617e-37,0.3288648722961919,0.6811351277038853,0.0,7.704947790898586e-14
142.5,0.0,2.0699414507745517e-22,1.058539091113055e-37,0.32818468126162,0.6818153187384572,0.0,7.72715225139109e-14
142.75,0.0,1.9503150036691509e-22,9.744260851026386e-38,0.32750597945994986,0.6824940205401274,0.0,7.72715225139109e-14
143.0,0.0,1.83782506065499e-22,8.971788168056097e-38,0.3268287634054609,0.6831712365946162,0.0,7.704947790898586e-14
143.25,0.0,1.732033039106793e-22,8.262224677307221e-38,0.32615302962118503,0.6838469703788922,0.0,7.72715225139109e-14
143.5,0.0,1.6325280859309453e-22,7.61031596969288e-38,0.3254787746388822,0.684521225361195,0.0,7.704947790898586e-14
143.75,0.0,1.5389252573777752e-22,7.011256658431039e-38,0.32480599499901797,0.6851940050010593,0.0,7.72715225139109e-14
144.0,0.0,1.450863829127366e-22,6.460650243017385e-38,0.3241346872507394,0.6858653127493378,0.0,7.72715225139109e-14
144.25,0.0,1.368005776478604e-22,5.954476567646458e-38,0.32346484795185254,0.6865351520482247,0.0,7.72715225139109e-14
144.5,0.0,1.2900342778272495e-22,5.489056847480399e-38,0.3227964736687985,0.6872035263312787,0.0,7.704947790898586e-14
144.75,0.0,1.2166523508708543e-22,5.061024196824089e-38,0.32212956097663087,0.6878704390234464,0.0,7.72715225139109e-14
145.0,0.0,1.1475815779158634e-22,4.667296626655058e-38,0.3214641064589924,0.6885358935410849,0.0,7.72715225139109e-14
145.25,0.0,1.0825609200108651e-22,4.305052706473013e-38,0.32080010670809195,0.6891998932919854,0.0,7.72715225139109e-14
145.5,0.0,1.021345605232614e-22,3.971709166674977e-38,0.3201375583246817,0.6898624416753956,0.0,7.72715225139109e-14
145.75,0.0,9.637060764439791e-23,3.6648997171498165e-38,0.31947645791803414,0.6905235420820431,0.0,7.72715225139109e-14
146.0,0.0,9.094270131492005e-23,3.3824560037841333e-38,0.31881680210591956,0.6911831978941577,0.0,7.72715225139109e-14
146.25,0.0,8.583064492128482e-23,3.1223920230843475e-38,0.3181585875145828,0.6918414124854944,0.0,7.704947790898586e-14
146.5,0.0,8.101549057144013e-23,2.8828875285242494e-38,0.3175018107787211,0.6924981892213561,0.0,7.704947790898586e-14
146.75,0.0,7.647945988916703e-23,2.6622739518972446e-38,0.3168464685414611,0.6931535314586161,0.0,7.72715225139109e-14
147.0,0.0,7.220586991769597e-23,2.459021490582591e-38,0.3161925574543364,0.6938074425457408,0.0,7.704947790898586e-14
147.25,0.0,6.817906410680802e-23,2.2717274427132634e-38,0.3155400741772652,0.694459925822812,0.0,7.72715225139109e-14
147.5,0.0,6.438434756436744e-23,2.0991054613432386e-38,0.31488901537852787,0.6951109846215494,0.0,7.72715225139109e-14
147.75,0.0,6.080792575282125e-23,1.9399753984839e-38,0.3142393777347442,0.695760622265333,0.0,7.704947790898586e-14
148.0,0.0,5.743684743351552e-23,1.7932541521512033e-38,0.31359115793085174,0.6964088420692255,0.0,7.72715225139109e-14
148.25,0.0,5.425895305749597e-23,1.657948109499515e-38,0.3129443526600829,0.6970556473399943,0.0,7.704947790898586e-14
148.5,0.0,5.126282412885489e-23,1.5331451703558317e-38,0.31229895862394347,0.6977010413761338,0.0,7.72715225139109e-14
148.75,0.0,4.843773685066869e-23,1.418007936164483e-38,0.3116549725321898,0.6983450274678874,0.0,7.72715225139109e-14
149.0,0.0,4.577361872307245e-23,1.311767456238314e-38,0.3110123911028075,0.6989876088972697,0.0,7.72715225139109e-14
149.25,0.0,4.326100807318426e-23,1.2137175660723854e-38,0.3103712110619886,0.6996287889380887,0.0,7.72715225139109e-14
149.5,0.0,4.089101605610793e-23,1.123209666322684e-38,0.30973142914411045,0.7002685708559668,0.0,7.72715225139109e-14
149.75,0.0,3.865529066601539e-23,1.0396477909494416e-38,0.3090930420917133,0.700906957908364,0.0,7.72715225139109e-14
150.0,0.0,3.6545983201311285e-23,9.624841520513561e-39,0.3084560466554788,0.7015439533445984,0.0,7.72715225139109e-14
150.25,0.0,3.4555717848977464e-23,8.91215431204932e-39,0.30782043959420813,0.702179560405869,0.0,7.704947790898586e-14
150.5,0.0,3.2677561889430604e-23,8.25378895925853e-39,0.3071862176748005,0.7028137823252768,0.0,7.72715225139109e-14
150.75,0.0,3.0904998363404774e-23,7.645490634188805e-39,0.30655337767223106,0.7034466223278462,0.0,7.72715225139109e-14
151.0,0.0,2.9231900457405955e-23,7.083346339600882e-39,0.3059219163695299,0.7040780836305472,0.0,7.704947790898586e-14
151.25,0.0,2.76525075929942e-23,6.563757087482504e-39,0.3052918305577605,0.7047081694423166,0.0,7.704947790898586e-14
151.5,0.0,2.6161402958680497e-23,6.08341221648694e-39,0.3046631170359979,0.7053368829640793,0.0,7.704947790898586e-14
151.75,0.0,2.4753492223098446e-23,5.6392651420587515e-39,0.30403577261130765,0.7059642273887695,0.0,7.704947790898586e-14
152.0,0.0,2.3423983676794452e-23,5.22851140095855e-39,0.30340979409872426,0.7065902059013529,0.0,7.704947790898586e-14
152.25,0.0,2.2168370174420117e-23,4.8485702329630604e-39,0.3027851783212304,0.7072148216788468,0.0,7.704947790898586e-14
152.5,0.0,2.0982411471196113e-23,4.497065434938572e-39,0.3021619221097353,0.7078380778903419,0.0,7.72715225139109e-14
152.75,0.0,1.986211798588551e-23,4.171808818884253e-39,0.3015400223030536,0.7084599776970236,0.0,7.72715225139109e-14
153.0,0.0,1.8803735571628545e-23,3.870784990075104e-39,0.30091947574788447,0.7090805242521927,0.0,7.704947790898586e-14
153.25,0.0,1.7803731284382844e-23,3.5921375090033947e-39,0.3003002792987907,0.7096997207012865,0.0,7.72715225139109e-14
153.5,0.0,1.6858779999762856e-23,3.334156104008639e-39,0.29968242981817744,0.7103175701818998,0.0,7.72715225139109e-14
153.75,0.0,1.596575172900103e-23,3.095264601268537e-39,0.29906592417627154,0.7109340758238057,0.0,7.72715225139109e-14
154.0,0.0,1.5121699772808974e-23,2.874009972913171e-39,0.2984507592511005,0.7115492407489767,0.0,7.72715225139109e-14
154.25,0.0,1.4323849922480842e-23,2.6690530826712707e-39,0.2978369319284719,0.7121630680716053,0.0,7.72715225139109e-14
154.5,0.0,1.356958991100056e-23,2.479159130607148e-39,0.29722443910195256,0.7127755608981247,0.0,7.72715225139109e-14
154.75,0.0,1.2856459697053947e-23,2.30318935280252e-39,0.2966132776728482,0.713386722327229,0.0,7.704947790898586e-14
155.0,0.0,1.2182142344408087e-23,2.1400933749300484e-39,0.29600344455018207,0.7139965554498952,0.0,7.72715225139109e-14
155.25,0.0,1.1544455489710736e-23,1.9889022471805123e-39,0.2953949366506753,0.7146050633494019,0.0,7.704947790898586e-14
155.5,0.0,1.0941343312846162e-23,1.8487220013987083e-39,0.2947877508987259,0.7152122491013513,0.0,7.704947790898586e-14
155.75,0.0,1.037086892394334e-23,1.718727571181231e-39,0.2941818842263884,0.7158181157736887,0.0,7.704947790898586e-14
156.0,0.0,9.83120724544983e-24,1.598157263530038e-39,0.29357733357335364,0.7164226664267236,0.0,7.72715225139109e-14
156.25,0.0,9.320638507992935e-24,1.4863080554210082e-39,0.29297409588692813,0.717025904113149,0.0,7.704947790898586e-14
156.5,0.0,8.837541904680023e-24,1.3825307674959397e-39,0.2923721681220143,0.7176278318780629,0.0,7.704947790898586e-14
156.75,0.0,8.3803897354013e-24,1.2862258502056273e-39,0.29177154724108967,0.7182284527589875,0.0,7.704947790898586e-14
157.0,0.0,7.94774190534982e-24,1.1968394975785871e-39,0.2911722302141874,0.7188277697858897,0.0,7.704947790898586e-14
157.25,0.0,7.53824077313149e-24,1.1138601004811188e-39,0.2905742140188757,0.7194257859812014,0.0,7.704947790898586e-14
157.5,0.0,7.150606298690127e-24,1.036814962424798e-39,0.28997749564023784,0.7200225043598393,0.0,7.704947790898586e-14
157.75,0.0,6.783631441249574e-24,9.652672009291643e-40,0.2893820720708524,0.7206179279292247,0.0,7.704947790898586e-14
158.0,0.0,6.436177851884517e-24,8.988129242191117e-40,0.28878794031077337,0.7212120596893037,0.0,7.704947790898586e-14
158.25,0.0,6.107171928523922e-24,8.37078813733852e-40,0.28819509736751,0.7218049026325671,0.0,7.704947790898586e-14
158.5,0.0,5.795600971423915e-24,7.797196576057103e-40,0.28760354025600715,0.72239645974407,0.0,7.704947790898586e-14
158.75,0.0,5.500509629061381e-24,7.26416186737699e-40,0.2870132659986256,0.7229867340014515,0.0,7.704947790898586e-14
159.0,0.0,5.220996556257017e-24,6.7687307689044116e-40,0.28642427162512235,0.7235757283749548,0.0,7.704947790898586e-14
159.25,0.0,4.956211281479105e-24,6.3081712190369106e-40,0.285836554172631,0.7241634458274462,0.0,7.704947790898586e-14
159.5,0.0,4.70535125426497e-24,5.879955404140017e-40,0.28525011068564193,0.7247498893144353,0.0,7.72715225139109e-14
159.75,0.0,4.4676590436839135e-24,5.481743784069033e-40,0.28466493821598293,0.7253350617840942,0.0,7.704947790898586e-14
160.0,0.0,4.242419713394461e-24,5.111370508281348e-40,0.2840810338228001,0.7259189661772771,0.0,7.72715225139109e-14
160.25,0.0,4.028958412288165e-24,4.766830852453502e-40,0.2834983945725376,0.7265016054275396,0.0,7.72715225139109e-14
160.5,0.0,3.82663802893546e-24,4.44626846742909e-40,0.2829170175389191,0.727082982461158,0.0,7.704947790898586e-14
160.75,0.0,3.634857019423364e-24,4.1479641413965235e-40,0.28233689980292814,0.727663100197149,0.0,7.704947790898586e-14
161.0,0.0,3.453047363232783e-24,3.870325412579154e-40,0.2817580384527887,0.7282419615472885,0.0,7.704947790898586e-14
161.25,0.0,3.2806726451604948e-24,3.6118770544923676e-40,0.28118043058394626,0.728819569416131,0.0,7.72715225139109e-14
161.5,0.0,3.1172262461955587e-24,3.3712522475301606e-40,0.2806040732990484,0.7293959267010287,0.0,7.704947790898586e-14
161.75,0.0,2.962229626252212e-24,3.1471842505312757e-40,0.28002896370792624,0.7299710362921509,0.0,7.704947790898586e-14
162.0,0.0,2.8152307134928316e-24,2.9384987827432954e-40,0.27945509892757475,0.7305449010725025,0.0,7.72715225139109e-14
162.25,0.0,2.6758024228169463e-24,2.744107423706718e-40,0.27888247608213407,0.7311175239179432,0.0,7.72715225139109e-14
162.5,0.0,2.543541214952658e-24,2.5630009467995473e-40,0.27831109230287054,0.7316889076972066,0.0,7.704947790898586e-14
162.75,0.0,2.4180657598152992e-24,2.394243418518602e-40,0.277740944728158,0.7322590552719191,0.0,7.704947790898586e-14
163.0,0.0,2.29901567764068e-24,2.2369667382489865e-40,0.2771720305034586,0.7328279694966185,0.0,7.704947790898586e-14
163.25,0.0,2.186050356593033e-24,2.0903656279299755e-40,0.2766043467813043,0.7333956532187729,0.0,7.704947790898586e-14
163.5,0.0,2.078847836727524e-24,1.9536929784241576e-40,0.27603789072127805,0.7339621092787991,0.0,7.704947790898586e-14
163.75,0.0,1.977103750182706e-24,1.826255459341478e-40,0.2754726594899953,0.7345273405100821,0.0,7.72715225139109e-14
164.0,0.0,1.880530326153538e-24,1.7074094958648124e-40,0.27490865026108474,0.7350913497389925,0.0,7.72715225139109e-14
164.25,0.0,1.788855473803534e-24,1.5965577643585434e-40,0.2743458602151708,0.7356541397849063,0.0,7.704947790898586e-14
164.5,0.0,1.701821891083451e-24,1.493145668411258e-40,0.27378428653985437,0.7362157134602229,0.0,7.72715225139109e-14
164.75,0.0,1.6191862366940285e-24,1.3966582068799348e-40,0.27322392642969434,0.7367760735703829,0.0,7.72715225139109e-14
165.0,0.0,1.540718349608391e-24,1.3066170725062113e-40,0.27266477708618947,0.7373352229138876,0.0,7.704947790898586e-14
165.25,0.0,1.46620051530903e-24,1.2225779850539277e-40,0.2721068357177602,0.7378931642823171,0.0,7.72715225139109e-14
165.5,0.0,1.3954267727053455e-24,1.1441282118171986e-40,0.2715500995397295,0.7384499004603478,0.0,7.72715225139109e-14
165.75,0.0,1.3282022556951132e-24,1.0708842283208605e-40,0.27099456577430575,0.7390054342257715,0.0,7.72715225139109e-14
166.0,0.0,1.2643425743639124e-24,1.002489570710954e-40,0.2704402316505638,0.7395597683495134,0.0,7.72715225139109e-14
166.25,0.0,1.2036732435424497e-24,9.386129555555025e-41,0.26988709440442693,0.7401129055956502,0.0,7.704947790898586e-14
166.5,0.0,1.146029127943813e-24,8.789463968272271e-41,0.2693351512786489,0.7406648487214283,0.0,7.72715225139109e-14
166.75,0.0,1.0912539258069236e-24,8.232035258546776e-41,0.2687843995227958,0.7412156004772814,0.0,7.72715225139109e-14
167.0,0.0,1.039199681815284e-24,7.711180332320296e-41,0.26823483639322804,0.7417651636068492,0.0,7.72715225139109e-14
167.25,0.0,9.89726328742056e-25,7.224422342989084e-41,0.2676864591530825,0.7423135408469947,0.0,7.72715225139109e-14
167.5,0.0,9.427012541993714e-25,6.76945734075153e-41,0.2671392650722545,0.7428607349278228,0.0,7.72715225139109e-14
167.75,0.0,8.97998888868228e-25,6.344141675216915e-41,0.26659325142737994,0.7434067485726973,0.0,7.72715225139109e-14
168.0,0.0,8.555003191440253e-25,5.946480410060984e-41,0.26604841550181774,0.7439515844982595,0.0,7.72715225139109e-14
168.25,0.0,8.150929287561079e-25,5.574617131462274e-41,0.2655047545856318,0.7444952454144455,0.0,7.72715225139109e-14
168.5,0.0,7.766700510339081e-25,5.226823779304332e-41,0.2649622659755735,0.7450377340245038,0.0,7.72715225139109e-14
168.75,0.0,7.401306448154868e-25,4.901491541057433e-41,0.26442094697506374,0.7455790530250135,0.0,7.72715225139109e-14
169.0,0.0,7.053789884936606e-25,4.597122397390907e-41,0.2638807948941759,0.7461192051059012,0.0,7.704947790898586e-14
169.25,0.0,6.723243918430348e-25,4.312321325765046e-41,0.2633418070496178,0.7466581929504594,0.0,7.72715225139109e-14
169.5,0.0,6.40880923439156e-25,4.0457890373519875e-41,0.2628039807647142,0.7471960192353629,0.0,7.704947790898586e-14
169.75,0.0,6.109671514800831e-25,3.796315122565253e-41,0.26226731336938974,0.7477326866306874,0.0,7.704947790898586e-14
170.0,0.0,5.825058997459246e-25,3.5627717365685825e-41,0.2617318022001512,0.7482681977999259,0.0,7.704947790898586e-14
170.25,0.0,5.554240214049521e-25,3.344108019197767e-41,0.26119744460007016,0.748802555400007,0.0,7.704947790898586e-14
170.5,0.0,5.296521796809639e-25,3.1393445463729957e-41,0.26066423791876586,0.7493357620813113,0.0,7.704947790898586e-14
170.75,0.0,5.051246431345144e-25,2.947568343997406e-41,0.26013217951238776,0.7498678204876894,0.0,7.704947790898586e-14
171.0,0.0,4.817790922532626e-25,2.7679282536511547e-41,0.2596012667435986,0.7503987332564785,0.0,7.704947790898586e-14
171.25,0.0,4.595564371194423e-25,2.5996306522741593e-41,0.2590714969815566,0.7509285030185204,0.0,7.704947790898586e-14
171.5,0.0,4.384006448231185e-25,2.441935460732049e-41,0.25854286760189954,0.7514571323981777,0.0,7.72715225139109e-14
171.75,0.0,4.182585752893423e-25,2.2941523761241464e-41,0.2580153759867261,0.7519846240133511,0.0,7.704947790898586e-14
172.0,0.0,3.9907982655162952e-25,2.1556373951880482e-41,0.25748901952458025,0.7525109804754969,0.0,7.704947790898586e-14
172.25,0.0,3.808165910912432e-25,2.0257897288359598e-41,0.25696379561043353,0.7530362043896436,0.0,7.704947790898586e-14
172.5,0.0,3.634235166150809e-25,1.9040487437079682e-41,0.25643970164566837,0.7535602983544087,0.0,7.704947790898586e-14
172.75,0.0,3.4685757592645886e-25,1.7898912046526046e-41,0.25591673503806106,0.754083264962016,0.0,7.704947790898586e-14
173.0,0.0,3.310779438917551e-25,1.6828287089850333e-41,0.25539489320176506,0.7546051067983122,0.0,7.72715225139109e-14
173.25,0.0,3.160458813517581e-25,1.5824053131231194e-41,0.2548741735572941,0.7551258264427831,0.0,7.72715225139109e-14
173.5,0.0,3.017246251626967e-25,1.4881953172478385e-41,0.2543545735315056,0.7556454264685716,0.0,7.704947790898586e-14
173.75,0.0,2.8807928355159325e-25,1.3998011736160155e-41,0.25383609055758377,0.7561639094424935,0.0,7.72715225139109e-14
174.0,0.0,2.7507673740371356e-25,1.3168515533954857e-41,0.25331872207502326,0.756681277925054,0.0,7.72715225139109e-14
174.25,0.0,2.6268554845631103e-25,1.2389996240000846e-41,0.25280246552961205,0.7571975344704651,0.0,7.704947790898586e-14
174.5,0.0,2.5087587037513137e-25,1.1659213464009475e-41,0.25228731837341567,0.7577126816266615,0.0,7.704947790898586e-14
174.75,0.0,2.396193655254073e-25,1.0973139351266188e-41,0.2517732780647599,0.7582267219353174,0.0,7.72715225139109e-14
175.0,0.0,2.2888912622271675e-25,1.0328944238259922e-41,0.2512603420682148,0.7587396579318625,0.0,7.72715225139109e-14
175.25,0.0,2.186596003650068e-25,9.723983364212605e-42,0.25074850785457814,0.7592514921454991,0.0,7.72715225139109e-14
175.5,0.0,2.0890652094366388e-25,9.155784455415614e-42,0.2502377729008591,0.7597622270992181,0.0,7.72715225139109e-14
175.75,0.0,1.9960683893130684e-25,8.62203599918355e-42,0.24972813469026178,0.7602718653098154,0.0,7.704947790898586e-14
176.0,0.0,1.907386599180884e-25,8.120576389674375e-42,0.24921959071216926,0.760780409287908,0.0,7.72715225139109e-14
176.25,0.0,1.8228118508604723e-25,7.649384218265586e-42,0.2487121384621269,0.7612878615379504,0.0,7.72715225139109e-14
176.5,0.0,1.7421465406339394e-25,7.206568701662753e-42,0.24820577544182656,0.7617942245582506,0.0,7.72715225139109e-14
176.75,0.0,1.6652029136781431e-25,6.790360998612043e-42,0.24770049915909026,0.762299500840987,0.0,7.72715225139109e-14
177.0,0.0,1.591802556953173e-25,6.399106113224835e-42,0.24719630712785423,0.762803692872223,0.0,7.72715225139109e-14
177.25,0.0,1.5217759199001646e-25,6.031255383506431e-42,0.24669319686815255,0.7633068031319247,0.0,7.72715225139109e-14
177.5,0.0,1.4549618598356115e-25,5.685359456543537e-42,0.2461911659061015,0.7638088340939757,0.0,7.72715225139109e-14
177.75,0.0,1.3912072089281105e-25,5.3600616517541294e-42,0.2456902117738834,0.7643097882261938,0.0,7.704947790898586e-14
178.0,0.0,1.3303663650075957e-25,5.054091808341701e-42,0.2451903320097309,0.7648096679903463,0.0,7.72715225139109e-14
178.25,0.0,1.2723009097957023e-25,4.766260761374404e-42,0.24469152415791062,0.7653084758421667,0.0,7.72715225139109e-14
178.5,0.0,1.2168792394470424e-25,4.4954549092467124e-42,0.24419378576870793,0.7658062142313693,0.0,7.72715225139109e-14
178.75,0.0,1.1639762178528646e-25,4.2406312713974864e-42,0.24369711439841077,0.7663028856016665,0.0,7.72715225139109e-14
179.0,0.0,1.113472848127697e-25,4.000812875061891e-42,0.24320150760929404,0.7667984923907832,0.0,7.72715225139109e-14
179.25,0.0,1.0652559618547676e-25,3.775084469458669e-42,0.24270696296960392,0.7672930370304734,0.0,7.72715225139109e-14
179.5,0.0,1.0192179241485514e-25,3.5625885138598385e-42,0.24221347805354213,0.7677865219465352,0.0,7.72715225139109e-14
179.75,0.0,9.752563525920247e-26,3.3625213859626804e-42,0.24172105044125033,0.7682789495588269,0.0,7.72715225139109e-14
180.0,0.0,9.332738514178709e-26,3.1741298617449164e-42,0.2412296777187948,0.7687703222812824,0.0,7.72715225139109e-14
180.25,0.0,8.931777631307207e-26,2.996707944001807e-42,0.24073935747815042,0.7692606425219268,0.0,7.72715225139109e-14
180.5,0.0,8.548799282256086e-26,2.8295937501521088e-42,0.24025008731718575,0.7697499126828915,0.0,7.72715225139109e-14
180.75,0.0,8.182964594320908e-26,2.6721666732023384e-42,0.23976186483964712,0.7702381351604302,0.0,7.72715225139109e-14
181.0,0.0,7.833475276458879e-26,2.523844728964313e-42,0.23927468765514356,0.7707253123449337,0.0,7.72715225139109e-14
181.25,0.0,7.499571592686707e-26,2.3840820881978344e-42,0.23878855337913113,0.7712114466209461,0.0,7.72715225139109e-14
181.5,0.0,7.180530437375137e-26,2.2523667642997313e-42,0.23830345963289823,0.771696540367179,0.0,7.72715225139109e-14
181.75,0.0,6.875663500250782e-26,2.1282184271458418e-42,0.23781940404354945,0.7721805959565278,0.0,7.72715225139109e-14
182.0,0.0,6.584315529482448e-26,2.0111863705750907e-42,0.237336384243991,0.7726636157560862,0.0,7.72715225139109e-14
182.25,0.0,6.305862706379383e-26,1.900847675157459e-42,0.23685439787291548,0.7731456021271618,0.0,7.72715225139109e-14
182.5,0.0,6.039711073563375e-26,1.7968054088773522e-42,0.2363734425747863,0.773626557425291,0.0,7.72715225139109e-14
182.75,0.0,5.785295056398674e-26,1.698686981489114e-42,0.23589351599982303,0.7741064840002542,0.0,7.72715225139109e-14
183.0,0.0,5.542076059982808e-26,1.6061426052541246e-42,0.23541461580398623,0.774585384196091,0.0,7.72715225139109e-14
183.25,0.0,5.309541139852133e-26,1.5188438610774793e-42,0.2349367396489624,0.7750632603511148,0.0,7.72715225139109e-14
183.5,0.0,5.087201738709995e-26,1.436482353777136e-42,0.23445988520214883,0.7755401147979284,0.0,7.72715225139109e-14
183.75,0.0,4.874592481482497e-26,1.3587684402104654e-42,0.23398405013663912,0.7760159498634381,0.0,7.72715225139109e-14
184.0,0.0,4.671270033854088e-26,1.2854300451514097e-42,0.23350923213120772,0.7764907678688695,0.0,7.72715225139109e-14
184.25,0.0,4.4768120326581655e-26,1.2162115875805667e-42,0.23303542887029563,0.7769645711297816,0.0,7.72715225139109e-14
184.5,0.0,4.2908160517395546e-26,1.150872931032376e-42,0.23256263804399513,0.777437361956082,0.0,7.704947790898586e-14
184.75,0.0,4.112898628048196e-26,1.0891884212154662e-42,0.23209085734803542,0.7779091426520418,0.0,7.72715225139109e-14
185.0,0.0,3.942694336863105e-26,1.0309459849322348e-42,0.2316200844837676,0.7783799155163097,0.0,7.72715225139109e-14
185.25,0.0,3.7798549149223413e-26,9.759462896129e-43,0.23115031715815,0.7788496828419273,0.0,7.72715225139109e-14
185.5,0.0,3.6240484265745e-26,9.240019543745827e-43,0.2306815530837337,0.7793184469163436,0.0,7.72715225139109e-14
185.75,0.0,3.4749584680653916e-26,8.749368035116185e-43,0.23021378997864797,0.7797862100214293,0.0,7.72715225139109e-14
186.0,0.0,3.3322834131449575e-26,8.285851705548081e-43,0.22974702556658538,0.7802529744334918,0.0,7.72715225139109e-14
186.25,0.0,3.1957357052079573e-26,7.847912653405982e-43,0.2292812575767876,0.7807187424232896,0.0,7.72715225139109e-14
186.5,0.0,3.065041173067772e-26,7.434085562752125e-43,0.22881648374403085,0.7811835162560464,0.0,7.72715225139109e-14
186.75,0.0,2.9399383858594684e-26,7.042992026238944e-43,0.2283527018086112,0.7816472981914661,0.0,7.72715225139109e-14
187.0,0.0,2.8201780400675894e-26,6.673335224286734e-43,0.22788990951633056,0.7821100904837467,0.0,7.72715225139109e-14
187.25,0.0,2.705522377863863e-26,6.323894955928585e-43,0.22742810461848215,0.7825718953815951,0.0,7.72715225139109e-14
187.5,0.0,2.595744633635234e-26,5.993522970079028e-43,0.22696728487183607,0.7830327151282411,0.0,7.72715225139109e-14
187.75,0.0,2.4906285055814495e-26,5.681138545958637e-43,0.22650744803862516,0.7834925519614521,0.0,7.72715225139109e-14
188.0,0.0,2.3899676543609882e-26,5.385724367509807e-43,0.22604859188653068,0.7839514081135466,0.0,7.72715225139109e-14
188.25,0.0,2.2935652320481525e-26,5.106322760685179e-43,0.22559071418866813,0.7844092858114091,0.0,7.72715225139109e-14
188.5,0.0,2.201233426904688e-26,4.84203202651691e-43,0.22513381272357322,0.784866187276504,0.0,7.72715225139109e-14
188.75,0.0,2.1127930337186293e-26,4.592003063544203e-43,0.22467788527518737,0.7853221147248899,0.0,7.72715225139109e-14
189.0,0.0,2.0280730452648442e-26,4.355436199085946e-43,0.22422292963284413,0.7857770703672331,0.0,7.72715225139109e-14
189.25,0.0,1.9469102643429958e-26,4.131578226306588e-43,0.22376894359125477,0.7862310564088225,0.0,7.72715225139109e-14
189.5,0.0,1.869148934389145e-26,3.919719617931557e-43,0.22331592495049427,0.786684075049583,0.0,7.72715225139109e-14
189.75,0.0,1.7946403866564938e-26,3.719191887455028e-43,0.22286387151598763,0.7871361284840896,0.0,7.72715225139109e-14
190.0,0.0,1.723242705200641e-26,3.5293651227432775e-43,0.22241278109849566,0.7875872189015816,0.0,7.72715225139109e-14
190.25,0.0,1.6548204117220395e-26,3.3496457304900215e-43,0.22196265151410124,0.788037348485976,0.0,7.72715225139109e-14
190.5,0.0,1.58924416103746e-26,3.1794742410334223e-43,0.22151348058419548,0.7884865194158818,0.0,7.72715225139109e-14
190.75,0.0,1.5263904533520666e-26,3.0183232820399632e-43,0.22106526613546362,0.7889347338646137,0.0,7.72715225139109e-14
191.0,0.0,1.4661413604945372e-26,2.8656956756309846e-43,0.22061800599987175,0.7893819940002055,0.0,7.72715225139109e-14
191.25,0.0,1.4083842657502596e-26,2.7211226569601077e-43,0.2201716980146527,0.7898283019854245,0.0,7.72715225139109e-14
191.5,0.0,1.353011615998327e-26,2.5841621975236377e-43,0.21972634002229233,0.7902736599777849,0.0,7.72715225139109e-14
191.75,0.0,1.2999206848576002e-26,2.4543974164784732e-43,0.21928192987051617,0.7907180701295611,0.0,7.72715225139109e-14
192.0,0.0,1.2490133476167475e-26,2.3314350939096336e-43,0.2188384654122754,0.7911615345878018,0.0,7.72715225139109e-14
192.25,0.0,1.2001958692462837e-26,2.2149043076934042e-43,0.21839594450573363,0.7916040554943437,0.0,7.72715225139109e-14
192.5,0.0,1.1533786995857023e-26,2.1044551084421428e-43,0.21795436501425305,0.7920456349858243,0.0,7.72715225139109e-14
192.75,0.0,1.1084762796322071e-26,1.9997572938604017e-43,0.21751372480638112,0.7924862751936961,0.0,7.72715225139109e-14
193.0,0.0,1.0654068571096105e-26,1.9004992566629296e-43,0.21707402175583707,0.7929259782442402,0.0,7.72715225139109e-14
193.25,0.0,1.0240923110717225e-26,1.8063869047645262e-43,0.2166352537414983,0.793364746258579,0.0,7.72715225139109e-14
193.5,0.0,9.844579846996203e-27,1.7171426440705312e-43,0.21619741864738717,0.7938025813526901,0.0,7.72715225139109e-14
193.75,0.0,9.464325254518912e-27,1.6325044141924463e-43,0.21576051436265747,0.7942394856374199,0.0,7.72715225139109e-14
194.0,0.0,9.09947733056172e-27,1.5522247849547423e-43,0.21532453878158136,0.794675461218496,0.0,7.72715225139109e-14
194.25,0.0,8.749384161669257e-27,1.4760701259744424e-43,0.21488948980353567,0.7951105101965417,0.0,7.72715225139109e-14
194.5,0.0,8.413422538879233e-27,1.4038198003156798e-43,0.21445536533298912,0.7955446346670882,0.0,7.72715225139109e-14
194.75,0.0,8.090996646707902e-27,1.3352654171689392e-43,0.2140221632794886,0.7959778367205887,0.0,7.72715225139109e-14
195.0,0.0,7.781536814139426e-27,1.2702101287199285e-43,0.2135898815576464,0.7964101184424309,0.0,7.72715225139109e-14
195.25,0.0,7.48449832595898e-27,1.2084679703761773e-43,0.213158518087127,0.7968414819129503,0.0,7.72715225139109e-14
195.5,0.0,7.19936028894025e-27,1.1498632387101426e-43,0.21272807079263362,0.7972719292074437,0.0,7.72715225139109e-14
195.75,0.0,6.925624547396112e-27,1.0942299014751318e-43,0.2122985376038956,0.7977014623961817,0.0,7.72715225139109e-14
196.0,0.0,6.662814651183522e-27,1.0414110441656107e-43,0.21186991645565517,0.7981300835444222,0.0,7.72715225139109e-14
196.25,0.0,6.4104748814313234e-27,9.912583601449208e-44,0.21144220528765428,0.798557794712423,0.0,7.72715225139109e-14
196.5,0.0,6.1681693093942646e-27,9.43631656035702e-44,0.211015402044622,0.7989845979554553,0.0,7.72715225139109e-14
196.75,0.0,5.935480904579348e-27,8.98398392450034e-44,0.2105895046762612,0.7994104953238161,0.0,7.72715225139109e-14
197.0,0.0,5.712010684514424e-27,8.554332514744325e-44,0.21016451113723605,0.7998354888628413,0.0,7.72715225139109e-14
197.25,0.0,5.497376905032717e-27,8.146177303743358e-44,0.2097404193871588,0.8002595806129186,0.0,7.72715225139109e-14
197.5,0.0,5.291214287469481e-27,7.758397582007195e-44,0.2093172273905771,0.8006827726095002,0.0,7.72715225139109e-14
197.75,0.0,5.093173279165767e-27,7.389933319800652e-44,0.20889493311696147,0.8011050668831159,0.0,7.72715225139109e-14
198.0,0.0,4.902919349244365e-27,7.039781750483497e-44,0.208473534540692,0.8015264654593853,0.0,7.72715225139109e-14
198.25,0.0,4.720132323039237e-27,6.706994215759025e-44,0.20805302964104616,0.8019469703590312,0.0,7.72715225139109e-14
198.5,0.0,4.5445057391799076e-27,6.390673108008444e-44,0.20763341640218583,0.8023665835978915,0.0,7.72715225139109e-14
198.75,0.0,4.375746239764762e-27,6.089969025954864e-44,0.20721469281314467,0.8027853071869326,0.0,7.72715225139109e-14
199.0,0.0,4.2135729886446384e-27,5.804078093570601e-44,0.2067968568678156,0.8032031431322617,0.0,7.72715225139109e-14
199.25,0.0,4.057717117049576e-27,5.532239438783887e-44,0.20637990656493826,0.803620093435139,0.0,7.72715225139109e-14
199.5,0.0,3.9079211941803115e-27,5.273732812321e-44,0.20596383990808637,0.804036160091991,0.0,7.72715225139109e-14
199.75,0.0,3.763938720385348e-27,5.027876327011499e-44,0.20554865490565508,0.8044513450944222,0.0,7.72715225139109e-14
200.0,0.0,3.625533644178085e-27,4.794024332325865e-44,0.20513434957084886,0.8048656504292284,0.0,7.72715225139109e-14
200.25,0.0,3.492479905274318e-27,4.571565447639585e-44,0.20472092192166877,0.8052790780784085,0.0,7.72715225139109e-14
200.5,0.0,3.364560993190139e-27,4.3599206574879427e-44,0.20430836998090018,0.8056916300191771,0.0,7.72715225139109e-14
200.75,0.0,3.24156952817682e-27,4.1585415366361506e-44,0.20389669177610031,0.8061033082239769,0.0,7.72715225139109e-14
201.0,0.0,3.1233068612268786e-27,3.9669085755083623e-44,0.20348588533958603,0.8065141146604913,0.0,7.72715225139109e-14
201.25,0.0,3.0095826926267793e-27,3.7845296037584655e-44,0.2030759487084213,0.8069240512916559,0.0,7.72715225139109e-14
201.5,0.0,2.900214707478447e-27,3.6109383002350334e-44,0.20266687992440538,0.8073331200756718,0.0,7.72715225139109e-14
201.75,0.0,2.7950282266112574e-27,3.445692777588e-44,0.20225867703406003,0.8077413229660173,0.0,7.72715225139109e-14
202.0,0.0,2.6938558736886282e-27,3.2883742500952525e-44,0.20185133808861755,0.8081486619114597,0.0,7.72715225139109e-14
202.25,0.0,2.596537259921615e-27,3.1385857984488696e-44,0.2014448611440089,0.8085551388560683,0.0,7.72715225139109e-14
202.5,0.0,2.5029186795157523e-27,2.995951174286832e-44,0.20103924426085096,0.8089607557392263,0.0,7.72715225139109e-14
202.75,0.0,2.4128528202741396e-27,2.8601136843439104e-44,0.200634485504435,0.8093655144956422,0.0,7.72715225139109e-14
203.0,0.0,2.3261984872033484e-27,2.730735136761312e-44,0.20023058294471427,0.809769417055363,0.0,7.72715225139109e-14
203.25,0.0,2.2428203387620347e-27,2.607494848125321e-44,0.1998275346562921,0.8101724653437852,0.0,7.72715225139109e-14
203.5,0.0,2.1625886347001897e-27,2.490088704162621e-44,0.19942533871840976,0.8105746612816674,0.0,7.72715225139109e-14
203.75,0.0,2.0853789944366293e-27,2.3782282670171473e-44,0.19902399321493483,0.8109760067851425,0.0,7.72715225139109e-14
204.0,0.0,2.0110721664921683e-27,2.271639934124785e-44,0.19862349623434877,0.8113765037657285,0.0,7.72715225139109e-14
204.25,0.0,1.9395538098975935e-27,2.1700641567788748e-44,0.19822384586973543,0.8117761541303419,0.0,7.72715225139109e-14
204.5,0.0,1.8707142830366124e-27,2.073254684290369e-44,0.19782504021876895,0.8121749597813083,0.0,7.72715225139109e-14
204.75,0.0,1.80444844282469e-27,1.9809778573584854e-44,0.19742707738370205,0.8125729226163751,0.0,7.72715225139109e-14
205.0,0.0,1.7406554527965115e-27,1.893011940221956e-44,0.19702995547135416,0.8129700445287231,0.0,7.72715225139109e-14
205.25,0.0,1.6792385998538694e-27,1.8091464906666258e-44,0.19663367259309958,0.8133663274069777,0.0,7.72715225139109e-14
205.5,0.0,1.62010511896895e-27,1.7291817635995335e-44,0.1962382268648559,0.8137617731352214,0.0,7.72715225139109e-14
205.75,0.0,1.5631660251377603e-27,1.65292814389789e-44,0.19584361640707212,0.8141563835930051,0.0,7.72715225139109e-14
206.0,0.0,1.508335952917928e-27,1.58020561148583e-44,0.19544983934471719,0.8145501606553601,0.0,7.72715225139109e-14
206.25,0.0,1.455533004151622e-27,1.5108432434393332e-44,0.19505689380726807,0.8149431061928092,0.0,7.72715225139109e-14
206.5,0.0,1.4046786008603936e-27,1.4446787326487053e-44,0.1946647779286984,0.8153352220713789,0.0,7.72715225139109e-14
206.75,0.0,1.3556973452236646e-27,1.3815579371274261e-44,0.19427348984746676,0.8157265101526106,0.0,7.72715225139109e-14
207.0,0.0,1.3085168856900872e-27,1.3213344536897247e-44,0.19388302770650503,0.8161169722935723,0.0,7.72715225139109e-14
207.25,0.0,1.2630677890500433e-27,1.2638692153976847e-44,0.19349338965320723,0.81650661034687,0.0,7.72715225139109e-14
207.5,0.0,1.2192834179944711e-27,1.20903011015643e-44,0.19310457383941762,0.8168954261606596,0.0,7.72715225139109e-14
207.75,0.0,1.1770998136850639e-27,1.156691617834926e-44,0.1927165784214196,0.8172834215786576,0.0,7.72715225139109e-14
208.0,0.0,1.1364555835524941e-27,1.1067344676618118e-44,0.19232940155992387,0.8176705984401534,0.0,7.72715225139109e-14
208.25,0.0,1.097291794717034e-27,1.0590453187632191e-44,0.19194304142005736,0.8180569585800199,0.0,7.72715225139109e-14
208.5,0.0,1.059551871021873e-27,1.013516451462571e-44,0.19155749617135204,0.8184425038287252,0.0,7.72715225139109e-14
208.75,0.0,1.023181494944896e-27,9.700454778075808e-45,0.19117276398773292,0.8188272360123443,0.0,7.72715225139109e-14
209.0,0.0,9.881285137524169e-28,9.285350675177874e-45,0.1907888430475076,0.8192111569525697,0.0,7.72715225139109e-14
209.25,0.0,9.543428497755541e-28,8.888926889628588e-45,0.19040573153335413,0.8195942684667231,0.0,7.72715225139109e-14
209.5,0.0,9.217764144879363e-28,8.510303635580819e-45,0.19002342763231053,0.8199765723677668,0.0,7.72715225139109e-14
209.75,0.0,8.90383026063309e-28,8.148644319628433e-45,0.18964192953576323,0.8203580704643141,0.0,7.72715225139109e-14
210.0,0.0,8.60118330553961e-28,7.80315333125016e-45,0.18926123543943577,0.8207387645606415,0.0,7.72715225139109e-14
210.25,0.0,8.309397269499604e-28,7.47307397894991e-45,0.18888134354337796,0.8211186564566993,0.0,7.72715225139109e-14
210.5,0.0,8.028062947723581e-28,7.157686496685671e-45,0.18850225205195456,0.8214977479481227,0.0,7.72715225139109e-14
210.75,0.0,7.7567872504231555e-28,6.856306171806281e-45,0.1881239591738343,0.821876040826243,0.0,7.72715225139109e-14
211.0,0.0,7.495192541979276e-28,6.568281571243833e-45,0.18774646312197868,0.8222535368780985,0.0,7.72715225139109e-14
211.25,0.0,7.242916008755418e-28,6.292992863417027e-45,0.18736976211363118,0.8226302378864461,0.0,7.72715225139109e-14
211.5,0.0,6.999609053370762e-28,6.029850225842343e-45,0.18699385437030602,0.8230061456297713,0.0,7.72715225139109e-14
211.75,0.0,6.764936713247726e-28,5.778292328446165e-45,0.18661873811777735,0.8233812618822999,0.0,7.72715225139109e-14
212.0,0.0,6.538577104353367e-28,5.5377848988329046e-45,0.1862444115860683,0.823755588414009,0.0,7.72715225139109e-14
212.25,0.0,6.320220891855738e-28,5.3078193799409434e-45,0.18587087300944002,0.8241291269906372,0.0,7.72715225139109e-14
212.5,0.0,6.109570778626302e-28,5.087911633831252e-45,0.1854981206263808,0.8245018793736965,0.0,7.72715225139109e-14
212.75,0.0,5.906341017214457e-28,4.8776007228119374e-45,0.18512615267959534,0.8248738473204819,0.0,7.72715225139109e-14
213.0,0.0,5.710256942399116e-28,4.6764477535933006e-45,0.1847549674159938,0.8252450325840834,0.0,7.72715225139109e-14
213.25,0.0,5.521054523734922e-28,4.484034782805565e-45,0.18438456308668102,0.8256154369133961,0.0,7.704947790898586e-14
213.5,0.0,5.338479936600287e-28,4.299963777634458e-45,0.184014937946946,0.8259850620531312,0.0,7.704947790898586e-14
213.75,0.0,5.162289150253999e-28,4.1238556253275447e-45,0.18364609025625078,0.8263539097438264,0.0,7.704947790898586e-14
214.0,0.0,4.992247533502253e-28,3.955349195344875e-45,0.18327801827822,0.8267219817218572,0.0,7.704947790898586e-14
214.25,0.0,4.828129479119989e-28,3.794100460507599e-45,0.1829107202806303,0.8270892797194469,0.0,7.72715225139109e-14
214.5,0.0,4.669718040891675e-28,3.639781648575502e-45,0.1825441945353994,0.8274558054646778,0.0,7.72715225139109e-14
214.75,0.0,4.516804587047621e-28,3.492080443390715e-45,0.18217843931857575,0.8278215606815015,0.0,7.72715225139109e-14
215.0,0.0,4.369188468129372e-28,3.350699226724285e-45,0.1818134529103278,0.8281865470897494,0.0,7.704947790898586e-14
215.25,0.0,4.226676698874826e-28,3.2153543597279824e-45,0.18144923359493353,0.8285507664051437,0.0,7.72715225139109e-14
215.5,0.0,4.0890836530984285e-28,3.0857755000659006e-45,0.1810857796607699,0.8289142203393073,0.0,7.72715225139109e-14
215.75,0.0,3.9562307705414994e-28,2.961704950799035e-45,0.1807230894003023,0.8292769105997749,0.0,7.72715225139109e-14
216.0,0.0,3.8279462760877105e-28,2.8428970433122643e-45,0.18036116111007422,0.829638838890003,0.0,7.72715225139109e-14
216.25,0.0,3.7040649121069796e-28,2.729117558177761e-45,0.1799999930906966,0.8300000069093806,0.0,7.704947790898586e-14
216.5,0.0,3.584427679758655e-28,2.6201431661896184e-45,0.17963958364683766,0.8303604163532396,0.0,7.72715225139109e-14
216.75,0.0,3.468881591799597e-28,2.5157609013842735e-45,0.1792799310872123,0.830720068912865,0.0,7.72715225139109e-14
217.0,0.0,3.3572794355551136e-28,2.415767660517025e-45,0.1789210337245719,0.8310789662755053,0.0,7.704947790898586e-14
217.25,0.0,3.249479545763977e-28,2.3199697282692368e-45,0.17856288987569408,0.8314371101243831,0.0,7.72715225139109e-14
217.5,0.0,3.1453455865909754e-28,2.2281823257020427e-45,0.17820549786137205,0.8317945021387052,0.0,7.72715225139109e-14
217.75,0.0,3.0447463421002577e-28,2.140229179471486e-45,0.17784885600640465,0.8321511439936726,0.0,7.72715225139109e-14
218.0,0.0,2.947555515449424e-28,2.055942113201732e-45,0.177492962639586,0.8325070373604913,0.0,7.72715225139109e-14
218.25,0.0,2.8536515373155987e-28,1.975160663417443e-45,0.17713781609369544,0.8328621839063818,0.0,7.72715225139109e-14
218.5,0.0,2.762917380707433e-28,1.8977317089147685e-45,0.176783414705487,0.8332165852945903,0.0,7.72715225139109e-14
218.75,0.0,2.675240383886541e-28,1.823509120911918e-45,0.17642975681567963,0.8335702431843977,0.0,7.72715225139109e-14
219.0,0.0,2.590512080478227e-28,1.7523534305059144e-45,0.17607684076894684,0.8339231592311305,0.0,7.72715225139109e-14
219.25,0.0,2.508628036567013e-28,1.6841315129540124e-45,0.17572466491390656,0.8342753350861707,0.0,7.72715225139109e-14
219.5,0.0,2.429487694287565e-28,1.6187162871972304e-45,0.1753732276031114,0.8346267723969659,0.0,7.72715225139109e-14
219.75,0.0,2.352994221421493e-28,1.5559864290429054e-45,0.17502252719303807,0.8349774728070392,0.0,7.72715225139109e-14
220.0,0.0,2.279054367171492e-28,1.4958260988627366e-45,0.17467256204407788,0.8353274379559994,0.0,7.72715225139109e-14
220.25,0.0,2.207578324456533e-28,1.438124685295699e-45,0.17432333052052643,0.8356766694795509,0.0,7.72715225139109e-14
220.5,0.0,2.138479596776589e-28,1.382776557949097e-45,0.1739748309905737,0.8360251690095036,0.0,7.72715225139109e-14
220.75,0.0,2.071674870818754e-28,1.3296808336880011e-45,0.17362706182629425,0.836372938173783,0.0,7.72715225139109e-14
221.0,0.0,2.007083894171009e-28,1.2787411543166737e-45,0.17328002140363713,0.8367199785964401,0.0,7.72715225139109e-14
221.25,0.0,1.9446293579982638e-28,1.22986547533094e-45,0.17293370810241615,0.8370662918976611,0.0,7.72715225139109e-14
221.5,0.0,1.8842367843401867e-28,1.1829658647267684e-45,0.17258812030629977,0.8374118796937775,0.0,7.72715225139109e-14
221.75,0.0,1.8258344176902406e-28,1.1379583108499819e-45,0.17224325640280172,0.8377567435972756,0.0,7.72715225139109e-14
222.0,0.0,1.7693531209692552e-28,1.094762539814966e-45,0.1718991147832706,0.8381008852168066,0.0,7.72715225139109e-14
222.25,0.0,1.714726276125452e-28,1.053301843421596e-45,0.17155569384288077,0.8384443061571965,0.0,7.72715225139109e-14
222.5,0.0,1.6618896880169326e-28,1.0135029131273025e-45,0.17121299198062198,0.8387870080194553,0.0,7.72715225139109e-14
222.75,0.0,1.6107814923767193e-28,9.752956829623477e-46,0.17087100759929,0.8391289924007872,0.0,7.72715225139109e-14
223.0,0.0,1.561342067421891e-28,9.386131799902942e-46,0.17052973910547695,0.8394702608946003,0.0,7.72715225139109e-14
223.25,0.0,1.5135139490030953e-28,9.0339138209865e-46,0.1701891849095613,0.8398108150905159,0.0,7.72715225139109e-14
223.5,0.0,1.4672417490565116e-28,8.695690824648707e-46,0.1698493434256987,0.8401506565743786,0.0,7.72715225139109e-14
223.75,0.0,1.4224720771202573e-28,8.370877600426824e-46,0.16951021307181188,0.8404897869282654,0.0,7.72715225139109e-14
224.0,0.0,1.3791534649902976e-28,8.058914563956337e-46,0.16917179226958143,0.8408282077304958,0.0,7.72715225139109e-14
224.25,0.0,1.3372362946728795e-28,7.759266594609055e-46,0.16883407944443604,0.8411659205556412,0.0,7.72715225139109e-14
224.5,0.0,1.2966727287038935e-28,7.471421914081755e-46,0.16849707302554293,0.8415029269745343,0.0,7.72715225139109e-14
224.75,0.0,1.2574166433836796e-28,7.194891024217223e-46,0.16816077144579858,0.8418392285542786,0.0,7.72715225139109e-14
225.0,0.0,1.2194235646225808e-28,6.929205695101646e-46,0.1678251731418189,0.8421748268582583,0.0,7.72715225139109e-14
225.25,0.0,1.1826506063229694e-28,6.673918001991813e-46,0.16749027655393006,0.8425097234461472,0.0,7.72715225139109e-14
225.5,0.0,1.1470564111307679e-28,6.428599406819891e-46,0.16715608012615885,0.8428439198739184,0.0,7.72715225139109e-14
225.75,0.0,1.1126010933894312e-28,6.192839880022224e-46,0.16682258230622335,0.8431774176938539,0.0,7.72715225139109e-14
226.0,0.0,1.0792461843461643e-28,5.966247064726038e-46,0.16648978154552357,0.8435102184545537,0.0,7.72715225139109e-14
226.25,0.0,1.0469545797170498e-28,5.748445486972289e-46,0.16615767629913208,0.8438423237009451,0.0,7.72715225139109e-14
226.5,0.0,1.0156904889653872e-28,5.539075793770828e-46,0.1658262650257846,0.8441737349742926,0.0,7.72715225139109e-14
226.75,0.0,9.854193866707949e-29,5.337794030629567e-46,0.1654955461878707,0.8445044538122065,0.0,7.72715225139109e-14
227.0,0.0,9.56107965776411e-29,5.144270952783781e-46,0.16516551825142475,0.8448344817486525,0.0,7.72715225139109e-14
227.25,0.0,9.277240926608106e-29,4.958191369147897e-46,0.16483617968611625,0.845163820313961,0.0,7.72715225139109e-14
227.5,0.0,9.002367639169498e-29,4.779253516211467e-46,0.16450752896524085,0.8454924710348364,0.0,7.72715225139109e-14
227.75,0.0,8.736160647204197e-29,4.607168459100152e-46,0.16417956456571123,0.845820435434366,0.0,7.72715225139109e-14
228.0,0.0,8.478331288200457e-29,4.441659521072602e-46,0.16385228496804766,0.8461477150320296,0.0,7.72715225139109e-14
228.25,0.0,8.228601002235507e-29,4.2824617437862505e-46,0.16352568865636896,0.8464743113437082,0.0,7.704947790898586e-14
228.5,0.0,7.986700961278877e-29,4.129321366572947e-46,0.16319977411838343,0.8468002258816937,0.0,7.704947790898586e-14
228.75,0.0,7.752371713551534e-29,3.981995332181082e-46,0.1628745398453797,0.8471254601546975,0.0,7.704947790898586e-14
229.0,0.0,7.525362841450113e-29,3.840250815238666e-46,0.1625499843322175,0.8474500156678596,0.0,7.704947790898586e-14
229.25,0.0,7.305432632651164e-29,3.703864772773575e-46,0.16222610607731883,0.8477738939227583,0.0,7.704947790898586e-14
229.5,0.0,7.092347763562513e-29,3.572623514964695e-46,0.16190290358265874,0.8480970964174184,0.0,7.704947790898586e-14
229.75,0.0,6.885882994288548e-29,3.446322294297101e-46,0.16158037535375655,0.8484196246463206,0.0,7.704947790898586e-14
230.0,0.0,6.685820875328916e-29,3.3247649139186333e-46,0.16125851989966639,0.8487414801004107,0.0,7.704947790898586e-14
230.25,0.0,6.491951466507839e-29,3.2077633566853985e-46,0.1609373357329688,0.8490626642671084,0.0,7.72715225139109e-14
230.5,0.0,6.304072064979493e-29,3.095137427254818e-46,0.1606168213697615,0.8493831786303156,0.0,7.704947790898586e-14
230.75,0.0,6.121986944119493e-29,2.9867144120297627e-46,0.16029697532965037,0.8497030246704268,0.0,7.704947790898586e-14
231.0,0.0,5.94550710225313e-29,2.8823287545090817e-46,0.15997779613574087,0.8500222038643362,0.0,7.704947790898586e-14
231.25,0.0,5.774450020941569e-29,2.7818217455918187e-46,0.15965928231462895,0.8503407176854482,0.0,7.704947790898586e-14
231.5,0.0,5.608639432234106e-29,2.685041227627477e-46,0.15934143239639217,0.850658567603685,0.0,7.704947790898586e-14
231.75,0.0,5.447905094294377e-29,2.591841311004317e-46,0.15902424491458111,0.850975755085496,0.0,7.704947790898586e-14
232.0,0.0,5.292082575546321e-29,2.5020821037778787e-46,0.1587077184062103,0.8512922815938668,0.0,7.704947790898586e-14
232.25,0.0,5.14101304768088e-29,2.415629455292953e-46,0.15839185141174963,0.8516081485883275,0.0,7.704947790898586e-14
232.5,0.0,4.994543085305071e-29,2.33235470880434e-46,0.1580766424751156,0.8519233575249615,0.0,7.704947790898586e-14
232.75,0.0,4.852524473493865e-29,2.2521344662081724e-46,0.15776209014366244,0.8522379098564147,0.0,7.704947790898586e-14
233.0,0.0,4.714814022503131e-29,2.174850363278589e-46,0.15744819296817358,0.8525518070319036,0.0,7.704947790898586e-14
233.25,0.0,4.581273389441106e-29,2.1003888550995804e-46,0.1571349495028529,0.8528650504972243,0.0,7.704947790898586e-14
233.5,0.0,4.4517689064760323e-29,2.0286410108887787e-46,0.15682235830531607,0.8531776416947611,0.0,7.704947790898586e-14
233.75,0.0,4.3261714151574625e-29,1.959502317409731e-46,0.15651041793658194,0.8534895820634951,0.0,7.704947790898586e-14
234.0,0.0,4.2043561069480565e-29,1.89287249129003e-46,0.15619912696106397,0.8538008730390132,0.0,7.704947790898586e-14
234.25,0.0,4.086202370200407e-29,1.8286553008591742e-46,0.1558884839465615,0.8541115160535157,0.0,7.704947790898586e-14
234.5,0.0,3.9715936420125814e-29,1.766758394222652e-46,0.15557848746425126,0.8544215125358259,0.0,7.704947790898586e-14
234.75,0.0,3.8604172658434334e-29,1.7070931355992118e-46,0.15526913608867907,0.8547308639113981,0.0,7.704947790898586e-14
235.0,0.0,3.7525643543612045e-29,1.6495744488610664e-46,0.15496042839775087,0.8550395716023262,0.0,7.704947790898586e-14
235.25,0.0,3.647929657377749e-29,1.594120668063555e-46,0.15465236297272456,0.8553476370273525,0.0,7.704947790898586e-14
235.5,0.0,3.5464114345658106e-29,1.5406533944269448e-46,0.1543449383982015,0.8556550616018757,0.0,7.704947790898586e-14
235.75,0.0,3.447911332656662e-29,1.4890973592329086e-46,0.15403815326211792,0.8559618467379592,0.0,7.704947790898586e-14
236.0,0.0,3.352334267182327e-29,1.4393802928369055e-46,0.15373200615573665,0.8562679938443405,0.0,7.704947790898586e-14
236.25,0.0,3.2595883089241526e-29,1.391432800193662e-46,0.15342649567363856,0.8565735043264385,0.0,7.704947790898586e-14
236.5,0.0,3.169584573957456e-29,1.3451882407249746e-46,0.1531216204137143,0.8568783795863628,0.0,7.704947790898586e-14
236.75,0.0,3.082237117910367e-29,1.3005826138572796e-46,0.152817378977156,0.8571826210229211,0.0,7.704947790898586e-14
237.0,0.0,2.9974628340616664e-29,1.2575544495246274e-46,0.15251376996844868,0.8574862300316284,0.0,7.704947790898586e-14
237.25,0.0,2.9151813551695904e-29,1.2160447034894649e-46,0.1522107919953623,0.8577892080047148,0.0,7.704947790898586e-14
237.5,0.0,2.8353149588139726e-29,1.1759966571197707e-46,0.15190844366894313,0.858091556331134,0.0,7.704947790898586e-14
237.75,0.0,2.7577884760340444e-29,1.137355821260983e-46,0.15160672360350572,0.8583932763965714,0.0,7.704947790898586e-14
238.0,0.0,2.682529203304361e-29,1.1000698443306632e-46,0.15130563041662448,0.8586943695834526,0.0,7.704947790898586e-14
238.25,0.0,2.6094668179607666e-29,1.064088424894086e-46,0.15100516272912567,0.8589948372709515,0.0,7.704947790898586e-14
238.5,0.0,2.5385332962862783e-29,1.0293632272776406e-46,0.15070531916507893,0.8592946808349982,0.0,7.704947790898586e-14
238.75,0.0,2.469662834692152e-29,9.958478010939851e-47,0.1504060983517894,0.8595939016482878,0.0,7.704947790898586e-14
239.0,0.0,2.4027917737256452e-29,9.63497504208338e-47,0.15010749891978928,0.8598925010802879,0.0,7.72715225139109e-14
239.25,0.0,2.3378585248251876e-29,9.322694290434141e-47,0.1498095195028299,0.8601904804972472,0.0,7.704947790898586e-14
239.5,0.0,2.2748034996658217e-29,9.021223319784974e-47,0.14951215873787352,0.8604878412622037,0.0,7.72715225139109e-14
239.75,0.0,2.21356904193774e-29,8.730165655980782e-47,0.14921541526508525,0.860784584734992,0.0,7.72715225139109e-14
240.0,0.0,2.1540993615859453e-29,8.449140138715983e-47,0.148919287727825,0.8610807122722521,0.0,7.704947790898586e-14
240.25,0.0,2.0963404715886036e-29,8.177780304328935e-47,0.1486237747726394,0.8613762252274377,0.0,7.704947790898586e-14
240.5,0.0,2.0402401267097019e-29,7.915733789947125e-47,0.14832887504925385,0.8616711249508233,0.0,7.704947790898586e-14
240.75,0.0,1.9857477645335572e-29,7.662661764766735e-47,0.1480345872105644,0.8619654127895128,0.0,7.704947790898586e-14
241.0,0.0,1.9328144485883282e-29,7.41823838530458e-47,0.14774090991262984,0.8622590900874473,0.0,7.704947790898586e-14
241.25,0.0,1.8813928135001182e-29,7.182150273907431e-47,0.14744784181466372,0.8625521581854134,0.0,7.704947790898586e-14
241.5,0.0,1.831437012063785e-29,6.954096018855801e-47,0.14715538157902647,0.8628446184210506,0.0,7.704947790898586e-14
241.75,0.0,1.7829026641165345e-29,6.733785694398833e-47,0.1468635278712174,0.8631364721288597,0.0,7.704947790898586e-14
242.0,0.0,1.735746807232705e-29,6.520940401240987e-47,0.1465722793598668,0.8634277206402103,0.0,7.704947790898586e-14
242.25,0.0,1.689927849293649e-29,6.315291828586086e-47,0.14628163471672814,0.863718365283349,0.0,7.704947790898586e-14
242.5,0.0,1.645405522528018e-29,6.116581831256376e-47,0.14599159261667016,0.8640084073834069,0.0,7.704947790898586e-14
242.75,0.0,1.6021408392405427e-29,5.924562025733496e-47,0.1457021517376691,0.8642978482624081,0.0,7.704947790898586e-14
243.0,0.0,1.5600960490902245e-29,5.738993402985151e-47,0.14541331076080075,0.8645866892392764,0.0,7.704947790898586e-14
243.25,0.0,1.5192345978747833e-29,5.559645957576527e-47,0.14512506837023278,0.8648749316298443,0.0,7.704947790898586e-14
243.5,0.0,1.4795210877384968e-29,5.38629833192943e-47,0.14483742325321694,0.8651625767468601,0.0,7.704947790898586e-14
243.75,0.0,1.4409212387205608e-29,5.218737474591814e-47,0.1445503741000813,0.8654496258999957,0.0,7.704947790898586e-14
244.0,0.0,1.403401851655972e-29,5.056758312850688e-47,0.14426391960422263,0.8657360803958545,0.0,7.704947790898586e-14
244.25,0.0,1.3669307724664824e-29,4.90016344041639e-47,0.14397805846209846,0.8660219415379786,0.0,7.704947790898586e-14
244.5,0.0,1.3314768575503608e-29,4.748762815799067e-47,0.1436927893732195,0.8663072106268576,0.0,7.704947790898586e-14
244.75,0.0,1.297009940426139e-29,4.602373473948846e-47,0.14340811104014212,0.866591888959935,0.0,7.704947790898586e-14
245.0,0.0,1.263500799529662e-29,4.46081924970861e-47,0.14312402216846046,0.8668759778316166,0.0,7.704947790898586e-14
245.25,0.0,1.230921127132443e-29,4.3239305127269086e-47,0.14284052146679901,0.8671594785332781,0.0,7.704947790898586e-14
245.5,0.0,1.1992434993208153e-29,4.1915439130494686e-47,0.1425576076468049,0.8674423923532723,0.0,7.704947790898586e-14
245.75,0.0,1.1684413469753633e-29,4.063502136607532e-47,0.14227527942314028,0.8677247205769368,0.0,7.704947790898586e-14
246.0,0.0,1.1384889277584001e-29,3.939653670816214e-47,0.1419935355134749,0.8680064644866022,0.0,7.704947790898586e-14
246.25,0.0,1.1093612991356853e-29,3.8198525807640757e-47,0.14171237463847833,0.8682876253615988,0.0,7.704947790898586e-14
246.5,0.0,1.0810342922219995e-29,3.703958293020306e-47,0.14143179552181276,0.8685682044782644,0.0,7.72715225139109e-14
246.75,0.0,1.053484486561351e-29,3.5918353887867627e-47,0.14115179689012516,0.868848203109952,0.0,7.72715225139109e-14
247.0,0.0,1.0266891857686613e-29,3.483353405403983e-47,0.14087237747304,0.8691276225270372,0.0,7.72715225139109e-14
247.25,0.0,1.0006263940091261e-29,3.378386645962059e-47,0.14059353600315175,0.8694064639969254,0.0,7.72715225139109e-14
247.5,0.0,9.752747932709032e-30,3.2768139964764057e-47,0.14031527121601745,0.8696847287840597,0.0,7.704947790898586e-14
247.75,0.0,9.50613721386775e-30,3.178518750088329e-47,0.14003758185014922,0.8699624181499279,0.0,7.704947790898586e-14
248.0,0.0,9.266231508097508e-30,3.083388438426856e-47,0.1397604666470069,0.8702395333530702,0.0,7.704947790898586e-14
248.25,0.0,9.032836681609172e-30,2.9913146704511426e-47,0.13948392435099063,0.8705160756490865,0.0,7.704947790898586e-14
248.5,0.0,8.805764543970159e-30,2.90219297674397e-47,0.13920795370943354,0.8707920462906437,0.0,7.72715225139109e-14
248.75,0.0,8.584832656770985e-30,2.815922660422074e-47,0.13893255347259445,0.8710674465274827,0.0,7.704947790898586e-14
249.0,0.0,8.369864148749031e-30,2.7324066539831144e-47,0.13865772239365026,0.8713422776064269,0.0,7.704947790898586e-14
249.25,0.0,8.160687537191864e-30,2.6515513819124657e-47,0.1383834592286892,0.871616540771388,0.0,7.704947790898586e-14
249.5,0.0,7.957136555293957e-30,2.5732666286748973e-47,0.13810976273670286,0.8718902372633742,0.0,7.704947790898586e-14
249.75,0.0,7.759049985140557e-30,2.4974654117161044e-47,0.13783663167957946,0.8721633683204977,0.0,7.704947790898586e-14
250.0,0.0,7.566271496349878e-30,2.4240638595613696e-47,0.13756406482209638,0.8724359351779808,0.0,7.704947790898586e-14
250.25,0.0,7.378649490501811e-30,2.3529810952240295e-47,0.13729206093191287,0.8727079390681642,0.0,7.704947790898586e-14
250.5,0.0,7.196036950243523e-30,2.284139123531688e-47,0.1370206187795631,0.8729793812205141,0.0,7.72715225139109e-14
250.75,0.0,7.018291293642104e-30,2.2174627231606214e-47,0.13674973713844854,0.8732502628616285,0.0,7.704947790898586e-14
251.0,0.0,6.845274233393732e-30,2.1528793429090687e-47,0.13647941478483133,0.8735205852152458,0.0,7.704947790898586e-14
251.25,0.0,6.676851640756325e-30,2.0903190020833629e-47,0.13620965049782677,0.8737903495022504,0.0,7.72715225139109e-14
251.5,0.0,6.512893413964958e-30,2.0297141947352735e-47,0.13594044305939604,0.874059556940681,0.0,7.704947790898586e-14
251.75,0.0,6.353273350889177e-30,1.9709997974888305e-47,0.13567179125433967,0.8743282087457375,0.0,7.704947790898586e-14
252.0,0.0,6.197869025951356e-30,1.9141129810123705e-47,0.13540369387028986,0.8745963061297872,0.0,7.704947790898586e-14
252.25,0.0,6.046561671395944e-30,1.858993125277924e-47,0.13513614969770368,0.8748638503023735,0.0,7.704947790898586e-14
252.5,0.0,5.899236062099475e-30,1.8055817376484143e-47,0.134869157529856,0.8751308424702211,0.0,7.704947790898586e-14
252.75,0.0,5.7557804043323595e-30,1.7538223743311102e-47,0.13460271616283243,0.8753972838372447,0.0,7.704947790898586e-14
253.0,0.0,5.616086228185532e-30,1.7036605648718633e-47,0.13433682439552222,0.875663175604555,0.0,7.72715225139109e-14
253.25,0.0,5.4800482835620804e-30,1.6550437395999376e-47,0.1340714810296114,0.8759285189704658,0.0,7.704947790898586e-14
253.5,0.0,5.347564439555508e-30,1.6079211598399437e-47,0.13380668486957567,0.8761933151305015,0.0,7.704947790898586e-14
253.75,0.0,5.218535587036249e-30,1.5622438507073462e-47,0.13354243472267358,0.8764575652774036,0.0,7.704947790898586e-14
254.0,0.0,5.09286554445771e-30,1.517964536523028e-47,0.1332787293989395,0.8767212706011377,0.0,7.72715225139109e-14
254.25,0.0,4.970460966944912e-30,1.475037578942189e-47,0.13301556771117656,0.8769844322889006,0.0,7.704947790898586e-14
254.5,0.0,4.8512312580722074e-30,1.433418917132995e-47,0.1327529484749501,0.877247051525127,0.0,7.704947790898586e-14
254.75,0.0,4.735088484627284e-30,1.3930660103733948e-47,0.13249087050858036,0.8775091294914968,0.0,7.72715225139109e-14
255.0,0.0,4.621947294149927e-30,1.3539377828392767e-47,0.1322293326331359,0.8777706673669412,0.0,7.704947790898586e-14
255.25,0.0,4.511724835170288e-30,1.3159945705191496e-47,0.13196833367242672,0.8780316663276504,0.0,7.704947790898586e-14
255.5,0.0,4.404340680014095e-30,1.279198070126051e-47,0.13170787245299723,0.8782921275470799,0.0,7.704947790898586e-14
255.75,0.0,4.299716750042228e-30,1.243511289877368e-47,0.13144794780411972,0.8785520521959574,0.0,7.704947790898586e-14
256.0,0.0,4.1977772433309086e-30,1.208898502165049e-47,0.13118855855778727,0.8788114414422898,0.0,7.704947790898586e-14
256.25,0.0,4.098448564836797e-30,1.175325198180272e-47,0.1309297035487072,0.8790702964513699,0.0,7.704947790898586e-14
256.5,0.0,4.0016592586107024e-30,1.1427580440300885e-47,0.13067138161429426,0.8793286183857829,0.0,7.704947790898586e-14
256.75,0.0,3.9073399422754616e-30,1.1111648385992273e-47,0.1304135915946637,0.8795864084054135,0.0,7.704947790898586e-14
257.0,0.0,3.815423243611494e-30,1.0805144729982033e-47,0.13015633233262483,0.8798436676674523,0.0,7.704947790898586e-14
257.25,0.0,3.7258437391931644e-30,1.0507768915509618e-47,0.12989960267367415,0.880100397326403,0.0,7.704947790898586e-14
257.5,0.0,3.638537894977098e-30,1.021923054230521e-47,0.12964340146598863,0.8803565985340885,0.0,7.704947790898586e-14
257.75,0.0,3.553444008743547e-30,9.939249004510659e-48,0.12938772756041914,0.880612272439658,0.0,7.704947790898586e-14
258.0,0.0,3.470502154393922e-30,9.667553142306332e-48,0.12913257981048376,0.8808674201895934,0.0,7.704947790898586e-14
258.25,0.0,3.3896541281356e-30,9.403880907675864e-48,0.1288779570723611,0.881122042927716,0.0,7.704947790898586e-14
258.5,0.0,3.310843396232193e-30,9.147979041075405e-48,0.12862385820488373,0.8813761417951934,0.0,7.704947790898586e-14
258.75,0.0,3.2340150444761084e-30,8.899602760754748e-48,0.12837028206953152,0.8816297179305457,0.0,7.72715225139109e-14
259.0,0.0,3.1591157292672e-30,8.65851546361254e-48,0.1281172275304252,0.881882772469652,0.0,7.704947790898586e-14
259.25,0.0,3.0860936302544294e-30,8.424488437246665e-48,0.12786469345431958,0.8821353065457576,0.0,7.704947790898586e-14
259.5,0.0,3.014898404466539e-30,8.197300582548806e-48,0.12761267871059717,0.8823873212894799,0.0,7.704947790898586e-14
259.75,0.0,2.9454811418577466e-30,7.976738146192041e-48,0.1273611821712616,0.8826388178288156,0.0,7.72715225139109e-14
260.0,0.0,2.8777943222696125e-30,7.762594463099547e-48,0.12711020271093115,0.8828897972891461,0.0,7.72715225139109e-14
260.25,0.0,2.8117917738309464e-30,7.554669709186456e-48,0.12685973920683202,0.8831402607932451,0.0,7.704947790898586e-14
260.5,0.0,2.7474286325576038e-30,7.35277066210381e-48,0.12660979053879218,0.883390209461285,0.0,7.704947790898586e-14
260.75,0.0,2.6846613032665796e-30,7.156710471195747e-48,0.12636035558923478,0.8836396444108424,0.0,7.72715225139109e-14
261.0,0.0,2.6234474217178572e-30,6.966308435879585e-48,0.12611143324317156,0.8838885667569056,0.0,7.72715225139109e-14
261.25,0.0,2.5637458179512437e-30,6.781389792202286e-48,0.12586302238819672,0.8841369776118805,0.0,7.72715225139109e-14
261.5,0.0,2.5055164807626488e-30,6.601785507108192e-48,0.12561512191448013,0.8843848780855971,0.0,7.72715225139109e-14
261.75,0.0,2.448720523264253e-30,6.427332079952806e-48,0.1253677307147613,0.8846322692853159,0.0,7.72715225139109e-14
262.0,0.0,2.393320149528559e-30,6.25787135131667e-48,0.12512084768434276,0.8848791523157344,0.0,7.72715225139109e-14
262.25,0.0,2.33927862233168e-30,6.09325031931723e-48,0.12487447172108382,0.8851255282789934,0.0,7.72715225139109e-14
262.5,0.0,2.286560231819065e-30,5.933320961816384e-48,0.12462860172539417,0.885371398274683,0.0,7.72715225139109e-14
262.75,0.0,2.235130265177352e-30,5.77794006536659e-48,0.1243832366002276,0.8856167633998496,0.0,7.72715225139109e-14
263.0,0.0,2.1849549772476808e-30,5.626969060334138e-48,0.12413837525107567,0.8858616247490015,0.0,7.72715225139109e-14
263.25,0.0,2.1360015620554726e-30,5.48027386201961e-48,0.12389401658596136,0.8861059834141158,0.0,7.72715225139109e-14
263.5,0.0,2.088238125214843e-30,5.337724717441689e-48,0.12365015951543289,0.8863498404846443,0.0,7.704947790898586e-14
263.75,0.0,2.041633657165801e-30,5.199196057450469e-48,0.12340680295255738,0.8865931970475198,0.0,7.72715225139109e-14
264.0,0.0,1.9961580072435843e-30,5.064566354202739e-48,0.1231639458129147,0.8868360541871625,0.0,7.72715225139109e-14
264.25,0.0,1.9517818585909076e-30,4.933717984133562e-48,0.12292158701459113,0.8870784129854861,0.0,7.72715225139109e-14
264.5,0.0,1.9084767037814176e-30,4.806537095288716e-48,0.12267972547817321,0.887320274521904,0.0,7.72715225139109e-14
264.75,0.0,1.86621482121579e-30,4.682913479606897e-48,0.12243836012674156,0.8875616398733356,0.0,7.704947790898586e-14
265.0,0.0,1.8249692522419437e-30,4.5627404497511235e-48,0.12219748988586471,0.8878025101142125,0.0,7.72715225139109e-14
265.25,0.0,1.7847137789802852e-30,4.4459147203573994e-48,0.1219571136835928,0.8880428863164844,0.0,7.72715225139109e-14
265.5,0.0,1.745422902822356e-30,4.332336293460016e-48,0.12171723045045173,0.8882827695496255,0.0,7.72715225139109e-14
265.75,0.0,1.7070718235712703e-30,4.221908347852811e-48,0.1214778391194367,0.8885221608806405,0.0,7.72715225139109e-14
266.0,0.0,1.669636419222964e-30,4.114537132405319e-48,0.12123893862600629,0.888761061374071,0.0,7.72715225139109e-14
266.25,0.0,1.6330932263958015e-30,4.0101318634251296e-48,0.12100052790807637,0.8889994720920008,0.0,7.72715225139109e-14
266.5,0.0,1.5974194213101365e-30,3.9086046252583174e-48,0.12076260590601393,0.8892373940940633,0.0,7.72715225139109e-14
266.75,0.0,1.5625928013630161e-30,3.809870274541047e-48,0.120525171562631,0.8894748284374462,0.0,7.72715225139109e-14
267.0,0.0,1.5285917672615305e-30,3.713846347815252e-48,0.12028822382317877,0.8897117761768985,0.0,7.72715225139109e-14
267.25,0.0,1.4953953057001645e-30,3.6204529724112965e-48,0.12005176163534144,0.8899482383647357,0.0,7.704947790898586e-14
267.5,0.0,1.4629829725581793e-30,3.529612780423416e-48,0.1198157839492301,0.8901842160508471,0.0,7.72715225139109e-14
267.75,0.0,1.4313348765930637e-30,3.441250825603717e-48,0.11958028971737697,0.8904197102827002,0.0,7.704947790898586e-14
268.0,0.0,1.4004316636289409e-30,3.355294503185189e-48,0.11934527789472923,0.8906547221053479,0.0,7.704947790898586e-14
268.25,0.0,1.370254501245214e-30,3.271673472695914e-48,0.1191107474386431,0.890889252561434,0.0,7.704947790898586e-14
268.5,0.0,1.3407850638916828e-30,3.190319583186815e-48,0.11887669730887794,0.8911233026911992,0.0,7.704947790898586e-14
268.75,0.0,1.3120055184634746e-30,3.1111668011638344e-48,0.11864312646759025,0.8913568735324869,0.0,7.72715225139109e-14
269.0,0.0,1.2838985103082412e-30,3.034151141017861e-48,0.11841003387932776,0.8915899661207494,0.0,7.704947790898586e-14
269.25,0.0,1.2564471496543541e-30,2.959210597880697e-48,0.11817741851102355,0.8918225814890536,0.0,7.704947790898586e-14
269.5,0.0,1.2296349984418805e-30,2.886285082780404e-48,0.11794527933199012,0.892054720668087,0.0,7.704947790898586e-14
269.75,0.0,1.2034460575381115e-30,2.815316359969379e-48,0.11771361531391358,0.8922863846861635,0.0,7.704947790898586e-14
270.0,0.0,1.177864754336526e-30,2.746247986430422e-48,0.11748242543084775,0.8925175745692294,0.0,7.704947790898586e-14
270.25,0.0,1.1528759307428699e-30,2.6790252536031752e-48,0.11725170865920827,0.8927482913408689,0.0,7.704947790898586e-14
270.5,0.0,1.1284648314928858e-30,2.613595130916277e-48,0.1170214639777669,0.8929785360223103,0.0,7.704947790898586e-14
270.75,0.0,1.104617092826356e-30,2.549906211330848e-48,0.11679169036764554,0.8932083096324316,0.0,7.704947790898586e-14
271.0,0.0,1.0813187314966023e-30,2.4879086587458613e-48,0.1165623868123106,0.8934376131877665,0.0,7.704947790898586e-14
271.25,0.0,1.0585561341067482e-30,2.4275541572122373e-48,0.11633355229756705,0.89366644770251,0.0,7.704947790898586e-14
271.5,0.0,1.0363160467588542e-30,2.368795861863202e-48,0.11610518581155287,0.8938948141885242,0.0,7.704947790898586e-14
271.75,0.0,1.0145855650020193e-30,2.3115883514684374e-48,0.11587728634473303,0.894122713655344,0.0,7.704947790898586e-14
272.0,0.0,9.93352124078392e-31,2.2558875826141898e-48,0.115649852889894,0.8943501471101831,0.0,7.704947790898586e-14
272.25,0.0,9.726034894696398e-31,2.2016508455382205e-48,0.11542288444213786,0.8945771155579393,0.0,7.704947790898586e-14
272.5,0.0,9.52327747702051e-31,2.148836721320722e-48,0.1151963799988767,0.8948036200012004,0.0,7.704947790898586e-14
272.75,0.0,9.32513297428556e-31,2.097405040577062e-48,0.11497033855982686,0.8950296614402502,0.0,7.704947790898586e-14
273.0,0.0,9.131488407718242e-31,2.0473168435438407e-48,0.11474475912700331,0.8952552408730738,0.0,7.704947790898586e-14
273.25,0.0,8.942233749217199e-31,1.998534341518711e-48,0.11451964070471389,0.8954803592953632,0.0,7.704947790898586e-14
273.5,0.0,8.757261839764831e-31,1.9510208795861793e-48,0.11429498229955383,0.8957050177005232,0.0,7.704947790898586e-14
273.75,0.0,8.576468310170031e-31,1.904740900561602e-48,0.11407078292039996,0.8959292170796772,0.0,7.704947790898586e-14
274.0,0.0,8.399751504132149e-31,1.8596599101537402e-48,0.11384704157840514,0.896152958421672,0.0,7.704947790898586e-14
274.25,0.0,8.227012403643785e-31,1.815744443365566e-48,0.11362375728699271,0.8963762427130844,0.0,7.704947790898586e-14
274.5,0.0,8.058154556415992e-31,1.7729620319170057e-48,0.1134009290618509,0.8965990709382262,0.0,7.704947790898586e-14
274.75,0.0,7.893084005461875e-31,1.7312811727934723e-48,0.11317855592092708,0.89682144407915,0.0,7.704947790898586e-14
275.0,0.0,7.731709220717838e-31,1.6906712978410595e-48,0.11295663688442255,0.8970433631156546,0.0,7.704947790898586e-14
275.25,0.0,7.57394103265042e-31,1.651102744378863e-48,0.11273517097478662,0.8972648290252905,0.0,7.704947790898586e-14
275.5,0.0,7.419692567767114e-31,1.6125467267785444e-48,0.11251415721671133,0.8974858427833657,0.0,7.704947790898586e-14
275.75,0.0,7.268879185949598e-31,1.5749753089612437e-48,0.11229359463712585,0.8977064053629512,0.0,7.704947790898586e-14
276.0,0.0,7.1214184196007395e-31,1.5383613778112248e-48,0.11207348226519104,0.8979265177348861,0.0,7.704947790898586e-14
276.25,0.0,6.977229914617381e-31,1.50267861751965e-48,0.11185381913229381,0.8981461808677833,0.0,7.704947790898586e-14
276.5,0.0,6.8362353729489055e-31,1.4679014847013178e-48,0.11163460427204185,0.8983653957280352,0.0,7.704947790898586e-14
276.75,0.0,6.698358496842871e-31,1.434005184358549e-48,0.11141583672025801,0.898584163279819,0.0,7.704947790898586e-14
277.0,0.0,6.563524934685467e-31,1.4009656466342903e-48,0.11119751551497498,0.8988024844851021,0.0,7.704947790898586e-14
277.25,0.0,6.4316622283963015e-31,1.3687595043323023e-48,0.11097963969642977,0.8990203603036473,0.0,7.704947790898586e-14
277.5,0.0,6.302699762314721e-31,1.3373640711675717e-48,0.11076220830705837,0.8992377916930188,0.0,7.704947790898586e-14
277.75,0.0,6.1765687135148965e-31,1.3067573207100787e-48,0.11054522039149028,0.8994547796085868,0.0,7.704947790898586e-14
278.0,0.0,6.053202003542111e-31,1.276917866020816e-48,0.11032867499654324,0.8996713250035339,0.0,7.704947790898586e-14
278.25,0.0,5.932534251578379e-31,1.247824939989164e-48,0.11011257117121767,0.8998874288288594,0.0,7.704947790898586e-14
278.5,0.0,5.814501728854776e-31,1.2194583762569687e-48,0.10989690796669152,0.9001030920333856,0.0,7.704947790898586e-14
278.75,0.0,5.699042314386136e-31,1.191798590782505e-48,0.10968168443631474,0.9003183155637623,0.0,7.704947790898586e-14
279.0,0.0,5.586095451957424e-31,1.1648265640017349e-48,0.10946689963560415,0.9005331003644729,0.0,7.704947790898586e-14
279.25,0.0,5.475602108330199e-31,1.1385238235702217e-48,0.10925255262223792,0.9007474473778392,0.0,7.704947790898586e-14
279.5,0.0,5.367504732620715e-31,1.1128724276583528e-48,0.10903864245605047,0.9009613575440266,0.0,7.704947790898586e-14
279.75,0.0,5.261747216801217e-31,1.0878549487725244e-48,0.10882516819902695,0.9011748318010501,0.0,7.704947790898586e-14
280.0,0.0,5.158274857317891e-31,1.0634544581009907e-48,0.10861212891529821,0.9013878710847788,0.0,7.704947790898586e-14
280.25,0.0,5.0570343178309e-31,1.0396545103905503e-48,0.10839952367113541,0.9016004763289417,0.0,7.704947790898586e-14
280.5,0.0,4.957973592937138e-31,1.0164391292701047e-48,0.10818735153494477,0.9018126484651323,0.0,7.704947790898586e-14
280.75,0.0,4.861041972932354e-31,9.937927930593399e-49,0.10797561157726236,0.9020243884228147,0.0,7.704947790898586e-14
281.0,0.0,4.766190009558292e-31,9.717004210310979e-49,0.10776430287074887,0.9022356971293283,0.0,7.704947790898586e-14
281.25,0.0,4.673369482710174e-31,9.501473601148805e-49,0.10755342449018447,0.9024465755098926,0.0,7.704947790898586e-14
281.5,0.0,4.5825333680670205e-31,9.291193720211242e-49,0.10734297551246355,0.9026570244876135,0.0,7.704947790898586e-14
281.75,0.0,4.493635805607302e-31,9.086026207658795e-49,0.10713295501658955,0.9028670449834876,0.0,7.704947790898586e-14
282.0,0.0,4.40663206900434e-31,8.885836605945807e-49,0.1069233620836698,0.9030766379164072,0.0,7.704947790898586e-14
282.25,0.0,4.3214785359050125e-31,8.690494243090696e-49,0.10671419579691042,0.9032858042031667,0.0,7.704947790898586e-14
282.5,0.0,4.23813265898508e-31,8.499872119361533e-49,0.10650545524161115,0.903494544758466,0.0,7.704947790898586e-14
282.75,0.0,4.1565529378236895e-31,8.313846797652919e-49,0.10629713950516011,0.903702860494917,0.0,7.704947790898586e-14
283.0,0.0,4.076698891555112e-31,8.132298297321275e-49,0.10608924767702893,0.9039107523230482,0.0,7.704947790898586e-14
283.25,0.0,3.998531032278392e-31,7.955109991383462e-49,0.10588177884876747,0.9041182211513097,0.0,7.704947790898586e-14
283.5,0.0,3.922010839195799e-31,7.782168506926554e-49,0.1056747321139988,0.9043252678860784,0.0,7.704947790898586e-14
283.75,0.0,3.8471007334509763e-31,7.61336362857652e-49,0.10546810656841414,0.9045318934316631,0.0,7.72715225139109e-14
284.0,0.0,3.7737640536620335e-31,7.448588205013399e-49,0.1052619013097677,0.9047380986903094,0.0,7.704947790898586e-14
284.25,0.0,3.701965032151845e-31,7.28773805856094e-49,0.10505611543787188,0.9049438845622053,0.0,7.72715225139109e-14
284.5,0.0,3.6316687717936944e-31,7.130711897395244e-49,0.10485074805459195,0.9051492519454852,0.0,7.72715225139109e-14
284.75,0.0,3.562841223504246e-31,6.9774112305722e-49,0.10464579826384122,0.9053542017362359,0.0,7.704947790898586e-14
285.0,0.0,3.495449164351438e-31,6.827740285700446e-49,0.10444126517157597,0.9055587348285011,0.0,7.704947790898586e-14
285.25,0.0,3.4294601762620957e-31,6.681605929187655e-49,0.10423714788579047,0.9057628521142866,0.0,7.704947790898586e-14
285.5,0.0,3.3648426253066244e-31,6.538917588945969e-49,0.104033445516512,0.9059665544835651,0.0,7.704947790898586e-14
285.75,0.0,3.301565641538117e-31,6.399587179442379e-49,0.10383015717579598,0.9061698428242811,0.0,7.704947790898586e-14
286.0,0.0,3.239599099381877e-31,6.263529029082789e-49,0.10362728197772074,0.9063727180223563,0.0,7.704947790898586e-14
286.25,0.0,3.1789135985767096e-31,6.130659809948422e-49,0.10342481903838298,0.9065751809616941,0.0,7.704947790898586e-14
286.5,0.0,3.1194804456050086e-31,6.000898469547229e-49,0.10322276747589249,0.9067772325241846,0.0,7.704947790898586e-14
286.75,0.0,3.061271635635727e-31,5.8741661647253644e-49,0.10302112641036745,0.9069788735897096,0.0,7.704947790898586e-14
287.0,0.0,3.004259834955103e-31,5.750386197609357e-49,0.10281989496392943,0.9071801050361477,0.0,7.704947790898586e-14
287.25,0.0,2.94841836387318e-31,5.629483953523957e-49,0.10261907226069855,0.9073809277393785,0.0,7.704947790898586e-14
287.5,0.0,2.893721180088439e-31,5.5113868407996715e-49,0.10241865742678861,0.9075813425732885,0.0,7.704947790898586e-14
287.75,0.0,2.840142862492864e-31,5.396024232384024e-49,0.10221864959030216,0.9077813504097749,0.0,7.704947790898586e-14
288.0,0.0,2.7876585954140716e-31,5.283327409246612e-49,0.10201904788132576,0.9079809521187514,0.0,7.704947790898586e-14
288.25,0.0,2.7362441532952625e-31,5.1732295055902715e-49,0.10181985143192504,0.9081801485681521,0.0,7.704947790898586e-14
288.5,0.0,2.6858758857644057e-31,5.06566545561759e-49,0.10162105937613992,0.9083789406239372,0.0,7.704947790898586e-14
288.75,0.0,2.636530703110838e-31,4.960571941958417e-49,0.10142267084997986,0.9085773291500973,0.0,7.704947790898586e-14
289.0,0.0,2.5881860621497506e-31,4.857887345661401e-49,0.10122468499141887,0.9087753150086582,0.0,7.704947790898586e-14
289.25,0.0,2.540819952465109e-31,4.757551697707497e-49,0.10102710094039105,0.908972899059686,0.0,7.704947790898586e-14
289.5,0.0,2.4944108830171744e-31,4.659506631980469e-49,0.10082991783878544,0.9091700821612917,0.0,7.704947790898586e-14
289.75,0.0,2.448937869100791e-31,4.563695339629422e-49,0.10063313483044149,0.9093668651696356,0.0,7.704947790898586e-14
290.0,0.0,2.4043804196516154e-31,4.470062524814806e-49,0.10043675106114433,0.9095632489389328,0.0,7.704947790898586e-14
290.25,0.0,2.360718524900653e-31,4.378554361845879e-49,0.10024076567861989,0.9097592343214572,0.0,7.704947790898586e-14
290.5,0.0,2.3179326443394978e-31,4.289118453522573e-49,0.10004517783253028,0.9099548221675469,0.0,7.704947790898586e-14
290.75,0.0,2.2760036950100417e-31,4.201703790758915e-49,0.09984998667446904,0.9101500133256081,0.0,7.704947790898586e-14
291.0,0.0,2.234913040103426e-31,4.1162607134150706e-49,0.09965519135795645,0.9103448086421206,0.0,7.704947790898586e-14
291.25,0.0,2.1946424778607453e-31,4.032740872305748e-49,0.09946079103843483,0.9105392089616423,0.0,7.704947790898586e-14
291.5,0.0,2.155174230764663e-31,3.951097192335682e-49,0.09926678487326393,0.9107332151268132,0.0,7.704947790898586e-14
291.75,0.0,2.116490935011074e-31,3.87128383671296e-49,0.09907317202171616,0.910926827978361,0.0,7.704947790898586e-14
292.0,0.0,2.078575630258453e-31,3.793256172232876e-49,0.09887995164497197,0.9111200483551052,0.0,7.704947790898586e-14
292.25,0.0,2.041411749655003e-31,3.7169707356374e-49,0.09868712290611535,0.9113128770939618,0.0,7.704947790898586e-14
292.5,0.0,2.0049831101144245e-31,3.6423852009102474e-49,0.09849468497012895,0.9115053150299482,0.0,7.72715225139109e-14
292.75,0.0,1.9692739028507467e-31,3.569458347564019e-49,0.09830263700388965,0.9116973629961875,0.0,7.72715225139109e-14
293.0,0.0,1.934268684160307e-31,3.498150029864385e-49,0.098110978176164,0.9118890218239132,0.0,7.72715225139109e-14
293.25,0.0,1.8999523664449473e-31,3.428421146966468e-49,0.09791970765760341,0.9120802923424738,0.0,7.72715225139109e-14
293.5,0.0,1.8663102094678916e-31,3.3602336139259463e-49,0.09772882462073977,0.9122711753793374,0.0,7.72715225139109e-14
293.75,0.0,1.833327811833761e-31,3.2935503335473856e-49,0.09753832823998079,0.9124616717600964,0.0,7.72715225139109e-14
294.0,0.0,1.800991102690758e-31,3.2283351690636646e-49,0.09734821769160552,0.9126517823084717,0.0,7.72715225139109e-14
294.25,0.0,1.7692863336549633e-31,3.1645529176496077e-49,0.0971584921537597,0.9128415078463175,0.0,7.704947790898586e-14
294.5,0.0,1.7382000709340531e-31,3.1021692846646524e-49,0.09696915080645131,0.9130308491936259,0.0,7.72715225139109e-14
294.75,0.0,1.7077191876583704e-31,3.041150858666023e-49,0.09678019283154601,0.9132198071685311,0.0,7.704947790898586e-14
295.0,0.0,1.6778308564100042e-31,2.981465087150716e-49,0.0965916174127627,0.9134083825873145,0.0,7.72715225139109e-14
295.25,0.0,1.6485225419451638e-31,2.9230802530071223e-49,0.09640342373566889,0.9135965762644084,0.0,7.72715225139109e-14
295.5,0.0,1.619781994103113e-31,2.8659654516476817e-49,0.09621561098767636,0.9137843890124009,0.0,7.72715225139109e-14
295.75,0.0,1.5915972408949306e-31,2.81009056879393e-49,0.0960281783580366,0.9139718216420406,0.0,7.72715225139109e-14
296.0,0.0,1.5639565817704503e-31,2.7554262589088126e-49,0.09584112503783644,0.9141588749622408,0.0,7.72715225139109e-14
296.25,0.0,1.5368485810632325e-31,2.7019439242780895e-49,0.09565445021999341,0.9143455497800838,0.0,7.704947790898586e-14
296.5,0.0,1.5102620615958714e-31,2.6496156946615447e-49,0.09546815309925155,0.9145318469008257,0.0,7.72715225139109e-14
296.75,0.0,1.484186098451667e-31,2.5984144075445463e-49,0.09528223287217681,0.9147177671279004,0.0,7.72715225139109e-14
297.0,0.0,1.4586100129053223e-31,2.548313588958247e-49,0.09509668873715264,0.9149033112629246,0.0,7.72715225139109e-14
297.25,0.0,1.4335233665089074e-31,2.499287434853595e-49,0.0949115198943757,0.9150884801057015,0.0,7.72715225139109e-14
297.5,0.0,1.4089159553277653e-31,2.4513107930072302e-49,0.09472672554585139,0.9152732744542258,0.0,7.72715225139109e-14
297.75,0.0,1.3847778043210335e-31,2.4043591454373345e-49,0.09454230489538948,0.9154576951046878,0.0,7.72715225139109e-14
298.0,0.0,1.3610991618654124e-31,2.3584085913251613e-49,0.09435825714859969,0.9156417428514776,0.0,7.72715225139109e-14
298.25,0.0,1.337870494421977e-31,2.313435830443228e-49,0.09417458151288746,0.9158254184871898,0.0,7.72715225139109e-14
298.5,0.0,1.315082481332197e-31,2.2694181470302093e-49,0.09399127719744946,0.9160087228026278,0.0,7.72715225139109e-14
298.75,0.0,1.2927260097477619e-31,2.2263333941350695e-49,0.0938083434132694,0.9161916565868078,0.0,7.72715225139109e-14
299.0,0.0,1.2707921696884233e-31,2.1841599784062496e-49,0.0936257793731135,0.9163742206269637,0.0,7.72715225139109e-14
299.25,0.0,1.249272249224857e-31,2.142876845314392e-49,0.09344358429152644,0.9165564157085508,0.0,7.72715225139109e-14
299.5,0.0,1.2281577297823156e-31,2.102463464791752e-49,0.09326175738482682,0.9167382426152504,0.0,7.72715225139109e-14
299.75,0.0,1.2074402815608604e-31,2.06289981727144e-49,0.09308029787110303,0.9169197021289742,0.0,7.72715225139109e-14
300.0,0.0,1.1871117590710156e-31,2.0241663801229213e-49,0.0928992049702089,0.9171007950298683,0.0,7.72715225139109e-14
