time,R0,M1,M2,total_biomass,cumulative_death_loss,cumulative_cutoff_loss,budget_error
0.0,1.0,0.0,0.0,0.01,0.0,0.0,0.0
0.25,0.9995687937002801,4.169984269552933e-05,4.4312356761833094e-05,0.01020744661582208,0.0001377474844404533,0.0,0.0
0.5,0.9990858217569574,8.860609957867182e-05,9.328827171483305e-05,0.010457544264510017,0.0002747396072390599,0.0,0.0
0.75,0.9985444535544826,0.00014141853724176568,0.00014751258851715488,0.01075542492953482,0.00041119039022352523,0.0,0.0
1.0,0.9979371865665512,0.00020093257044936713,0.00020764300437934007,0.011106903497700209,0.0005473343609197798,0.0,-2.220446049250313e-16
1.25,0.9972555296565757,0.0002680525186068294,0.00027441929743838835,0.011518569217461512,0.0006834293099174137,0.0,-2.220446049250313e-16
1.5,0.9964898699053123,0.00034380679541982115,0.00034867376226070147,0.011997890113740372,0.0008197594232667297,0.0,-2.220446049250313e-16
1.75,0.9956293221473288,0.0004293651287717925,0.00043134289977511187,0.012553331012623877,0.0009566388115003412,0.0,-2.220446049250313e-16
2.0,0.9946615577605982,0.0005260582291164006,0.0005234805923036602,0.013194487904932693,0.0010944155130489346,0.0,0.0
2.25,0.9935726097114006,0.0006354002702425958,0.0006262729552047662,0.013932241021588156,0.0012334760415637532,0.0,-2.220446049250313e-16
2.5,0.992346652633137,0.0007591143286738303,0.0007410549227929439,0.014778927603804549,0.0013742505115915556,0.0,-2.220446049250313e-16
2.75,0.9909657499942951,0.0008991617551949954,0.0008693290932724035,0.015748540638580364,0.0015172185186570135,0.0,-2.220446049250313e-16
3.0,0.989409570141164,0.0010577752547489023,0.0010127866572812994,0.016856952194768196,0.0016629157520375109,0.0,0.0
3.25,0.987655064128564,0.0012374965445913644,0.0011733308477812027,0.01812216697355389,0.0018119415055094996,0.0,0.0
3.5,0.9856760951966278,0.0014412198409763613,0.0013531035417142581,0.01956461410000884,0.0019649673206726132,0.0,-2.220446049250313e-16
3.75,0.9834430251566062,0.0016722405199936594,0.0015545145433152508,0.02120747309327467,0.002122746686810118,0.0,0.0
4.0,0.980922238689334,0.0019343113075199875,0.0017802747455993506,0.02307704902797154,0.002286126229575004,0.0,0.0
4.25,0.9780756044062039,0.0022317061388094864,0.0020334330842011654,0.02520319790079955,0.002456058469985759,0.0,-2.220446049250313e-16
4.5,0.9748598746783905,0.0025692914309271304,0.0023174169508408254,0.02761980075567589,0.002633616184165574,0.0,0.0
4.75,0.9712259874514719,0.002952609361477162,0.0026360783414882114,0.030365315627394533,0.002820009218168067,0.0,-2.220446049250313e-16
5.0,0.9671182909923224,0.003387970535742593,0.0029937439866153416,0.03348339102850383,0.0030166034568157247,0.0,-2.220446049250313e-16
5.25,0.9624736627664473,0.0038825596457418626,0.003395271048253003,0.03702356382930847,0.003224942710249247,0.0,0.0
5.5,0.9572205035845319,0.00444455650756141,0.0038461091696126697,0.04104205660258119,0.0034467741357127255,0.0,-2.220446049250313e-16
5.75,0.9512776241534381,0.005083270308612533,0.004352367135702093,0.045602661239330475,0.0036840771629166624,0.0,0.0
6.0,0.9445529794589632,0.005809292704465753,0.004920886420924647,0.05077774416282745,0.003939097252818766,0.0,0.0
6.25,0.9369422385230831,0.00663467136494217,0.005559321539542469,0.056649383246376715,0.004214385326055307,0.0,-2.220446049250313e-16
6.5,0.9283272073443448,0.007573101730078137,0.006276224941805292,0.0633106226735375,0.004512843310234065,0.0,0.0
6.75,0.9185740424906731,0.00864014497651196,0.007081139240426169,0.07086689516804992,0.004837778124338726,0.0,0.0
7.0,0.907531277359863,0.009853469461156963,0.00798469367192849,0.07943759424420274,0.005192965262848662,0.0,-2.220446049250313e-16
7.25,0.8950276809820922,0.011233113197982113,0.008998701612231885,0.08915778059148545,0.005582723616208277,0.0,0.0
7.5,0.8808698521456587,0.0128017799948534,0.010136262923889073,0.10018009829348141,0.0060120066421172486,0.0,-2.220446049250313e-16
7.75,0.8648396800338002,0.014585152736006881,0.011411859836117375,0.11267679587257631,0.006486511521498954,0.0,-2.220446049250313e-16
8.0,0.8466916315124967,0.016612229329651743,0.012841445346595828,0.1268418803977015,0.007012813413553938,0.0,-2.220446049250313e-16
8.25,0.826149936348077,0.018915672973406836,0.01444251502364391,0.1428933433037611,0.007598532351110906,0.0,-2.220446049250313e-16
8.5,0.8029058444402508,0.021532155275481805,0.01623414608742741,0.16107531025888627,0.008252543937953487,0.0,-2.220446049250313e-16
8.75,0.776615110845394,0.02450267407345267,0.018236986903236347,0.18165997739636913,0.008985250781547487,0.0,-2.220446049250313e-16
9.0,0.7468960704390153,0.02787280235942877,0.020473165033621045,0.2049490209803719,0.009808941187562339,0.0,-6.661338147750939e-16
9.25,0.7133289235631637,0.031692792647348283,0.022966063741998496,0.2312739449774635,0.010738275070025557,0.0,-4.440892098500626e-16
9.5,0.6754572592512078,0.036017412877938366,0.025739886063416862,0.2609944798052398,0.011790962002196969,0.0,-2.220446049250313e-16
9.75,0.6327934485586643,0.04090531647312615,0.0288188805268879,0.2944936051662724,0.01298874927504915,0.0,-2.220446049250313e-16
10.0,0.5848312087400428,0.04641754675590202,0.03222598401886222,0.33216634691750163,0.014358913567691011,0.0,-4.440892098500626e-16
10.25,0.5310708906448035,0.05261450536532664,0.035980469495964944,0.37439750084825646,0.01593663364564801,0.0,-6.661338147750939e-16
10.5,0.4710686516442574,0.05955003805784173,0.04009377550541018,0.42151855485801326,0.017768979934477135,0.0,-2.220446049250313e-16
10.75,0.40453234895496337,0.06725988927726291,0.04456182770932245,0.47372385944209894,0.019922074616351645,0.0,-6.661338147750939e-16
11.0,0.33151461627962114,0.07573846812652466,0.049350088719788354,0.5309018755522811,0.022494951321784216,0.0,-4.440892098500626e-16
11.25,0.2528246554951219,0.08488939046494659,0.05436216846491385,0.592274947873751,0.02564883770126631,0.0,-4.440892098500626e-16
11.5,0.17097491291561234,0.09441218063609169,0.059367824691610144,0.6555701793405397,0.029674902416146034,0.0,0.0
11.75,0.09246666248097138,0.10353039954075013,0.06382791439077237,0.7150169150046106,0.03515810858289516,0.0,-2.220446049250313e-16
12.0,0.03200402484153893,0.1104969509171564,0.06657020207166738,0.757677795106293,0.043251027063343925,0.0,-4.440892098500626e-16
12.25,0.005604136685851881,0.11342542162936456,0.06636509775087501,0.7697042243405267,0.054901119593381655,0.0,-2.220446049250313e-16
12.5,0.0006561257252781225,0.11381289263719085,0.06434072104017546,0.762746464076941,0.06844379652041419,0.0,-4.440892098500626e-16
12.75,7.27642604296147e-05,0.11367250600364287,0.061942493007792046,0.7521362621374338,0.08217597459070149,0.0,-2.220446049250313e-16
13.0,8.269284059634767e-06,0.1134557384960751,0.05949670558371812,0.7413045887837229,0.09573469785242389,0.0,-4.440892098500626e-16
13.25,9.716755367530501e-07,0.11321571546285565,0.057045777325385,0.730656508473812,0.10908102706241025,0.0,-2.220446049250313e-16
13.5,1.1810721136030251e-07,0.11295716557689062,0.05459782289792236,0.7202299539499261,0.12221493946804933,0.0,-2.220446049250313e-16
13.75,1.484345022681806e-08,0.1126794482042564,0.05215736990573902,0.7100225971455859,0.13514056990096812,0.0,-2.220446049250313e-16
14.0,1.9278354503829052e-09,0.1123812579119129,0.04972871825360197,0.7000276097170983,0.14786241218955098,0.0,-2.220446049250313e-16
14.25,2.58555990117735e-10,0.11206114857051228,0.04731630541048706,0.6902376494676157,0.16038489629282865,0.0,-4.440892098500626e-16
14.5,3.578483992841616e-11,0.11171759558225328,0.04492473652757212,0.6806453285975096,0.17271233925687998,0.0,-2.220446049250313e-16
14.75,5.1133917877316664e-12,0.11134900645950836,0.0425587729908273,0.6712432817346379,0.1848489388099128,0.0,-2.220446049250313e-16
15.0,7.767161021279061e-13,0.1109537265636671,0.04022331250111121,0.6620241890443354,0.19679877189010928,0.0,-4.440892098500626e-16
15.25,3.286968654056486e-15,0.11053004561409539,0.03792336415660843,0.6529807965518759,0.20856579367741648,0.0,-4.440892098500626e-16
15.5,3.087930481897419e-14,0.1100762057226652,0.03566401851835525,0.6441059391525378,0.22015383660641055,0.0,-2.220446049250313e-16
15.75,3.982069916112306e-13,0.10959041108224161,0.03345041221990974,0.6353925673789891,0.23156660931846101,0.0,-4.440892098500626e-16
16.0,0.0,0.10907083930700372,0.031287686669150654,0.6268337784393994,0.2428076955845269,0.0,8.060219158778636e-14
16.25,0.0,0.10851565433461689,0.029180940443037345,0.6184228519732241,0.253880553249503,0.0,3.8125058665627876e-13
16.5,0.0,0.10792302072417743,0.027135175143455856,0.6101532908612116,0.26478851327121905,0.0,6.394884621840902e-14
16.75,0.0,0.10729111912367284,0.02515523496283485,0.6020188669213281,0.2755347789922281,0.0,6.372680161348399e-14
17.0,0.0,0.10661816236815858,0.0232457393689394,0.5940136726285976,0.2861224256343683,0.0,6.372680161348399e-14
17.25,0.0,0.10590241219268648,0.021411011882839656,0.5861321754816261,0.29655440044291154,0.0,6.372680161348399e-14
17.5,0.0,0.1051421955443209,0.019655003871084167,0.5783692771942904,0.3068335233903682,0.0,6.372680161348399e-14
17.75,0.0,0.10433591982480986,0.01798121527452638,0.5707203763286387,0.31696248857208886,0.0,6.372680161348399e-14
18.0,0.0,0.10348208689059156,0.016392617168591812,0.5631814291450086,0.3269438667958719,0.0,6.394884621840902e-14
18.25,0.0,0.10257930564025729,0.014891581061116266,0.5557490034307259,0.33678010986796447,0.0,6.372680161348399e-14
18.5,0.0,0.10162630164789277,0.0134798133559374,0.5484203290206556,0.34647355597557816,0.0,6.394884621840902e-14
18.75,0.0,0.10062192302322998,0.012158299478407669,0.5411933411952089,0.3560264363032174,0.0,6.394884621840902e-14
19.0,0.0,0.09956514500121956,0.010927270193459761,0.5340667005873463,0.3654408842180383,0.0,6.394884621840902e-14
19.25,0.0,0.09845506977458203,0.009786182748378409,0.5270398020365017,0.3747189454406018,0.0,6.394884621840902e-14
19.5,0.0,0.09729092462198129,0.008733727640876803,0.5201127575285037,0.38386259020870206,0.0,6.372680161348399e-14
19.75,0.0,0.09607205835674226,0.00776785914418141,0.5132863557233952,0.3928737267757451,0.0,6.394884621840902e-14
20.0,0.0,0.09479793566598417,0.00688584701922766,0.5065620017667888,0.4017542155480634,0.0,6.394884621840902e-14
20.25,0.0,0.09346812894113918,0.006084346888678593,0.4999416409957821,0.41050588317446407,0.0,6.394884621840902e-14
20.5,0.0,0.09208231240955218,0.005359492777419435,0.49342765755167023,0.4191305372614221,0.0,6.394884621840902e-14
20.75,0.0,0.09064025964222172,0.0047070027233004075,0.4870227568726414,0.42762998076190034,0.0,6.394884621840902e-14
21.0,0.0,0.08914183895156806,0.00412228512610422,0.48072985191321704,0.43600602400917465,0.0,6.394884621840902e-14
21.25,0.0,0.08758701424998765,0.0036005500579021107,0.47455193981024824,0.44426049588192595,0.0,6.394884621840902e-14
21.5,0.0,0.08597584891742364,0.003136915102536694,0.46849198312996587,0.45239525285013776,0.0,6.394884621840902e-14
21.75,0.0,0.08430851371259285,0.002726502425716476,0.4625527979742174,0.46041218588753735,0.0,6.417089082333405e-14
22.0,0.0,0.08258529887456419,0.0023645236856340065,0.4567369522497381,0.46831322519012764,0.0,6.394884621840902e-14
22.25,0.0,0.08080663056866987,0.00204635071353453,0.4510466759828471,0.4761003427350125,0.0,6.394884621840902e-14
22.5,0.0,0.07897309153252226,0.0017675714367552558,0.44548378414634343,0.48377555288444296,0.0,6.394884621840902e-14
22.75,0.0,0.0770854457824992,0.0015240309747768222,0.44004961204194265,0.4913409112008453,0.0,6.394884621840902e-14
23.0,0.0,0.07514466703335379,0.001311859139468519,0.43474496206575103,0.4987985117614906,0.0,6.394884621840902e-14
23.25,0.0,0.07315197043672153,0.0011274858270226846,0.42957006050763563,0.5061504832286842,0.0,6.417089082333405e-14
23.5,0.0,0.07110884714109683,0.0009676461671346964,0.42452452276607233,0.5133989839257602,0.0,6.417089082333405e-14
23.75,0.0,0.06901710105085819,0.0008293774981512819,0.4196073252885005,0.520546196162554,0.0,6.394884621840902e-14
24.0,0.0,0.06687888713501348,0.000710009791483294,0.41481678311869846,0.5275943199548688,0.0,6.417089082333405e-14
24.25,0.0,0.0646967503861226,0.0006071514427369734,0.4101505318662363,0.5345455663049682,0.0,6.417089082333405e-14
24.5,0.0,0.06247366446609345,0.0005186720409594362,0.4056055133255078,0.5414021501675033,0.0,6.394884621840902e-14
24.75,0.0,0.06021306883732858,0.0004426832251504993,0.4011779648086199,0.548166283128965,0.0,6.394884621840902e-14
25.0,0.0,0.057918903060205626,0.000377518198740977,0.39686341300584527,0.5548401657352721,0.0,6.394884621840902e-14
25.25,0.0,0.05559563649323058,0.00032171182149636797,0.39265667200997495,0.561425979675362,0.0,6.394884621840902e-14
25.5,0.0,0.0532482916794193,0.0002739805986564515,0.38855184817709376,0.5679258795448945,0.0,6.394884621840902e-14
25.75,0.0,0.0508824591979951,0.00023320380103512568,0.38454235270602083,0.5743419842950128,0.0,6.372680161348399e-14
26.0,0.0,0.048504301675574985,0.00019840581796986154,0.38062092422538385,0.5806763682811352,0.0,6.394884621840902e-14
26.25,0.0,0.04612054460816726,0.00016873928719159602,0.3767796643585241,0.586931051746181,0.0,6.394884621840902e-14
26.5,0.0,0.043738451167213185,0.0001434703205928109,0.3730100875889293,0.5931079909233287,0.0,6.394884621840902e-14
26.75,0.0,0.04136577887023835,0.00012196456378365339,0.36930318903367293,0.599209067532369,0.0,6.394884621840902e-14
27.0,0.0,0.03901071569640026,0.00010367487462259601,0.36564953159315045,0.6052360778358906,0.0,6.394884621840902e-14
27.25,0.0,0.03668179415089158,8.813033896986456e-05,0.362039354187075,0.6111907213231275,0.0,6.394884621840902e-14
27.5,0.0,0.034387782568742586,7.492615315116928e-05,0.3584627021315368,0.6170745891466334,0.0,6.394884621840902e-14
27.75,0.0,0.03213755369777069,6.371513653951622e-05,0.35490957850631893,0.622889152659435,0.0,6.417089082333405e-14
28.0,0.0,0.02993993279560956,5.4199895832781336e-05,0.3513701149689974,0.6286357523396244,0.0,6.417089082333405e-14
28.25,0.0,0.027803528427471524,4.6126106795149274e-05,0.34783475788488766,0.6343155875809098,0.0,6.417089082333405e-14
28.5,0.0,0.02573655160295326,3.927658060290057e-05,0.3442944638998127,0.6399297079166951,0.0,6.394884621840902e-14
28.75,0.0,0.023746630321653847,3.346605756280179e-05,0.3407408973371223,0.6454790062837251,0.0,6.417089082333405e-14
29.0,0.0,0.021840628244217817,2.8536751298259627e-05,0.33716662008163684,0.6509642149229111,0.0,6.394884621840902e-14
29.25,0.0,0.020024477358376386,2.4354410506938935e-05,0.3335652636460877,0.656385904585093,0.0,6.417089082333405e-14
29.5,0.0,0.018303034458726795,2.0804953985952537e-05,0.3299316731016565,0.6617444874856948,0.0,6.417089082333405e-14
29.75,0.0,0.016679970808628868,1.7791517322209826e-05,0.3262620132910339,0.6670402243830791,0.0,6.417089082333405e-14
30.0,0.0,0.015157702344492001,1.5231951342591764e-05,0.3225538298770572,0.6722732358271722,0.0,6.417089082333405e-14
30.25,0.0,0.013737365246124952,1.3056636555799842e-05,0.3188060607172285,0.6774435174001547,0.0,6.394884621840902e-14
30.5,0.0,0.012418838574273172,1.1206624618554623e-05,0.3150189962878346,0.6825509585133377,0.0,6.394884621840902e-14
30.75,0.0,0.011200811401710703,9.632029480030893e-06,0.31119419271170723,0.687595363857166,0.0,6.394884621840902e-14
31.0,0.0,0.010080889668519806,8.290661651295261e-06,0.3073343429606842,0.6925764767092087,0.0,6.394884621840902e-14
31.25,0.0,0.00905573410716062,7.146855443807112e-06,0.30344311617231107,0.6974940028651484,0.0,6.394884621840902e-14
31.5,0.0,0.008121219718767763,6.170471040446773e-06,0.29952497564580155,0.7023476341644542,0.0,6.394884621840902e-14
31.75,0.0,0.007272606149128144,5.336043995353961e-06,0.2955849872595219,0.7071370705474186,0.0,6.394884621840902e-14
32.0,0.0,0.006504708881190555,4.622059507485662e-06,0.291628629287525,0.7118620397718409,0.0,6.394884621840902e-14
32.25,0.0,0.005812062919384013,4.010341471295037e-06,0.287661612465471,0.7165223142737376,0.0,6.394884621840902e-14
32.5,0.0,0.005189071713173458,3.485530078969307e-06,0.28368971807401056,0.7211177246828009,0.0,6.372680161348399e-14
32.75,0.0,0.004630136822574204,3.0346434955662594e-06,0.27971865861743134,0.7256481699165628,0.0,6.394884621840902e-14
33.0,0.0,0.004129766226717416,2.6467025962869317e-06,0.27575396302672506,0.7301136240440251,0.0,6.394884621840902e-14
33.25,0.0,0.003682659836859304,2.3124190436210672e-06,0.27180088774870775,0.7345141399954532,0.0,6.394884621840902e-14
33.5,0.0,0.003283773910968896,2.023928724603361e-06,0.26786435146179505,0.7388498506985753,0.0,6.394884621840902e-14
33.75,0.0,0.0029283655182307648,1.7745688680482837e-06,0.2639488920042184,0.7431209679087466,0.0,6.372680161348399e-14
34.0,0.0,0.0026120200785847217,1.5586899150212806e-06,0.2600586419299238,0.7473277793016404,0.0,6.394884621840902e-14
34.25,0.0,0.002330664948845441,1.3714959898644764e-06,0.25619731924697176,0.7514706443082568,0.0,6.394884621840902e-14
34.5,0.0,0.002080570898530743,1.2089128183023866e-06,0.25236823132069075,0.7555499888680242,0.0,6.394884621840902e-14
34.75,0.0,0.0018583454633828971,1.0674746434602834e-06,0.24857428731108072,0.7595662997509569,0.0,6.394884621840902e-14
35.0,0.0,0.0016609194560687499,9.442303776339658e-07,0.2448180178198221,0.7635201184937955,0.0,6.394884621840902e-14
35.25,0.0,0.0014855292326771928,8.366642053341069e-07,0.2411015987909642,0.7674120353122172,0.0,6.394884621840902e-14
35.5,0.0,0.0013296964533529904,7.42627945451236e-07,0.23742687773807514,0.7712426831806903,0.0,6.394884621840902e-14
35.75,0.0,0.0011912058504627886,6.60285810502402e-07,0.23379540182680378,0.7750127320369868,0.0,6.394884621840902e-14
36.0,0.0,0.0010680830055566097,5.880663858955066e-07,0.2302084455158872,0.7787228834122342,0.0,6.394884621840902e-14
36.25,0.0,0.00095857225346158,5.246225872088147e-07,0.22666703771695962,0.7823738654070556,0.0,6.394884621840902e-14
36.5,0.0,0.0008611154551993498,4.6879852414940026e-07,0.22317198765395413,0.7859664280923864,0.0,6.394884621840902e-14
36.75,0.0,0.0007743318997334438,4.196011195460612e-07,0.2197239091771843,0.7895013393220267,0.0,6.394884621840902e-14
37.0,0.0,0.0006969996008393106,3.761747706189255e-07,0.21632324327171407,0.79297938095274,0.0,6.394884621840902e-14
37.25,0.0,0.0006280380403171352,3.377823762008559e-07,0.21297027870331497,0.7964013454740557,0.0,6.394884621840902e-14
37.5,0.0,0.0005664924734728933,3.0378771482858273e-07,0.20966517072707286,0.7997680330118034,0.0,6.394884621840902e-14
37.75,0.0,0.0005115196411997725,2.736406954273353e-07,0.2064079580532762,0.8030802486648926,0.0,6.394884621840902e-14
38.0,0.0,0.00046237500036014725,2.4686510937118003e-07,0.2031985779478667,0.8063388001867278,0.0,6.394884621840902e-14
38.25,0.0,0.0004184012939004747,2.2304820321576787e-07,0.20003687969996162,0.8095444959579987,0.0,6.394884621840902e-14
38.5,0.0,0.00037901818224186614,2.018314961400891e-07,0.19692263680966055,0.8126981431766654,0.0,6.394884621840902e-14
38.75,0.0,0.00034371321776099754,1.8290329112540397e-07,0.19385555754239106,0.8158005463366208,0.0,6.394884621840902e-14
39.0,0.0,0.0003120338158025545,1.6599223683551704e-07,0.19083529428545884,0.8188525059065658,0.0,6.394884621840902e-14
39.25,0.0,0.0002835800677787492,1.5086169131893282e-07,0.18786145189759,0.821854817173004,0.0,6.417089082333405e-14
39.5,0.0,0.00025799847640266895,1.3730501727289195e-07,0.18493359494775535,0.8248082692708888,0.0,6.417089082333405e-14
39.75,0.0,0.00023497642957475732,1.2514154414311464e-07,0.18205125407071343,0.8277136443582317,0.0,6.394884621840902e-14
40.0,0.0,0.00021423725893322362,1.142130324498596e-07,0.17921393162923813,0.8305717168988602,0.0,6.394884621840902e-14
40.25,0.0,0.0001955359919966658,1.0438073417038405e-07,0.1764211065415986,0.8333832530857346,0.0,6.394884621840902e-14
40.5,0.0,0.0001786555697922917,9.552281999133484e-08,0.17367223855874797,0.8361490103487038,0.0,6.417089082333405e-14
40.75,0.0,0.0001634035159479507,8.753216022261428e-08,0.17096677200485974,0.8388697369470962,0.0,6.417089082333405e-14
41.0,0.0,0.0001496090359034416,8.031443237463528e-08,0.1683041390048103,0.8415461716449181,0.0,6.417089082333405e-14
41.25,0.0,0.0001371204640807605,7.378648483951726e-08,0.1656837622995185,0.84417904344998,0.0,6.417089082333405e-14
41.5,0.0,0.0001258029864082702,6.787489761522552e-08,0.16310505773815046,0.8467690714006078,0.0,6.417089082333405e-14
41.75,0.0,0.00011553669378542764,6.251477609780596e-08,0.16056743637364773,0.8493169644178549,0.0,6.417089082333405e-14
42.0,0.0,0.0001062148379561859,5.76486821774492e-08,0.1580703063227794,0.8518234211906462,0.0,6.394884621840902e-14
42.25,0.0,9.774230164893074e-05,5.322570991842439e-08,0.15561307437314167,0.8542891300995635,0.0,6.417089082333405e-14
42.5,0.0,9.003426298783409e-05,4.920068865403932e-08,0.15319514736049034,0.8567147691758972,0.0,6.394884621840902e-14
42.75,0.0,8.301501962869231e-05,4.5533489598111565e-08,0.15081593335875954,0.8591010060881862,0.0,6.394884621840902e-14
43.0,0.0,7.661693645591467e-05,4.2188411771353984e-08,0.14847484272734182,0.8614484981478545,0.0,6.394884621840902e-14
43.25,0.0,7.077954075417235e-05,3.913365961965449e-08,0.14617128898324283,0.8637578923424074,0.0,6.394884621840902e-14
43.5,0.0,6.544871696780632e-05,3.634088245396769e-08,0.14390468955844513,0.8660298253837687,0.0,6.417089082333405e-14
43.75,0.0,6.057599127299489e-05,3.378476890978189e-08,0.1416744664536721,0.86826492377035,0.0,6.394884621840902e-14
44.0,0.0,5.6117906244858946e-05,3.1442695393138224e-08,0.1394800467870718,0.8704638038640521,0.0,6.417089082333405e-14
44.25,0.0,5.203547024833797e-05,2.9294418900843414e-08,0.1373208632566665,0.8726270719787304,0.0,6.417089082333405e-14
44.5,0.0,4.8293665069851465e-05,2.7321804602768364e-08,0.13519635453703358,0.874755324476156,0.0,6.394884621840902e-14
44.75,0.0,4.486100918342707e-05,2.550858583137602e-08,0.13310596561266178,0.8768491478696331,0.0,6.417089082333405e-14
45.0,0.0,4.170918316139558e-05,2.38401593035593e-08,0.1310491480388753,0.878909118937868,0.0,6.394884621840902e-14
45.25,0.0,3.881268554795854e-05,2.2303398460033082e-08,0.1290253601708297,0.880935804840288,0.0,6.417089082333405e-14
45.5,0.0,3.614853243040893e-05,2.0886491387679645e-08,0.12703406734276293,0.8829297632383794,0.0,6.417089082333405e-14
45.75,0.0,3.3695991941546e-05,1.9578798233472867e-08,0.1250747420083616,0.8848915424209627,0.0,6.417089082333405e-14
46.0,0.0,3.143634868833543e-05,1.837072535800558e-08,0.12314686384834385,0.8868216814323066,0.0,6.417089082333405e-14
46.25,0.0,2.935269117316859e-05,1.7253612531015905e-08,0.12124991985390117,0.8887207102013772,0.0,6.417089082333405e-14
46.5,0.0,2.7429723904732526e-05,1.6219633567287212e-08,0.11938340438331989,0.8905891496732059,0.0,6.417089082333405e-14
46.75,0.0,2.5653604765927898e-05,1.5261710445633607e-08,0.1175468191907519,0.8924275119428359,0.0,6.417089082333405e-14
47.0,0.0,2.4011794276676234e-05,1.437343436816246e-08,0.11573967344434472,0.8942363003880084,0.0,6.417089082333405e-14
47.25,0.0,2.2492923600831863e-05,1.354899677824907e-08,0.11396148372443604,0.8960160098030305,0.0,6.417089082333405e-14
47.5,0.0,2.108667714331586e-05,1.2783128157027139e-08,0.11221177400701199,0.8977671265327807,0.0,6.417089082333405e-14
47.75,0.0,1.978368798371447e-05,1.207104367806845e-08,0.11049007563452214,0.8994901286065146,0.0,6.417089082333405e-14
48.0,0.0,1.85754434546029e-05,1.1408394379497728e-08,0.10879592727738865,0.9011854858708265,0.0,6.417089082333405e-14
48.25,0.0,1.7454199321139518e-05,1.079122301095043e-08,0.10712887488803108,0.9028536601214888,0.0,6.394884621840902e-14
48.5,0.0,1.641290710952695e-05,1.0215926400734616e-08,0.10548847164122718,0.904495105235801,0.0,6.417089082333405e-14
48.75,0.0,1.5445145747691726e-05,9.679220434258249e-09,0.10387427787236103,0.9061102673027349,0.0,6.417089082333405e-14
49.0,0.0,1.4545060960446459e-05,9.17810902603226e-09,0.10228586100881512,0.9076995847521795,0.0,6.417089082333405e-14
49.25,0.0,1.3707311112167982e-05,8.709856425137301e-09,0.10072279549612151,0.909263488482974,0.0,6.417089082333405e-14
49.5,0.0,1.2927018841050387e-05,8.27196249874551e-09,0.09918466271961898,0.9108024019896416,0.0,6.417089082333405e-14
49.75,0.0,1.219972757766643e-05,7.862140559335996e-09,0.09767105092269969,0.9123167414876462,0.0,6.417089082333405e-14
50.0,0.0,1.1521361942705301e-05,7.478297259520105e-09,0.09618155512285814,0.9138069160369661,0.0,6.417089082333405e-14
50.25,0.0,1.0888191585096388e-05,7.118514307062997e-09,0.09471577702601727,0.9152733276639474,0.0,6.417089082333405e-14
50.5,0.0,1.0296800723720637e-05,6.781032864884094e-09,0.0932733249361001,0.9167163714822074,0.0,6.417089082333405e-14
50.75,0.0,9.744058819611183e-06,6.464238761624133e-09,0.09185381366575528,0.9181364358112505,0.0,6.417089082333405e-14
51.0,0.0,9.227094644143273e-06,6.166649373851209e-09,0.09045686444517373,0.9195339022935969,0.0,6.417089082333405e-14
51.25,0.0,8.743272938494506e-06,5.886901820597354e-09,0.08908210482999995,0.9209091460102239,0.0,6.417089082333405e-14
51.5,0.0,8.290173401710066e-06,5.623742333653206e-09,0.08772916860862086,0.9222625355942993,0.0,6.417089082333405e-14
51.75,0.0,7.865571689403392e-06,5.376016654476182e-09,0.08639769570917459,0.9235944333431835,0.0,6.417089082333405e-14
52.0,0.0,7.467422055559784e-06,5.142661288844673e-09,0.08508733210668602,0.9249051953286612,0.0,6.417089082333405e-14
52.25,0.0,7.093841461173836e-06,4.922695523238344e-09,0.08379772973050338,0.9261951715054041,0.0,6.417089082333405e-14
52.5,0.0,6.743095889619502e-06,4.715214463623139e-09,0.08252854637109425,0.9274647058178658,0.0,6.417089082333405e-14
52.75,0.0,6.413587308033594e-06,4.519382489279241e-09,0.0812794455880743,0.9287141363052993,0.0,6.417089082333405e-14
53.0,0.0,6.1038420131675064e-06,4.3344273803358455e-09,0.08005009661851156,0.9299437952051121,0.0,6.417089082333405e-14
53.25,0.0,5.812500073849803e-06,4.159634994322425e-09,0.07884017428583791,0.9311540090545174,0.0,6.417089082333405e-14
53.5,0.0,5.538305765717169e-06,3.99434443855781e-09,0.07764935890946374,0.9323450987904902,0.0,6.417089082333405e-14
53.75,0.0,5.280098873277797e-06,3.837943680698167e-09,0.07647733621520068,0.9335173798480465,0.0,6.417089082333405e-14
54.0,0.0,5.036806717618094e-06,3.689865533484968e-09,0.07532379724661682,0.9346711622568641,0.0,6.394884621840902e-14
54.25,0.0,4.807436835903536e-06,3.54958397439292e-09,0.0741884382773831,0.9358067507362611,0.0,6.394884621840902e-14
54.5,0.0,4.591070565188212e-06,3.416610882522893e-09,0.07307096072434646,0.9369244447885415,0.0,6.417089082333405e-14
54.75,0.0,4.38685697004144e-06,3.2904929829104498e-09,0.07197107106186099,0.9380245387907401,0.0,6.417089082333405e-14
55.0,0.0,4.19400736525187e-06,3.1708090796879533e-09,0.07088848073710305,0.9391073220847868,0.0,6.417089082333405e-14
55.25,0.0,4.0117903246680815e-06,3.057167531645262e-09,0.06982290608646939,0.9401730790661026,0.0,6.417089082333405e-14
55.5,0.0,3.839527132580803e-06,2.9492039482015887e-09,0.06877406825308591,0.9412220892706417,0.0,6.417089082333405e-14
55.75,0.0,3.676587626142018e-06,2.8465790821870675e-09,0.06774169310544463,0.9422546274604143,0.0,6.417089082333405e-14
56.0,0.0,3.5223863713703823e-06,2.748976893709597e-09,0.0667255111571926,0.9432709637075233,0.0,6.417089082333405e-14
56.25,0.0,3.3763791405106034e-06,2.656102768208889e-09,0.06572525748808582,0.944271363476735,0.0,6.417089082333405e-14
56.5,0.0,3.238059780402399e-06,2.567681915701463e-09,0.0647406716660675,0.9452560877065344,0.0,6.417089082333405e-14
56.75,0.0,3.1069572604654637e-06,2.483457874272198e-09,0.06377149767054689,0.9462253928887989,0.0,6.417089082333405e-14
57.0,0.0,2.982632989240388e-06,2.4031911444345984e-09,0.06281748381682949,0.9471795311470542,0.0,6.417089082333405e-14
57.25,0.0,2.864678355969219e-06,2.32665793588671e-09,0.06187838268171691,0.9481187503133334,0.0,6.417089082333405e-14
57.5,0.0,2.752712478126239e-06,2.253649017069033e-09,0.06095395103027718,0.9490432940036598,0.0,6.417089082333405e-14
57.75,0.0,2.646380132681931e-06,2.183968657351856e-09,0.0600439497437727,0.9499534016921901,0.0,6.417089082333405e-14
58.0,0.0,2.545349846672333e-06,2.1174336509212415e-09,0.05914814374873287,0.9508493087840509,0.0,6.417089082333405e-14
58.25,0.0,2.4493121324449963e-06,2.053872414758768e-09,0.0582663019471677,0.9517312466868916,0.0,6.417089082333405e-14
58.5,0.0,2.3579779005553965e-06,1.993124169803937e-09,0.05739819714795363,0.9525994428810858,0.0,6.417089082333405e-14
58.75,0.0,2.2710769667857148e-06,1.9350381754731872e-09,0.05654360599931656,0.9534541209887426,0.0,6.417089082333405e-14
59.0,0.0,2.188356685897644e-06,1.87947302646926e-09,0.055702308922436196,0.954295500841469,0.0,6.417089082333405e-14
59.25,0.0,2.109580693828373e-06,1.826296004084235e-09,0.05487409004616176,0.9551237985469125,0.0,6.417089082333405e-14
59.5,0.0,2.0345277496007746e-06,1.775382477602461e-09,0.05405873714283001,0.955939226554102,0.0,6.417089082333405e-14
59.75,0.0,1.9629906669482952e-06,1.7266153512042188e-09,0.05325604156516308,0.9567419937176188,0.0,6.417089082333405e-14
60.0,0.0,1.8947753247962052e-06,1.6798845514861609e-09,0.05246579818422162,0.9575323053606332,0.0,6.417089082333405e-14
60.25,0.0,1.8296997497100758e-06,1.635086552028559e-09,0.051687805328403245,0.9583103633368246,0.0,6.417089082333405e-14
60.5,0.0,1.7675932828106775e-06,1.5921239381009543e-09,0.05092186472353779,0.9590763660911196,0.0,6.417089082333405e-14
60.75,0.0,1.708295796666101e-06,1.5509049993303357e-09,0.05016778143396054,0.9598305087194019,0.0,6.417089082333405e-14
61.0,0.0,1.6516569744855288e-06,1.5113433533620815e-09,0.04942536380460913,0.9605729830271371,0.0,6.417089082333405e-14
61.25,0.0,1.5975356435514794e-06,1.473357597039597e-09,0.04869442340412458,0.9613039775869384,0.0,6.417089082333405e-14
61.5,0.0,1.5457991587366084e-06,1.4368709830002627e-09,0.047974774968945255,0.9620236777950891,0.0,6.417089082333405e-14
61.75,0.0,1.4963228314221658e-06,1.4018111195149317e-09,0.04726623634836872,0.9627322659270529,0.0,6.417089082333405e-14
62.0,0.0,1.4489893987875942e-06,1.368109691286204e-09,0.04656862845055524,0.9634299211920004,0.0,6.417089082333405e-14
62.25,0.0,1.4036885301122839e-06,1.3357021994629976e-09,0.04588177518946108,0.9641168197863708,0.0,6.417089082333405e-14
62.5,0.0,1.360316374944292e-06,1.3045277219085125e-09,0.04520550343275529,0.9647931349464062,0.0,6.417089082333405e-14
62.75,0.0,1.3187751382917211e-06,1.27452868850463e-09,0.044539642950596196,0.965459036999801,0.0,6.417089082333405e-14
63.0,0.0,1.2789726876089757e-06,1.2456506725065082e-09,0.04388402636531619,0.9661146934164097,0.0,6.417089082333405e-14
63.25,0.0,1.2408221878622835e-06,1.2178421963211732e-09,0.04323848910199383,0.9667602688580402,0.0,6.417089082333405e-14
63.5,0.0,1.2042417626237516e-06,1.1910545506633155e-09,0.04260286933990137,0.9673959252273455,0.0,6.417089082333405e-14
63.75,0.0,1.1691541789181623e-06,1.1652416260195052e-09,0.04197700796480452,0.9680218217158391,0.0,6.417089082333405e-14
64.0,0.0,1.135486553400504e-06,1.14035975530608e-09,0.0413607485220889,0.9686381148510621,0.0,6.417089082333405e-14
64.25,0.0,1.1031700781722325e-06,1.1163675668389786e-09,0.04075393717070198,0.9692449585429164,0.0,6.417089082333405e-14
64.5,0.0,1.072139768154599e-06,1.0932258479426114e-09,0.0401564226379599,0.9698425041291102,0.0,6.417089082333405e-14
64.75,0.0,1.0423342233750341e-06,1.0708974168588804e-09,0.03956805617510429,0.970430900419839,0.0,6.417089082333405e-14
65.0,0.0,1.0136954080462844e-06,1.0493470032752034e-09,0.03898869151365425,0.9710102937416548,0.0,6.417089082333405e-14
65.25,0.0,9.861684446542528e-07,1.0285411366754777e-09,0.03841818482253345,0.9715808279805449,0.0,6.417089082333405e-14
65.5,0.0,9.597014220072406e-07,1.0084480419735422e-09,0.03785639466596164,0.9721426446242324,0.0,6.417089082333405e-14
65.75,0.0,9.342452161017687e-07,9.890375418834877e-10,0.03730318196208919,0.9726958828037212,0.0,6.394884621840902e-14
66.0,0.0,9.097533225964156e-07,9.702809654615566e-10,0.03675840994235195,0.9732406793341086,0.0,6.417089082333405e-14
66.25,0.0,8.861817000149461e-07,9.521510623583242e-10,0.036221944111535856,0.9737771687546771,0.0,6.394884621840902e-14
66.5,0.0,8.634886244426119e-07,9.34621922866204e-10,0.03569365220859536,0.9743054833682223,0.0,6.394884621840902e-14
66.75,0.0,8.41634552630111e-07,9.176689026681572e-10,0.03517340416812302,0.9748257532797195,0.0,6.417089082333405e-14
67.0,0.0,8.205819942511351e-07,9.012685523702342e-10,0.0346610720825106,0.9753381064342906,0.0,6.394884621840902e-14
67.25,0.0,8.002953924236793e-07,8.853985514120837e-10,0.034156530164783615,0.9758426686544894,0.0,6.394884621840902e-14
67.5,0.0,7.807410119432599e-07,8.700376460670042e-10,0.03365965471209967,0.9763395636769148,0.0,6.394884621840902e-14
67.75,0.0,7.618868346333286e-07,8.551655912432663e-10,0.033170324069891594,0.9768289131881722,0.0,6.394884621840902e-14
68.0,0.0,7.437024611894442e-07,8.407630957897496e-10,0.032688418596635696,0.977310836860204,0.0,6.394884621840902e-14
68.25,0.0,7.261590190476062e-07,8.268117710569772e-10,0.03221382062923536,0.9777854523849979,0.0,6.417089082333405e-14
68.5,0.0,7.092290765790378e-07,8.132940827205935e-10,0.031746414449058506,0.9782528755086349,0.0,6.417089082333405e-14
68.75,0.0,6.92886562127719e-07,8.001933053346011e-10,0.0312860862485392,0.9787132200647695,0.0,6.417089082333405e-14
69.0,0.0,6.771066881846841e-07,7.874934796211023e-10,0.030832724098378585,0.9791665980075038,0.0,6.417089082333405e-14
69.25,0.0,6.61865880239388e-07,7.751793722818296e-10,0.030386217915329132,0.9796131194436754,0.0,6.417089082333405e-14
69.5,0.0,6.471417100088098e-07,7.632364381727883e-10,0.029946459430553754,0.9800528926645639,0.0,6.394884621840902e-14
69.75,0.0,6.329128327259519e-07,7.516507846848199e-10,0.029513342158543347,0.9804860241770372,0.0,6.417089082333405e-14
70.0,0.0,6.191589281560532e-07,7.404091381689349e-10,0.02908676136657535,0.9809126187341514,0.0,6.394884621840902e-14
70.25,0.0,6.058606450827414e-07,7.294988122681869e-10,0.028666614044705024,0.9813327793652151,0.0,6.394884621840902e-14
70.5,0.0,5.929995493802423e-07,7.189076781419139e-10,0.028252798876322552,0.9817466074052844,0.0,6.394884621840902e-14
70.75,0.0,5.805580749343363e-07,7.086241363130509e-10,0.02784521620919821,0.9821542025241667,0.0,6.394884621840902e-14
71.0,0.0,5.685194775244144e-07,6.986370901246993e-10,0.0274437680270462,0.9825556627549032,0.0,6.394884621840902e-14
71.25,0.0,5.568677914213173e-07,6.889359206884711e-10,0.027048357921592932,0.9829510845217438,0.0,6.417089082333405e-14
71.5,0.0,5.455877885341636e-07,6.795104632348338e-10,0.026658891065142642,0.9833405626676225,0.0,6.417089082333405e-14
71.75,0.0,5.346649399309486e-07,6.703509847772052e-10,0.026275274183625855,0.9837241904811473,0.0,6.417089082333405e-14
72.0,0.0,5.240853795513021e-07,6.614481629996867e-10,0.02589741553011589,0.9841020597231205,0.0,6.417089082333405e-14
72.25,0.0,5.138358699663132e-07,6.527930662896011e-10,0.02552522485880596,0.9844742606525951,0.0,6.417089082333405e-14
72.5,0.0,5.039037702266654e-07,6.443771348980849e-10,0.025158613399475397,0.9848408820524414,0.0,6.417089082333405e-14
72.75,0.0,4.942770054211064e-07,6.361921630876686e-10,0.02479749383237808,0.9852020112544885,0.0,6.417089082333405e-14
73.0,0.0,4.849440379848377e-07,6.282302822505776e-10,0.024441780263579113,0.9855577341642167,0.0,6.394884621840902e-14
73.25,0.0,4.7589384062291006e-07,6.204839449314672e-10,0.024091388200727808,0.9859081352850118,0.0,6.417089082333405e-14
73.5,0.0,4.6711587075334625e-07,6.129459097024713e-10,0.023746234529260373,0.9862532977419871,0.0,6.417089082333405e-14
73.75,0.0,4.586000463709943e-07,6.05609226839665e-10,0.02340623748902029,0.9865933033053882,0.0,6.417089082333405e-14
74.0,0.0,4.5033672322997984e-07,5.984672247491376e-10,0.023071316651283043,0.9869282324135906,0.0,6.417089082333405e-14
74.25,0.0,4.423166732611466e-07,5.915134970965956e-10,0.022741392896179345,0.987258164195698,0.0,6.417089082333405e-14
74.5,0.0,4.3453106423625253e-07,5.847418906264339e-10,0.022416388390540776,0.9875831764937172,0.0,6.417089082333405e-14
74.75,0.0,4.269714404793772e-07,5.781464935938658e-10,0.022096226566110697,0.9879033458843665,0.0,6.417089082333405e-14
75.0,0.0,4.196297046366118e-07,5.717216247964803e-10,0.021780832098142584,0.9882187477004952,0.0,6.417089082333405e-14
75.25,0.0,4.1249810042775985e-07,5.654618231667673e-10,0.021470130884375455,0.9885294560521264,0.0,6.417089082333405e-14
75.5,0.0,4.0556919632432933e-07,5.593618378946133e-10,0.021164050024380866,0.9888355438471251,0.0,6.417089082333405e-14
75.75,0.0,3.9883587009651516e-07,5.534166190496714e-10,0.020862517799270803,0.9891370828115066,0.0,6.417089082333405e-14
76.0,0.0,3.92291294170286e-07,5.476213086730511e-10,0.02056546365175541,0.9894341435093932,0.0,6.417089082333405e-14
76.25,0.0,3.859289217453163e-07,5.419712323107662e-10,0.020272818166545033,0.9897267953626261,0.0,6.417089082333405e-14
76.5,0.0,3.797424736745789e-07,5.364618909783824e-10,0.019984513051117394,0.9900151066700111,0.0,6.417089082333405e-14
76.75,0.0,3.737259259972702e-07,5.310889535141385e-10,0.01970048111680072,0.9902991446262485,0.0,6.417089082333405e-14
77.0,0.0,3.678734981256262e-07,5.258482493103241e-10,0.019420656260191772,0.990578975340526,0.0,6.417089082333405e-14
77.25,0.0,3.621796416413805e-07,5.207357614000107e-10,0.019144973444899866,0.9908546638547868,0.0,6.417089082333405e-14
77.5,0.0,3.5663902966857154e-07,5.157476198802944e-10,0.01887336868361217,0.9911262741616746,0.0,6.417089082333405e-14
77.75,0.0,3.5124654678876607e-07,5.108800956538312e-10,0.018605779020471103,0.9913938692221661,0.0,6.417089082333405e-14
78.0,0.0,3.459972794639496e-07,5.061295944702166e-10,0.018342142513754208,0.9916575109829008,0.0,6.394884621840902e-14
78.25,0.0,3.4088650693745573e-07,5.014926512503629e-10,0.018082398218851818,0.9919172603932127,0.0,6.417089082333405e-14
78.5,0.0,3.359096926102286e-07,4.969659246863223e-10,0.017826486171560366,0.9921731774218452,0.0,6.417089082333405e-14
78.75,0.0,3.3106247583203917e-07,4.925461920919366e-10,0.017574347371649025,0.992425321073393,0.0,6.394884621840902e-14
79.0,0.0,3.263406641048795e-07,4.882303444970113e-10,0.017325923766715955,0.9926737494044536,0.0,6.394884621840902e-14
79.25,0.0,3.2174022567225203e-07,4.84015381971052e-10,0.017081158236326565,0.9929185195394964,0.0,6.394884621840902e-14
79.5,0.0,3.1725728247404973e-07,4.798984091648662e-10,0.01683999457642958,0.9931596876864536,0.0,6.394884621840902e-14
79.75,0.0,3.1288810344650166e-07,4.758766310587667e-10,0.01660237748404306,0.9933973091520408,0.0,6.394884621840902e-14
80.0,0.0,3.0862909814622863e-07,4.719473489059858e-10,0.016368252542202165,0.9936314383568163,0.0,6.394884621840902e-14
80.25,0.0,3.044768106802372e-07,4.681079563607973e-10,0.01613756620516454,0.9938621288499808,0.0,6.394884621840902e-14
80.5,0.0,3.0042791393848826e-07,4.643559357860653e-10,0.01591026578388865,0.9940894333239055,0.0,6.394884621840902e-14
80.75,0.0,2.964792040945295e-07,4.606888547256234e-10,0.015686299431748665,0.9943134036284224,0.0,6.394884621840902e-14
81.0,0.0,2.926275953708363e-07,4.571043625363834e-10,0.015465616130500012,0.9945340907848642,0.0,6.394884621840902e-14
81.25,0.0,2.888701150528981e-07,4.53600187171471e-10,0.015248165676488819,0.99475154499986,0.0,6.394884621840902e-14
81.5,0.0,2.852038987394309e-07,4.5017413210699053e-10,0.015033898667101846,0.9949658156788893,0.0,6.394884621840902e-14
81.75,0.0,2.816261858160517e-07,4.4682407340530964e-10,0.014822766487449974,0.9951769514396042,0.0,6.394884621840902e-14
82.0,0.0,2.781343151395179e-07,4.435479569076873e-10,0.014614721297278283,0.9953850001249226,0.0,6.394884621840902e-14
82.25,0.0,2.7472572092118074e-07,4.4034379554957353e-10,0.014409716018099124,0.9955900088159001,0.0,6.394884621840902e-14
82.5,0.0,2.713979288066231e-07,4.3720966679492505e-10,0.01420770432056132,0.9957920238443642,0.0,6.394884621840902e-14
82.75,0.0,2.6814855213128255e-07,4.3414371018064544e-10,0.014008640612024285,0.9959910908053439,0.0,6.394884621840902e-14
83.0,0.0,2.6497528834906497e-07,4.3114412496762197e-10,0.01381248002434905,0.9961872545692825,0.0,6.394884621840902e-14
83.25,0.0,2.6187591562405255e-07,4.2820916789282484e-10,0.013619178401900514,0.9963805592940387,0.0,6.394884621840902e-14
83.5,0.0,2.588482895773231e-07,4.253371510177044e-10,0.013428692289757812,0.9965710484366794,0.0,6.394884621840902e-14
83.75,0.0,2.5589034018091873e-07,4.225264396683148e-10,0.01324097892212701,0.9967587647650704,0.0,6.394884621840902e-14
84.0,0.0,2.530000687908742e-07,4.1977545046255585e-10,0.013055996210949954,0.9969437503692699,0.0,6.394884621840902e-14
84.25,0.0,2.5017554531209217e-07,4.1708264942022057e-10,0.012873702734706335,0.9971260466727297,0.0,6.394884621840902e-14
84.5,0.0,2.4741490549262385e-07,4.1444655015332494e-10,0.012694057727420072,0.9973056944432919,0.0,6.394884621840902e-14
84.75,0.0,2.4471634833526334e-07,4.1186571213116546e-10,0.012517021067843343,0.9974827338040066,0.0,6.394884621840902e-14
85.0,0.0,2.4207813362405376e-07,4.0933873901767e-10,0.012342553268828433,0.9976572042437633,0.0,6.394884621840902e-14
85.25,0.0,2.394985795594532e-07,4.068642770774577e-10,0.012170615466882582,0.9978291446277376,0.0,6.394884621840902e-14
85.5,0.0,2.3697606049702387e-07,4.0444101364748636e-10,0.012001169411903101,0.9979985932076594,0.0,6.394884621840902e-14
85.75,0.0,2.345090047845509e-07,4.0206767567129726e-10,0.011834177457087772,0.9981655876319038,0.0,6.394884621840902e-14
86.0,0.0,2.3209589269242584e-07,3.9974302829284357e-10,0.01166960254901527,0.998330164955413,0.0,6.394884621840902e-14
86.25,0.0,2.2973525443263532e-07,3.974658735070694e-10,0.011507408217892987,0.9984923616494508,0.0,6.394884621840902e-14
86.5,0.0,2.274256682644878e-07,3.9523504886549785e-10,0.011347558567981848,0.9986522136111788,0.0,6.394884621840902e-14
86.75,0.0,2.2516575867968194e-07,3.930494262332709e-10,0.011190018268175152,0.9988097561730808,0.0,6.394884621840902e-14
87.0,0.0,2.2295419466488499e-07,3.9090791059596315e-10,0.011034752542740204,0.9989650241122212,0.0,6.394884621840902e-14
87.25,0.0,2.207896880377999e-07,3.8880943891380397e-10,0.010881727162218538,0.999118051659348,0.0,6.394884621840902e-14
87.5,0.0,2.186709918533639e-07,3.8675297902123417e-10,0.010730908434482406,0.9992688725078368,0.0,6.394884621840902e-14
87.75,0.0,2.1659689887676623e-07,3.8473752856980593e-10,0.010582263195943237,0.9994175198224844,0.0,6.394884621840902e-14
88.0,0.0,2.145662401199311e-07,3.82762114012424e-10,0.010435758802907516,0.9995640262481542,0.0,6.394884621840902e-14
88.25,0.0,2.1257788343840973e-07,3.808257896270375e-10,0.010291363123077803,0.999708423918277,0.0,6.394884621840902e-14
88.5,0.0,2.1063073218729125e-07,3.78927636578577e-10,0.010149044527207197,0.999850744463197,0.0,6.394884621840902e-14
88.75,0.0,2.0872372393151322e-07,3.770667620168067e-10,0.010008771880887399,0.9999910190183859,0.0,6.394884621840902e-14
89.0,0.0,2.0685582920921219e-07,3.7524229820893006e-10,0.009870514536477965,1.0001292782325146,0.0,6.417089082333405e-14
89.25,0.0,2.0502605034548213e-07,3.734534017053648e-10,0.0097342423251731,1.0002655522753872,0.0,6.394884621840902e-14
89.5,0.0,2.03233420314316e-07,3.7169925253728625e-10,0.009599925549203992,1.0003998708457404,0.0,6.394884621840902e-14
89.75,0.0,2.0147700164654078e-07,3.6997905344459473e-10,0.009467534974172962,1.0005322631789104,0.0,6.417089082333405e-14
90.0,0.0,1.9975588538153489e-07,3.6829202913295535e-10,0.00933704182151556,1.000662758054371,0.0,6.394884621840902e-14
90.25,0.0,1.9806919006069422e-07,3.666374255586288e-10,0.00920841776108856,1.000791383803148,0.0,6.394884621840902e-14
90.5,0.0,1.9641606076162432e-07,3.650145092402587e-10,0.009081634903891066,1.0009181683150976,0.0,6.394884621840902e-14
90.75,0.0,1.9479566817011945e-07,3.634225665960525e-10,0.008956665794901588,1.0010431390460717,0.0,6.394884621840902e-14
91.0,0.0,1.9320720768892932e-07,3.618609033055508e-10,0.008833483406037632,1.001166323024958,0.0,6.417089082333405e-14
91.25,0.0,1.9164989858156655e-07,3.603288436949063e-10,0.008712061129234696,1.001287746860602,0.0,6.417089082333405e-14
91.5,0.0,1.901229831496571e-07,3.588257301447145e-10,0.00859237276964283,1.0014074367486123,0.0,6.394884621840902e-14
91.75,0.0,1.8862572594236716e-07,3.573509225194742e-10,0.008474392538937713,1.0015254184780495,0.0,6.417089082333405e-14
92.0,0.0,1.8715741299642547e-07,3.5590379761775163e-10,0.008358095048742721,1.0016417174380046,0.0,6.417089082333405e-14
92.25,0.0,1.8571735110536978e-07,3.5448374864216943e-10,0.008243455304160407,1.0017563586240688,0.0,6.394884621840902e-14
92.5,0.0,1.8430486711727084e-07,3.5309018468863863e-10,0.008130448697419409,1.0018693666446874,0.0,6.417089082333405e-14
92.75,0.0,1.8291930725902728e-07,3.517225302537639e-10,0.008019051001622169,1.0019807657274122,0.0,6.417089082333405e-14
93.0,0.0,1.815600364865039e-07,3.5038022475986166e-10,0.007909238364599022,1.0020905797250483,0.0,6.417089082333405e-14
93.25,0.0,1.802264378593346e-07,3.49062722096846e-10,0.007800987302865959,1.0021988321216975,0.0,6.394884621840902e-14
93.5,0.0,1.789179119393701e-07,3.477694901803182e-10,0.007694274695684534,1.002305546038698,0.0,6.394884621840902e-14
93.75,0.0,1.7763387621177344e-07,3.4650001052522023e-10,0.0075890777792212,1.0024107442404666,0.0,6.394884621840902e-14
94.0,0.0,1.7637376452775804e-07,3.452537778344072e-10,0.0074853741408031065,1.0025144491402427,0.0,6.417089082333405e-14
94.25,0.0,1.7513702656803123e-07,3.440302996015298e-10,0.007383141713268957,1.0026166828057383,0.0,6.417089082333405e-14
94.5,0.0,1.7392312732639949e-07,3.4282909572781833e-10,0.007282358769420088,1.0027174669646877,0.0,6.417089082333405e-14
94.75,0.0,1.7273154661227682e-07,3.4164969815202233e-10,0.0071830039165592125,1.0028168230103085,0.0,6.394884621840902e-14
95.0,0.0,1.7156177857156682e-07,3.4049165049311347e-10,0.007085056091121575,1.0029147720066722,0.0,6.394884621840902e-14
95.25,0.0,1.7041333122511305e-07,3.3935450770523043e-10,0.006988494553396204,1.0030113346939822,0.0,6.417089082333405e-14
95.5,0.0,1.6928572602401376e-07,3.382378357444e-10,0.006893298882335932,1.0031065314937644,0.0,6.417089082333405e-14
95.75,0.0,1.6817849742111446e-07,3.3714121124658367e-10,0.00679944897045385,1.0032003825139717,0.0,6.417089082333405e-14
96.0,0.0,1.6709119245798762e-07,3.360642212165969e-10,0.00670692501880363,1.0032929075540038,0.0,6.417089082333405e-14
96.25,0.0,1.6602337036675025e-07,3.35006462727471e-10,0.006615707532042479,1.0033841261096448,0.0,6.417089082333405e-14
96.5,0.0,1.64974602186324e-07,3.339675426299725e-10,0.0065257773135811966,1.0034740573779133,0.0,6.417089082333405e-14
96.75,0.0,1.6394447039229252e-07,3.329470772717486e-10,0.006437115460810502,1.0035627202618362,0.0,6.417089082333405e-14
97.0,0.0,1.6293256853997052e-07,3.3194469222582293e-10,0.006349703360407702,1.0036501333751433,0.0,6.417089082333405e-14
97.25,0.0,1.619385009201274e-07,3.309600220280732e-10,0.0062635226837217065,1.0037363150468814,0.0,6.417089082333405e-14
97.5,0.0,1.609618822268732e-07,3.299927099233591e-10,0.00617855538223527,1.0038212833259539,0.0,6.417089082333405e-14
97.75,0.0,1.6000233723722922e-07,3.2904240761998043e-10,0.006094783683102368,1.0039050559855822,0.0,6.417089082333405e-14
98.0,0.0,1.5905950050190163e-07,3.2810877505214173e-10,0.006012190084758588,1.0039876505276963,0.0,6.417089082333405e-14
98.25,0.0,1.581330160468043e-07,3.271914801501187e-10,0.005930757352603371,1.0040690841872533,0.0,6.417089082333405e-14
98.5,0.0,1.5722253708504133e-07,3.262901986179244e-10,0.005850468514758036,1.0041493739364789,0.0,6.417089082333405e-14
98.75,0.0,1.5632772573877367e-07,3.2540461371809144e-10,0.0057713068578901594,1.0042285364890438,0.0,6.417089082333405e-14
99.0,0.0,1.5544825277068782e-07,3.245344160633752e-10,0.0056932559231079,1.004306588304169,0.0,6.417089082333405e-14
99.25,0.0,1.5458379732467615e-07,3.236793034151141e-10,0.005616299501922479,1.0043835455906651,0.0,6.417089082333405e-14
99.5,0.0,1.5373404667538177e-07,3.228389804880093e-10,0.005540421632277854,1.0044594243109006,0.0,6.417089082333405e-14
99.75,0.0,1.5289869598627064e-07,3.220131587610928e-10,0.005465606594645833,1.004534240184709,0.0,6.394884621840902e-14
100.0,0.0,1.5207744807589185e-07,3.212015562946512e-10,0.005391838908184713,1.0046080086932299,0.0,6.417089082333405e-14
100.25,0.0,1.5127001319200474e-07,3.2040389755288506e-10,0.005319103326960507,1.0046807450826865,0.0,6.394884621840902e-14
100.5,0.0,1.504761087933612e-07,3.1961991323216253e-10,0.005247384836234079,1.0047524643681014,0.0,6.417089082333405e-14
100.75,0.0,1.4969545933874395e-07,3.1884934009458324e-10,0.005176668648806133,1.0048231813369493,0.0,6.394884621840902e-14
101.0,0.0,1.489277960830546e-07,3.1809192080671607e-10,0.00510694020142305,1.004892910552753,0.0,6.417089082333405e-14
101.25,0.0,1.4817285688017483e-07,3.173474037833182e-10,0.005038185151242116,1.0049616663586178,0.0,6.417089082333405e-14
101.5,0.0,1.474303859923528e-07,3.166155430358646e-10,0.004970389372355251,1.0050294628807075,0.0,6.417089082333405e-14
101.75,0.0,1.467001339058743e-07,3.158960980257179e-10,0.004903538952369732,1.0050963140316644,0.0,6.417089082333405e-14
102.0,0.0,1.4598185715277732e-07,3.1518883352177107e-10,0.004837620189044268,1.005162233513974,0.0,6.439293542825908e-14
102.25,0.0,1.4527531813838003e-07,3.144935194624014e-10,0.004772619586979601,1.005227234823273,0.0,6.417089082333405e-14
102.5,0.0,1.4458028497446655e-07,3.138099308216363e-10,0.004708523854366496,1.0052913312516027,0.0,6.417089082333405e-14
102.75,0.0,1.4389653131785001e-07,3.1313784747931996e-10,0.004645319899784166,1.0053545358906109,0.0,6.417089082333405e-14
103.0,0.0,1.432238362141617e-07,3.124770540951817e-10,0.004582994829051722,1.0054168616346992,0.0,6.417089082333405e-14
103.25,0.0,1.4256198394666702e-07,3.1182733998666744e-10,0.004521535942131363,1.0054783211841216,0.0,6.417089082333405e-14
103.5,0.0,1.4191076388993074e-07,3.111884990104076e-10,0.0044609307300825535,1.0055389270480293,0.0,6.417089082333405e-14
103.75,0.0,1.4126997036815754e-07,3.1056032944719776e-10,0.004401166872065888,1.0055986915474677,0.0,6.439293542825908e-14
104.0,0.0,1.406394025180344e-07,3.099426338903667e-10,0.004342232232395191,1.005657626818324,0.0,6.417089082333405e-14
104.25,0.0,1.4001886415590858e-07,3.0933521913741564e-10,0.004284114857637171,1.0057157448142278,0.0,6.439293542825908e-14
104.5,0.0,1.3940816364918652e-07,3.0873789608485657e-10,0.0042268029737610804,1.0057730573094017,0.0,6.439293542825908e-14
104.75,0.0,1.388071137917535e-07,3.0815047962609046e-10,0.004170284983332366,1.0058295759014677,0.0,6.439293542825908e-14
105.0,0.0,1.3821553168330234e-07,3.075727885522552e-10,0.004114549462752554,1.0058853120142073,0.0,6.439293542825908e-14
105.25,0.0,1.3763323861242736e-07,3.0700464545593977e-10,0.0040595851595442555,1.0059402769002768,0.0,6.417089082333405e-14
105.5,0.0,1.3706005994335384e-07,3.0644587663767254e-10,0.004005380989680641,1.0059944816438777,0.0,6.417089082333405e-14
105.75,0.0,1.3649582500617676e-07,3.0589631201509014e-10,0.003951926034958239,1.0060479371633848,0.0,6.439293542825908e-14
106.0,0.0,1.359403669904824e-07,3.053557850346954e-10,0.0038992095404118297,1.0061006542139297,0.0,6.439293542825908e-14
106.25,0.0,1.35393522842232e-07,3.048241325861166e-10,0.0038472209117708166,1.0061526433899464,0.0,6.417089082333405e-14
106.5,0.0,1.3485513316382195e-07,3.043011949188189e-10,0.0037959497129592106,1.0062039151276707,0.0,6.417089082333405e-14
106.75,0.0,1.3432504211717616e-07,3.0378681556114405e-10,0.0037453856636340097,1.0062544797076014,0.0,6.439293542825908e-14
107.0,0.0,1.338030973297881e-07,3.0328084124162894e-10,0.003695518636763924,1.0063043472569222,0.0,6.417089082333405e-14
107.25,0.0,1.3328914980360663e-07,3.027831218125267e-10,0.0036463386562474703,1.0063535277518838,0.0,6.417089082333405e-14
107.5,0.0,1.3278305382667108e-07,3.0229351017546023e-10,0.0035978358945698706,1.0064020310201471,0.0,6.439293542825908e-14
107.75,0.0,1.3228466688740228e-07,3.0181186220913925e-10,0.003550000670497769,1.0064498667430877,0.0,6.417089082333405e-14
108.0,0.0,1.3179384959145736e-07,3.013380366990716e-10,0.0035028234468107004,1.0064970444580659,0.0,6.417089082333405e-14
108.25,0.0,1.3131046558105872e-07,3.0087189526920307e-10,0.0034562948280687697,1.006543573560658,0.0,6.417089082333405e-14
108.5,0.0,1.3083438145673409e-07,3.0041330231545205e-10,0.0034104055584183797,1.006589463306851,0.0,6.417089082333405e-14
108.75,0.0,1.3036546670136182e-07,2.9996212494104143e-10,0.0033651465194315076,1.006634722815204,0.0,6.417089082333405e-14
109.0,0.0,1.299035936064598e-07,2.99518232893594e-10,0.003320508727980208,1.0066793610689722,0.0,6.417089082333405e-14
109.25,0.0,1.2944863720064013e-07,2.9908149850393263e-10,0.0032764833341454892,1.0067233869182,0.0,6.417089082333405e-14
109.5,0.0,1.290004751801594e-07,2.9865179662653366e-10,0.00323306161916008,1.0067668090817772,0.0,6.417089082333405e-14
109.75,0.0,1.2855898784149546e-07,2.982290045815809e-10,0.003190234993384227,1.0068096361494632,0.0,6.417089082333405e-14
110.0,0.0,1.281240580158824e-07,2.9781300209856704e-10,0.003147994994313596,1.0068518765838796,0.0,6.417089082333405e-14
110.25,0.0,1.2769557100573713e-07,2.9740367126139495e-10,0.003106333284618813,1.0068935387224707,0.0,6.417089082333405e-14
110.5,0.0,1.272734145229304e-07,2.9700089645495296e-10,0.0030652416502182263,1.0069346307794305,0.0,6.417089082333405e-14
110.75,0.0,1.268574786288244e-07,2.966045643130893e-10,0.0030247119983800013,1.006975160847601,0.0,6.417089082333405e-14
111.0,0.0,1.264476556760298e-07,2.962145636679609e-10,0.0029847363558549826,1.0070151369003388,0.0,6.394884621840902e-14
111.25,0.0,1.260438402518252e-07,2.958307855007122e-10,0.0029453068670396,1.0070545667933535,0.0,6.417089082333405e-14
111.5,0.0,1.256459291231862e-07,2.954531228934451e-10,0.0029064157921683915,1.0070934582665134,0.0,6.394884621840902e-14
111.75,0.0,1.252538211833724e-07,2.9508147098243963e-10,0.0028680555055353918,1.007131818945626,0.0,6.394884621840902e-14
112.0,0.0,1.248674174000213e-07,2.9471572691258517e-10,0.0028302184937435888,1.0071696563441874,0.0,6.417089082333405e-14
112.25,0.0,1.244866207646997e-07,2.943557897929856e-10,0.0027928973539820437,1.0072069778651054,0.0,6.394884621840902e-14
112.5,0.0,1.2411133624387653e-07,2.940015606537205e-10,0.0027560847923320322,1.0072437908023943,0.0,6.417089082333405e-14
112.75,0.0,1.237414707312591e-07,2.936529424037034e-10,0.002719773622098852,1.0072801023428415,0.0,6.394884621840902e-14
113.0,0.0,1.2337693300145738e-07,2.933098397896187e-10,0.0026839567621705306,1.0073159195676507,0.0,6.394884621840902e-14
113.25,0.0,1.230176336649336e-07,2.929721593559043e-10,0.002648627235402801,1.0073512494540555,0.0,6.417089082333405e-14
113.5,0.0,1.2266348512419698e-07,2.9263980940574933e-10,0.0026137781670299795,1.0073860988769092,0.0,6.417089082333405e-14
113.75,0.0,1.2231440153120508e-07,2.923126999630768e-10,0.0025794027831010855,1.0074204746102489,0.0,6.417089082333405e-14
114.0,0.0,1.2197029874593337e-07,2.9199074273547985e-10,0.002545494408940522,1.007454383328834,0.0,6.417089082333405e-14
114.25,0.0,1.2163109429607506e-07,2.9167385107808287e-10,0.0025120464676329584,1.007487831609663,0.0,6.394884621840902e-14
114.5,0.0,1.2129670733784526e-07,2.9136193995831715e-10,0.0024790524785335806,1.0075208259334612,0.0,6.394884621840902e-14
114.75,0.0,1.209670586178441e-07,2.910549259215612e-10,0.0024465060558008173,1.0075533726861496,0.0,6.394884621840902e-14
115.0,0.0,1.2064207043595324e-07,2.907527270576348e-10,0.0024144009069526,1.0075854781602882,0.0,6.394884621840902e-14
115.25,0.0,1.2032166660923265e-07,2.9045526296812026e-10,0.0023827308314456072,1.0076171485564964,0.0,6.394884621840902e-14
115.5,0.0,1.200057724367878e-07,2.9016245473448783e-10,0.0023514897192771704,1.0076483899848518,0.0,6.394884621840902e-14
115.75,0.0,1.1969431466557765e-07,2.8987422488700196e-10,0.002320671549609286,1.0076792084662658,0.0,6.394884621840902e-14
116.0,0.0,1.193872214571342e-07,2.8959049737438355e-10,0.0022902703894141134,1.0077096099338378,0.0,6.394884621840902e-14
116.25,0.0,1.190844223551654e-07,2.893111975342069e-10,0.0022602803921406693,1.0077396002341898,0.0,6.417089082333405e-14
116.5,0.0,1.1878584825402066e-07,2.890362520640237e-10,0.002230695796403718,1.0077691851287758,0.0,6.394884621840902e-14
116.75,0.0,1.1849143136798556e-07,2.887655889931743e-10,0.002201510924692351,1.0077983702951747,0.0,6.394884621840902e-14
117.0,0.0,1.1820110520138531e-07,2.884991376552787e-10,0.002172720182099167,1.0078271613283605,0.0,6.394884621840902e-14
117.25,0.0,1.1791480451947236e-07,2.8823682866138646e-10,0.0021443180550695744,1.007855563741953,0.0,6.394884621840902e-14
117.5,0.0,1.1763246532007495e-07,2.8797859387376823e-10,0.0021162991101709564,1.0078835829694492,0.0,6.417089082333405e-14
117.75,0.0,1.1735402480598429e-07,2.877243663803298e-10,0.0020886579928811725,1.0079112243654338,0.0,6.417089082333405e-14
118.0,0.0,1.1707942135805773e-07,2.874740804696303e-10,0.002061389426395903,1.0079384932067728,0.0,6.417089082333405e-14
118.25,0.0,1.1680859450901645e-07,2.872276716064871e-10,0.0020344882104545462,1.0079653946937874,0.0,6.417089082333405e-14
118.5,0.0,1.1654148491792196e-07,2.869850764081631e-10,0.0020079492201855683,1.0079919339514085,0.0,6.417089082333405e-14
118.75,0.0,1.1627803434530551e-07,2.8674623262110383e-10,0.001981767404969094,1.0080181160303143,0.0,6.394884621840902e-14
119.0,0.0,1.1601818562893482e-07,2.8651107909821894e-10,0.001955937787317557,1.0080439459080497,0.0,6.394884621840902e-14
119.25,0.0,1.1576188266019931e-07,2.862795557766923e-10,0.001930455461773985,1.008069428490128,0.0,6.417089082333405e-14
119.5,0.0,1.1550907036109591e-07,2.86051603656307e-10,0.0019053155938276746,1.0080945686111145,0.0,6.417089082333405e-14
119.75,0.0,1.1525969466179836e-07,2.858271647782706e-10,0.0018805134188468323,1.0081193710356955,0.0,6.417089082333405e-14
120.0,0.0,1.1501370247879245e-07,2.8560618220452515e-10,0.0018560442410277178,1.0081438404597276,0.0,6.394884621840902e-14
120.25,0.0,1.1477104169356075e-07,2.8538859999752983e-10,0.001831903432360066,1.0081679815112736,0.0,6.394884621840902e-14
120.5,0.0,1.1453166113180484e-07,2.8517436320051243e-10,0.0018080864316095374,1.0081917987516191,0.0,6.417089082333405e-14
120.75,0.0,1.142955105431847e-07,2.8496341781816364e-10,0.0017845887433153096,1.0082152966762747,0.0,6.394884621840902e-14
121.0,0.0,1.1406254058156355e-07,2.847557107977699e-10,0.0017614059368034857,1.0082384797159643,0.0,6.394884621840902e-14
121.25,0.0,1.1383270278574342e-07,2.845511900107736e-10,0.0017385336452159742,1.008261352237594,0.0,6.394884621840902e-14
121.5,0.0,1.1360594956067772e-07,2.843498042347483e-10,0.0017159675645546173,1.0082839185452102,0.0,6.417089082333405e-14
121.75,0.0,1.1338223415914741e-07,2.841515031357787e-10,0.0016937034527401969,1.0083061828809383,0.0,6.417089082333405e-14
122.0,0.0,1.1316151066388729e-07,2.8395623725123247e-10,0.0016717371286859174,1.0083281494259113,0.0,6.417089082333405e-14
122.25,0.0,1.1294373397014954e-07,2.8376395797291447e-10,0.0016500644713851676,1.008349822301181,0.0,6.417089082333405e-14
122.5,0.0,1.1272885976869543e-07,2.835746175306012e-10,0.0016286814190142173,1.0083712055686156,0.0,6.417089082333405e-14
122.75,0.0,1.125168445291992e-07,2.8338816897593366e-10,0.0016075839680481973,1.0083923032317832,0.0,6.417089082333405e-14
123.0,0.0,1.12307645484055e-07,2.832045661666662e-10,0.0015867681723909634,1.008413119236823,0.0,6.417089082333405e-14
123.25,0.0,1.1210122061257553e-07,2.830237637512623e-10,0.001566230142518531,1.0084336574733013,0.0,6.417089082333405e-14
123.5,0.0,1.1189752862557172e-07,2.8284571715382746e-10,0.0015459660446358898,1.0084539217750539,0.0,6.417089082333405e-14
123.75,0.0,1.1169652895030295e-07,2.8267038255937137e-10,0.001525972099846875,1.0084739159210179,0.0,6.417089082333405e-14
124.0,0.0,1.1149818171578718e-07,2.8249771689938837e-10,0.0015062445833367501,1.0084936436360479,0.0,6.394884621840902e-14
124.25,0.0,1.1130244773846124e-07,2.823276778377497e-10,0.0014867798235673226,1.0085131085917214,0.0,6.417089082333405e-14
124.5,0.0,1.1110928850818393e-07,2.8216022375690543e-10,0.0014675742014851599,1.00853231440713,0.0,6.394884621840902e-14
124.75,0.0,1.1091866617456954e-07,2.8199531374437863e-10,0.0014486241497414763,1.008551264649661,0.0,6.394884621840902e-14
125.0,0.0,1.1073054353364462e-07,2.8183290757955014e-10,0.0014299261519242108,1.0085699628357634,0.0,6.394884621840902e-14
125.25,0.0,1.1054488401481919e-07,2.8167296572072603e-10,0.0014114767418020137,1.008588412431705,0.0,6.394884621840902e-14
125.5,0.0,1.1036165166816395e-07,2.8151544929248153e-10,0.0013932725025799873,1.008606616854317,0.0,6.417089082333405e-14
125.75,0.0,1.1018081115198532e-07,2.8136032007327324e-10,0.0013753100661668901,1.0086245794717257,0.0,6.394884621840902e-14
126.0,0.0,1.1000232772068995e-07,2.812075404833125e-10,0.00135758611245351,1.0086423036040753,0.0,6.394884621840902e-14
126.25,0.0,1.0982616721293092e-07,2.810570735726933e-10,0.0013400973686020405,1.0086597925242378,0.0,6.417089082333405e-14
126.5,0.0,1.0965229604003028e-07,2.809088830097751e-10,0.0013228406083469664,1.0086770494585122,0.0,6.417089082333405e-14
126.75,0.0,1.0948068117466758e-07,2.80762933069804e-10,0.0013058126513062027,1.0086940775873139,0.0,6.417089082333405e-14
127.0,0.0,1.093112901398293e-07,2.8061918862377326e-10,0.001289010362302945,1.0087108800458517,0.0,6.394884621840902e-14
127.25,0.0,1.0914409099801183e-07,2.8047761512751576e-10,0.0012724306506979794,1.0087274599247975,0.0,6.417089082333405e-14
127.5,0.0,1.0897905234067172e-07,2.803381786110231e-10,0.001256070469732327,1.0087438202709413,0.0,6.417089082333405e-14
127.75,0.0,1.0881614327791644e-07,2.802008456679863e-10,0.0012399268158799562,1.00875996408784,0.0,6.394884621840902e-14
128.0,0.0,1.0865533342842922e-07,2.8006558344555043e-10,0.0012239967282103134,1.0087758943364546,0.0,6.394884621840902e-14
128.25,0.0,1.0849659290962182e-07,2.799323596342793e-10,0.0012082772877605305,1.0087916139357782,0.0,6.394884621840902e-14
128.5,0.0,1.0833989232801102e-07,2.7980114245833e-10,0.0011927656169177364,1.0088071257634528,0.0,6.394884621840902e-14
128.75,0.0,1.0818520276981053e-07,2.796719006658242e-10,0.0011774588788103944,1.008822432656379,0.0,6.417089082333405e-14
129.0,0.0,1.0803249579173446e-07,2.7954460351941685e-10,0.0011623542767090474,1.0088375374113145,0.0,6.394884621840902e-14
129.25,0.0,1.0788174341200639e-07,2.794192207870557e-10,0.0011474490534362678,1.008852442785465,0.0,6.394884621840902e-14
129.5,0.0,1.0773291810156919e-07,2.7929572273292944e-10,0.0011327404907856863,1.0088671514970646,0.0,6.417089082333405e-14
129.75,0.0,1.0758599277549013e-07,2.7917408010859755e-10,0.001118225908949879,1.0088816662259472,0.0,6.394884621840902e-14
130.0,0.0,1.074409407845562e-07,2.790542641442982e-10,0.0011039026659568892,1.008895989614112,0.0,6.394884621840902e-14
130.25,0.0,1.0729773590705487e-07,2.7893624654042924e-10,0.0010897681571152569,1.0089101242662766,0.0,6.394884621840902e-14
130.5,0.0,1.071563523407367e-07,2.7881999945920356e-10,0.0010758198144679401,1.0089240727504238,0.0,6.417089082333405e-14
130.75,0.0,1.070167646949536e-07,2.7870549551646743e-10,0.0010620551062541699,1.0089378375983398,0.0,6.417089082333405e-14
131.0,0.0,1.0687894798296917e-07,2.785927077736821e-10,0.0010484715363795875,1.0089514213061437,0.0,6.394884621840902e-14
131.25,0.0,1.0674287761443685e-07,2.7848160973006454e-10,0.0010350666438944782,1.0089648263348103,0.0,6.394884621840902e-14
131.5,0.0,1.0660852938804167e-07,2.7837217531488394e-10,0.00102183800247999,1.0089780551106826,0.0,6.417089082333405e-14
131.75,0.0,1.0647587948430151e-07,2.7826437887990987e-10,0.0010087832199421505,1.008991110025978,0.0,6.417089082333405e-14
132.0,0.0,1.0634490445852362e-07,2.7815819519200824e-10,0.0009958999377134826,1.009003993439288,0.0,6.417089082333405e-14
132.25,0.0,1.0621558123391259e-07,2.7805359942588097e-10,0.0009831858303621089,1.0090167076760672,0.0,6.417089082333405e-14
132.5,0.0,1.0608788709482726e-07,2.779505671569514e-10,0.0009706386051086753,1.0090292550291178,0.0,6.417089082333405e-14
132.75,0.0,1.0596179968018108e-07,2.7784907435438495e-10,0.0009582560013502665,1.0090416377590652,0.0,6.417089082333405e-14
133.0,0.0,1.0583729697698344e-07,2.7774909737424617e-10,0.000946035790191609,1.0090538580948265,0.0,6.417089082333405e-14
133.25,0.0,1.0571435731401846e-07,2.776506129527882e-10,0.0009339757739834001,1.0090659182340729,0.0,6.417089082333405e-14
133.5,0.0,1.0559295935565788e-07,2.7755359819987254e-10,0.0009220737858676709,1.0090778203436837,0.0,6.417089082333405e-14
133.75,0.0,1.0547308209580463e-07,2.774580305925153e-10,0.0009103276893300136,1.009089566560194,0.0,6.417089082333405e-14
134.0,0.0,1.0535470485196401e-07,2.7736388796855693e-10,0.0008987353777584984,1.009101158990237,0.0,6.417089082333405e-14
134.25,0.0,1.05237807259439e-07,2.7727114852045184e-10,0.0008872947740091926,1.0091125997109767,0.0,6.417089082333405e-14
134.5,0.0,1.0512236926564802e-07,2.7717979078918067e-10,0.0008760038299785561,1.0091238907705367,0.0,6.417089082333405e-14
134.75,0.0,1.0500837112456066e-07,2.7708979365827483e-10,0.0008648605261820034,1.0091350341884213,0.0,6.417089082333405e-14
135.0,0.0,1.0489579339124924e-07,2.770011363479558e-10,0.0008538628713388811,1.0091460319559307,0.0,6.417089082333405e-14
135.25,0.0,1.0478461691655346e-07,2.7691379840938555e-10,0.0008430089019637258,1.0091568860365696,0.0,6.394884621840902e-14
135.5,0.0,1.0467482284185566e-07,2.7682775971902553e-10,0.0008322966819637146,1.0091675983664499,0.0,6.417089082333405e-14
135.75,0.0,1.0456639259396353e-07,2.7674300047310243e-10,0.0008217243022421681,1.0091781708546863,0.0,6.417089082333405e-14
136.0,0.0,1.0445930788009807e-07,2.7665950118217717e-10,0.0008112898803079458,1.0091886053837889,0.0,6.417089082333405e-14
136.25,0.0,1.0435355068298397e-07,2.76577242665815e-10,0.0008009915598906611,1.0091989038100455,0.0,6.417089082333405e-14
136.5,0.0,1.0424910325604104e-07,2.764962060473578e-10,0.000790827510561954,1.0092090679639028,0.0,6.417089082333405e-14
136.75,0.0,1.0414594811867296e-07,2.764163727487923e-10,0.0007807959273622,1.0092190996503374,0.0,6.417089082333405e-14
137.0,0.0,1.0404406805165185e-07,2.76337724485713e-10,0.0007708950304328749,1.0092290006492255,0.0,6.417089082333405e-14
137.25,0.0,1.0394344609259618e-07,2.762602432623799e-10,0.0007611230646544548,1.0092387727157033,0.0,6.417089082333405e-14
137.5,0.0,1.0384406553154025e-07,2.761839113668674e-10,0.0007514782992897747,1.009248417580525,0.0,6.417089082333405e-14
137.75,0.0,1.037459099065926e-07,2.7610871136630295e-10,0.0007419590276327243,1.0092579369504127,0.0,6.394884621840902e-14
138.0,0.0,1.0364896299968148e-07,2.760346261021928e-10,0.0007325635666621392,1.0092673325084043,0.0,6.394884621840902e-14
138.25,0.0,1.0355320883238525e-07,2.7596163868583294e-10,0.0007232902567008245,1.0092766059141929,0.0,6.417089082333405e-14
138.5,0.0,1.0345863166184648e-07,2.7588973249380686e-10,0.0007141374610799177,1.0092857588044628,0.0,6.417089082333405e-14
138.75,0.0,1.0336521597676678e-07,2.7581889116356323e-10,0.000705103565808049,1.0092947927932212,0.0,6.417089082333405e-14
139.0,0.0,1.032729464934811e-07,2.7574909858907485e-10,0.0006961869792454878,1.0093037094721231,0.0,6.417089082333405e-14
139.25,0.0,1.0318180815210962e-07,2.756803389165767e-10,0.0006873861317831734,1.0093125104107925,0.0,6.417089082333405e-14
139.5,0.0,1.0309178611278559e-07,2.756125965403817e-10,0.0006786994755265607,1.0093211971571387,0.0,6.394884621840902e-14
139.75,0.0,1.0300286575195715e-07,2.7554585609877227e-10,0.0006701254839841721,1.0093297712376683,0.0,6.417089082333405e-14
140.0,0.0,1.0291503265876148e-07,2.754801024699652e-10,0.0006616626517607366,1.0093382341577906,0.0,6.394884621840902e-14
140.25,0.0,1.0282827263146966e-07,2.7541532076814965e-10,0.0006533094942548556,1.0093465874021212,0.0,6.394884621840902e-14
140.5,0.0,1.0274257167400118e-07,2.753514963395977e-10,0.0006450645473613798,1.0093548324347796,0.0,6.417089082333405e-14
140.75,0.0,1.026579159925057e-07,2.7528861475884317e-10,0.0006369263671780203,1.0093629706996816,0.0,6.417089082333405e-14
141.0,0.0,1.0257429199201101e-07,2.752266618249295e-10,0.000628893529716361,1.0093710036208292,0.0,6.417089082333405e-14
141.25,0.0,1.0249168627313571e-07,2.751656235577242e-10,0.0006209646306171811,1.009378932602595,0.0,6.417089082333405e-14
141.5,0.0,1.0241008562886515e-07,2.751054861943001e-10,0.0006131382848700269,1.009386759030003,0.0,6.417089082333405e-14
141.75,0.0,1.0232947704138923e-07,2.750462361853801e-10,0.0006054131265369402,1.009394484269004,0.0,6.417089082333405e-14
142.0,0.0,1.0224984767900058e-07,2.749878601918451e-10,0.0005977878084802342,1.0094021096667485,0.0,6.417089082333405e-14
142.25,0.0,1.0217118489305165e-07,2.749303450813032e-10,0.0005902610020942684,1.0094096365518548,0.0,6.417089082333405e-14
142.5,0.0,1.020934762149703e-07,2.748736779247216e-10,0.0005828313970413802,1.0094170662346729,0.0,6.417089082333405e-14
142.75,0.0,1.020167093533313e-07,2.7481784599311574e-10,0.0005754977009915585,1.0094244000075454,0.0,6.417089082333405e-14
143.0,0.0,1.0194087219098355e-07,2.747628367542976e-10,0.000568258639366002,1.0094316391450633,0.0,6.439293542825908e-14
143.25,0.0,1.018659527822312e-07,2.7470863786968134e-10,0.0005611129550844848,1.0094387849043183,0.0,6.417089082333405e-14
143.5,0.0,1.0179193935006791e-07,2.746552371911443e-10,0.0005540594083164752,1.0094458385251532,0.0,6.439293542825908e-14
143.75,0.0,1.0171882028346295e-07,2.746026227579438e-10,0.000547096776235926,1.0094528012304054,0.0,6.417089082333405e-14
144.0,0.0,1.0164658413469777e-07,2.7455078279368693e-10,0.0005402238527796396,1.0094596742261497,0.0,6.417089082333405e-14
144.25,0.0,1.0157521961675219e-07,2.7449970570335293e-10,0.0005334394484091678,1.0094664587019357,0.0,6.417089082333405e-14
144.5,0.0,1.0150471560073949e-07,2.744493800703687e-10,0.0005267423898763824,1.0094731558310228,0.0,6.417089082333405e-14
144.75,0.0,1.0143506111338867e-07,2.743997946537341e-10,0.0005201315199923517,1.009479766770611,0.0,6.417089082333405e-14
145.0,0.0,1.0136624533457321e-07,2.7435093838519666e-10,0.0005136056973996514,1.0094862926620685,0.0,6.439293542825908e-14
145.25,0.0,1.012982575948854e-07,2.7430280036647605e-10,0.0005071637963480398,1.0094927346311557,0.0,6.417089082333405e-14
145.5,0.0,1.012310873732553e-07,2.74255369866536e-10,0.0005008047064734486,1.0094990937882482,0.0,6.439293542825908e-14
145.75,0.0,1.0116472429461312e-07,2.7420863631890335e-10,0.0004945273325802193,1.009505371228551,0.0,6.417089082333405e-14
146.0,0.0,1.0109915812759436e-07,2.7416258931903304e-10,0.0004883305944265006,1.009511568032317,0.0,6.417089082333405e-14
146.25,0.0,1.0103437878228651e-07,2.741172186217177e-10,0.00048221342651277063,1.0095176852650556,0.0,6.439293542825908e-14
146.5,0.0,1.009703763080171e-07,2.740725141385431e-10,0.0004761747778736004,1.009523723977742,0.0,6.439293542825908e-14
146.75,0.0,1.0090714089118136e-07,2.740284659353861e-10,0.0004702136118723447,1.0095296852070226,0.0,6.417089082333405e-14
147.0,0.0,1.0084466285310928e-07,2.7398506422995507e-10,0.0004643289059988683,1.0095355699754176,0.0,6.439293542825908e-14
147.25,0.0,1.0078293264797092e-07,2.739422993893728e-10,0.00045851965167024517,1.009541379291519,0.0,6.439293542825908e-14
147.5,0.0,1.007219408607195e-07,2.739001619278003e-10,0.0004527848540343922,1.009547114150189,0.0,6.439293542825908e-14
147.75,0.0,1.0066167820507127e-07,2.738586425041011e-10,0.00044712353177657146,1.009552775532751,0.0,6.439293542825908e-14
148.0,0.0,1.0060213552152115e-07,2.7381773191954474e-10,0.0004415347169286902,1.0095583644071824,0.0,6.439293542825908e-14
148.25,0.0,1.0054330377539393e-07,2.737774211155489e-10,0.0004360174546813618,1.009563881728302,0.0,6.439293542825908e-14
148.5,0.0,1.0048517405493014e-07,2.737377011714608e-10,0.00043057080319883727,1.0095693284379539,0.0,6.439293542825908e-14
148.75,0.0,1.0042773756940554e-07,2.73698563302375e-10,0.00042519383343652377,1.0095747054651918,0.0,6.439293542825908e-14
149.0,0.0,1.0037098564728399e-07,2.73659998856988e-10,0.00041988562896118993,1.0095800137264574,0.0,6.417089082333405e-14
149.25,0.0,1.0031490973440263e-07,2.736219993154892e-10,0.000414645285773802,1.0095852541257588,0.0,6.439293542825908e-14
149.5,0.0,1.0025950139218913e-07,2.7358455628748716e-10,0.00040947191213495417,1.0095904275548435,0.0,6.439293542825908e-14
149.75,0.0,1.0020475229591012e-07,2.735476615099706e-10,0.00040436462839284096,1.0095955348933716,0.0,6.439293542825908e-14
150.0,0.0,1.001506542329499e-07,2.735113068453035e-10,0.00039932256681370147,1.009600577009085,0.0,6.417089082333405e-14
150.25,0.0,1.0009719910111937e-07,2.734754842792529e-10,0.00039434487141471174,1.009605554757975,0.0,6.417089082333405e-14
150.5,0.0,1.0004437890699434e-07,2.734401859190511e-10,0.0003894306977994135,1.0096104689844458,0.0,6.439293542825908e-14
150.75,0.0,9.999218576428254e-08,2.734054039914891e-10,0.00038457921299543554,1.0096153205214777,0.0,6.439293542825908e-14
151.0,0.0,9.994061189221865e-08,2.733711308410416e-10,0.00037978959529459265,1.0096201101907867,0.0,6.439293542825908e-14
151.25,0.0,9.988964961398722e-08,2.7333735892802354e-10,0.0003750610340953141,1.009624838802982,0.0,6.439293542825908e-14
151.5,0.0,9.983929135517257e-08,2.733040808267771e-10,0.00037039272974736837,1.0096295071577215,0.0,6.417089082333405e-14
151.75,0.0,9.978952964223521e-08,2.7327128922388873e-10,0.00036578389339883815,1.0096341160438644,0.0,6.417089082333405e-14
152.0,0.0,9.974035710101431e-08,2.732389769164354e-10,0.00036123374684528665,1.0096386662396228,0.0,6.417089082333405e-14
152.25,0.0,9.969176645525551e-08,2.732071368102595e-10,0.0003567415223810892,1.0096431585127095,0.0,6.417089082333405e-14
152.5,0.0,9.964375052516412e-08,2.7317576191827306e-10,0.00035230646265301213,1.009647593620485,0.0,6.417089082333405e-14
152.75,0.0,9.959630222598243e-08,2.7314484535878936e-10,0.00034792782051582205,1.0096519723101014,0.0,6.439293542825908e-14
153.0,0.0,9.954941456659129e-08,2.731143803538815e-10,0.0003436048588900021,1.0096562953186452,0.0,6.417089082333405e-14
153.25,0.0,9.950308064813516e-08,2.730843602277685e-10,0.00033933685062152973,1.0096605633732776,0.0,6.417089082333405e-14
153.5,0.0,9.945729366267033e-08,2.730547784052277e-10,0.0003351230783436912,1.009664777191372,0.0,6.417089082333405e-14
153.75,0.0,9.941204689183576e-08,2.7302562841003314e-10,0.00033096283434088704,1.009668937480651,0.0,6.439293542825908e-14
154.0,0.0,9.936733370554619e-08,2.7299690386341895e-10,0.0003268554204143813,1.0096730449393192,0.0,6.417089082333405e-14
154.25,0.0,9.932314756070681e-08,2.7296859852258176e-10,0.0003227997533152857,1.0096771002506326,3.9999999999999976e-10,6.417089082333405e-14
154.5,0.0,9.927948199994977e-08,2.7294070618700566e-10,0.0003187959517935717,1.0096811040958478,3.9999999999999976e-10,6.417089082333405e-14
154.75,0.0,9.92363306503912e-08,2.729132207318473e-10,0.00031484294131360293,1.0096850571495066,3.9999999999999976e-10,6.417089082333405e-14
155.0,0.0,9.919368722240904e-08,2.72886136153354e-10,0.00031094006044538855,1.0096889600730454,3.9999999999999976e-10,6.417089082333405e-14
155.25,0.0,9.915154550844095e-08,2.7285944653791843e-10,0.00030708665663293784,1.0096928135190262,3.9999999999999976e-10,6.417089082333405e-14
155.5,0.0,9.910989938180207e-08,2.7283314606068633e-10,0.0003032820860712098,1.0096966181312603,3.9999999999999976e-10,6.417089082333405e-14
155.75,0.0,9.906874279552211e-08,2.728072289841865e-10,0.0002995257135848346,1.0097003745449293,3.9999999999999976e-10,6.417089082333405e-14
156.0,0.0,9.902806978120152e-08,2.7278168965698355e-10,0.00029581691250857084,1.0097040833867041,3.9999999999999976e-10,6.417089082333405e-14
156.25,0.0,9.898787444788642e-08,2.727565225123513e-10,0.0002921550645694761,1.0097077452748637,3.9999999999999976e-10,6.417089082333405e-14
156.5,0.0,9.894815098096168e-08,2.72731722066969e-10,0.00028853955977078017,1.0097113608194106,3.9999999999999976e-10,6.417089082333405e-14
156.75,0.0,9.890889364106223e-08,2.727072829196374e-10,0.0002849697962774245,1.0097149306221858,3.9999999999999976e-10,6.417089082333405e-14
157.0,0.0,9.887009676300187e-08,2.7268319975001596e-10,0.00028144518030322706,1.009718455276981,3.9999999999999976e-10,6.417089082333405e-14
157.25,0.0,9.883175475471926e-08,2.7265946731738005e-10,0.0002779651259996423,1.0097219353696503,3.9999999999999976e-10,6.417089082333405e-14
157.5,0.0,9.879386209624127e-08,2.7263608045939855e-10,0.00027452905534616995,1.0097253714782197,3.9999999999999976e-10,6.417089082333405e-14
157.75,0.0,9.875641333866274e-08,2.726130340909307e-10,0.0002711363980423017,1.0097287641729955,3.9999999999999976e-10,6.417089082333405e-14
158.0,0.0,9.871940310314273e-08,2.7259032320284226e-10,0.00026778659140099973,1.0097321140166697,3.9999999999999976e-10,6.417089082333405e-14
158.25,0.0,9.868282607991671e-08,2.7256794286084054e-10,0.0002644790802437083,1.0097354215644265,3.9999999999999976e-10,6.439293542825908e-14
158.5,0.0,9.86466770273247e-08,2.7254588820432825e-10,0.0002612133167968737,1.0097386873640444,3.9999999999999976e-10,6.417089082333405e-14
158.75,0.0,9.861095077085481e-08,2.725241544452756e-10,0.00025798876058994054,1.0097419119559994,3.9999999999999976e-10,6.417089082333405e-14
159.0,0.0,9.857564220220202e-08,2.725027368671101e-10,0.0002548048783547922,1.0097450958735645,3.9999999999999976e-10,6.439293542825908e-14
159.25,0.0,9.854074627834166e-08,2.7248163082362425e-10,0.0002516611439266049,1.0097482396429096,3.9999999999999976e-10,6.417089082333405e-14
159.5,0.0,9.850625802061795e-08,2.7246083173790056e-10,0.0002485570381461666,1.009751343783199,3.9999999999999976e-10,6.417089082333405e-14
159.75,0.0,9.847217251384662e-08,2.724403351012538e-10,0.0002454920487635594,1.0097544088066879,3.9999999999999976e-10,6.439293542825908e-14
160.0,0.0,9.843848490543173e-08,2.7242013647218975e-10,0.0002424656703432019,1.009757435218816,3.9999999999999976e-10,6.417089082333405e-14
160.25,0.0,9.840519040449636e-08,2.724002314753806e-10,0.00023947740417025286,1.0097604235183033,3.9999999999999976e-10,6.417089082333405e-14
160.5,0.0,9.837228428102694e-08,2.723806158006566e-10,0.00023652675815835267,1.009763374197241,3.9999999999999976e-10,6.417089082333405e-14
160.75,0.0,9.833976186503097e-08,2.723612852020138e-10,0.00023361324675867654,1.0097662877411824,3.9999999999999976e-10,6.417089082333405e-14
161.0,0.0,9.83076185457078e-08,2.723422354966371e-10,0.00023073639087026876,1.0097691646292333,3.9999999999999976e-10,6.439293542825908e-14
161.25,0.0,9.827584977063233e-08,2.72323462563939e-10,0.00022789571775163302,1.0097720053341395,3.9999999999999976e-10,6.439293542825908e-14
161.5,0.0,9.824445104495143e-08,2.723049623446133e-10,0.0002250907609336222,1.0097748103223747,3.9999999999999976e-10,6.439293542825908e-14
161.75,0.0,9.821341793059275e-08,2.7228673083970424e-10,0.00022232106013353987,1.0097775800542261,3.9999999999999976e-10,6.439293542825908e-14
162.0,0.0,9.818274604548579e-08,2.7226876410968954e-10,0.0002195861611704489,1.009780314983879,3.9999999999999976e-10,6.439293542825908e-14
162.25,0.0,9.815243106279495e-08,2.7225105827357845e-10,0.0002168856158816892,1.0097830155595005,3.9999999999999976e-10,6.439293542825908e-14
162.5,0.0,9.812246871016431e-08,2.7223360950802363e-10,0.00021421898204058377,1.0097856822233213,3.9999999999999976e-10,6.417089082333405e-14
162.75,0.0,9.809285476897418e-08,2.722164140464473e-10,0.00021158582327530928,1.0097883154117178,3.9999999999999976e-10,6.417089082333405e-14
163.0,0.0,9.80635850736088e-08,2.721994681781807e-10,0.0002089857089889051,1.0097909155552909,3.9999999999999976e-10,6.439293542825908e-14
163.25,0.0,9.803465551073536e-08,2.7218276824761727e-10,0.00020641821428039813,1.0097934830789457,3.9999999999999976e-10,6.439293542825908e-14
163.5,0.0,9.800606201859396e-08,2.7216631065337906e-10,0.0002038829198670817,1.009796018401969,3.9999999999999976e-10,6.439293542825908e-14
163.75,0.0,9.797780058629843e-08,2.7215009184749634e-10,0.0002013794120078709,1.0097985219381058,3.9999999999999976e-10,6.439293542825908e-14
164.0,0.0,9.794986725314764e-08,2.721341083345997e-10,0.00019890728242773093,1.0098009940956352,3.9999999999999976e-10,6.439293542825908e-14
164.25,0.0,9.792225810794733e-08,2.7211835667112487e-10,0.0001964661282431798,1.0098034352774445,3.9999999999999976e-10,6.417089082333405e-14
164.5,0.0,9.789496928834212e-08,2.721028334645302e-10,0.0001940555518888462,1.0098058458811032,3.9999999999999976e-10,6.417089082333405e-14
164.75,0.0,9.786799698015765e-08,2.720875353725261e-10,0.00019167516104506334,1.0098082262989347,3.9999999999999976e-10,6.439293542825908e-14
165.0,0.0,9.784133741675253e-08,2.7207245910231643e-10,0.00018932456856647354,1.0098105769180878,3.9999999999999976e-10,6.417089082333405e-14
165.25,0.0,9.781498687838006e-08,2.7205760140985196e-10,0.00018700339241162583,1.009812898120608,3.9999999999999976e-10,6.417089082333405e-14
165.5,0.0,9.778894169155947e-08,2.72042959099095e-10,0.0001847112555735977,1.009815190283506,3.9999999999999976e-10,6.417089082333405e-14
165.75,0.0,9.776319822845662e-08,2.7202852902129604e-10,0.00018244778601157494,1.0098174537788258,3.9999999999999976e-10,6.417089082333405e-14
166.0,0.0,9.773775290627389e-08,2.7201430807428134e-10,0.00018021261658338525,1.0098196889737137,3.9999999999999976e-10,6.439293542825908e-14
166.25,0.0,9.771260218664904e-08,2.720002932017512e-10,0.0001780053849789864,1.0098218962304828,3.9999999999999976e-10,6.439293542825908e-14
166.5,0.0,9.76877425750632e-08,2.719864814002494e-10,0.0001758253349003314,1.0098240759054349,7.999999999999993e-10,6.439293542825908e-14
166.75,0.0,9.766317062025752e-08,2.719728697414214e-10,0.0001736729197267575,1.009826228345194,7.999999999999993e-10,6.417089082333405e-14
167.0,0.0,9.763888291365832e-08,2.719594552553972e-10,0.00017154738359814162,1.0098283539056236,7.999999999999993e-10,6.417089082333405e-14
167.25,0.0,9.761487608881092e-08,2.719462350626012e-10,0.000169448382890499,1.0098304529303515,7.999999999999993e-10,6.439293542825908e-14
167.5,0.0,9.759114682082171e-08,2.7193320632598414e-10,0.00016737557849307085,1.009832525758491,7.999999999999993e-10,6.417089082333405e-14
167.75,0.0,9.75676918258084e-08,2.7192036625038446e-10,0.00016532863574721872,1.0098345727247047,7.999999999999993e-10,6.417089082333405e-14
168.0,0.0,9.754450786035833e-08,2.7190771208189953e-10,0.00016330722438617337,1.0098365941592624,7.999999999999993e-10,6.417089082333405e-14
168.25,0.0,9.752159172099475e-08,2.7189524110726625e-10,0.00016131101847562942,1.0098385903881015,7.999999999999993e-10,6.417089082333405e-14
168.5,0.0,9.749894024365083e-08,2.7188295065325173e-10,0.0001593396963551645,1.0098405617328858,7.999999999999993e-10,6.417089082333405e-14
168.75,0.0,9.747655030315135e-08,2.7187083808605273e-10,0.00015739294058048146,1.0098425085110625,7.999999999999993e-10,6.417089082333405e-14
169.0,0.0,9.745441881270195e-08,2.71858900810705e-10,0.00015547043786646154,1.00984443103592,7.999999999999993e-10,6.417089082333405e-14
169.25,0.0,9.743254272338577e-08,2.7184713627050124e-10,0.00015357187903100993,1.0098463296166433,7.999999999999993e-10,6.417089082333405e-14
169.5,0.0,9.741091902366738e-08,2.7183554194641807e-10,0.0001516969589396754,1.0098482045583699,7.999999999999993e-10,6.417089082333405e-14
169.75,0.0,9.738954473890378e-08,2.718241153565519e-10,0.00014984537645104328,1.0098500561622443,7.999999999999993e-10,6.417089082333405e-14
170.0,0.0,9.736841693086272e-08,2.7181285405556345e-10,0.0001480168343629163,1.0098518847254714,7.999999999999993e-10,6.417089082333405e-14
170.25,0.0,9.73475326972476e-08,2.718017556341308e-10,0.0001462110393592131,1.0098536905413704,7.999999999999993e-10,6.417089082333405e-14
170.5,0.0,9.73268891712295e-08,2.717908177184109e-10,0.00014442770195761812,1.0098554738994265,7.999999999999993e-10,6.417089082333405e-14
170.75,0.0,9.730648352098572e-08,2.717800379695089e-10,0.00014266653645796107,1.0098572350853425,7.999999999999993e-10,6.417089082333405e-14
171.0,0.0,9.728631294924499e-08,2.717694140829561e-10,0.00014092726089131783,1.0098589743810904,7.999999999999993e-10,6.417089082333405e-14
171.25,0.0,9.726637469283925e-08,2.7175894378819597e-10,0.00013920959696981684,1.0098606920649607,7.999999999999993e-10,6.417089082333405e-14
171.5,0.0,9.724666602226164e-08,2.7174862484807737e-10,0.00013751327003713523,1.0098623884116125,7.999999999999993e-10,6.439293542825908e-14
171.75,0.0,9.722718424123094e-08,2.717384550583561e-10,0.0001358380090196823,1.009864063692122,7.999999999999993e-10,6.439293542825908e-14
172.0,0.0,9.720792668626214e-08,2.7172843224720394e-10,0.00013418354637848574,1.0098657181740305,7.999999999999993e-10,6.417089082333405e-14
172.25,0.0,9.718889072624308e-08,2.71718554274725e-10,0.00013254961806171586,1.0098673521213932,7.999999999999993e-10,6.417089082333405e-14
172.5,0.0,9.717007376201707e-08,2.7170881903247956e-10,0.00013093596345787955,1.0098689657948237,7.999999999999993e-10,6.417089082333405e-14
172.75,0.0,9.71514732259715e-08,2.716992244430154e-10,0.00012934232534966362,1.009870559451542,7.999999999999993e-10,6.417089082333405e-14
173.0,0.0,9.713308658163206e-08,2.716897684594058e-10,0.00012776844986842073,1.0098721333454195,7.999999999999993e-10,6.439293542825908e-14
173.25,0.0,9.711491132326289e-08,2.71680449064795e-10,0.00012621408644928375,1.0098736877270231,7.999999999999993e-10,6.417089082333405e-14
173.5,0.0,9.709694497547217e-08,2.7167126427195027e-10,0.00012467898778689433,1.0098752228436612,7.999999999999993e-10,6.439293542825908e-14
173.75,0.0,9.707918509282331e-08,2.7166221212282095e-10,0.00012316290979174396,1.0098767389394252,7.999999999999993e-10,6.439293542825908e-14
174.0,0.0,9.70616292594516e-08,2.716532906881043e-10,0.00012166561154714065,1.0098782362552345,7.999999999999993e-10,6.439293542825908e-14
174.25,0.0,9.704427508868619e-08,2.716444980668178e-10,0.00012018685526674445,1.0098797150288779,7.999999999999993e-10,6.417089082333405e-14
174.5,0.0,9.702712022267727e-08,2.7163583238587766e-10,0.00011872640625269913,1.0098811754950554,7.999999999999993e-10,6.417089082333405e-14
174.75,0.0,9.701016233202863e-08,2.716272917996845e-10,0.00011728403285434304,1.0098826178854203,7.999999999999993e-10,6.439293542825908e-14
175.0,0.0,9.699339911543508e-08,2.716188744897145e-10,0.00011585950642749207,1.0098840424286188,7.999999999999993e-10,6.439293542825908e-14
175.25,0.0,9.697682829932512e-08,2.7161057866411733e-10,0.00011445260129428275,1.009885449350331,7.999999999999993e-10,6.439293542825908e-14
175.5,0.0,9.696044763750837e-08,2.716024025573197e-10,0.00011306309470356285,1.0098868388733107,7.999999999999993e-10,6.439293542825908e-14
175.75,0.0,9.694425491082802e-08,2.715943444296354e-10,0.00011169076679182757,1.0098882112174232,7.999999999999993e-10,6.439293542825908e-14
176.0,0.0,9.692824792681799e-08,2.715864025668807e-10,0.00011033540054471347,1.0098895665996852,7.999999999999993e-10,6.439293542825908e-14
176.25,0.0,9.691242451936485e-08,2.715785752799962e-10,0.00010899678175899929,1.0098909052343021,7.999999999999993e-10,6.439293542825908e-14
176.5,0.0,9.689678254837435e-08,2.7157086090467397e-10,0.00010767469900513855,1.0098922273327058,7.999999999999993e-10,6.439293542825908e-14
176.75,0.0,9.688131989944258e-08,2.715632578009902e-10,0.00010636894359030779,1.0098935331035908,7.999999999999993e-10,6.417089082333405e-14
177.0,0.0,9.686603448353164e-08,2.7155576435304394e-10,0.00010507930952196547,1.009894822752952,7.999999999999993e-10,6.439293542825908e-14
177.25,0.0,9.685092423664961e-08,2.7154837896860083e-10,0.00010380559347190976,1.0098960964841197,7.999999999999993e-10,6.439293542825908e-14
177.5,0.0,9.683598711953517e-08,2.7154110007874234e-10,0.00010254759474082471,1.0098973544977952,7.999999999999993e-10,6.417089082333405e-14
177.75,0.0,9.682122111734613e-08,2.715339261375203e-10,0.00010130511522331308,1.0098985969920857,7.999999999999993e-10,6.417089082333405e-14
178.0,0.0,9.68066242393526e-08,2.715268556216169e-10,0.0001000779593734259,1.0098998241625396,7.999999999999993e-10,6.417089082333405e-14
178.25,0.0,9.679219451863412e-08,2.715198870300093e-10,9.886593417064475e-05,1.0099010362021792,7.999999999999993e-10,6.439293542825908e-14
178.5,0.0,9.677793001178083e-08,2.7151301888363957e-10,9.76688490863377e-05,1.0099022333015348,7.999999999999993e-10,6.417089082333405e-14
178.75,0.0,9.676382879859889e-08,2.715062497250899e-10,9.648651605067562e-05,1.0099034156486786,7.999999999999993e-10,6.439293542825908e-14
179.0,0.0,9.674988898181978e-08,2.7149957811826216e-10,9.531874942000341e-05,1.0099045834292557,7.999999999999993e-10,6.439293542825908e-14
179.25,0.0,9.673610868681348e-08,2.7149300264806264e-10,9.416536594465685e-05,1.0099057368265179,7.999999999999993e-10,6.417089082333405e-14
179.5,0.0,9.67224860613056e-08,2.7148652192009126e-10,9.302618473721438e-05,1.0099068760213545,7.999999999999993e-10,6.439293542825908e-14
179.75,0.0,9.670901927509827e-08,2.7148013456033583e-10,9.190102724118381e-05,1.0099080011923236,7.999999999999993e-10,6.417089082333405e-14
180.0,0.0,9.669570651979486e-08,2.7147383921487055e-10,9.078971720013138e-05,1.0099091125156838,7.999999999999993e-10,6.439293542825908e-14
180.25,0.0,9.668254600852822e-08,2.714676345495592e-10,8.969208062721531e-05,1.0099102101654234,7.999999999999993e-10,6.439293542825908e-14
180.5,0.0,9.66695359756928e-08,2.7146151924976286e-10,8.860794577514165e-05,1.0099112943132915,7.999999999999993e-10,6.417089082333405e-14
180.75,0.0,9.665667467668018e-08,2.7145549202005176e-10,8.753714310653105e-05,1.0099123651288275,7.999999999999993e-10,6.439293542825908e-14
181.0,0.0,9.664396038761816e-08,2.714495515839217e-10,8.647950526469152e-05,1.0099134227793896,7.999999999999993e-10,6.417089082333405e-14
181.25,0.0,9.663139140511341e-08,2.7144369668351486e-10,8.543486704478843e-05,1.0099144674301843,7.999999999999993e-10,6.417089082333405e-14
181.5,0.0,9.661896604599751e-08,2.714379260793442e-10,8.44030653654034e-05,1.009915499244295,7.999999999999993e-10,6.439293542825908e-14
181.75,0.0,9.660668264707623e-08,2.714322385500225e-10,8.338393924048068e-05,1.0099165183827088,7.999999999999993e-10,6.417089082333405e-14
182.0,0.0,9.659453956488246e-08,2.7142663289199547e-10,8.237732975166871e-05,1.0099175250043464,7.999999999999993e-10,6.439293542825908e-14
182.25,0.0,9.658253517543206e-08,2.7142110791927867e-10,8.138308002102255e-05,1.009918519266087,7.999999999999993e-10,6.417089082333405e-14
182.5,0.0,9.65706678739832e-08,2.714156624631983e-10,8.040103518408349e-05,1.0099195013227966,7.999999999999993e-10,6.439293542825908e-14
182.75,0.0,9.655893607479877e-08,2.7141029537213606e-10,7.943104236332522e-05,1.0099204713273546,7.999999999999993e-10,6.439293542825908e-14
183.0,0.0,9.654733821091192e-08,2.714050055112778e-10,7.847295064196259e-05,1.009921429430679,7.999999999999993e-10,6.439293542825908e-14
183.25,0.0,9.653587273389483e-08,2.7139979176236584e-10,7.752661103811503e-05,1.0099223757817537,7.999999999999993e-10,6.439293542825908e-14
183.5,0.0,9.652453811363025e-08,2.71394653023455e-10,7.659187647931728e-05,1.0099233105276522,7.999999999999993e-10,6.439293542825908e-14
183.75,0.0,9.651333283808636e-08,2.713895882086724e-10,7.566860177737584e-05,1.0099242338135643,7.999999999999993e-10,6.417089082333405e-14
184.0,0.0,9.650225541309437e-08,2.713845962479806e-10,7.47566436035786e-05,1.0099251457828207,7.999999999999993e-10,6.439293542825908e-14
184.25,0.0,9.649130436212914e-08,2.7137967608694474e-10,7.385586046422645e-05,1.009926046576916,7.999999999999993e-10,6.439293542825908e-14
184.5,0.0,9.648047822609264e-08,2.713748266865024e-10,7.296611267650202e-05,1.0099269363355348,7.999999999999993e-10,6.439293542825908e-14
184.75,0.0,9.646977556310022e-08,2.7137004702273795e-10,7.208726234466566e-05,1.0099278151965738,7.999999999999993e-10,6.417089082333405e-14
185.0,0.0,9.645919494826975e-08,2.7136533608665897e-10,7.121917333657511e-05,1.0099286832961674,7.999999999999993e-10,6.417089082333405e-14
185.25,0.0,9.644873497351344e-08,2.713606928839774e-10,7.036171126052232e-05,1.0099295407687081,7.999999999999993e-10,6.439293542825908e-14
185.5,0.0,9.643839424733234e-08,2.7135611643489273e-10,6.951474344238002e-05,1.0099303877468715,7.999999999999993e-10,6.439293542825908e-14
185.75,0.0,9.642817139461365e-08,2.713516057738791e-10,6.867813890305792e-05,1.009931224361638,7.999999999999993e-10,6.417089082333405e-14
186.0,0.0,9.641806505643056e-08,2.713471599494756e-10,6.785176833627333e-05,1.0099320507423157,7.999999999999993e-10,6.417089082333405e-14
186.25,0.0,9.640807388984469e-08,2.7134277802407934e-10,6.703550408661045e-05,1.0099328670165608,7.999999999999993e-10,6.417089082333405e-14
186.5,0.0,9.639819656771111e-08,2.713384590737417e-10,6.622922012788031e-05,1.0099336733104012,7.999999999999993e-10,6.417089082333405e-14
186.75,0.0,9.638843177848594e-08,2.7133420218796787e-10,6.543279204177321e-05,1.0099344697482564,7.999999999999993e-10,6.417089082333405e-14
187.0,0.0,9.63787782260363e-08,2.713300064695191e-10,6.464609699680057e-05,1.0099352564529591,7.999999999999993e-10,6.417089082333405e-14
187.25,0.0,9.636923462945289e-08,2.7132587103421807e-10,6.386901372751996e-05,1.009936033545776,7.999999999999993e-10,6.417089082333405e-14
187.5,0.0,9.635979972286486e-08,2.713217950107569e-10,6.310142251403712e-05,1.0099368011464285,7.999999999999993e-10,6.417089082333405e-14
187.75,0.0,9.635047225525709e-08,2.713177775405083e-10,6.234320516178453e-05,1.0099375593731124,7.999999999999993e-10,6.417089082333405e-14
188.0,0.0,9.634125099028984e-08,2.713138177773394e-10,6.159424498158129e-05,1.0099383083425177,7.999999999999993e-10,6.417089082333405e-14
188.25,0.0,9.633213470612073e-08,2.7130991488742837e-10,6.08544267699506e-05,1.0099390481698496,7.999999999999993e-10,6.417089082333405e-14
188.5,0.0,9.6323122195229e-08,2.713060680490837e-10,6.0123636789706327e-05,1.0099397789688462,7.999999999999993e-10,6.417089082333405e-14
188.75,0.0,9.631421226424197e-08,2.7130227645256626e-10,5.940176275080095e-05,1.0099405008517988,7.999999999999993e-10,6.417089082333405e-14
189.0,0.0,9.63054037337638e-08,2.712985392999139e-10,5.868869379143217e-05,1.0099412139295705,7.999999999999993e-10,6.417089082333405e-14
189.25,0.0,9.629669543820642e-08,2.7129485580476884e-10,5.7984320459402665e-05,1.0099419183116145,7.999999999999993e-10,6.417089082333405e-14
189.5,0.0,9.628808622562253e-08,2.7129122519220734e-10,5.7288534693727646e-05,1.0099426141059928,7.999999999999993e-10,6.417089082333405e-14
189.75,0.0,9.627957495754092e-08,2.7128764669857207e-10,5.660122980648956e-05,1.009943301419395,7.999999999999993e-10,6.417089082333405e-14
190.0,0.0,9.627116050880367e-08,2.7128411957130715e-10,5.592230046494427e-05,1.0099439803571546,7.999999999999993e-10,6.417089082333405e-14
190.25,0.0,9.626284176740562e-08,2.712806430687951e-10,5.525164267385777e-05,1.009944651023268,7.999999999999993e-10,6.417089082333405e-14
190.5,0.0,9.625461763433572e-08,2.7127721646019683e-10,5.458915375808341e-05,1.009945313520411,7.999999999999993e-10,6.394884621840902e-14
190.75,0.0,9.624648702342055e-08,2.712738390252935e-10,5.3934732345372864e-05,1.0099459679499578,7.999999999999993e-10,6.417089082333405e-14
191.0,0.0,9.623844886116964e-08,2.712705100543311e-10,5.328827834941849e-05,1.0099466144119953,7.999999999999993e-10,6.417089082333405e-14
191.25,0.0,9.623050208662297e-08,2.712672288478671e-10,5.2649692953122025e-05,1.0099472530053417,7.999999999999993e-10,6.417089082333405e-14
191.5,0.0,9.62226456512002e-08,2.7126399471661947e-10,5.2018878592085115e-05,1.0099478838275624,7.999999999999993e-10,6.417089082333405e-14
191.75,0.0,9.621487851855194e-08,2.7126080698131767e-10,5.139573893832075e-05,1.0099485069749865,7.999999999999993e-10,6.417089082333405e-14
192.0,0.0,9.620719966441283e-08,2.7125766497255647e-10,5.0780178884189544e-05,1.0099491225427226,7.999999999999993e-10,6.417089082333405e-14
192.25,0.0,9.619960807645655e-08,2.7125456803065125e-10,5.0172104526542695e-05,1.009949730624675,7.999999999999993e-10,6.417089082333405e-14
192.5,0.0,9.619210275415252e-08,2.7125151550549586e-10,4.957142315107956e-05,1.0099503313135587,7.999999999999993e-10,6.417089082333405e-14
192.75,0.0,9.618468270862458e-08,2.7124850675642237e-10,4.8978043216914786e-05,1.009950924700916,7.999999999999993e-10,6.417089082333405e-14
193.0,0.0,9.617734696251134e-08,2.7124554115206304e-10,4.839187434135228e-05,1.0099515108771302,7.999999999999993e-10,6.417089082333405e-14
193.25,0.0,9.617009454982827e-08,2.712426180702144e-10,4.781282728486176e-05,1.009952089931442,7.999999999999993e-10,6.417089082333405e-14
193.5,0.0,9.616292451583158e-08,2.7123973689770276e-10,4.7240813936253766e-05,1.0099526619519636,7.999999999999993e-10,6.417089082333405e-14
193.75,0.0,9.615583591688384e-08,2.712368970302528e-10,4.667574729805239e-05,1.0099532270256932,7.999999999999993e-10,6.417089082333405e-14
194.0,0.0,9.614882782032113e-08,2.712340978723568e-10,4.611754147206932e-05,1.00995378523853,7.999999999999993e-10,6.417089082333405e-14
194.25,0.0,9.614189930432207e-08,2.71231338837147e-10,4.55661116451626e-05,1.0099543366752883,7.999999999999993e-10,6.417089082333405e-14
194.5,0.0,9.613504945777828e-08,2.71228619346269e-10,4.50213740751878e-05,1.0099548814197108,7.999999999999993e-10,6.417089082333405e-14
194.75,0.0,9.612827738016661e-08,2.712259388297573e-10,4.448324607713652e-05,1.0099554195544835,7.999999999999993e-10,6.394884621840902e-14
195.0,0.0,9.612158218142289e-08,2.7122329672591304e-10,4.39516460094601e-05,1.009955951161249,7.999999999999993e-10,6.394884621840902e-14
195.25,0.0,9.611496298181727e-08,2.7122069248118273e-10,4.342649326057479e-05,1.00995647632062,7.999999999999993e-10,6.417089082333405e-14
195.5,0.0,9.610841891183115e-08,2.712181255500398e-10,4.290770823554436e-05,1.0099569951121914,7.999999999999993e-10,6.394884621840902e-14
195.75,0.0,9.610194911203555e-08,2.712155953948668e-10,4.239521234294e-05,1.0099575076145564,7.999999999999993e-10,6.417089082333405e-14
196.0,0.0,9.60955527329711e-08,2.712131014858403e-10,4.18889279818802e-05,1.0099580139053164,7.999999999999993e-10,6.417089082333405e-14
196.25,0.0,9.608922893502945e-08,2.712106433008168e-10,4.138877852923609e-05,1.0099585140610952,7.999999999999993e-10,6.394884621840902e-14
196.5,0.0,9.608297688833623e-08,2.712082203252209e-10,4.089468832700931e-05,1.009959008157552,7.999999999999993e-10,6.417089082333405e-14
196.75,0.0,9.60767957726353e-08,2.712058320519345e-10,4.0406582669877176e-05,1.0099594962693925,7.999999999999993e-10,6.394884621840902e-14
197.0,0.0,9.607068477717465e-08,2.71203477981188e-10,3.992438779290413e-05,1.009959978470383,7.999999999999993e-10,6.417089082333405e-14
197.25,0.0,9.606464310059358e-08,2.7120115766485093e-10,3.944763228839942e-05,1.0099604548319314,1.1999999999999983e-09,6.417089082333405e-14
197.5,0.0,9.605866995081126e-08,2.711988707932011e-10,3.897704989021565e-05,1.009960925420305,1.1999999999999983e-09,6.417089082333405e-14
197.75,0.0,9.605276454491671e-08,2.7119661666215717e-10,3.851216231744579e-05,1.0099613903137854,1.1999999999999983e-09,6.417089082333405e-14
198.0,0.0,9.604692610961113e-08,2.711943948038024e-10,3.805249977846303e-05,1.0099618495821652,1.5999999999999986e-09,6.394884621840902e-14
198.25,0.0,9.604115389317874e-08,2.7119220483486794e-10,3.759880087261815e-05,1.0099623032868454,1.5999999999999986e-09,6.394884621840902e-14
198.5,0.0,9.603544712553546e-08,2.71190046211111e-10,3.715058888663359e-05,1.0099627515045404,1.5999999999999986e-09,6.417089082333405e-14
198.75,0.0,9.60298050593831e-08,2.711879184814389e-10,3.6707796315056246e-05,1.009963194302756,1.5999999999999986e-09,6.394884621840902e-14
199.0,0.0,9.602422695606308e-08,2.7118582120128945e-10,3.627035650002683e-05,1.0099636317481513,1.5999999999999986e-09,6.394884621840902e-14
199.25,0.0,9.601871208545438e-08,2.7118375393253533e-10,3.5838203620382685e-05,1.009964063906548,1.5999999999999986e-09,6.394884621840902e-14
199.5,0.0,9.601325972587263e-08,2.711817162433905e-10,3.541127268090433e-05,1.0099644908429417,1.5999999999999986e-09,6.394884621840902e-14
199.75,0.0,9.600786916397045e-08,2.7117970770831797e-10,3.498949950170434e-05,1.0099649126215136,1.5999999999999986e-09,6.394884621840902e-14
200.0,0.0,9.600253969463908e-08,2.711777279079384e-10,3.457282070775586e-05,1.009965329305639,1.5999999999999986e-09,6.417089082333405e-14
200.25,0.0,9.59972706209112e-08,2.7117577642894053e-10,3.4161173718558934e-05,1.0099657409578993,1.5999999999999986e-09,6.417089082333405e-14
200.5,0.0,9.599206125386479e-08,2.7117385286399297e-10,3.375449673794425e-05,1.0099661476400912,1.5999999999999986e-09,6.417089082333405e-14
200.75,0.0,9.598691091252844e-08,2.7117195681165683e-10,3.3352728744010986e-05,1.0099665494132373,1.5999999999999986e-09,6.394884621840902e-14
201.0,0.0,9.598181892378756e-08,2.7117008787630006e-10,3.295580947919663e-05,1.009966946337596,1.5999999999999986e-09,6.417089082333405e-14
201.25,0.0,9.597678462229189e-08,2.7116824566801296e-10,3.256367944047586e-05,1.0099673384726708,1.5999999999999986e-09,6.417089082333405e-14
201.5,0.0,9.597180735036408e-08,2.711664298025246e-10,3.2176279869692523e-05,1.0099677258772208,1.5999999999999986e-09,6.417089082333405e-14
201.75,0.0,9.596688645790941e-08,2.7116463994859193e-10,3.179315946128728e-05,1.0099681086025518,1.9999999999999985e-09,6.417089082333405e-14
202.0,0.0,9.596202130232659e-08,2.711628756899317e-10,3.1415054827402435e-05,1.0099684867120526,1.9999999999999985e-09,6.417089082333405e-14
202.25,0.0,9.595721124841964e-08,2.711611366533069e-10,3.104150862427159e-05,1.0099688602630676,1.9999999999999985e-09,6.417089082333405e-14
202.5,0.0,9.595245566831088e-08,2.711594224762116e-10,3.067246498159119e-05,1.0099692293114675,1.9999999999999985e-09,6.417089082333405e-14
202.75,0.0,9.594775394135497e-08,2.7115773280138e-10,3.03078687274023e-05,1.0099695939124251,1.9999999999999985e-09,6.417089082333405e-14
203.0,0.0,9.594310545405395e-08,2.7115606727671007e-10,2.9947665379159332e-05,1.0099699541204237,1.9999999999999985e-09,6.439293542825908e-14
203.25,0.0,9.593850959997334e-08,2.7115442555518843e-10,2.9591801134916356e-05,1.0099703099892654,1.9999999999999985e-09,6.417089082333405e-14
203.5,0.0,9.59339657796593e-08,2.711528072948164e-10,2.9240222864628758e-05,1.009970661572081,1.9999999999999985e-09,6.417089082333405e-14
203.75,0.0,9.592947340055671e-08,2.71151212158537e-10,2.8892878101568767e-05,1.009971008921338,1.9999999999999985e-09,6.417089082333405e-14
204.0,0.0,9.592503187692833e-08,2.7114963981416316e-10,2.854971503385417e-05,1.009971352088849,1.9999999999999985e-09,6.417089082333405e-14
204.25,0.0,9.592064062977489e-08,2.711480899343069e-10,2.82106824960883e-05,1.0099716911257794,1.9999999999999985e-09,6.417089082333405e-14
204.5,0.0,9.591629908675614e-08,2.711465621963093e-10,2.787572996110892e-05,1.0099720260826575,1.9999999999999985e-09,6.417089082333405e-14
204.75,0.0,9.591200668211288e-08,2.711450562821723e-10,2.754480753184391e-05,1.0099723570093806,1.9999999999999985e-09,6.417089082333405e-14
205.0,0.0,9.590776285658993e-08,2.7114357187849035e-10,2.7217865933275836e-05,1.0099726839552245,1.9999999999999985e-09,6.417089082333405e-14
205.25,0.0,9.590356705735997e-08,2.711421086763842e-10,2.689485650451166e-05,1.0099730069688504,1.9999999999999985e-09,6.394884621840902e-14
205.5,0.0,9.589941873794848e-08,2.711406663714347e-10,2.6575731190954344e-05,1.0099733260983137,1.9999999999999985e-09,6.394884621840902e-14
205.75,0.0,9.589531735815933e-08,2.711392446636182e-10,2.6260442536577698e-05,1.009973641391071,1.9999999999999985e-09,6.394884621840902e-14
206.0,0.0,9.589126238400145e-08,2.711378432572427e-10,2.5948943676302634e-05,1.0099739528939877,1.9999999999999985e-09,6.417089082333405e-14
206.25,0.0,9.588725328761633e-08,2.711364618608848e-10,2.5641188328473155e-05,1.009974260653346,1.9999999999999985e-09,6.417089082333405e-14
206.5,0.0,9.588328954720641e-08,2.711351001873279e-10,2.533713078743013e-05,1.0099745647148521,1.9999999999999985e-09,6.417089082333405e-14
206.75,0.0,9.587937064696423e-08,2.711337579535008e-10,2.5036725916180792e-05,1.0099748651236435,1.9999999999999985e-09,6.394884621840902e-14
207.0,0.0,9.587549607700266e-08,2.711324348804178e-10,2.4739929139166093e-05,1.0099751619242965,1.9999999999999985e-09,6.417089082333405e-14
207.25,0.0,9.587166533328566e-08,2.7113113069311924e-10,2.444669643512222e-05,1.0099754551608326,1.9999999999999985e-09,6.417089082333405e-14
207.5,0.0,9.586787791756018e-08,2.7112984512061297e-10,2.415698433003369e-05,1.0099757448767264,1.9999999999999985e-09,6.417089082333405e-14
207.75,0.0,9.586413333728865e-08,2.711285778958169e-10,2.3870749890179063e-05,1.0099760311149122,1.9999999999999985e-09,6.417089082333405e-14
208.0,0.0,9.586043110558237e-08,2.7112732875550214e-10,2.358795071526763e-05,1.0099763139177906,1.9999999999999985e-09,6.417089082333405e-14
208.25,0.0,9.585677074113573e-08,2.711260974402371e-10,2.3308544931665626e-05,1.0099765933272358,1.9999999999999985e-09,6.417089082333405e-14
208.5,0.0,9.585315176816115e-08,2.711248836943324e-10,2.3032491185710258e-05,1.0099768693846018,1.9999999999999985e-09,6.417089082333405e-14
208.75,0.0,9.584957372328253e-08,2.7112368726578663e-10,2.2759351671289844e-05,1.0099771421276955,2.3999999999999983e-09,6.417089082333405e-14
209.0,0.0,9.584603614558188e-08,2.711225079062326e-10,2.2489887810856862e-05,1.0099774115950948,2.3999999999999983e-09,6.417089082333405e-14
209.25,0.0,9.584253856410516e-08,2.7112134537088477e-10,2.222365482712601e-05,1.0099776778315772,2.3999999999999983e-09,6.417089082333405e-14
209.5,0.0,9.58390805245091e-08,2.711201994184875e-10,2.196061338421984e-05,1.0099779408764793,2.3999999999999983e-09,6.417089082333405e-14
209.75,0.0,9.583566157765466e-08,2.711190698112633e-10,2.17007246340243e-05,1.0099782007686495,2.3999999999999983e-09,6.417089082333405e-14
210.0,0.0,9.583228127954653e-08,2.7111795631486307e-10,2.1443950210008968e-05,1.009978457546455,2.3999999999999983e-09,6.417089082333405e-14
210.25,0.0,9.582893919127336e-08,2.711168586983158e-10,2.1190252221127548e-05,1.009978711247787,2.3999999999999983e-09,6.417089082333405e-14
210.5,0.0,9.582563487894872e-08,2.711157767339799e-10,2.0939593245797715e-05,1.0099789619100676,2.3999999999999983e-09,6.417089082333405e-14
210.75,0.0,9.582236791365267e-08,2.7111471019749464e-10,2.069193632595872e-05,1.0099792095702556,2.3999999999999983e-09,6.417089082333405e-14
211.0,0.0,9.581913787137419e-08,2.7111365886773313e-10,2.0447244961206226e-05,1.0099794542648515,2.3999999999999983e-09,6.417089082333405e-14
211.25,0.0,9.58159443329541e-08,2.7111262252675475e-10,2.020548310300359e-05,1.0099796960299043,2.3999999999999983e-09,6.417089082333405e-14
211.5,0.0,9.581278688402886e-08,2.7111160095975947e-10,1.996661514896812e-05,1.0099799349010168,2.3999999999999983e-09,6.417089082333405e-14
211.75,0.0,9.580966511497486e-08,2.711105939550422e-10,1.9730605937230752e-05,1.0099801709133513,2.3999999999999983e-09,6.417089082333405e-14
212.0,0.0,9.580657862085348e-08,2.711096013039477e-10,1.9497420740868252e-05,1.0099804041016351,2.3999999999999983e-09,6.417089082333405e-14
212.25,0.0,9.58035270013568e-08,2.7110862280082674e-10,1.926702526240999e-05,1.009980634500166,2.3999999999999983e-09,6.417089082333405e-14
212.5,0.0,9.580050986075389e-08,2.7110765824299236e-10,1.90393856284136e-05,1.0099808621428183,2.3999999999999983e-09,6.417089082333405e-14
212.75,0.0,9.579752680783779e-08,2.7110670743067696e-10,1.88144683841113e-05,1.0099810870630466,2.3999999999999983e-09,6.417089082333405e-14
213.0,0.0,9.579457745587312e-08,2.7110577016699e-10,1.8592240488125593e-05,1.009981309293893,2.3999999999999983e-09,6.417089082333405e-14
213.25,0.0,9.579166142254425e-08,2.711048462578764e-10,1.8372669307253642e-05,1.0099815288679908,2.3999999999999983e-09,6.417089082333405e-14
213.5,0.0,9.578877832990422e-08,2.7110393551207534e-10,1.8155722611318965e-05,1.0099817458175706,2.3999999999999983e-09,6.417089082333405e-14
213.75,0.0,9.578592780432406e-08,2.7110303774107994e-10,1.794136856808906e-05,1.0099819601744653,2.3999999999999983e-09,6.417089082333405e-14
214.0,0.0,9.578310947644292e-08,2.7110215275909726e-10,1.7729575738258286e-05,1.0099821719701143,2.3999999999999983e-09,6.417089082333405e-14
214.25,0.0,9.578032298111864e-08,2.711012803830091e-10,1.752031307049767e-05,1.0099823812355695,2.3999999999999983e-09,6.417089082333405e-14
214.5,0.0,9.577756795737902e-08,2.711004204323332e-10,1.731354989656661e-05,1.0099825880014992,2.3999999999999983e-09,6.417089082333405e-14
214.75,0.0,9.577484404837352e-08,2.7109957272918516e-10,1.7109255926488127e-05,1.009982792298194,2.3999999999999983e-09,6.417089082333405e-14
215.0,0.0,9.577215090132571e-08,2.7109873709824064e-10,1.6907401243786416e-05,1.0099829941555707,2.3999999999999983e-09,6.417089082333405e-14
215.25,0.0,9.576948816748611e-08,2.710979133666986e-10,1.670795630078613e-05,1.0099831936031773,2.3999999999999983e-09,6.417089082333405e-14
215.5,0.0,9.576685550208574e-08,2.7109710136424446e-10,1.6510891913972135e-05,1.0099833906701976,2.3999999999999983e-09,6.417089082333405e-14
215.75,0.0,9.576425256429009e-08,2.7109630092301443e-10,1.6316179259408615e-05,1.009983585385456,2.3999999999999983e-09,6.417089082333405e-14
216.0,0.0,9.57616790171537e-08,2.710955118775599e-10,1.6123789868216685e-05,1.0099837777774214,2.3999999999999983e-09,6.417089082333405e-14
216.25,0.0,9.575913452757527e-08,2.7109473406481234e-10,1.593369562211226e-05,1.0099839678742129,2.3999999999999983e-09,6.417089082333405e-14
216.5,0.0,9.575661876625329e-08,2.710939673240492e-10,1.5745868748999556e-05,1.0099841557036024,2.3999999999999983e-09,6.417089082333405e-14
216.75,0.0,9.57541314076422e-08,2.7109321149685965e-10,1.5560281818621635e-05,1.009984341293021,2.3999999999999983e-09,6.417089082333405e-14
217.0,0.0,9.575167212990907e-08,2.710924664271113e-10,1.5376907738267067e-05,1.0099845246695613,2.3999999999999983e-09,6.417089082333405e-14
217.25,0.0,9.574924061489073e-08,2.710917319609173e-10,1.5195719748531975e-05,1.0099847058599831,2.3999999999999983e-09,6.394884621840902e-14
217.5,0.0,9.574683654805152e-08,2.7109100794660374e-10,1.5016691419136548e-05,1.0099848848907174,2.3999999999999983e-09,6.394884621840902e-14
217.75,0.0,9.574445961844148e-08,2.710902942346777e-10,1.4839796644794816e-05,1.0099850617878694,2.3999999999999983e-09,6.417089082333405e-14
218.0,0.0,9.574210951865489e-08,2.7108959067779575e-10,1.4665009641137121e-05,1.009985236577224,2.3999999999999983e-09,6.417089082333405e-14
218.25,0.0,9.573978594478963e-08,2.710888971307328e-10,1.4492304940686688e-05,1.0099854092842486,2.3999999999999983e-09,6.417089082333405e-14
218.5,0.0,9.573748859640666e-08,2.7108821354240287e-10,1.4321260656643536e-05,1.0099855799308306,2.799999999999998e-09,6.394884621840902e-14
218.75,0.0,9.573521717649022e-08,2.7108753980126437e-10,1.415265299205718e-05,1.0099857485407673,2.799999999999998e-09,6.394884621840902e-14
219.0,0.0,9.573297139140835e-08,2.7108687564259074e-10,1.3986052945145355e-05,1.0099859151430608,2.799999999999998e-09,6.417089082333405e-14
219.25,0.0,9.573075095087403e-08,2.7108622092940665e-10,1.3821436279549666e-05,1.0099860797619473,2.799999999999998e-09,6.394884621840902e-14
219.5,0.0,9.572855556790655e-08,2.71085575526705e-10,1.3658779056389658e-05,1.0099862424213666,2.799999999999998e-09,6.417089082333405e-14
219.75,0.0,9.572638495879358e-08,2.7108493930141825e-10,1.3498057630539172e-05,1.0099864031449637,2.799999999999998e-09,6.417089082333405e-14
220.0,0.0,9.57242388430535e-08,2.710843121223907e-10,1.3339248646950342e-05,1.009986561956094,2.799999999999998e-09,6.394884621840902e-14
220.25,0.0,9.572211694339826e-08,2.710836938603507e-10,1.3182329037024764e-05,1.0099867188778264,2.799999999999998e-09,6.417089082333405e-14
220.5,0.0,9.572001898569662e-08,2.7108308438788335e-10,1.3027276015030926e-05,1.009986873932947,2.799999999999998e-09,6.394884621840902e-14
220.75,0.0,9.571794469893796e-08,2.7108248357940396e-10,1.2874067074567484e-05,1.0099870271439624,2.799999999999998e-09,6.417089082333405e-14
221.0,0.0,9.571589381519625e-08,2.7108189131113137e-10,1.2722679985072049e-05,1.0099871785331034,2.799999999999998e-09,6.417089082333405e-14
221.25,0.0,9.571386606959475e-08,2.7108130746106196e-10,1.2573092788374525e-05,1.0099873281223284,2.799999999999998e-09,6.417089082333405e-14
221.5,0.0,9.571186120027086e-08,2.710807319089441e-10,1.242528379529426e-05,1.009987475933327,2.799999999999998e-09,6.417089082333405e-14
221.75,0.0,9.570987894834154e-08,2.710801645362528e-10,1.2279231582280195e-05,1.0099876219875228,2.799999999999998e-09,6.417089082333405e-14
222.0,0.0,9.57079190578691e-08,2.710796052261645e-10,1.213491498809537e-05,1.0099877663060772,2.799999999999998e-09,6.394884621840902e-14
222.25,0.0,9.570598127582735e-08,2.7107905386353323e-10,1.1992313110542656e-05,1.009987908909893,2.799999999999998e-09,6.394884621840902e-14
222.5,0.0,9.570406535206816e-08,2.710785103348655e-10,1.1851405303232374e-05,1.009988049819617,2.799999999999998e-09,6.417089082333405e-14
222.75,0.0,9.570217103928848e-08,2.7107797452829714e-10,1.1712171172391291e-05,1.0099881890556426,2.799999999999998e-09,6.394884621840902e-14
223.0,0.0,9.570029809299761e-08,2.7107744633356947e-10,1.1574590573712493e-05,1.0099883266381149,2.799999999999998e-09,6.417089082333405e-14
223.25,0.0,9.569844627148498e-08,2.710769256420062e-10,1.1438643609245407e-05,1.0099884625869315,2.799999999999998e-09,6.394884621840902e-14
223.5,0.0,9.569661533578823e-08,2.7107641234649064e-10,1.1304310624325161e-05,1.009988596921748,2.799999999999998e-09,6.394884621840902e-14
223.75,0.0,9.569480504966172e-08,2.710759063414431e-10,1.1171572204540754e-05,1.0099887296619785,2.799999999999998e-09,6.394884621840902e-14
224.0,0.0,9.56930151795453e-08,2.710754075227988e-10,1.1040409172743033e-05,1.0099888608268008,2.799999999999998e-09,6.417089082333405e-14
224.25,0.0,9.569124549453362e-08,2.7107491578798595e-10,1.0910802586089866e-05,1.0099889904351576,2.799999999999998e-09,6.394884621840902e-14
224.5,0.0,9.56894957663456e-08,2.7107443103590435e-10,1.0782733733128954e-05,1.0099891185057608,2.799999999999998e-09,6.417089082333405e-14
224.75,0.0,9.568776576929437e-08,2.710739531669041e-10,1.0656184130917937e-05,1.0099892450570935,2.799999999999998e-09,6.417089082333405e-14
225.0,0.0,9.568605528025758e-08,2.7107348208276444e-10,1.053113552218124e-05,1.0099893701074132,2.799999999999998e-09,6.417089082333405e-14
225.25,0.0,9.568436407864802e-08,2.7107301768667365e-10,1.040756987250311e-05,1.0099894936747544,2.799999999999998e-09,6.394884621840902e-14
225.5,0.0,9.568269194638449e-08,2.7107255988320825e-10,1.0285469367556041e-05,1.0099896157769321,2.799999999999998e-09,6.417089082333405e-14
225.75,0.0,9.568103866786317e-08,2.7107210857831327e-10,1.0164816410364139e-05,1.009989736431543,2.799999999999998e-09,6.417089082333405e-14
226.0,0.0,9.567940402992922e-08,2.710716636792824e-10,1.004559361860234e-05,1.0099898556559699,2.799999999999998e-09,6.417089082333405e-14
226.25,0.0,9.567778785529661e-08,2.7107122509473855e-10,9.927390915198966e-06,1.0099899734602897,3.1999999999999985e-09,6.394884621840902e-14
226.5,0.0,9.567618990724087e-08,2.7107079273461483e-10,9.810985320072787e-06,1.0099900898674834,3.1999999999999985e-09,6.417089082333405e-14
226.75,0.0,9.567460997392131e-08,2.710703665101355e-10,9.695958835023736e-06,1.0099902048955487,3.1999999999999985e-09,6.417089082333405e-14
227.0,0.0,9.567304785171856e-08,2.7106994633379734e-10,9.582294913523387e-06,1.0099903185610328,3.1999999999999985e-09,6.417089082333405e-14
227.25,0.0,9.567150333932491e-08,2.710695321193515e-10,9.469977210619145e-06,1.0099904308802807,3.1999999999999985e-09,6.417089082333405e-14
227.5,0.0,9.566997623771783e-08,2.710691237817853e-10,9.358989580433575e-06,1.0099905418694384,3.1999999999999985e-09,6.417089082333405e-14
227.75,0.0,9.566846635013383e-08,2.7106872123730437e-10,9.249316073695448e-06,1.0099906515444554,3.1999999999999985e-09,6.417089082333405e-14
228.0,0.0,9.566697348204268e-08,2.710683244033153e-10,9.140940935302124e-06,1.0099907599210871,3.1999999999999985e-09,6.417089082333405e-14
228.25,0.0,9.566549744112182e-08,2.7106793319840805e-10,9.03384860191262e-06,1.009990867014897,3.1999999999999985e-09,6.417089082333405e-14
228.5,0.0,9.566403803723116e-08,2.710675475423392e-10,8.92802369957129e-06,1.009990972841259,3.1999999999999985e-09,6.417089082333405e-14
228.75,0.0,9.566259508238808e-08,2.7106716735601487e-10,8.823451041361693e-06,1.0099910774153604,3.1999999999999985e-09,6.417089082333405e-14
229.0,0.0,9.566116839074281e-08,2.710667925614744e-10,8.720115625090048e-06,1.0099911807522037,3.1999999999999985e-09,6.394884621840902e-14
229.25,0.0,9.565975777855404e-08,2.710664230818739e-10,8.61800263099775e-06,1.0099912828666089,3.1999999999999985e-09,6.417089082333405e-14
229.5,0.0,9.565836306416489e-08,2.710660588414702e-10,8.517097419502774e-06,1.0099913837732155,3.1999999999999985e-09,6.417089082333405e-14
229.75,0.0,9.565698406797896e-08,2.7106569976560504e-10,8.417385528970477e-06,1.0099914834864854,3.1999999999999985e-09,6.417089082333405e-14
230.0,0.0,9.565562061243693e-08,2.7106534578068926e-10,8.318852673511563e-06,1.0099915820207046,3.1999999999999985e-09,6.417089082333405e-14
230.25,0.0,9.565427252199324e-08,2.7106499681418773e-10,8.221484740808258e-06,1.0099916793899857,3.1999999999999985e-09,6.394884621840902e-14
230.5,0.0,9.565293962309307e-08,2.71064652794604e-10,8.125267789967919e-06,1.0099917756082697,3.1999999999999985e-09,6.394884621840902e-14
230.75,0.0,9.565162174414966e-08,2.7106431365146516e-10,8.030188049403883e-06,1.0099918706893285,3.1999999999999985e-09,6.394884621840902e-14
231.0,0.0,9.565031871552179e-08,2.710639793153076e-10,7.936231914742964e-06,1.0099919646467665,3.1999999999999985e-09,6.394884621840902e-14
231.25,0.0,9.564903036949163e-08,2.7106364971766187e-10,7.8433859467591e-06,1.0099920574940233,3.1999999999999985e-09,6.417089082333405e-14
231.5,0.0,9.564775654024272e-08,2.71063324791039e-10,7.75163686933311e-06,1.0099921492443749,3.1999999999999985e-09,6.417089082333405e-14
231.75,0.0,9.564649706383834e-08,2.710630044689158e-10,7.660971567438853e-06,1.0099922399109365,3.1999999999999985e-09,6.394884621840902e-14
232.0,0.0,9.564525177820002e-08,2.7106268868572145e-10,7.571377085153929e-06,1.0099923295066644,3.1999999999999985e-09,6.394884621840902e-14
232.25,0.0,9.564402052308637e-08,2.7106237737682354e-10,7.482840623695773e-06,1.0099924180443574,3.1999999999999985e-09,6.394884621840902e-14
232.5,0.0,9.564280314007206e-08,2.7106207047851453e-10,7.3949558885590566e-06,1.0099925055303103,3.5999999999999987e-09,6.417089082333405e-14
232.75,0.0,9.56415994725272e-08,2.7106176792799866e-10,7.308505002150755e-06,1.0099925919824007,3.5999999999999987e-09,6.417089082333405e-14
233.0,0.0,9.564040936559677e-08,2.710614696633786e-10,7.2230745280142906e-06,1.0099926774140653,3.5999999999999987e-09,6.417089082333405e-14
233.25,0.0,9.563923266618049e-08,2.710611756236428e-10,7.138652279299223e-06,1.009992761837491,3.5999999999999987e-09,6.439293542825908e-14
233.5,0.0,9.563806922291269e-08,2.7106088574865243e-10,7.055226216793403e-06,1.0099928452647173,3.5999999999999987e-09,6.439293542825908e-14
233.75,0.0,9.563691888614265e-08,2.710605999791291e-10,6.972784447103663e-06,1.0099929277076376,3.5999999999999987e-09,6.417089082333405e-14
234.0,0.0,9.563578150791495e-08,2.710603182566424e-10,6.891315220859374e-06,1.0099930091780014,3.5999999999999987e-09,6.417089082333405e-14
234.25,0.0,9.563465694195025e-08,2.7106004052359754e-10,6.810806930938639e-06,1.0099930896874163,3.5999999999999987e-09,6.439293542825908e-14
234.5,0.0,9.563354504362609e-08,2.7105976672322363e-10,6.7312481107166545e-06,1.0099931692473487,3.5999999999999987e-09,6.439293542825908e-14
234.75,0.0,9.56324456699581e-08,2.7105949679956163e-10,6.652627432336133e-06,1.0099932478691267,3.5999999999999987e-09,6.417089082333405e-14
235.0,0.0,9.563135867958128e-08,2.710592306974527e-10,6.574933704999559e-06,1.0099933255639413,3.5999999999999987e-09,6.417089082333405e-14
235.25,0.0,9.563028393273156e-08,2.710589683625269e-10,6.498155873282816e-06,1.009993402342848,3.5999999999999987e-09,6.439293542825908e-14
235.5,0.0,9.562922129122762e-08,2.7105870974119146e-10,6.422283015469828e-06,1.0099934782167688,3.5999999999999987e-09,6.439293542825908e-14
235.75,0.0,9.562817061845276e-08,2.7105845478062e-10,6.34730434190799e-06,1.0099935531964932,3.5999999999999987e-09,6.417089082333405e-14
236.0,0.0,9.56271317793372e-08,2.710582034287414e-10,6.273209193384894e-06,1.0099936272926808,3.5999999999999987e-09,6.417089082333405e-14
236.25,0.0,9.562610464034036e-08,2.7105795565957307e-10,6.199588234897433e-06,1.0099937005146669,3.999999999999999e-09,6.439293542825908e-14
236.5,0.0,9.562508906943353e-08,2.71057711510219e-10,6.1272351995745025e-06,1.009993772868718,3.999999999999999e-09,6.461498003318411e-14
236.75,0.0,9.562408493608263e-08,2.710574708155025e-10,6.055734371535862e-06,1.0099938443705503,3.999999999999999e-09,6.439293542825908e-14
237.0,0.0,9.562309211123117e-08,2.710572335263034e-10,5.984683053229057e-06,1.0099939150228616,4.399999999999997e-09,6.417089082333405e-14
237.25,0.0,9.562211046728351e-08,2.7105699959420336e-10,5.914864610882388e-06,1.0099939848422859,4.399999999999997e-09,6.417089082333405e-14
237.5,0.0,9.562113987808813e-08,2.7105676897147585e-10,5.845868111850679e-06,1.0099940538397556,4.399999999999997e-09,6.394884621840902e-14
237.75,0.0,9.562018021892129e-08,2.710565416110763e-10,5.777683771593312e-06,1.0099941220250557,4.399999999999997e-09,6.394884621840902e-14
238.0,0.0,9.561923136647072e-08,2.710563174666321e-10,5.710301923625423e-06,1.0099941894078528,4.399999999999997e-09,6.394884621840902e-14
238.25,0.0,9.561829319881963e-08,2.710560964924332e-10,5.64371301807038e-06,1.0099942559976967,4.399999999999997e-09,6.394884621840902e-14
238.5,0.0,9.561736559543076e-08,2.7105587864342234e-10,5.577907620230367e-06,1.0099943218040224,4.399999999999997e-09,6.394884621840902e-14
238.75,0.0,9.561644843713077e-08,2.71055663875186e-10,5.512876409174842e-06,1.009994386836151,4.399999999999997e-09,6.417089082333405e-14
239.0,0.0,9.561554160609463e-08,2.7105545214394486e-10,5.4486101763465494e-06,1.0099944511032908,4.399999999999997e-09,6.417089082333405e-14
239.25,0.0,9.56146449858304e-08,2.710552434065447e-10,5.385099824184975e-06,1.0099945146145397,4.399999999999997e-09,6.394884621840902e-14
239.5,0.0,9.561375846116399e-08,2.710550376204478e-10,5.322336364767067e-06,1.0099945773788859,4.399999999999997e-09,6.394884621840902e-14
239.75,0.0,9.561288191822418e-08,2.710548347437236e-10,5.260310918464878e-06,1.009994639405209,4.399999999999997e-09,6.417089082333405e-14
240.0,0.0,9.561201524442788e-08,2.710546347350404e-10,5.1990147126198355e-06,1.0099947007022818,4.399999999999997e-09,6.417089082333405e-14
240.25,0.0,9.561115832846543e-08,2.7105443755365634e-10,5.138439080233454e-06,1.0099947612787712,4.399999999999997e-09,6.417089082333405e-14
240.5,0.0,9.56103110602861e-08,2.7105424315941147e-10,5.078575458674873e-06,1.0099948211432401,4.399999999999997e-09,6.394884621840902e-14
240.75,0.0,9.560947333108385e-08,2.7105405151271886e-10,5.019415388404028e-06,1.0099948803041485,4.399999999999997e-09,6.417089082333405e-14
241.0,0.0,9.560864503328314e-08,2.710538625745568e-10,4.960950511710836e-06,1.0099949387698537,4.399999999999997e-09,6.417089082333405e-14
241.25,0.0,9.560782606052499e-08,2.7105367630646037e-10,4.903172571470142e-06,1.009994996548613,4.399999999999997e-09,6.417089082333405e-14
241.5,0.0,9.560701630765308e-08,2.710534926705138e-10,4.846073409912209e-06,1.0099950536485847,4.399999999999997e-09,6.439293542825908e-14
241.75,0.0,9.56062156707002e-08,2.710533116293422e-10,4.789644967408518e-06,1.009995110077828,4.399999999999997e-09,6.417089082333405e-14
242.0,0.0,9.560542404687464e-08,2.7105313314610406e-10,4.733879281272542e-06,1.0099951658443058,4.399999999999997e-09,6.417089082333405e-14
242.25,0.0,9.560464133454687e-08,2.7105295718448364e-10,4.678768484575377e-06,1.0099952209558853,4.399999999999997e-09,6.417089082333405e-14
242.5,0.0,9.560386743323638e-08,2.7105278370868324e-10,4.624304804976564e-06,1.0099952754203392,4.399999999999997e-09,6.439293542825908e-14
242.75,0.0,9.560310224359861e-08,2.7105261268341584e-10,4.5704805635690024e-06,1.0099953292453459,4.399999999999997e-09,6.417089082333405e-14
243.0,0.0,9.560234566741199e-08,2.7105244407389783e-10,4.517288173738354e-06,1.0099953824384924,4.399999999999997e-09,6.417089082333405e-14
243.25,0.0,9.560159760756529e-08,2.710522778458418e-10,4.464720140036635e-06,1.0099954350072744,4.399999999999997e-09,6.417089082333405e-14
243.5,0.0,9.560085796804494e-08,2.7105211396544937e-10,4.412769057069874e-06,1.009995486959097,4.399999999999997e-09,6.417089082333405e-14
243.75,0.0,9.56001266539226e-08,2.710519523994041e-10,4.361427608399562e-06,1.0099955383012773,4.399999999999997e-09,6.417089082333405e-14
244.0,0.0,9.559940357134283e-08,2.7105179311486484e-10,4.310688565457649e-06,1.0099955890410435,4.399999999999997e-09,6.417089082333405e-14
244.25,0.0,9.559868862751094e-08,2.7105163607945866e-10,4.260544786474938e-06,1.0099956391855376,4.399999999999997e-09,6.417089082333405e-14
244.5,0.0,9.55979817306809e-08,2.7105148126127423e-10,4.210590988545038e-06,1.0099956887400425,4.7999999999999975e-09,6.417089082333405e-14
244.75,0.0,9.559728279014348e-08,2.710513286288553e-10,4.161625199513474e-06,1.0099957377065305,4.7999999999999975e-09,6.417089082333405e-14
245.0,0.0,9.559659171621447e-08,2.7105117815119404e-10,4.113233576038276e-06,1.009995786098845,4.7999999999999975e-09,6.394884621840902e-14
245.25,0.0,9.559590842022305e-08,2.710510297977246e-10,4.06540931703016e-06,1.0099958339237876,4.7999999999999975e-09,6.394884621840902e-14
245.5,0.0,9.559523281450032e-08,2.710508835383169e-10,4.018145702953254e-06,1.0099958811880774,4.7999999999999975e-09,6.394884621840902e-14
245.75,0.0,9.559456481236786e-08,2.7105073934327045e-10,3.971436094832776e-06,1.0099959278983537,4.7999999999999975e-09,6.394884621840902e-14
246.0,0.0,9.559390432812657e-08,2.710505971833079e-10,3.9252739332749805e-06,1.009995974061176,4.7999999999999975e-09,6.417089082333405e-14
246.25,0.0,9.559325127704555e-08,2.710504570295692e-10,3.879652737499233e-06,1.0099960196830249,4.7999999999999975e-09,6.394884621840902e-14
246.5,0.0,9.559260557535107e-08,2.710503188536056e-10,3.834566104382094e-06,1.0099960647703037,4.7999999999999975e-09,6.394884621840902e-14
246.75,0.0,9.559196714021577e-08,2.710501826273738e-10,3.7900077075131497e-06,1.0099961093293393,4.7999999999999975e-09,6.394884621840902e-14
247.0,0.0,9.559133588974789e-08,2.7105004832322996e-10,3.7459712962625737e-06,1.009996153366382,4.7999999999999975e-09,6.417089082333405e-14
247.25,0.0,9.559071174298068e-08,2.7104991591392424e-10,3.7024506948602583e-06,1.0099961968876074,4.7999999999999975e-09,6.394884621840902e-14
247.5,0.0,9.55900946198619e-08,2.7104978537259486e-10,3.6594398014862968e-06,1.0099962398991182,4.7999999999999975e-09,6.417089082333405e-14
247.75,0.0,9.558948444124348e-08,2.7104965667276286e-10,3.6169325873726096e-06,1.0099962824069426,4.7999999999999975e-09,6.394884621840902e-14
248.0,0.0,9.558888112887122e-08,2.710495297883264e-10,3.5749230959156654e-06,1.0099963244170376,4.7999999999999975e-09,6.417089082333405e-14
248.25,0.0,9.558828460537472e-08,2.710494046935553e-10,3.5334054418004623e-06,1.0099963659352882,4.7999999999999975e-09,6.394884621840902e-14
248.5,0.0,9.558769479425729e-08,2.710492813630861e-10,3.492373810134968e-06,1.0099964069675098,4.7999999999999975e-09,6.394884621840902e-14
248.75,0.0,9.558711161988611e-08,2.710491597719164e-10,3.4518224555953765e-06,1.0099964475194476,4.7999999999999975e-09,6.394884621840902e-14
249.0,0.0,9.558653500748239e-08,2.7104903989539983e-10,3.411745701581927e-06,1.0099964875967784,4.7999999999999975e-09,6.394884621840902e-14
249.25,0.0,9.558596488311174e-08,2.71048921709241e-10,3.372137939385167e-06,1.0099965272051108,4.7999999999999975e-09,6.394884621840902e-14
249.5,0.0,9.558540117367458e-08,2.710488051894905e-10,3.3329936273624886e-06,1.0099965663499866,4.7999999999999975e-09,6.394884621840902e-14
249.75,0.0,9.558484380689664e-08,2.710486903125398e-10,3.294307290124717e-06,1.0099966050368814,4.7999999999999975e-09,6.394884621840902e-14
250.0,0.0,9.558429271131968e-08,2.7104857705511666e-10,3.2560735177327415e-06,1.0099966432712049,4.7999999999999975e-09,6.372680161348399e-14
250.25,0.0,9.558374781629219e-08,2.710484653942799e-10,3.2182869649043084e-06,1.0099966810583028,4.7999999999999975e-09,6.394884621840902e-14
250.5,0.0,9.558320905196028e-08,2.71048355307415e-10,3.180942350230274e-06,1.0099967184034564,4.7999999999999975e-09,6.394884621840902e-14
250.75,0.0,9.558267634925864e-08,2.710482467722293e-10,3.144034455400635e-06,1.009996755311884,4.7999999999999975e-09,6.394884621840902e-14
251.0,0.0,9.558214966131133e-08,2.710481397760103e-10,3.1071645011230057e-06,1.009996791782365,5.199999999999998e-09,6.372680161348399e-14
251.25,0.0,9.558162890038049e-08,2.710480342883461e-10,3.071121369850233e-06,1.0099968278260172,5.199999999999998e-09,6.394884621840902e-14
251.5,0.0,9.558111399814003e-08,2.7104793028720165e-10,3.0354995594154677e-06,1.0099968634483425,5.199999999999998e-09,6.372680161348399e-14
251.75,0.0,9.558060488859719e-08,2.7104782775152924e-10,3.000294098322078e-06,1.0099968986543129,5.199999999999998e-09,6.394884621840902e-14
252.0,0.0,9.558010150650411e-08,2.7104772666058075e-10,2.965500074409733e-06,1.0099969334488403,5.199999999999998e-09,6.394884621840902e-14
252.25,0.0,9.557960378734925e-08,2.7104762699390313e-10,2.9311126341364478e-06,1.0099969678367784,5.199999999999998e-09,6.394884621840902e-14
252.5,0.0,9.557911166734909e-08,2.7104752873133445e-10,2.897126981869442e-06,1.009997001822923,5.199999999999998e-09,6.394884621840902e-14
252.75,0.0,9.557862508343995e-08,2.710474318529994e-10,2.8635383791847516e-06,1.0099970354120122,5.199999999999998e-09,6.394884621840902e-14
253.0,0.0,9.557814397326976e-08,2.7104733633930543e-10,2.8303421441754068e-06,1.0099970686087285,5.199999999999998e-09,6.394884621840902e-14
253.25,0.0,9.557766827519006e-08,2.710472421709387e-10,2.7975336507681147e-06,1.0099971014176976,5.199999999999998e-09,6.394884621840902e-14
253.5,0.0,9.5577197928248e-08,2.7104714932886006e-10,2.765108328048379e-06,1.0099971338434908,5.199999999999998e-09,6.394884621840902e-14
253.75,0.0,9.557673287217849e-08,2.710470578413573e-10,2.7326671013887586e-06,1.0099971658851825,5.599999999999997e-09,6.394884621840902e-14
254.0,0.0,9.55762730473964e-08,2.710469676446087e-10,2.7010002671735853e-06,1.0099971975524766,5.599999999999997e-09,6.372680161348399e-14
254.25,0.0,9.557581839498888e-08,2.7104687871794183e-10,2.669703134535847e-06,1.009997228850064,5.599999999999997e-09,6.394884621840902e-14
254.5,0.0,9.557536885670774e-08,2.710467910433875e-10,2.6387713477653912e-06,1.0099972597823004,5.599999999999997e-09,6.372680161348399e-14
254.75,0.0,9.557492437496192e-08,2.710467046032321e-10,2.6082006030421048e-06,1.0099972903534897,5.599999999999997e-09,6.394884621840902e-14
255.0,0.0,9.55744848928101e-08,2.7104661938001355e-10,2.5779866478094485e-06,1.0099973205678845,5.599999999999997e-09,6.372680161348399e-14
255.25,0.0,9.557405035395329e-08,2.7104653535651824e-10,2.5481252801556694e-06,1.0099973504296869,5.599999999999997e-09,6.394884621840902e-14
255.5,0.0,9.557362070272759e-08,2.7104645251577715e-10,2.5186123482026215e-06,1.0099973799430484,5.599999999999997e-09,6.372680161348399e-14
255.75,0.0,9.5573195884097e-08,2.710463708410624e-10,2.4894437495020564e-06,1.009997409112072,5.599999999999997e-09,6.372680161348399e-14
256.0,0.0,9.557277584364636e-08,2.710462903158838e-10,2.4606154304393e-06,1.0099974379408112,5.599999999999997e-09,6.372680161348399e-14
256.25,0.0,9.557236052757423e-08,2.7104621092398564e-10,2.432123385644285e-06,1.0099974664332716,5.599999999999997e-09,6.394884621840902e-14
256.5,0.0,9.557194988268604e-08,2.7104613264934306e-10,2.403963657409792e-06,1.0099974945934105,5.599999999999997e-09,6.394884621840902e-14
256.75,0.0,9.557154385638718e-08,2.7104605547615904e-10,2.3761323351167843e-06,1.009997522425139,5.599999999999997e-09,6.394884621840902e-14
257.0,0.0,9.557114239667625e-08,2.710459793888608e-10,2.348625554666709e-06,1.0099975499323208,5.599999999999997e-09,6.394884621840902e-14
257.25,0.0,9.557074545213828e-08,2.7104590437209693e-10,2.3214394979209136e-06,1.0099975771187746,5.599999999999997e-09,6.394884621840902e-14
257.5,0.0,9.557035297193817e-08,2.710458304107341e-10,2.2945703921468486e-06,1.009997603988273,5.599999999999997e-09,6.394884621840902e-14
257.75,0.0,9.556996490581411e-08,2.710457574898539e-10,2.2680145094709958e-06,1.0099976305445437,5.599999999999997e-09,6.394884621840902e-14
258.0,0.0,9.556958120407111e-08,2.710456855947498e-10,2.2417681663385313e-06,1.0099976567912707,5.599999999999997e-09,6.394884621840902e-14
258.25,0.0,9.556920181757455e-08,2.710456147109242e-10,2.215827722979613e-06,1.0099976827320936,5.599999999999997e-09,6.394884621840902e-14
258.5,0.0,9.556882669774386e-08,2.710455448240853e-10,2.1901895828822068e-06,1.0099977083706089,5.599999999999997e-09,6.394884621840902e-14
258.75,0.0,9.55684557965463e-08,2.710454759201444e-10,2.164850192271315e-06,1.0099977337103703,5.599999999999997e-09,6.372680161348399e-14
259.0,0.0,9.55680890664907e-08,2.7104540798521264e-10,2.1398060395945174e-06,1.0099977587548898,5.599999999999997e-09,6.394884621840902e-14
259.25,0.0,9.55677264606214e-08,2.710453410055986e-10,2.115053655013939e-06,1.009997783507637,5.599999999999997e-09,6.394884621840902e-14
259.5,0.0,9.556736793251214e-08,2.7104527496780505e-10,2.0905896099043667e-06,1.0099978079720409,5.599999999999997e-09,6.394884621840902e-14
259.75,0.0,9.556701343626012e-08,2.7104520985852644e-10,2.066410516357442e-06,1.0099978321514889,5.599999999999997e-09,6.394884621840902e-14
260.0,0.0,9.556666292648003e-08,2.7104514566464613e-10,2.042513026691951e-06,1.0099978560493292,5.599999999999997e-09,6.394884621840902e-14
260.25,0.0,9.55663163591229e-08,2.7104508237363066e-10,2.018493982041996e-06,1.0099978796687206,5.999999999999996e-09,6.417089082333405e-14
260.5,0.0,9.556597372501353e-08,2.710450199896743e-10,1.995156475850498e-06,1.0099979030065693,5.999999999999996e-09,6.394884621840902e-14
260.75,0.0,9.556563494365331e-08,2.710449584825774e-10,1.9720906561129515e-06,1.009997926072728,5.999999999999996e-09,6.417089082333405e-14
261.0,0.0,9.556529997167948e-08,2.7104489783995715e-10,1.9492933331260482e-06,1.009997948870386,5.999999999999996e-09,6.417089082333405e-14
261.25,0.0,9.556496877932223e-08,2.7104483822917105e-10,1.9263675682429485e-06,1.0099979713964824,6.399999999999995e-09,6.439293542825908e-14
261.5,0.0,9.556464131176845e-08,2.710447794679656e-10,1.9041043571091884e-06,1.009997993660021,6.399999999999995e-09,6.417089082333405e-14
261.75,0.0,9.556431752619432e-08,2.7104472153199693e-10,1.8821001903179436e-06,1.0099980156645116,6.399999999999995e-09,6.417089082333405e-14
262.0,0.0,9.556399738116301e-08,2.7104466440962215e-10,1.8603520286067007e-06,1.0099980374129935,6.399999999999995e-09,6.417089082333405e-14
262.25,0.0,9.556368083570471e-08,2.710446080893635e-10,1.8388568687343768e-06,1.00999805890847,6.399999999999995e-09,6.439293542825908e-14
262.5,0.0,9.55633678493113e-08,2.710445525599059e-10,1.8176117430491452e-06,1.0099980801539088,6.399999999999995e-09,6.439293542825908e-14
262.75,0.0,9.556305838193116e-08,2.710444978100947e-10,1.7966137190615136e-06,1.0099981011522423,6.399999999999995e-09,6.439293542825908e-14
263.0,0.0,9.5562752393964e-08,2.7104444382893324e-10,1.7758598990226155e-06,1.0099981219063683,6.399999999999995e-09,6.417089082333405e-14
263.25,0.0,9.55624498462558e-08,2.710443906055808e-10,1.7553474195076215e-06,1.0099981424191504,6.399999999999995e-09,6.417089082333405e-14
263.5,0.0,9.556215070009369e-08,2.7104433812935e-10,1.735073451004204e-06,1.0099981626934182,6.399999999999995e-09,6.439293542825908e-14
263.75,0.0,9.556185491720108e-08,2.710442863897053e-10,1.715035197506036e-06,1.0099981827319675,6.399999999999995e-09,6.439293542825908e-14
264.0,0.0,9.556156245973263e-08,2.710442353762601e-10,1.6952298961112382e-06,1.0099982025375613,6.399999999999995e-09,6.417089082333405e-14
264.25,0.0,9.556127329026944e-08,2.710441850787751e-10,1.6756548166256906e-06,1.00999822211293,6.399999999999995e-09,6.417089082333405e-14
264.5,0.0,9.556098737181423e-08,2.7104413548715597e-10,1.656307261171119e-06,1.0099982414607716,6.399999999999995e-09,6.439293542825908e-14
264.75,0.0,9.556070466778654e-08,2.7104408659145143e-10,1.637184563798011e-06,1.0099982605837516,6.399999999999995e-09,6.417089082333405e-14
265.0,0.0,9.556042514201807e-08,2.7104403838185117e-10,1.6182840901032604e-06,1.0099982794845048,6.399999999999995e-09,6.417089082333405e-14
265.25,0.0,9.556014875874801e-08,2.710439908486837e-10,1.599603236852373e-06,1.0099982981656346,6.399999999999995e-09,6.417089082333405e-14
265.5,0.0,9.555987548261842e-08,2.7104394398241464e-10,1.5811394316062945e-06,1.009998316629713,6.399999999999995e-09,6.417089082333405e-14
265.75,0.0,9.555960527866972e-08,2.7104389777364455e-10,1.562890132352786e-06,1.0099983348792827,6.399999999999995e-09,6.439293542825908e-14
266.0,0.0,9.555933811233618e-08,2.7104385221310706e-10,1.5448528271422807e-06,1.009998352916855,6.399999999999995e-09,6.417089082333405e-14
266.25,0.0,9.555907394944143e-08,2.7104380729166715e-10,1.5270250337281436e-06,1.0099983707449127,6.399999999999995e-09,6.439293542825908e-14
266.5,0.0,9.555881275619412e-08,2.71043763000319e-10,1.509404299211254e-06,1.0099983883659085,6.399999999999995e-09,6.439293542825908e-14
266.75,0.0,9.555855449918357e-08,2.7104371933018425e-10,1.4919881996889607e-06,1.0099984057822662,6.399999999999995e-09,6.417089082333405e-14
267.0,0.0,9.555829914537544e-08,2.7104367627251037e-10,1.474774339908318e-06,1.0099984229963814,6.399999999999995e-09,6.417089082333405e-14
267.25,0.0,9.555804666210752e-08,2.710436338186686e-10,1.457760352923453e-06,1.009998440010621,6.399999999999995e-09,6.439293542825908e-14
267.5,0.0,9.55577970170855e-08,2.7104359196015247e-10,1.4409438997571163e-06,1.0099984568273237,6.399999999999995e-09,6.417089082333405e-14
267.75,0.0,9.55575501783788e-08,2.710435506885757e-10,1.424322669066353e-06,1.0099984734488012,6.399999999999995e-09,6.417089082333405e-14
268.0,0.0,9.555730611441653e-08,2.710435099956709e-10,1.407894376812228e-06,1.0099984898773378,6.399999999999995e-09,6.417089082333405e-14
268.25,0.0,9.55570647939834e-08,2.710434698732875e-10,1.3916567659335408e-06,1.00999850611519,6.399999999999995e-09,6.417089082333405e-14
268.5,0.0,9.55568261862157e-08,2.7104343031339036e-10,1.3756076060244533e-06,1.0099985221645884,6.399999999999995e-09,6.417089082333405e-14
268.75,0.0,9.555659026059729e-08,2.7104339130805796e-10,1.3597446930160785e-06,1.0099985380277374,6.399999999999995e-09,6.417089082333405e-14
269.0,0.0,9.555635698695578e-08,2.7104335284948104e-10,1.3440658488619468e-06,1.009998553706815,6.399999999999995e-09,6.439293542825908e-14
269.25,0.0,9.555612633545858e-08,2.7104331492996056e-10,1.328568921227209e-06,1.0099985692039732,6.399999999999995e-09,6.417089082333405e-14
269.5,0.0,9.555589827660904e-08,2.7104327754190667e-10,1.3132517831816342e-06,1.0099985845213393,6.399999999999995e-09,6.417089082333405e-14
269.75,0.0,9.555567278124273e-08,2.710432406778366e-10,1.2981123328963338e-06,1.0099985996610152,6.399999999999995e-09,6.417089082333405e-14
270.0,0.0,9.555544982052369e-08,2.710432043303737e-10,1.28314849334416e-06,1.0099986146250777,6.399999999999995e-09,6.417089082333405e-14
270.25,0.0,9.555522936594065e-08,2.710431684922454e-10,1.2683582120037185e-06,1.0099986294155796,6.399999999999995e-09,6.417089082333405e-14
270.5,0.0,9.555501138930343e-08,2.7104313315628223e-10,1.2537394605669225e-06,1.009998644034549,6.399999999999995e-09,6.417089082333405e-14
270.75,0.0,9.555479586273932e-08,2.7104309831541585e-10,1.2392902346501362e-06,1.0099986584839904,6.399999999999995e-09,6.417089082333405e-14
271.0,0.0,9.555458275868941e-08,2.710430639626781e-10,1.22500855350883e-06,1.0099986727658847,6.399999999999995e-09,6.417089082333405e-14
271.25,0.0,9.555437204990522e-08,2.7104303009119923e-10,1.2108924597556194e-06,1.009998686882189,6.399999999999995e-09,6.394884621840902e-14
271.5,0.0,9.555416370944501e-08,2.7104299669420665e-10,1.1969400190817424e-06,1.0099987008348383,6.399999999999995e-09,6.417089082333405e-14
271.75,0.0,9.555395771067046e-08,2.7104296376502353e-10,1.1831493199819111e-06,1.0099987146257434,6.399999999999995e-09,6.417089082333405e-14
272.0,0.0,9.555375402724319e-08,2.7104293129706744e-10,1.169518473482495e-06,1.0099987282567935,6.399999999999995e-09,6.394884621840902e-14
272.25,0.0,9.555355263312134e-08,2.7104289928384886e-10,1.156045612872971e-06,1.0099987417298555,6.399999999999995e-09,6.394884621840902e-14
272.5,0.0,9.555335350255631e-08,2.7104286771897025e-10,1.1427288934405903e-06,1.0099987550467742,6.399999999999995e-09,6.394884621840902e-14
272.75,0.0,9.555315661008941e-08,2.7104283659612434e-10,1.1295664922082898e-06,1.0099987682093723,6.399999999999995e-09,6.394884621840902e-14
273.0,0.0,9.555296193054856e-08,2.7104280590909296e-10,1.1161627738521172e-06,1.0099987812132853,6.799999999999994e-09,6.372680161348399e-14
273.25,0.0,9.555276943904511e-08,2.7104277565174593e-10,1.1033108848556955e-06,1.0099987940653667,6.799999999999994e-09,6.372680161348399e-14
273.5,0.0,9.555257911097064e-08,2.7104274581803965e-10,1.0906078391691427e-06,1.0099988067686028,6.799999999999994e-09,6.372680161348399e-14
273.75,0.0,9.555239092199373e-08,2.7104271640201595e-10,1.0780519006660806e-06,1.0099988193247296,6.799999999999994e-09,6.372680161348399e-14
274.0,0.0,9.555220484805694e-08,2.710426873978007e-10,1.065641353646568e-06,1.0099988317354627,6.799999999999994e-09,6.372680161348399e-14
274.25,0.0,9.555202086537365e-08,2.71042658799603e-10,1.053374502594253e-06,1.0099988440024978,6.799999999999994e-09,6.394884621840902e-14
274.5,0.0,9.555183895042501e-08,2.710426306017135e-10,1.0412496719364449e-06,1.0099988561275104,6.799999999999994e-09,6.372680161348399e-14
274.75,0.0,9.555165907995695e-08,2.7104260279850383e-10,1.029265205807079e-06,1.0099988681121563,6.799999999999994e-09,6.372680161348399e-14
275.0,0.0,9.555148123097718e-08,2.7104257538442477e-10,1.017419467812535e-06,1.0099988799580724,6.799999999999994e-09,6.394884621840902e-14
275.25,0.0,9.555130538075223e-08,2.7104254835400567e-10,1.0057108408002618e-06,1.0099988916668752,6.799999999999994e-09,6.372680161348399e-14
275.5,0.0,9.555113150680458e-08,2.7104252170185316e-10,9.941377266301925e-07,1.0099989032401633,6.799999999999994e-09,6.372680161348399e-14
275.75,0.0,9.555095958690966e-08,2.7104249542265e-10,9.826985459489188e-07,1.0099989146795159,6.799999999999994e-09,6.372680161348399e-14
276.0,0.0,9.555078959909315e-08,2.7104246951115396e-10,9.713917379665776e-07,1.0099989259864939,6.799999999999994e-09,6.372680161348399e-14
276.25,0.0,9.555062152162803e-08,2.71042443962197e-10,9.602157602364003e-07,1.0099989371626397,6.799999999999994e-09,6.372680161348399e-14
276.5,0.0,9.555045533303186e-08,2.710424187706839e-10,9.491690884369007e-07,1.0099989482094778,6.799999999999994e-09,6.394884621840902e-14
276.75,0.0,9.555029101206403e-08,2.7104239393159144e-10,9.38250216156756e-07,1.0099989591285143,6.799999999999994e-09,6.372680161348399e-14
277.0,0.0,9.555012853772296e-08,2.710423694399674e-10,9.274576546821952e-07,1.0099989699212384,6.799999999999994e-09,6.394884621840902e-14
277.25,0.0,9.554996788924352e-08,2.710423452909293e-10,9.16789932786967e-07,1.009998980589121,6.799999999999994e-09,6.394884621840902e-14
277.5,0.0,9.554980904609424e-08,2.710423214796637e-10,9.062455965248319e-07,1.009998991133616,6.799999999999994e-09,6.372680161348399e-14
277.75,0.0,9.554965198797477e-08,2.710422980014251e-10,8.958232090245553e-07,1.0099990015561606,6.799999999999994e-09,6.372680161348399e-14
278.0,0.0,9.554949669481323e-08,2.7104227485153486e-10,8.855213502873595e-07,1.0099990118581748,6.799999999999994e-09,6.394884621840902e-14
278.25,0.0,9.554934314676367e-08,2.7104225227948774e-10,8.74943454579392e-07,1.009999022036224,7.199999999999994e-09,6.394884621840902e-14
278.5,0.0,9.554919132420348e-08,2.7104223009128743e-10,8.648845283969027e-07,1.009999032095302,7.199999999999994e-09,6.394884621840902e-14
278.75,0.0,9.55490412077309e-08,2.71042208212897e-10,8.549418770317365e-07,1.0099990420381035,7.199999999999994e-09,6.394884621840902e-14
279.0,0.0,9.554889277816252e-08,2.710421866399716e-10,8.451141474287497e-07,1.0099990518659816,7.199999999999994e-09,6.394884621840902e-14
279.25,0.0,9.554874601653081e-08,2.710421653682276e-10,8.354000024063878e-07,1.0099990615802734,7.199999999999994e-09,6.394884621840902e-14
279.5,0.0,9.554860090408174e-08,2.7104214439344187e-10,8.257981204686258e-07,1.0099990711823004,7.199999999999994e-09,6.372680161348399e-14
279.75,0.0,9.55484574222723e-08,2.7104212371145044e-10,8.163071956191563e-07,1.0099990806733687,7.199999999999994e-09,6.372680161348399e-14
280.0,0.0,9.554831555276816e-08,2.710421033181483e-10,8.069259371778099e-07,1.009999090054769,7.199999999999994e-09,6.372680161348399e-14
280.25,0.0,9.554817527744133e-08,2.710420832094881e-10,7.976530695991778e-07,1.009999099327777,7.199999999999994e-09,6.394884621840902e-14
280.5,0.0,9.554803657836781e-08,2.7104206338147955e-10,7.884873322933992e-07,1.009999108493653,7.199999999999994e-09,6.394884621840902e-14
280.75,0.0,9.554789943782532e-08,2.710420438301885e-10,7.794274794490973e-07,1.009999117553643,7.199999999999994e-09,6.372680161348399e-14
281.0,0.0,9.554776383829095e-08,2.7104202455173625e-10,7.704722798584464e-07,1.0099991265089783,7.199999999999994e-09,6.394884621840902e-14
281.25,0.0,9.554762976243906e-08,2.7104200554229864e-10,7.616205167443317e-07,1.0099991353608755,7.199999999999994e-09,6.394884621840902e-14
281.5,0.0,9.55474971931389e-08,2.7104198679810544e-10,7.528709875895687e-07,1.0099991441105372,7.199999999999994e-09,6.394884621840902e-14
281.75,0.0,9.554736611345249e-08,2.710419683154395e-10,7.442225039681493e-07,1.0099991527591519,7.199999999999994e-09,6.372680161348399e-14
282.0,0.0,9.554723650663248e-08,2.7104195009063586e-10,7.356738913785601e-07,1.009999161307894,7.199999999999994e-09,6.372680161348399e-14
282.25,0.0,9.554710835611992e-08,2.7104193212008127e-10,7.272239890790599e-07,1.0099991697579247,7.199999999999994e-09,6.394884621840902e-14
282.5,0.0,9.554698164554223e-08,2.710419144002134e-10,7.188716499249254e-07,1.0099991781103905,7.199999999999994e-09,6.394884621840902e-14
282.75,0.0,9.554685635871098e-08,2.7104189692751983e-10,7.106157402076528e-07,1.0099991863664255,7.199999999999994e-09,6.394884621840902e-14
283.0,0.0,9.554673247961996e-08,2.7104187969853783e-10,7.02455139496087e-07,1.00999919452715,7.199999999999994e-09,6.372680161348399e-14
283.25,0.0,9.554660999244301e-08,2.7104186270985324e-10,6.943887404794536e-07,1.0099992025936715,7.199999999999994e-09,6.372680161348399e-14
283.5,0.0,9.554648888153205e-08,2.7104184595810007e-10,6.864154488122542e-07,1.0099992105670843,7.199999999999994e-09,6.372680161348399e-14
283.75,0.0,9.554636913141505e-08,2.710418294399595e-10,6.785341829610026e-07,1.00999921844847,7.199999999999994e-09,6.394884621840902e-14
284.0,0.0,9.554625072679405e-08,2.710418131521595e-10,6.707438740528406e-07,1.0099992262388973,7.199999999999994e-09,6.372680161348399e-14
284.25,0.0,9.554613365254322e-08,2.710417970914743e-10,6.630434657259293e-07,1.0099992339394228,7.199999999999994e-09,6.394884621840902e-14
284.5,0.0,9.554601789370692e-08,2.7104178125472307e-10,6.554319139816274e-07,1.0099992415510903,7.199999999999994e-09,6.394884621840902e-14
284.75,0.0,9.554590343549773e-08,2.710417656387701e-10,6.479081870384414e-07,1.0099992490749317,7.199999999999994e-09,6.372680161348399e-14
285.0,0.0,9.554579026329464e-08,2.7104175024052356e-10,6.40471265187728e-07,1.0099992565119666,7.199999999999994e-09,6.372680161348399e-14
285.25,0.0,9.554567836264107e-08,2.710417350569353e-10,6.331201406511177e-07,1.0099992638632032,7.199999999999994e-09,6.372680161348399e-14
285.5,0.0,9.554556771924316e-08,2.710417200849998e-10,6.258538174396334e-07,1.009999271129637,7.199999999999994e-09,6.394884621840902e-14
285.75,0.0,9.554545831896776e-08,2.710417053217541e-10,6.186713112144756e-07,1.0099992783122527,7.199999999999994e-09,6.372680161348399e-14
286.0,0.0,9.554535014784077e-08,2.710416907642767e-10,6.115716491495141e-07,1.009999285412023,7.199999999999994e-09,6.394884621840902e-14
286.25,0.0,9.554524319204531e-08,2.7104167640968714e-10,6.045538697953897e-07,1.0099992924299093,7.199999999999994e-09,6.394884621840902e-14
286.5,0.0,9.55451374379199e-08,2.710416622551457e-10,5.976170229452387e-07,1.0099992993668618,7.199999999999994e-09,6.372680161348399e-14
286.75,0.0,9.554503287195674e-08,2.710416482978523e-10,5.907601695020225e-07,1.00999930622382,7.199999999999994e-09,6.394884621840902e-14
287.0,0.0,9.554492948080001e-08,2.7104163453504645e-10,5.839823813474485e-07,1.0099993130017115,7.199999999999994e-09,6.394884621840902e-14
287.25,0.0,9.554482725124409e-08,2.7104162096400637e-10,5.772827412124526e-07,1.0099993197014538,7.199999999999994e-09,6.394884621840902e-14
287.5,0.0,9.554472617023196e-08,2.710416075820486e-10,5.706603425492177e-07,1.0099993263239535,7.199999999999994e-09,6.372680161348399e-14
287.75,0.0,9.554462622485341e-08,2.710415943865273e-10,5.641142894047066e-07,1.0099993328701067,7.199999999999994e-09,6.372680161348399e-14
288.0,0.0,9.554452740234353e-08,2.7104158137483387e-10,5.576436962957417e-07,1.0099993393407987,7.199999999999994e-09,6.394884621840902e-14
288.25,0.0,9.554442969008094e-08,2.7104156854439636e-10,5.512476880855468e-07,1.0099993457369045,7.199999999999994e-09,6.372680161348399e-14
288.5,0.0,9.554433307558623e-08,2.710415558926791e-10,5.449253998617585e-07,1.0099993520592894,7.199999999999994e-09,6.372680161348399e-14
288.75,0.0,9.554423754652041e-08,2.710415434171817e-10,5.386759768158982e-07,1.009999358308808,7.199999999999994e-09,6.394884621840902e-14
289.0,0.0,9.554414309068322e-08,2.710415311154394e-10,5.324985741242833e-07,1.0099993644863052,7.199999999999994e-09,6.394884621840902e-14
289.25,0.0,9.554404969601165e-08,2.7104151898502165e-10,5.263923568303599e-07,1.009999370592616,7.199999999999994e-09,6.394884621840902e-14
289.5,0.0,9.554395735057839e-08,2.710415070235322e-10,5.203564997284253e-07,1.0099993766285653,7.199999999999994e-09,6.372680161348399e-14
289.75,0.0,9.554386604259026e-08,2.7104149522860854e-10,5.143901872487283e-07,1.0099993825949691,7.199999999999994e-09,6.394884621840902e-14
290.0,0.0,9.554377576038675e-08,2.710414835979213e-10,5.084926133439696e-07,1.0099993884926335,7.199999999999994e-09,6.394884621840902e-14
290.25,0.0,9.554368649243846e-08,2.710414721291737e-10,5.026629813771306e-07,1.0099993943223546,7.199999999999994e-09,6.394884621840902e-14
290.5,0.0,9.554359822734572e-08,2.710414608201014e-10,4.969005040106376e-07,1.0099994000849204,7.199999999999994e-09,6.394884621840902e-14
290.75,0.0,9.554351095383701e-08,2.710414496684718e-10,4.912044030968477e-07,1.0099994057811086,7.199999999999994e-09,6.394884621840902e-14
291.0,0.0,9.554342466076764e-08,2.710414386720836e-10,4.855739095698442e-07,1.0099994114116884,7.199999999999994e-09,6.394884621840902e-14
291.25,0.0,9.554333933711821e-08,2.7104142782876653e-10,4.800082633385191e-07,1.00999941697742,7.199999999999994e-09,6.394884621840902e-14
291.5,0.0,9.554325497199329e-08,2.710414171363807e-10,4.7450671318092e-07,1.0099994224790545,7.199999999999994e-09,6.394884621840902e-14
291.75,0.0,9.554317155461999e-08,2.710414065928163e-10,4.6906851663984394e-07,1.0099994279173345,7.199999999999994e-09,6.417089082333405e-14
292.0,0.0,9.554308907434653e-08,2.710413961959931e-10,4.6369293991970505e-07,1.0099994332929936,7.199999999999994e-09,6.394884621840902e-14
292.25,0.0,9.554300752064099e-08,2.710413859438601e-10,4.5837925778460615e-07,1.0099994386067574,7.199999999999994e-09,6.417089082333405e-14
292.5,0.0,9.554292688308984e-08,2.7104137583439523e-10,4.5312675345762205e-07,1.0099994438593425,7.199999999999994e-09,6.417089082333405e-14
292.75,0.0,9.554284715139667e-08,2.7104136586560456e-10,4.479347185212835e-07,1.009999449051457,7.199999999999994e-09,6.394884621840902e-14
293.0,0.0,9.55427683153809e-08,2.710413560355223e-10,4.428024528192493e-07,1.0099994541838015,7.199999999999994e-09,6.394884621840902e-14
293.25,0.0,9.55426903649764e-08,2.7104134634221027e-10,4.3772926435914596e-07,1.009999459257068,7.199999999999994e-09,6.394884621840902e-14
293.5,0.0,9.554261329023025e-08,2.7104133678375743e-10,4.32714469216556e-07,1.0099994642719403,7.199999999999994e-09,6.417089082333405e-14
293.75,0.0,9.554253708130146e-08,2.710413273582795e-10,4.277573914401375e-07,1.0099994692290943,7.199999999999994e-09,6.417089082333405e-14
294.0,0.0,9.554246172845973e-08,2.710413180639188e-10,4.228573629578996e-07,1.0099994741291982,7.199999999999994e-09,6.417089082333405e-14
294.25,0.0,9.554238722208413e-08,2.7104130889884364e-10,4.1801372348457164e-07,1.009999478972912,7.199999999999994e-09,6.394884621840902e-14
294.5,0.0,9.554231355266198e-08,2.71041299861248e-10,4.132258204300713e-07,1.0099994837608888,7.199999999999994e-09,6.394884621840902e-14
294.75,0.0,9.554224071078752e-08,2.710412909493512e-10,4.0849300880906325e-07,1.0099994884937733,7.199999999999994e-09,6.394884621840902e-14
295.0,0.0,9.554216868716077e-08,2.710412821613976e-10,4.0381465115159587e-07,1.009999493172203,7.199999999999994e-09,6.394884621840902e-14
295.25,0.0,9.554209747258635e-08,2.7104127349565617e-10,3.9919011741479825e-07,1.009999497796808,7.199999999999994e-09,6.417089082333405e-14
295.5,0.0,9.554202705797226e-08,2.7104126495042017e-10,3.9461878489561924e-07,1.009999502368211,7.199999999999994e-09,6.394884621840902e-14
295.75,0.0,9.554195743432873e-08,2.7104125652400675e-10,3.9010003814459446e-07,1.0099995068870273,7.199999999999994e-09,6.417089082333405e-14
296.0,0.0,9.55418885927671e-08,2.7104124821475664e-10,3.8563326888066163e-07,1.0099995113538653,7.199999999999994e-09,6.394884621840902e-14
296.25,0.0,9.554182052449865e-08,2.71041240021034e-10,3.8121787590696957e-07,1.0099995157693265,7.199999999999994e-09,6.394884621840902e-14
296.5,0.0,9.554175322083347e-08,2.710412319412258e-10,3.7685326502768387e-07,1.0099995201340046,7.199999999999994e-09,6.394884621840902e-14
296.75,0.0,9.554168667317935e-08,2.710412239737416e-10,3.7253884896578424e-07,1.0099995244484874,7.199999999999994e-09,6.417089082333405e-14
297.0,0.0,9.554162087304074e-08,2.710412161170134e-10,3.6827404728183837e-07,1.0099995287133547,7.199999999999994e-09,6.394884621840902e-14
297.25,0.0,9.554155581201758e-08,2.71041208369495e-10,3.640582862937409e-07,1.0099995329291809,7.199999999999994e-09,6.417089082333405e-14
297.5,0.0,9.554149148180425e-08,2.710412007296621e-10,3.598909989973961e-07,1.0099995370965325,7.199999999999994e-09,6.394884621840902e-14
297.75,0.0,9.554142787418854e-08,2.7104119319601165e-10,3.557716249883357e-07,1.0099995412159701,7.199999999999994e-09,6.417089082333405e-14
298.0,0.0,9.554136498105056e-08,2.7104118576706157e-10,3.5169961038428733e-07,1.0099995452880477,7.199999999999994e-09,6.417089082333405e-14
298.25,0.0,9.554130279436172e-08,2.7104117844135077e-10,3.476744077486453e-07,1.0099995493133125,7.199999999999994e-09,6.417089082333405e-14
298.5,0.0,9.554124130618369e-08,2.710411712174385e-10,3.4369547601484747e-07,1.0099995532923056,7.199999999999994e-09,6.394884621840902e-14
298.75,0.0,9.554118050866742e-08,2.710411640939042e-10,3.3976228041165063e-07,1.009999557225562,7.199999999999994e-09,6.394884621840902e-14
299.0,0.0,9.554112039405208e-08,2.7104115706934725e-10,3.3587429238929455e-07,1.0099995611136101,7.199999999999994e-09,6.394884621840902e-14
299.25,0.0,9.554106095466413e-08,2.710411501423867e-10,3.320309895465401e-07,1.0099995649569724,7.199999999999994e-09,6.394884621840902e-14
299.5,0.0,9.554100218291625e-08,2.7104114331166095e-10,3.282318555585669e-07,1.0099995687561651,7.199999999999994e-09,6.394884621840902e-14
299.75,0.0,9.554094407130647e-08,2.7104113657582737e-10,3.244763801057175e-07,1.0099995725116988,7.199999999999994e-09,6.394884621840902e-14
300.0,0.0,9.554088661241713e-08,2.7104112993356224e-10,3.2076405880310695e-07,1.0099995762240777,7.199999999999994e-09,6.417089082333405e-14
