time,R0,M1,M2,total_biomass,cumulative_death_loss,cumulative_cutoff_loss,budget_error
0.0,1.0,0.0,0.0,0.01,0.0,0.0,0.0
0.25,0.9995797305931239,4.060663868317874e-05,4.323390748827956e-05,0.0101977726776202,0.00013865618308436616,0.0,-2.220446049250313e-16
0.5,0.9991107179894011,8.609645031754519e-05,9.088384515774303e-05,0.010435665160495924,0.00027663655462765877,0.0,0.0
0.75,0.9985869311784367,0.0001371052294639035,0.00014348255646515616,0.010718321403754867,0.00041415963187934934,0.0,0.0
1.0,0.9980015742872161,0.0001943527044486636,0.00020162661107715881,0.011050981889267208,0.0005514645079908061,0.0,-2.220446049250313e-16
1.25,0.9973469880310127,0.00025865376204365557,0.0002659841426883825,0.0114395605129753,0.0006888135512798134,0.0,0.0
1.5,0.9966145377914956,0.00033093125040850434,0.00033730355156669223,0.011890731943357012,0.0008264954631720977,0.0,-2.220446049250313e-16
1.75,0.9957944876226045,0.0004122304443003169,0.00041642320957406196,0.012412030006515145,0.0009648287170059094,0.0,-2.220446049250313e-16
2.0,0.9948758579810816,0.0005037354413380321,0.000504282307601216,0.013011958831685183,0.0011041654382939294,0.0,0.0
2.25,0.993846263914349,0.0006067878904632835,0.0006019330543962566,0.0137001193258082,0.0012448958149831487,0.0,0.0
2.5,0.9926917340472734,0.0007229080082368756,0.0007105541767957121,0.01448735072852619,0.0013874530391677286,0.0,-2.220446049250313e-16
2.75,0.9913965035879779,0.0008538187225928771,0.000831466159482053,0.015385892570183439,0.0015323189597635958,0.0,-2.220446049250313e-16
3.0,0.989942781425873,0.0010014729328700258,0.0009661481754892376,0.01640956700471134,0.0016800304610563779,0.0,0.0
3.25,0.9883104905834222,0.0011680839757916112,0.0011162567062137844,0.01757398212924086,0.0018311866053314883,0.0,0.0
3.5,0.986476968085857,0.0013561610354912545,0.0012836467394100794,0.01889676722876767,0.0019864569104738766,0.0,0.0
3.75,0.9844166327442168,0.0015685484375384253,0.001470394875043543,0.02039783335575616,0.002146590587445045,0.0,0.0
4.0,0.9821006080046217,0.001808470434054861,0.0016788251100724526,0.022099669352341297,0.0023124270989096354,0.0,0.0
4.25,0.9794962924340738,0.0020795824236570703,0.0019115376640222645,0.024027679197644328,0.002484908280602576,0.0,0.0
4.5,0.9765668848175383,0.002386027719003863,0.0021714402125982044,0.026210555319264844,0.0026650919315947515,0.0,-2.220446049250313e-16
4.75,0.9732708450322224,0.002732502250854674,0.0024617825866675913,0.02868070269487394,0.0028541674353813446,0.0,-2.220446049250313e-16
5.0,0.9695612822590265,0.003124328290227456,0.0027861952331264925,0.031474720463945505,0.0030534737536740218,0.0,0.0
5.25,0.9653852802936271,0.003567535947337244,0.003148730480277552,0.034633933550070495,0.0032645197286875066,0.0,0.0
5.5,0.9606831294810484,0.004068956358917265,0.0035539082217946223,0.0382049982710344,0.003489007667205238,0.0,-2.220446049250313e-16
5.75,0.9553874671543998,0.004636326342978913,0.004006765403126219,0.042240580618336084,0.003728860481158923,0.0,0.0
6.0,0.9494223385423983,0.005278402994080102,0.004512907980600946,0.046800098002373995,0.003986252480546579,0.0,0.0
6.25,0.9427021222703592,0.0060050954716227576,0.005078568211600814,0.051950568280702596,0.004263645765714495,0.0,0.0
6.5,0.9351303564548559,0.006827609397948249,0.005710664093958464,0.057767538006291266,0.004563832046946046,0.0,0.0
6.75,0.9265984469370406,0.007758606310498066,0.006416861100697004,0.06433610427873059,0.0048899813730335796,0.0,0.0
7.0,0.9169842304863991,0.008812381885596302,0.007205636551582503,0.07175205133836277,0.005245699738059277,0.0,-2.220446049250313e-16
7.25,0.906150426075261,0.010005058756170793,0.008086343021776283,0.08012307543244014,0.005635096714351769,0.0,-2.220446049250313e-16
7.5,0.8939429876079747,0.011354792410071396,0.009069268149091278,0.08957008665486052,0.006062865178002013,0.0,-2.220446049250313e-16
7.75,0.8801893050576974,0.012881997650955303,0.01016569149594455,0.10022862757832593,0.006534378217076813,0.0,0.0
8.0,0.8646963831474533,0.014609579114002971,0.011387928020300381,0.11225030483745455,0.0070558048807887845,0.0,0.0
8.25,0.8472489883433842,0.01656316793429926,0.012749355132621645,0.12580423637715665,0.007634252212538242,0.0,2.220446049250313e-16
8.5,0.827607876539977,0.018771351395810525,0.01426441186174475,0.14107841974476107,0.008277940457706537,0.0,-2.220446049250313e-16
8.75,0.805508262553059,0.021265875628241455,0.015948555795440897,0.15828088251341632,0.00899642350984225,0.0,0.0
9.0,0.7806587466830363,0.024081795867966552,0.017818158134598073,0.1776404297941128,0.009800869520286254,0.0,0.0
9.25,0.7527410924707377,0.027257527780335862,0.019890303125572623,0.1994066502914626,0.010704426331891252,0.0,0.0
9.5,0.7214114117885932,0.03083473115535763,0.02218244955901092,0.22384870002690208,0.011722707470136191,0.0,0.0
9.75,0.6863037488684827,0.034857907094158494,0.024711878051273138,0.2512520134644992,0.012874452521586395,0.0,0.0
10.0,0.6470374537540103,0.039373540145910546,0.02749482008924454,0.2819117296783136,0.014182456332520908,0.0,-2.220446049250313e-16
10.25,0.6032309884256073,0.044428464895179015,0.03054507786622843,0.3161205596024999,0.01567490921048551,0.0,2.220446049250313e-16
10.5,0.5545262243720717,0.05006696542283558,0.03387184162771745,0.354147562524672,0.017387406052703235,0.0,0.0
10.75,0.500630624901665,0.05632571171963817,0.03747617644609243,0.39620141643008056,0.019366070502523782,0.0,0.0
11.0,0.44139040179414346,0.06322494825636185,0.04134524171868538,0.4423667832063899,0.02167262502441925,0.0,-2.220446049250313e-16
11.25,0.3769191972710548,0.07075296345197793,0.04544248785382193,0.49249237749706026,0.024392973926084905,0.0,-2.220446049250313e-16
11.5,0.3078287468453432,0.0788382237112404,0.04969049450997519,0.5459901849007329,0.027652350032707978,0.0,-2.220446049250313e-16
11.75,0.23564890515147818,0.08729861685476774,0.05394018147328966,0.6014695438289142,0.03164275269155006,0.0,-2.220446049250313e-16
12.0,0.16357566189846498,0.09575107639371461,0.057916620696465415,0.6560854245742086,0.03667121643714623,0.0,-2.220446049250313e-16
12.25,0.09756963589956685,0.10347888198095796,0.061141577190616594,0.7045850797470202,0.04322482518183805,0.0,-2.220446049250313e-16
12.5,0.046552215925219784,0.10940755441730128,0.06293301175909624,0.7391692650455074,0.051937952852875016,0.0,-2.220446049250313e-16
12.75,0.017145794704209003,0.11273739878736894,0.06283276933077846,0.7541918639335328,0.06309217324411051,0.0,-2.220446049250313e-16
13.0,0.005247632404413794,0.11395715449015702,0.061253381284265024,0.7535818697020715,0.07595996211909223,0.0,-4.440892098500626e-16
13.25,0.001495163674059781,0.11418799408980626,0.05900114761303079,0.745849037753822,0.08946665686928075,0.0,-4.440892098500626e-16
13.5,0.0004220589243740724,0.114084055563703,0.05654054696738762,0.7359238330875709,0.10302950545696409,0.0,-4.440892098500626e-16
13.75,0.00012055973837908807,0.11387291179037881,0.05403690080617426,0.7255174902140165,0.11645213745105093,0.0,-4.440892098500626e-16
14.0,3.5053568677744195e-05,0.11362015485178904,0.05154246559412749,0.7151213575909665,0.12968096839443888,0.0,-2.220446049250313e-16
14.25,1.0388882494948743e-05,0.11334342074391032,0.049075983764406805,0.7048659094414029,0.14270429716778454,0.0,-4.440892098500626e-16
14.5,3.1389076133080258e-06,0.11304695126854862,0.04664678760165347,0.6947811509758463,0.15552197124633815,0.0,-2.220446049250313e-16
14.75,9.6667814989136e-07,0.11273123644899505,0.04426150090508618,0.6848693611899555,0.16813693477781297,0.0,-4.440892098500626e-16
15.0,3.033627843679528e-07,0.11239568081342136,0.041925851253556974,0.6751252739214635,0.18055289064877347,0.0,-4.440892098500626e-16
15.25,9.698324064703832e-08,0.11203934898698857,0.03964513010239621,0.6655417769662433,0.19277364696113097,0.0,-2.220446049250313e-16
15.5,3.1576499084743556e-08,0.11166117749552636,0.0374242762023783,0.6561115819586828,0.20480293276691314,0.0,-2.220446049250313e-16
15.75,1.0467579882107246e-08,0.11126003576904987,0.03526785427785817,0.6468277521986071,0.21664434728690454,0.0,-4.440892098500626e-16
16.0,3.5320721760416454e-09,0.11083474376365077,0.03318000703443671,0.6376838972818012,0.22830134838803887,0.0,-2.220446049250313e-16
16.25,1.2128493608633773e-09,0.11038407687909478,0.031164404312521186,0.6286742641821007,0.23977725341343362,0.0,-2.220446049250313e-16
16.5,4.2371971535198617e-10,0.10990676710689275,0.029224197642111413,0.6197937902949892,0.2510752445322866,0.0,-4.440892098500626e-16
16.75,1.5056646054362938e-10,0.10940150307648835,0.027361983742436487,0.6110381367728206,0.26219837625768777,0.0,-2.220446049250313e-16
17.0,5.438354093804957e-11,0.10886692983395434,0.02557977884532354,0.6024037069045097,0.2731495843618285,0.0,-4.440892098500626e-16
17.25,1.9989230661789554e-11,0.10830164864820412,0.023879004891309494,0.5938876505789064,0.2839316958615903,0.0,-6.661338147750939e-16
17.5,7.495094012561082e-12,0.10770421698503051,0.022260488031492404,0.5854878551205618,0.2945474398554198,0.0,-4.440892098500626e-16
17.75,2.822553409198614e-12,0.1070731487509082,0.020724469308375276,0.5772029229341742,0.30499945900371933,0.0,-4.440892098500626e-16
18.0,1.115608631168449e-12,0.10640691490613975,0.01927062686588936,0.5690321367938466,0.3152903214330082,0.0,-4.440892098500626e-16
18.25,8.032471836411247e-13,0.10570394455546324,0.017898108570136097,0.5609754140418309,0.325422532831766,0.0,-4.440892098500626e-16
18.5,5.046937257154499e-13,0.10496262663418707,0.016605573529015392,0.5530332513363049,0.3353985484999876,0.0,-2.220446049250313e-16
18.75,0.0,0.10418131232550515,0.015391240745684636,0.5452066617992738,0.3452207851301513,0.0,6.148415110374117e-13
19.0,0.0,0.10335831835010531,0.014252942940816336,0.5374971066042776,0.3548916321048562,0.0,5.5289106626332796e-14
19.25,0.0,0.10249193126970124,0.013188183497786875,0.5299064231297023,0.36441346210286507,0.0,5.5289106626332796e-14
19.5,0.0,0.10158041300473679,0.012194194700309519,0.5224367513944513,0.37378864090055774,0.0,5.5289106626332796e-14
19.75,0.0,0.10062200768199472,0.011267995430208821,0.515090460662113,0.3830195362257389,0.0,5.5289106626332796e-14
20.0,0.0,0.099614950009721,0.010406446774328297,0.5078700776293231,0.39210852558668297,0.0,5.5289106626332796e-14
20.25,0.0,0.09855747547230863,0.00960630418608121,0.500778217347876,0.40105800299378946,0.0,5.5289106626332796e-14
20.5,0.0,0.09744783239551993,0.008864265456883874,0.4938175175174576,0.409870384630194,0.0,5.5289106626332796e-14
20.75,0.0,0.09628429593159381,0.008177013781167818,0.48699057676188195,0.41854811352541177,0.0,5.5289106626332796e-14
21.0,0.0,0.09506518457375034,0.0075412552396018585,0.48029989708512993,0.4270936631015732,0.0,5.5289106626332796e-14
21.25,0.0,0.09378887912868546,0.006953750850507749,0.4737478302593569,0.43550953976150525,0.0,5.5289106626332796e-14
21.5,0.0,0.09245384412488,0.006411343357878965,0.4673365278467327,0.4437982846705638,0.0,5.5289106626332796e-14
21.75,0.0,0.09105865211876753,0.0059109787357618055,0.46106789449447777,0.45196247465104833,0.0,5.5289106626332796e-14
22.0,0.0,0.0896020109865031,0.0054497225990649285,0.45494354419920247,0.460004722215285,0.0,5.551115123125783e-14
22.25,0.0,0.08808279407653591,0.005024772467637669,0.44896475848845346,0.46792767496742843,0.0,5.551115123125783e-14
22.5,0.0,0.0865000731226747,0.004633466715696499,0.4431324455993112,0.4757340145623731,0.0,5.551115123125783e-14
22.75,0.0,0.0848531545218859,0.004273289067244192,0.43744710177329665,0.4834264546376288,0.0,5.551115123125783e-14
23.0,0.0,0.0831416181984812,0.00394187075932034,0.43190877271113143,0.49100773833112255,0.0,5.551115123125783e-14
23.25,0.0,0.08136535887713497,0.0036369904910096514,0.42651701537253056,0.4984806352593803,0.0,5.551115123125783e-14
23.5,0.0,0.07952462964275953,0.003356572237960097,0.4212708603273316,0.5058479377920042,0.0,5.5289106626332796e-14
23.75,0.0,0.0776200871499393,0.0030986814054946845,0.4161687748121529,0.5131124566324685,0.0,5.5289106626332796e-14
24.0,0.0,0.07565283759525039,0.0028615198507924867,0.41120862684492154,0.520277015709091,0.0,5.5289106626332796e-14
24.25,0.0,0.07362448253487269,0.0026434203681852298,0.4063876506946365,0.5273444464023611,0.0,5.551115123125783e-14
24.5,0.0,0.07153716359574222,0.0024428404738891427,0.4017024150381655,0.5343175808922586,0.0,5.5289106626332796e-14
24.75,0.0,0.06939360460175263,0.0022583551267616212,0.3971487959399232,0.541199244331618,0.0,5.551115123125783e-14
25.0,0.0,0.06719714907838868,0.0020886501804376102,0.392721954370582,0.5479922463706474,0.0,5.573319583618286e-14
25.25,0.0,0.06495179187330288,0.0019325153016624837,0.3884163215016688,0.5546993713234214,0.0,5.551115123125783e-14
25.5,0.0,0.06266220219817599,0.0017888370638700559,0.38422559348274077,0.5613233672552688,0.0,5.551115123125783e-14
25.75,0.0,0.06033373586867519,0.0016565921924820628,0.3801427380208092,0.5678669339180892,0.0,5.573319583618286e-14
26.0,0.0,0.057972434703982084,0.0015348410306097013,0.3761600148372934,0.5743327094281704,0.0,5.551115123125783e-14
26.25,0.0,0.0555850110471048,0.0014227212938327633,0.3722690120780257,0.5807232555810923,0.0,5.551115123125783e-14
26.5,0.0,0.05317881428812384,0.0013194421340260727,0.3684607015250031,0.5870410420529025,0.0,5.551115123125783e-14
26.75,0.0,0.05076177723851691,0.00122427849809781,0.3647255142003664,0.5932884300630744,0.0,5.551115123125783e-14
27.0,0.0,0.04834234310753792,0.0011365658869875862,0.3610534362851555,0.5994676547203746,0.0,5.551115123125783e-14
27.25,0.0,0.04592937100313378,0.0010556953908223985,0.3574341260726316,0.6055808075334679,0.0,5.573319583618286e-14
27.5,0.0,0.04353202006730823,0.0009811091079475482,0.35385705216665825,0.6116298186581416,0.0,5.573319583618286e-14
27.75,0.0,0.04115961467388948,0.000912295913866911,0.3503116497909586,0.6176164396213406,0.0,5.551115123125783e-14
28.0,0.0,0.038821494082997884,0.0008487875270439128,0.3467874908863701,0.6235422275036436,0.0,5.551115123125783e-14
28.25,0.0,0.036526849946640225,0.0007901548185376415,0.34327446367326997,0.6294085315616076,0.0,5.5289106626332796e-14
28.5,0.0,0.0342845560973805,0.0007360044504591435,0.3397629573640903,0.6352164820881255,0.0,5.551115123125783e-14
28.75,0.0,0.03210299941133958,0.0006859759130332044,0.33624404285067866,0.6409669818250041,0.0,5.551115123125783e-14
29.0,0.0,0.029989917638886317,0.0006397386363817338,0.33270964082985244,0.646660702894935,0.0,5.551115123125783e-14
29.25,0.0,0.02795225098986532,0.0005969894272220705,0.3291526721228815,0.6522980874600867,0.0,5.551115123125783e-14
29.5,0.0,0.025996015953994048,0.0005574501242125754,0.32556718030236587,0.657879353619483,0.0,5.551115123125783e-14
29.75,0.0,0.02412620612266646,0.000520865467420817,0.32194842220036357,0.6634045062096047,0.0,5.551115123125783e-14
30.0,0.0,0.022346724063865113,0.0004870011486856981,0.3182929224337067,0.6688733523537981,0.0,5.573319583618286e-14
30.25,0.0,0.020660348298487435,0.00045564200989259854,0.3145984880850299,0.6742855216066457,0.0,5.551115123125783e-14
30.5,0.0,0.01906873668068988,0.00042659042371667396,0.3108641827483729,0.6796404901472762,0.0,5.573319583618286e-14
30.75,0.0,0.017572460828286236,0.0003996648564778965,0.3070902669405971,0.6849376073746943,0.0,5.551115123125783e-14
31.0,0.0,0.016171072198302255,0.00037469849827130987,0.30327810452910664,0.6901761247743754,0.0,5.573319583618286e-14
31.25,0.0,0.014863191621751714,0.0003515380461478542,0.2994300454043821,0.6953552249277738,0.0,5.551115123125783e-14
31.5,0.0,0.013646619110353399,0.0003300425905582537,0.295549287318575,0.7004740509805689,0.0,5.551115123125783e-14
31.75,0.0,0.012518456286009616,0.0003100825995603065,0.2916397260986108,0.705531735015875,0.0,5.573319583618286e-14
32.0,0.0,0.011475232996025592,0.0002915389878121198,0.28770580466151835,0.7105274233546995,0.0,5.551115123125783e-14
32.25,0.0,0.010513031533228183,0.000274302260203186,0.283752368437817,0.7154602977688073,0.0,5.573319583618286e-14
32.5,0.0,0.009627613199924018,0.0002582717383208844,0.2797845177134231,0.7203295973483876,0.0,5.573319583618286e-14
32.75,0.0,0.00881452945186567,0.00024335484289088086,0.27580748216688444,0.7251346335384147,0.0,5.573319583618286e-14
33.0,0.0,0.008069223359136003,0.00022946643600656646,0.27182650755867116,0.7298748026462418,0.0,5.551115123125783e-14
33.25,0.0,0.007387117415165911,0.00021652821825412003,0.26784675950300785,0.7345495948636278,0.0,5.573319583618286e-14
33.5,0.0,0.00676368724469378,0.00020446817409011225,0.2638732445231082,0.7391586000581636,0.0,5.573319583618286e-14
33.75,0.0,0.006194522061368757,0.00019322005952912303,0.25991074680111653,0.7437015110780413,0.0,5.573319583618286e-14
34.0,0.0,0.0056753706875221676,0.0001827229335895439,0.2559637823729046,0.7481781240060393,0.0,5.573319583618286e-14
34.25,0.0,0.0052021762168162474,0.00017292072578842853,0.252036566376564,0.752588336680887,0.0,5.573319583618286e-14
34.5,0.0,0.004771100155961072,0.00016376183787766038,0.2481329923905603,0.7569321456156567,0.0,5.573319583618286e-14
34.75,0.0,0.0043785369987980275,0.00015519877832011712,0.24425662279908625,0.7612096414238513,0.0,5.573319583618286e-14
35.0,0.0,0.004021121296589294,0.00014718782608901307,0.24041068753499956,0.7654210033423777,0.0,5.551115123125783e-14
35.25,0.0,0.003695729449521581,0.00013968872042368098,0.23659808833841156,0.7695664934916988,0.0,5.573319583618286e-14
35.5,0.0,0.0033994754972248705,0.00013266437735335343,0.23282140990121794,0.7736464502242595,0.0,5.573319583618286e-14
35.75,0.0,0.003129703896222147,0.0001260806287912706,0.22908293390238332,0.7776612815726589,0.0,5.573319583618286e-14
36.0,0.0,0.0028839797899916277,0.00011990598248754835,0.225384655470332,0.7816114587572445,0.0,5.573319583618286e-14
36.25,0.0,0.002660077353553532,0.00011411140214862578,0.22172830148801212,0.7854975097563414,0.0,5.573319583618286e-14
36.5,0.0,0.0024559668292302105,0.000108670106322681,0.2181153500470478,0.789320013017455,0.0,5.573319583618286e-14
36.75,0.0,0.0022698010676025504,0.00010355738381796107,0.2145470500428892,0.793079591505746,0.0,5.573319583618286e-14
37.0,0.0,0.002099902429127098,9.875042335410016e-05,0.21102443984263516,0.7967769073049393,0.0,5.573319583618286e-14
37.25,0.0,0.0019447497799563486,9.422815762177729e-05,0.20754836552173134,0.8004126565407462,0.0,5.573319583618286e-14
37.5,0.0,0.0018029647221778878,8.997112309587359e-05,0.20411949993677997,0.803987564218002,0.0,5.573319583618286e-14
37.75,0.0,0.00167329996594414,8.596132839124411e-05,0.20073835862404713,0.8075023800816733,0.0,5.573319583618286e-14
38.0,0.0,0.0015546275491504142,8.218213502538744e-05,0.1974053158048784,0.8109578745110015,0.0,5.573319583618286e-14
38.25,0.0,0.0014459279959460325,7.861814816755338e-05,0.19412061899334151,0.8143548348626006,0.0,5.573319583618286e-14
38.5,0.0,0.0013462802566150374,7.525511679371037e-05,0.19088440245721974,0.8176940621694273,0.0,5.573319583618286e-14
38.75,0.0,0.001254852402834563,7.207984211128356e-05,0.18769669960069357,0.8209763681544163,0.0,5.573319583618286e-14
39.0,0.0,0.0011708930523513829,6.908009311749857e-05,0.18455745433700316,0.8242025725175838,0.0,5.573319583618286e-14
39.25,0.0,0.0010937235444775813,6.624452941171854e-05,0.18146653140728952,0.8273735005188769,0.0,5.573319583618286e-14
39.5,0.0,0.0010227308731396575,6.356263179267272e-05,0.1784237256062314,0.830489980888892,0.0,5.573319583618286e-14
39.75,0.0,0.000957361195804434,6.102463694282031e-05,0.17542877028384046,0.8335528438834681,0.0,5.573319583618286e-14
40.0,0.0,0.0008971139627025144,5.862147834820282e-05,0.17248134497124717,0.8365629195877579,0.0,5.573319583618286e-14
40.25,0.0,0.0008415366285078657,5.634473205936582e-05,0.16958108221550297,0.8395210364239856,0.0,5.573319583618286e-14
40.5,0.0,0.0007902198937358561,5.41865670180882e-05,0.16672757369429808,0.8424280198450037,0.0,5.573319583618286e-14
40.75,0.0,0.0007427933972709373,5.213969941946236e-05,0.16392037572931292,0.8452846911740524,0.0,5.573319583618286e-14
41.0,0.0,0.0006989217851524531,5.0197350595604286e-05,0.16115901431066743,0.8480918665536402,0.0,5.573319583618286e-14
41.25,0.0,0.0006583012437757922,4.835320865372615e-05,0.1584429894727182,0.850850356074908,0.0,5.573319583618286e-14
41.5,0.0,0.000620656401291869,4.660139332508094e-05,0.15577177917511756,0.8535609630303213,0.0,5.573319583618286e-14
41.75,0.0,0.00058573747192774,4.4936423353456124e-05,0.15314484288423763,0.8562244832205369,0.0,5.573319583618286e-14
42.0,0.0,0.0005533177273931429,4.335318668716246e-05,0.1505616247049422,0.8588417043810332,0.0,5.573319583618286e-14
42.25,0.0,0.0005231912299443112,4.184691307949688e-05,0.14802155616266355,0.8614134056943684,0.0,5.573319583618286e-14
42.5,0.0,0.0004951708011878682,4.041314890384774e-05,0.14552405867147636,0.8639403573784876,0.0,5.573319583618286e-14
42.75,0.0,0.00046908618779743663,3.904773393343269e-05,0.14306854574597316,0.8664233203323517,0.0,5.573319583618286e-14
43.0,0.0,0.00044478239017122027,3.7746779856791734e-05,0.14065442500636616,0.8688630458236616,0.0,5.573319583618286e-14
43.25,0.0,0.00042211820902909007,3.650665069144003e-05,0.13828109987454978,0.8712602752657854,0.0,5.573319583618286e-14
43.5,0.0,0.00040096492316232427,3.5323944662899094e-05,0.13594797110655715,0.8736157400256734,0.0,5.573319583618286e-14
43.75,0.0,0.0003812050848981458,3.419547742635132e-05,0.13365443817616046,0.8759301612615709,0.0,5.573319583618286e-14
44.0,0.0,0.00036273144975120344,3.311826664246892e-05,0.13139990047655747,0.8782042498071047,0.0,5.573319583618286e-14
44.25,0.0,0.0003454460150661359,3.20895177499673e-05,0.12918375837820267,0.8804387060890371,0.0,5.573319583618286e-14
44.5,0.0,0.0003292591563555177,3.110661083627015e-05,0.12700541415858754,0.8826342200742765,0.0,5.573319583618286e-14
44.75,0.0,0.00031408884579595575,3.0167088489129514e-05,0.12486427282726732,0.8847914712385034,0.0,5.573319583618286e-14
45.0,0.0,0.00029985993924205195,2.9268644521818967e-05,0.12275974286599303,0.886911128550299,0.0,5.595524044110789e-14
45.25,0.0,0.00028650355258912183,2.8409113643693375e-05,0.12069123684228765,0.8889938504915353,0.0,5.573319583618286e-14
45.5,0.0,0.00027395649226181833,2.758646186792463e-05,0.11865817195822287,0.8910402850877032,0.0,5.573319583618286e-14
45.75,0.0,0.00026216073543388425,2.6798777602243897e-05,0.11665997053805768,0.893051069948962,0.0,5.573319583618286e-14
46.0,0.0,0.00025106296573842383,2.6044263423685812e-05,0.11469606044193248,0.8950268323289612,0.0,5.573319583618286e-14
46.25,0.0,0.0002406141540146154,2.5321228460262132e-05,0.11276587542188322,0.8969681891956977,0.0,5.573319583618286e-14
46.5,0.0,0.0002307691797973121,2.4628081332613803e-05,0.11086885542608797,0.8988757473128379,0.0,5.573319583618286e-14
46.75,0.0,0.00022148648761883812,2.396332360016894e-05,0.1090044468603126,0.9007501033285242,0.0,5.573319583618286e-14
47.0,0.0,0.00021272777283047004,2.3325543660462265e-05,0.1071721028142967,0.9025918438692682,0.0,5.573319583618286e-14
47.25,0.0,0.00020445770332482813,2.2713411126387712e-05,0.10537128323886111,0.9044015456467435,0.0,5.573319583618286e-14
47.5,0.0,0.00019664366493134236,2.2125671589322138e-05,0.10360145509610605,0.9061797755674291,0.0,5.573319583618286e-14
47.75,0.0,0.00018925552848345653,2.1561141740208226e-05,0.1018620924844573,0.9079270908453749,0.0,5.595524044110789e-14
48.0,0.0,0.0001822654400567858,2.101870484464218e-05,0.10015267673445528,0.9096440391206991,0.0,5.573319583618286e-14
48.25,0.0,0.00017564763049264742,2.0497306535502172e-05,0.09847269648141672,0.911331158581611,0.0,5.573319583618286e-14
48.5,0.0,0.00016937824243974412,1.999595089963802e-05,0.09682164771738547,0.9129889780893311,0.0,5.595524044110789e-14
48.75,0.0,0.00016343517260033018,1.9513696831569214e-05,0.09519903382587344,0.9146180173047506,0.0,5.595524044110789e-14
49.0,0.0,0.0001577979270853021,1.904965462892838e-05,0.09360436560245244,0.9162187868158892,0.0,5.595524044110789e-14
49.25,0.0,0.00015244749179874024,1.8602982837597585e-05,0.09203716125631753,0.917791788269102,0.0,5.595524044110789e-14
49.5,0.0,0.00014736621350019432,1.8172885304463095e-05,0.0904969464010575,0.9193375145001937,0.0,5.595524044110789e-14
49.75,0.0,0.00014253769063354393,1.7758608423131824e-05,0.08898325403545966,0.9208564496655396,0.0,5.595524044110789e-14
50.0,0.0,0.00013794667424391063,1.7359438568647708e-05,0.08749562451305941,0.922349069374184,0.0,5.595524044110789e-14
50.25,0.0,0.00013357897749245853,1.6974699703364547e-05,0.08603360550279257,0.9238158408200676,0.0,5.595524044110789e-14
50.5,0.0,0.00012942139301456014,1.66037511418936e-05,0.08459675194175773,0.9252572229141418,0.0,5.595524044110789e-14
50.75,0.0,0.00012546161718129776,1.6245985461506764e-05,0.083184625981486,0.9266736664159272,0.0,5.595524044110789e-14
51.0,0.0,0.00012168818040152994,1.5900826545175497e-05,0.08179679692895425,0.928065614064155,0.0,5.595524044110789e-14
51.25,0.0,0.00011809038403431981,1.5567727759352658e-05,0.08043284118066146,0.9294335007076009,0.0,5.595524044110789e-14
51.5,0.0,0.00011465824229267313,1.52461702465734e-05,0.07909234215285667,0.9307777534346601,0.0,5.595524044110789e-14
51.75,0.0,0.00011138242871763291,1.4935661325008031e-05,0.07777489020830214,0.9320987917017112,0.0,5.595524044110789e-14
52.0,0.0,0.00010825422725314857,1.463573299202255e-05,0.07648008257918096,0.9333970274606298,0.0,5.595524044110789e-14
52.25,0.0,0.00010526548732155605,1.4345940522705259e-05,0.07520752328708086,0.9346728652851308,0.0,5.595524044110789e-14
52.5,0.0,0.00010240858256474873,1.4065861156962097e-05,0.07395682306047441,0.9359267024958599,0.0,5.595524044110789e-14
52.75,0.0,9.967637285090109e-05,1.3795092868103411e-05,0.07272759925025792,0.9371589292840791,0.0,5.595524044110789e-14
53.0,0.0,9.70621691751735e-05,1.3533253206212491e-05,0.07151947574385276,0.9383699288338219,0.0,5.595524044110789e-14
53.25,0.0,9.455970161659702e-05,1.3279978216503537e-05,0.07033208287731392,0.939560077442909,0.0,5.595524044110789e-14
53.5,0.0,9.216308971698878e-05,1.3034921422889703e-05,0.06916505734659369,0.9407297446423224,0.0,5.595524044110789e-14
53.75,0.0,8.98668150827257e-05,1.279775287244018e-05,0.06801804211813622,0.9418792933139646,0.0,5.595524044110789e-14
54.0,0.0,8.76656961831906e-05,1.256815823874365e-05,0.06689068633869909,0.9430090798069349,0.0,5.595524044110789e-14
54.25,0.0,8.555486509087335e-05,1.2345837979437808e-05,0.06578264524477412,0.9441194540522115,0.0,5.595524044110789e-14
54.5,0.0,8.352974600846969e-05,1.2130506544422026e-05,0.06469358007177682,0.9452107596757263,0.0,5.595524044110789e-14
54.75,0.0,8.158603540442873e-05,1.1921891630961e-05,0.0636231579632229,0.9462833341097977,0.0,5.595524044110789e-14
55.0,0.0,7.97196835894451e-05,1.1719733482061286e-05,0.06257105188009213,0.9473375087028924,0.0,5.595524044110789e-14
55.25,0.0,7.792687777452627e-05,1.1523784227806558e-05,0.061536940510230016,0.9483736088278236,0.0,5.595524044110789e-14
55.5,0.0,7.62040263487408e-05,1.1333807264680067e-05,0.06052050817817846,0.9493919539882641,0.0,5.595524044110789e-14
55.75,0.0,7.454774427968434e-05,1.1149576670445577e-05,0.059521444755512284,0.9503928579235936,0.0,5.595524044110789e-14
56.0,0.0,7.295483960918741e-05,1.0970876653303911e-05,0.05853944557166892,0.9513766287121246,0.0,5.595524044110789e-14
56.25,0.0,7.142230093003562e-05,1.0797501032758282e-05,0.0575742113254159,0.9523435688726773,0.0,5.595524044110789e-14
56.5,0.0,6.994728576945869e-05,1.0629252750241158e-05,0.056625447997014834,0.9532939754645214,0.0,5.595524044110789e-14
56.75,0.0,6.852710979601435e-05,1.0465943407410732e-05,0.05569286676115605,0.9542281401856966,0.0,5.595524044110789e-14
57.0,0.0,6.715923677095627e-05,1.0307392830110036e-05,0.0547761839007341,0.9551463494697209,0.0,5.595524044110789e-14
57.25,0.0,6.584126925007079e-05,1.0153428657606714e-05,0.05387512072146254,0.9560488845806858,0.0,5.595524044110789e-14
57.5,0.0,6.4570939922048e-05,1.0003885954499334e-05,0.0529894034674163,0.9569360217067632,0.0,5.595524044110789e-14
57.75,0.0,6.334610353472875e-05,9.858606843894067e-06,0.05211876323753235,0.957808032052145,0.0,5.595524044110789e-14
58.0,0.0,6.216472938980383e-05,9.7174401610341e-06,0.05126293590308309,0.958665181927422,0.0,5.595524044110789e-14
58.25,0.0,6.1024894352193544e-05,9.580241125949399e-06,0.0504216620261709,0.959507732838407,0.0,5.595524044110789e-14
58.5,0.0,5.992477633711224e-05,9.446871034010306e-06,0.04959468677925454,0.9603359415734303,0.0,5.595524044110789e-14
58.75,0.0,5.8862648234186374e-05,9.317196963198981e-06,0.048781759865719615,0.961150060289139,0.0,5.595524044110789e-14
59.0,0.0,5.783687222987714e-05,9.191091496955393e-06,0.0479826354415072,0.9619503365948219,0.0,5.595524044110789e-14
59.25,0.0,5.68458945256309e-05,9.068432462276705e-06,0.047197072037850535,0.9627370136352175,0.0,5.595524044110789e-14
59.5,0.0,5.588824039965402e-05,8.949102681650697e-06,0.04642483248508776,0.9635103301718869,0.0,5.595524044110789e-14
59.75,0.0,5.496250958713803e-05,8.832989738002895e-06,0.04566568383755965,0.9642705206631712,0.0,5.595524044110789e-14
60.0,0.0,5.406737196662191e-05,8.719985752137956e-06,0.04491939729961293,0.9650178153427242,0.0,5.595524044110789e-14
60.25,0.0,5.320156352599344e-05,8.609987171853229e-06,0.044185748152716794,0.9657524402966413,0.0,5.595524044110789e-14
60.5,0.0,5.236388258903203e-05,8.502894572068912e-06,0.043464515683682634,0.9664746175392123,0.0,5.595524044110789e-14
60.75,0.0,5.155318628188893e-05,8.39861246528505e-06,0.04275548311397317,0.9671845650873356,0.0,5.595524044110789e-14
61.0,0.0,5.076838721972818e-05,8.297049121697531e-06,0.04205843753009173,0.9678824970336228,0.0,5.595524044110789e-14
61.25,0.0,5.000845040982623e-05,8.19811639873292e-06,0.041373169815115456,0.9685686236181319,0.0,5.595524044110789e-14
61.5,0.0,4.9272390346148496e-05,8.101729579207614e-06,0.04069947458129646,0.9692431512988341,0.0,5.595524044110789e-14
61.75,0.0,4.8559268281985325e-05,8.007807217619273e-06,0.04003715010372958,0.9699062828208268,0.0,5.595524044110789e-14
62.0,0.0,4.786818967313448e-05,7.916270994239276e-06,0.039385998255106885,0.9705582172842817,0.0,5.595524044110789e-14
62.25,0.0,4.719830177801542e-05,7.827045576522065e-06,0.03874582444154956,0.9711991502111519,0.0,5.595524044110789e-14
62.5,0.0,4.6548791404524185e-05,7.740058487437704e-06,0.038116437539499184,0.9718292736106648,0.0,5.595524044110789e-14
62.75,0.0,4.5918882792789475e-05,7.655239980316791e-06,0.037497649833644585,0.9724487760436382,0.0,5.595524044110789e-14
63.0,0.0,4.530783562336928e-05,7.572522919808436e-06,0.03688927695586598,0.9730578426856468,0.0,5.595524044110789e-14
63.25,0.0,4.4714943147867496e-05,7.49184266878045e-06,0.036291137825260236,0.973656655388979,0.0,5.595524044110789e-14
63.5,0.0,4.4139530429447305e-05,7.413136980704072e-06,0.03570305458915905,0.9742453927434868,0.0,5.595524044110789e-14
63.75,0.0,4.358095268588329e-05,7.336345897222186e-06,0.035124852565134285,0.9748242301363386,0.0,5.595524044110789e-14
64.0,0.0,4.30385937306178e-05,7.2614116506883135e-06,0.0345563601840084,0.9753933398106662,0.0,5.595524044110789e-14
64.25,0.0,4.2511864504555806e-05,7.188278571384286e-06,0.03399740893385414,0.9759528909231259,0.0,5.595524044110789e-14
64.5,0.0,4.200020169298852e-05,7.116892999175238e-06,0.03344783330496311,0.9765030496004006,0.0,5.573319583618286e-14
64.75,0.0,4.1503066421746886e-05,7.047203199351638e-06,0.032907470735757116,0.9770439789946777,0.0,5.595524044110789e-14
65.0,0.0,4.1019943026866124e-05,6.979159282414368e-06,0.032376161559620975,0.9775758393381256,0.0,5.595524044110789e-14
65.25,0.0,4.0550337895626216e-05,6.912713127684106e-06,0.03185374895271593,0.9780987879963167,0.0,5.595524044110789e-14
65.5,0.0,4.00937783724231e-05,6.847818310464144e-06,0.03134007888268654,0.9786129795206865,0.0,5.595524044110789e-14
65.75,0.0,3.964981172532491e-05,6.784430032569004e-06,0.03083500005825383,0.9791185657000442,0.0,5.595524044110789e-14
66.0,0.0,3.921800417057174e-05,6.722505056080926e-06,0.03033836387970996,0.9796156956111193,0.0,5.595524044110789e-14
66.25,0.0,3.879793995100541e-05,6.662001640154109e-06,0.02985002439029712,0.9801045156681676,0.0,5.595524044110789e-14
66.5,0.0,3.838922046525106e-05,6.6028794807157395e-06,0.02936983822845034,0.9805851696716595,0.0,5.573319583618286e-14
66.75,0.0,3.799146344433811e-05,6.5450996529081475e-06,0.028897664580879043,0.9810577988560796,0.0,5.595524044110789e-14
67.0,0.0,3.760430217253782e-05,6.48862455611994e-06,0.028433365136466167,0.9815225419368611,0.0,5.595524044110789e-14
67.25,0.0,3.7227384750989696e-05,6.433417861524376e-06,0.02797680404103739,0.9819795351564059,0.0,5.573319583618286e-14
67.5,0.0,3.686037340055995e-05,6.379444461960602e-06,0.027527847852920225,0.9824289123292731,0.0,5.573319583618286e-14
67.75,0.0,3.650294380153615e-05,6.3266704240386546e-06,0.027086365499285323,0.9828708048865449,0.0,5.573319583618286e-14
68.0,0.0,3.6154784468486934e-05,6.2750629423779096e-06,0.026652228233283132,0.9833053419193618,0.0,5.573319583618286e-14
68.25,0.0,3.581559615799966e-05,6.224590295865577e-06,0.026225309591958783,0.9837326502216431,0.0,5.573319583618286e-14
68.5,0.0,3.5485091307445874e-05,6.175221805839067e-06,0.02580548535492664,0.9841528543320159,0.0,5.595524044110789e-14
68.75,0.0,3.51629935028605e-05,6.126927796093514e-06,0.025392633503781212,0.9845660765749756,0.0,5.573319583618286e-14
69.0,0.0,3.484903697406651e-05,6.079679554617736e-06,0.024986634182224878,0.9849724371013022,0.0,5.573319583618286e-14
69.25,0.0,3.4542966116112786e-05,6.033449297002556e-06,0.024587369656958145,0.9853720539276846,0.0,5.573319583618286e-14
69.5,0.0,3.4244535035020485e-05,5.988210131419316e-06,0.024194724279260935,0.9857650429756284,0.0,5.573319583618286e-14
69.75,0.0,3.3953507116419954e-05,5.943936025091719e-06,0.023808584447257482,0.9861515181096568,0.0,5.573319583618286e-14
70.0,0.0,3.36696546160481e-05,5.900601772201195e-06,0.02342883856887601,0.9865315911747915,0.0,5.573319583618286e-14
70.25,0.0,3.339275827076505e-05,5.8581829631530455e-06,0.023055377025487385,0.9869053720333345,0.0,5.573319583618286e-14
70.5,0.0,3.312260692898599e-05,5.816655955141004e-06,0.022688092136206112,0.9872729686009655,0.0,5.573319583618286e-14
70.75,0.0,3.285899719939216e-05,5.775997843946461e-06,0.022326878122832773,0.9876344868821797,0.0,5.573319583618286e-14
71.0,0.0,3.260173311680947e-05,5.736186436909769e-06,0.021971631075420463,0.9879900310050815,0.0,5.573319583618286e-14
71.25,0.0,3.2350625824651304e-05,5.697200227035123e-06,0.021622248918504623,0.9883397032554995,0.0,5.573319583618286e-14
71.5,0.0,3.2105493272756766e-05,5.659018368164046e-06,0.021278631377933545,0.9886836041104813,0.0,5.573319583618286e-14
71.75,0.0,3.186615992976591e-05,5.621620651167111e-06,0.020940679948292826,0.989021832271182,0.0,5.573319583618286e-14
72.0,0.0,3.16324565093892e-05,5.584987481113857e-06,0.020608297860933114,0.9893544846951321,0.0,5.573319583618286e-14
72.25,0.0,3.1404219709763755e-05,5.549099855373381e-06,0.02028139005258706,0.9896816566279035,0.0,5.573319583618286e-14
72.5,0.0,3.118129196522219e-05,5.513939342604525e-06,0.01995986313456079,0.9900034416341871,0.0,5.573319583618286e-14
72.75,0.0,3.0963521209782685e-05,5.4794880625937615e-06,0.0196436253624815,0.9903199316283019,0.0,5.573319583618286e-14
73.0,0.0,3.075076065168312e-05,5.4457286668996056e-06,0.019332586606585808,0.9906312169041513,0.0,5.573319583618286e-14
73.25,0.0,3.054286855856925e-05,5.412644320277024e-06,0.019026658322582705,0.9909373861645941,0.0,5.573319583618286e-14
73.5,0.0,3.0339708052633427e-05,5.380218682839637e-06,0.018725753523036598,0.9912385265502837,0.0,5.573319583618286e-14
73.75,0.0,3.0141146915173422e-05,5.348435892926222e-06,0.018429786749264442,0.9915347236679832,0.0,5.573319583618286e-14
74.0,0.0,2.994705740016481e-05,5.317280550644396e-06,0.018138674043754893,0.99182606161835,0.0,5.573319583618286e-14
74.25,0.0,2.9757316056349122e-05,5.2867377020599525e-06,0.017852332923096972,0.9921126230232004,0.0,5.573319583618286e-14
74.5,0.0,2.957180355741691e-05,5.256792824004326e-06,0.01757068235140552,0.9923944890522688,0.0,5.573319583618286e-14
74.75,0.0,2.939040453985554e-05,5.227431809472262e-06,0.017293642714227404,0.992671739449479,0.0,5.573319583618286e-14
75.0,0.0,2.9213007448039513e-05,5.198640953582125e-06,0.01702113579291499,0.9929444525587391,0.0,5.573319583618286e-14
75.25,0.0,2.9039504386310917e-05,5.170406940080509e-06,0.016753084739495976,0.9932127053492333,0.0,5.573319583618286e-14
75.5,0.0,2.8869790977613866e-05,5.14271682836318e-06,0.01648941405199242,0.9934765734402573,0.0,5.573319583618286e-14
75.75,0.0,2.870376622834855e-05,5.115558040989762e-06,0.016230049550183725,0.9937361311256027,0.0,5.573319583618286e-14
76.0,0.0,2.85413323991845e-05,5.088918351673602e-06,0.01597491835182024,0.9939914513974847,0.0,5.573319583618286e-14
76.25,0.0,2.8382394881519323e-05,5.06278587372556e-06,0.01572394884927662,0.9942426059700239,0.0,5.573319583618286e-14
76.5,0.0,2.8226862079314825e-05,5.037149048933049e-06,0.015477070686633888,0.9944896653022937,0.0,5.573319583618286e-14
76.75,0.0,2.8074645296037057e-05,5.0119966368553785e-06,0.01523421473717626,0.9947326986209466,0.0,5.573319583618286e-14
77.0,0.0,2.792565862643163e-05,4.98731770451673e-06,0.014995313081291154,0.9949717739424336,0.0,5.573319583618286e-14
77.25,0.0,2.777981885297027e-05,4.9631016164839666e-06,0.014760298984797122,0.9952069580947892,0.0,5.573319583618286e-14
77.5,0.0,2.763704534669061e-05,4.939338025310424e-06,0.014529106877659249,0.9954383167390245,0.0,5.573319583618286e-14
77.75,0.0,2.7497259972214706e-05,4.916016862330229e-06,0.014301672333087349,0.9956659143901339,0.0,5.573319583618286e-14
78.0,0.0,2.736038699677724e-05,4.893128328790317e-06,0.01407793204702261,0.9958898144377075,0.0,5.573319583618286e-14
78.25,0.0,2.7226353003061623e-05,4.870662887305608e-06,0.013857823818003321,0.9961100791661621,0.0,5.573319583618286e-14
78.5,0.0,2.7095086805670054e-05,4.848611253624479e-06,0.01364128652740004,0.9963267697745964,0.0,5.573319583618286e-14
78.75,0.0,2.6966519371050127e-05,4.826964388691535e-06,0.013428260120008308,0.9965399463962877,0.0,5.573319583618286e-14
79.0,0.0,2.6840583740703745e-05,4.805713490994801e-06,0.013218685584988739,0.9967496681178353,0.0,5.573319583618286e-14
79.25,0.0,2.6717214957571313e-05,4.784849989188406e-06,0.013012504937175793,0.9969559929979332,0.0,5.573319583618286e-14
79.5,0.0,2.6596349995409324e-05,4.764365534977785e-06,0.01280966119872038,0.997158978085805,0.0,5.573319583618286e-14
79.75,0.0,2.6477927691021428e-05,4.744251996256721e-06,0.012610098381062272,0.9973586794393062,0.0,5.573319583618286e-14
80.0,0.0,2.636188867923184e-05,4.724501450487242e-06,0.012413761467237104,0.997555152142689,0.0,5.573319583618286e-14
80.25,0.0,2.6248175330468954e-05,4.705106178312328e-06,0.012220596394509885,0.9977484503240371,0.0,5.573319583618286e-14
80.5,0.0,2.6136731690844183e-05,4.6860586573924365e-06,0.012030550037326707,0.9979386271723808,0.0,5.573319583618286e-14
80.75,0.0,2.6027503424608844e-05,4.667351556456789e-06,0.01184357019057439,0.9981257349545003,0.0,5.573319583618286e-14
81.0,0.0,2.592043775887404e-05,4.648977729560472e-06,0.011659605553139354,0.998309825031428,0.0,5.573319583618286e-14
81.25,0.0,2.5815483430523354e-05,4.630930210541025e-06,0.011478605711783847,0.9984909478746309,0.0,5.573319583618286e-14
81.5,0.0,2.5712590635196558e-05,4.6132022076654894e-06,0.011300521125309725,0.9986691530819032,0.0,5.573319583618286e-14
81.75,0.0,2.561171097825156e-05,4.595787098460414e-06,0.011125303109006203,0.9988444893929729,0.0,5.573319583618286e-14
82.0,0.0,2.551279742763069e-05,4.578678424718501e-06,0.010952903819385712,0.9990170047048177,0.0,5.573319583618286e-14
82.25,0.0,2.541580426854332e-05,4.561869887674824e-06,0.010783276239200858,0.9991867460866987,0.0,5.573319583618286e-14
82.5,0.0,2.5320687059887466e-05,4.545355343346286e-06,0.01061637416273534,0.9993537597949173,0.0,5.573319583618286e-14
82.75,0.0,2.5227402592331726e-05,4.529128798027923e-06,0.010452152181360006,0.9995180912873054,0.0,5.573319583618286e-14
83.0,0.0,2.5135908847980207e-05,4.5131844039397345e-06,0.010290565669346576,0.9996797852374573,0.0,5.573319583618286e-14
83.25,0.0,2.504616496157431e-05,4.497516455019578e-06,0.01013157076995449,0.9998388855486847,0.0,5.573319583618286e-14
83.5,0.0,2.495813118314802e-05,4.482119382855698e-06,0.009975124381765335,0.9999954353677245,0.0,5.573319583618286e-14
83.75,0.0,2.487176884207415e-05,4.466987752753595e-06,0.00982118414526179,1.0001494770981991,0.0,5.573319583618286e-14
84.0,0.0,2.4787040312451993e-05,4.452116259932733e-06,0.009669708429654592,1.000301052413829,0.0,5.595524044110789e-14
84.25,0.0,2.4703908979776736e-05,4.437499725848061e-06,0.009520656319951432,1.0004502022713988,0.0,5.595524044110789e-14
84.5,0.0,2.462233920883783e-05,4.423133094631839e-06,0.009373987604261747,1.0005969669234906,0.0,5.595524044110789e-14
84.75,0.0,2.4542296312792635e-05,4.4090114296511925e-06,0.009229662761329777,1.0007413859309835,0.0,5.573319583618286e-14
85.0,0.0,2.4463746523362525e-05,4.395129910176889e-06,0.009087642948289428,1.000883498175333,0.0,5.595524044110789e-14
85.25,0.0,2.4386656962121128e-05,4.381483828160159e-06,0.008947889988654248,1.0010233418706114,0.0,5.595524044110789e-14
85.5,0.0,2.4310995612816328e-05,4.368068585112937e-06,0.008810366360520525,1.0011609545753373,0.0,5.573319583618286e-14
85.75,0.0,2.4236731294683463e-05,4.354879689087718e-06,0.008675035184980943,1.0012963732040912,0.0,5.595524044110789e-14
86.0,0.0,2.4163833636716012e-05,4.341912751753822e-06,0.008541860214751718,1.0014296340389157,0.0,5.595524044110789e-14
86.25,0.0,2.4092273052852768e-05,4.329163485566433e-06,0.00841080582300803,1.0015607727405094,0.0,5.573319583618286e-14
86.5,0.0,2.4022020718045014e-05,4.316627701025181e-06,0.008281836992422522,1.0016898243592143,0.0,5.595524044110789e-14
86.75,0.0,2.3953048545166353e-05,4.304301304018938e-06,0.008154919304400321,1.0018168233458062,0.0,5.573319583618286e-14
87.0,0.0,2.388532916272869e-05,4.292180293253602e-06,0.008030018928505103,1.0019418035620946,0.0,5.573319583618286e-14
87.25,0.0,2.38188358933844e-05,4.280260757760579e-06,0.007907102612087458,1.0020647982913171,0.0,5.573319583618286e-14
87.5,0.0,2.3753542733173075e-05,4.268538874482584e-06,0.007786137670096805,1.0021858402483512,0.0,5.573319583618286e-14
87.75,0.0,2.368942433148337e-05,4.257010905934028e-06,0.007667091975074625,1.0023049615897437,0.0,5.573319583618286e-14
88.0,0.0,2.3626455971706956e-05,4.245673197933645e-06,0.007549933947331472,1.0024221939235547,0.0,5.573319583618286e-14
88.25,0.0,2.3564613552555957e-05,4.234522177406759e-06,0.007434632545303343,1.0025375683190225,0.0,5.573319583618286e-14
88.5,0.0,2.350387357001819e-05,4.223554350254779e-06,0.007321157256082886,1.0026511153160527,0.0,5.573319583618286e-14
88.75,0.0,2.3444213099924064e-05,4.212766299289561e-06,0.007209478086119859,1.0027628649345366,0.0,5.573319583618286e-14
89.0,0.0,2.3385609781099364e-05,4.2021546822302175e-06,0.0070995655520861185,1.0028728466835064,0.0,5.573319583618286e-14
89.25,0.0,2.332804179909093e-05,4.19171622976078e-06,0.006991390671914746,1.0029810895701121,0.0,5.573319583618286e-14
89.5,0.0,2.3271487870434977e-05,4.181447743646187e-06,0.006884924955997297,1.0030876221084444,0.0,5.573319583618286e-14
89.75,0.0,2.321592722744745e-05,4.17134609490461e-06,0.0067801403985371924,1.0031924723281962,0.0,5.573319583618286e-14
90.0,0.0,2.3161339603520555e-05,4.161408222034413e-06,0.006677009469061384,1.0032956677831688,0.0,5.573319583618286e-14
90.25,0.0,2.310770521890519e-05,4.151631129293824e-06,0.006575505104086484,1.003397235559621,0.0,5.573319583618286e-14
90.5,0.0,2.305500476696112e-05,4.1420118850315665e-06,0.006475600698935473,1.0034972022844684,0.0,5.573319583618286e-14
90.75,0.0,2.3003219400856105e-05,4.132547620066682e-06,0.006377270099700222,1.0035955941333345,0.0,5.573319583618286e-14
91.0,0.0,2.2952330720695794e-05,4.12323552611579e-06,0.006280487595345722,1.0036924368384632,0.0,5.573319583618286e-14
91.25,0.0,2.290232076107578e-05,4.114072854266614e-06,0.00618522790996429,1.003787755696476,0.0,5.573319583618286e-14
91.5,0.0,2.285317197903363e-05,4.105056913495887e-06,0.006091466195165994,1.0038815755759973,0.0,5.595524044110789e-14
91.75,0.0,2.2804867242386212e-05,4.096185069230183e-06,0.005999178022603601,1.0039739209251406,0.0,5.573319583618286e-14
92.0,0.0,2.2757389818441353e-05,4.087454741948406e-06,0.005908339376633893,1.0040648157788614,0.0,5.573319583618286e-14
92.25,0.0,2.2710723363069304e-05,4.078863405824534e-06,0.00581892664711201,1.0041542837661748,0.0,5.573319583618286e-14
92.5,0.0,2.2664851910120913e-05,4.070408587409293e-06,0.0057309166223155706,1.0042423481172427,0.0,5.573319583618286e-14
92.75,0.0,2.2619759861178985e-05,4.062087864349466e-06,0.005644286481994394,1.0043290316703357,0.0,5.573319583618286e-14
93.0,0.0,2.2575431975629664e-05,4.0538988641435225e-06,0.005559013790542385,1.0044143568786736,0.0,5.573319583618286e-14
93.25,0.0,2.2531853361048385e-05,4.045839262932713e-06,0.005475076490298578,1.0044983458171333,0.0,5.573319583618286e-14
93.5,0.0,2.2489009463883644e-05,4.037906784326228e-06,0.005392452894965593,1.0045810201888419,0.0,5.573319583618286e-14
93.75,0.0,2.2446886060428227e-05,4.030099198259304e-06,0.0053111216831440485,1.004662401331653,0.0,5.573319583618286e-14
94.0,0.0,2.2405469248070132e-05,4.022414319883369e-06,0.0052310618919844554,1.0047425102245033,0.0,5.573319583618286e-14
94.25,0.0,2.23647454368127e-05,4.014850008487158e-06,0.005152252910953795,1.0048213674936566,0.0,5.573319583618286e-14
94.5,0.0,2.2324701341054434e-05,4.007404166447833e-06,0.005074674475713917,1.0048989934188342,0.0,5.551115123125783e-14
94.75,0.0,2.228532397161857e-05,4.000074738211106e-06,0.004998306662108234,1.0049754079392377,0.0,5.573319583618286e-14
95.0,0.0,2.2246600628022883e-05,3.992859709299382e-06,0.00492312988025371,1.0050506306594646,0.0,5.573319583618286e-14
95.25,0.0,2.2208518890986197e-05,3.985757105347336e-06,0.004849124868744178,1.0051246808553151,0.0,5.573319583618286e-14
95.5,0.0,2.217106661515896e-05,3.9787649911638e-06,0.004776272688954866,1.0051975774794943,0.0,5.551115123125783e-14
95.75,0.0,2.213423192207035e-05,3.971881469819162e-06,0.004704554719446922,1.0052693391672167,0.0,5.551115123125783e-14
96.0,0.0,2.2098003193286463e-05,3.965104681757583e-06,0.0046339526504732085,1.0053399842417072,0.0,5.551115123125783e-14
96.25,0.0,2.206236906377194e-05,3.958432803933239e-06,0.004564448478582988,1.005409530719605,0.0,5.551115123125783e-14
96.5,0.0,2.202731841544795e-05,3.951864048969841e-06,0.004496024501323,1.005477996316268,0.0,5.551115123125783e-14
96.75,0.0,2.1992840370939275e-05,3.945396664342692e-06,0.004428663312031966,1.0055453984509883,0.0,5.551115123125783e-14
97.0,0.0,2.1958924287503358e-05,3.939028931582526e-06,0.004362347794725877,1.0056117542521106,0.0,5.551115123125783e-14
97.25,0.0,2.1925559751139317e-05,3.932759165500713e-06,0.004297061119079279,1.0056770805620596,0.0,5.551115123125783e-14
97.5,0.0,2.1892736570867026e-05,3.9265857134349505e-06,0.004232786735493851,1.0057413939422775,0.0,5.551115123125783e-14
97.75,0.0,2.1860444773170907e-05,3.920506954514846e-06,0.004169508370253251,1.0058047106780745,0.0,5.551115123125783e-14
98.0,0.0,2.1828674596604497e-05,3.914521298946871e-06,0.004107210020765301,1.0058670467833948,0.0,5.573319583618286e-14
98.25,0.0,2.1797416486550175e-05,3.908627187318087e-06,0.004045875950889457,1.0059284180054922,0.0,5.551115123125783e-14
98.5,0.0,2.176666109012877e-05,3.902823089918064e-06,0.003985490686347463,1.005988839829528,0.0,5.551115123125783e-14
98.75,0.0,2.1736399251253616e-05,3.897107506078434e-06,0.003926039010214579,1.0060483274830836,0.0,5.551115123125783e-14
99.0,0.0,2.1706622005823775e-05,3.891478963529509e-06,0.003867505958489174,1.006106895940597,0.0,5.551115123125783e-14
99.25,0.0,2.167732057705522e-05,3.885936017773646e-06,0.0038098768157450824,1.0061645599277156,0.0,5.551115123125783e-14
99.5,0.0,2.1648486370942385e-05,3.880477251474683e-06,0.0037531371108593353,1.006221333925574,0.0,5.573319583618286e-14
99.75,0.0,2.1620110971846017e-05,3.875101273863002e-06,0.0036972726128143047,1.0062772321749955,0.0,5.551115123125783e-14
100.0,0.0,2.1592186138204682e-05,3.869806720155805e-06,0.0036422693265752383,1.006332268680622,0.0,5.551115123125783e-14
100.25,0.0,2.156470379836557e-05,3.864592250992165e-06,0.0035881134890413816,1.0063864572149648,0.0,5.551115123125783e-14
100.5,0.0,2.1537656046530764e-05,3.8594565518824e-06,0.0035347915650688925,1.0064398113223882,0.0,5.551115123125783e-14
100.75,0.0,2.1511035138814802e-05,3.854398332671338e-06,0.0034822902435633026,1.0064923443230207,0.0,5.551115123125783e-14
101.0,0.0,2.1484833489409574e-05,3.849416327015041e-06,0.0034305964336396456,1.0065440693165995,0.0,5.551115123125783e-14
101.25,0.0,2.1459043666855927e-05,3.844509291870745e-06,0.003379697260853995,1.0065949991862428,0.0,5.551115123125783e-14
101.5,0.0,2.1433658390416015e-05,3.839676006999503e-06,0.003329580063500078,1.006645146602158,0.0,5.551115123125783e-14
101.75,0.0,2.14086705265434e-05,3.834915274481176e-06,0.0032802323889701487,1.0066945240252843,0.0,5.551115123125783e-14
102.0,0.0,2.138407308544894e-05,3.830225918241457e-06,0.003231641990180948,1.006743143710871,0.0,5.551115123125783e-14
102.25,0.0,2.135985921775931e-05,3.825606783590609e-06,0.0031837968220631923,1.006791017711991,0.0,5.551115123125783e-14
102.5,0.0,2.13360222112651e-05,3.821056736773544e-06,0.003136685038113055,1.0068381578829944,0.0,5.551115123125783e-14
102.75,0.0,2.1312555487755463e-05,3.816574664530925e-06,0.0030902949870037217,1.0068845758828995,0.0,5.551115123125783e-14
103.0,0.0,2.128945259993614e-05,3.812159473670942e-06,0.003044615209255374,1.0069302831787266,0.0,5.551115123125783e-14
103.25,0.0,2.1266707228430783e-05,3.8078100906516086e-06,0.002999634433966842,1.0069752910487695,0.0,5.5289106626332796e-14
103.5,0.0,2.1244313178860705e-05,3.803525461173144e-06,0.0029553415756034666,1.007019610585812,0.0,5.551115123125783e-14
103.75,0.0,2.122226437900091e-05,3.799304549780178e-06,0.0029117257308404745,1.0070632527002863,0.0,5.551115123125783e-14
104.0,0.0,2.1200554876010943e-05,3.7951463394735553e-06,0.002868776175462573,1.0071062281233774,0.0,5.551115123125783e-14
104.25,0.0,2.1179178833738178e-05,3.7910498313314578e-06,0.0028264823613184265,1.007148547410072,0.0,5.551115123125783e-14
104.5,0.0,2.1158130530091262e-05,3.7870140441395894e-06,0.0027848339133286896,1.0071902209421526,0.0,5.551115123125783e-14
104.75,0.0,2.1137404354481235e-05,3.7830380140301485e-06,0.0027438206265459433,1.007231258931141,0.0,5.551115123125783e-14
105.0,0.0,2.1116994805328103e-05,3.7791207941293337e-06,0.002703432463265139,1.007271671421191,0.0,5.551115123125783e-14
105.25,0.0,2.1096896487632785e-05,3.775261454213257e-06,0.002663659550187296,1.0073114682919264,0.0,5.551115123125783e-14
105.5,0.0,2.1077104110610695e-05,3.7714590803719356e-06,0.0026244921756317916,1.0073506592612327,0.0,5.551115123125783e-14
105.75,0.0,2.1057612485385223e-05,3.76771277468114e-06,0.0025859207867966402,1.0073892538879987,0.0,5.551115123125783e-14
106.0,0.0,2.1038416522740165e-05,3.7640216548819386e-06,0.00254793598706734,1.0074272615748106,0.0,5.551115123125783e-14
106.25,0.0,2.1019511230929202e-05,3.760384854067717e-06,0.0025105285333731717,1.0074646915705974,0.0,5.551115123125783e-14
106.5,0.0,2.100089171354071e-05,3.756801520378469e-06,0.0024736893335897824,1.0075015529732319,0.0,5.551115123125783e-14
106.75,0.0,2.0982553167415956e-05,3.7532708167021473e-06,0.002437409443986648,1.0075378547320848,0.0,5.551115123125783e-14
107.0,0.0,2.096449088061897e-05,3.74979192038287e-06,0.0024016800667181998,1.0075736056505362,0.0,5.551115123125783e-14
107.25,0.0,2.0946700230458177e-05,3.7463640229358947e-06,0.0023664925473609877,1.0076088143884412,0.0,5.551115123125783e-14
107.5,0.0,2.092917668155675e-05,3.742986329769095e-06,0.002331838372492854,1.0076434894645514,0.0,5.551115123125783e-14
107.75,0.0,2.091191578397043e-05,3.7396580599107658e-06,0.00229770916731362,1.007677639258898,0.0,5.551115123125783e-14
108.0,0.0,2.0894913171352022e-05,3.7363784457436293e-06,0.002264096693307763,1.0077112720151307,0.0,5.551115123125783e-14
108.25,0.0,2.0878164559161246e-05,3.7331467327448825e-06,0.0022309928459481264,1.0077443958428154,0.0,5.551115123125783e-14
108.5,0.0,2.0861665742918447e-05,3.7299621792321044e-06,0.002198389652439666,1.0077770187196937,0.0,5.551115123125783e-14
108.75,0.0,2.084541259650078e-05,3.7268240561148764e-06,0.0021662792695020146,1.007809148493901,0.0,5.551115123125783e-14
109.0,0.0,2.0829401070479457e-05,3.723731646651937e-06,0.0021346539811898245,1.0078407928861486,0.0,5.551115123125783e-14
109.25,0.0,2.0813627190498242e-05,3.7206842462138225e-06,0.0021035061967529154,1.007871959491866,0.0,5.551115123125783e-14
109.5,0.0,2.0798087055690798e-05,3.7176811620507674e-06,0.002072828448532778,1.0079026557833048,0.0,5.5289106626332796e-14
109.75,0.0,2.0782776837135775e-05,3.7147217130657336e-06,0.0020426133898949947,1.0079328891116104,0.0,5.551115123125783e-14
110.0,0.0,2.0767692776349284e-05,3.7118052295924703e-06,0.0020128537931979958,1.0079626667088515,0.0,5.551115123125783e-14
110.25,0.0,2.0752831183813502e-05,3.708931053178472e-06,0.0019835425477973097,1.0079919956900212,0.0,5.551115123125783e-14
110.5,0.0,2.073818843754041e-05,3.7060985363727027e-06,0.0019546726580844695,1.008020883054997,0.0,5.551115123125783e-14
110.75,0.0,2.0723760981669475e-05,3.703307042517955e-06,0.0019262372415595076,1.0080493356904718,0.0,5.551115123125783e-14
111.0,0.0,2.0709545325098206e-05,3.700555945547712e-06,0.0018982295269361598,1.0080773603718487,0.0,5.551115123125783e-14
111.25,0.0,2.06955380401458e-05,3.697844629787478e-06,0.001870642852281505,1.008104963765104,0.0,5.551115123125783e-14
111.5,0.0,2.068173576124794e-05,3.6951724897603872e-06,0.0018434706631870858,1.0081321524286173,0.0,5.5289106626332796e-14
111.75,0.0,2.0668135183681875e-05,3.6925389299969937e-06,0.0018167065109711191,1.0081589328149707,0.0,5.551115123125783e-14
112.0,0.0,2.0654733062321538e-05,3.689943364849165e-06,0.0017903440509121648,1.0081853112727162,0.0,5.551115123125783e-14
112.25,0.0,2.06415262104217e-05,3.6873852183079714e-06,0.001764377040513526,1.0082112940481134,0.0,5.573319583618286e-14
112.5,0.0,2.0628511498430447e-05,3.684863923825468e-06,0.0017387993377976493,1.0082368872868357,0.0,5.551115123125783e-14
112.75,0.0,2.061568585282891e-05,3.6823789241402643e-06,0.00171360489962962,1.008262097035649,0.0,5.573319583618286e-14
113.0,0.0,2.0603046254997515e-05,3.6799296711067743e-06,0.0016887877800689823,1.0082869292440604,0.0,5.551115123125783e-14
113.25,0.0,2.059058974010895e-05,3.6775156255281244e-06,0.0016643421287513747,1.0083113897659386,0.0,5.551115123125783e-14
113.5,0.0,2.0578313396046244e-05,3.675136256992566e-06,0.0016402621892974332,1.008335484361105,0.0,5.551115123125783e-14
113.75,0.0,2.0566214362345297e-05,3.6727910437133115e-06,0.0016165422977486323,1.0083592186969008,0.0,5.551115123125783e-14
114.0,0.0,2.0554289829161698e-05,3.6704794723717343e-06,0.0015931768810303663,1.0083825983497237,0.0,5.551115123125783e-14
114.25,0.0,2.0542537036261053e-05,3.6682010379638516e-06,0.001570160455441659,1.0084056288065397,0.0,5.551115123125783e-14
114.5,0.0,2.0530953272032178e-05,3.6659552436499967e-06,0.00154748762517086,1.008428315466369,0.0,5.551115123125783e-14
114.75,0.0,2.0519535872522447e-05,3.66374160060761e-06,0.0015251530808365517,1.0084506636417458,0.0,5.551115123125783e-14
115.0,0.0,2.0508282220494557e-05,3.661559627887048e-06,0.0015031515980530065,1.008472678560154,0.0,5.551115123125783e-14
115.25,0.0,2.049718974450504e-05,3.6594088522704076e-06,0.0014814780360214673,1.0084943653654372,0.0,5.551115123125783e-14
115.5,0.0,2.0486255918003105e-05,3.6572888081332342e-06,0.0014601273361450652,1.0085157291191844,0.0,5.551115123125783e-14
115.75,0.0,2.0475478258449373e-05,3.655199037309045e-06,0.001439094520667084,1.0085367748020926,0.0,5.551115123125783e-14
116.0,0.0,2.046485432645435e-05,3.6531390889566315e-06,0.001418374691332839,1.0085575073153072,0.0,5.551115123125783e-14
116.25,0.0,2.0454381724936018e-05,3.6511085194300634e-06,0.0013979630280746267,1.0085779314817365,0.0,5.551115123125783e-14
116.5,0.0,2.044405809829606e-05,3.6491068921513317e-06,0.001377854787719209,1.0085980520473459,0.0,5.551115123125783e-14
116.75,0.0,2.0433881131614113e-05,3.647133777485559e-06,0.0013580453027171523,1.0086178736824294,0.0,5.573319583618286e-14
117.0,0.0,2.042384854985948e-05,3.6451887526187086e-06,0.0013385299798934541,1.0086374009828596,0.0,5.551115123125783e-14
117.25,0.0,2.0413958117120594e-05,3.6432714014377884e-06,0.0013193042992205551,1.0086566384713165,0.0,5.551115123125783e-14
117.5,0.0,2.0404207635851075e-05,3.641381314413435e-06,0.0013003638126118456,1.0086755905984934,0.0,5.551115123125783e-14
117.75,0.0,2.0394594946132048e-05,3.639518088484834e-06,0.001281704142735427,1.0086942617442856,0.0,5.551115123125783e-14
118.0,0.0,2.0385117924950545e-05,3.6376813269469385e-06,0.001263320981848346,1.0087126562189555,0.0,5.573319583618286e-14
118.25,0.0,2.037577448549362e-05,3.6358706393399297e-06,0.0012452100906508402,1.00873077826428,0.0,5.573319583618286e-14
118.5,0.0,2.0366562576457666e-05,3.6340856413408647e-06,0.0012273672971601273,1.0087486320546777,0.0,5.551115123125783e-14
118.75,0.0,2.0357480181372486e-05,3.632325954657456e-06,0.0012097884956031575,1.0087662216983164,0.0,5.551115123125783e-14
119.0,0.0,2.0348525317939714e-05,3.6305912069239246e-06,0.0011924696453278311,1.0087835512382028,0.0,5.551115123125783e-14
119.25,0.0,2.0339696037385775e-05,3.6288810315989264e-06,0.0011754067697336342,1.008800624653253,0.0,5.573319583618286e-14
119.5,0.0,2.0330990423828448e-05,3.627195067865461e-06,0.0011585959552200566,1.008817445859344,0.0,5.573319583618286e-14
119.75,0.0,2.0322406593656804e-05,3.625532960532718e-06,0.0011420333501525888,1.0088340187103488,0.0,5.551115123125783e-14
120.0,0.0,2.0313942694924336e-05,3.623894359939842e-06,0.001125715163846481,1.0088503469991543,0.0,5.573319583618286e-14
120.25,0.0,2.0305596906755028e-05,3.6222789218615605e-06,0.0011096376655678713,1.008866434458659,0.0,5.551115123125783e-14
120.5,0.0,2.0297367438761914e-05,3.6206863074156385e-06,0.0010937971835518724,1.0088822847627577,0.0,5.573319583618286e-14
120.75,0.0,2.028925253047781e-05,3.6191161829721086e-06,0.0010781901040371172,1.0088979015273052,0.0,5.573319583618286e-14
121.0,0.0,2.02812504507978e-05,3.6175682200642324e-06,0.001062812870316343,1.0089132883110685,0.0,5.573319583618286e-14
121.25,0.0,2.0273359497433782e-05,3.61604209530119e-06,0.0010476619818038176,1.0089284486166592,0.0,5.573319583618286e-14
121.5,0.0,2.0265577996380202e-05,3.6145374902824314e-06,0.0010327339931182093,1.008943385891451,0.0,5.573319583618286e-14
121.75,0.0,2.0257904301390788e-05,3.61305409151364e-06,0.0010180255131807244,1.008958103528482,0.0,5.573319583618286e-14
122.0,0.0,2.0250336793466245e-05,3.611591590324307e-06,0.0010035332043286608,1.0089726048673433,0.0,5.573319583618286e-14
122.25,0.0,2.024287388035257e-05,3.6101496827868622e-06,0.0009892537814440454,1.0089868931950485,0.0,5.573319583618286e-14
122.5,0.0,2.0235513996049738e-05,3.608728069637333e-06,0.000975184011096999,1.009000971746893,0.0,5.573319583618286e-14
122.75,0.0,2.0228255600330445e-05,3.607326456197494e-06,0.0009613207107033975,1.0090148437072959,0.0,5.573319583618286e-14
123.0,0.0,2.022109717826856e-05,3.605944552298464e-06,0.0009476607476964622,1.0090285122106288,0.0,5.595524044110789e-14
123.25,0.0,2.021403723977759e-05,3.604582072205755e-06,0.000934201038712977,1.0090419803420307,0.0,5.573319583618286e-14
123.5,0.0,2.020707431915838e-05,3.6032387345457156e-06,0.0009209385487929247,1.0090552511382092,0.0,5.573319583618286e-14
123.75,0.0,2.020020697465598e-05,3.60191426223333e-06,0.0009078702905923826,1.0090683275882264,0.0,5.573319583618286e-14
124.0,0.0,2.019343378802555e-05,3.6006083824013628e-06,0.0008949933236098185,1.0090812126342754,0.0,5.573319583618286e-14
124.25,0.0,2.0186753364107113e-05,3.5993208263308214e-06,0.0008823047534254857,1.0090939091724398,0.0,5.573319583618286e-14
124.5,0.0,2.018016433040892e-05,3.5980513293826974e-06,0.0008698017309536194,1.0091064200534423,0.0,5.573319583618286e-14
124.75,0.0,2.017366533669913e-05,3.5967996309309664e-06,0.0008574814517070536,1.009118748083381,0.0,5.573319583618286e-14
125.0,0.0,2.0167255054605625e-05,3.595565474296801e-06,0.0008453411550739502,1.009130896024453,0.0,5.573319583618286e-14
125.25,0.0,2.016093217722409e-05,3.5943486066840146e-06,0.0008333781236072322,1.0091428665956645,0.0,5.573319583618286e-14
125.5,0.0,2.015469541873382e-05,3.593148779115674e-06,0.0008215896823256853,1.0091546624735321,0.0,5.573319583618286e-14
125.75,0.0,2.0148543514021134e-05,3.591965746371856e-06,0.0008099731980265851,1.0091662862927688,0.0,5.573319583618286e-14
126.0,0.0,2.014247521831034e-05,3.5907992669285434e-06,0.0007985260786099757,1.0091777406469604,0.0,5.573319583618286e-14
126.25,0.0,2.0136489306802045e-05,3.5896491028976304e-06,0.0007872457724143316,1.0091890280892317,0.0,5.573319583618286e-14
126.5,0.0,2.0130584574318672e-05,3.588515019968008e-06,0.0007761297675633534,1.009200151132898,0.0,5.573319583618286e-14
126.75,0.0,2.0124759834956916e-05,3.5873967873477126e-06,0.0007651755913235651,1.00921111225211,0.0,5.573319583618286e-14
127.0,0.0,2.0119013921746953e-05,3.5862941777071046e-06,0.0007543808094724409,1.0092219138824838,0.0,5.573319583618286e-14
127.25,0.0,2.0113345686318585e-05,3.5852069671230806e-06,0.0007437430256775829,1.0092325584217248,0.0,5.573319583618286e-14
127.5,0.0,2.0107753998573856e-05,3.5841349350242822e-06,0.0007332598808860428,1.0092430482302361,0.0,5.573319583618286e-14
127.75,0.0,2.010223774636598e-05,3.5830778641372687e-06,0.0007229290527236759,1.0092533856317216,0.0,5.573319583618286e-14
128.0,0.0,2.0096795835184606e-05,3.5820355404336588e-06,0.000712748254904623,1.0092635729137756,0.0,5.573319583618286e-14
128.25,0.0,2.0091427187847255e-05,3.5810077530782076e-06,0.0007027152366507016,1.0092736123284642,0.0,5.595524044110789e-14
128.5,0.0,2.008613074419675e-05,3.5799942943778066e-06,0.0006928277821204749,1.0092835060928969,0.0,5.595524044110789e-14
128.75,0.0,2.0080905460804473e-05,3.578994959731379e-06,0.0006830837098477277,1.0092932563897876,0.0,5.595524044110789e-14
129.0,0.0,2.0075750310679296e-05,3.578009547580652e-06,0.0006734808721891023,1.0093028653680085,0.0,5.595524044110789e-14
129.25,0.0,2.0070664282982312e-05,3.57703785936181e-06,0.0006640171547813458,1.0093123351431321,0.0,5.573319583618286e-14
129.5,0.0,2.006564638274698e-05,3.57607969945799e-06,0.0006546904760073903,1.0093216677979662,0.0,5.573319583618286e-14
129.75,0.0,2.0060695630604613e-05,3.5751348751525975e-06,0.000645498786471163,1.0093308653830788,0.0,5.573319583618286e-14
130.0,0.0,2.0055811062515123e-05,3.5742031965834496e-06,0.0006364400684812132,1.0093399299173156,0.0,5.595524044110789e-14
130.25,0.0,2.0050991729503003e-05,3.5732844766977105e-06,0.0006275123355429608,1.0093488633883068,0.0,5.595524044110789e-14
130.5,0.0,2.0046236697398322e-05,3.5723785312076146e-06,0.0006187136318593748,1.0093576677529679,0.0,5.573319583618286e-14
130.75,0.0,2.0041545046582632e-05,3.5714851785469515e-06,0.0006100420318398368,1.0093663449379908,0.0,5.573319583618286e-14
131.0,0.0,2.0036915871739613e-05,3.570604239828299e-06,0.0006014956396169853,1.0093748968403273,0.0,5.595524044110789e-14
131.25,0.0,2.003234828161064e-05,3.5697355388010076e-06,0.0005930725885719233,1.0093833253276636,0.0,5.595524044110789e-14
131.5,0.0,2.00278413987549e-05,3.5688789018098993e-06,0.0005847710408671194,1.0093916322388883,0.0,5.595524044110789e-14
131.75,0.0,2.0023394359313964e-05,3.5680341577546743e-06,0.0005765891869869142,1.009399819384552,0.0,5.595524044110789e-14
132.0,0.0,2.0019006312780874e-05,3.5672011380500165e-06,0.0005685252452857012,1.0094078885473194,0.0,5.595524044110789e-14
132.25,0.0,2.0014676421773555e-05,3.566379676586379e-06,0.000560577461543622,1.009415841482414,0.0,5.595524044110789e-14
132.5,0.0,2.0010403861812512e-05,3.5655696096914444e-06,0.0005527441085295985,1.0094236799180547,0.0,5.573319583618286e-14
132.75,0.0,2.000618782110264e-05,3.564770776092232e-06,0.0005450234855715006,1.0094314055558873,0.0,5.595524044110789e-14
133.0,0.0,2.000202750031906e-05,3.5639830168778488e-06,0.0005374139181332656,1.0094390200714054,0.0,5.595524044110789e-14
133.25,0.0,1.9997922112397095e-05,3.5632061754628807e-06,0.0005299137573993019,1.0094465251143687,0.0,5.595524044110789e-14
133.5,0.0,1.9993870882326082e-05,3.5624400975513973e-06,0.0005225213798655987,1.0094539223092105,0.0,5.595524044110789e-14
133.75,0.0,1.9989873046946966e-05,3.561684631101564e-06,0.0005152351869374609,1.0094612132554404,0.0,5.595524044110789e-14
134.0,0.0,1.9985927854753702e-05,3.5609396262908453e-06,0.000508053604533936,1.009468399528041,0.0,5.595524044110789e-14
134.25,0.0,1.9982034565698312e-05,3.560204935481803e-06,0.0005009750826987839,1.0094754826778558,0.0,5.573319583618286e-14
134.5,0.0,1.997819245099957e-05,3.5594804131884627e-06,0.0004939980952178473,1.0094824642319737,0.0,5.573319583618286e-14
134.75,0.0,1.9974400792955196e-05,3.5587659160432403e-06,0.00048712113924263817,1.0094893456941043,0.0,5.595524044110789e-14
135.0,0.0,1.997065888475739e-05,3.55806130276442e-06,0.0004803427349199874,1.0094961285449484,0.0,5.595524044110789e-14
135.25,0.0,1.996696603031195e-05,3.557366434124182e-06,0.00047366142502804174,1.0095028142425633,0.0,5.573319583618286e-14
135.5,0.0,1.9963321544060585e-05,3.556681172917156e-06,0.00046707577461810854,1.0095094042227208,0.0,5.595524044110789e-14
135.75,0.0,1.995972475080648e-05,3.5560053839294997e-06,0.00046058437066227913,1.0095158998992588,0.0,5.573319583618286e-14
136.0,0.0,1.995617498554305e-05,3.5553389339084824e-06,0.0004541858217068843,1.0095223026644295,0.0,5.595524044110789e-14
136.25,0.0,1.995267159328581e-05,3.554681691532582e-06,0.0004478787575316592,1.0095286138892392,0.0,5.573319583618286e-14
136.5,0.0,1.994921392890735e-05,3.554033527382068e-06,0.000441661828814487,1.009534834923785,0.0,5.573319583618286e-14
136.75,0.0,1.9945801356975213e-05,3.553394313910074e-06,0.00043553370680156594,1.0095409670975832,0.0,5.573319583618286e-14
137.0,0.0,1.9942433251592737e-05,3.5527639254141326e-06,0.00042949308298286665,1.009547011719896,0.0,5.573319583618286e-14
137.25,0.0,1.9939108996242807e-05,3.552142238008198e-06,0.0004235386687731238,1.0095529700800483,0.0,5.573319583618286e-14
137.5,0.0,1.993582798363441e-05,3.5515291295951117e-06,0.0004176691951979293,1.0095588434477445,0.0,5.573319583618286e-14
137.75,0.0,1.9932589615551927e-05,3.550924479839523e-06,0.0004118834125848695,1.0095646330733754,0.0,5.573319583618286e-14
138.0,0.0,1.9929393302707126e-05,3.5503281701412474e-06,0.0004061800902597502,1.0095703401883231,0.0,5.573319583618286e-14
138.25,0.0,1.9926238464593848e-05,3.549740083609066e-06,0.000400558016247802,1.0095759660052597,0.0,5.573319583618286e-14
138.5,0.0,1.9923124529345276e-05,3.549160105034946e-06,0.0003950159969797561,1.0095815117184417,0.0,5.573319583618286e-14
138.75,0.0,1.992005093359375e-05,3.5485881208686796e-06,0.00038955285700265237,1.0095869785039986,0.0,5.573319583618286e-14
139.0,0.0,1.9917017122333007e-05,3.5480240191929293e-06,0.0003841674386952663,1.009592367520219,0.0,5.573319583618286e-14
139.25,0.0,1.9914022548783014e-05,3.5474676896986877e-06,0.0003788586019883635,1.009597679907829,0.0,5.573319583618286e-14
139.5,0.0,1.9911066674257115e-05,3.546919023661124e-06,0.0003736252240894107,1.0096029167902685,0.0,5.573319583618286e-14
139.75,0.0,1.9908148968031517e-05,3.5463779139158225e-06,0.00036846619921168856,1.0096080792739621,0.0,5.573319583618286e-14
140.0,0.0,1.9905268907217128e-05,3.5458442548354026e-06,0.0003633804383078466,1.0096131684485858,0.0,5.573319583618286e-14
140.25,0.0,1.990242597663363e-05,3.545317942306514e-06,0.00035836686880780775,1.009618185387329,0.0,5.573319583618286e-14
140.5,0.0,1.9899619668685814e-05,3.544798873707204e-06,0.0003534244343609236,1.0096231311471524,0.0,5.573319583618286e-14
140.75,0.0,1.9896849483242034e-05,3.5442869478846415e-06,0.0003485520945822646,1.0096280067690424,0.0,5.573319583618286e-14
141.0,0.0,1.9894114927514794e-05,3.5437820651331975e-06,0.00034374882480294307,1.0096328132782602,0.0,5.573319583618286e-14
141.25,0.0,1.989141551594349e-05,3.543284127172878e-06,0.0003390136158246524,1.0096375516845881,0.0,5.595524044110789e-14
141.5,0.0,1.988875077007918e-05,3.5427930371281004e-06,0.00033434547367809875,1.0096422229825706,0.0,5.595524044110789e-14
141.75,0.0,1.9886120218471306e-05,3.542308699506805e-06,0.00032974341938527804,1.0096468281517526,0.0,5.573319583618286e-14
142.0,0.0,1.9883523396556482e-05,3.5418310201798962e-06,0.000325206488725635,1.0096513681569135,0.0,5.573319583618286e-14
142.25,0.0,1.9880959846549152e-05,3.541359906361013e-06,0.0003207337320060198,1.0096558439482968,0.0,5.573319583618286e-14
142.5,0.0,1.9878429117334184e-05,3.5408952665866214e-06,0.0003163242138343604,1.0096602564618375,0.0,5.573319583618286e-14
142.75,0.0,1.987593076436132e-05,3.5404370106964134e-06,0.0003119770128969477,1.0096646066193837,0.0,5.573319583618286e-14
143.0,0.0,1.987346434954141e-05,3.5399850498140193e-06,0.00030769122173924504,1.0096688953289172,0.0,5.573319583618286e-14
143.25,0.0,1.9871029441144503e-05,3.5395392963280258e-06,0.0003034659465503819,1.009673123484768,0.0,5.595524044110789e-14
143.5,0.0,1.9868625613699677e-05,3.539099663873291e-06,0.0002993003069510493,1.0096772919678272,0.0,5.573319583618286e-14
143.75,0.0,1.9866252447896574e-05,3.5386660673125496e-06,0.00029519343578475785,1.0096814016457558,0.0,5.573319583618286e-14
144.0,0.0,1.9863909530488637e-05,3.53823842271831e-06,0.0002911444789124875,1.00968545337319,0.0,5.573319583618286e-14
144.25,0.0,1.9861596454198008e-05,3.5378166473550328e-06,0.00028715259501065825,1.0096894479919436,0.0,5.573319583618286e-14
144.5,0.0,1.985931281762209e-05,3.5374006596615897e-06,0.0002832169553723486,1.009693386331206,0.0,5.573319583618286e-14
144.75,0.0,1.985705822514166e-05,3.5369903792339947e-06,0.0002793367437116731,1.0096972692077397,0.0,5.573319583618286e-14
145.0,0.0,1.985483228683053e-05,3.5365857268083996e-06,0.00027551115597124307,1.009701097426071,0.0,5.573319583618286e-14
145.25,0.0,1.985263461836683e-05,3.5361866242443625e-06,0.00027173940013284614,1.0097048717786803,0.0,5.573319583618286e-14
145.5,0.0,1.985046484094576e-05,3.535792994508374e-06,0.0002680206960311027,1.0097085930461893,0.0,5.595524044110789e-14
145.75,0.0,1.984832258119379e-05,3.535404761657632e-06,0.0002643542751700633,1.009712261997543,0.0,5.573319583618286e-14
146.0,0.0,1.984620747108437e-05,3.535021850824078e-06,0.00026073938054277173,1.009715879390191,0.0,5.573319583618286e-14
146.25,0.0,1.9844119147855033e-05,3.5346441881986705e-06,0.00025717526645373376,1.0097194459702659,0.0,5.573319583618286e-14
146.5,0.0,1.984205725392593e-05,3.5342717010159114e-06,0.00025366119834422665,1.0097229624727566,0.0,5.573319583618286e-14
146.75,0.0,1.984002143681971e-05,3.5339043175386025e-06,0.0002501964526203727,1.009726429621681,0.0,5.573319583618286e-14
147.0,0.0,1.9838011349082734e-05,3.5335419670428387e-06,0.00024678031648391047,1.0097298481302557,0.0,5.573319583618286e-14
147.25,0.0,1.983602664820769e-05,3.5331845798032362e-06,0.00024341208776578214,1.009733218701062,0.0,5.573319583618286e-14
147.5,0.0,1.983406699655743e-05,3.532832087078385e-06,0.00024009107476232578,1.0097365420262099,0.0,5.573319583618286e-14
147.75,0.0,1.9832132061290135e-05,3.532484421096523e-06,0.00023681659607404133,1.0097398187874993,0.0,5.573319583618286e-14
148.0,0.0,1.9830221514285686e-05,3.532141515041431e-06,0.00023358798044695322,1.0097430496565796,0.0,5.573319583618286e-14
148.25,0.0,1.982833503207331e-05,3.5318033030385447e-06,0.00023040456661651453,1.009746235295104,0.0,5.573319583618286e-14
148.5,0.0,1.982647229576043e-05,3.5314697201412786e-06,0.00022726570315399864,1.009749376354886,0.0,5.573319583618286e-14
148.75,0.0,1.9824632990962667e-05,3.531140702317558e-06,0.00022417074831531045,1.0097524734780472,0.0,5.573319583618286e-14
149.0,0.0,1.9822816807735026e-05,3.5308161864365534e-06,0.00022111906989215972,1.0097555272971694,0.0,5.573319583618286e-14
149.25,0.0,1.982102344050423e-05,3.530496110255622e-06,0.0002181100450656992,1.0097585384354393,0.0,5.573319583618286e-14
149.5,0.0,1.9819252588002185e-05,3.530180412407448e-06,0.00021514306026244366,1.009761507506793,0.0,5.573319583618286e-14
149.75,0.0,1.9817503953200517e-05,3.529869032387372e-06,0.0002122175110124434,1.0097644351160577,0.0,5.573319583618286e-14
150.0,0.0,1.9815777243246217e-05,3.529561910540919e-06,0.00020933280180973117,1.0097673218590923,0.0,5.595524044110789e-14
150.25,0.0,1.9814072169398343e-05,3.529258988051511e-06,0.00020648834597499464,1.0097701683229234,0.0,5.595524044110789e-14
150.5,0.0,1.9812388446965755e-05,3.5289602069283725e-06,0.0002036835655204281,1.0097729750858815,0.0,5.573319583618286e-14
150.75,0.0,1.9810725795245907e-05,3.5286655099946076e-06,0.0002009178910167032,1.0097757427177338,0.0,5.573319583618286e-14
151.0,0.0,1.9809083937464567e-05,3.5283748408754667e-06,0.00019819076146200947,1.0097784717798155,0.0,5.573319583618286e-14
151.25,0.0,1.9807462600716633e-05,3.528088143986787e-06,0.00019550162415325306,1.0097811628251578,0.0,5.573319583618286e-14
151.5,0.0,1.9805861515907842e-05,3.527805364523607e-06,0.00019284993455925443,1.0097838163986161,0.0,5.573319583618286e-14
151.75,0.0,1.9804280417697457e-05,3.5275264484489528e-06,0.00019023515619592178,1.0097864330369937,0.0,5.573319583618286e-14
152.0,0.0,1.9802719044441896e-05,3.5272513424827914e-06,0.00018765676050341547,1.0097890132691654,0.0,5.573319583618286e-14
152.25,0.0,1.9801177138139252e-05,3.5269799940911534e-06,0.0001851142267252641,1.0097915576161982,0.0,5.573319583618286e-14
152.5,0.0,1.9799654444374776e-05,3.526712351475415e-06,0.00018260704178938903,1.0097940665914706,0.0,5.595524044110789e-14
152.75,0.0,1.979815071226718e-05,3.5264483635617446e-06,0.00018013470019098693,1.009796540700789,0.0,5.573319583618286e-14
153.0,0.0,1.979666569441583e-05,3.526187979990701e-06,0.0001776967038772266,1.009798980442504,0.0,5.573319583618286e-14
153.25,0.0,1.9795199146848832e-05,3.525931151106995e-06,0.00017529256213383735,1.009801386307624,0.0,5.595524044110789e-14
153.5,0.0,1.9793750828971925e-05,3.5256778279493995e-06,0.00017292179147344945,1.0098037587799253,0.0,5.573319583618286e-14
153.75,0.0,1.97923205035182e-05,3.5254279622408095e-06,0.00017058391552566722,1.0098060983360644,0.0,5.573319583618286e-14
154.0,0.0,1.9790907936498627e-05,3.5251815063784532e-06,0.00016827846492888776,1.009808405445684,0.0,5.573319583618286e-14
154.25,0.0,1.978951289715342e-05,3.524938413424247e-06,0.0001660049772238305,1.0098106805715215,0.0,5.595524044110789e-14
154.5,0.0,1.9788135157904126e-05,3.5246986370952937e-06,0.0001637629967487406,1.009812924169512,0.0,5.573319583618286e-14
154.75,0.0,1.978677449430654e-05,3.5244621317545245e-06,0.00016155207453622162,1.0098151366888934,0.0,5.573319583618286e-14
155.0,0.0,1.9785430685004307e-05,3.5242288524014755e-06,0.00015937176821165998,1.0098173185723067,0.0,5.573319583618286e-14
155.25,0.0,1.9784103511683348e-05,3.523998754663204e-06,0.00015722164189330747,1.009819470255896,0.0,5.573319583618286e-14
155.5,0.0,1.9782792759026954e-05,3.523771794785342e-06,0.00015510126609390108,1.009821592169408,0.0,5.573319583618286e-14
155.75,0.0,1.9781498214671632e-05,3.5235479296232756e-06,0.00015301021762380293,1.0098236847362876,0.0,5.573319583618286e-14
156.0,0.0,1.9780219669163634e-05,3.52332711663346e-06,0.00015094807949567158,1.0098257483737743,0.0,5.573319583618286e-14
156.25,0.0,1.9778956915916182e-05,3.5231093138648617e-06,0.00014891444083063417,1.0098277834929954,0.0,5.573319583618286e-14
156.5,0.0,1.97777097511674e-05,3.5228944799505266e-06,0.00014690889676592675,1.0098297904990587,0.0,5.573319583618286e-14
156.75,0.0,1.9776477973938886e-05,3.522682574099272e-06,0.0001449310483639655,1.0098317697911439,0.0,5.595524044110789e-14
157.0,0.0,1.9775261385994917e-05,3.5224735560875023e-06,0.0001429805025228139,1.0098337217625908,0.0,5.573319583618286e-14
157.25,0.0,1.9774059791802373e-05,3.522267386251142e-06,0.00014105687188810503,1.0098356468009897,0.0,5.595524044110789e-14
157.5,0.0,1.9772872998491246e-05,3.5220640261779746e-06,0.00013915938060537293,1.0098375452824258,4.0000000000000043e-10,5.573319583618286e-14
157.75,0.0,1.9771700815815757e-05,3.521863437029846e-06,0.0001372884503110737,1.009839417585492,4.0000000000000043e-10,5.573319583618286e-14
158.0,0.0,1.977054305611614e-05,3.5216655803159693e-06,0.00013544330655920357,1.0098412640848602,4.0000000000000043e-10,5.595524044110789e-14
158.25,0.0,1.976939953428098e-05,3.5214704185327152e-06,0.0001336235841371532,1.0098430851459659,4.0000000000000043e-10,5.595524044110789e-14
158.5,0.0,1.976827006771017e-05,3.521277914697383e-06,0.0001318289231593978,1.009844881128914,4.0000000000000043e-10,5.595524044110789e-14
158.75,0.0,1.9767154476278437e-05,3.52108803234082e-06,0.00013005896898731593,1.0098466523885599,4.0000000000000043e-10,5.573319583618286e-14
159.0,0.0,1.9766052582299453e-05,3.5209007355001508e-06,0.00012831337215025903,1.0098483992745877,4.0000000000000043e-10,5.573319583618286e-14
159.25,0.0,1.976496421049049e-05,3.5207159887116123e-06,0.00012659178826784304,1.0098501221315888,4.0000000000000043e-10,5.573319583618286e-14
159.5,0.0,1.976388918793764e-05,3.5205337570034927e-06,0.0001248938779734451,1.0098518212991374,4.0000000000000043e-10,5.573319583618286e-14
159.75,0.0,1.976282734406159e-05,3.5203540058891763e-06,0.00012321930683889868,1.009853497111867,4.0000000000000043e-10,5.573319583618286e-14
160.0,0.0,1.9761778510583906e-05,3.5201767013602866e-06,0.00012156774530035853,1.0098551498995436,4.0000000000000043e-10,5.595524044110789e-14
160.25,0.0,1.976074252149387e-05,3.520001809879931e-06,0.00011993886858530506,1.0098567799871392,4.0000000000000043e-10,5.595524044110789e-14
160.5,0.0,1.9759719213015788e-05,3.5198292983760444e-06,0.00011833235664066171,1.0098583876949039,4.0000000000000043e-10,5.595524044110789e-14
160.75,0.0,1.9758708423576863e-05,3.5196591342348256e-06,0.00011674789406207136,1.009859973338436,4.0000000000000043e-10,5.573319583618286e-14
161.0,0.0,1.975770999377553e-05,3.519491285294278e-06,0.00011518517002424764,1.0098615372287525,4.0000000000000043e-10,5.573319583618286e-14
161.25,0.0,1.9756723766350297e-05,3.5193257198378335e-06,0.00011364387821239057,1.0098630796723573,4.0000000000000043e-10,5.595524044110789e-14
161.5,0.0,1.9755749586149055e-05,3.5191624065880775e-06,0.0001121237167546733,1.0098646009713084,4.0000000000000043e-10,5.573319583618286e-14
161.75,0.0,1.9754787300098864e-05,3.5190013147005598e-06,0.00011062438815577916,1.0098661014232853,4.0000000000000043e-10,5.595524044110789e-14
162.0,0.0,1.9753836757176245e-05,3.5188424137576986e-06,0.00010914559923146652,1.0098675813216536,4.0000000000000043e-10,5.595524044110789e-14
162.25,0.0,1.9752897808377857e-05,3.518685673762771e-06,0.00010768706104413519,1.0098690409555295,4.0000000000000043e-10,5.573319583618286e-14
162.5,0.0,1.975197030669168e-05,3.518531065133988e-06,0.00010624848883937126,1.0098704806098446,4.0000000000000043e-10,5.595524044110789e-14
162.75,0.0,1.9751054107068636e-05,3.518378558698664e-06,0.00010482960198351045,1.0098719005654067,4.0000000000000043e-10,5.595524044110789e-14
163.0,0.0,1.975014906639463e-05,3.5182281256874586e-06,0.00010343012390214635,1.0098733010989618,4.0000000000000043e-10,5.595524044110789e-14
163.25,0.0,1.974925504346302e-05,3.518079737728712e-06,0.00010204978201957464,1.0098746824832552,4.0000000000000043e-10,5.595524044110789e-14
163.5,0.0,1.974837189894752e-05,3.5179333668428566e-06,0.00010068830769917897,1.009876044987091,4.0000000000000043e-10,5.595524044110789e-14
163.75,0.0,1.974749949537552e-05,3.51778898543691e-06,9.934543618474007e-05,1.0098773888753905,4.0000000000000043e-10,5.595524044110789e-14
164.0,0.0,1.9746637697101793e-05,3.5176465662990485e-06,9.80209065426489e-05,1.0098787144092498,4.0000000000000043e-10,5.595524044110789e-14
164.25,0.0,1.9745786370282633e-05,3.5175060825932606e-06,9.671446160500037e-05,1.009880021845998,4.0000000000000043e-10,5.595524044110789e-14
164.5,0.0,1.9744945382850345e-05,3.5173675078540718e-06,9.542584791354789e-05,1.0098813114392517,4.0000000000000043e-10,5.595524044110789e-14
164.75,0.0,1.9744114604488178e-05,3.517230815981349e-06,9.415481566455324e-05,1.0098825834389709,4.0000000000000043e-10,5.595524044110789e-14
165.0,0.0,1.974329390660559e-05,3.5170959812351837e-06,9.290111865446776e-05,1.0098838380915136,4.0000000000000043e-10,5.595524044110789e-14
165.25,0.0,1.974248316231392e-05,3.5169629782308403e-06,9.166451422643697e-05,1.0098850756396889,4.0000000000000043e-10,5.595524044110789e-14
165.5,0.0,1.9741682246402408e-05,3.516831781933783e-06,9.044476321763348e-05,1.00988629632281,4.0000000000000043e-10,5.595524044110789e-14
165.75,0.0,1.9740891035314597e-05,3.516702367654771e-06,8.924162990740204e-05,1.0098875003767456,4.0000000000000043e-10,5.595524044110789e-14
166.0,0.0,1.974010940712508e-05,3.516574711045028e-06,8.80548819662e-05,1.0098886880339715,4.0000000000000043e-10,5.595524044110789e-14
166.25,0.0,1.9739337241516592e-05,3.5164487880914765e-06,8.688429040531274e-05,1.009889859523621,4.0000000000000043e-10,5.595524044110789e-14
166.5,0.0,1.973857441975747e-05,3.516324575112042e-06,8.572962952732647e-05,1.0098910150715337,4.0000000000000043e-10,5.595524044110789e-14
166.75,0.0,1.973782082467943e-05,3.5162020487510265e-06,8.459067687738882e-05,1.009892154900305,4.0000000000000043e-10,5.595524044110789e-14
167.0,0.0,1.973707634065569e-05,3.516081185974544e-06,8.346721319520127e-05,1.009893279229334,4.0000000000000043e-10,5.595524044110789e-14
167.25,0.0,1.9736340853579423e-05,3.515961964066027e-06,8.23590223677361e-05,1.0098943882748705,4.0000000000000043e-10,5.595524044110789e-14
167.5,0.0,1.9735614250842522e-05,3.5158443606217906e-06,8.126589138268253e-05,1.0098954822500616,4.0000000000000043e-10,5.573319583618286e-14
167.75,0.0,1.9734896421314702e-05,3.515728353546667e-06,8.018761028260768e-05,1.0098965613649984,4.0000000000000043e-10,5.595524044110789e-14
168.0,0.0,1.973418725532289e-05,3.515613921049696e-06,7.912397211981774e-05,1.0098976258267596,4.0000000000000043e-10,5.573319583618286e-14
168.25,0.0,1.9733486644630953e-05,3.515501041639882e-06,7.807477291190144e-05,1.0098986758394577,4.0000000000000043e-10,5.595524044110789e-14
168.5,0.0,1.973279448241971e-05,3.515389694122007e-06,7.703981159794052e-05,1.0098997116042814,4.0000000000000043e-10,5.595524044110789e-14
168.75,0.0,1.9732110663267233e-05,3.5152798575925077e-06,7.601888999541342e-05,1.0099007333195396,4.0000000000000043e-10,5.595524044110789e-14
169.0,0.0,1.9731435083129468e-05,3.5151715114354087e-06,7.501181275774364e-05,1.0099017411807034,4.0000000000000043e-10,5.573319583618286e-14
169.25,0.0,1.9730767639321126e-05,3.5150646353183143e-06,7.401838733248634e-05,1.0099027353804486,4.0000000000000043e-10,5.573319583618286e-14
169.5,0.0,1.9730108230496863e-05,3.514959209188457e-06,7.303842392015672e-05,1.009903716108696,4.0000000000000043e-10,5.573319583618286e-14
169.75,0.0,1.972945675663274e-05,3.5148552132688034e-06,7.207173543368832e-05,1.0099046835526522,4.0000000000000043e-10,5.573319583618286e-14
170.0,0.0,1.972881311900796e-05,3.514752628054214e-06,7.111813745850777e-05,1.00990563789685,4.0000000000000043e-10,5.573319583618286e-14
170.25,0.0,1.9728177220186864e-05,3.5146514343076583e-06,7.01774482132107e-05,1.009906579323188,4.0000000000000043e-10,5.573319583618286e-14
170.5,0.0,1.972754896400121e-05,3.5145516130564843e-06,6.924948851082545e-05,1.0099075080109678,4.0000000000000043e-10,5.573319583618286e-14
170.75,0.0,1.972692825553271e-05,3.514453145588739e-06,6.833408172068705e-05,1.0099084241369338,4.0000000000000043e-10,5.573319583618286e-14
171.0,0.0,1.9726315001095802e-05,3.5143560134495434e-06,6.743105373087955e-05,1.0099093278753102,4.0000000000000043e-10,5.573319583618286e-14
171.25,0.0,1.9725709108220722e-05,3.5142601984375186e-06,6.654023291124043e-05,1.0099102193978378,4.0000000000000043e-10,5.573319583618286e-14
171.5,0.0,1.972511048563678e-05,3.514165682601261e-06,6.566145007693084e-05,1.0099110988738105,4.0000000000000043e-10,5.573319583618286e-14
171.75,0.0,1.972451904325591e-05,3.514072448235867e-06,6.479453845256055e-05,1.0099119664701115,4.0000000000000043e-10,5.551115123125783e-14
172.0,0.0,1.9723934692156428e-05,3.513980477879512e-06,6.393933363685663e-05,1.0099128223512488,4.0000000000000043e-10,5.573319583618286e-14
172.25,0.0,1.9723357344567095e-05,3.513889754310072e-06,6.309567356786153e-05,1.0099136666793889,4.0000000000000043e-10,5.573319583618286e-14
172.5,0.0,1.9722786913851336e-05,3.5138002605417934e-06,6.226339848864955e-05,1.0099144996143925,4.0000000000000043e-10,5.551115123125783e-14
172.75,0.0,1.972222331449174e-05,3.5137119798220157e-06,6.144235091358115e-05,1.0099153213138476,4.0000000000000043e-10,5.551115123125783e-14
173.0,0.0,1.9721666462074763e-05,3.5136248956279334e-06,6.063237559505814e-05,1.009916131933103,4.0000000000000043e-10,5.573319583618286e-14
173.25,0.0,1.9721116273275672e-05,3.5135389916634085e-06,5.983331949077459e-05,1.0099169316252998,4.0000000000000043e-10,5.551115123125783e-14
173.5,0.0,1.9720572665843695e-05,3.5134542518558256e-06,5.904503173146653e-05,1.0099177205414065,4.0000000000000043e-10,5.573319583618286e-14
173.75,0.0,1.9720035558587397e-05,3.5133706603529925e-06,5.826736358915083e-05,1.0099184988302476,4.0000000000000043e-10,5.573319583618286e-14
174.0,0.0,1.9719504871360256e-05,3.513288201520084e-06,5.750016844584313e-05,1.0099192666385368,4.0000000000000043e-10,5.551115123125783e-14
174.25,0.0,1.971898052504647e-05,3.51320685993663e-06,5.6743301762743234e-05,1.0099200241109079,4.0000000000000043e-10,5.551115123125783e-14
174.5,0.0,1.9718462441546943e-05,3.5131266203935432e-06,5.5996621049877185e-05,1.0099207713899438,4.0000000000000043e-10,5.573319583618286e-14
174.75,0.0,1.9717950543765485e-05,3.513047467890193e-06,5.5259985836213906e-05,1.0099215086162077,4.0000000000000043e-10,5.551115123125783e-14
175.0,0.0,1.9717444755595248e-05,3.5129693876315157e-06,5.453325764022339e-05,1.0099222359282722,4.0000000000000043e-10,5.573319583618286e-14
175.25,0.0,1.9716945001905286e-05,3.5128923650251713e-06,5.381629994087252e-05,1.0099229534627479,4.0000000000000043e-10,5.573319583618286e-14
175.5,0.0,1.9716451208527364e-05,3.512816385678733e-06,5.3108978149060535e-05,1.0099236613543123,4.0000000000000043e-10,5.551115123125783e-14
175.75,0.0,1.971596330224296e-05,3.512741435396924e-06,5.241115957948618e-05,1.0099243597357386,4.0000000000000043e-10,5.573319583618286e-14
176.0,0.0,1.9715481210770402e-05,3.5126675001788875e-06,5.172271342293753e-05,1.0099250487379219,4.0000000000000043e-10,5.573319583618286e-14
176.25,0.0,1.9715004862752267e-05,3.512594566215498e-06,5.1043510718994126e-05,1.0099257284899077,4.0000000000000043e-10,5.573319583618286e-14
176.5,0.0,1.971453418774288e-05,3.512522619886707e-06,5.0373424329132284e-05,1.009926399118919,4.0000000000000043e-10,5.573319583618286e-14
176.75,0.0,1.971406911619606e-05,3.512451647758932e-06,4.971232891024895e-05,1.0099270607503814,4.0000000000000043e-10,5.573319583618286e-14
177.0,0.0,1.9713609579453008e-05,3.5123816365824774e-06,4.906010088857528e-05,1.0099277135079512,4.0000000000000043e-10,5.573319583618286e-14
177.25,0.0,1.9713155509730367e-05,3.5123125732889915e-06,4.841661843397645e-05,1.0099283575135387,4.0000000000000043e-10,5.573319583618286e-14
177.5,0.0,1.9712706840108468e-05,3.5122444449889612e-06,4.778176143463957e-05,1.009928992887336,4.0000000000000043e-10,5.573319583618286e-14
177.75,0.0,1.971226350451975e-05,3.512177238969243e-06,4.71554114721425e-05,1.0099296197478402,4.0000000000000043e-10,5.595524044110789e-14
178.0,0.0,1.9711825437737308e-05,3.5121109432534507e-06,4.653705475448808e-05,1.0099302382089204,8.000000000000001e-10,5.595524044110789e-14
178.25,0.0,1.9711392575363657e-05,3.5120455459985726e-06,4.5927378934030546e-05,1.0099308483830005,8.000000000000001e-10,5.595524044110789e-14
178.5,0.0,1.9710964853819602e-05,3.5119810338824835e-06,4.532586462229149e-05,1.009931450389546,8.000000000000001e-10,5.595524044110789e-14
178.75,0.0,1.9710542210333323e-05,3.511917394874281e-06,4.473239993659122e-05,1.0099320443405142,8.000000000000001e-10,5.595524044110789e-14
179.0,0.0,1.9710124582929564e-05,3.511854617107568e-06,4.414687456836481e-05,1.0099326303462877,8.000000000000001e-10,5.617728504603292e-14
179.25,0.0,1.9709711910419013e-05,3.5117926888781853e-06,4.3569179760383895e-05,1.0099332085156962,8.000000000000001e-10,5.595524044110789e-14
179.5,0.0,1.970930413238781e-05,3.511731598641973e-06,4.2999208284318e-05,1.0099337789560405,8.000000000000001e-10,5.595524044110789e-14
179.75,0.0,1.9708901189187207e-05,3.511671335012563e-06,4.24368544186313e-05,1.0099343417731133,8.000000000000001e-10,5.617728504603292e-14
180.0,0.0,1.9708503021923406e-05,3.5116118867592046e-06,4.188201392680601e-05,1.0099348970712205,8.000000000000001e-10,5.617728504603292e-14
180.25,0.0,1.970810957244748e-05,3.5115532428046177e-06,4.133458403589228e-05,1.009935444953205,8.000000000000001e-10,5.617728504603292e-14
180.5,0.0,1.97077207833455e-05,3.5114953922228776e-06,4.079446341537862e-05,1.009935985520465,8.000000000000001e-10,5.595524044110789e-14
180.75,0.0,1.9707336597928752e-05,3.5114383242373302e-06,4.0261552156375844e-05,1.0099365188729774,8.000000000000001e-10,5.595524044110789e-14
181.0,0.0,1.9706956960224128e-05,3.5113820282185345e-06,3.973575175110637e-05,1.0099370451093166,8.000000000000001e-10,5.617728504603292e-14
181.25,0.0,1.9706581814964632e-05,3.5113264936822342e-06,3.921696507269827e-05,1.0099375643266748,8.000000000000001e-10,5.617728504603292e-14
181.5,0.0,1.9706211107580026e-05,3.511271710287358e-06,3.8705096355291804e-05,1.009938076620883,8.000000000000001e-10,5.617728504603292e-14
181.75,0.0,1.9705844784187606e-05,3.511217667834049e-06,3.8200051174426825e-05,1.0099385820864297,8.000000000000001e-10,5.617728504603292e-14
182.0,0.0,1.9705482791583108e-05,3.51116435626172e-06,3.770173642772637e-05,1.0099390808164805,8.000000000000001e-10,5.617728504603292e-14
182.25,0.0,1.9705125077231753e-05,3.5111117656471344e-06,3.7210060315867357e-05,1.0099395729028975,8.000000000000001e-10,5.639932965095795e-14
182.5,0.0,1.9704771589259387e-05,3.5110598862025193e-06,3.672493232383485e-05,1.0099400584362568,8.000000000000001e-10,5.617728504603292e-14
182.75,0.0,1.9704422276443792e-05,3.511008708273698e-06,3.6246263202452974e-05,1.009940537505869,8.000000000000001e-10,5.617728504603292e-14
183.0,0.0,1.9704077088206064e-05,3.5109582223382548e-06,3.577396495018604e-05,1.0099410101997954,8.000000000000001e-10,5.617728504603292e-14
183.25,0.0,1.9703735974602165e-05,3.510908419003719e-06,3.5307950795208976e-05,1.0099414766048673,8.000000000000001e-10,5.617728504603292e-14
183.5,0.0,1.970339888631455e-05,3.5108592890057824e-06,3.484813517775389e-05,1.009941936806703,8.000000000000001e-10,5.617728504603292e-14
183.75,0.0,1.970306577464394e-05,3.5108108232065315e-06,3.439443373270493e-05,1.0099423908897256,8.000000000000001e-10,5.617728504603292e-14
184.0,0.0,1.9702736591501195e-05,3.5107630125927143e-06,3.3946763272455144e-05,1.0099428389371796,8.000000000000001e-10,5.617728504603292e-14
184.25,0.0,1.9702411289399292e-05,3.510715848274024e-06,3.3505041770017063e-05,1.0099432810311484,8.000000000000001e-10,5.617728504603292e-14
184.5,0.0,1.9702089821445456e-05,3.51066932148141e-06,3.3069188342383964e-05,1.009943717252571,8.000000000000001e-10,5.639932965095795e-14
184.75,0.0,1.970177214133334e-05,3.510623423565412e-06,3.2639123234135885e-05,1.0099441476812572,8.000000000000001e-10,5.617728504603292e-14
185.0,0.0,1.970145820333536e-05,3.5105781459945155e-06,3.221476780128451e-05,1.0099445723959055,8.000000000000001e-10,5.617728504603292e-14
185.25,0.0,1.9701147962295126e-05,3.510533480353533e-06,3.179604449535626e-05,1.009944991474118,8.000000000000001e-10,5.617728504603292e-14
185.5,0.0,1.9700841373619953e-05,3.510489418342005e-06,3.138287684771952e-05,1.0099454049924164,8.000000000000001e-10,5.617728504603292e-14
185.75,0.0,1.9700538393273517e-05,3.5104459517726247e-06,3.0975189454131535e-05,1.0099458130262569,8.000000000000001e-10,5.617728504603292e-14
186.0,0.0,1.9700238977768582e-05,3.510403072569686e-06,3.057290795951711e-05,1.0099462156500463,8.000000000000001e-10,5.617728504603292e-14
186.25,0.0,1.969994308415983e-05,3.510360772767548e-06,3.017595904297158e-05,1.0099466129371562,8.000000000000001e-10,5.617728504603292e-14
186.5,0.0,1.9699650670036818e-05,3.5103190445091275e-06,2.9784270402985662e-05,1.0099470049599386,8.000000000000001e-10,5.617728504603292e-14
186.75,0.0,1.9699361693516984e-05,3.5102778800444064e-06,2.9397770742886858e-05,1.0099473917897397,8.000000000000001e-10,5.617728504603292e-14
187.0,0.0,1.9699076113238798e-05,3.5102372717289642e-06,2.9016389756492087e-05,1.0099477734969147,8.000000000000001e-10,5.617728504603292e-14
187.25,0.0,1.9698793888354975e-05,3.5101972120225285e-06,2.8640058113971223e-05,1.0099481501508418,8.000000000000001e-10,5.617728504603292e-14
187.5,0.0,1.9698514978525793e-05,3.5101576934875463e-06,2.826870744792644e-05,1.0099485218199362,8.000000000000001e-10,5.617728504603292e-14
187.75,0.0,1.969823934391251e-05,3.510118708787775e-06,2.7902270339666206e-05,1.0099488885716636,8.000000000000001e-10,5.617728504603292e-14
188.0,0.0,1.9697966945170856e-05,3.5100802506868935e-06,2.7540680305684176e-05,1.0099492504725545,8.000000000000001e-10,5.595524044110789e-14
188.25,0.0,1.9697697743444617e-05,3.5100423120471306e-06,2.7183871784336778e-05,1.0099496075882162,8.000000000000001e-10,5.595524044110789e-14
188.5,0.0,1.969743170035933e-05,3.5100048858279155e-06,2.6831780122716986e-05,1.0099499599833472,8.000000000000001e-10,5.617728504603292e-14
188.75,0.0,1.969716877801602e-05,3.5099679650845445e-06,2.648434156371988e-05,1.0099503077217493,8.000000000000001e-10,5.617728504603292e-14
189.0,0.0,1.969690893898507e-05,3.5099315429668673e-06,2.6141493233295162e-05,1.0099506508663407,8.000000000000001e-10,5.595524044110789e-14
189.25,0.0,1.9696652146300153e-05,3.50989561271799e-06,2.5803173127886383e-05,1.0099509894791692,8.000000000000001e-10,5.617728504603292e-14
189.5,0.0,1.969639836345223e-05,3.509860168021606e-06,2.546892139944905e-05,1.0099513236201252,1.2000000000000002e-09,5.617728504603292e-14
189.75,0.0,1.969614755438366e-05,3.509825203893573e-06,2.5139483666173204e-05,1.0099516533436317,1.2000000000000002e-09,5.617728504603292e-14
190.0,0.0,1.969589968348238e-05,3.509790711861635e-06,2.4814393065635253e-05,1.0099519787165951,1.2000000000000002e-09,5.617728504603292e-14
190.25,0.0,1.9695654715576157e-05,3.5097566855303703e-06,2.4493590958191678e-05,1.0099522997976969,1.2000000000000002e-09,5.617728504603292e-14
190.5,0.0,1.969541261592692e-05,3.5097231185913762e-06,2.4177019514519777e-05,1.009952616644807,1.2000000000000002e-09,5.617728504603292e-14
190.75,0.0,1.9695173350225173e-05,3.5096900048220783e-06,2.3864621704122425e-05,1.009952929314997,1.2000000000000002e-09,5.617728504603292e-14
191.0,0.0,1.9694936884584495e-05,3.509657338084557e-06,2.35563412840005e-05,1.0099532378645493,1.2000000000000002e-09,5.595524044110789e-14
191.25,0.0,1.969470318553608e-05,3.509625112324386e-06,2.3252122787491004e-05,1.0099535423489707,1.2000000000000002e-09,5.617728504603292e-14
191.5,0.0,1.9694472220023397e-05,3.5095933215694925e-06,2.295191151326711e-05,1.009953842823001,1.2000000000000002e-09,5.595524044110789e-14
191.75,0.0,1.9694243955396884e-05,3.509561959929027e-06,2.2655653514498507e-05,1.0099541393406262,1.2000000000000002e-09,5.617728504603292e-14
192.0,0.0,1.9694018359408728e-05,3.509531021592255e-06,2.236329558817093e-05,1.0099544319550868,1.2000000000000002e-09,5.617728504603292e-14
192.25,0.0,1.9693795400207734e-05,3.5095005008274594e-06,2.207478526456101e-05,1.0099547207188904,1.2000000000000002e-09,5.595524044110789e-14
192.5,0.0,1.9693575046334216e-05,3.50947039198086e-06,2.179007079686298e-05,1.0099550056838207,1.2000000000000002e-09,5.595524044110789e-14
192.75,0.0,1.9693357266715014e-05,3.509440689475546e-06,2.150910115096432e-05,1.0099552869009487,1.2000000000000002e-09,5.595524044110789e-14
193.0,0.0,1.9693142030658535e-05,3.5094113878104273e-06,2.1231825995376206e-05,1.0099555644206422,1.2000000000000002e-09,5.617728504603292e-14
193.25,0.0,1.9692929307849888e-05,3.509382481559197e-06,2.0958195691305996e-05,1.0099558382925753,1.2000000000000002e-09,5.617728504603292e-14
193.5,0.0,1.9692719068346052e-05,3.5093539653693068e-06,2.068816128287384e-05,1.0099561085657394,1.2000000000000002e-09,5.595524044110789e-14
193.75,0.0,1.9692511282571162e-05,3.5093258339609614e-06,2.0421674487472093e-05,1.009956375288452,1.2000000000000002e-09,5.595524044110789e-14
194.0,0.0,1.9692305921311792e-05,3.509298082126122e-06,2.0158687686265516e-05,1.0099566385083663,1.2000000000000002e-09,5.595524044110789e-14
194.25,0.0,1.9692102955712356e-05,3.5092707047275272e-06,1.989915391482918e-05,1.0099568982724807,1.2000000000000002e-09,5.595524044110789e-14
194.5,0.0,1.9691902357270554e-05,3.509243696697724e-06,1.9643026853920907e-05,1.009957154627148,1.2000000000000002e-09,5.595524044110789e-14
194.75,0.0,1.9691704097832862e-05,3.5092170530381145e-06,1.9390260820385864e-05,1.0099574076180846,1.2000000000000002e-09,5.595524044110789e-14
195.0,0.0,1.9691508149590092e-05,3.5091907688180167e-06,1.9140810758198177e-05,1.0099576572903792,1.2000000000000002e-09,5.595524044110789e-14
195.25,0.0,1.969131448507304e-05,3.509164839173735e-06,1.889463222962864e-05,1.009957903688502,1.2000000000000002e-09,5.595524044110789e-14
195.5,0.0,1.9691123077148135e-05,3.5091392593076443e-06,1.8651681406540105e-05,1.009958146856313,1.2000000000000002e-09,5.617728504603292e-14
195.75,0.0,1.9690933899013206e-05,3.50911402448729e-06,1.841191506180952e-05,1.0099583868370705,1.2000000000000002e-09,5.595524044110789e-14
196.0,0.0,1.969074692419326e-05,3.5090891300444965e-06,1.8175290560874773e-05,1.0099586236734408,1.2000000000000002e-09,5.595524044110789e-14
196.25,0.0,1.9690562126536348e-05,3.5090645713744893e-06,1.7941765853403634e-05,1.0099588574075047,1.2000000000000002e-09,5.617728504603292e-14
196.5,0.0,1.9690379480209452e-05,3.509040343935029e-06,1.7711299465082042e-05,1.0099590880807667,1.2000000000000002e-09,5.595524044110789e-14
196.75,0.0,1.969019895969447e-05,3.5090164432455606e-06,1.7483850489519544e-05,1.0099593157341635,1.2000000000000002e-09,5.617728504603292e-14
197.0,0.0,1.969002053978421e-05,3.5089928648863668e-06,1.725937858027625e-05,1.009959540408071,1.2000000000000002e-09,5.595524044110789e-14
197.25,0.0,1.9689844195578484e-05,3.50896960449774e-06,1.703784394300166e-05,1.0099597621423129,1.2000000000000002e-09,5.595524044110789e-14
197.5,0.0,1.96896699024802e-05,3.508946657779164e-06,1.6819207327686682e-05,1.009959980976168,1.2000000000000002e-09,5.595524044110789e-14
197.75,0.0,1.968949763619155e-05,3.508924020488506e-06,1.6603430021028064e-05,1.0099601969483782,1.2000000000000002e-09,5.595524044110789e-14
198.0,0.0,1.9689327372710237e-05,3.5089016884412162e-06,1.6390473838903448e-05,1.0099604100971558,1.2000000000000002e-09,5.595524044110789e-14
198.25,0.0,1.9689159088325735e-05,3.508879657509549e-06,1.6180301118954818e-05,1.009960620460191,1.2000000000000002e-09,5.595524044110789e-14
198.5,0.0,1.968899275961562e-05,3.5088579236217814e-06,1.5972874713277754e-05,1.0099608280746593,1.2000000000000002e-09,5.595524044110789e-14
198.75,0.0,1.9688828363441933e-05,3.508836482761453e-06,1.576815798121471e-05,1.0099610329772284,1.2000000000000002e-09,5.595524044110789e-14
199.0,0.0,1.968866587694761e-05,3.5088153309666112e-06,1.5566114782256026e-05,1.0099612352040657,1.2000000000000002e-09,5.595524044110789e-14
199.25,0.0,1.968850527755294e-05,3.508794464329066e-06,1.5366709469040237e-05,1.009961434790845,1.2000000000000002e-09,5.595524044110789e-14
199.5,0.0,1.9688346542952075e-05,3.508773878993659e-06,1.516990688045485e-05,1.0099616317727533,1.2000000000000002e-09,5.573319583618286e-14
199.75,0.0,1.96881896511096e-05,3.5087535711575397e-06,1.4975672334836825e-05,1.0099618261844987,1.2000000000000002e-09,5.595524044110789e-14
200.0,0.0,1.9688034580257124e-05,3.5087335370694524e-06,1.4783971623271285e-05,1.0099620180603153,1.2000000000000002e-09,5.595524044110789e-14
200.25,0.0,1.9687881308889934e-05,3.508713773029032e-06,1.4594771002986359e-05,1.009962207433971,1.2000000000000002e-09,5.595524044110789e-14
200.5,0.0,1.968772981576369e-05,3.5086942753861107e-06,1.4408037190842027e-05,1.0099623943387739,1.2000000000000002e-09,5.595524044110789e-14
200.75,0.0,1.968758007989116e-05,3.5086750405400344e-06,1.4223737356911192e-05,1.0099625788075783,1.2000000000000002e-09,5.573319583618286e-14
201.0,0.0,1.968743208053899e-05,3.5086560649389875e-06,1.4041839118156476e-05,1.0099627608727921,1.2000000000000002e-09,5.595524044110789e-14
201.25,0.0,1.9687285797224546e-05,3.5086373450793268e-06,1.3862310532195089e-05,1.0099629405663813,1.2000000000000002e-09,5.573319583618286e-14
201.5,0.0,1.9687141209712753e-05,3.508618877504925e-06,1.3685120091152943e-05,1.0099631179198774,1.2000000000000002e-09,5.573319583618286e-14
201.75,0.0,1.968699829801301e-05,3.508600658806525e-06,1.3510236715607258e-05,1.0099632929643834,1.2000000000000002e-09,5.595524044110789e-14
202.0,0.0,1.968685704237614e-05,3.508582685621099e-06,1.3337629748616367e-05,1.0099634657305792,1.2000000000000002e-09,5.595524044110789e-14
202.25,0.0,1.9686717423291358e-05,3.5085649546312203e-06,1.3167268949834926e-05,1.0099636362487279,1.2000000000000002e-09,5.573319583618286e-14
202.5,0.0,1.968657942148332e-05,3.5085474625644415e-06,1.2999124489712523e-05,1.0099638045486818,1.2000000000000002e-09,5.573319583618286e-14
202.75,0.0,1.9686443017909163e-05,3.508530206192682e-06,1.2833166943774282e-05,1.0099639706598877,1.2000000000000002e-09,5.573319583618286e-14
203.0,0.0,1.9686308193755605e-05,3.508513182331623e-06,1.2669367286986352e-05,1.0099641346113926,1.2000000000000002e-09,5.573319583618286e-14
203.25,0.0,1.968617493043611e-05,3.508496387840114e-06,1.2507696888199722e-05,1.0099642964318492,1.2000000000000002e-09,5.573319583618286e-14
203.5,0.0,1.9686043209588032e-05,3.508479819619582e-06,1.2348127504673235e-05,1.0099644561495218,1.2000000000000002e-09,5.573319583618286e-14
203.75,0.0,1.968591301306985e-05,3.5084634746134524e-06,1.219063127667523e-05,1.0099646137922913,1.2000000000000002e-09,5.573319583618286e-14
204.0,0.0,1.9685784322958403e-05,3.50844734980658e-06,1.203518072216262e-05,1.0099647693876608,1.2000000000000002e-09,5.573319583618286e-14
204.25,0.0,1.968565712154619e-05,3.5084314422246815e-06,1.188174873153584e-05,1.0099649229627603,1.2000000000000002e-09,5.573319583618286e-14
204.5,0.0,1.9685531391338672e-05,3.5084157489337802e-06,1.1730308562467882e-05,1.009965074544353,1.2000000000000002e-09,5.573319583618286e-14
204.75,0.0,1.968540711505164e-05,3.5084002670396585e-06,1.1580833834806175e-05,1.0099652241588388,1.2000000000000002e-09,5.573319583618286e-14
205.0,0.0,1.9685284275608603e-05,3.5083849936873162e-06,1.1433298525549906e-05,1.0099653718322608,1.2000000000000002e-09,5.573319583618286e-14
205.25,0.0,1.9685162856138204e-05,3.508369926060437e-06,1.1287676963896851e-05,1.0099655175903095,1.2000000000000002e-09,5.573319583618286e-14
205.5,0.0,1.9685042839971678e-05,3.508355061380861e-06,1.114394382636067e-05,1.009965661458328,1.2000000000000002e-09,5.573319583618286e-14
205.75,0.0,1.968492421064035e-05,3.5083403969080667e-06,1.1002074131958014e-05,1.0099658034613161,1.2000000000000002e-09,5.573319583618286e-14
206.0,0.0,1.9684806951873144e-05,3.5083259299386585e-06,1.0862043237464468e-05,1.0099659436239365,1.2000000000000002e-09,5.595524044110789e-14
206.25,0.0,1.968469104759415e-05,3.508311657805862e-06,1.0723826832737892e-05,1.0099660819705176,1.2000000000000002e-09,5.595524044110789e-14
206.5,0.0,1.9684576481920197e-05,3.5082975778790253e-06,1.0587400936107628e-05,1.0099662185250597,1.2000000000000002e-09,5.573319583618286e-14
206.75,0.0,1.9684463239158475e-05,3.508283687563128e-06,1.0452741889828461e-05,1.0099663533112393,1.2000000000000002e-09,5.595524044110789e-14
207.0,0.0,1.9684351303804186e-05,3.5082699842982965e-06,1.031982635560157e-05,1.009966486352412,1.2000000000000002e-09,5.573319583618286e-14
207.25,0.0,1.9684240660538213e-05,3.5082564655593254e-06,1.0188631310157345e-05,1.0099666176716195,1.2000000000000002e-09,5.595524044110789e-14
207.5,0.0,1.9684131294224834e-05,3.5082431288552075e-06,1.0059134040900774e-05,1.0099667472915919,1.2000000000000002e-09,5.595524044110789e-14
207.75,0.0,1.968402318990946e-05,3.508229971728668e-06,9.93131214161895e-06,1.0099668752347524,1.2000000000000002e-09,5.573319583618286e-14
208.0,0.0,1.9683916332816392e-05,3.5082169917557038e-06,9.805143508249706e-06,1.009967001523223,1.2000000000000002e-09,5.595524044110789e-14
208.25,0.0,1.9683810708346623e-05,3.508204186545136e-06,9.6806063347102e-06,1.0099671261788261,1.2000000000000002e-09,5.573319583618286e-14
208.5,0.0,1.9683706302075665e-05,3.5081915537381586e-06,9.557679108784112e-06,1.0099672492230911,1.2000000000000002e-09,5.573319583618286e-14
208.75,0.0,1.968360309975139e-05,3.5081790910079018e-06,9.43634060806632e-06,1.009967370677257,1.2000000000000002e-09,5.595524044110789e-14
209.0,0.0,1.9683501087291914e-05,3.508166796058996e-06,9.31656989596721e-06,1.0099674905622764,1.2000000000000002e-09,5.573319583618286e-14
209.25,0.0,1.96834002507835e-05,3.5081546666271447e-06,9.198346317771978e-06,1.0099676088988205,1.2000000000000002e-09,5.573319583618286e-14
209.5,0.0,1.9683300576478496e-05,3.5081427004787013e-06,9.081649496755588e-06,1.009967725707282,1.2000000000000002e-09,5.595524044110789e-14
209.75,0.0,1.968320205079329e-05,3.5081308954102548e-06,8.966459330352933e-06,1.0099678410077793,1.2000000000000002e-09,5.595524044110789e-14
210.0,0.0,1.9683104660306288e-05,3.5081192492482156e-06,8.852755986383423e-06,1.0099679548201599,1.2000000000000002e-09,5.595524044110789e-14
210.25,0.0,1.9683008391755946e-05,3.5081077598484126e-06,8.74051989932885e-06,1.0099680671640048,1.2000000000000002e-09,5.573319583618286e-14
210.5,0.0,1.9682913232038777e-05,3.5080964250956927e-06,8.629731766663383e-06,1.0099681780586318,1.2000000000000002e-09,5.573319583618286e-14
210.75,0.0,1.968281916820744e-05,3.5080852429035275e-06,8.520372545234728e-06,1.0099682875230993,1.2000000000000002e-09,5.573319583618286e-14
211.0,0.0,1.968272618746881e-05,3.508074211213623e-06,8.412423447698311e-06,1.0099683955762093,1.2000000000000002e-09,5.573319583618286e-14
211.25,0.0,1.9682634277182086e-05,3.508063327995537e-06,8.305865939000358e-06,1.0099685022365115,1.2000000000000002e-09,5.573319583618286e-14
211.5,0.0,1.9682543424856938e-05,3.5080525912463007e-06,8.200681732910542e-06,1.0099686075223067,1.2000000000000002e-09,5.573319583618286e-14
211.75,0.0,1.968245361815166e-05,3.5080419989900454e-06,8.096852788603707e-06,1.00996871145165,1.2000000000000002e-09,5.595524044110789e-14
212.0,0.0,1.968236484487134e-05,3.5080315492776342e-06,7.994361307290017e-06,1.0099688140423544,1.2000000000000002e-09,5.595524044110789e-14
212.25,0.0,1.968227709296609e-05,3.5080212401863008e-06,7.893189728892538e-06,1.0099689153119937,1.2000000000000002e-09,5.595524044110789e-14
212.5,0.0,1.968219035052925e-05,3.5080110698192875e-06,7.793320728771161e-06,1.0099690152779066,1.2000000000000002e-09,5.573319583618286e-14
212.75,0.0,1.968210460579564e-05,3.5080010363054965e-06,7.69473721449211e-06,1.0099691139571991,1.2000000000000002e-09,5.573319583618286e-14
213.0,0.0,1.968201984713985e-05,3.5079911382201726e-06,7.597023901840806e-06,1.0099692113651686,1.599999999999999e-09,5.573319583618286e-14
213.25,0.0,1.9681936066183713e-05,3.5079813755179547e-06,7.5005732162197755e-06,1.0099693075093978,1.999999999999999e-09,5.573319583618286e-14
213.5,0.0,1.968185325102262e-05,3.507971744650239e-06,7.405761742112763e-06,1.009969402413318,1.999999999999999e-09,5.551115123125783e-14
213.75,0.0,1.9681771387764398e-05,3.5079622433402392e-06,7.312169322231055e-06,1.0099694960971024,1.999999999999999e-09,5.573319583618286e-14
214.0,0.0,1.968169046532838e-05,3.507952871190304e-06,7.219386706384197e-06,1.0099695885700126,2.4e-09,5.551115123125783e-14
214.25,0.0,1.9681610472765282e-05,3.507943625252729e-06,7.128192035144909e-06,1.0099696798539224,2.4e-09,5.551115123125783e-14
214.5,0.0,1.968153139925562e-05,3.5079345036756835e-06,7.03816900372726e-06,1.0099697699651489,2.4e-09,5.551115123125783e-14
214.75,0.0,1.968145323410811e-05,3.507925504782837e-06,6.949302275077335e-06,1.0099698589190416,2.4e-09,5.551115123125783e-14
215.0,0.0,1.9681375966758116e-05,3.5079166269205125e-06,6.8615767170752485e-06,1.0099699467307448,2.4e-09,5.551115123125783e-14
215.25,0.0,1.968129958676612e-05,3.5079078684573835e-06,6.774977399734614e-06,1.0099700334152006,2.4e-09,5.551115123125783e-14
215.5,0.0,1.9681224083816193e-05,3.507899227784169e-06,6.689489592441252e-06,1.0099701189871515,2.4e-09,5.551115123125783e-14
215.75,0.0,1.968114944771449e-05,3.507890703313334e-06,6.605098761230625e-06,1.0099702034611433,2.4e-09,5.551115123125783e-14
216.0,0.0,1.9681075668387778e-05,3.507882293478797e-06,6.521790566103147e-06,1.0099702868515277,2.4e-09,5.551115123125783e-14
216.25,0.0,1.9681002735881962e-05,3.507873996735637e-06,6.439550858377174e-06,1.0099703691724646,2.4e-09,5.551115123125783e-14
216.5,0.0,1.9680930640360647e-05,3.507865811559807e-06,6.358365678079217e-06,1.0099704504379257,2.4e-09,5.573319583618286e-14
216.75,0.0,1.968085937210371e-05,3.5078577364478516e-06,6.2782212513705324e-06,1.0099705306616957,2.4e-09,5.551115123125783e-14
217.0,0.0,1.9680788921505887e-05,3.507849769916628e-06,6.199103988009296e-06,1.0099706098573762,2.4e-09,5.551115123125783e-14
217.25,0.0,1.9680719279075386e-05,3.5078419105030303e-06,6.121000478848063e-06,1.0099706880383872,2.4e-09,5.551115123125783e-14
217.5,0.0,1.968065043543251e-05,3.5078341567637174e-06,6.043897493367522e-06,1.0099707652179701,2.4e-09,5.573319583618286e-14
217.75,0.0,1.9680582381308297e-05,3.5078265072748468e-06,5.967781977243243e-06,1.00997084140919,2.4e-09,5.573319583618286e-14
218.0,0.0,1.968051510754319e-05,3.5078189606318085e-06,5.892641049946808e-06,1.0099709166249375,2.4e-09,5.573319583618286e-14
218.25,0.0,1.9680448605085708e-05,3.507811515448966e-06,5.818462002380456e-06,1.0099709908779329,2.4e-09,5.573319583618286e-14
218.5,0.0,1.9680382864991136e-05,3.507804170359397e-06,5.745232294544864e-06,1.009971064180726,2.4e-09,5.595524044110789e-14
218.75,0.0,1.968031787842024e-05,3.5077969240146435e-06,5.672939553239344e-06,1.0099711365457003,2.4e-09,5.595524044110789e-14
219.0,0.0,1.9680253636637986e-05,3.5077897750844568e-06,5.601571569793749e-06,1.0099712079850742,2.4e-09,5.573319583618286e-14
219.25,0.0,1.96801901310123e-05,3.507782722256555e-06,5.531116297831818e-06,1.0099712785109047,2.4e-09,5.573319583618286e-14
219.5,0.0,1.9680127353012804e-05,3.5077757642363784e-06,5.46156185106686e-06,1.0099713481350876,2.4e-09,5.595524044110789e-14
219.75,0.0,1.9680065294209595e-05,3.507768899746848e-06,5.392896501126843e-06,1.0099714168693608,2.4e-09,5.573319583618286e-14
220.0,0.0,1.968000394627204e-05,3.5077621275281298e-06,5.3251086754101345e-06,1.0099714847253065,2.4e-09,5.573319583618286e-14
220.25,0.0,1.9679943300967576e-05,3.5077554463374017e-06,5.258186954971093e-06,1.0099715517143535,2.4e-09,5.573319583618286e-14
220.5,0.0,1.9679883350160528e-05,3.507748854948622e-06,5.1921200724352e-06,1.0099716178477782,2.4e-09,5.573319583618286e-14
220.75,0.0,1.9679824085810943e-05,3.5077423521523044e-06,5.126896909943104e-06,1.0099716831367078,2.4e-09,5.573319583618286e-14
221.0,0.0,1.967976549997343e-05,3.5077359367552893e-06,5.06250649712289e-06,1.009971747592122,2.4e-09,5.573319583618286e-14
221.25,0.0,1.9679707584796032e-05,3.507729607580528e-06,4.998938009090414e-06,1.0099718112248544,2.4e-09,5.573319583618286e-14
221.5,0.0,1.9679650332519108e-05,3.50772336346686e-06,4.936180764478437e-06,1.0099718740455954,2.4e-09,5.573319583618286e-14
221.75,0.0,1.9679593735474196e-05,3.5077172032688027e-06,4.874224223491994e-06,1.0099719360648935,2.4e-09,5.573319583618286e-14
222.0,0.0,1.9679537786082945e-05,3.5077111258563333e-06,4.813057985991061e-06,1.009971997293158,2.4e-09,5.595524044110789e-14
222.25,0.0,1.9679482476856023e-05,3.507705130114684e-06,4.75267178959988e-06,1.0099720577406592,2.4e-09,5.573319583618286e-14
222.5,0.0,1.9679427800392037e-05,3.507699214944135e-06,4.6930555078425814e-06,1.0099721174175327,2.4e-09,5.573319583618286e-14
222.75,0.0,1.96793737493765e-05,3.507693379259808e-06,4.634199148304601e-06,1.009972176333779,2.4e-09,5.595524044110789e-14
223.0,0.0,1.9679320316580757e-05,3.5076876219914675e-06,4.576092850819274e-06,1.0099722344992665,2.4e-09,5.595524044110789e-14
223.25,0.0,1.9679267494860988e-05,3.5076819420833237e-06,4.518726885679446e-06,1.0099722919237333,2.4e-09,5.595524044110789e-14
223.5,0.0,1.9679215277157167e-05,3.5076763384938336e-06,4.462091651874771e-06,1.0099723486167884,2.4e-09,5.595524044110789e-14
223.75,0.0,1.967916365649207e-05,3.507670810195511e-06,4.406177675352389e-06,1.009972404587914,2.4e-09,5.595524044110789e-14
224.0,0.0,1.9679112625970276e-05,3.507665356174735e-06,4.350975607301989e-06,1.0099724598464666,2.4e-09,5.595524044110789e-14
224.25,0.0,1.967906217877719e-05,3.507659975431563e-06,4.2964762224646e-06,1.0099725144016793,2.4e-09,5.595524044110789e-14
224.5,0.0,1.9679012308178073e-05,3.5076546669795445e-06,4.242670417464878e-06,1.0099725682626632,2.4e-09,5.573319583618286e-14
224.75,0.0,1.9678963007517087e-05,3.5076494298455406e-06,4.189549209166366e-06,1.0099726214384095,2.4e-09,5.595524044110789e-14
225.0,0.0,1.967891427021636e-05,3.5076442630695412e-06,4.137103733049255e-06,1.0099726739377897,2.4e-09,5.595524044110789e-14
225.25,0.0,1.967886608977503e-05,3.507639165704489e-06,4.085325241610415e-06,1.0099727257695588,2.4e-09,5.573319583618286e-14
225.5,0.0,1.967881845976835e-05,3.507634136816105e-06,4.034205102786372e-06,1.0099727769423565,2.4e-09,5.595524044110789e-14
225.75,0.0,1.9678771373846766e-05,3.5076291754827132e-06,3.9837347983971355e-06,1.0099728274647082,2.4e-09,5.595524044110789e-14
226.0,0.0,1.967872482573502e-05,3.5076242807950722e-06,3.933905922611777e-06,1.0099728773450267,2.4e-09,5.573319583618286e-14
226.25,0.0,1.9678678809231258e-05,3.507619451856206e-06,3.884710180435185e-06,1.0099729265916144,2.4e-09,5.595524044110789e-14
226.5,0.0,1.9678633318206157e-05,3.507614687781239e-06,3.836139386215782e-06,1.0099729752126638,2.4e-09,5.595524044110789e-14
226.75,0.0,1.967858834660207e-05,3.5076099876972305e-06,3.7881854621737417e-06,1.0099730232162596,2.4e-09,5.595524044110789e-14
227.0,0.0,1.967854388843215e-05,3.5076053507430154e-06,3.7408404369492745e-06,1.0099730706103798,2.4e-09,5.595524044110789e-14
227.25,0.0,1.9678499937779523e-05,3.5076007760690437e-06,3.6940964441708107e-06,1.009973117402898,2.4e-09,5.617728504603292e-14
227.5,0.0,1.9678456488796443e-05,3.5075962628372233e-06,3.6479457210436285e-06,1.0099731636015834,2.4e-09,5.595524044110789e-14
227.75,0.0,1.9678413535703474e-05,3.507591810220766e-06,3.602380606957121e-06,1.0099732092141032,2.4e-09,5.595524044110789e-14
228.0,0.0,1.9678371072788674e-05,3.5075874174040335e-06,3.5573935421114514e-06,1.0099732542480238,2.4e-09,5.595524044110789e-14
228.25,0.0,1.9678329094406796e-05,3.5075830835823875e-06,3.5129770661631276e-06,1.0099732987108119,2.4e-09,5.595524044110789e-14
228.5,0.0,1.967828759497848e-05,3.5075788079620405e-06,3.469123816889268e-06,1.009973342609836,2.4e-09,5.595524044110789e-14
228.75,0.0,1.967824656898948e-05,3.507574589759909e-06,3.4258265288701874e-06,1.0099733859523683,2.4e-09,5.595524044110789e-14
229.0,0.0,1.9678206010989897e-05,3.5075704282034696e-06,3.3830780321898783e-06,1.0099734287455846,2.4e-09,5.595524044110789e-14
229.25,0.0,1.9678165915593388e-05,3.507566322530615e-06,3.3408712511542672e-06,1.0099734709965666,2.4e-09,5.595524044110789e-14
229.5,0.0,1.967812627747644e-05,3.5075622719895138e-06,3.2991992030277165e-06,1.0099735127123035,2.4e-09,5.595524044110789e-14
229.75,0.0,1.9678087091377604e-05,3.5075582758384716e-06,3.258054996786163e-06,1.009973553899692,2.4e-09,5.595524044110789e-14
230.0,0.0,1.9678048352096754e-05,3.507554333345794e-06,3.217431831887578e-06,1.0099735945655386,2.4e-09,5.595524044110789e-14
230.25,0.0,1.967801005449438e-05,3.5075504437896516e-06,3.177322997059308e-06,1.0099736347165607,2.4e-09,5.595524044110789e-14
230.5,0.0,1.9677972193490854e-05,3.5075466064579456e-06,3.1377218691021107e-06,1.009973674359387,2.4e-09,5.595524044110789e-14
230.75,0.0,1.9677934764065707e-05,3.507542820648178e-06,3.098621911710545e-06,1.0099737135005595,2.4e-09,5.595524044110789e-14
231.0,0.0,1.9677897761256955e-05,3.50753908566732e-06,3.0600166743093462e-06,1.0099737521465348,2.4e-09,5.595524044110789e-14
231.25,0.0,1.9677861180160384e-05,3.507535400831686e-06,3.021899790905672e-06,1.009973790303684,2.4e-09,5.595524044110789e-14
231.5,0.0,1.967782501592887e-05,3.5075317654668047e-06,2.984264978957639e-06,1.0099738279782957,2.4e-09,5.595524044110789e-14
231.75,0.0,1.9677789263771704e-05,3.507528178907297e-06,2.94710603825772e-06,1.009973865176575,2.4e-09,5.595524044110789e-14
232.0,0.0,1.967775391895393e-05,3.507524640496753e-06,2.9104168498316124e-06,1.0099739019046468,2.4e-09,5.595524044110789e-14
232.25,0.0,1.9677718976795663e-05,3.507521149587608e-06,2.874191374852183e-06,1.0099739381685546,2.4e-09,5.573319583618286e-14
232.5,0.0,1.9677684432671466e-05,3.5075177061125266e-06,2.838026425464117e-06,1.0099739739714917,2.799999999999999e-09,5.595524044110789e-14
232.75,0.0,1.9677650282009675e-05,3.5075143096383596e-06,2.8027170758167173e-06,1.0099740093183884,2.799999999999999e-09,5.595524044110789e-14
233.0,0.0,1.9677616520291794e-05,3.5075109587528683e-06,2.7678536870274473e-06,1.0099740442188898,2.799999999999999e-09,5.595524044110789e-14
233.25,0.0,1.967758314305183e-05,3.5075076528430575e-06,2.7330331471596716e-06,1.0099740786761129,3.199999999999999e-09,5.595524044110789e-14
233.5,0.0,1.967755014587571e-05,3.5075043913041922e-06,2.699051954001363e-06,1.0099741126935646,3.199999999999999e-09,5.595524044110789e-14
233.75,0.0,1.967751752440063e-05,3.5075011735396847e-06,2.6654996271631595e-06,1.0099741462817309,3.199999999999999e-09,5.595524044110789e-14
234.0,0.0,1.9677485274314484e-05,3.5074979989609856e-06,2.6323706638614723e-06,1.0099741794461188,3.199999999999999e-09,5.595524044110789e-14
234.25,0.0,1.9677453391355236e-05,3.507494866987475e-06,2.599659633214351e-06,1.0099742121921642,3.199999999999999e-09,5.573319583618286e-14
234.5,0.0,1.9677421871310344e-05,3.5074917770463556e-06,2.5673611752831115e-06,1.0099742445252322,3.199999999999999e-09,5.595524044110789e-14
234.75,0.0,1.967739071001617e-05,3.5074887285725456e-06,2.535470000127001e-06,1.0099742764506172,3.199999999999999e-09,5.595524044110789e-14
235.0,0.0,1.9677359903357406e-05,3.5074857210085775e-06,2.5039808868707422e-06,1.0099743079735446,3.199999999999999e-09,5.595524044110789e-14
235.25,0.0,1.9677329447266496e-05,3.507482753804492e-06,2.472888682784804e-06,1.009974339099172,3.199999999999999e-09,5.595524044110789e-14
235.5,0.0,1.9677299337723088e-05,3.507479826417738e-06,2.4421883023781085e-06,1.0099743698325894,3.199999999999999e-09,5.595524044110789e-14
235.75,0.0,1.967726957075345e-05,3.5074769383130743e-06,2.4118747265031195e-06,1.0099744001788202,3.199999999999999e-09,5.573319583618286e-14
236.0,0.0,1.9677240142429957e-05,3.5074740889624673e-06,2.3819430014731713e-06,1.0099744301428228,3.199999999999999e-09,5.573319583618286e-14
236.25,0.0,1.967721104887051e-05,3.5074712778449964e-06,2.3523882381917666e-06,1.0099744597294908,3.199999999999999e-09,5.573319583618286e-14
236.5,0.0,1.9677182286238023e-05,3.5074685044467573e-06,2.323205611293611e-06,1.0099744889436537,3.199999999999999e-09,5.573319583618286e-14
236.75,0.0,1.967715385073989e-05,3.5074657682607674e-06,2.2943903582972285e-06,1.0099745177900785,3.199999999999999e-09,5.595524044110789e-14
237.0,0.0,1.9677125738627448e-05,3.507463068786871e-06,2.26593777876952e-06,1.0099745462734695,3.199999999999999e-09,5.573319583618286e-14
237.25,0.0,1.9677097946195474e-05,3.5074604055316497e-06,2.2378432335012555e-06,1.0099745743984705,3.199999999999999e-09,5.573319583618286e-14
237.5,0.0,1.967707046978167e-05,3.5074577780083283e-06,2.2097041886683866e-06,1.0099746021676193,3.599999999999999e-09,5.573319583618286e-14
237.75,0.0,1.9677043305766147e-05,3.5074551857366885e-06,2.1823204526885975e-06,1.0099746295811114,3.599999999999999e-09,5.573319583618286e-14
238.0,0.0,1.967701645057094e-05,3.5074526282429777e-06,2.155281014558404e-06,1.0099746566499623,3.599999999999999e-09,5.573319583618286e-14
238.25,0.0,1.967698990065951e-05,3.5074501050598226e-06,2.1285814757077893e-06,1.0099746833785743,3.599999999999999e-09,5.573319583618286e-14
238.5,0.0,1.967696365253625e-05,3.5074476157261445e-06,2.10221749475381e-06,1.0099747097712928,3.599999999999999e-09,5.595524044110789e-14
238.75,0.0,1.9676937702746013e-05,3.507445159787071e-06,2.076184786742749e-06,1.0099747358324065,3.599999999999999e-09,5.573319583618286e-14
239.0,0.0,1.967691204787364e-05,3.5074427367938567e-06,2.0504791224025198e-06,1.0099747615661487,3.599999999999999e-09,5.595524044110789e-14
239.25,0.0,1.967688668454347e-05,3.507440346303796e-06,2.0250963274051738e-06,1.0099747869766975,3.599999999999999e-09,5.573319583618286e-14
239.5,0.0,1.9676861609418892e-05,3.5074379878801447e-06,2.0000322816394095e-06,1.0099748120681769,3.599999999999999e-09,5.595524044110789e-14
239.75,0.0,1.9676836819201887e-05,3.5074356610920388e-06,1.975282918492875e-06,1.0099748368446568,3.599999999999999e-09,5.573319583618286e-14
240.0,0.0,1.9676812310632573e-05,3.5074333655144144e-06,1.9508442241441637e-06,1.0099748613101553,3.599999999999999e-09,5.573319583618286e-14
240.25,0.0,1.9676788080488745e-05,3.50743110072793e-06,1.926712236864436e-06,1.0099748854686377,3.599999999999999e-09,5.573319583618286e-14
240.5,0.0,1.9676764125585454e-05,3.5074288663188897e-06,1.9028830463284715e-06,1.0099749093240176,3.599999999999999e-09,5.595524044110789e-14
240.75,0.0,1.967674044277455e-05,3.5074266618791657e-06,1.8793527929349594e-06,1.0099749328801582,3.599999999999999e-09,5.573319583618286e-14
241.0,0.0,1.9676717028944265e-05,3.507424487006125e-06,1.8561176671358579e-06,1.0099749561408726,3.599999999999999e-09,5.573319583618286e-14
241.25,0.0,1.9676693881018774e-05,3.507422341302554e-06,1.8331739087750844e-06,1.0099749791099246,3.599999999999999e-09,5.573319583618286e-14
241.5,0.0,1.9676670995957788e-05,3.507420224376585e-06,1.8105178064359648e-06,1.009975001791029,3.599999999999999e-09,5.573319583618286e-14
241.75,0.0,1.967664837075612e-05,3.507418135841626e-06,1.7881456967974348e-06,1.0099750241878525,3.599999999999999e-09,5.595524044110789e-14
242.0,0.0,1.9676626002443295e-05,3.507416075316287e-06,1.7660539639989672e-06,1.009975046304014,3.599999999999999e-09,5.595524044110789e-14
242.25,0.0,1.9676603888083117e-05,3.507414042424312e-06,1.744239039014097e-06,1.0099750681430864,3.599999999999999e-09,5.595524044110789e-14
242.5,0.0,1.967658202483009e-05,3.5074120367945086e-06,1.722297447170094e-06,1.0099750897085469,3.999999999999998e-09,5.573319583618286e-14
242.75,0.0,1.9676560418990893e-05,3.5074100580606797e-06,1.701033487565041e-06,1.0099751109960913,3.999999999999998e-09,5.595524044110789e-14
243.0,0.0,1.967653905831468e-05,3.5074081058615576e-06,1.6800357485970971e-06,1.009975132017143,3.999999999999998e-09,5.595524044110789e-14
243.25,0.0,1.967651794000207e-05,3.507406179840735e-06,1.6593008455282717e-06,1.0099751527750904,3.999999999999998e-09,5.595524044110789e-14
243.5,0.0,1.9676497061285936e-05,3.5074042796466013e-06,1.6388254373863463e-06,1.0099751732732776,3.999999999999998e-09,5.595524044110789e-14
243.75,0.0,1.967647641943104e-05,3.5074024049322766e-06,1.618606226388485e-06,1.009975193515005,3.999999999999998e-09,5.573319583618286e-14
244.0,0.0,1.9676456011733656e-05,3.50740055535555e-06,1.5986399573725819e-06,1.0099752135035314,3.999999999999998e-09,5.595524044110789e-14
244.25,0.0,1.96764358355212e-05,3.5073987305788144e-06,1.5789234172362328e-06,1.0099752332420724,3.999999999999998e-09,5.573319583618286e-14
244.5,0.0,1.9676415888151875e-05,3.5073969302690055e-06,1.5594534343832656e-06,1.009975252733803,3.999999999999998e-09,5.595524044110789e-14
244.75,0.0,1.9676396167014297e-05,3.5073951540975406e-06,1.5402268781776895e-06,1.0099752719818567,3.999999999999998e-09,5.595524044110789e-14
245.0,0.0,1.9676376669527155e-05,3.5073934017402574e-06,1.5212406584049388e-06,1.0099752909893263,3.999999999999998e-09,5.595524044110789e-14
245.25,0.0,1.9676357393138853e-05,3.5073916728773554e-06,1.5024917247403854e-06,1.0099753097592652,3.999999999999998e-09,5.595524044110789e-14
245.5,0.0,1.9676338335327158e-05,3.5073899671933363e-06,1.4839770662250028e-06,1.009975328294687,3.999999999999998e-09,5.595524044110789e-14
245.75,0.0,1.9676319493598874e-05,3.507388284376947e-06,1.465693710748029e-06,1.0099753465985672,3.999999999999998e-09,5.617728504603292e-14
246.0,0.0,1.9676300865489483e-05,3.507386624121121e-06,1.4476387245364844e-06,1.0099753646738419,3.999999999999998e-09,5.617728504603292e-14
246.25,0.0,1.9676282448562835e-05,3.5073849861229223e-06,1.4298092116515972e-06,1.0099753825234097,3.999999999999998e-09,5.617728504603292e-14
246.5,0.0,1.9676264240410788e-05,3.507383370083491e-06,1.4118033190303052e-06,1.0099754001491263,4.399999999999998e-09,5.573319583618286e-14
246.75,0.0,1.9676246238652907e-05,3.5073817757079867e-06,1.3944247757351589e-06,1.0099754175472657,4.399999999999998e-09,5.573319583618286e-14
247.0,0.0,1.967622844093613e-05,3.5073802027055353e-06,1.377263056294107e-06,1.0099754347283558,4.399999999999998e-09,5.573319583618286e-14
247.25,0.0,1.9676210844934447e-05,3.5073786507891754e-06,1.3603154151458267e-06,1.009975451695145,4.399999999999998e-09,5.573319583618286e-14
247.5,0.0,1.9676193448348594e-05,3.5073771196758054e-06,1.343579142060157e-06,1.0099754684503457,4.399999999999998e-09,5.573319583618286e-14
247.75,0.0,1.9676176248905738e-05,3.5073756090861306e-06,1.3270515616754653e-06,1.009975484996636,4.399999999999998e-09,5.551115123125783e-14
248.0,0.0,1.967615924435916e-05,3.507374118744614e-06,1.3107300330421765e-06,1.0099755013366596,4.399999999999998e-09,5.573319583618286e-14
248.25,0.0,1.9676142432487967e-05,3.507372648379424e-06,1.2946119491723868e-06,1.0099755174730258,4.399999999999998e-09,5.573319583618286e-14
248.5,0.0,1.9676125811096776e-05,3.507371197722384e-06,1.2786947365954977e-06,1.0099755334083105,4.399999999999998e-09,5.573319583618286e-14
248.75,0.0,1.967610937801544e-05,3.5073697665089257e-06,1.2629758549197678e-06,1.0099755491450564,4.399999999999998e-09,5.573319583618286e-14
249.0,0.0,1.967609313109872e-05,3.5073683544780377e-06,1.2474527963996797e-06,1.0099755646857738,4.399999999999998e-09,5.573319583618286e-14
249.25,0.0,1.9676077068226027e-05,3.507366961372218e-06,1.2321230855091062e-06,1.0099755800329406,4.399999999999998e-09,5.573319583618286e-14
249.5,0.0,1.9676061187301126e-05,3.5073655869374295e-06,1.2169842785201749e-06,1.009975595189003,4.399999999999998e-09,5.573319583618286e-14
249.75,0.0,1.9676045486251843e-05,3.5073642309230488e-06,1.202033963087722e-06,1.0099756101563755,4.399999999999998e-09,5.573319583618286e-14
250.0,0.0,1.96760299630298e-05,3.5073628930818243e-06,1.1872697578392156e-06,1.0099756249374419,4.399999999999998e-09,5.573319583618286e-14
250.25,0.0,1.9676014619413227e-05,3.5073615731698283e-06,1.1722918397063428e-06,1.0099756395320236,4.799999999999998e-09,5.595524044110789e-14
250.5,0.0,1.9675999458204827e-05,3.507360270946413e-06,1.1579010812536124e-06,1.0099756539392455,4.799999999999998e-09,5.573319583618286e-14
250.75,0.0,1.9675984469840216e-05,3.5073589862475057e-06,1.1432912036643962e-06,1.0099756681653962,5.199999999999999e-09,5.595524044110789e-14
251.0,0.0,1.9675969654261484e-05,3.5073577189473934e-06,1.1292627662323949e-06,1.0099756822099164,5.199999999999999e-09,5.573319583618286e-14
251.25,0.0,1.9675955006294274e-05,3.5073564686289115e-06,1.1154087083173868e-06,1.0099756960798727,5.199999999999999e-09,5.595524044110789e-14
251.5,0.0,1.967594052403361e-05,3.5073552350641666e-06,1.1017268313146588e-06,1.0099757097774655,5.199999999999999e-09,5.595524044110789e-14
251.75,0.0,1.967592620559632e-05,3.5073540180283285e-06,1.0882149647694798e-06,1.0099757233048674,5.199999999999999e-09,5.573319583618286e-14
252.0,0.0,1.967591204912075e-05,3.5073528172995904e-06,1.0748709660107001e-06,1.0099757366642235,5.199999999999999e-09,5.595524044110789e-14
252.25,0.0,1.9675898052766565e-05,3.507351632659125e-06,1.0616927197891926e-06,1.0099757498576507,5.199999999999999e-09,5.595524044110789e-14
252.5,0.0,1.967588421471447e-05,3.507350463891049e-06,1.0486781379210772e-06,1.0099757628872392,5.199999999999999e-09,5.573319583618286e-14
252.75,0.0,1.9675870533165966e-05,3.507349310782379e-06,1.0358251589356863e-06,1.009975775755053,5.199999999999999e-09,5.573319583618286e-14
253.0,0.0,1.9675857006343136e-05,3.507348173122996e-06,1.0231317477281812e-06,1.0099757884631286,5.199999999999999e-09,5.573319583618286e-14
253.25,0.0,1.9675843632488382e-05,3.507347050705603e-06,1.0105958952167436e-06,1.0099758010134774,5.199999999999999e-09,5.573319583618286e-14
253.5,0.0,1.9675830409864197e-05,3.5073459433256916e-06,9.982156180043327e-07,1.0099758134080847,5.199999999999999e-09,5.595524044110789e-14
253.75,0.0,1.9675817336752946e-05,3.5073448507815007e-06,9.859889580449236e-07,1.0099758256489102,5.199999999999999e-09,5.573319583618286e-14
254.0,0.0,1.9675804411456618e-05,3.5073437728739807e-06,9.739139823141461e-07,1.0099758377378891,5.199999999999999e-09,5.573319583618286e-14
254.25,0.0,1.967579163229661e-05,3.5073427094067584e-06,9.619887824842263e-07,1.0099758496769318,5.199999999999999e-09,5.595524044110789e-14
254.5,0.0,1.9675778997613503e-05,3.507341660186098e-06,9.502114746032657e-07,1.0099758614679235,5.199999999999999e-09,5.595524044110789e-14
254.75,0.0,1.9675766505766838e-05,3.5073406250208685e-06,9.385801987788343e-07,1.0099758731127262,5.199999999999999e-09,5.573319583618286e-14
255.0,0.0,1.96757541551349e-05,3.5073396037225073e-06,9.270931188656192e-07,1.009975884613178,5.199999999999999e-09,5.573319583618286e-14
255.25,0.0,1.9675741944114498e-05,3.5073385961049856e-06,9.157484221572466e-07,1.0099758959710934,5.199999999999999e-09,5.573319583618286e-14
255.5,0.0,1.9675729871120756e-05,3.5073376019847734e-06,9.045443190821846e-07,1.0099759071882637,5.199999999999999e-09,5.595524044110789e-14
255.75,0.0,1.9675717934586903e-05,3.5073366211808085e-06,8.934790429036686e-07,1.0099759182664572,5.199999999999999e-09,5.573319583618286e-14
256.0,0.0,1.9675706132964052e-05,3.507335653514461e-06,8.825508494235753e-07,1.00997592920742,5.199999999999999e-09,5.573319583618286e-14
256.25,0.0,1.9675694464750426e-05,3.507334698844367e-06,8.71358123355526e-07,1.009975940012769,5.599999999999998e-09,5.595524044110789e-14
256.5,0.0,1.967568293020282e-05,3.5073337590953476e-06,8.607055850289252e-07,1.0099759506777817,5.599999999999998e-09,5.595524044110789e-14
256.75,0.0,1.9675671525994537e-05,3.5073328319263555e-06,8.501849190922575e-07,1.009975961210779,5.599999999999998e-09,5.595524044110789e-14
257.0,0.0,1.967566025064674e-05,3.507331917168766e-06,8.397944704433623e-07,1.0099759716134178,5.599999999999998e-09,5.595524044110789e-14
257.25,0.0,1.967564910269746e-05,3.507331014656219e-06,8.295326050653276e-07,1.0099759818873335,5.599999999999998e-09,5.595524044110789e-14
257.5,0.0,1.9675638080701422e-05,3.5073301242245856e-06,8.193977097535324e-07,1.0099759920341411,5.599999999999998e-09,5.573319583618286e-14
257.75,0.0,1.967562718322984e-05,3.5073292457119417e-06,8.093881918462844e-07,1.0099760020554351,5.599999999999998e-09,5.595524044110789e-14
258.0,0.0,1.967561640887023e-05,3.507328378958537e-06,7.995024789589924e-07,1.0099760119527892,5.599999999999998e-09,5.595524044110789e-14
258.25,0.0,1.9675605756226217e-05,3.507327523806764e-06,7.897390187218498e-07,1.0099760217277571,5.599999999999998e-09,5.595524044110789e-14
258.5,0.0,1.967559522391736e-05,3.5073266801011316e-06,7.800962785209706e-07,1.0099760313818733,5.599999999999998e-09,5.595524044110789e-14
258.75,0.0,1.9675584810578965e-05,3.5073258476882356e-06,7.705727452429179e-07,1.0099760409166523,5.599999999999998e-09,5.573319583618286e-14
259.0,0.0,1.96755745148619e-05,3.507325026416731e-06,7.611669250225938e-07,1.0099760503335895,5.599999999999998e-09,5.573319583618286e-14
259.25,0.0,1.967556433543242e-05,3.507324216137304e-06,7.518773429944653e-07,1.0099760596341614,5.599999999999998e-09,5.595524044110789e-14
259.5,0.0,1.9675554270971992e-05,3.5073234172793498e-06,7.423042251790754e-07,1.0099760688181423,5.9999999999999975e-09,5.573319583618286e-14
259.75,0.0,1.967554432017711e-05,3.5073226306405145e-06,7.332488844550929e-07,1.0099760778842206,5.9999999999999975e-09,5.595524044110789e-14
260.0,0.0,1.967553448175914e-05,3.507321854525548e-06,7.243053750150568e-07,1.0099760868383445,5.9999999999999975e-09,5.573319583618286e-14
260.25,0.0,1.967552475444413e-05,3.507321088793486e-06,7.154722970095855e-07,1.0099760956819155,5.9999999999999975e-09,5.573319583618286e-14
260.5,0.0,1.9675515136972647e-05,3.507320333305256e-06,7.067482683709823e-07,1.0099761044163171,5.9999999999999975e-09,5.573319583618286e-14
260.75,0.0,1.967550562809962e-05,3.5073195879236495e-06,6.981319245837677e-07,1.0099761130429152,5.9999999999999975e-09,5.595524044110789e-14
261.0,0.0,1.9675496226594175e-05,3.5073188525132995e-06,6.896219184582226e-07,1.0099761215630583,5.9999999999999975e-09,5.595524044110789e-14
261.25,0.0,1.9675486931239447e-05,3.507318126940654e-06,6.81216919906892e-07,1.0099761299780776,5.9999999999999975e-09,5.573319583618286e-14
261.5,0.0,1.967547774083245e-05,3.5073174110739523e-06,6.729156157240365e-07,1.0099761382892882,5.9999999999999975e-09,5.595524044110789e-14
261.75,0.0,1.96754686541839e-05,3.507316704783201e-06,6.647167093679709e-07,1.0099761464979875,5.9999999999999975e-09,5.595524044110789e-14
262.0,0.0,1.9675459670118057e-05,3.5073160079401494e-06,6.566189207462459e-07,1.009976154605457,5.9999999999999975e-09,5.595524044110789e-14
262.25,0.0,1.967545078747259e-05,3.507315320418268e-06,6.486209860036525e-07,1.009976162612962,5.9999999999999975e-09,5.595524044110789e-14
262.5,0.0,1.9675442005098396e-05,3.507314642092724e-06,6.407216573130189e-07,1.0099761705217514,5.9999999999999975e-09,5.595524044110789e-14
262.75,0.0,1.967543332185946e-05,3.507313972840358e-06,6.329197026687434e-07,1.0099761783330585,5.9999999999999975e-09,5.595524044110789e-14
263.0,0.0,1.9675424736632713e-05,3.5073133125396623e-06,6.2521390568301e-07,1.009976186048101,5.9999999999999975e-09,5.573319583618286e-14
263.25,0.0,1.9675416248307866e-05,3.507312661070759e-06,6.176030653846555e-07,1.0099761936680811,5.9999999999999975e-09,5.595524044110789e-14
263.5,0.0,1.9675407855787277e-05,3.5073120183153775e-06,6.100859960207618e-07,1.0099762011941857,5.9999999999999975e-09,5.595524044110789e-14
263.75,0.0,1.9675399557985802e-05,3.5073113841568337e-06,6.026615268607568e-07,1.0099762086275867,5.9999999999999975e-09,5.573319583618286e-14
264.0,0.0,1.9675391353830653e-05,3.5073107584800078e-06,5.95328502003103e-07,1.0099762159694414,5.9999999999999975e-09,5.573319583618286e-14
264.25,0.0,1.967538324226125e-05,3.5073101411713235e-06,5.880857801845183e-07,1.0099762232208922,5.9999999999999975e-09,5.595524044110789e-14
264.5,0.0,1.967537522222909e-05,3.507309532118727e-06,5.80932234591706e-07,1.0099762303830668,5.9999999999999975e-09,5.573319583618286e-14
264.75,0.0,1.9675367292697596e-05,3.507308931211668e-06,5.73866752675541e-07,1.0099762374570793,5.9999999999999975e-09,5.595524044110789e-14
265.0,0.0,1.9675359452642e-05,3.5073083383410784e-06,5.668882359676644e-07,1.0099762444440288,5.9999999999999975e-09,5.573319583618286e-14
265.25,0.0,1.9675351701049188e-05,3.5073077533993514e-06,5.599955998994647e-07,1.0099762513450015,5.9999999999999975e-09,5.595524044110789e-14
265.5,0.0,1.967534403691758e-05,3.507307176280324e-06,5.531877736235006e-07,1.009976258161069,5.9999999999999975e-09,5.573319583618286e-14
265.75,0.0,1.9675336459256984e-05,3.5073066068792557e-06,5.46463699837183e-07,1.00997626489329,5.9999999999999975e-09,5.595524044110789e-14
266.0,0.0,1.967532896708848e-05,3.507306045092811e-06,5.398223346087785e-07,1.009976271542709,5.9999999999999975e-09,5.573319583618286e-14
266.25,0.0,1.9675321559444284e-05,3.5073054908190403e-06,5.332626472056895e-07,1.0099762781103585,5.9999999999999975e-09,5.595524044110789e-14
266.5,0.0,1.967531423536762e-05,3.5073049439573587e-06,5.267836199249875e-07,1.0099762845972566,5.9999999999999975e-09,5.595524044110789e-14
266.75,0.0,1.9675306993912595e-05,3.507304404408532e-06,5.20384247926153e-07,1.0099762910044097,5.9999999999999975e-09,5.595524044110789e-14
267.0,0.0,1.9675299834144072e-05,3.5073038720746553e-06,5.140635390659817e-07,1.0099762973328106,5.9999999999999975e-09,5.595524044110789e-14
267.25,0.0,1.9675292755137556e-05,3.507303346859136e-06,5.078205137356313e-07,1.0099763035834401,5.9999999999999975e-09,5.595524044110789e-14
267.5,0.0,1.9675285755979054e-05,3.5073028286666776e-06,5.016542046998654e-07,1.0099763097572665,5.9999999999999975e-09,5.595524044110789e-14
267.75,0.0,1.9675278835764977e-05,3.507302317403259e-06,4.955636569383254e-07,1.0099763158552457,5.9999999999999975e-09,5.595524044110789e-14
268.0,0.0,1.9675271993602002e-05,3.507301812976121e-06,4.895479274888887e-07,1.0099763218783218,5.9999999999999975e-09,5.595524044110789e-14
268.25,0.0,1.9675265228606968e-05,3.5073013152937477e-06,4.836060852930746e-07,1.0099763278274267,5.9999999999999975e-09,5.595524044110789e-14
268.5,0.0,1.967525853990675e-05,3.5073008242658492e-06,4.777372110434714e-07,1.0099763337034806,5.9999999999999975e-09,5.595524044110789e-14
268.75,0.0,1.9675251926638148e-05,3.5073003398033467e-06,4.719403970331498e-07,1.0099763395073924,5.9999999999999975e-09,5.595524044110789e-14
269.0,0.0,1.9675245387947775e-05,3.507299861818355e-06,4.6621474700702085e-07,1.0099763452400592,5.9999999999999975e-09,5.595524044110789e-14
269.25,0.0,1.9675238922991946e-05,3.5072993902241664e-06,4.6055937601511885e-07,1.0099763509023667,5.9999999999999975e-09,5.595524044110789e-14
269.5,0.0,1.967523253093656e-05,3.507298924935236e-06,4.5497341026785843e-07,1.0099763564951898,5.9999999999999975e-09,5.595524044110789e-14
269.75,0.0,1.9675226210956993e-05,3.507298465867165e-06,4.494559869931139e-07,1.009976362019392,5.9999999999999975e-09,5.595524044110789e-14
270.0,0.0,1.9675219962237996e-05,3.5072980129366866e-06,4.4400625429517455e-07,1.0099763674758264,5.9999999999999975e-09,5.595524044110789e-14
270.25,0.0,1.9675213783973584e-05,3.507297566061649e-06,4.3862337101553886e-07,1.0099763728653348,5.9999999999999975e-09,5.595524044110789e-14
270.5,0.0,1.967520767536692e-05,3.507297125161002e-06,4.333065065955274e-07,1.0099763781887487,5.9999999999999975e-09,5.595524044110789e-14
270.75,0.0,1.9675201635630234e-05,3.5072966901547812e-06,4.2805484094067986e-07,1.0099763834468891,5.9999999999999975e-09,5.595524044110789e-14
271.0,0.0,1.967519566398469e-05,3.5072962609640944e-06,4.2286756428689904e-07,1.0099763886405666,5.9999999999999975e-09,5.595524044110789e-14
271.25,0.0,1.9675189759660304e-05,3.5072958375111064e-06,4.1774387706832746e-07,1.0099763937705815,5.9999999999999975e-09,5.573319583618286e-14
271.5,0.0,1.967518392189584e-05,3.5072954197190245e-06,4.126829897869968e-07,1.0099763988377244,5.9999999999999975e-09,5.573319583618286e-14
271.75,0.0,1.967517814993871e-05,3.507295007512086e-06,4.0768412288411566e-07,1.0099764038427754,5.9999999999999975e-09,5.573319583618286e-14
272.0,0.0,1.9675172443044863e-05,3.507294600815544e-06,4.027465066130442e-07,1.0099764087865053,5.9999999999999975e-09,5.573319583618286e-14
272.25,0.0,1.9675166800478703e-05,3.5072941995556507e-06,3.9786938091392153e-07,1.009976413669675,5.9999999999999975e-09,5.595524044110789e-14
272.5,0.0,1.9675161221512988e-05,3.5072938036596493e-06,3.9305199528992845e-07,1.0099764184930353,5.9999999999999975e-09,5.573319583618286e-14
272.75,0.0,1.9675155705428728e-05,3.5072934130557564e-06,3.8829360868515283e-07,1.0099764232573287,5.9999999999999975e-09,5.595524044110789e-14
273.0,0.0,1.96751502515151e-05,3.507293027673151e-06,3.835934893640285e-07,1.0099764279632872,5.9999999999999975e-09,5.573319583618286e-14
273.25,0.0,1.967514485906935e-05,3.507292647441961e-06,3.7895091479232856e-07,1.0099764326116345,5.9999999999999975e-09,5.595524044110789e-14
273.5,0.0,1.9675139527396697e-05,3.50729227229325e-06,3.743651715197539e-07,1.0099764372030846,5.9999999999999975e-09,5.595524044110789e-14
273.75,0.0,1.9675134255810252e-05,3.5072919021590066e-06,3.698355550639959e-07,1.0099764417383428,5.9999999999999975e-09,5.595524044110789e-14
274.0,0.0,1.967512904363092e-05,3.5072915369721288e-06,3.653613697963143e-07,1.0099764462181053,5.9999999999999975e-09,5.573319583618286e-14
274.25,0.0,1.967512389018731e-05,3.507291176666415e-06,3.6094192882860173e-07,1.0099764506430602,5.9999999999999975e-09,5.595524044110789e-14
274.5,0.0,1.9675118794815653e-05,3.50729082117655e-06,3.5657655390191854e-07,1.0099764550138859,5.9999999999999975e-09,5.573319583618286e-14
274.75,0.0,1.9675113756859713e-05,3.507290470438094e-06,3.5226457527646936e-07,1.0099764593312532,5.9999999999999975e-09,5.595524044110789e-14
275.0,0.0,1.96751087756707e-05,3.50729012438747e-06,3.4800533162299327e-07,1.0099764635958242,5.9999999999999975e-09,5.595524044110789e-14
275.25,0.0,1.9675103850607178e-05,3.507289782961954e-06,3.437981699155532e-07,1.0099764678082523,5.9999999999999975e-09,5.595524044110789e-14
275.5,0.0,1.9675098981035e-05,3.5072894460996605e-06,3.396424453257595e-07,1.0099764719691833,5.9999999999999975e-09,5.573319583618286e-14
275.75,0.0,1.9675094166327202e-05,3.5072891141429986e-06,3.347428330498895e-07,1.0099764760739423,6.799999999999998e-09,5.573319583618286e-14
276.0,0.0,1.9675089405863945e-05,3.5072887881525115e-06,3.3070107857672876e-07,1.0099764801207831,6.799999999999998e-09,5.551115123125783e-14
276.25,0.0,1.967508469903241e-05,3.5072884665169647e-06,3.2670865888497806e-07,1.0099764841182313,6.799999999999998e-09,5.551115123125783e-14
276.5,0.0,1.9675080045226727e-05,3.5072881491781183e-06,3.2276496454959407e-07,1.0099764880668969,6.799999999999998e-09,5.573319583618286e-14
276.75,0.0,1.9675075443847906e-05,3.5072878360785113e-06,3.188693937718714e-07,1.0099764919673822,6.799999999999998e-09,5.573319583618286e-14
277.0,0.0,1.9675070894303747e-05,3.5072875271614526e-06,3.150213522826707e-07,1.0099764958202821,6.799999999999998e-09,5.573319583618286e-14
277.25,0.0,1.9675066396008765e-05,3.50728722237101e-06,3.1122025324689297e-07,1.0099764996261842,6.799999999999998e-09,5.573319583618286e-14
277.5,0.0,1.967506194838411e-05,3.507286921652e-06,3.074655171691811e-07,1.0099765033856687,6.799999999999998e-09,5.573319583618286e-14
277.75,0.0,1.9675057550857496e-05,3.5072866249499776e-06,3.0375657180083245e-07,1.0099765070993083,6.799999999999998e-09,5.573319583618286e-14
278.0,0.0,1.9675053202863136e-05,3.5072863322112274e-06,3.0009285204792047e-07,1.0099765107676686,6.799999999999998e-09,5.551115123125783e-14
278.25,0.0,1.9675048903841646e-05,3.5072860433827527e-06,2.9647379988058956e-07,1.0099765143913086,6.799999999999998e-09,5.573319583618286e-14
278.5,0.0,1.967504465323999e-05,3.507285758412267e-06,2.928988642435149e-07,1.0099765179707798,6.799999999999998e-09,5.551115123125783e-14
278.75,0.0,1.967504045051139e-05,3.507285477248183e-06,2.893675009675203e-07,1.009976521506627,6.799999999999998e-09,5.551115123125783e-14
279.0,0.0,1.967503629511528e-05,3.5072851998396045e-06,2.8587917268233494e-07,1.0099765249993882,6.799999999999998e-09,5.573319583618286e-14
279.25,0.0,1.967503218651721e-05,3.507284926136316e-06,2.8243334873046903e-07,1.0099765284495943,6.799999999999998e-09,5.551115123125783e-14
279.5,0.0,1.9675028124188796e-05,3.5072846560887747e-06,2.790295050821844e-07,1.0099765318577705,6.799999999999998e-09,5.573319583618286e-14
279.75,0.0,1.9675024107607634e-05,3.5072843896481016e-06,2.7566712425156585e-07,1.0099765352244343,6.799999999999998e-09,5.573319583618286e-14
280.0,0.0,1.967502013625725e-05,3.5072841267660707e-06,2.72345695213692e-07,1.0099765385500974,6.799999999999998e-09,5.551115123125783e-14
280.25,0.0,1.9675016209627005e-05,3.507283867395103e-06,2.690647133228391e-07,1.0099765418352653,6.799999999999998e-09,5.551115123125783e-14
280.5,0.0,1.9675012327212063e-05,3.507283611488255e-06,2.6582368023174714e-07,1.0099765450804368,6.799999999999998e-09,5.551115123125783e-14
280.75,0.0,1.9675008488513302e-05,3.5072833589992124e-06,2.626221038119253e-07,1.0099765482861045,6.799999999999998e-09,5.573319583618286e-14
281.0,0.0,1.9675004693037253e-05,3.507283109882281e-06,2.5945949807498343e-07,1.0099765514527548,6.799999999999998e-09,5.573319583618286e-14
281.25,0.0,1.967500094029604e-05,3.5072828640923774e-06,2.563353830949697e-07,1.0099765545808683,6.799999999999998e-09,5.573319583618286e-14
281.5,0.0,1.967499722980731e-05,3.507282621585022e-06,2.532492849316955e-07,1.0099765576709194,6.799999999999998e-09,5.573319583618286e-14
281.75,0.0,1.9674993561094175e-05,3.5072823823163318e-06,2.502007355550499e-07,1.0099765607233768,6.799999999999998e-09,5.573319583618286e-14
282.0,0.0,1.9674989933685153e-05,3.5072821462430088e-06,2.4718927277030514e-07,1.009976563738703,6.799999999999998e-09,5.573319583618286e-14
282.25,0.0,1.9674986347114094e-05,3.5072819133223365e-06,2.4421444014435146e-07,1.0099765667173553,6.799999999999998e-09,5.573319583618286e-14
282.5,0.0,1.9674982800920136e-05,3.5072816835121686e-06,2.4127578693288875e-07,1.0099765696597844,6.799999999999998e-09,5.573319583618286e-14
282.75,0.0,1.9674979294647627e-05,3.5072814567709244e-06,2.3837286800855364e-07,1.0099765725664362,6.799999999999998e-09,5.551115123125783e-14
283.0,0.0,1.9674975827846084e-05,3.5072812330575786e-06,2.35505243789971e-07,1.009976575437751,6.799999999999998e-09,5.551115123125783e-14
283.25,0.0,1.967497240007012e-05,3.5072810123316553e-06,2.3267248017171102e-07,1.0099765782741632,6.799999999999998e-09,5.573319583618286e-14
283.5,0.0,1.967496901087939e-05,3.50728079455322e-06,2.2987414845513496e-07,1.0099765810761019,6.799999999999998e-09,5.573319583618286e-14
283.75,0.0,1.9674965659838535e-05,3.5072805796828735e-06,2.2710982528013312e-07,1.009976583843991,6.799999999999998e-09,5.551115123125783e-14
284.0,0.0,1.9674962346517126e-05,3.507280367681743e-06,2.2437909255775385e-07,1.009976586578249,6.799999999999998e-09,5.573319583618286e-14
284.25,0.0,1.967495907048961e-05,3.5072801585114754e-06,2.2168153740366994e-07,1.0099765892792893,6.799999999999998e-09,5.573319583618286e-14
284.5,0.0,1.9674955831335246e-05,3.507279952134233e-06,2.190167520725073e-07,1.00997659194752,6.799999999999998e-09,5.551115123125783e-14
284.75,0.0,1.9674952628638054e-05,3.507279748512682e-06,2.163843338930154e-07,1.0099765945833448,6.799999999999998e-09,5.573319583618286e-14
285.0,0.0,1.9674949461986773e-05,3.50727954760999e-06,2.1378388520406962e-07,1.009976597187161,6.799999999999998e-09,5.573319583618286e-14
285.25,0.0,1.9674946330974786e-05,3.507279349389816e-06,2.112150132914907e-07,1.0099765997593622,6.799999999999998e-09,5.573319583618286e-14
285.5,0.0,1.967494323520008e-05,3.507279153816306e-06,2.0867733032566338e-07,1.0099766023003365,6.799999999999998e-09,5.573319583618286e-14
285.75,0.0,1.9674940174265197e-05,3.5072789608540864e-06,2.0617045329995875e-07,1.0099766048104672,6.799999999999998e-09,5.551115123125783e-14
286.0,0.0,1.967493714777717e-05,3.507278770468256e-06,2.0369400396995927e-07,1.0099766072901335,6.799999999999998e-09,5.551115123125783e-14
286.25,0.0,1.9674934155347482e-05,3.507278582624381e-06,2.0124760879343848e-07,1.009976609739709,6.799999999999998e-09,5.551115123125783e-14
286.5,0.0,1.9674931196592015e-05,3.5072783972884877e-06,1.9883089887111615e-07,1.009976612159563,6.799999999999998e-09,5.573319583618286e-14
286.75,0.0,1.967492827113099e-05,3.5072782144270577e-06,1.9644350988817257e-07,1.0099766145500604,6.799999999999998e-09,5.573319583618286e-14
287.0,0.0,1.967492537858893e-05,3.5072780340070215e-06,1.940850820565124e-07,1.0099766169115612,6.799999999999998e-09,5.573319583618286e-14
287.25,0.0,1.9674922518594608e-05,3.5072778559957504e-06,1.9175526005776344e-07,1.009976619244421,6.799999999999998e-09,5.551115123125783e-14
287.5,0.0,1.967491969078099e-05,3.507277680361054e-06,1.8945369298699608e-07,1.0099766215489916,6.799999999999998e-09,5.551115123125783e-14
287.75,0.0,1.9674916894785196e-05,3.507277507071171e-06,1.8718003429716656e-07,1.0099766238256196,6.799999999999998e-09,5.573319583618286e-14
288.0,0.0,1.9674914130248455e-05,3.507277336094767e-06,1.849339417442834e-07,1.0099766260746477,6.799999999999998e-09,5.573319583618286e-14
288.25,0.0,1.967491139681605e-05,3.507277167400925e-06,1.827150773332532e-07,1.0099766282964142,6.799999999999998e-09,5.573319583618286e-14
288.5,0.0,1.9674908694137275e-05,3.507277000959142e-06,1.8052310726442553e-07,1.0099766304912534,6.799999999999998e-09,5.573319583618286e-14
288.75,0.0,1.9674906021865397e-05,3.507276836739324e-06,1.7835770188082148e-07,1.0099766326594954,6.799999999999998e-09,5.573319583618286e-14
289.0,0.0,1.9674903379657597e-05,3.507276674711778e-06,1.7621853561603754e-07,1.0099766348014658,6.799999999999998e-09,5.573319583618286e-14
289.25,0.0,1.9674900767174935e-05,3.5072765148472104e-06,1.741052869428111e-07,1.009976636917487,6.799999999999998e-09,5.573319583618286e-14
289.5,0.0,1.9674898184082304e-05,3.5072763571167177e-06,1.7201763832223644e-07,1.0099766390078764,6.799999999999998e-09,5.573319583618286e-14
289.75,0.0,1.967489563004839e-05,3.5072762014917838e-06,1.6995527615363122e-07,1.0099766410729483,6.799999999999998e-09,5.595524044110789e-14
290.0,0.0,1.9674893104745617e-05,3.5072760479442735e-06,1.6791789072505595e-07,1.0099766431130124,6.799999999999998e-09,5.573319583618286e-14
290.25,0.0,1.967489060785012e-05,3.5072758964464284e-06,1.6590517616444438e-07,1.0099766451283754,6.799999999999998e-09,5.573319583618286e-14
290.5,0.0,1.9674888139041696e-05,3.5072757469708613e-06,1.63916830391365e-07,1.0099766471193394,6.799999999999998e-09,5.573319583618286e-14
290.75,0.0,1.9674885698003757e-05,3.507275599490552e-06,1.6195255506939743e-07,1.0099766490862034,6.799999999999998e-09,5.595524044110789e-14
291.0,0.0,1.9674883284423293e-05,3.5072754539788402e-06,1.6001205555911767e-07,1.009976651029262,6.799999999999998e-09,5.595524044110789e-14
291.25,0.0,1.9674880897990835e-05,3.507275310409424e-06,1.5809504087168007e-07,1.0099766529488066,6.799999999999998e-09,5.573319583618286e-14
291.5,0.0,1.9674878538400416e-05,3.5072751687563517e-06,1.5620122362298434e-07,1.0099766548451252,6.799999999999998e-09,5.595524044110789e-14
291.75,0.0,1.9674876205349522e-05,3.5072750289940198e-06,1.543303199884301e-07,1.0099766567185016,6.799999999999998e-09,5.573319583618286e-14
292.0,0.0,1.9674873906591896e-05,3.5072748912752196e-06,1.52087202915738e-07,1.009976658564055,7.1999999999999975e-09,5.573319583618286e-14
292.25,0.0,1.967487163625761e-05,3.507274755451779e-06,1.502680284564742e-07,1.0099766603856357,7.1999999999999975e-09,5.573319583618286e-14
292.5,0.0,1.9674869391395916e-05,3.507274621440329e-06,1.4847082201981477e-07,1.009976662185221,7.1999999999999975e-09,5.595524044110789e-14
292.75,0.0,1.9674867171720816e-05,3.507274489216676e-06,1.46695315541539e-07,1.0099766639630794,7.1999999999999975e-09,5.573319583618286e-14
293.0,0.0,1.9674864976949524e-05,3.5072743587569504e-06,1.4494124426568743e-07,1.009976665719476,7.1999999999999975e-09,5.595524044110789e-14
293.25,0.0,1.9674862806802436e-05,3.5072742300376004e-06,1.432083467032363e-07,1.0099766674546724,7.1999999999999975e-09,5.595524044110789e-14
293.5,0.0,1.9674860661003086e-05,3.5072741030353904e-06,1.4149636459129518e-07,1.0099766691689271,7.1999999999999975e-09,5.573319583618286e-14
293.75,0.0,1.9674858539278117e-05,3.5072739777273936e-06,1.3980504285281818e-07,1.009976670862496,7.1999999999999975e-09,5.573319583618286e-14
294.0,0.0,1.9674856441357247e-05,3.507273854090991e-06,1.3813412955682345e-07,1.009976672535631,7.1999999999999975e-09,5.595524044110789e-14
294.25,0.0,1.9674854366973224e-05,3.507273732103865e-06,1.364833758791235e-07,1.009976674188581,7.1999999999999975e-09,5.573319583618286e-14
294.5,0.0,1.9674852315861807e-05,3.507273611743997e-06,1.3485253606354508e-07,1.0099766758215922,7.1999999999999975e-09,5.573319583618286e-14
294.75,0.0,1.9674850287761717e-05,3.5072734929896617e-06,1.3324136738364e-07,1.0099766774349077,7.1999999999999975e-09,5.573319583618286e-14
295.0,0.0,1.9674848282414623e-05,3.507273375819425e-06,1.3164963010488158e-07,1.0099766790287674,7.1999999999999975e-09,5.573319583618286e-14
295.25,0.0,1.967484629956508e-05,3.507273260212139e-06,1.3007708744734063e-07,1.0099766806034085,7.1999999999999975e-09,5.573319583618286e-14
295.5,0.0,1.9674844338960526e-05,3.5072731461469374e-06,1.2852350554883182e-07,1.0099766821590652,7.1999999999999975e-09,5.573319583618286e-14
295.75,0.0,1.9674842400351232e-05,3.507273033603234e-06,1.2698865342852181e-07,1.0099766836959685,7.1999999999999975e-09,5.573319583618286e-14
296.0,0.0,1.967484048349028e-05,3.5072729225607177e-06,1.2547230295099638e-07,1.0099766852143468,7.1999999999999975e-09,5.573319583618286e-14
296.25,0.0,1.9674838588133516e-05,3.507272812999347e-06,1.2397422879079457e-07,1.009976686714426,7.1999999999999975e-09,5.573319583618286e-14
296.5,0.0,1.9674836714039544e-05,3.507272704899351e-06,1.2249420839737574e-07,1.0099766881964285,7.1999999999999975e-09,5.573319583618286e-14
296.75,0.0,1.9674834860969668e-05,3.50727259824122e-06,1.2103202196053387e-07,1.0099766896605746,7.1999999999999975e-09,5.573319583618286e-14
297.0,0.0,1.9674833028687878e-05,3.5072724930057072e-06,1.195874523762495e-07,1.0099766911070818,7.1999999999999975e-09,5.573319583618286e-14
297.25,0.0,1.967483121696082e-05,3.507272389173822e-06,1.1816028521297353e-07,1.0099766925361644,7.1999999999999975e-09,5.573319583618286e-14
297.5,0.0,1.967482942555775e-05,3.5072722867268275e-06,1.1675030867833595e-07,1.0099766939480348,7.1999999999999975e-09,5.573319583618286e-14
297.75,0.0,1.9674827654250536e-05,3.5072721856462375e-06,1.1535731358627093e-07,1.0099766953429024,7.1999999999999975e-09,5.573319583618286e-14
298.0,0.0,1.9674825902813592e-05,3.5072720859138123e-06,1.13981093324556e-07,1.0099766967209738,7.1999999999999975e-09,5.573319583618286e-14
298.25,0.0,1.9674824171023873e-05,3.5072719875115566e-06,1.1262144382277243e-07,1.0099766980824534,7.1999999999999975e-09,5.573319583618286e-14
298.5,0.0,1.9674822458660833e-05,3.507271890421715e-06,1.1127816352065617e-07,1.0099766994275432,7.1999999999999975e-09,5.573319583618286e-14
298.75,0.0,1.967482076550642e-05,3.507271794626769e-06,1.0995105333685263e-07,1.0099767007564424,7.1999999999999975e-09,5.573319583618286e-14
299.0,0.0,1.9674819091345018e-05,3.507271700109435e-06,1.0863991663806568e-07,1.0099767020693478,7.1999999999999975e-09,5.573319583618286e-14
299.25,0.0,1.9674817435963433e-05,3.5072716068526598e-06,1.073445592085969e-07,1.0099767033664537,7.1999999999999975e-09,5.573319583618286e-14
299.5,0.0,1.9674815799150874e-05,3.507271514839618e-06,1.0606478922026776e-07,1.0099767046479526,7.1999999999999975e-09,5.573319583618286e-14
299.75,0.0,1.9674814180698913e-05,3.507271424053709e-06,1.0480041720271767e-07,1.0099767059140339,7.1999999999999975e-09,5.573319583618286e-14
300.0,0.0,1.9674812580401466e-05,3.5072713344785544e-06,1.0355125601407553e-07,1.0099767071648849,7.1999999999999975e-09,5.573319583618286e-14
