time,R0,M1,M2,total_biomass,cumulative_death_loss,cumulative_cutoff_loss,budget_error
0.0,1.0,0.0,0.0,0.01,0.0,0.0,0.0
0.25,0.9995792256478939,4.0651626417716046e-05,4.328764120143351e-05,0.010312272801532006,2.4562282954863722e-05,0.0,0.0
0.5,0.9991085640983963,8.628709068842286e-05,9.110524379237236e-05,0.010664118727273552,4.992483984928238e-05,0.0,0.0
0.75,0.9985817558702209,0.00013756061101329617,0.00014399683439913406,0.01106049891303152,7.618777133510688e-05,0.0,0.0
1.0,0.9979917354110405,0.00019521396584623756,0.00020257263150566974,0.011507014430796979,0.0001034635608105684,0.0,0.0
1.25,0.9973305257113791,0.000260088351311157,0.0002675171341026433,0.012009990155214098,0.00013187864799289446,0.0,0.0
1.5,0.9965891186579755,0.00033313789830913515,0.0003395982099865216,0.012576570023056658,0.00016157521067210607,0.0,-2.220446049250313e-16
1.75,0.9957573395804269,0.000415445033897817,0.0004196772748047663,0.013214824933687391,0.0001927131771830801,0.0,-2.220446049250313e-16
2.0,0.9948236948290446,0.0005082378246351108,0.0005087206206334286,0.013933874238684203,0.00022547248700260347,0.0,0.0
2.25,0.9937751974637948,0.0006129099002389858,0.0006078122101189677,0.014744024756886345,0.00026005566896076713,0.0,-2.220446049250313e-16
2.5,0.9925971721043698,0.0007310428237122818,0.0007181678243001717,0.01565692652299624,0.0002966907246214339,0.0,-2.220446049250313e-16
2.75,0.991273032098842,0.0008644317462311673,0.0008411509929859254,0.01668575074880208,0.00033563441313876036,0.0,-2.220446049250313e-16
3.0,0.9897840269264443,0.0010151145989904307,0.0009782907900229463,0.017845391715312957,0.0003771759692293243,0.0,-2.220446049250313e-16
3.25,0.9881089613991982,0.0011854046207181823,0.0011313013128213193,0.01915269143052767,0.00042164123673448905,0.0,-2.220446049250313e-16
3.5,0.9862238706048321,0.0013779282075626511,0.0013021038525661284,0.020626699893350094,0.0004693974416890296,0.0,0.0
3.75,0.9841016579229179,0.001595667170218186,0.0014928511329121525,0.022288965263276648,0.000520858510675013,0.0,0.0
4.0,0.9817116853707428,0.0018420067266980856,0.0017059542047628048,0.024163862609291275,0.0005764910885048939,0.0,0.0
4.25,0.97901930524214,0.0021207906126580736,0.0019441125515397327,0.02627897017999052,0.000636821413671557,0.0,-2.220446049250313e-16
4.5,0.9759853399427322,0.0024363824295787653,0.002210346719377076,0.028665487936817134,0.000702442971494783,0.0,0.0
4.75,0.972565493825818,0.0027937352627581164,0.0025080342781288014,0.031358711474451455,0.0007740251588434855,0.0,0.0
5.0,0.9687096813510064,0.0031984715444642103,0.0028409497944099577,0.03439857411796539,0.0008523231921538472,0.0,-2.220446049250313e-16
5.25,0.9643612859303154,0.0036569713409895606,0.003213307452850117,0.037830246183152914,0.000938189092691804,0.0,-2.220446049250313e-16
5.5,0.9594563153735963,0.004176473388773279,0.003629808029878094,0.041704818968449166,0.0010325842393030566,0.0,0.0
5.75,0.9539224538038863,0.004765188905458022,0.004095689568935796,0.04608007418442762,0.0011365935372921725,0.0,0.0
6.0,0.9476780237236567,0.005432426430049277,0.004616780133961911,0.051021328632083224,0.0012514410802487426,0.0,-2.220446049250313e-16
6.25,0.9406307975919692,0.006188735478741182,0.00519955552297453,0.0566024032139703,0.0013785081923447,0.0,0.0
6.5,0.9326766962887209,0.0070460642807709814,0.005851198408414009,0.06290668756455411,0.0015193534575398725,0.0,0.0
6.75,0.9236983538799326,0.008017934282492542,0.006579658820528883,0.07002831786056692,0.0016757351564789555,0.0,-2.220446049250313e-16
7.0,0.9135635189256317,0.009119635421024858,0.007393716019608162,0.07807349295127843,0.0018496366824567376,0.0,0.0
7.25,0.9021233324829747,0.010368437107695768,0.008303037256872687,0.08716189846433252,0.002043294688124234,0.0,-2.220446049250313e-16
7.5,0.8892104875785924,0.01178381455658948,0.00931823069051635,0.09742823693420108,0.0022592302401005146,0.0,-2.220446049250313e-16
7.75,0.8746372275305144,0.013387696505545056,0.01045089168245418,0.10902390023415746,0.0025002840473286633,0.0,-2.220446049250313e-16
8.0,0.8581933199936227,0.015204717018088097,0.011713630836944218,0.12211867746446477,0.0027696546868801013,0.0,-2.220446049250313e-16
8.25,0.8396440039682302,0.0172624727397796,0.013120079176129743,0.1369025032950777,0.0030709408207826912,0.0,2.220446049250313e-16
8.5,0.81872804813674,0.019591769271563884,0.014684856284338936,0.15358713931479284,0.0034081869925644093,0.0,2.220446049250313e-16
8.75,0.7951561247938798,0.022226831442569362,0.016423483268257537,0.17240762786116456,0.0037859326341287665,0.0,-2.220446049250313e-16
9.0,0.7686097710988761,0.025205445889013342,0.01835221498896704,0.19362330438698308,0.004209263636160579,0.0,0.0
9.25,0.7387414358341621,0.02856897635061628,0.020487750387780328,0.21751797249346908,0.004683864933972402,0.0,2.220446049250313e-16
9.5,0.7051763663287037,0.03236215993951137,0.02284676294947842,0.24439863899845354,0.005216071783853155,0.0,2.220446049250313e-16
9.75,0.6675176375437524,0.03663252846219975,0.025445152994534412,0.27459176646794187,0.005812914531571792,0.0,2.220446049250313e-16
10.0,0.6253562593343659,0.04142922123881019,0.02829687843391488,0.3084354890856146,0.006482151907294763,0.0,4.440892098500626e-16
10.25,0.5782900805155603,0.04680074102139977,0.031412098805158155,0.34626480205642424,0.007232277601458039,0.0,4.440892098500626e-16
10.5,0.525957438973816,0.0527909358270728,0.03479420713815916,0.38838493575645205,0.008072482304500401,0.0,4.440892098500626e-16
10.75,0.46809670490024724,0.05943186310086408,0.03843495893486497,0.435023938101893,0.009012534962131207,0.0,6.661338147750939e-16
11.0,0.404652512169154,0.06673103066363366,0.04230622168331258,0.48624771514489556,0.010062520339004828,0.0,6.661338147750939e-16
11.25,0.3359689896755892,0.07464816008239432,0.04634547487632944,0.54180505805904,0.011232317306647505,0.0,4.440892098500626e-16
11.5,0.26314944419214625,0.08305191104859268,0.05042938590062694,0.6008386577014336,0.012530601157201065,0.0,6.661338147750939e-16
11.75,0.1887300176053342,0.09163882218000184,0.0543250005894189,0.6613432094186642,0.01396295020658115,0.0,4.440892098500626e-16
12.0,0.11783699162064823,0.09979406070953693,0.05760739460649978,0.7192332218588771,0.01552833120443816,0.0,0.0
12.25,0.059274754078100525,0.10646032048790444,0.05959068369001502,0.7674609015895614,0.017213340154418836,0.0,2.220446049250313e-16
12.5,0.022411594782091378,0.11051077874409383,0.05959627838985793,0.7984941155667349,0.018987232517222077,0.0,0.0
12.75,0.006616204942369856,0.11201602603729556,0.057783346308941934,0.8127744852224986,0.02080993748889438,0.0,4.440892098500626e-16
13.0,0.0017270875438152897,0.11218923492478289,0.055054039216058226,0.8183769472247934,0.02265269109055058,0.0,4.440892098500626e-16
13.25,0.00043300091635064983,0.11190318698018974,0.052039663909613024,0.8211206493340738,0.02450349885977314,0.0,4.440892098500626e-16
13.5,0.00010734816062724816,0.11147015414586213,0.04897297837999784,0.8230907353263607,0.026358783987152426,0.0,4.440892098500626e-16
13.75,2.6529114502059543e-05,0.11097470827341993,0.04592666936018967,0.8248544881934777,0.028217605058411033,0.0,4.440892098500626e-16
14.0,6.5491511286255386e-06,0.11043682203060738,0.04292814816753206,0.8265487782152823,0.030079702435449995,0.0,2.220446049250313e-16
14.25,1.6159866900678732e-06,0.10985987145471646,0.03999314916815197,0.8282003912414686,0.03194497214897322,0.0,4.440892098500626e-16
14.5,3.9863775568887303e-07,0.10924303816308822,0.03713425765111614,0.8298089721329135,0.03381333341512691,0.0,4.440892098500626e-16
14.75,9.832592246166809e-08,0.10858440935650968,0.03436286692069244,0.8313679288836586,0.035684696513217186,0.0,4.440892098500626e-16
15.0,2.4252913422784774e-08,0.10788174730844528,0.03168948249979958,0.8328697899291355,0.037558956009706566,0.0,2.220446049250313e-16
15.25,5.983076457644044e-09,0.10713268152544995,0.029123621605270232,0.8343077002549601,0.03943599063124362,0.0,4.440892098500626e-16
15.5,1.4764371603765687e-09,0.10633475865859059,0.026673627628053996,0.8356759471000926,0.041315665136825996,0.0,4.440892098500626e-16
15.75,3.6450231202297367e-10,0.10548545783812971,0.024346488026107345,0.8369702207734341,0.04319783299782701,0.0,4.440892098500626e-16
16.0,9.003218037481375e-11,0.10458219818062268,0.022147685740859076,0.8381877764587171,0.045082339529769394,0.0,4.440892098500626e-16
16.25,2.222231843088118e-11,0.10362234528846974,0.020081098011604823,0.8393275313683238,0.04696902530937981,0.0,4.440892098500626e-16
16.5,5.524530046782612e-12,0.10260321870002632,0.018148949903453664,0.8403901016456723,0.048857729745323646,0.0,4.440892098500626e-16
16.75,1.3041828146401152e-12,0.10152210110447345,0.016351825222916814,0.8413777789977281,0.050748294673577714,0.0,2.220446049250313e-16
17.0,4.107937433069727e-13,0.10037624990465611,0.014688733208319196,0.8422944490369765,0.05264056784963792,0.0,4.440892098500626e-16
17.25,5.241760471357254e-13,0.09916291169811463,0.013157225430458643,0.8431454566540308,0.05453440621687218,0.0,4.440892098500626e-16
17.5,7.599773524975308e-13,0.09787934027683994,0.011753554097746517,0.8439374267796763,0.056429678844977786,0.0,4.440892098500626e-16
17.75,0.0,0.09652281877973544,0.010472860714298812,0.8446780510552198,0.05832626945226344,0.0,1.517452830057664e-12
18.0,0.0,0.09509068665413173,0.00930938310248782,0.8453758517920348,0.06022407845160966,0.0,2.6401103525586223e-13
18.25,0.0,0.09358037204479387,0.008256668469171495,0.846039935010651,0.062123024475647465,0.0,2.637889906509372e-13
18.5,0.0,0.09198943030011483,0.007307782350129398,0.8466797419719871,0.06402304537803277,0.0,2.6423307986078726e-13
18.75,0.0,0.09031558912069772,0.00645550393821425,0.8473048082347873,0.06592409870656493,0.0,2.6423307986078726e-13
19.0,0.0,0.08855680094138368,0.005692501429657561,0.8479245359566628,0.06782616167255984,0.0,2.6401103525586223e-13
19.25,0.0,0.08671130285515667,0.005011483430871714,0.8485479830580241,0.06972923065621148,0.0,2.6401103525586223e-13
19.5,0.0,0.08477768450689747,0.004405323876953753,0.8491836713441558,0.071633320272257,0.0,2.6401103525586223e-13
19.75,0.0,0.082754963881804,0.003867161001164008,0.8498394130653489,0.07353846205194692,0.0,2.6401103525586223e-13
20.0,0.0,0.08064267093011275,0.0033904710237906656,0.850522155280671,0.07544470276568961,0.0,2.6401103525586223e-13
20.25,0.0,0.07844093837121792,0.0029691198312582706,0.8512378393563333,0.07735210244145452,0.0,2.6401103525586223e-13
20.5,0.0,0.07615059886337178,0.0025973944466115306,0.8519912746016967,0.07926073208858396,0.0,2.637889906509372e-13
20.75,0.0,0.07377328689774502,0.002270018499926958,0.852786023426986,0.08117067117560603,0.0,2.6401103525586223e-13
21.0,0.0,0.07131154336002082,0.001982154210041693,0.8536242975555978,0.08308200487460368,0.0,2.6401103525586223e-13
21.25,0.0,0.06876891976070065,0.0017293939799503943,0.8545068651594859,0.084994821100127,0.0,2.6401103525586223e-13
21.5,0.0,0.06615007832383317,0.0015077448533406734,0.8554329694466862,0.08690920737640366,0.0,2.637889906509372e-13
21.75,0.0,0.06346088321823923,0.0013136068156553425,0.856400262426426,0.08882524753994336,0.0,2.6401103525586223e-13
22.0,0.0,0.06070847698720598,0.0011437482003686665,0.8574047564702132,0.09074301834247615,0.0,2.6401103525586223e-13
22.25,0.0,0.05790133578166521,0.0009952785242445402,0.8584407997351379,0.0926625859592163,0.0,2.6401103525586223e-13
22.5,0.0,0.05504929508115795,0.0008656213871664257,0.8595010810151135,0.09458400251682614,0.0,2.6401103525586223e-13
22.75,0.0,0.052163538506360636,0.0007524873458019101,0.8605766714674348,0.09650730268066665,0.0,2.6401103525586223e-13
23.0,0.0,0.04925654256476803,0.0006538463061556117,0.8616571108049327,0.09843250032440766,0.0,2.6401103525586223e-13
23.25,0.0,0.04634196751458598,0.0005679023105799486,0.8627305446847997,0.10035958549029833,0.0,2.6401103525586223e-13
23.5,0.0,0.0434344898768568,0.0004930703362787781,0.8637839180504921,0.10228852173663612,0.0,2.637889906509372e-13
23.75,0.0,0.04054957465429667,0.00042795342708516163,0.8648032280158414,0.10421924390304065,0.0,2.6401103525586223e-13
24.0,0.0,0.03770318524796114,0.0003713225380586088,0.8657738357076774,0.10615165650656676,0.0,2.637889906509372e-13
24.25,0.0,0.03491143841568781,0.0003220979419949915,0.8666808307897337,0.10808563285284738,0.0,2.637889906509372e-13
24.5,0.0,0.032190214568872666,0.0002793319817800588,0.8675094384695357,0.11002101498007544,0.0,2.637889906509372e-13
24.75,0.0,0.029554738783636177,0.00024219421917352933,0.8682454525322439,0.11195761446521019,0.0,2.637889906509372e-13
25.0,0.0,0.027019156248218015,0.00020995751403521693,0.8688756720640183,0.11389521417399234,0.0,2.637889906509372e-13
25.25,0.0,0.024596126146425853,0.00018198584651467779,0.869388317108201,0.11583357089912254,0.0,2.6401103525586223e-13
25.5,0.0,0.02229646085035466,0.0001577235224528897,0.8697733968230575,0.11777241880439876,0.0,2.637889906509372e-13
25.75,0.0,0.02012883731730847,0.00013668522579056482,0.8700230038410498,0.1197114736161151,0.0,2.637889906509372e-13
26.0,0.0,0.018099599184518082,0.00011844764189677384,0.8701315159087398,0.12165043726510914,0.0,2.637889906509372e-13
26.25,0.0,0.016212664417071823,0.00010264176154496155,0.8700956909561396,0.12358900286550754,0.0,2.637889906509372e-13
26.5,0.0,0.014469542434377848,8.894615617872925e-05,0.869914651653852,0.12552685975585542,0.0,2.6401103525586223e-13
26.75,0.0,0.012869456244971777,7.708110619223723e-05,0.8695897642364462,0.12746369841265376,0.0,2.6401103525586223e-13
27.0,0.0,0.011409550384698534,6.680327623234954e-05,0.8691244314162858,0.12939921492304726,0.0,2.6401103525586223e-13
27.25,0.0,0.01008517210101788,5.7901191251692895e-05,0.8685238116862581,0.1313331150217364,0.0,2.6401103525586223e-13
27.5,0.0,0.008890193630969198,5.01911623196933e-05,0.8677944977820795,0.13326511742489544,0.0,2.637889906509372e-13
27.75,0.0,0.007817354195936228,4.351373072505241e-05,0.8669441756081377,0.13519495646546487,0.0,2.6401103525586223e-13
28.0,0.0,0.006858598770051231,3.773057534065957e-05,0.8659812866370189,0.1371223840178531,0.0,2.637889906509372e-13
28.25,0.0,0.0060053932078765375,3.2721732659521614e-05,0.8649147143572447,0.13904717070248332,0.0,2.6401103525586223e-13
28.5,0.0,0.005249004979264636,2.8383243777480437e-05,0.8637535052862095,0.1409691064910122,0.0,2.637889906509372e-13
28.75,0.0,0.004580739682502598,2.4625041548844046e-05,0.8625066345203652,0.1428880007558473,0.0,2.6401103525586223e-13
29.0,0.0,0.003992130569140285,2.1369126781447982e-05,0.8611828184315151,0.14480368187282694,0.0,2.637889906509372e-13
29.25,0.0,0.0034750821426110124,1.854797825095074e-05,0.8597903734027248,0.14671599647667716,0.0,2.6401103525586223e-13
29.5,0.0,0.003021973190014517,1.6103145649479322e-05,0.858337115172128,0.14862480849247192,0.0,2.637889906509372e-13
29.75,0.0,0.0026257202293787927,1.3984055590001712e-05,0.8568302977596329,0.1505299979556623,0.0,2.6401103525586223e-13
30.0,0.0,0.0022798125687152845,1.2146948825431305e-05,0.8552765807094426,0.15243145977328054,0.0,2.637889906509372e-13
30.25,0.0,0.001978321566700706,1.0553970940552294e-05,0.8536820220364311,0.15432910242619166,0.0,2.6401103525586223e-13
30.5,0.0,0.0017158921205514383,9.172374470619992e-06,0.8520520888136667,0.1562228466915751,0.0,2.637889906509372e-13
30.75,0.0,0.0014877202345656647,7.973830836046495e-06,0.8503916815357238,0.15811262439913848,0.0,2.6401103525586223e-13
31.0,0.0,0.00128952142571911,6.933835153775924e-06,0.8487051674892446,0.15999837725014643,0.0,2.6401103525586223e-13
31.25,0.0,0.001117493780143781,6.031186781650245e-06,0.8469964193145211,0.16188005571881756,0.0,2.6401103525586223e-13
31.5,0.0,0.00096827807006201,5.247546325837485e-06,0.8452688563446988,0.16375761803917727,0.0,2.6401103525586223e-13
31.75,0.0,0.0008389170351849984,4.567043180293541e-06,0.843525486640883,0.16563102928101567,0.0,2.6401103525586223e-13
32.0,0.0,0.0007268153916933106,3.975943431964919e-06,0.8417689481491343,0.1675002605160045,0.0,2.6401103525586223e-13
32.25,0.0,0.0006297015771846409,3.4623609167734167e-06,0.8400015479917147,0.16936528807044776,0.0,2.637889906509372e-13
32.5,0.0,0.0005455917017945425,3.0160049794194583e-06,0.8382252994363377,0.17122609285715215,0.0,2.637889906509372e-13
32.75,0.0,0.0004727566918717812,2.627967209891204e-06,0.8364419555511307,0.17308265979005158,0.0,2.6401103525586223e-13
33.0,0.0,0.00040969181406413783,2.2905328800572694e-06,0.8346530403929657,0.174934977260354,0.0,2.6401103525586223e-13
33.25,0.0,0.00035508911426603663,1.997017716253292e-06,0.8328598771927895,0.17678303667549228,0.0,2.6401103525586223e-13
33.5,0.0,0.0003078133135933362,1.7416320863346548e-06,0.8310636129902018,0.17862683206438248,0.0,2.6401103525586223e-13
33.75,0.0,0.0002668796672816979,1.519358017188797e-06,0.8292652412529744,0.1804663597219907,0.0,2.6401103525586223e-13
34.0,0.0,0.0002314347962949383,1.3258461941745787e-06,0.8274656214516681,0.18230161790610652,0.0,2.637889906509372e-13
34.25,0.0,0.00020073958729288394,1.1573257463581627e-06,0.8256654965168768,0.18413260657034777,0.0,2.637889906509372e-13
34.5,0.0,0.00017415408498203344,1.0105258011428798e-06,0.8238655082587394,0.18595932713074134,0.0,2.637889906509372e-13
34.75,0.0,0.00015112456721590612,8.826093472634691e-07,0.8220662105559341,0.18778178226776668,0.0,2.6401103525586223e-13
35.0,0.0,0.00013117195475331354,7.71114439152333e-07,0.8202680811810029,0.18959997575006862,0.0,2.6401103525586223e-13
35.25,0.0,0.00011388190949417289,6.739043819015476e-07,0.8184715319016085,0.19141391228477944,0.0,2.6401103525586223e-13
35.5,0.0,9.889608789245812e-05,5.891240214554491e-07,0.8166769174024605,0.19322359738588954,0.0,2.6401103525586223e-13
35.75,0.0,8.59046005006881e-05,5.151622033579712e-07,0.8148845429763305,0.19502903726122955,0.0,2.6401103525586223e-13
36.0,0.0,7.463949664404004e-05,4.506194186955272e-07,0.8130946711690745,0.19683023871512656,0.0,2.637889906509372e-13
36.25,0.0,6.486905888138296e-05,3.942795326226682e-07,0.8113075275985161,0.198627209063334,0.0,2.6423307986078726e-13
36.5,0.0,5.639292791724903e-05,3.45085610574619e-07,0.809523305926221,0.20041995606051516,0.0,2.6401103525586223e-13
36.75,0.0,4.903779897293528e-05,3.021186129659416e-07,0.8077421722464195,0.2022084878362584,0.0,2.637889906509372e-13
37.0,0.0,4.2653787460740766e-05,2.6457933324777145e-07,0.8059642687923149,0.20399281284115514,0.0,2.6401103525586223e-13
37.25,0.0,3.711123018398969e-05,2.31772500840063e-07,0.8041897171982518,0.20577293979932715,0.0,2.637889906509372e-13
37.5,0.0,3.2297943991220776e-05,2.0309310920340763e-07,0.8024186212953895,0.207548877667774,0.0,2.6401103525586223e-13
37.75,0.0,2.811686094522335e-05,1.7801458291153513e-07,0.8006510695234251,0.20932063560131067,0.0,2.6401103525586223e-13
38.0,0.0,2.4483954608172643e-05,1.5607838503156497e-07,0.7988871370454774,0.21108822292179338,0.0,2.6401103525586223e-13
38.25,0.0,2.132649396305793e-05,1.3688520234945706e-07,0.7971268875288597,0.2128516490922389,0.0,2.6401103525586223e-13
38.5,0.0,1.8581499068272016e-05,1.2008714107512988e-07,0.7953703747201603,0.21461092369389445,0.0,2.6401103525586223e-13
38.75,0.0,1.6194428558792906e-05,1.0538104930031683e-07,0.793617643783895,0.21636605640676082,0.0,2.637889906509372e-13
39.0,0.0,1.4118036358151666e-05,9.250267943229337e-08,0.7918687324686177,0.21811705699260886,0.0,2.6401103525586223e-13
39.25,0.0,1.2311380328173306e-05,8.122160390050337e-08,0.7901236721180891,0.21986393528024292,0.0,2.6401103525586223e-13
39.5,0.0,1.0738980510623043e-05,7.133686466961478e-08,0.7883824885298935,0.2216067011529953,0.0,2.6401103525586223e-13
39.75,0.0,9.370076713319443e-06,6.267312745678642e-08,0.7866452027127462,0.22334536453767703,0.0,2.6401103525586223e-13
40.0,0.0,8.177998666998078e-06,5.5077392261922986e-08,0.7849118315289921,0.22507993539521262,0.0,2.6401103525586223e-13
40.25,0.0,7.139613013905029e-06,4.841609569479357e-08,0.7831823882587492,0.22681042371240526,0.0,2.6401103525586223e-13
40.5,0.0,6.2348483416089565e-06,4.257260563253831e-08,0.7814568830844495,0.22853683949486725,0.0,2.6401103525586223e-13
40.75,0.0,5.4462881576364936e-06,3.744505880645143e-08,0.779735323506082,0.23025919276096554,0.0,2.6401103525586223e-13
41.0,0.0,4.758812861776981e-06,3.294445254904273e-08,0.7780177147064589,0.2319774935364908,0.0,2.6401103525586223e-13
41.25,0.0,4.159296048533163e-06,2.8993011631630335e-08,0.7763040598610589,0.23369175185014493,0.0,2.6401103525586223e-13
41.5,0.0,3.6363368138674285e-06,2.552274413785108e-08,0.7745943604111454,0.2354019777295606,0.0,2.6401103525586223e-13
41.75,0.0,3.1800295981139315e-06,2.247419107682902e-08,0.7728886162985898,0.23710818119788504,0.0,2.6401103525586223e-13
42.0,0.0,2.7817677765071324e-06,1.9795350388418964e-08,0.7711868261662639,0.2388103722708732,0.0,2.6401103525586223e-13
42.25,0.0,2.4340693735934235e-06,1.7440720033456687e-08,0.7694889875358624,0.24050856095430795,0.0,2.6401103525586223e-13
42.5,0.0,2.130429689920901e-06,1.537048080417651e-08,0.7677950969582634,0.24220275724182977,0.0,2.6401103525586223e-13
42.75,0.0,1.8651920831015295e-06,1.3549776705169696e-08,0.7661051501453664,0.2438929711130378,0.0,2.6401103525586223e-13
43.0,0.0,1.633434114860853e-06,1.1948078629520724e-08,0.76441914208625,0.24557921253182066,0.0,2.6401103525586223e-13
43.25,0.0,1.4308734833331668e-06,1.0538651213071208e-08,0.7627370671431372,0.24726149144499232,0.0,2.6401103525586223e-13
43.5,0.0,1.2537823077632517e-06,9.298067965648983e-09,0.7610589191388396,0.24893981778104873,0.0,2.6401103525586223e-13
43.75,0.0,1.098914701075355e-06,8.205797229569431e-09,0.7593846914306367,0.25061420144912905,0.0,2.6401103525586223e-13
44.0,0.0,9.634445667418438e-07,7.24384382764701e-09,0.757714376973721,0.25228465233813235,0.0,2.6401103525586223e-13
44.25,0.0,8.449093440911836e-07,6.396425040080999e-09,0.7560479683785726,0.25395118031592245,0.0,2.6401103525586223e-13
44.5,0.0,7.411630424474211e-07,5.649696679536685e-09,0.7543854579588485,0.25561379522867644,0.0,2.6401103525586223e-13
44.75,0.0,6.503355936824577e-07,4.9915144061906636e-09,0.752726837772826,0.25727250690032993,0.0,2.6401103525586223e-13
45.0,0.0,5.70796208878386e-07,4.411218507011746e-09,0.7510720996607549,0.2589273251320817,0.0,2.6401103525586223e-13
45.25,0.0,5.011226564135312e-07,3.899451266825073e-09,0.7494212352761658,0.26057825970199056,0.0,2.6401103525586223e-13
45.5,0.0,4.4007474954318885e-07,3.4479982054679905e-09,0.7477742361128794,0.26222532036463686,0.0,2.6401103525586223e-13
45.75,0.0,3.8656993319140946e-07,3.049642300102153e-09,0.746131093529874,0.2638685168508145,0.0,2.6401103525586223e-13
46.0,0.0,3.396631101477759e-07,2.698041758462617e-09,0.7444917987718225,0.2655078588672896,0.0,2.6401103525586223e-13
46.25,0.0,2.985295432151795e-07,2.387625315490563e-09,0.7428563429864884,0.26714335609660705,0.0,2.6401103525586223e-13
46.5,0.0,2.6244879986433646e-07,2.1134945593635238e-09,0.7412247172410582,0.2687750181969114,0.0,2.6401103525586223e-13
46.75,0.0,2.3079143210338365e-07,1.8713417165925693e-09,0.7395969125356793,0.2704028548018109,0.0,2.6401103525586223e-13
47.0,0.0,2.0300765825077333e-07,1.657379100396491e-09,0.7379729198149535,0.27202687552027327,0.0,2.6401103525586223e-13
47.25,0.0,1.786171693937721e-07,1.468275511487119e-09,0.7363527299782816,0.2736470899365374,0.0,2.6401103525586223e-13
47.5,0.0,1.5719949521746676e-07,1.3010965379477881e-09,0.7347363338896385,0.2752635076100337,0.0,2.6401103525586223e-13
47.75,0.0,1.383872330520892e-07,1.1532607285921476e-09,0.73312372238442,0.2768761380753502,0.0,2.6401103525586223e-13
48.0,0.0,1.2185905877790122e-07,1.0224954532828746e-09,0.7315148862765154,0.27848499084219436,0.0,2.6401103525586223e-13
48.25,0.0,1.0733372320620426e-07,9.067986135627459e-10,0.7299098163643725,0.28009007539536973,0.0,2.6401103525586223e-13
48.5,0.0,9.456500791484284e-08,8.044060771282445e-10,0.7283085034360819,0.281691401194768,0.0,2.6401103525586223e-13
48.75,0.0,8.333747820096611e-08,7.137639337123664e-10,0.7267109382736483,0.28328897767537353,0.0,2.6401103525586223e-13
49.0,0.0,7.34626542882449e-08,6.335034583739576e-10,0.7251171116568319,0.28488281424727435,0.0,2.6401103525586223e-13
49.25,0.0,6.477521387824132e-08,5.624166318856729e-10,0.7235270143669612,0.2864729202956723,0.0,2.6401103525586223e-13
49.5,0.0,5.713021525873029e-08,4.994375866138733e-10,0.7219406371897007,0.2880593051809104,0.0,2.6401103525586223e-13
49.75,0.0,5.04008569939676e-08,4.436273116442253e-10,0.7203579709172712,0.2896419782385086,0.0,2.6401103525586223e-13
50.0,0.0,4.447592312383175e-08,3.9415693031498457e-10,0.7187790063509905,0.2912209487791936,0.0,2.6401103525586223e-13
50.25,0.0,3.9257842751028515e-08,3.50294584180355e-10,0.7172037343031886,0.29279622608893807,0.0,2.6401103525586223e-13
50.5,0.0,3.4661031974986745e-08,3.113941320740105e-10,0.7156321455988326,0.2943678194290053,0.0,2.6401103525586223e-13
50.75,0.0,3.061048010402389e-08,2.7688541201643285e-10,0.7140642310769018,0.29593573803599665,0.0,2.6401103525586223e-13
51.0,0.0,2.7040430874212535e-08,2.4626519834237026e-10,0.7124999815916672,0.29749999112190073,0.0,2.6401103525586223e-13
51.25,0.0,2.389302493509168e-08,2.1908807539481046e-10,0.7109393880140098,0.29906058787414114,0.0,2.6401103525586223e-13
51.5,0.0,2.111743577361311e-08,1.94960260785965e-10,0.7093824412322354,0.3006175374556326,0.0,2.6401103525586223e-13
51.75,0.0,1.8669138567629704e-08,1.7353430751783407e-10,0.7078291321527519,0.30217084900483915,0.0,2.6401103525586223e-13
52.0,0.0,1.650898381640428e-08,1.5450279318856377e-10,0.706279451700949,0.3037205316358283,0.0,2.637889906509372e-13
52.25,0.0,1.4602554490563635e-08,1.3759372196148017e-10,0.7047333908217859,0.30526659443833,0.0,2.6401103525586223e-13
52.5,0.0,1.2919598715556629e-08,1.2256645693008397e-10,0.7031909404803022,0.30680904647779655,0.0,2.637889906509372e-13
52.75,0.0,1.143354436793901e-08,1.0920820364728024e-10,0.7016520916620477,0.30834789679546376,0.0,2.6401103525586223e-13
53.0,0.0,1.012104690425317e-08,9.733074770560004e-11,0.7001168353734741,0.3098831544084122,0.0,2.6401103525586223e-13
53.25,0.0,8.961526788802717e-09,8.676717959508531e-11,0.6985851626423418,0.3114148283096282,0.0,2.6401103525586223e-13
53.5,0.0,7.936869187928538e-09,7.736963948660522e-11,0.6970570645179579,0.31294292746806723,0.0,2.6401103525586223e-13
53.75,0.0,7.0311687106180835e-09,6.900737518065763e-11,0.6955325320713694,0.31446746082871835,0.0,2.6401103525586223e-13
54.0,0.0,6.230412399131961e-09,6.156446689729453e-11,0.6940115563956206,0.31598843731266635,0.0,2.637889906509372e-13
54.25,0.0,5.522256230166288e-09,5.493814647207571e-11,0.6924941286059133,0.3175058658171563,0.0,2.6401103525586223e-13
54.5,0.0,4.895827753678759e-09,4.903730894320865e-11,0.6909802398397411,0.3190197552156577,0.0,2.637889906509372e-13
54.75,0.0,4.341556664796507e-09,4.378122178613438e-11,0.6894698812569968,0.32053011435792916,0.0,2.637889906509372e-13
55.0,0.0,3.851017165144813e-09,3.9098328343358036e-11,0.6879630440400654,0.3220369520700831,0.0,2.6401103525586223e-13
55.25,0.0,3.4167676372170685e-09,3.492505251630685e-11,0.6864597193939214,0.3235402771546499,0.0,2.6401103525586223e-13
55.5,0.0,3.0322445959373707e-09,3.120496216293981e-11,0.6849598985461715,0.32504009839064296,0.0,2.6401103525586223e-13
55.75,0.0,2.691672160975266e-09,2.7888045939137695e-11,0.6834635727470796,0.3265364245336242,0.0,2.6401103525586223e-13
56.0,0.0,2.3899517073813252e-09,2.492987907135559e-11,0.6819707332696141,0.3280292643157682,0.0,2.6401103525586223e-13
56.25,0.0,2.1225828922297172e-09,2.229099897486982e-11,0.6804813714094629,0.3295186264459273,0.0,2.6401103525586223e-13
56.5,0.0,1.8855938651082242e-09,1.9936351737774287e-11,0.6789954784850372,0.3310045196096965,0.0,2.637889906509372e-13
56.75,0.0,1.675481162834791e-09,1.7834810651781373e-11,0.6775130458374696,0.33248695246947835,0.0,2.6401103525586223e-13
57.0,0.0,1.4891538457869697e-09,1.5958730175105915e-11,0.6760340648306038,0.3339659336645476,0.0,2.6401103525586223e-13
57.25,0.0,1.323876993179193e-09,1.4283502419456413e-11,0.6745585268509879,0.33544147181111567,0.0,2.6401103525586223e-13
57.5,0.0,1.177233660417206e-09,1.2787241911463644e-11,0.6730864233078477,0.3369135755023953,0.0,2.6401103525586223e-13
57.75,0.0,1.0470922722025799e-09,1.1450512118857343e-11,0.6716177456330558,0.3383822533086654,0.0,2.6401103525586223e-13
58.0,0.0,9.315675615129839e-10,1.0256014471168118e-11,0.6701524852811058,0.33984751377733463,0.0,2.6401103525586223e-13
58.25,0.0,8.289922157814086e-10,9.188352719111544e-12,0.668690633729077,0.34130936543300633,0.0,2.637889906509372e-13
58.5,0.0,7.378917990394342e-10,8.23382379511668e-12,0.6672321824765962,0.3427678167775421,0.0,2.6401103525586223e-13
58.75,0.0,6.569630865239539e-10,7.380235362251407e-12,0.6657771230457947,0.34422287629012593,0.0,2.6401103525586223e-13
59.0,0.0,5.85053946873887e-10,6.6167368828298475e-12,0.6643254469812653,0.3456745524273281,0.0,2.6401103525586223e-13
59.25,0.0,5.211430981564192e-10,5.9336523652112125e-12,0.6628771458500186,0.3471228536231685,0.0,2.637889906509372e-13
59.5,0.0,4.6432624799004575e-10,5.322359738725704e-12,0.6614322112414348,0.34856778828918056,0.0,2.6401103525586223e-13
59.75,0.0,4.138041682078459e-10,4.775185850499683e-12,0.6599906347672104,0.3500093648144741,0.0,2.6401103525586223e-13
60.0,0.0,3.688686388932273e-10,4.285288644014809e-12,0.6585524080613111,0.35144759156579886,0.0,2.6401103525586223e-13
60.25,0.0,3.288921075583319e-10,3.846566836262203e-12,0.6571175227799181,0.3528824768876074,0.0,2.6423307986078726e-13
60.5,0.0,2.933185344539726e-10,3.4535796544561727e-12,0.655685970601374,0.35431402910211784,0.0,2.6401103525586223e-13
60.75,0.0,2.616554596984091e-10,3.1014766163107305e-12,0.6542577432261304,0.35574225650937674,0.0,2.6401103525586223e-13
61.0,0.0,2.3346664297991024e-10,2.785932542401837e-12,0.6528328323766899,0.3571671673873214,0.0,2.637889906509372e-13
61.25,0.0,2.083646928578632e-10,2.5030834718673615e-12,0.6514112297975538,0.3585887699918423,0.0,2.6401103525586223e-13
61.5,0.0,1.8600593971860662e-10,2.249479802277575e-12,0.6499929272551632,0.3600070725568453,0.0,2.6401103525586223e-13
61.75,0.0,1.6608600816618835e-10,2.0220453645980265e-12,0.6485779165378425,0.36142208329431347,0.0,2.6401103525586223e-13
62.0,0.0,1.4833467669862651e-10,1.8180320679400782e-12,0.6471661894557421,0.3628338103943691,0.0,2.6401103525586223e-13
62.25,0.0,1.3251204770507913e-10,1.6349847455319905e-12,0.6457577378407816,0.3642422620253354,0.0,2.6401103525586223e-13
62.5,0.0,1.1840515330189375e-10,1.4707098758286064e-12,0.6443525535465906,0.3656474463337974,0.0,2.6401103525586223e-13
62.75,0.0,1.0582500555617638e-10,1.3232481423404473e-12,0.6429506284484515,0.36704937144466426,0.0,2.6401103525586223e-13
63.0,0.0,9.460386149892742e-11,1.1908490467683723e-12,0.64155195444324,0.3684480454612293,0.0,2.6401103525586223e-13
63.25,0.0,8.459249667011473e-11,1.0719459683284723e-12,0.6401565234493679,0.3698434764652317,0.0,2.6401103525586223e-13
63.5,0.0,7.565827985061184e-11,9.6513768690494e-13,0.6387643274067237,0.3712356725169169,0.0,2.6401103525586223e-13
63.75,0.0,6.768350462652992e-11,8.691721958479163e-13,0.6373753582766137,0.37262464165509757,0.0,2.6401103525586223e-13
64.0,0.0,6.056347951434971e-11,7.829289678939335e-13,0.6359896080417042,0.37401039189721336,0.0,2.6401103525586223e-13
64.25,0.0,5.420508772598055e-11,7.054050662937507e-13,0.6346070687059616,0.3753929312393919,0.0,2.6401103525586223e-13
64.5,0.0,4.8525509427560215e-11,6.357027705350339e-13,0.6332277322945944,0.37677226765650834,0.0,2.6401103525586223e-13
64.75,0.0,4.345110813870011e-11,5.730186917563425e-13,0.6318515908539943,0.3781484091022455,0.0,2.6401103525586223e-13
65.0,0.0,3.8916398818112194e-11,5.1663370517748e-13,0.6304786364516775,0.37952136350915344,0.0,2.6401103525586223e-13
65.25,0.0,3.486302352888531e-11,4.659030937298486e-13,0.629108861176226,0.3808911387887091,0.0,2.6401103525586223e-13
65.5,0.0,3.1239017718941943e-11,4.2024915536056715e-13,0.627742257137229,0.3822577428313757,0.0,2.6401103525586223e-13
65.75,0.0,2.7998172258161568e-11,3.791547070126198e-13,0.6263788164652249,0.3836211835066618,0.0,2.6401103525586223e-13
66.0,0.0,2.5099312698877254e-11,3.421560435666396e-13,0.6250185313116421,0.3849814686631805,0.0,2.6401103525586223e-13
66.25,0.0,2.2505749546502298e-11,3.088373690689169e-13,0.6236613938487414,0.386338606128708,0.0,2.6401103525586223e-13
66.5,0.0,2.0184789988595626e-11,2.7882582845970225e-13,0.6223073962695577,0.3876926037102428,0.0,2.6401103525586223e-13
66.75,0.0,1.8107311177412142e-11,2.517871261121284e-13,0.6209565307878414,0.38904346919406346,0.0,2.6401103525586223e-13
67.0,0.0,1.6247365003274317e-11,2.2742147392891536e-13,0.6196087896380015,0.39039121034578766,0.0,2.6401103525586223e-13
67.25,0.0,1.4581787326671438e-11,2.0545963718968237e-13,0.6182641650750469,0.3917358349104299,0.0,2.6401103525586223e-13
67.5,0.0,1.308991426286036e-11,1.856599338560614e-13,0.6169226493745288,0.39307735061245974,0.0,2.6401103525586223e-13
67.75,0.0,1.175333470669239e-11,1.678055902555685e-13,0.6155842348324834,0.3944157651558594,0.0,2.6401103525586223e-13
68.0,0.0,1.0555614155573559e-11,1.5170190323753936e-13,0.6142489137653752,0.39575108622418165,0.0,2.6401103525586223e-13
68.25,0.0,9.482081778595211e-12,1.3717397479596703e-13,0.6129166785100376,0.39708332148060704,0.0,2.6401103525586223e-13
68.5,0.0,8.519641061996293e-12,1.2406468815160255e-13,0.6115875214236189,0.39841247856800144,0.0,2.6401103525586223e-13
68.75,0.0,7.656603883941877e-12,1.1223291840495416e-13,0.6102614348835222,0.39973856510897304,0.0,2.6401103525586223e-13
69.0,0.0,6.882536893544426e-12,1.0155187792384827e-13,0.6089384112873506,0.40106158870592934,0.0,2.6401103525586223e-13
69.25,0.0,6.188110185725298e-12,9.190750645578706e-14,0.60761844305285,0.4023815569411341,0.0,2.6401103525586223e-13
69.5,0.0,5.56498601281363e-12,8.319723580742468e-14,0.6063015226178522,0.4036984773767637,0.0,2.6401103525586223e-13
69.75,0.0,5.005721414999262e-12,7.532889823215375e-14,0.6049876424402192,0.40501235755496384,0.0,2.6401103525586223e-13
70.0,0.0,4.503660793694283e-12,6.821956568653458e-14,0.6036767949977863,0.40632320499790586,0.0,2.6401103525586223e-13
70.25,0.0,4.052852236340235e-12,6.179461507031728e-14,0.6023689727883066,0.4076310272078427,0.0,2.6401103525586223e-13
70.5,0.0,3.647973012615694e-12,5.598689191173026e-14,0.601064168329395,0.40893583166716513,0.0,2.6401103525586223e-13
70.75,0.0,3.284264120156819e-12,5.073596918107196e-14,0.599762374158472,0.41023762583845713,0.0,2.6401103525586223e-13
71.0,0.0,2.9574697021696973e-12,4.5987461924890355e-14,0.5984635828327086,0.4115364171645521,0.0,2.6423307986078726e-13
71.25,0.0,2.6637775767978524e-12,4.16923622625714e-14,0.5971677869289709,0.4128322130685878,0.0,2.6423307986078726e-13
71.5,0.0,2.39977496479122e-12,3.7806523715579356e-14,0.5958749790437642,0.41412502095406223,0.0,2.6401103525586223e-13
71.75,0.0,2.162409640890397e-12,3.4290204316835354e-14,0.5945851517931792,0.41541484820488817,0.0,2.6401103525586223e-13
72.0,0.0,1.9489475272362633e-12,3.110758492946456e-14,0.5932982978128353,0.4167017021854488,0.0,2.6401103525586223e-13
72.25,0.0,1.7569393415798341e-12,2.8226378108870497e-14,0.592014409757827,0.4179855902406519,0.0,2.6401103525586223e-13
72.5,0.0,1.5841908627064113e-12,2.5617477653416263e-14,0.5907334803026693,0.41926651969598505,0.0,2.6401103525586223e-13
72.75,0.0,1.4287367418712561e-12,2.3254647283497498e-14,0.5894555021412421,0.42054449785756987,0.0,2.6401103525586223e-13
73.0,0.0,1.2888162687760443e-12,2.111423275199372e-14,0.5881804679867376,0.42181953201221645,0.0,2.6401103525586223e-13
73.25,0.0,1.1628496589449807e-12,1.9174883218488757e-14,0.5869083705716046,0.4230916294274774,0.0,2.6401103525586223e-13
73.5,0.0,1.0494201957244855e-12,1.74173330275212e-14,0.5856392026474949,0.42436079735170223,0.0,2.6401103525586223e-13
73.75,0.0,9.472585159791904e-13,1.5824207867672548e-14,0.5843729569852102,0.4256270430140907,0.0,2.6401103525586223e-13
74.0,0.0,8.552256262532774e-13,1.4379822031283628e-14,0.5831096263746474,0.42689037362474713,0.0,2.6401103525586223e-13
74.25,0.0,7.722994223501954e-13,1.3070012484990532e-14,0.5818492036247455,0.4281507963747333,0.0,2.6401103525586223e-13
74.5,0.0,6.975626550388153e-13,1.1881989984786742e-14,0.5805916815634321,0.42940831843612254,0.0,2.6401103525586223e-13
74.75,0.0,6.301923050390587e-13,1.0804206510711293e-14,0.5793370530375707,0.4306629469620523,0.0,2.6401103525586223e-13
75.0,0.0,5.694497523843646e-13,9.826232664960331e-15,0.5780853109129069,0.4319146890867779,0.0,2.6401103525586223e-13
75.25,0.0,5.14671186153789e-13,8.938639293294628e-15,0.5768364480740158,0.43316355192572464,0.0,2.6401103525586223e-13
75.5,0.0,4.652603022530095e-13,8.132903889458083e-15,0.5755904574242491,0.43440954257554154,0.0,2.6401103525586223e-13
75.75,0.0,4.2068186040025477e-13,7.40132725201457e-15,0.5743473318856828,0.43565266811415315,0.0,2.6401103525586223e-13
76.0,0.0,3.8045478481058904e-13,6.736946955501509e-15,0.5731070643990646,0.4368929356008124,0.0,2.6423307986078726e-13
76.25,0.0,3.4414664025930603e-13,6.133466003350553e-15,0.5718696479237609,0.4381303520761528,0.0,2.6401103525586223e-13
76.5,0.0,3.11368694075709e-13,5.585188715813638e-15,0.5706350754377063,0.4393649245622407,0.0,2.6401103525586223e-13
76.75,0.0,2.817715460616609e-13,5.086963517995955e-15,0.56940333993735,0.44059666006262715,0.0,2.6401103525586223e-13
77.0,0.0,2.550410854283012e-13,4.634130018759215e-15,0.5681744344376046,0.44182556556239977,0.0,2.6401103525586223e-13
77.25,0.0,2.3089455759107595e-13,4.222468022815407e-15,0.5669483519717943,0.4430516480282346,0.0,2.6401103525586223e-13
77.5,0.0,2.090775379300318e-13,3.848156854090453e-15,0.5657250855916037,0.44427491440844735,0.0,2.6401103525586223e-13
77.75,0.0,1.893612546851822e-13,3.5077390488398655e-15,0.5645046283670261,0.44549537163304515,0.0,2.6401103525586223e-13
78.0,0.0,1.7153974690018034e-13,3.198082918001537e-15,0.5632869733863117,0.4467130266137775,0.0,2.6401103525586223e-13
78.25,0.0,1.5542757009375057e-13,2.9163514597437187e-15,0.5620721137559183,0.4479278862441874,0.0,2.6401103525586223e-13
78.5,0.0,1.4085774248257818e-13,2.6599743833206095e-15,0.5608600426004579,0.4491399573996626,0.0,2.6401103525586223e-13
78.75,0.0,1.2767992322010637e-13,2.426623089730904e-15,0.559650753062648,0.4503492469374859,0.0,2.6401103525586223e-13
79.0,0.0,1.1575872697058166e-13,2.214187523604394e-15,0.5584442383032598,0.45155576169688616,0.0,2.6401103525586223e-13
79.25,0.0,1.04972088524509e-13,2.0207539148354235e-15,0.5572404915010684,0.4527595084990886,0.0,2.6401103525586223e-13
79.5,0.0,9.520999197779449e-14,1.844586869672422e-15,0.5560395058528017,0.4539604941473653,0.0,2.6401103525586223e-13
79.75,0.0,8.637334370841734e-14,1.6841133490824227e-15,0.5548412745730907,0.45515872542708524,0.0,2.6401103525586223e-13
80.0,0.0,7.837278549608261e-14,1.5379062525900838e-15,0.5536457908944197,0.4563542091057645,0.0,2.6401103525586223e-13
80.25,0.0,7.112772885721336e-14,1.4046706952732723e-15,0.5524530480670754,0.45754695193311606,0.0,2.6401103525586223e-13
80.5,0.0,6.456548942761848e-14,1.2832316399679299e-15,0.5512630393590987,0.4587369606410995,0.0,2.6401103525586223e-13
80.75,0.0,5.862051741264544e-14,1.1725228132968474e-15,0.5500757580562334,0.4599242419439707,0.0,2.6401103525586223e-13
81.0,0.0,5.323368558954327e-14,1.071576447871493e-15,0.5488911974618783,0.4611088025383314,0.0,2.6401103525586223e-13
81.25,0.0,4.835160010710346e-14,9.795134366571504e-16,0.5477093508970363,0.4622906491031784,0.0,2.6401103525586223e-13
81.5,0.0,4.392605984932046e-14,8.955353469359927e-16,0.5465302117002665,0.46346978829995267,0.0,2.6401103525586223e-13
81.75,0.0,3.9913575815526313e-14,8.189172600393635e-16,0.5453537732276349,0.46464622677258843,0.0,2.6401103525586223e-13
82.0,0.0,3.6274868752237943e-14,7.490004777616615e-16,0.5441800288526647,0.46581997114756213,0.0,2.637889906509372e-13
82.25,0.0,3.297445737322364e-14,6.851863865901472e-16,0.5430089719662892,0.4669910280339412,0.0,2.6401103525586223e-13
82.5,0.0,2.9980288725760547e-14,6.269309197116423e-16,0.5418405959768009,0.4681594040234325,0.0,2.6401103525586223e-13
82.75,0.0,2.7263408862648137e-14,5.737395836994921e-16,0.5406748943098053,0.4693251056904308,0.0,2.6401103525586223e-13
83.0,0.0,2.4797658109936566e-14,5.251628544304492e-16,0.5395118604081716,0.4704881395920672,0.0,2.6401103525586223e-13
83.25,0.0,2.2559376746602856e-14,4.807917653142797e-16,0.5383514877319837,0.4716485122682573,0.0,2.6401103525586223e-13
83.5,0.0,2.05271720481464e-14,4.4025430120390875e-16,0.5371937697584939,0.47280623024174917,0.0,2.6401103525586223e-13
83.75,0.0,1.8681710707889976e-14,4.0321215825950636e-16,0.5360386999820738,0.4739613000181712,0.0,2.6401103525586223e-13
84.0,0.0,1.7005503373516475e-14,3.693574614052799e-16,0.5348862719141667,0.47511372808608,0.0,2.6401103525586223e-13
84.25,0.0,1.5482726787567355e-14,3.384099862339889e-16,0.5337364790832404,0.4762635209170078,0.0,2.6401103525586223e-13
84.5,0.0,1.4099063907450065e-14,3.101146478751281e-16,0.5325893150347394,0.4774106849655102,0.0,2.6401103525586223e-13
84.75,0.0,1.2841561156804006e-14,2.8423924140675603e-16,0.5314447733310376,0.4785552266692133,0.0,2.6401103525586223e-13
85.0,0.0,1.1698496316486891e-14,2.6057234926990857e-16,0.5303028475513911,0.4796971524488609,0.0,2.6401103525586223e-13
85.25,0.0,1.0659251190977013e-14,2.3892133911502734e-16,0.5291635312918914,0.4808364687083616,0.0,2.6401103525586223e-13
85.5,0.0,9.714209959513675e-15,2.1911071529259568e-16,0.5280268181654183,0.4819731818348358,0.0,2.6401103525586223e-13
85.75,0.0,8.854668396512148e-15,2.0098063456886064e-16,0.5268927018015926,0.48310729819866227,0.0,2.6401103525586223e-13
86.0,0.0,8.072740253610901e-15,1.8438540997545505e-16,0.5257611758467307,0.48423882415352504,0.0,2.6401103525586223e-13
86.25,0.0,7.361279461549575e-15,1.6919223734279214e-16,0.5246322339637967,0.4853677660364598,0.0,2.6401103525586223e-13
86.5,0.0,6.713810097771516e-15,1.5528004251960864e-16,0.5235058698323569,0.4864941301679003,0.0,2.6401103525586223e-13
86.75,0.0,6.124463728898306e-15,1.4253844205155228e-16,0.5223820771485336,0.4876179228517243,0.0,2.6401103525586223e-13
87.0,0.0,5.587921411076286e-15,1.308667802907199e-16,0.5212608496249582,0.48873915037530014,0.0,2.6401103525586223e-13
87.25,0.0,5.099357892499287e-15,1.201732093786681e-16,0.5201421809907263,0.48985781900953257,0.0,2.6401103525586223e-13
87.5,0.0,4.654396707859605e-15,1.1037392645816655e-16,0.5190260649913511,0.4909739350089083,0.0,2.6401103525586223e-13
87.75,0.0,4.249069987133175e-15,1.0139248549560898e-16,0.5179124953887178,0.49208750461154194,0.0,2.6401103525586223e-13
88.0,0.0,3.8797772573767e-15,9.315910682923392e-17,0.5168014659610384,0.49319853403922165,0.0,2.6401103525586223e-13
88.25,0.0,3.5432509879240837e-15,8.561008629351969e-17,0.515692970502806,0.49430702949745436,0.0,2.6401103525586223e-13
88.5,0.0,3.2365255309600396e-15,7.868725955995632e-17,0.5145870028247496,0.49541299717551107,0.0,2.6401103525586223e-13
88.75,0.0,2.9569092769437654e-15,7.233751828419606e-17,0.5134835567537888,0.49651644324647226,0.0,2.6401103525586223e-13
89.0,0.0,2.7019588733650917e-15,6.651236164111708e-17,0.5123826261329887,0.49761737386727256,0.0,2.6401103525586223e-13
89.25,0.0,2.469454465486566e-15,6.116746835907494e-17,0.5112842048215155,0.498715795178746,0.0,2.6401103525586223e-13
89.5,0.0,2.2573796156059324e-15,5.626233954263749e-17,0.510188286694591,0.49981171330567065,0.0,2.6401103525586223e-13
89.75,0.0,2.0639032925494226e-15,5.1759975804896297e-17,0.5090948656434489,0.500905134356813,0.0,2.6401103525586223e-13
90.0,0.0,1.887361513360897e-15,4.76265547265719e-17,0.5080039355752889,0.5019960644249731,0.0,2.6401103525586223e-13
90.25,0.0,1.7262418968389534e-15,4.383115340895024e-17,0.506915490413234,0.5030845095870283,0.0,2.6401103525586223e-13
90.5,0.0,1.5791697195722727e-15,4.0345496588985237e-17,0.5058295240962848,0.5041704759039777,0.0,2.6401103525586223e-13
90.75,0.0,1.4448953907639977e-15,3.7143728695873694e-17,0.5047460305792763,0.5052539694209863,0.0,2.6401103525586223e-13
91.0,0.0,1.3222828517474911e-15,3.4202202480615935e-17,0.5036650038328334,0.5063349961674293,0.0,2.6401103525586223e-13
91.25,0.0,1.210298453118626e-15,3.149927753245438e-17,0.5025864378433275,0.5074135621569352,0.0,2.6401103525586223e-13
91.5,0.0,1.1080018670090537e-15,2.901515106269457e-17,0.5015103266128323,0.5084896733874307,0.0,2.6401103525586223e-13
91.75,0.0,1.0145379196065502e-15,2.6731704654287e-17,0.5004366641590803,0.5095633358411827,0.0,2.6401103525586223e-13
92.0,0.0,9.291283093280923e-16,2.4632351775230953e-17,0.49936544451541953,0.5106345554848435,0.0,2.6401103525586223e-13
92.25,0.0,8.510645984278182e-16,2.2701905968413382e-17,0.4982966617307702,0.5117033382694929,0.0,2.6401103525586223e-13
92.5,0.0,7.797018773936466e-16,2.0926461013313534e-17,0.49723030986958117,0.512769690130682,0.0,2.6401103525586223e-13
92.75,0.0,7.144530631184205e-16,1.9293282283348115e-17,0.49616638301178717,0.5138336169884761,0.0,2.6401103525586223e-13
93.0,0.0,6.547836162469515e-16,1.7790705952461312e-17,0.49510487525276536,0.5148951247474979,0.0,2.6401103525586223e-13
93.25,0.0,6.002064834136095e-16,1.6408043012555307e-17,0.4940457807032933,0.51595421929697,0.0,2.6401103525586223e-13
93.5,0.0,5.502779358188905e-16,1.5135498179119255e-17,0.4929890934895055,0.517010906510758,0.0,2.6401103525586223e-13
93.75,0.0,5.045938217939701e-16,1.3964096313642098e-17,0.49193480775285076,0.5180651922474128,0.0,2.6401103525586223e-13
94.0,0.0,4.627857853001747e-16,1.288560948152537e-17,0.49088291765005054,0.519117082350213,0.0,2.6401103525586223e-13
94.25,0.0,4.2451804833860657e-16,1.1892493606976994e-17,0.48983341735305563,0.5201665826472079,0.0,2.6401103525586223e-13
94.5,0.0,3.8948449815056037e-16,1.0977830799128774e-17,0.4887863010490046,0.5212136989512589,0.0,2.6401103525586223e-13
94.75,0.0,3.574060609163485e-16,1.0135276974620364e-17,0.48774156294018156,0.5222584370600821,0.0,2.6401103525586223e-13
95.0,0.0,3.2802826762787947e-16,9.359013239062016e-18,0.48669919724397354,0.5233008027562901,0.0,2.6401103525586223e-13
95.25,0.0,3.01118926689924e-16,8.643699630414111e-18,0.48565919819282966,0.524340801807434,0.0,2.6401103525586223e-13
95.5,0.0,2.7646619614665535e-16,7.984435814310316e-18,0.4846215600342187,0.525378439966045,0.0,2.6401103525586223e-13
95.75,0.0,2.538768443514486e-16,7.376725359132077e-18,0.48358627703058776,0.526413722969676,0.0,2.6401103525586223e-13
96.0,0.0,2.3317450272006624e-16,6.8164404395996365e-18,0.48255334345932055,0.5274466565409432,0.0,2.6401103525586223e-13
96.25,0.0,2.1419817128354527e-16,6.2997910485225746e-18,0.4815227536126963,0.5284772463875675,0.0,2.6401103525586223e-13
96.5,0.0,1.968008639114155e-16,5.823296925364399e-18,0.4804945017978481,0.5295054982024157,0.0,2.6401103525586223e-13
96.75,0.0,1.8084838457144642e-16,5.383762019195649e-18,0.4794685823367225,0.5305314176635414,0.0,2.6401103525586223e-13
97.0,0.0,1.6621819267693114e-16,4.9782507714102185e-18,0.4784449895660374,0.5315550104342264,0.0,2.6401103525586223e-13
97.25,0.0,1.527983194995198e-16,4.604065568520461e-18,0.4774237178372424,0.5325762821630214,0.0,2.6401103525586223e-13
97.5,0.0,1.4048646490417996e-16,4.2587274794274104e-18,0.4764047615164769,0.533595238483787,0.0,2.6401103525586223e-13
97.75,0.0,1.2918918085955377e-16,3.9399587167966746e-18,0.47538811498453026,0.5346118850157336,0.0,2.6401103525586223e-13
98.0,0.0,1.1882105465669625e-16,3.645665362902843e-18,0.4743737726368008,0.5356262273634632,0.0,2.6401103525586223e-13
98.25,0.0,1.0930400683389406e-16,3.373922238247993e-18,0.4733617288832555,0.5366382711170083,0.0,2.6401103525586223e-13
98.5,0.0,1.0056665383172721e-16,3.122959086101414e-18,0.47235197814839003,0.5376480218518739,0.0,2.6401103525586223e-13
98.75,0.0,9.254373127415592e-17,2.8911479834106797e-18,0.4713445148711879,0.5386554851290761,0.0,2.6401103525586223e-13
99.0,0.0,8.517555900305658e-17,2.6769916421867713e-18,0.47033933350508084,0.5396606664951831,0.0,2.6401103525586223e-13
99.25,0.0,7.8407530750339e-17,2.4791122957916314e-18,0.469336428517909,0.540663571482355,0.0,2.6401103525586223e-13
99.5,0.0,7.218968614316151e-17,2.2962421549842623e-18,0.46833579439188067,0.5416642056083832,0.0,2.6401103525586223e-13
99.75,0.0,6.647632312491583e-17,2.127214703578859e-18,0.46733742562353286,0.5426625743767312,0.0,2.6401103525586223e-13
100.0,0.0,6.122561173960615e-17,1.970956149999157e-18,0.46634131672369145,0.5436586832765725,0.0,2.6401103525586223e-13
100.25,0.0,5.639926058470386e-17,1.8264779091580582e-18,0.4653474622174323,0.5446525377828317,0.0,2.6401103525586223e-13
100.5,0.0,5.1962213598277957e-17,1.692869728664507e-18,0.4643558566440408,0.5456441433562232,0.0,2.6401103525586223e-13
100.75,0.0,4.7882375214715414e-17,1.5692934150237794e-18,0.46336649455697376,0.5466335054432903,0.0,2.6401103525586223e-13
101.0,0.0,4.413035530144484e-17,1.4549770001919159e-18,0.46237937052381967,0.5476206294764443,0.0,2.6401103525586223e-13
101.25,0.0,4.067922608381603e-17,1.3492092031622139e-18,0.4613944791262596,0.5486055208740044,0.0,2.6401103525586223e-13
101.5,0.0,3.750431710157881e-17,1.2513346503386883e-18,0.4604118149600287,0.5495881850402353,0.0,2.6401103525586223e-13
101.75,0.0,3.4583029200674124e-17,1.1607495092542323e-18,0.45943137263487677,0.5505686273653871,0.0,2.6401103525586223e-13
102.0,0.0,3.1894649844938604e-17,1.0768972118249433e-18,0.45845314677453036,0.5515468532257336,0.0,2.6401103525586223e-13
102.25,0.0,2.9420192894884074e-17,9.992646786798613e-19,0.4574771320166535,0.5525228679836105,0.0,2.6401103525586223e-13
102.5,0.0,2.714225275813644e-17,9.273788623585703e-19,0.4565033230128096,0.5534966769874544,0.0,2.6401103525586223e-13
102.75,0.0,2.5044871962740256e-17,8.608035872392483e-19,0.4555317144284229,0.5544682855718411,0.0,2.6401103525586223e-13
103.0,0.0,2.3113418201849288e-17,7.991366094972297e-19,0.4545623009427404,0.5554376990575236,0.0,2.6401103525586223e-13
103.25,0.0,2.1334467261865e-17,7.420068272265481e-19,0.45359507724879383,0.5564049227514702,0.0,2.6401103525586223e-13
103.5,0.0,1.9695703720113233e-17,6.890718614483817e-19,0.4526300380533611,0.5573699619469029,0.0,2.6401103525586223e-13
103.75,0.0,1.8185830706986186e-17,6.400158427946378e-19,0.4516671780769291,0.558332821923335,0.0,2.6401103525586223e-13
104.0,0.0,1.6794480606446273e-17,5.945472488423479e-19,0.45070649205365526,0.5592935079466088,0.0,2.6401103525586223e-13
104.25,0.0,1.5512137253788612e-17,5.523969878669973e-19,0.44974797473133027,0.5602520252689338,0.0,2.6401103525586223e-13
104.5,0.0,1.4330065015989894e-17,5.133166420606477e-19,0.44879162087134034,0.5612083791289236,0.0,2.6401103525586223e-13
104.75,0.0,1.3240244293017527e-17,4.770768590653688e-19,0.44783742524862996,0.5621625747516341,0.0,2.6401103525586223e-13
105.0,0.0,1.2235311601796734e-17,4.434658545749977e-19,0.44688538265166394,0.5631146173486001,0.0,2.6401103525586223e-13
105.25,0.0,1.1308502572648705e-17,4.122879920534315e-19,0.4459354878823908,0.5640645121178733,0.0,2.6401103525586223e-13
105.5,0.0,1.0453603342014083e-17,3.8336254573232095e-19,0.4449877357562053,0.5650122642440588,0.0,2.6401103525586223e-13
105.75,0.0,9.66490630849616e-18,3.5652256702895215e-19,0.4440421211019116,0.5659578788983525,0.0,2.6401103525586223e-13
106.0,0.0,8.937166483784903e-18,3.3161377937262814e-19,0.4430986387616861,0.566901361238578,0.0,2.6401103525586223e-13
106.25,0.0,8.265563307481883e-18,3.084935955491588e-19,0.44215728359104056,0.5678427164092235,0.0,2.6401103525586223e-13
106.5,0.0,7.645665793069894e-18,2.8703021561882254e-19,0.44121805045878587,0.5687819495414782,0.0,2.6401103525586223e-13
106.75,0.0,7.073400778598171e-18,2.671017997437961e-19,0.4402809342469948,0.5697190657532692,0.0,2.6401103525586223e-13
107.0,0.0,6.5450234175853835e-18,2.4859569764623975e-19,0.4393459298509661,0.570654070149298,0.0,2.6401103525586223e-13
107.25,0.0,6.057089124221263e-18,2.3140771802403492e-19,0.4384130321791873,0.5715869678210768,0.0,2.6401103525586223e-13
107.5,0.0,5.60642952997875e-18,2.15441489515544e-19,0.43748223615329956,0.5725177638469646,0.0,2.6423307986078726e-13
107.75,0.0,5.190130563009202e-18,2.0060787420591392e-19,0.4365535367080603,0.5734464632922038,0.0,2.6401103525586223e-13
108.0,0.0,4.805510883837383e-18,1.868243969977702e-19,0.43562692879130804,0.5743730712089561,0.0,2.6401103525586223e-13
108.25,0.0,4.450102946630389e-18,1.7401473655574752e-19,0.43470240736392574,0.5752975926363385,0.0,2.6423307986078726e-13
108.5,0.0,4.121635689608854e-18,1.6210825737707828e-19,0.43377996739980523,0.5762200326004588,0.0,2.6401103525586223e-13
108.75,0.0,3.818018742620632e-18,1.5103958008603906e-19,0.43285960388581174,0.5771403961144523,0.0,2.6401103525586223e-13
109.0,0.0,3.5373277409888885e-18,1.4074818088893105e-19,0.4319413118217476,0.5780586881785165,0.0,2.6401103525586223e-13
109.25,0.0,3.2777903718633453e-18,1.3117801191683855e-19,0.43102508622031716,0.5789749137799469,0.0,2.6401103525586223e-13
109.5,0.0,3.03777435800419e-18,1.2227716778311764e-19,0.4301109221070911,0.579889077893173,0.0,2.6401103525586223e-13
109.75,0.0,2.8157764851571364e-18,1.1399757910559227e-19,0.42919881452047104,0.5808011854797931,0.0,2.6401103525586223e-13
110.0,0.0,2.6104118361666835e-18,1.0629471487498937e-19,0.4282887585116546,0.5817112414886095,0.0,2.6401103525586223e-13
110.25,0.0,2.420404300578153e-18,9.912731609697095e-20,0.4273807491445997,0.5826192508556644,0.0,2.6401103525586223e-13
110.5,0.0,2.2445778892026404e-18,9.245715063561883e-20,0.42647478149599033,0.5835252185042739,0.0,2.6423307986078726e-13
110.75,0.0,2.0818487978055895e-18,8.624878775849937e-20,0.42557085065520045,0.5844291493450636,0.0,2.6401103525586223e-13
111.0,0.0,1.9312180225768997e-18,8.046938784355187e-20,0.4246689517242604,0.5853310482760037,0.0,2.6401103525586223e-13
111.25,0.0,1.7917643477548477e-18,7.50885031011725e-20,0.4237690798178212,0.5862309201824429,0.0,2.6401103525586223e-13
111.5,0.0,1.6626382790464268e-18,7.007790186924808e-20,0.42287123006312016,0.5871287699371439,0.0,2.6401103525586223e-13
111.75,0.0,1.543056495388315e-18,6.541140688496202e-20,0.4219753975999469,0.5880246024003172,0.0,2.6401103525586223e-13
112.0,0.0,1.432296418454538e-18,6.106473849209665e-20,0.4210815775806079,0.5889184224196563,0.0,2.6423307986078726e-13
112.25,0.0,1.3296914084596342e-18,5.701537389787692e-20,0.42018976516989265,0.5898102348303714,0.0,2.6401103525586223e-13
112.5,0.0,1.2346263617274372e-18,5.324241746715829e-20,0.4192999555450399,0.5907000444552242,0.0,2.6401103525586223e-13
112.75,0.0,1.1465336819487084e-18,4.9726481272178105e-20,0.4184121438957028,0.5915878561045613,0.0,2.6401103525586223e-13
113.0,0.0,1.0648895293689712e-18,4.6449573601151384e-20,0.4175263254239147,0.5924736745763494,0.0,2.6401103525586223e-13
113.25,0.0,9.892102606886415e-19,4.339499332641906e-20,0.4166424953440562,0.593357504656208,0.0,2.6401103525586223e-13
113.5,0.0,9.190493355510919e-19,4.0547236419784335e-20,0.4157606488828202,0.594239351117444,0.0,2.6423307986078726e-13
113.75,0.0,8.539944830978177e-19,3.789190978362957e-20,0.41488078127917877,0.5951192187210853,0.0,2.6401103525586223e-13
114.0,0.0,7.936649348590672e-19,3.5415647841172415e-20,0.4140028877843494,0.5959971122159147,0.0,2.6401103525586223e-13
114.25,0.0,7.377089684243154e-19,3.310603744760647e-20,0.41312696366176116,0.5968730363385029,0.0,2.6401103525586223e-13
114.5,0.0,6.85801653638109e-19,3.0951548602766097e-20,0.41225300418702193,0.5977469958132422,0.0,2.6401103525586223e-13
114.75,0.0,6.376427870860162e-19,2.8941470554359425e-20,0.4113810046478837,0.5986189953523804,0.0,2.6401103525586223e-13
115.0,0.0,5.929549679326196e-19,2.7065852118387635e-20,0.41051096034421103,0.599489039656053,0.0,2.6401103525586223e-13
115.25,0.0,5.514817723326636e-19,2.531544514347936e-20,0.40964286658794646,0.6003571334123177,0.0,2.6401103525586223e-13
115.5,0.0,5.129861604148349e-19,2.3681654297723434e-20,0.40877671870307797,0.601223281297186,0.0,2.6401103525586223e-13
115.75,0.0,4.772490150509886e-19,2.215649072168858e-20,0.40791251202560624,0.6020874879746578,0.0,2.6401103525586223e-13
116.0,0.0,4.440677177730651e-19,2.0732527228671862e-20,0.40705024190351136,0.6029497580967527,0.0,2.6401103525586223e-13
116.25,0.0,4.1325488050858953e-19,1.9402857862260562e-20,0.40618990369672026,0.6038100963035439,0.0,2.6401103525586223e-13
116.5,0.0,3.84637180408563e-19,1.8161060532311084e-20,0.4053314927770736,0.6046685072231905,0.0,2.6401103525586223e-13
116.75,0.0,3.580542904901078e-19,1.7001162511494993e-20,0.4044750045282939,0.6055249954719703,0.0,2.6401103525586223e-13
117.0,0.0,3.333578828563696e-19,1.5917608187134928e-20,0.40362043434595235,0.6063795656543117,0.0,2.6401103525586223e-13
117.25,0.0,3.104106833016314e-19,1.4905228514301577e-20,0.4027677776374369,0.6072322223628273,0.0,2.6401103525586223e-13
117.5,0.0,2.890856430276867e-19,1.3959213792267678e-20,0.4019170298219194,0.6080829701783448,0.0,2.6423307986078726e-13
117.75,0.0,2.6926517779581932e-19,1.3075088503493372e-20,0.40106818633032393,0.6089318136699402,0.0,2.6401103525586223e-13
118.0,0.0,2.5084042782436374e-19,1.2248687023623157e-20,0.4002212426052943,0.6097787573949698,0.0,2.6401103525586223e-13
118.25,0.0,2.3371059660892507e-19,1.1476131635747264e-20,0.39937619410116204,0.610623805899102,0.0,2.6401103525586223e-13
118.5,0.0,2.1778234272676807e-19,1.0753812193398805e-20,0.3985330362839146,0.6114669637163495,0.0,2.6401103525586223e-13
118.75,0.0,2.0296922087382175e-19,1.007836731583677e-20,0.39769176463116335,0.6123082353691007,0.0,2.6401103525586223e-13
119.0,0.0,1.8919116051714304e-19,9.446666800418072e-21,0.3968523746321119,0.6131476253681521,0.0,2.6401103525586223e-13
119.25,0.0,1.7637397156138936e-19,8.85579496334326e-21,0.3960148617875244,0.6139851382127397,0.0,2.6401103525586223e-13
119.5,0.0,1.6444890957884027e-19,8.303035744270077e-21,0.39517922160969376,0.6148207783905703,0.0,2.6401103525586223e-13
119.75,0.0,1.533522758795664e-19,7.785858921487864e-21,0.3943454496224105,0.6156545503778534,0.0,2.6401103525586223e-13
120.0,0.0,1.4302502916179035e-19,7.30190681963815e-21,0.3935135413609314,0.6164864586393327,0.0,2.6401103525586223e-13
120.25,0.0,1.3341243753838296e-19,6.848982247798247e-21,0.3926834923719474,0.6173165076283167,0.0,2.6401103525586223e-13
120.5,0.0,1.2446375805310872e-19,6.4250373287019066e-21,0.39185529821355336,0.6181447017867108,0.0,2.6401103525586223e-13
120.75,0.0,1.1613194173672902e-19,6.028163156333605e-21,0.39102895445521635,0.6189710455450478,0.0,2.6401103525586223e-13
121.0,0.0,1.0837335833905224e-19,5.656580116223549e-21,0.3902044566777449,0.6197955433225192,0.0,2.6401103525586223e-13
121.25,0.0,1.0114753538220546e-19,5.308628716580223e-21,0.3893818004732579,0.6206181995270064,0.0,2.6423307986078726e-13
121.5,0.0,9.441692780763455e-20,4.982761364533464e-21,0.38856098144515333,0.6214390185551107,0.0,2.6401103525586223e-13
121.75,0.0,8.814670579373732e-20,4.677534745823075e-21,0.3877419952080785,0.6222580047921855,0.0,2.6401103525586223e-13
122.0,0.0,8.230454904511288e-20,4.391602484402269e-21,0.38692483738789857,0.6230751626123655,0.0,2.6401103525586223e-13
122.25,0.0,7.686046194180112e-20,4.1237084652436964e-21,0.3861095036216659,0.6238904963785983,0.0,2.6423307986078726e-13
122.5,0.0,7.178660308427604e-20,3.87268064315023e-21,0.38529598955758987,0.6247040104426743,0.0,2.6423307986078726e-13
122.75,0.0,6.705712821239058e-20,3.637425303465106e-21,0.3844842908550065,0.6255157091452576,0.0,2.6401103525586223e-13
123.0,0.0,6.264804351025144e-20,3.416921686800417e-21,0.38367440318434803,0.6263255968159162,0.0,2.6423307986078726e-13
123.25,0.0,5.853706656666018e-20,3.2102168971698334e-21,0.3828663222271123,0.6271336777731518,0.0,2.6401103525586223e-13
123.5,0.0,5.470350320213735e-20,3.0164213212787563e-21,0.3820600436758333,0.6279399563244308,0.0,2.6401103525586223e-13
123.75,0.0,5.11281338610831e-20,2.834704378655143e-21,0.3812555632340504,0.6287444367662137,0.0,2.6401103525586223e-13
124.0,0.0,4.7793103629197e-20,2.6642904317049433e-21,0.38045287661627875,0.6295471233839853,0.0,2.6401103525586223e-13
124.25,0.0,4.4681823132598124e-20,2.5044550565929508e-21,0.37965197954797936,0.6303480204522848,0.0,2.6401103525586223e-13
124.5,0.0,4.1778877044969863e-20,2.3545215815307638e-21,0.3788528677655292,0.631147132234735,0.0,2.6401103525586223e-13
124.75,0.0,3.90699396629014e-20,2.2138578737887015e-21,0.3780555370161914,0.6319444629840728,0.0,2.6423307986078726e-13
125.0,0.0,3.6541696012609005e-20,2.0818733283941037e-21,0.37725998305808567,0.6327400169421784,0.0,2.6401103525586223e-13
125.25,0.0,3.418176708280466e-20,1.9580160153364184e-21,0.37646620166015893,0.6335337983401051,0.0,2.6401103525586223e-13
125.5,0.0,3.197864336494313e-20,1.8417701057769754e-21,0.3756741886021555,0.6343258113981085,0.0,2.6401103525586223e-13
125.75,0.0,2.9921623474784744e-20,1.732653481244532e-21,0.3748839396745881,0.635116060325676,0.0,2.6401103525586223e-13
126.0,0.0,2.8000754811402686e-20,1.6302154347133484e-21,0.37409545067870803,0.635904549321556,0.0,2.6401103525586223e-13
126.25,0.0,2.6206779946802233e-20,1.534034569794433e-21,0.37330871742647637,0.6366912825737878,0.0,2.6423307986078726e-13
126.5,0.0,2.453108707267182e-20,1.4437168483414213e-21,0.37252373574053466,0.6374762642597295,0.0,2.6401103525586223e-13
126.75,0.0,2.2965664216759833e-20,1.3588937761542375e-21,0.3717405014541759,0.6382594985460882,0.0,2.6401103525586223e-13
127.0,0.0,2.1503056431182503e-20,1.2792207013804534e-21,0.3709590104113158,0.6390409895889484,0.0,2.6423307986078726e-13
127.25,0.0,2.013632522277772e-20,1.2043752022803752e-21,0.37017925846646327,0.6398207415338009,0.0,2.6401103525586223e-13
127.5,0.0,1.885901237387454e-20,1.1340556286601656e-21,0.3694012414846924,0.6405987585155717,0.0,2.6401103525586223e-13
127.75,0.0,1.7665106486762143e-20,1.0679797453911639e-21,0.36862495534161305,0.6413750446586511,0.0,2.6423307986078726e-13
128.0,0.0,1.6549010677766626e-20,1.0058834290260006e-21,0.3678503959233426,0.6421496040769216,0.0,2.6423307986078726e-13
128.25,0.0,1.550551331751242e-20,9.47519474169509e-22,0.36707755912647744,0.6429224408737867,0.0,2.6401103525586223e-13
128.5,0.0,1.452976095397867e-20,8.926564829280038e-22,0.3663064408580642,0.6436935591422001,0.0,2.6423307986078726e-13
128.75,0.0,1.361723326399894e-20,8.410778316947859e-22,0.3655370370355715,0.6444629629646927,0.0,2.6423307986078726e-13
129.0,0.0,1.276371961540956e-20,7.925807014361805e-22,0.36476934358686175,0.6452306564134024,0.0,2.6401103525586223e-13
129.25,0.0,1.1965296857308331e-20,7.469751587584248e-22,0.3640033564501629,0.6459966435501013,0.0,2.6423307986078726e-13
129.5,0.0,1.1218309452065784e-20,7.040833223636629e-22,0.36323907157403995,0.6467609284262242,0.0,2.6423307986078726e-13
129.75,0.0,1.0519351080243817e-20,6.637385869444323e-22,0.36247648491736734,0.6475235150828969,0.0,2.6423307986078726e-13
130.0,0.0,9.865246897079356e-21,6.257848779446975e-22,0.3617155924493008,0.6482844075509634,0.0,2.6423307986078726e-13
130.25,0.0,9.253037423122484e-21,5.90075967662843e-22,0.3609563901492492,0.6490436098510151,0.0,2.6423307986078726e-13
130.5,0.0,8.679963619527799e-21,5.564748382515241e-22,0.3601988740068471,0.6498011259934171,0.0,2.6423307986078726e-13
130.75,0.0,8.143453064474362e-21,5.2485308839339925e-22,0.35944304002192673,0.6505569599783374,0.0,2.6401103525586223e-13
131.0,0.0,7.641107009945616e-21,4.950903760516092e-22,0.35868888420449063,0.6513111157957736,0.0,2.6423307986078726e-13
131.25,0.0,7.170688116592544e-21,4.670738903017695e-22,0.3579364025746835,0.6520635974255806,0.0,2.6401103525586223e-13
131.5,0.0,6.7301094489835344e-21,4.406978710271004e-22,0.3571855911627654,0.6528144088374989,0.0,2.6423307986078726e-13
131.75,0.0,6.31742427430884e-21,4.158631612018381e-22,0.3564364460090836,0.6535635539911806,0.0,2.6423307986078726e-13
132.0,0.0,5.9308162321795925e-21,3.9247677722730046e-22,0.35568896316404597,0.6543110368362183,0.0,2.6423307986078726e-13
132.25,0.0,5.568590389019843e-21,3.7045151384970894e-22,0.35494313868809285,0.6550568613121713,0.0,2.6423307986078726e-13
132.5,0.0,5.2291649409330394e-21,3.4970557577008477e-22,0.3541989686516708,0.6558010313485934,0.0,2.6401103525586223e-13
132.75,0.0,4.9110635194894246e-21,3.3016223412548973e-22,0.35345644913520485,0.6565435508650594,0.0,2.6423307986078726e-13
133.0,0.0,4.6129079827556914e-21,3.1174950363041866e-22,0.35271557622907135,0.6572844237711929,0.0,2.6423307986078726e-13
133.25,0.0,4.333411583670938e-21,2.943998365010259e-22,0.35197634603357153,0.6580236539666927,0.0,2.6423307986078726e-13
133.5,0.0,4.071372822852377e-21,2.7804984343846897e-22,0.35123875465890436,0.6587612453413598,0.0,2.6423307986078726e-13
133.75,0.0,3.82566974343374e-21,2.6264003325370376e-22,0.35050279822513974,0.6594972017751245,0.0,2.6423307986078726e-13
134.0,0.0,3.595254438357641e-21,2.4811456311563677e-22,0.3497684728621914,0.6602315271380728,0.0,2.6423307986078726e-13
134.25,0.0,3.379148040771737e-21,2.34421008461121e-22,0.34903577470979125,0.660964225290473,0.0,2.6423307986078726e-13
134.5,0.0,3.1764360724039452e-21,2.2151014822086893e-22,0.34830469991746144,0.6616953000828028,0.0,2.6423307986078726e-13
134.75,0.0,2.986264124878907e-21,2.0933576432422051e-22,0.3475752446444891,0.6624247553557752,0.0,2.6423307986078726e-13
135.0,0.0,2.8078338107078524e-21,1.9785445313031942e-22,0.34684740505989914,0.663152594940365,0.0,2.6423307986078726e-13
135.25,0.0,2.640398925903317e-21,1.870254466181181e-22,0.34612117734242825,0.6638788226578359,0.0,2.6423307986078726e-13
135.5,0.0,2.4832619875254924e-21,1.7681044900315553e-22,0.34539655768049843,0.6646034423197659,0.0,2.6423307986078726e-13
135.75,0.0,2.335771016469681e-21,1.6717348410403361e-22,0.34467354227219066,0.6653264577280735,0.0,2.6423307986078726e-13
136.0,0.0,2.1973164425468352e-21,1.5808074899921526e-22,0.34395212732521957,0.6660478726750446,0.0,2.6423307986078726e-13
136.25,0.0,2.067328275708979e-21,1.4950047895639668e-22,0.34323230905690616,0.6667676909433581,0.0,2.6423307986078726e-13
136.5,0.0,1.9452734765374784e-21,1.414028212205e-22,0.34251408369415287,0.6674859163061114,0.0,2.6423307986078726e-13
136.75,0.0,1.8306535121265604e-21,1.3375971706514363e-22,0.34179744747341695,0.6682025525268472,0.0,2.6423307986078726e-13
137.0,0.0,1.7230020630590227e-21,1.2654479078275315e-22,0.3410823966406853,0.668917603359579,0.0,2.6423307986078726e-13
137.25,0.0,1.6218828499789368e-21,1.197332443916591e-22,0.340368927451448,0.6696310725488163,0.0,2.6423307986078726e-13
137.5,0.0,1.5268876673264667e-21,1.1330176121111487e-22,0.33965703617067317,0.670342963829591,0.0,2.6423307986078726e-13
137.75,0.0,1.4376345542611725e-21,1.0722841568445738e-22,0.33894671907278123,0.671053280927483,0.0,2.6423307986078726e-13
138.0,0.0,1.3537660363757803e-21,1.0149258695016134e-22,0.3382379724416193,0.671762027558645,0.0,2.6423307986078726e-13
138.25,0.0,1.2749475152907744e-21,9.607487892885867e-23,0.3375307925704354,0.6724692074298289,0.0,2.6423307986078726e-13
138.5,0.0,1.2008657700744566e-21,9.095704557443753e-23,0.33682517576185406,0.6731748242384102,0.0,2.6423307986078726e-13
138.75,0.0,1.1312275627492536e-21,8.612192094514833e-23,0.3361211183278495,0.6738788816724147,0.0,2.6423307986078726e-13
139.0,0.0,1.0657583291305113e-21,8.155335334261882e-23,0.33541861658972216,0.6745813834105421,0.0,2.6423307986078726e-13
139.25,0.0,1.0042009377669844e-21,7.723614282472687e-23,0.334717666878072,0.6752823331221923,0.0,2.6423307986078726e-13
139.5,0.0,9.463145643174297e-22,7.31559838576223e-23,0.334018265532774,0.6759817344674903,0.0,2.6423307986078726e-13
139.75,0.0,8.918736432964406e-22,6.92994116277766e-23,0.33332040890295334,0.676679591097311,0.0,2.644551244657123e-13
140.0,0.0,8.406668610341073e-22,6.565375060106976e-23,0.33262409334696014,0.6773759066533042,0.0,2.6423307986078726e-13
140.25,0.0,7.924962314981942e-22,6.22070668787628e-23,0.33192931523234465,0.6780706847679197,0.0,2.6423307986078726e-13
140.5,0.0,7.471762353784004e-22,5.894812358712315e-23,0.3312360709358326,0.6787639290644317,0.0,2.644551244657123e-13
140.75,0.0,7.045330180811399e-22,5.5866339100326e-23,0.3305443568432999,0.6794556431569644,0.0,2.6423307986078726e-13
141.0,0.0,6.644036362979114e-22,5.295174766630584e-23,0.32985416934974887,0.6801458306505154,0.0,2.6423307986078726e-13
141.25,0.0,6.266353436430586e-22,5.0194962038140404e-23,0.3291655048592827,0.6808344951409816,0.0,2.6423307986078726e-13
141.5,0.0,5.910849411527298e-22,4.7587139107511564e-23,0.32847835978508155,0.6815216402151827,0.0,2.6423307986078726e-13
141.75,0.0,5.576181717670739e-22,4.511994769858868e-23,0.3277927305493778,0.6822072694508864,0.0,2.6423307986078726e-13
142.0,0.0,5.261091389475908e-22,4.278553771754001e-23,0.327108613583432,0.6828913864168322,0.0,2.6423307986078726e-13
142.25,0.0,4.964397721105083e-22,4.0576511532054546e-23,0.3264260053275078,0.6835739946727565,0.0,2.6423307986078726e-13
142.5,0.0,4.68499328132822e-22,3.848589714654156e-23,0.32574490223084857,0.6842550977694157,0.0,2.6423307986078726e-13
142.75,0.0,4.421839264660656e-22,3.650712305547178e-23,0.3250653007516526,0.6849346992486118,0.0,2.644551244657123e-13
143.0,0.0,4.173961121141955e-22,3.4633994526733367e-23,0.3243871973570491,0.6856128026432152,0.0,2.6423307986078726e-13
143.25,0.0,3.940444411909095e-22,3.28606710856732e-23,0.3237105885230746,0.6862894114771897,0.0,2.6423307986078726e-13
143.5,0.0,3.7204310322044843e-22,3.118164576661407e-23,0.3230354707346484,0.6869645292656159,0.0,2.6423307986078726e-13
143.75,0.0,3.513115686393537e-22,2.959172564923391e-23,0.32236184048554883,0.6876381595147154,0.0,2.6423307986078726e-13
144.0,0.0,3.317742505158615e-22,2.808601321789148e-23,0.3216896942783895,0.6883103057218748,0.0,2.6423307986078726e-13
144.25,0.0,3.133601929354136e-22,2.6659889040896497e-23,0.3210190286245955,0.6889809713756687,0.0,2.6423307986078726e-13
144.5,0.0,2.9600278011569854e-22,2.5308995520620233e-23,0.3203498400443797,0.6896501599558846,0.0,2.644551244657123e-13
144.75,0.0,2.796394648447315e-22,2.402922164501202e-23,0.31968212506671884,0.6903178749335455,0.0,2.6423307986078726e-13
145.0,0.0,2.6421151302524765e-22,2.281668859636054e-23,0.3190158802293305,0.6909841197709339,0.0,2.644551244657123e-13
145.25,0.0,2.496637613635905e-22,2.166773608395645e-23,0.318351102078649,0.6916488979216153,0.0,2.6423307986078726e-13
145.5,0.0,2.3594439604165443e-22,2.057890972539553e-23,0.31768778716980234,0.692312212830462,0.0,2.6423307986078726e-13
145.75,0.0,2.2300474594012447e-22,1.9546949197689458e-23,0.3170259320665889,0.6929740679336754,0.0,2.644551244657123e-13
146.0,0.0,2.107990842872127e-22,1.856877689105715e-23,0.31636553334145373,0.6936344666588107,0.0,2.644551244657123e-13
146.25,0.0,1.9928444561804461e-22,1.7641487349967964e-23,0.3157065875754655,0.6942934124247988,0.0,2.6423307986078726e-13
146.5,0.0,1.8842045473795406e-22,1.6762337357465332e-23,0.31504909135829356,0.6949509086419707,0.0,2.6423307986078726e-13
146.75,0.0,1.7816916688133424e-22,1.5928736621464574e-23,0.31439304128818457,0.6956069587120798,0.0,2.644551244657123e-13
147.0,0.0,1.6849491725043681e-22,1.513823897863965e-23,0.31373843397193946,0.6962615660283249,0.0,2.644551244657123e-13
147.25,0.0,1.593641782611808e-22,1.4388534037784966e-23,0.31308526602489045,0.696914733975374,0.0,2.644551244657123e-13
147.5,0.0,1.5074542886687971e-22,1.367743945005541e-23,0.31243353407087837,0.697566465929386,0.0,2.644551244657123e-13
147.75,0.0,1.426090323481218e-22,1.3002893643786571e-23,0.3117832347422296,0.6982167652580348,0.0,2.644551244657123e-13
148.0,0.0,1.3492711912568976e-22,1.2362948868264349e-23,0.3111343646797331,0.6988656353205313,0.0,2.644551244657123e-13
148.25,0.0,1.276734784335466e-22,1.1755764710560933e-23,0.3104869205326183,0.6995130794676461,0.0,2.644551244657123e-13
148.5,0.0,1.208234569954678e-22,1.117960200159643e-23,0.3098408989585317,0.7001591010417326,0.0,2.6423307986078726e-13
148.75,0.0,1.1435386423741702e-22,1.0632817086683251e-23,0.30919629662351494,0.7008037033767494,0.0,2.6423307986078726e-13
149.0,0.0,1.0824288300300902e-22,1.0113856410794042e-23,0.3085531102019818,0.7014468897982825,0.0,2.6423307986078726e-13
149.25,0.0,1.0246998481985867e-22,9.621251372455754e-24,0.307911336376696,0.7020886636235684,0.0,2.644551244657123e-13
149.5,0.0,9.701585217230487e-23,9.153613555186248e-24,0.30727097183874874,0.7027290281615156,0.0,2.644551244657123e-13
149.75,0.0,9.186230573681265e-23,8.709630241313614e-24,0.3066320132875363,0.703367986712728,0.0,2.644551244657123e-13
150.0,0.0,8.699223463000503e-23,8.288060116842125e-24,0.3059944574307379,0.7040055425695264,0.0,2.6423307986078726e-13
150.25,0.0,8.238953182361457e-23,7.88772926268516e-24,0.30535830098429323,0.7046416990159711,0.0,2.6423307986078726e-13
150.5,0.0,7.803903367605894e-23,7.507527383076642e-24,0.3047235406723808,0.7052764593278835,0.0,2.6423307986078726e-13
150.75,0.0,7.392646330789403e-23,7.146404256238729e-24,0.30409017322739523,0.7059098267728692,0.0,2.644551244657123e-13
151.0,0.0,7.003837722936156e-23,6.803366377751631e-24,0.3034581953899258,0.7065418046103386,0.0,2.644551244657123e-13
151.25,0.0,6.636211467395706e-23,6.477473769224851e-24,0.3028276039087341,0.7071723960915303,0.0,2.644551244657123e-13
151.5,0.0,6.28857510275879e-23,6.16783701601226e-24,0.30219839554073236,0.707801604459532,0.0,2.644551244657123e-13
151.75,0.0,5.959805418820926e-23,5.8736144777740055e-24,0.3015705670509615,0.7084294329493028,0.0,2.644551244657123e-13
152.0,0.0,5.64884427432023e-23,5.5940096178962514e-24,0.3009441152125695,0.7090558847876949,0.0,2.644551244657123e-13
152.25,0.0,5.354694718288552e-23,5.328268507517096e-24,0.3003190368067894,0.709680963193475,0.0,2.644551244657123e-13
152.5,0.0,5.076417355139818e-23,5.075677475088394e-24,0.29969532862291803,0.7103046713773463,0.0,2.644551244657123e-13
152.75,0.0,4.813126937486272e-23,4.8355608924135426e-24,0.29907298745829425,0.7109270125419702,0.0,2.644551244657123e-13
153.0,0.0,4.563989152516994e-23,4.607279079482651e-24,0.2984520101182772,0.7115479898819872,0.0,2.644551244657123e-13
153.25,0.0,4.328217570388873e-23,4.39022631170171e-24,0.2978323934162253,0.7121676065840391,0.0,2.644551244657123e-13
153.5,0.0,4.1050708338336544e-23,4.183828967076027e-24,0.29721413417347453,0.7127858658267898,0.0,2.644551244657123e-13
153.75,0.0,3.893850022066372e-23,3.987543779925359e-24,0.29659722921931714,0.7134027707809473,0.0,2.644551244657123e-13
154.0,0.0,3.6938961250306476e-23,3.8008561689916636e-24,0.2959816753909804,0.7140183246092839,0.0,2.644551244657123e-13
154.25,0.0,3.504587697385451e-23,3.623278672767013e-24,0.2953674695336055,0.714632530466659,0.0,2.644551244657123e-13
154.5,0.0,3.325338657841853e-23,3.454349474737105e-24,0.2947546085002259,0.7152453915000385,0.0,2.644551244657123e-13
154.75,0.0,3.155596224388401e-23,3.2936310130032686e-24,0.294143089151747,0.7158569108485174,0.0,2.644551244657123e-13
155.0,0.0,2.994838965535662e-23,3.1407086636339696e-24,0.29353290835692447,0.7164670916433399,0.0,2.644551244657123e-13
155.25,0.0,2.842574949218245e-23,2.995189487857032e-24,0.2929240629923437,0.7170759370079207,0.0,2.644551244657123e-13
155.5,0.0,2.69834003481951e-23,2.8567010653739213e-24,0.2923165499423983,0.717683450057866,0.0,2.644551244657123e-13
155.75,0.0,2.561696269608634e-23,2.7248903937797948e-24,0.29171036609927,0.7182896339009944,0.0,2.644551244657123e-13
156.0,0.0,2.4322303525530268e-23,2.5994228348239915e-24,0.29110550836290716,0.7188944916373572,0.0,2.644551244657123e-13
156.25,0.0,2.3095522053219474e-23,2.4799811269713797e-24,0.29050197364100455,0.7194980263592599,0.0,2.644551244657123e-13
156.5,0.0,2.193293630581326e-23,2.36626445389047e-24,0.2898997588489822,0.7201002411512822,0.0,2.644551244657123e-13
156.75,0.0,2.08310705195039e-23,2.2579875654622223e-24,0.2892988609099652,0.7207011390902992,0.0,2.644551244657123e-13
157.0,0.0,1.9786643239814787e-23,2.1548799448506514e-24,0.28869927675476287,0.7213007232455015,0.0,2.644551244657123e-13
157.25,0.0,1.8796556013996545e-23,2.0566850156327258e-24,0.2881010033218483,0.7218989966784162,0.0,2.644551244657123e-13
157.5,0.0,1.7857882938824214e-23,1.963159402292464e-24,0.2875040375573379,0.7224959624429266,0.0,2.644551244657123e-13
157.75,0.0,1.6967860838250344e-23,1.874072232009599e-24,0.2869083764149709,0.7230916235852936,0.0,2.644551244657123e-13
158.0,0.0,1.6123879854924806e-23,1.7892044661153707e-24,0.2863140168560895,0.723685983144175,0.0,2.644551244657123e-13
158.25,0.0,1.5323474685586266e-23,1.7083482728277723e-24,0.2857209558496178,0.7242790441506466,0.0,2.644551244657123e-13
158.5,0.0,1.456431634433828e-23,1.631306435003507e-24,0.2851291903720422,0.7248708096282221,0.0,2.644551244657123e-13
158.75,0.0,1.384420442009221e-23,1.5578917907979866e-24,0.28453871740739106,0.7254612825928732,0.0,2.6423307986078726e-13
159.0,0.0,1.3161059759519777e-23,1.4879267032893392e-24,0.28394953394721456,0.7260504660530499,0.0,2.644551244657123e-13
159.25,0.0,1.2512917511973948e-23,1.4212425553981666e-24,0.2833616369905644,0.7266383630097,0.0,2.644551244657123e-13
159.5,0.0,1.1897920689327415e-23,1.3576792780993713e-24,0.2827750235439744,0.72722497645629,0.0,2.644551244657123e-13
159.75,0.0,1.131431410838838e-23,1.2970849045991069e-24,0.28218969062143995,0.7278103093788244,0.0,2.644551244657123e-13
160.0,0.0,1.0760438589047154e-23,1.2393151434119264e-24,0.28160563524439863,0.7283943647558657,0.0,2.644551244657123e-13
160.25,0.0,1.023472554193026e-23,1.18423297731222e-24,0.2810228544417099,0.7289771455585544,0.0,2.6423307986078726e-13
160.5,0.0,9.735691877473844e-24,1.1317082843531793e-24,0.2804413452496358,0.7295586547506285,0.0,2.644551244657123e-13
160.75,0.0,9.261935216087961e-24,1.0816174796395684e-24,0.2798611047118208,0.7301388952884436,0.0,2.644551244657123e-13
161.0,0.0,8.812129358627644e-24,1.0338431754298781e-24,0.27928212987927253,0.7307178701209918,0.0,2.6423307986078726e-13
161.25,0.0,8.385019979397349e-24,9.882738573111464e-25,0.278704417810342,0.7312955821899224,0.0,2.644551244657123e-13
161.5,0.0,7.979420631303591e-24,9.448035812828964e-25,0.27812796557070385,0.7318720344295605,0.0,2.644551244657123e-13
161.75,0.0,7.594208984965181e-24,9.03331687272814e-25,0.2775527702333372,0.7324472297669271,0.0,2.6423307986078726e-13
162.0,0.0,7.228323226769737e-24,8.637625247630118e-25,0.27697882887850617,0.7330211711217582,0.0,2.644551244657123e-13
162.25,0.0,6.880758694207732e-24,8.260051947419737e-25,0.2764061385937402,0.7335938614065242,0.0,2.644551244657123e-13
162.5,0.0,6.550564708231689e-24,7.899733056526036e-25,0.275834696473815,0.7341653035264494,0.0,2.644551244657123e-13
162.75,0.0,6.2368415903050165e-24,7.555847425128212e-25,0.2752644996207331,0.7347355003795313,0.0,2.644551244657123e-13
163.0,0.0,5.938737839747302e-24,7.227614477086182e-25,0.27469554514370503,0.7353044548565594,0.0,2.644551244657123e-13
163.25,0.0,5.655447448766546e-24,6.914292120621344e-25,0.2741278301591295,0.7358721698411348,0.0,2.6423307986078726e-13
163.5,0.0,5.386207408032433e-24,6.615174791182939e-25,0.27356135179057484,0.7364386482096895,0.0,2.644551244657123e-13
163.75,0.0,5.13029535627766e-24,6.32959159896102e-25,0.2729961071687597,0.7370038928315047,0.0,2.644551244657123e-13
164.0,0.0,4.88702732926624e-24,6.056904554444047e-25,0.27243209343153396,0.7375679065687304,0.0,2.644551244657123e-13
164.25,0.0,4.655755654297889e-24,5.796506897655819e-25,0.27186930772386003,0.7381306922764044,0.0,2.644551244657123e-13
164.5,0.0,4.435866966286481e-24,5.547821516720726e-25,0.2713077471977939,0.7386922528024705,0.0,2.644551244657123e-13
164.75,0.0,4.226780337879499e-24,5.310299450562911e-25,0.27074740901246613,0.7392525909877984,0.0,2.644551244657123e-13
165.0,0.0,4.027945508930069e-24,5.083418466397787e-25,0.270188290334063,0.7398117096662015,0.0,2.644551244657123e-13
165.25,0.0,3.838841201697046e-24,4.866681703306642e-25,0.26963038833580816,0.7403696116644563,0.0,2.644551244657123e-13
165.5,0.0,3.658973553148836e-24,4.659616399919116e-25,0.2690737001979437,0.7409262998023207,0.0,2.644551244657123e-13
165.75,0.0,3.4878746365160055e-24,4.461772689156486e-25,0.2685182231077114,0.741481776892553,0.0,2.644551244657123e-13
166.0,0.0,3.325101045323177e-24,4.27272244355398e-25,0.26796395425933434,0.7420360457409301,0.0,2.644551244657123e-13
166.25,0.0,3.170232567289469e-24,4.0920581868476885e-25,0.26741089085399833,0.7425891091462661,0.0,2.644551244657123e-13
166.5,0.0,3.0228709337353787e-24,3.9193920629274097e-25,0.2668590300998334,0.743140969900431,0.0,2.644551244657123e-13
166.75,0.0,2.882638639866745e-24,3.754354858859365e-25,0.2663083692118954,0.743691630788369,0.0,2.644551244657123e-13
167.0,0.0,2.7491778270323326e-24,3.59659507612458e-25,0.2657589054121475,0.7442410945881168,0.0,2.6423307986078726e-13
167.25,0.0,2.622149218690184e-24,3.4457780446105717e-25,0.2652106359294422,0.7447893640708222,0.0,2.644551244657123e-13
167.5,0.0,2.501231128827383e-24,3.3015850904603797e-25,0.26466355799950275,0.7453364420007617,0.0,2.644551244657123e-13
167.75,0.0,2.3861185260414954e-24,3.163712747159898e-25,0.26411766886490495,0.7458823311353595,0.0,2.644551244657123e-13
168.0,0.0,2.2765221371322025e-24,3.0318719995875153e-25,0.2635729657750591,0.7464270342252052,0.0,2.6423307986078726e-13
168.25,0.0,2.1721676065551882e-24,2.905787570681533e-25,0.26302944598619216,0.7469705540140723,0.0,2.644551244657123e-13
168.5,0.0,2.072794703072033e-24,2.7851972451719893e-25,0.2624871067613289,0.7475128932389355,0.0,2.644551244657123e-13
168.75,0.0,1.9781565707335376e-24,2.669851228272952e-25,0.26194594537027455,0.7480540546299899,0.0,2.644551244657123e-13
169.0,0.0,1.888019018764236e-24,2.5595115356436335e-25,0.26140595908959685,0.7485940409106676,0.0,2.644551244657123e-13
169.25,0.0,1.8021598453016786e-24,2.453951411171019e-25,0.2608671452026077,0.7491328547976568,0.0,2.644551244657123e-13
169.5,0.0,1.7203682062593926e-24,2.3529547794550226e-25,0.26032950099934554,0.7496704990009189,0.0,2.644551244657123e-13
169.75,0.0,1.6424440191250915e-24,2.2563157263402376e-25,0.2597930237765577,0.7502069762237067,0.0,2.644551244657123e-13
170.0,0.0,1.5681973918856468e-24,2.163838001047691e-25,0.2592577108376824,0.750742289162582,0.0,2.644551244657123e-13
170.25,0.0,1.4974480869026599e-24,2.075334545885215e-25,0.2587235594928311,0.7512764405074334,0.0,2.644551244657123e-13
170.5,0.0,1.4300250144746098e-24,1.9906270500487596e-25,0.25819056705877075,0.7518094329414937,0.0,2.644551244657123e-13
170.75,0.0,1.3657657543046586e-24,1.9095455261638097e-25,0.25765873085890645,0.752341269141358,0.0,2.644551244657123e-13
171.0,0.0,1.3045161015383953e-24,1.8319279072246602e-25,0.2571280482232637,0.7528719517770008,0.0,2.644551244657123e-13
171.25,0.0,1.2461296342703701e-24,1.7576196617425778e-25,0.25659851648847076,0.7534014835117937,0.0,2.644551244657123e-13
171.5,0.0,1.1904673093359086e-24,1.6864734313916954e-25,0.2560701329977415,0.753929867002523,0.0,2.644551244657123e-13
171.75,0.0,1.1373970801667231e-24,1.6183486869552444e-25,0.25554289510085765,0.7544571048994069,0.0,2.644551244657123e-13
172.0,0.0,1.0867935307156727e-24,1.5531113985032107e-25,0.25501680015415173,0.7549831998461127,0.0,2.644551244657123e-13
172.25,0.0,1.0385375313889204e-24,1.4906337235247721e-25,0.25449184552048953,0.7555081544797749,0.0,2.644551244657123e-13
172.5,0.0,9.925159137671365e-25,1.4307937108114785e-25,0.25396802856925293,0.7560319714310115,0.0,2.644551244657123e-13
172.75,0.0,9.486211630010853e-25,1.3734750192188541e-25,0.2534453466763227,0.7565546533239418,0.0,2.644551244657123e-13
173.0,0.0,9.0675112582027e-25,1.3185666498113725e-25,0.25292379722406105,0.7570762027762034,0.0,2.644551244657123e-13
173.25,0.0,8.668087322368056e-25,1.2659626899924447e-25,0.25240337760129505,0.7575966223989693,0.0,2.644551244657123e-13
173.5,0.0,8.287017350928104e-25,1.2155620723078352e-25,0.25188408520329925,0.7581159147969653,0.0,2.644551244657123e-13
173.75,0.0,7.923424636282388e-25,1.1672683452596228e-25,0.2513659174317783,0.7586340825684862,0.0,2.644551244657123e-13
174.0,0.0,7.576475873823148e-25,1.1209894535470958e-25,0.25084887169485054,0.7591511283054139,0.0,2.644551244657123e-13
174.25,0.0,7.245378940398224e-25,1.0766375300665736e-25,0.2503329454070309,0.7596670545932335,0.0,2.644551244657123e-13
174.5,0.0,6.929380792419354e-25,1.03412869826876e-25,0.24981813598921385,0.7601818640110506,0.0,2.644551244657123e-13
174.75,0.0,6.627765476597795e-25,9.933828843071208e-26,0.24930444086865672,0.7606955591316077,0.0,2.644551244657123e-13
175.0,0.0,6.339852240489652e-25,9.543236380173181e-26,0.2487918574789628,0.7612081425213016,0.0,2.644551244657123e-13
175.25,0.0,6.064993730916499e-25,9.168779618290995e-26,0.2482803832600647,0.7617196167401997,0.0,2.644551244657123e-13
175.5,0.0,5.802574305656951e-25,8.809761493052699e-26,0.24777001565820755,0.7622299843420569,0.0,2.644551244657123e-13
175.75,0.0,5.552008434770715e-25,8.46551631608389e-26,0.2472607521259324,0.762739247874332,0.0,2.644551244657123e-13
176.0,0.0,5.312739168739447e-25,8.135408302449962e-26,0.24675259012205975,0.7632474098782046,0.0,2.644551244657123e-13
176.25,0.0,5.08423669551648e-25,7.818830175560744e-26,0.2462455271116727,0.7637544728885918,0.0,2.644551244657123e-13
176.5,0.0,4.865996974222918e-25,7.515201840573064e-26,0.2457395605661006,0.7642604394341638,0.0,2.644551244657123e-13
176.75,0.0,4.657540441045493e-25,7.223969122591648e-26,0.24523468796290274,0.7647653120373616,0.0,2.644551244657123e-13
177.0,0.0,4.458410779317038e-25,6.944602563468417e-26,0.2447309067858516,0.7652690932144128,0.0,2.644551244657123e-13
177.25,0.0,4.268173746307259e-25,6.676596271391862e-26,0.24422821452491672,0.7657717854753477,0.0,2.644551244657123e-13
177.5,0.0,4.086416072362103e-25,6.419466834007172e-26,0.24372660867624835,0.7662733913240161,0.0,2.644551244657123e-13
177.75,0.0,3.912744417686424e-25,6.172752284159288e-26,0.24322608674216106,0.7667739132581034,0.0,2.644551244657123e-13
178.0,0.0,3.7467843725644284e-25,5.936011107657526e-26,0.24272664623111753,0.767273353769147,0.0,2.644551244657123e-13
178.25,0.0,3.5881795146119045e-25,5.708821302362407e-26,0.24222828465771246,0.767771715342552,0.0,2.644551244657123e-13
178.5,0.0,3.436590515419645e-25,5.490779482826189e-26,0.24173099954265645,0.768269000457608,0.0,2.644551244657123e-13
178.75,0.0,3.291694293757035e-25,5.281500028057783e-26,0.24123478841275955,0.7687652115875049,0.0,2.644551244657123e-13
179.0,0.0,3.1531832102883913e-25,5.080614268384766e-26,0.2407396488009157,0.7692603511993488,0.0,2.644551244657123e-13
179.25,0.0,3.0207642990951914e-25,4.887769707636588e-26,0.2402455782460864,0.7697544217541781,0.0,2.644551244657123e-13
179.5,0.0,2.8941585456895165e-25,4.702629287493157e-26,0.23975257429328473,0.7702474257069797,0.0,2.644551244657123e-13
179.75,0.0,2.7731002023156076e-25,4.5248706869571786e-26,0.23926063449355972,0.7707393655067047,0.0,2.644551244657123e-13
180.0,0.0,2.6573361316417076e-25,4.3541856501007155e-26,0.23876975640398013,0.7712302435962843,0.0,2.644551244657123e-13
180.25,0.0,2.5466251872550785e-25,4.190279348007149e-26,0.23827993758761887,0.7717200624126456,0.0,2.644551244657123e-13
180.5,0.0,2.440737626170224e-25,4.032869771174897e-26,0.23779117561353696,0.7722088243867276,0.0,2.644551244657123e-13
180.75,0.0,2.339454551536801e-25,3.8816871507790046e-26,0.23730346805676808,0.7726965319434964,0.0,2.644551244657123e-13
181.0,0.0,2.2425673823513446e-25,3.736473406159832e-26,0.23681681249830266,0.7731831875019618,0.0,2.644551244657123e-13
181.25,0.0,2.1498773471902783e-25,3.596981616070287e-26,0.23633120652507228,0.7736687934751922,0.0,2.644551244657123e-13
181.5,0.0,2.061195007996593e-25,3.462975518065887e-26,0.23584664772993405,0.7741533522703304,0.0,2.644551244657123e-13
181.75,0.0,1.9763398081264455e-25,3.3342290314663005e-26,0.23536313371165515,0.7746368662886094,0.0,2.644551244657123e-13
182.0,0.0,1.8951396390494096e-25,3.210525799437964e-26,0.23488066207489708,0.7751193379253674,0.0,2.644551244657123e-13
182.25,0.0,1.8174304309382204e-25,3.091658753987277e-26,0.2343992304302004,0.7756007695700641,0.0,2.644551244657123e-13
182.5,0.0,1.7430557641269606e-25,2.9774297014338634e-26,0.2339188363939692,0.7760811636062953,0.0,2.644551244657123e-13
182.75,0.0,1.67186650026947e-25,2.8676489272993256e-26,0.23343947758845557,0.7765605224118088,0.0,2.644551244657123e-13
183.0,0.0,1.603720431162572e-25,2.762134818883419e-26,0.23296115164174458,0.7770388483585199,0.0,2.644551244657123e-13
183.25,0.0,1.538481943333138e-25,2.6607135039047814e-26,0.23248385618773862,0.7775161438125258,0.0,2.644551244657123e-13
183.5,0.0,1.4760217021670901e-25,2.5632185080293198e-26,0.2320075888661424,0.777992411134122,0.0,2.644551244657123e-13
183.75,0.0,1.4162163519116373e-25,2.4694904283021116e-26,0.23153234732244746,0.778467652677817,0.0,2.644551244657123e-13
184.0,0.0,1.358948227997814e-25,2.3793766195752e-26,0.2310581292079172,0.7789418707923472,0.0,2.644551244657123e-13
184.25,0.0,1.304105084959961e-25,2.292730896369058e-26,0.2305849321795717,0.7794150678206928,0.0,2.644551244657123e-13
184.5,0.0,1.2515798380354167e-25,2.209413248576527e-26,0.2301127539001726,0.7798872461000919,0.0,2.644551244657123e-13
184.75,0.0,1.2012703176877114e-25,2.12928957029893e-26,0.22964159203820803,0.7803584079620565,0.0,2.644551244657123e-13
185.0,0.0,1.153079035749477e-25,2.0522314006730002e-26,0.2291714442678775,0.780828555732387,0.0,2.644551244657123e-13
185.25,0.0,1.1069129619664426e-25,1.9781156756159105e-26,0.22870230826907723,0.7812976917311873,0.0,2.644551244657123e-13
185.5,0.0,1.062683313321668e-25,1.9068244923154635e-26,0.2282341817273848,0.7817658182728797,0.0,2.644551244657123e-13
185.75,0.0,1.0203053538036027e-25,1.8382448845068005e-26,0.22776706233404465,0.7822329376662198,0.0,2.644551244657123e-13
186.0,0.0,9.796982023533979e-26,1.7722686066256102e-26,0.22730094778595306,0.7826990522143115,0.0,2.644551244657123e-13
186.25,0.0,9.407846510531912e-26,1.7087919284139833e-26,0.22683583578564323,0.7831641642146212,0.0,2.644551244657123e-13
186.5,0.0,9.034909923321386e-26,1.647715438931383e-26,0.2263717240412707,0.7836282759589938,0.0,2.644551244657123e-13
186.75,0.0,8.677468546973844e-26,1.5889438594943518e-26,0.22590861026659856,0.7840913897336659,0.0,2.644551244657123e-13
187.0,0.0,8.334850461500647e-26,1.5323858647870552e-26,0.2254464921809828,0.7845535078192817,0.0,2.644551244657123e-13
187.25,0.0,8.006414045007032e-26,1.4779539114297696e-26,0.2249853675093576,0.7850146324909069,0.0,2.644551244657123e-13
187.5,0.0,7.6915465609025e-26,1.425564075193653e-26,0.2245252339822207,0.7854747660180438,0.0,2.644551244657123e-13
187.75,0.0,7.389662814203963e-26,1.37513589556934e-26,0.22406608933561906,0.7859339106646455,0.0,2.644551244657123e-13
188.0,0.0,7.100203862416203e-26,1.3265922264279453e-26,0.22360793131113396,0.7863920686891306,0.0,2.644551244657123e-13
188.25,0.0,6.822635794031742e-26,1.2798590937985743e-26,0.22315075765586692,0.7868492423443976,0.0,2.644551244657123e-13
188.5,0.0,6.556448566798579e-26,1.2348655600689433e-26,0.22269456612242505,0.7873054338778395,0.0,2.644551244657123e-13
188.75,0.0,6.301154902529134e-26,1.1915435942879841e-26,0.22223935446890658,0.7877606455313578,0.0,2.644551244657123e-13
189.0,0.0,6.056289233009477e-26,1.1498279480644906e-26,0.22178512045888682,0.7882148795413777,0.0,2.644551244657123e-13
189.25,0.0,5.821406691915488e-26,1.1096560365855306e-26,0.22133186186140333,0.7886681381388612,0.0,2.644551244657123e-13
189.5,0.0,5.596082162322381e-26,1.070967825531318e-26,0.22087957645094217,0.7891204235493223,0.0,2.644551244657123e-13
189.75,0.0,5.379909370170697e-26,1.033705723029168e-26,0.22042826200742335,0.7895717379928412,0.0,2.644551244657123e-13
190.0,0.0,5.172500014332878e-26,9.978144758090742e-27,0.21997791631618657,0.7900220836840779,0.0,2.644551244657123e-13
190.25,0.0,4.973482941573983e-26,9.632410702295545e-27,0.21952853716797746,0.7904714628322871,0.0,2.644551244657123e-13
190.5,0.0,4.7825033613381866e-26,9.299346377122905e-27,0.2190801223589329,0.7909198776413315,0.0,2.644551244657123e-13
190.75,0.0,4.5992220982372496e-26,8.978463643680122e-27,0.21863266969056744,0.7913673303096971,0.0,2.644551244657123e-13
191.0,0.0,4.4233148786968995e-26,8.669294044741172e-27,0.21818617696975898,0.7918138230305055,0.0,2.644551244657123e-13
191.25,0.0,4.2544716484409093e-26,8.371387974841681e-27,0.2177406420087347,0.7922593579915298,0.0,2.644551244657123e-13
191.5,0.0,4.0923959269456496e-26,8.084313890793486e-27,0.21729606262505743,0.7927039373752071,0.0,2.644551244657123e-13
191.75,0.0,3.9368041926247705e-26,7.807657556901629e-27,0.2168524366416114,0.7931475633586531,0.0,2.644551244657123e-13
192.0,0.0,3.787425292680701e-26,7.541021319294959e-27,0.21640976188658848,0.793590238113676,0.0,2.644551244657123e-13
192.25,0.0,3.643999882924037e-26,7.28402341375676e-27,0.21596803619347424,0.7940319638067902,0.0,2.644551244657123e-13
192.5,0.0,3.5062798942708015e-26,7.03629730396788e-27,0.2155272574010344,0.7944727425992301,0.0,2.644551244657123e-13
192.75,0.0,3.3740280245123557e-26,6.797491048681224e-27,0.2150874233533007,0.7949125766469638,0.0,2.644551244657123e-13
193.0,0.0,3.24701725303695e-26,6.567266695537707e-27,0.2146485318995574,0.7953514681007071,0.0,2.644551244657123e-13
193.25,0.0,3.125030376326828e-26,6.345299699364508e-27,0.21421058089432757,0.7957894191059369,0.0,2.644551244657123e-13
193.5,0.0,3.007859568174206e-26,6.1312783683212455e-27,0.2137735681973593,0.7962264318029052,0.0,2.644551244657123e-13
193.75,0.0,2.8953059605533743e-26,5.92490333406227e-27,0.21333749167361216,0.7966625083266523,0.0,2.644551244657123e-13
194.0,0.0,2.787179241198243e-26,5.7258870421662615e-27,0.21290234919324372,0.7970976508070208,0.0,2.644551244657123e-13
194.25,0.0,2.683297271290871e-26,5.5339532657241165e-27,0.21246813863159575,0.7975318613686688,0.0,2.644551244657123e-13
194.5,0.0,2.583485721113493e-26,5.348836640008553e-27,0.21203485786918097,0.7979651421310836,0.0,2.644551244657123e-13
194.75,0.0,2.4875777227295458e-26,5.170282217212184e-27,0.2116025047916694,0.798397495208595,0.0,2.644551244657123e-13
195.0,0.0,2.395413538165545e-26,4.998045039701709e-27,0.21117107728987514,0.7988289227103894,0.0,2.644551244657123e-13
195.25,0.0,2.3068402416599615e-26,4.8318897303234015e-27,0.21074057325974263,0.7992594267405219,0.0,2.644551244657123e-13
195.5,0.0,2.2217114185272938e-26,4.671590101990807e-27,0.2103109906023337,0.7996890093979308,0.0,2.644551244657123e-13
195.75,0.0,2.13988687797823e-26,4.516928783973515e-27,0.20988232722381386,0.8001176727764506,0.0,2.644551244657123e-13
196.0,0.0,2.061232377308107e-26,4.367696862359772e-27,0.20945458103543924,0.8005454189648252,0.0,2.644551244657123e-13
196.25,0.0,1.9856193596523024e-26,4.223693536607023e-27,0.20902774995354348,0.800972250046721,0.0,2.644551244657123e-13
196.5,0.0,1.9129247038992555e-26,4.084725790776533e-27,0.208601831899524,0.8013981681007405,0.0,2.644551244657123e-13
196.75,0.0,1.843030486136506e-26,3.950608078755606e-27,0.20817682479982952,0.801823175200435,0.0,2.644551244657123e-13
197.0,0.0,1.7758237516183202e-26,3.8211620224098244e-27,0.20775272658594623,0.8022472734143183,0.0,2.644551244657123e-13
197.25,0.0,1.7111962963051832e-26,3.696216121666597e-27,0.2073295351943853,0.8026704648058792,0.0,2.644551244657123e-13
197.5,0.0,1.6490444596298573e-26,3.575605478015443e-27,0.20690724856666937,0.8030927514335952,0.0,2.644551244657123e-13
197.75,0.0,1.5892689267405182e-26,3.459171529677744e-27,0.20648586464931967,0.8035141353509448,0.0,2.644551244657123e-13
198.0,0.0,1.5317745385170215e-26,3.346761796733785e-27,0.20606538139384323,0.8039346186064213,0.0,2.644551244657123e-13
198.25,0.0,1.4764701107866826e-26,3.238229637480045e-27,0.20564579675671946,0.8043542032435451,0.0,2.644551244657123e-13
198.5,0.0,1.4232682618097515e-26,3.1334340150628833e-27,0.2052271086993877,0.8047728913008769,0.0,2.646771690706373e-13
198.75,0.0,1.372085247615014e-26,3.0322392739075976e-27,0.20480931518823403,0.8051906848120305,0.0,2.644551244657123e-13
199.0,0.0,1.3228408045126373e-26,2.93451492521884e-27,0.20439241419457857,0.805607585805686,0.0,2.646771690706373e-13
199.25,0.0,1.2754579981519292e-26,2.8401354408681337e-27,0.2039764036946626,0.8060235963056019,0.0,2.644551244657123e-13
199.5,0.0,1.2298630802037075e-26,2.7489800566619408e-27,0.20356128166963589,0.8064387183306287,0.0,2.646771690706373e-13
199.75,0.0,1.185985351510296e-26,2.6609325838016742e-27,0.20314704610554352,0.806852953894721,0.0,2.644551244657123e-13
200.0,0.0,1.143757030575403e-26,2.575881227370042e-27,0.202733694993314,0.8072663050069505,0.0,2.644551244657123e-13
200.25,0.0,1.1031131283236915e-26,2.4937184126939957e-27,0.2023212263287458,0.8076787736715187,0.0,2.644551244657123e-13
200.5,0.0,1.063991328513338e-26,2.4143406189329433e-27,0.2019096381124951,0.8080903618877696,0.0,2.646771690706373e-13
200.75,0.0,1.0263318735183644e-26,2.3376482195584767e-27,0.20149892835006292,0.8085010716502017,0.0,2.646771690706373e-13
201.0,0.0,9.900774550308049e-27,2.2635453292275647e-27,0.2010890950517831,0.8089109049484815,0.0,2.646771690706373e-13
201.25,0.0,9.551731092595596e-27,2.1919396565781417e-27,0.20068013623280911,0.8093198637674556,0.0,2.646771690706373e-13
201.5,0.0,9.215661173337597e-27,2.1227423636143802e-27,0.20027204991310193,0.8097279500871627,0.0,2.646771690706373e-13
201.75,0.0,8.892059101416252e-27,2.0558679308692044e-27,0.19986483411741748,0.8101351658828472,0.0,2.646771690706373e-13
202.0,0.0,8.58043976854637e-27,1.9912340275467068e-27,0.19945848687529422,0.8105415131249705,0.0,2.646771690706373e-13
202.25,0.0,8.280337777459814e-27,1.9287613872148386e-27,0.1990530062210407,0.810946993779224,0.0,2.646771690706373e-13
202.5,0.0,7.991306608921149e-27,1.8683736886014184e-27,0.19864839019372324,0.8113516098065414,0.0,2.646771690706373e-13
202.75,0.0,7.712917825653515e-27,1.809997441260831e-27,0.19824463683715357,0.811755363163111,0.0,2.646771690706373e-13
203.0,0.0,7.444760310151011e-27,1.7535618757671952e-27,0.19784174419987666,0.812158255800388,0.0,2.646771690706373e-13
203.25,0.0,7.186439533531718e-27,1.6989988381081496e-27,0.19743971033515825,0.8125602896651064,0.0,2.646771690706373e-13
203.5,0.0,6.937576860093227e-27,1.6462426887293775e-27,0.19703853330097265,0.812961466699292,0.0,2.646771690706373e-13
203.75,0.0,6.697808882433657e-27,1.5952302056719092e-27,0.1966382111599909,0.8133617888402738,0.0,2.646771690706373e-13
204.0,0.0,6.466786782122997e-27,1.5459004912542054e-27,0.19623874197956795,0.8137612580206967,0.0,2.646771690706373e-13
204.25,0.0,6.2441757199314315e-27,1.4981948826832307e-27,0.19584012383173127,0.8141598761685334,0.0,2.646771690706373e-13
204.5,0.0,6.029654252859473e-27,1.4520568662863357e-27,0.1954423547931682,0.8145576452070964,0.0,2.646771690706373e-13
204.75,0.0,5.8229137766607824e-27,1.407431995201072e-27,0.19504543294521418,0.8149545670550504,0.0,2.646771690706373e-13
205.0,0.0,5.6236579918155865e-27,1.364267810283917e-27,0.19464935637384057,0.8153506436264241,0.0,2.646771690706373e-13
205.25,0.0,5.431602391031264e-27,1.322513764011472e-27,0.19425412316964275,0.8157458768306219,0.0,2.646771690706373e-13
205.5,0.0,5.246473771354499e-27,1.2821211476790137e-27,0.19385973142782817,0.8161402685724365,0.0,2.646771690706373e-13
205.75,0.0,5.068009767446529e-27,1.2430430215114233e-27,0.19346617924820436,0.8165338207520603,0.0,2.646771690706373e-13
206.0,0.0,4.8959584026523056e-27,1.2052341473081177e-27,0.193073464735167,0.8169265352650976,0.0,2.646771690706373e-13
206.25,0.0,4.730077660511579e-27,1.1686509238818452e-27,0.19268158599768823,0.8173184140025764,0.0,2.646771690706373e-13
206.5,0.0,4.570135074856411e-27,1.1332513250778395e-27,0.19229054114930466,0.81770945885096,0.0,2.646771690706373e-13
206.75,0.0,4.4159073375987436e-27,1.0989948402587902e-27,0.19190032830810555,0.8180996716921591,0.0,2.646771690706373e-13
207.0,0.0,4.267179922822191e-27,1.0658424170888924e-27,0.19151094559672124,0.8184890544035434,0.0,2.646771690706373e-13
207.25,0.0,4.1237467258717476e-27,1.0337564064589033e-27,0.19112239114231117,0.8188776088579535,0.0,2.646771690706373e-13
207.5,0.0,3.985409719491233e-27,1.002700509759539e-27,0.19073466307655243,0.8192653369237122,0.0,2.646771690706373e-13
207.75,0.0,3.8519786246823e-27,9.726397282363853e-28,0.1903477595356279,0.8196522404646367,0.0,2.646771690706373e-13
208.0,0.0,3.7232705940106034e-27,9.43540314163857e-28,0.18996167866021468,0.82003832134005,0.0,2.646771690706373e-13
208.25,0.0,3.599109909117e-27,9.153697240146746e-28,0.18957641859547247,0.8204235814047921,0.0,2.644551244657123e-13
208.5,0.0,3.479327691177957e-27,8.880965734762467e-28,0.18919197749103217,0.8208080225092325,0.0,2.646771690706373e-13
208.75,0.0,3.363761623698579e-27,8.616905942330537e-28,0.18880835350098388,0.8211916464992808,0.0,2.646771690706373e-13
209.0,0.0,3.2522556866932926e-27,8.361225923982009e-28,0.18842554478386603,0.8215744552163986,0.0,2.646771690706373e-13
209.25,0.0,3.144659901362727e-27,8.113644084832858e-28,0.1880435495026534,0.8219564504976112,0.0,2.646771690706373e-13
209.5,0.0,3.0408300866350352e-27,7.8738887904814755e-28,0.1876623658247458,0.8223376341755188,0.0,2.644551244657123e-13
209.75,0.0,2.9406276259950518e-27,7.641697998447151e-28,0.18728199192195688,0.8227180080783077,0.0,2.646771690706373e-13
210.0,0.0,2.8439192430585714e-27,7.416818902720743e-28,0.18690242597050244,0.8230975740297621,0.0,2.644551244657123e-13
210.25,0.0,2.7505767870637995e-27,7.1990075926306164e-28,0.18652366615098923,0.8234763338492754,0.0,2.646771690706373e-13
210.5,0.0,2.660477027425844e-27,6.988028724984591e-28,0.1861457106484036,0.823854289351861,0.0,2.646771690706373e-13
210.75,0.0,2.573501456928205e-27,6.783655208914084e-28,0.1857685576521003,0.8242314423481644,0.0,2.646771690706373e-13
211.0,0.0,2.4895361029038615e-27,6.585667902598088e-28,0.18539220535579098,0.8246077946444736,0.0,2.646771690706373e-13
211.25,0.0,2.408471345794741e-27,6.393855321086195e-28,0.1850166519575334,0.8249833480427312,0.0,2.646771690706373e-13
211.5,0.0,2.3302017460067884e-27,6.208013356190941e-28,0.18464189565971967,0.8253581043405449,0.0,2.644551244657123e-13
211.75,0.0,2.2546258779870236e-27,6.027945007150249e-28,0.1842679346690656,0.825732065331199,0.0,2.646771690706373e-13
212.0,0.0,2.181646170471279e-27,5.853460120780026e-28,0.18389476719659914,0.8261052328036655,0.0,2.646771690706373e-13
212.25,0.0,2.1111687536873786e-27,5.6843751419401935e-28,0.18352239145764968,0.826477608542615,0.0,2.646771690706373e-13
212.5,0.0,2.0431033129300544e-27,5.520512873584166e-28,0.18315080567183661,0.8268491943284281,0.0,2.646771690706373e-13
212.75,0.0,1.9773629482118965e-27,5.361702245982998e-28,0.18278000806305852,0.8272199919372061,0.0,2.646771690706373e-13
213.0,0.0,1.913864039544727e-27,5.207778094542887e-28,0.18240999685948212,0.8275900031407825,0.0,2.644551244657123e-13
213.25,0.0,1.852526117430397e-27,5.058580945663625e-28,0.18204077029353125,0.8279592297067334,0.0,2.646771690706373e-13
213.5,0.0,1.7932717391784497e-27,4.913956811305601e-28,0.1816723266018758,0.8283276733983889,0.0,2.646771690706373e-13
213.75,0.0,1.736026370316185e-27,4.773756991352732e-28,0.181304664025421,0.8286953359748437,0.0,2.646771690706373e-13
214.0,0.0,1.680718270371363e-27,4.637837882871611e-28,0.18093778080929648,0.8290622191909681,0.0,2.646771690706373e-13
214.25,0.0,1.627278383555196e-27,4.506060796832379e-28,0.1805716752028454,0.8294283247974193,0.0,2.646771690706373e-13
214.5,0.0,1.5756402339448374e-27,4.378291781776222e-28,0.18020634545961328,0.8297936545406513,0.0,2.646771690706373e-13
214.75,0.0,1.5257398249592208e-27,4.254401454137116e-28,0.17984178983733787,0.8301582101629268,0.0,2.646771690706373e-13
215.0,0.0,1.4775155428201332e-27,4.134264834805113e-28,0.17947800659793778,0.8305219934023269,0.0,2.646771690706373e-13
215.25,0.0,1.4309080637072099e-27,4.0177611915386525e-28,0.179114994007502,0.8308850059927627,0.0,2.646771690706373e-13
215.5,0.0,1.385860265024219e-27,3.9047738876869614e-28,0.17875275033627916,0.8312472496639856,0.0,2.646771690706373e-13
215.75,0.0,1.3423171402718758e-27,3.795190236578689e-28,0.17839127385866685,0.8316087261415979,0.0,2.646771690706373e-13
216.0,0.0,1.3002257170321818e-27,3.688901360941663e-28,0.1780305628532009,0.8319694371470638,0.0,2.646771690706373e-13
216.25,0.0,1.2595349784204989e-27,3.585802057743567e-28,0.1776706156025448,0.83232938439772,0.0,2.646771690706373e-13
216.5,0.0,1.2201957877288865e-27,3.4857906680885076e-28,0.17731143039347905,0.8326885696067857,0.0,2.646771690706373e-13
216.75,0.0,1.1821608161163586e-27,3.3887689519594793e-28,0.17695300551689067,0.833046994483374,0.0,2.646771690706373e-13
217.0,0.0,1.1453844731320576e-27,3.294641967512471e-28,0.17659533926776272,0.833404660732502,0.0,2.646771690706373e-13
217.25,0.0,1.1098228398688609e-27,3.2033179546421615e-28,0.1762384299451635,0.8337615700551012,0.0,2.646771690706373e-13
217.5,0.0,1.075433605030685e-27,3.114708223138727e-28,0.17588227585223637,0.8341177241480283,0.0,2.646771690706373e-13
217.75,0.0,1.0421760035650373e-27,3.0287270449796423e-28,0.1755268752961893,0.8344731247040755,0.0,2.6489921367556235e-13
218.0,0.0,1.010010757518846e-27,2.945291550306207e-28,0.17517222658828396,0.8348277734119808,0.0,2.646771690706373e-13
218.25,0.0,9.78900019359015e-28,2.864321627354444e-28,0.17481832804382608,0.8351816719564387,0.0,2.646771690706373e-13
218.5,0.0,9.488073175660994e-28,2.7857398260805617e-28,0.17446517798215452,0.8355348220181102,0.0,2.646771690706373e-13
218.75,0.0,9.196975043996104e-28,2.7094712653295534e-28,0.17411277472663111,0.8358872252736337,0.0,2.6489921367556235e-13
219.0,0.0,8.915367056856484e-28,2.6354435433362523e-28,0.17376111660463034,0.8362388833956345,0.0,2.6489921367556235e-13
219.25,0.0,8.642922724854977e-28,2.5635866513581983e-28,0.17341020194752904,0.8365897980527357,0.0,2.646771690706373e-13
219.5,0.0,8.379327348382e-28,2.4938328906625264e-28,0.1730600290906962,0.8369399709095685,0.0,2.646771690706373e-13
219.75,0.0,8.124277573354915e-28,2.426116792542404e-28,0.17271059637348266,0.8372894036267821,0.0,2.646771690706373e-13
220.0,0.0,7.8774809629181265e-28,2.360375041042461e-28,0.1723619021392109,0.8376380978610538,0.0,2.646771690706373e-13
220.25,0.0,7.638655586736889e-28,2.2965463985803843e-28,0.17201394473516501,0.8379860552650997,0.0,2.646771690706373e-13
220.5,0.0,7.407529626550964e-28,2.2345716342789696e-28,0.17166672251258033,0.8383332774876845,0.0,2.6489921367556235e-13
220.75,0.0,7.183840997271449e-28,2.1743934548989965e-28,0.17132023382663356,0.8386797661736313,0.0,2.6489921367556235e-13
221.0,0.0,6.96733698257465e-28,2.115956438221476e-28,0.17097447703643245,0.8390255229638324,0.0,2.6489921367556235e-13
221.25,0.0,6.757773884001716e-28,2.0592069687349125e-28,0.1706294505050059,0.8393705494952589,0.0,2.6489921367556235e-13
221.5,0.0,6.554916684884336e-28,2.0040931757826592e-28,0.1702851525992939,0.8397148474009709,0.0,2.6489921367556235e-13
221.75,0.0,6.358538727413866e-28,1.9505648739385861e-28,0.1699415816901374,0.8400584183101274,0.0,2.6489921367556235e-13
222.0,0.0,6.168421401200154e-28,1.8985735053819038e-28,0.16959873615226856,0.8404012638479963,0.0,2.6489921367556235e-13
222.25,0.0,5.9843538444423e-28,1.8480720844015087e-28,0.1692566143643005,0.8407433856359643,0.0,2.6489921367556235e-13
222.5,0.0,5.806132656778708e-28,1.799015143896544e-28,0.1689152147087177,0.8410847852915471,0.0,2.646771690706373e-13
222.75,0.0,5.633561623308201e-28,1.7513586837934974e-28,0.16857453557186583,0.8414254644283989,0.0,2.646771690706373e-13
223.0,0.0,5.466451449046058e-28,1.7050601212705146e-28,0.168234575343942,0.8417654246563228,0.0,2.646771690706373e-13
223.25,0.0,5.30461950311687e-28,1.660078242684653e-28,0.16789533241898497,0.8421046675812798,0.0,2.646771690706373e-13
223.5,0.0,5.147889573590793e-28,1.6163731573106667e-28,0.16755680519486518,0.8424431948053996,0.0,2.6489921367556235e-13
223.75,0.0,4.996091631786339e-28,1.5739062527250704e-28,0.1672189920732751,0.8427810079269896,0.0,2.646771690706373e-13
224.0,0.0,4.849061604882232e-28,1.532640151671018e-28,0.16688189145971943,0.8431181085405454,0.0,2.6489921367556235e-13
224.25,0.0,4.70664115760778e-28,1.492538670495077e-28,0.16654550176350522,0.8434544982367596,0.0,2.646771690706373e-13
224.5,0.0,4.568677482356722e-28,1.4535667790598183e-28,0.16620982139773247,0.8437901786025322,0.0,2.646771690706373e-13
224.75,0.0,4.435023097362719e-28,1.4156905620740834e-28,0.1658748487792841,0.8441251512209806,0.0,2.646771690706373e-13
225.0,0.0,4.305535652416265e-28,1.3788771817617135e-28,0.1655405823288165,0.8444594176714483,0.0,2.646771690706373e-13
225.25,0.0,4.180077741629301e-28,1.343094841793113e-28,0.16520702047074987,0.8447929795295148,0.0,2.646771690706373e-13
225.5,0.0,4.058516723872343e-28,1.308312752555929e-28,0.1648741616332586,0.8451258383670062,0.0,2.646771690706373e-13
225.75,0.0,3.9407245500575326e-28,1.2745010976451272e-28,0.16454200424826163,0.8454579957520031,0.0,2.646771690706373e-13
226.0,0.0,3.8265775964540407e-28,1.2416310014539592e-28,0.16421054675141294,0.8457894532488518,0.0,2.646771690706373e-13
226.25,0.0,3.7159565045653125e-28,1.2096744979296433e-28,0.16387978758209215,0.8461202124181726,0.0,2.646771690706373e-13
226.5,0.0,3.6087460271061224e-28,1.1786045004242376e-28,0.16354972518339478,0.84645027481687,0.0,2.646771690706373e-13
226.75,0.0,3.5048348798207736e-28,1.1483947725981226e-28,0.16322035800212287,0.8467796419981419,0.0,2.6489921367556235e-13
227.0,0.0,3.4041155987732634e-28,1.1190199003184625e-28,0.16289168448877567,0.8471083155114891,0.0,2.6489921367556235e-13
227.25,0.0,3.3064844027588092e-28,1.090455264497584e-28,0.16256370309753998,0.8474362969027247,0.0,2.646771690706373e-13
227.5,0.0,3.211841061268913e-28,1.062677014925026e-28,0.162236412286281,0.8477635877139837,0.0,2.646771690706373e-13
227.75,0.0,3.120088767426949e-28,1.0356620450067127e-28,0.16190981051653272,0.848090189483732,0.0,2.646771690706373e-13
228.0,0.0,3.0311340153200768e-28,1.0093879673255137e-28,0.1615838962534887,0.848416103746776,0.0,2.646771690706373e-13
228.25,0.0,2.9448864820931104e-28,9.838330900680658e-29,0.1612586679659927,0.848741332034272,0.0,2.646771690706373e-13
228.5,0.0,2.8612589144770847e-28,9.589763942673336e-29,0.16093412412652952,0.8490658758737352,0.0,2.646771690706373e-13
228.75,0.0,2.7801670195668552e-28,9.347975118296115e-29,0.1606102632112155,0.8493897367890493,0.0,2.646771690706373e-13
229.0,0.0,2.701529359584678e-28,9.112767043038765e-29,0.16028708369978945,0.8497129163004753,0.0,2.646771690706373e-13
229.25,0.0,2.625267250379755e-28,8.883948423532515e-29,0.15996458407560327,0.8500354159246615,0.0,2.646771690706373e-13
229.5,0.0,2.5513046639637508e-28,8.661333859665681e-29,0.15964276282561302,0.8503572371746517,0.0,2.646771690706373e-13
229.75,0.0,2.479568134669379e-28,8.44474365347223e-29,0.1593216184403695,0.8506783815598953,0.0,2.646771690706373e-13
230.0,0.0,2.4099866685251253e-28,8.234003624170591e-29,0.15900114941400909,0.8509988505862556,0.0,2.646771690706373e-13
230.25,0.0,2.342491656099478e-28,8.02894492966913e-29,0.1586813542442449,0.8513186457560198,0.0,2.646771690706373e-13
230.5,0.0,2.277016788581891e-28,7.829403894169707e-29,0.1583622314323573,0.8516377685679074,0.0,2.646771690706373e-13
230.75,0.0,2.2134979769666873e-28,7.635221841638431e-29,0.15804377948318524,0.8519562205170794,0.0,2.646771690706373e-13
231.0,0.0,2.151873274151722e-28,7.446244934835042e-29,0.15772599690511688,0.8522740030951479,0.0,2.646771690706373e-13
231.25,0.0,2.09208279977278e-28,7.262324019605682e-29,0.15740888221008068,0.852591117790184,0.0,2.646771690706373e-13
231.5,0.0,2.0340686679827046e-28,7.08331447470838e-29,0.15709243391353644,0.8529075660867282,0.0,2.646771690706373e-13
231.75,0.0,1.977774917881642e-28,6.909076066713675e-29,0.15677665053446638,0.8532233494657984,0.0,2.646771690706373e-13
232.0,0.0,1.923147446308831e-28,6.73947280952648e-29,0.15646153059536594,0.8535384694048987,0.0,2.646771690706373e-13
232.25,0.0,1.8701339431721363e-28,6.574372828752847e-29,0.1561470726222352,0.8538529273780295,0.0,2.646771690706373e-13
232.5,0.0,1.8186838291490417e-28,6.413648230641732e-29,0.15583327514456966,0.8541667248556951,0.0,2.646771690706373e-13
232.75,0.0,1.7687481956623473e-28,6.257174975430834e-29,0.15552013669535156,0.8544798633049132,0.0,2.646771690706373e-13
233.0,0.0,1.7202797469953853e-28,6.104832754869401e-29,0.15520765581104096,0.8547923441892238,0.0,2.646771690706373e-13
233.25,0.0,1.6732327444180811e-28,5.956504873700608e-29,0.15489583103156693,0.8551041689686978,0.0,2.646771690706373e-13
233.5,0.0,1.627562952469925e-28,5.812078135295013e-29,0.15458466090031872,0.855415339099946,0.0,2.646771690706373e-13
233.75,0.0,1.5832275871902425e-28,5.671442731100412e-29,0.15427414396413702,0.8557258560361277,0.0,2.646771690706373e-13
234.0,0.0,1.5401852660888858e-28,5.534492133576038e-29,0.1539642787733051,0.8560357212269596,0.0,2.646771690706373e-13
234.25,0.0,1.4983959599802747e-28,5.401122992769578e-29,0.15365506388154027,0.8563449361187245,0.0,2.6489921367556235e-13
234.5,0.0,1.4578209465615292e-28,5.271235036338685e-29,0.15334649784598484,0.8566535021542799,0.0,2.646771690706373e-13
234.75,0.0,1.4184227656644448e-28,5.144730972889886e-29,0.1530385792271979,0.8569614207730668,0.0,2.646771690706373e-13
235.0,0.0,1.3801651760838256e-28,5.021516398467219e-29,0.15273130658914624,0.8572686934111186,0.0,2.6489921367556235e-13
235.25,0.0,1.343013113889315e-28,4.901499706029907e-29,0.15242467849919583,0.857575321501069,0.0,2.6489921367556235e-13
235.5,0.0,1.3069326523231574e-28,4.7845919980555585e-29,0.1521186935281034,0.8578813064721613,0.0,2.646771690706373e-13
235.75,0.0,1.2718909631336531e-28,4.6707070020232986e-29,0.15181335025000753,0.8581866497502573,0.0,2.6489921367556235e-13
236.0,0.0,1.237856279195928e-28,4.559760988532908e-29,0.15150864724242036,0.8584913527578444,0.0,2.646771690706373e-13
236.25,0.0,1.204797858506057e-28,4.451672692172636e-29,0.15120458308621873,0.858795416914046,0.0,2.646771690706373e-13
236.5,0.0,1.1726859494626692e-28,4.346363234989311e-29,0.1509011563656361,0.8590988436346286,0.0,2.646771690706373e-13
236.75,0.0,1.1414917573848363e-28,4.243756052466019e-29,0.15059836566825363,0.8594016343320111,0.0,2.646771690706373e-13
237.0,0.0,1.1111874121956765e-28,4.143776821883022e-29,0.1502962095849919,0.8597037904152729,0.0,2.6489921367556235e-13
237.25,0.0,1.0817459372044003e-28,4.046353392942754e-29,0.14999468671010233,0.8600053132901624,0.0,2.646771690706373e-13
237.5,0.0,1.0531412190588636e-28,3.9514157207564276e-29,0.14969379564115903,0.8603062043591057,0.0,2.646771690706373e-13
237.75,0.0,1.0253479787605256e-28,3.858895801011344e-29,0.14939353497905009,0.8606064650212146,0.0,2.646771690706373e-13
238.0,0.0,9.983417436349864e-29,3.7687276071391083e-29,0.14909390332796923,0.8609060966722956,0.0,2.6489921367556235e-13
238.25,0.0,9.720988203185046e-29,3.680847029565003e-29,0.14879489929540762,0.8612051007048571,0.0,2.646771690706373e-13
238.5,0.0,9.465962686984202e-29,3.595191816930131e-29,0.14849652149214546,0.8615034785081193,0.0,2.646771690706373e-13
238.75,0.0,9.218118767700345e-29,3.5117015192154224e-29,0.14819876853224342,0.8618012314680213,0.0,2.646771690706373e-13
239.0,0.0,8.977241363586639e-29,3.430317432675046e-29,0.1479016390330348,0.8620983609672299,0.0,2.646771690706373e-13
239.25,0.0,8.743122196579475e-29,3.3509825464904943e-29,0.1476051316151168,0.862394868385148,0.0,2.6489921367556235e-13
239.5,0.0,8.515559566352684e-29,3.2736414912152437e-29,0.1473092449023426,0.8626907550979221,0.0,2.646771690706373e-13
239.75,0.0,8.294358132262089e-29,3.19824048887624e-29,0.14701397752181297,0.8629860224784518,0.0,2.646771690706373e-13
240.0,0.0,8.079328702408311e-29,3.124727304599198e-29,0.1467193281038681,0.8632806718963967,0.0,2.646771690706373e-13
240.25,0.0,7.870288030243198e-29,3.053051199815027e-29,0.14642529528207937,0.8635747047181854,0.0,2.6489921367556235e-13
240.5,0.0,7.667058618269371e-29,2.9831628869668093e-29,0.14613187769324124,0.8638681223070235,0.0,2.646771690706373e-13
240.75,0.0,7.469468528557994e-29,2.9150144856640964e-29,0.14583907397736318,0.8641609260229015,0.0,2.646771690706373e-13
241.0,0.0,7.27735119971067e-29,2.84855948021551e-29,0.14554688277766134,0.8644531172226033,0.0,2.646771690706373e-13
241.25,0.0,7.090545269908414e-29,2.783752678473348e-29,0.14525530274055065,0.864744697259714,0.0,2.646771690706373e-13
241.5,0.0,6.908894406407711e-29,2.720550172040419e-29,0.1449643325156367,0.865035667484628,0.0,2.646771690706373e-13
241.75,0.0,6.732247140917613e-29,2.658909297739864e-29,0.14467397075570762,0.8653260292445571,0.0,2.646771690706373e-13
242.0,0.0,6.560456710297718e-29,2.598788600249222e-29,0.144384216116726,0.8656157838835387,0.0,2.646771690706373e-13
242.25,0.0,6.393380902877506e-29,2.540147795939752e-29,0.14409506725782117,0.8659049327424435,0.0,2.646771690706373e-13
242.5,0.0,6.230881910068809e-29,2.482947737860903e-29,0.14380652284128084,0.8661934771589839,0.0,2.646771690706373e-13
242.75,0.0,6.072826183068899e-29,2.42715038182984e-29,0.14351858153254332,0.8664814184677214,0.0,2.646771690706373e-13
243.0,0.0,5.919084294380311e-29,2.3727187535743116e-29,0.14323124200018966,0.8667687580000751,0.0,2.6489921367556235e-13
243.25,0.0,5.769530803885815e-29,2.3196169168791775e-29,0.1429445029159355,0.8670554970843293,0.0,2.646771690706373e-13
243.5,0.0,5.624044129734133e-29,2.2678099427727413e-29,0.14265836295462336,0.8673416370456414,0.0,2.646771690706373e-13
243.75,0.0,5.482506423624514e-29,2.2172638796790015e-29,0.14237282079421462,0.8676271792060501,0.0,2.646771690706373e-13
244.0,0.0,5.344803450082287e-29,2.1679457244622712e-29,0.14208787511578178,0.867912124884483,0.0,2.646771690706373e-13
244.25,0.0,5.210824469938188e-29,2.119823394393559e-29,0.1418035246035005,0.8681964753967643,0.0,2.646771690706373e-13
244.5,0.0,5.080462127771498e-29,2.0728656999937278e-29,0.14151976794464202,0.8684802320556227,0.0,2.646771690706373e-13
244.75,0.0,4.9536123431672105e-29,2.027042318723116e-29,0.1412366038295649,0.8687633961706999,0.0,2.646771690706373e-13
245.0,0.0,4.8301742055860227e-29,1.9823237694787602e-29,0.14095403095170772,0.869045969048557,0.0,2.646771690706373e-13
245.25,0.0,4.7100498726547746e-29,1.9386813878618464e-29,0.14067204800758118,0.8693279519926835,0.0,2.646771690706373e-13
245.5,0.0,4.5931444720593635e-29,1.8960873022414702e-29,0.14039065369676018,0.8696093463035046,0.0,2.6489921367556235e-13
245.75,0.0,4.4793660067392917e-29,1.8545144105595014e-29,0.1401098467218763,0.8698901532783885,0.0,2.646771690706373e-13
246.0,0.0,4.368625263085758e-29,1.8139363578215766e-29,0.13982962578861005,0.8701703742116548,0.0,2.6489921367556235e-13
246.25,0.0,4.260835722294458e-29,1.7743275142953348e-29,0.1395499896056832,0.8704500103945816,0.0,2.6489921367556235e-13
246.5,0.0,4.155913474696932e-29,1.735662954382097e-29,0.13927093688485118,0.8707290631154136,0.0,2.6489921367556235e-13
246.75,0.0,4.053777136959365e-29,1.6979184361390144e-29,0.13899246634089532,0.8710075336593694,0.0,2.646771690706373e-13
247.0,0.0,3.95434777200044e-29,1.6610703814223656e-29,0.13871457669161535,0.8712854233086494,0.0,2.6489921367556235e-13
247.25,0.0,3.857548811486298e-29,1.625095856623805e-29,0.13843726665782174,0.871562733342443,0.0,2.6489921367556235e-13
247.5,0.0,3.763305981032584e-29,1.5899725540184154e-29,0.13816053496332822,0.8718394650369365,0.0,2.646771690706373e-13
247.75,0.0,3.6715472278930453e-29,1.55567877368318e-29,0.13788438033494416,0.8721156196653207,0.0,2.6489921367556235e-13
248.0,0.0,3.5822026509160664e-29,1.522193405944644e-29,0.13760880150246696,0.8723911984977978,0.0,2.646771690706373e-13
248.25,0.0,3.4952044328767884e-29,1.4894959143709514e-29,0.1373337971986748,0.87266620280159,0.0,2.6489921367556235e-13
248.5,0.0,3.410486775055037e-29,1.457566319282788e-29,0.13705936615931888,0.8729406338409459,0.0,2.646771690706373e-13
248.75,0.0,3.3279858339763475e-29,1.4263851817657456e-29,0.13678550712311605,0.8732144928771487,0.0,2.646771690706373e-13
249.0,0.0,3.247639660206283e-29,1.3959335881619273e-29,0.13651221883174142,0.8734877811685234,0.0,2.6489921367556235e-13
249.25,0.0,3.1693881390929063e-29,1.366193135019446e-29,0.1362395000298208,0.873760499970444,0.0,2.6489921367556235e-13
249.5,0.0,3.0931729335504806e-29,1.33714591451346e-29,0.13596734946492348,0.8740326505353413,0.0,2.646771690706373e-13
249.75,0.0,3.018937428722174e-29,1.308774500307632e-29,0.1356957658875546,0.8743042341127102,0.0,2.6489921367556235e-13
250.0,0.0,2.946626678360859e-29,1.281061933824976e-29,0.13542474805114807,0.8745752519491167,0.0,2.646771690706373e-13
250.25,0.0,2.8761873530048445e-29,1.253991710939037e-29,0.1351542947120589,0.8748457052882059,0.0,2.6489921367556235e-13
250.5,0.0,2.8075676898526187e-29,1.2275477690661397e-29,0.1348844046295561,0.8751155953707087,0.0,2.6489921367556235e-13
250.75,0.0,2.7407174442748e-29,1.2017144746453666e-29,0.13461507656581526,0.8753849234344495,0.0,2.646771690706373e-13
251.0,0.0,2.6755878428817565e-29,1.1764766109894257e-29,0.13434630928591137,0.8756536907143534,0.0,2.646771690706373e-13
251.25,0.0,2.612131538068771e-29,1.15181936649019e-29,0.13407810155781147,0.8759218984424533,0.0,2.646771690706373e-13
251.5,0.0,2.5503025641055587e-29,1.127728323188809e-29,0.1338104521523673,0.8761895478478975,0.0,2.6489921367556235e-13
251.75,0.0,2.4900562946503857e-29,1.1041894456869157e-29,0.1335433598433083,0.8764566401569565,0.0,2.646771690706373e-13
252.0,0.0,2.4313494015699406e-29,1.0811890703754923e-29,0.13327682340723418,0.8767231765930306,0.0,2.646771690706373e-13
252.25,0.0,2.37413981511995e-29,1.0587138949892956e-29,0.13301084162360788,0.8769891583766569,0.0,2.6489921367556235e-13
252.5,0.0,2.318386685415362e-29,1.0367509684722221e-29,0.1327454132747482,0.8772545867255165,0.0,2.646771690706373e-13
252.75,0.0,2.2640503451437894e-29,1.0152876811434013e-29,0.13248053714582297,0.8775194628544417,0.0,2.646771690706373e-13
253.0,0.0,2.2110922734614398e-29,9.943117551511939e-30,0.13221621202484163,0.8777837879754231,0.0,2.646771690706373e-13
253.25,0.0,2.1594750610132894e-29,9.738112352027362e-30,0.13195243670264808,0.8780475632976167,0.0,2.646771690706373e-13
253.5,0.0,2.1091623761255677e-29,9.537744795762239e-30,0.13168920997291392,0.8783107900273508,0.0,2.646771690706373e-13
253.75,0.0,2.0601189320818612e-29,9.341901513981611e-30,0.131426530632131,0.8785734693681337,0.0,2.646771690706373e-13
254.0,0.0,2.0123104553947363e-29,9.150472101678249e-30,0.1311643974796045,0.8788356025206603,0.0,2.6489921367556235e-13
254.25,0.0,1.965703655112339e-29,8.9633490353465e-30,0.13090280931744605,0.8790971906828187,0.0,2.646771690706373e-13
254.5,0.0,1.9202661931069707e-29,8.780427593174036e-30,0.13064176495056645,0.8793582350496983,0.0,2.6489921367556235e-13
254.75,0.0,1.8759666553108235e-29,8.601605777573105e-30,0.13038126318666876,0.879618736813596,0.0,2.6489921367556235e-13
255.0,0.0,1.832774523853433e-29,8.426784239953324e-30,0.13012130283624138,0.8798786971640233,0.0,2.646771690706373e-13
255.25,0.0,1.7906601500572702e-29,8.255866207641518e-30,0.12986188271255103,0.8801381172877137,0.0,2.646771690706373e-13
255.5,0.0,1.749594728326153e-29,8.088757413000968e-30,0.1296030016316358,0.880396998368629,0.0,2.646771690706373e-13
255.75,0.0,1.7095502708605472e-29,7.925366024615049e-30,0.1293446584122982,0.8806553415879665,0.0,2.646771690706373e-13
256.0,0.0,1.6704995831342516e-29,7.765602580400427e-30,0.1290868518760983,0.8809131481241665,0.0,2.6489921367556235e-13
256.25,0.0,1.632416240160818e-29,7.609379922690994e-30,0.12882958084734683,0.8811704191529179,0.0,2.646771690706373e-13
256.5,0.0,1.5952745635101217e-29,7.45661313520758e-30,0.12857284415309822,0.8814271558471666,0.0,2.6489921367556235e-13
256.75,0.0,1.559049599048807e-29,7.307219481853052e-30,0.12831664062314393,0.8816833593771208,0.0,2.646771690706373e-13
257.0,0.0,1.523717095370528e-29,7.161118347257717e-30,0.12806096909000542,0.8819390309102594,0.0,2.6489921367556235e-13
257.25,0.0,1.489253482883263e-29,7.018231179002586e-30,0.12780582838892737,0.8821941716113374,0.0,2.646771690706373e-13
257.5,0.0,1.4556358535787815e-29,6.878481431558625e-30,0.12755121735787103,0.8824487826423938,0.0,2.6489921367556235e-13
257.75,0.0,1.4228419414350985e-29,6.741794511839154e-30,0.1272971348375072,0.8827028651627576,0.0,2.6489921367556235e-13
258.0,0.0,1.3908501034030315e-29,6.608097726262577e-30,0.12704357967120972,0.8829564203290551,0.0,2.6489921367556235e-13
258.25,0.0,1.3596393009972895e-29,6.477320229355264e-30,0.12679055070504847,0.8832094492952164,0.0,2.6489921367556235e-13
258.5,0.0,1.3291890824624138e-29,6.349392973829473e-30,0.12653804678778283,0.883461953212482,0.0,2.6489921367556235e-13
258.75,0.0,1.2994795654936914e-29,6.224248662089649e-30,0.12628606677085488,0.8837139332294099,0.0,2.6489921367556235e-13
259.0,0.0,1.2704914204873874e-29,6.1018216991094155e-30,0.1260346095083828,0.883965390491882,0.0,2.6489921367556235e-13
259.25,0.0,1.242205854295651e-29,5.9820481466235196e-30,0.12578367385715403,0.8842163261431109,0.0,2.6489921367556235e-13
259.5,0.0,1.2146045945042734e-29,5.864865678662534e-30,0.12553325867661871,0.8844667413236461,0.0,2.6489921367556235e-13
259.75,0.0,1.1876698741965078e-29,5.7502135383517194e-30,0.12528336282888317,0.8847166371713817,0.0,2.6489921367556235e-13
260.0,0.0,1.1613844171663517e-29,5.638032495895445e-30,0.12503398517870298,0.8849660148215619,0.0,2.6489921367556235e-13
260.25,0.0,1.1357314235960426e-29,5.5282648077687225e-30,0.12478512459347674,0.8852148754067881,0.0,2.6489921367556235e-13
260.5,0.0,1.1106945561754387e-29,5.4208541770658105e-30,0.12453677994323913,0.8854632200570257,0.0,2.6489921367556235e-13
260.75,0.0,1.0862579266481935e-29,5.315745714969765e-30,0.12428895010065467,0.8857110498996101,0.0,2.6489921367556235e-13
261.0,0.0,1.0624060827653552e-29,5.21288590329843e-30,0.12404163394101088,0.8859583660592539,0.0,2.6489921367556235e-13
261.25,0.0,1.0391239956277688e-29,5.112222558083885e-30,0.12379483034221189,0.886205169658053,0.0,2.6489921367556235e-13
261.5,0.0,1.0163970474304808e-29,5.0137047942056364e-30,0.12354853818477199,0.8864514618154928,0.0,2.6489921367556235e-13
261.75,0.0,9.94211019581529e-30,4.917282991017295e-30,0.12330275635180891,0.8866972436484559,0.0,2.6489921367556235e-13
262.0,0.0,9.725520811676295e-30,4.822908758906463e-30,0.12305748372903763,0.8869425162712272,0.0,2.6489921367556235e-13
262.25,0.0,9.51406777777426e-30,4.7305349068034115e-30,0.12281271920476365,0.8871872807955012,0.0,2.6489921367556235e-13
262.5,0.0,9.307620206654519e-30,4.640115410599981e-30,0.12256846166987667,0.8874315383303882,0.0,2.6489921367556235e-13
262.75,0.0,9.106050762453123e-30,4.551605382450627e-30,0.12232471001784419,0.8876752899824207,0.0,2.6489921367556235e-13
263.0,0.0,8.909235558974153e-30,4.4649610409212024e-30,0.12208146314470499,0.8879185368555599,0.0,2.6489921367556235e-13
263.25,0.0,8.717054060771364e-30,4.380139681952223e-30,0.12183871994906284,0.8881612800512021,0.0,2.6489921367556235e-13
263.5,0.0,8.529388987330193e-30,4.297099650651403e-30,0.12159647933208001,0.8884035206681848,0.0,2.6489921367556235e-13
263.75,0.0,8.34612622014218e-30,4.215800313869163e-30,0.12135474019747104,0.8886452598027939,0.0,2.6489921367556235e-13
264.0,0.0,8.167154712464634e-30,4.1362020335107064e-30,0.12111350145149632,0.8888864985487686,0.0,2.6489921367556235e-13
264.25,0.0,7.992366401842837e-30,4.0582661405959646e-30,0.12087276200295571,0.8891272379973092,0.0,2.6489921367556235e-13
264.5,0.0,7.821656125267165e-30,3.981954910037542e-30,0.12063252076318232,0.8893674792370825,0.0,2.6489921367556235e-13
264.75,0.0,7.654921536877402e-30,3.907231536114832e-30,0.12039277664603618,0.8896072233542287,0.0,2.6489921367556235e-13
265.0,0.0,7.492063028102704e-30,3.834060108617586e-30,0.12015352856789799,0.8898464714323668,0.0,2.6489921367556235e-13
265.25,0.0,7.33298365012993e-30,3.7624055896331445e-30,0.11991477544766274,0.8900852245526021,0.0,2.6489921367556235e-13
265.5,0.0,7.17758903877032e-30,3.6922337909881175e-30,0.11967651620673364,0.8903234837935312,0.0,2.6489921367556235e-13
265.75,0.0,7.025787341567413e-30,3.6235113523088194e-30,0.11943874976901579,0.890561250231249,0.0,2.646771690706373e-13
266.0,0.0,6.877489146989618e-30,3.556205719664653e-30,0.11920147506090999,0.8907985249393549,0.0,2.6489921367556235e-13
266.25,0.0,6.732607415763498e-30,3.490285124802594e-30,0.11896469101130648,0.8910353089889584,0.0,2.6489921367556235e-13
266.5,0.0,6.591057414250842e-30,3.425718564949628e-30,0.11872839655157888,0.891271603448686,0.0,2.6489921367556235e-13
266.75,0.0,6.452756649802312e-30,3.3624757831660666e-30,0.11849259061557793,0.891507409384687,0.0,2.6489921367556235e-13
267.0,0.0,6.31762480800265e-30,3.3005272492289784e-30,0.11825727213962543,0.8917427278606395,0.0,2.6489921367556235e-13
267.25,0.0,6.1855836917256084e-30,3.2398441410256525e-30,0.11802244006250805,0.8919775599377568,0.0,2.6489921367556235e-13
267.5,0.0,6.056557162049704e-30,3.1803983264649724e-30,0.11778809332547113,0.8922119066747938,0.0,2.6489921367556235e-13
267.75,0.0,5.930471080915737e-30,3.122162345879092e-30,0.11755423087221287,0.8924457691280521,0.0,2.6489921367556235e-13
268.0,0.0,5.807253255407353e-30,3.0651093948877016e-30,0.11732085164887783,0.8926791483513871,0.0,2.6489921367556235e-13
268.25,0.0,5.686833383695332e-30,3.009213307730772e-30,0.11708795460405128,0.8929120453962136,0.0,2.6489921367556235e-13
268.5,0.0,5.569143002571793e-30,2.9544485410517605e-30,0.11685553868875286,0.893144461311512,0.0,2.6489921367556235e-13
268.75,0.0,5.4541154365226434e-30,2.9007901581179103e-30,0.1166236028564307,0.8933763971438341,0.0,2.6489921367556235e-13
269.0,0.0,5.341685748273283e-30,2.8482138134614463e-30,0.11639214606295534,0.8936078539373095,0.0,2.6489921367556235e-13
269.25,0.0,5.231790690744954e-30,2.7966957379259854e-30,0.11616116726661374,0.8938388327336512,0.0,2.6489921367556235e-13
269.5,0.0,5.12436866045911e-30,2.7462127241239224e-30,0.11593066542810328,0.8940693345721615,0.0,2.6489921367556235e-13
269.75,0.0,5.019359652299287e-30,2.696742112283361e-30,0.11570063951052584,0.894299360489739,0.0,2.6489921367556235e-13
270.0,0.0,4.9167052155401835e-30,2.648261776463101e-30,0.11547108847938177,0.8945289115208831,0.0,2.6489921367556235e-13
270.25,0.0,4.816348411173549e-30,2.6007501111398996e-30,0.11524201130256406,0.8947579886977007,0.0,2.6489921367556235e-13
270.5,0.0,4.7182337704744295e-30,2.554186018153969e-30,0.11501340695035231,0.8949865930499126,0.0,2.6489921367556235e-13
270.75,0.0,4.62230725476798e-30,2.5085488940021958e-30,0.11478527439540684,0.895214725604858,0.0,2.6489921367556235e-13
271.0,0.0,4.528516216347004e-30,2.4638186174664232e-30,0.11455761261276289,0.8954423873875019,0.0,2.6489921367556235e-13
271.25,0.0,4.4368093604921595e-30,2.419975537564515e-30,0.11433042057982461,0.8956695794204402,0.0,2.6489921367556235e-13
271.5,0.0,4.347136708622219e-30,2.377000461828407e-30,0.11410369727635936,0.8958963027239055,0.0,2.6489921367556235e-13
271.75,0.0,4.259449562505365e-30,2.3348746448924667e-30,0.11387744168449172,0.8961225583157731,0.0,2.6489921367556235e-13
272.0,0.0,4.173700469462618e-30,2.293579777375449e-30,0.11365165278869765,0.8963483472115672,0.0,2.6489921367556235e-13
272.25,0.0,4.089843188584957e-30,2.2530979750590602e-30,0.11342632957579893,0.8965736704244659,0.0,2.6489921367556235e-13
272.5,0.0,4.00783265792085e-30,2.2134117683521583e-30,0.11320147103495697,0.8967985289653079,0.0,2.6489921367556235e-13
272.75,0.0,3.92762496260344e-30,2.1745040920323e-30,0.11297707615766735,0.8970229238425974,0.0,2.646771690706373e-13
273.0,0.0,3.8491773038790496e-30,2.1363582752547094e-30,0.11275314393775396,0.8972468560625109,0.0,2.6489921367556235e-13
273.25,0.0,3.7724479690000284e-30,2.098958031819033e-30,0.11252967337136312,0.8974703266289017,0.0,2.6489921367556235e-13
273.5,0.0,3.6973963020020134e-30,2.062287450696934e-30,0.11230666345695797,0.8976933365433069,0.0,2.6489921367556235e-13
273.75,0.0,3.62398267531282e-30,2.0263309868075247e-30,0.11208411319531282,0.8979158868049519,0.0,2.646771690706373e-13
274.0,0.0,3.5521684621402524e-30,1.9910734520275833e-30,0.11186202158950727,0.8981379784107575,0.0,2.646771690706373e-13
274.25,0.0,3.4819160096545155e-30,1.956500006438717e-30,0.11164038764492058,0.8983596123553442,0.0,2.6489921367556235e-13
274.5,0.0,3.4131886129319625e-30,1.9225961498028492e-30,0.11141921036922606,0.8985807896310387,0.0,2.646771690706373e-13
274.75,0.0,3.3459504896363295e-30,1.8893477132595015e-30,0.11119848877238529,0.8988015112278794,0.0,2.646771690706373e-13
275.0,0.0,3.280166755407898e-30,1.856740851237051e-30,0.1109782218666426,0.8990217781336222,0.0,2.646771690706373e-13
275.25,0.0,3.215803399932036e-30,1.8247620335703855e-30,0.11075840866651937,0.8992415913337454,0.0,2.646771690706373e-13
275.5,0.0,3.1528272637018498e-30,1.7933980378271755e-30,0.11053904818880841,0.8994609518114564,0.0,2.646771690706373e-13
275.75,0.0,3.091206015434462e-30,1.7626359418325864e-30,0.11032013945256836,0.8996798605476964,0.0,2.6489921367556235e-13
276.0,0.0,3.030908130100468e-30,1.7324631163822257e-30,0.11010168147911811,0.8998983185211467,0.0,2.646771690706373e-13
276.25,0.0,2.9719028675779844e-30,1.702867218144849e-30,0.10988367329203123,0.9001163267082335,0.0,2.646771690706373e-13
276.5,0.0,2.914160251905642e-30,1.6738361827480488e-30,0.10966611391713045,0.9003338860831342,0.0,2.646771690706373e-13
276.75,0.0,2.8576510511159863e-30,1.645358218041755e-30,0.10944900238248201,0.9005509976177828,0.0,2.6489921367556235e-13
277.0,0.0,2.8023467576264177e-30,1.617421797533379e-30,0.10923233771839025,0.9007676622818745,0.0,2.6489921367556235e-13
277.25,0.0,2.7482195691655673e-30,1.5900156539886275e-30,0.109016118957392,0.9009838810428727,0.0,2.646771690706373e-13
277.5,0.0,2.695242370245942e-30,1.563128773199583e-30,0.10880034513425116,0.9011996548660136,0.0,2.646771690706373e-13
277.75,0.0,2.6433887141516895e-30,1.5367503879120821e-30,0.10858501528595314,0.9014149847143116,0.0,2.646771690706373e-13
278.0,0.0,2.592632805410344e-30,1.5108699719043693e-30,0.10837012845169951,0.9016298715485652,0.0,2.646771690706373e-13
278.25,0.0,2.5429494827568806e-30,1.4854772342181095e-30,0.10815568367290236,0.9018443163273624,0.0,2.646771690706373e-13
278.5,0.0,2.494314202570228e-30,1.4605621135364113e-30,0.10794167999317902,0.9020583200070857,0.0,2.646771690706373e-13
278.75,0.0,2.4467030227678055e-30,1.4361147727047525e-30,0.10772811645834654,0.9022718835419182,0.0,2.646771690706373e-13
279.0,0.0,2.4000925871403297e-30,1.4121255933899377e-30,0.10751499211641631,0.9024850078838484,0.0,2.646771690706373e-13
279.25,0.0,2.354460110109745e-30,1.3885851708723571e-30,0.10730230601758871,0.9026976939826761,0.0,2.646771690706373e-13
279.5,0.0,2.3097833619182322e-30,1.3654843089727e-30,0.10709005721424761,0.9029099427860172,0.0,2.6489921367556235e-13
279.75,0.0,2.266040654224267e-30,1.342814015106852e-30,0.10687824476095509,0.9031217552393097,0.0,2.6489921367556235e-13
280.0,0.0,2.223210826081698e-30,1.3205654954626693e-30,0.10666686771444604,0.9033331322858187,0.0,2.646771690706373e-13
280.25,0.0,2.1812732303078985e-30,1.2987301502993813e-30,0.10645592513362286,0.9035440748666419,0.0,2.646771690706373e-13
280.5,0.0,2.1402077202256073e-30,1.2772995693653937e-30,0.10624541607955006,0.9037545839207147,0.0,2.646771690706373e-13
280.75,0.0,2.099994636767163e-30,1.2562655274312232e-30,0.10603533961544906,0.9039646603848157,0.0,2.646771690706373e-13
281.0,0.0,2.060614795927336e-30,1.2356199799337023e-30,0.10582569480669275,0.904174305193572,0.0,2.646771690706373e-13
281.25,0.0,2.0220494765513975e-30,1.2153550587277027e-30,0.10561648072080033,0.9043835192794644,0.0,2.646771690706373e-13
281.5,0.0,1.9842804084642844e-30,1.1954630679462024e-30,0.10540769642743193,0.9045923035728328,0.0,2.646771690706373e-13
281.75,0.0,1.9472897609222647e-30,1.1759364799637546e-30,0.10519934099838342,0.9048006590018813,0.0,2.646771690706373e-13
282.0,0.0,1.9110601313685e-30,1.1567679314583794e-30,0.10499141350758115,0.9050085864926836,0.0,2.646771690706373e-13
282.25,0.0,1.8755745344969208e-30,1.1379502195723978e-30,0.10478391303107674,0.905216086969188,0.0,2.646771690706373e-13
282.5,0.0,1.8408163916124332e-30,1.1194762981688557e-30,0.10457683864704177,0.905423161353223,0.0,2.646771690706373e-13
282.75,0.0,1.80676952027862e-30,1.1013392741809278e-30,0.1043701894357627,0.9056298105645021,0.0,2.6489921367556235e-13
283.0,0.0,1.77341812424216e-30,1.0835324040512352e-30,0.10416396447963562,0.9058360355206292,0.0,2.6489921367556235e-13
283.25,0.0,1.74074678362355e-30,1.0660490902580905e-30,0.10395816286316104,0.9060418371371037,0.0,2.646771690706373e-13
283.5,0.0,1.7087404453784276e-30,1.0488828779292624e-30,0.10375278367293879,0.906247216327326,0.0,2.646771690706373e-13
283.75,0.0,1.677384414015076e-30,1.0320274515393471e-30,0.10354782599766284,0.9064521740026019,0.0,2.646771690706373e-13
284.0,0.0,1.646664342553664e-30,1.0154766316868122e-30,0.10334328892811617,0.9066567110721486,0.0,2.6489921367556235e-13
284.25,0.0,1.616566223730435e-30,9.992243719510628e-31,0.10313917155716562,0.9068608284430991,0.0,2.646771690706373e-13
284.5,0.0,1.5870763814374946e-30,9.832647558268653e-31,0.10293547297975685,0.9070645270205079,0.0,2.646771690706373e-13
284.75,0.0,1.5581814623912598e-30,9.675919937340404e-31,0.10273219229290914,0.9072678077073556,0.0,2.646771690706373e-13
285.0,0.0,1.5298684280211374e-30,9.522004200999846e-31,0.10252932859571047,0.9074706714045543,0.0,2.646771690706373e-13
285.25,0.0,1.5021245465702768e-30,9.37084490512638e-31,0.1023268809893122,0.9076731190109525,0.0,2.646771690706373e-13
285.5,0.0,1.4749373854115617e-30,9.222387789443151e-31,0.10212484857692429,0.9078751514233404,0.0,2.646771690706373e-13
285.75,0.0,1.4482948035676196e-30,9.07657975043301e-31,0.10192323046381006,0.9080767695364547,0.0,2.646771690706373e-13
286.0,0.0,1.4221849444236074e-30,8.93336881490089e-31,0.1017220257572813,0.9082779742429834,0.0,2.646771690706373e-13
286.25,0.0,1.3965962286351011e-30,8.79270411418493e-31,0.10152123356669308,0.9084787664335716,0.0,2.646771690706373e-13
286.5,0.0,1.371517347223782e-30,8.654535858995083e-31,0.10132085300343897,0.9086791469968257,0.0,2.646771690706373e-13
286.75,0.0,1.3469372548554467e-30,8.518815314862487e-31,0.10112088318094582,0.9088791168193189,0.0,2.646771690706373e-13
287.0,0.0,1.3228451632937332e-30,8.385494778180102e-31,0.10092132321466897,0.9090786767855957,0.0,2.646771690706373e-13
287.25,0.0,1.299230535023164e-30,8.25452755281556e-31,0.10072217222208722,0.9092778277781776,0.0,2.646771690706373e-13
287.5,0.0,1.2760830770438263e-30,8.125867927299162e-31,0.1005234293226978,0.9094765706775669,0.0,2.646771690706373e-13
287.75,0.0,1.2533927348289411e-30,7.999471152562359e-31,0.10032509363801156,0.9096749063622532,0.0,2.6489921367556235e-13
288.0,0.0,1.2311496864365432e-30,7.8752934202019435e-31,0.10012716429154797,0.9098728357087168,0.0,2.646771690706373e-13
288.25,0.0,1.2093443367769593e-30,7.753291841271377e-31,0.09992964040883019,0.9100703595914346,0.0,2.646771690706373e-13
288.5,0.0,1.1879673120303518e-30,7.6334244255822975e-31,0.09973252111738032,0.9102674788828844,0.0,2.646771690706373e-13
288.75,0.0,1.1670094542100075e-30,7.5156500615027655e-31,0.09953580554671423,0.9104641944535505,0.0,2.646771690706373e-13
289.0,0.0,1.146461815866174e-30,7.399928496236621e-31,0.09933949282833704,0.9106605071719277,0.0,2.646771690706373e-13
289.25,0.0,1.1263156549254068e-30,7.286220316568717e-31,0.09914358209573791,0.9108564179045269,0.0,2.646771690706373e-13
289.5,0.0,1.1065624296671361e-30,7.174486930078014e-31,0.09894807248438549,0.9110519275158793,0.0,2.646771690706373e-13
289.75,0.0,1.0871937938306022e-30,7.0646905467989115e-31,0.09875296313172285,0.9112470368685419,0.0,2.646771690706373e-13
290.0,0.0,1.0682015918452955e-30,6.956794161311052e-31,0.09855825317716281,0.9114417468231019,0.0,2.646771690706373e-13
290.25,0.0,1.0495778541861192e-30,6.850761535258468e-31,0.09836394176208312,0.9116360582381816,0.0,2.646771690706373e-13
290.5,0.0,1.0313147928487607e-30,6.746557180284448e-31,0.09817002802982147,0.9118299719704432,0.0,2.646771690706373e-13
290.75,0.0,1.013404796941857e-30,6.644146341371341e-31,0.09797651112567107,0.9120234888745936,0.0,2.646771690706373e-13
291.0,0.0,9.958404283918538e-31,6.543494980572714e-31,0.09778339019687546,0.9122166098033893,0.0,2.646771690706373e-13
291.25,0.0,9.786144177565846e-31,6.444569761125668e-31,0.09759066439262411,0.9124093356076406,0.0,2.646771690706373e-13
291.5,0.0,9.617196601488226e-31,6.34733803194461e-31,0.0973983328640474,0.9126016671362173,0.0,2.646771690706373e-13
291.75,0.0,9.451492112644324e-31,6.251767812480828e-31,0.09720639476421208,0.9127936052360526,0.0,2.646771690706373e-13
292.0,0.0,9.288962835097366e-31,6.157827777932076e-31,0.09701484924811643,0.9129851507521483,0.0,2.646771690706373e-13
292.25,0.0,9.129542422289692e-31,6.065487244802613e-31,0.09682369547268557,0.9131763045275791,0.0,2.646771690706373e-13
292.5,0.0,8.973166020282624e-31,5.974716156802778e-31,0.09663293259676681,0.9133670674034979,0.0,2.646771690706373e-13
292.75,0.0,8.819770231934492e-31,5.885485071079389e-31,0.09644255978112493,0.9135574402191398,0.0,2.646771690706373e-13
293.0,0.0,8.669293081984475e-31,5.797765144766844e-31,0.09625257618843747,0.9137474238118273,0.0,2.646771690706373e-13
293.25,0.0,8.521673983010776e-31,5.711528121849095e-31,0.09606298098329015,0.9139370190169746,0.0,2.646771690706373e-13
293.5,0.0,8.376853702272336e-31,5.6267463203333545e-31,0.09587377333217215,0.9141262266680925,0.0,2.646771690706373e-13
293.75,0.0,8.234774329391802e-31,5.543392619722982e-31,0.09568495240347154,0.9143150475967932,0.0,2.646771690706373e-13
294.0,0.0,8.095379244837414e-31,5.461440448776907e-31,0.0954965173674705,0.9145034826327941,0.0,2.646771690706373e-13
294.25,0.0,7.95861308921002e-31,5.380863773555762e-31,0.09530846739634098,0.9146915326039237,0.0,2.646771690706373e-13
294.5,0.0,7.824421733307126e-31,5.301637085745942e-31,0.0951208016641398,0.9148791983361249,0.0,2.646771690706373e-13
294.75,0.0,7.692752248942392e-31,5.223735391254522e-31,0.09493351934680429,0.9150664806534604,0.0,2.646771690706373e-13
295.0,0.0,7.563552880494886e-31,5.147134199066892e-31,0.09474661962214757,0.9152533803781171,0.0,2.646771690706373e-13
295.25,0.0,7.436773017163196e-31,5.07180951035917e-31,0.09456010166985405,0.9154398983304106,0.0,2.646771690706373e-13
295.5,0.0,7.312363165931061e-31,4.9977378078659244e-31,0.09437396467147488,0.9156260353287897,0.0,2.646771690706373e-13
295.75,0.0,7.190274925211229e-31,4.9248960454931145e-31,0.09418820781042336,0.9158117921898413,0.0,2.646771690706373e-13
296.0,0.0,7.070460959134122e-31,4.853261638166129e-31,0.09400283027197046,0.9159971697282941,0.0,2.646771690706373e-13
296.25,0.0,6.952874972485727e-31,4.782812451912892e-31,0.09381783124324027,0.9161821687570244,0.0,2.646771690706373e-13
296.5,0.0,6.837471686272441e-31,4.71352679417495e-31,0.09363320991320552,0.9163667900870591,0.0,2.646771690706373e-13
296.75,0.0,6.724206813895634e-31,4.64538340434082e-31,0.09344896547268308,0.9165510345275816,0.0,2.646771690706373e-13
297.0,0.0,6.613037037915559e-31,4.578361444495007e-31,0.0932650971143294,0.9167349028859352,0.0,2.644551244657123e-13
297.25,0.0,6.50391998738478e-31,4.512440490376284e-31,0.09308160403263625,0.9169183959676284,0.0,2.646771690706373e-13
297.5,0.0,6.396814215755983e-31,4.44760052254551e-31,0.09289848542392595,0.9171015145763387,0.0,2.646771690706373e-13
297.75,0.0,6.2916791793378405e-31,4.383821917754901e-31,0.09271574048634722,0.9172842595139175,0.0,2.646771690706373e-13
298.0,0.0,6.188475216272508e-31,4.321085440510574e-31,0.0925333684198705,0.9174666315803941,0.0,2.646771690706373e-13
298.25,0.0,6.087163526037862e-31,4.259372234828245e-31,0.09235136842628375,0.9176486315739808,0.0,2.644551244657123e-13
298.5,0.0,5.987706149456769e-31,4.19866381617635e-31,0.09216973970918788,0.9178302602910767,0.0,2.646771690706373e-13
298.75,0.0,5.890065949199623e-31,4.138942063601929e-31,0.09198848147399233,0.9180115185262723,0.0,2.646771690706373e-13
299.0,0.0,5.794206590763908e-31,4.080189212033929e-31,0.09180759292791082,0.9181924070723537,0.0,2.644551244657123e-13
299.25,0.0,5.700092523914993e-31,4.022387844758755e-31,0.0916270732799569,0.9183729267203077,0.0,2.644551244657123e-13
299.5,0.0,5.607688964591764e-31,3.965520886068188e-31,0.09144692174093949,0.9185530782593251,0.0,2.644551244657123e-13
299.75,0.0,5.516961877255837e-31,3.909571594073057e-31,0.0912671375234587,0.9187328624768059,0.0,2.644551244657123e-13
300.0,0.0,5.427877957663887e-31,3.854523553676188e-31,0.09108771984190132,0.9189122801583632,0.0,2.644551244657123e-13
