species,growth_score,mu_max,death_rate,total_uptake_capacity,M1_secretion_share,M2_secretion_share,initial_biomass,starvation_death_increment,leakage_fraction,can_consume_R0,K_R0,preference_R0,uptake_max_R0,can_consume_M1,K_M1,preference_M1,uptake_max_M1,can_consume_M2,K_M2,preference_M2,uptake_max_M2,final_biomass,peak_biomass,biomass_time_integral,extinction_time,survived,final_percent,seed,scenario,shannon_final
S01,0.612673574318909,0.612673574318909,0.007420976596722972,0.7658419678986362,0.8515350106661261,0.14846498933387386,0.0004,0.0,0.2,True,0.1,1.0,0.7658419678986362,False,0.1,0.0,0.0,False,0.1,0.0,0.0,0.03196589743641262,0.2684315064147266,32.68108629461081,,True,35.09353125964183,42,baseline,1.888596938695043
S02,0.4769479474461431,0.4769479474461431,0.009751181422341732,0.4769479474461431,0.7746232369892749,0.225376763010725,0.0004,0.0,0.2,False,0.1,0.0,0.0,True,0.1,1.0,0.4769479474461431,False,0.1,0.0,0.0,0.0008591000300270791,0.011729921163322235,1.2511622193451704,,True,0.9431568069968129,42,baseline,1.888596938695043
S03,0.6609003678039989,0.6609003678039989,0.004888754183772857,0.6609003678039989,0.7770481541141616,0.2229518458858385,0.0004,0.0,0.2,False,0.1,0.0,0.0,False,0.1,0.0,0.0,True,0.1,1.0,0.6609003678039989,0.0005647421690223195,0.0021712214625408737,0.3568206139005101,,True,0.6199981402570272,42,baseline,1.888596938695043
S04,0.5774540697011499,0.5774540697011499,0.006949953839124522,0.7218175871264373,0.5960192798816303,0.40398072011836966,0.0004,0.0,0.2,True,0.1,1.0,0.7218175871264373,False,0.1,0.0,0.0,False,0.1,0.0,0.0,0.025182741263679097,0.1847512631094737,23.543432033181396,,True,27.646691900278263,42,baseline,1.888596938695043
S05,0.3029913307400761,0.3029913307400761,0.011429871068700135,0.3029913307400761,0.6147032926219209,0.38529670737807903,0.0004,0.0,0.2,False,0.1,0.0,0.0,True,0.1,0.7566828308376615,0.22926833786367096,True,0.1,0.24331716916233845,0.07372299287640514,9.352689792254369e-05,0.0020396324217899194,0.20150442972991575,,True,0.10267783416345909,42,baseline,1.888596938695043
S06,0.7945463564246886,0.7945463564246886,0.011975314284901607,0.7945463564246886,0.9552426054620005,0.04475739453799964,0.0004,0.0,0.2,False,0.1,0.0,0.0,True,0.1,0.3643016652352265,0.28945456075209586,True,0.1,0.6356983347647736,0.5050917956725928,0.0004126558693954693,0.010380699789445877,0.9604468836378953,,True,0.45303128688664696,42,baseline,1.888596938695043
S07,0.606387639168178,0.606387639168178,0.015536751522968403,0.606387639168178,0.3874659520217885,0.6125340479782114,0.0004,0.0,0.2,False,0.1,0.0,0.0,True,0.1,0.48543944075491635,0.29436447643849434,True,0.1,0.5145605592450837,0.31202316272968367,8.674432519875933e-05,0.005734208930941958,0.43565315488955875,,True,0.0952316353393402,42,baseline,1.888596938695043
S08,0.6187995707493525,0.6187995707493525,0.0086479976251629,0.6268428907487028,0.14578479652280407,0.8542152034771959,0.0004,0.0,0.2,True,0.1,0.06415738391595431,0.04021659999675113,False,0.1,0.0,0.0,True,0.1,0.9358426160840457,0.5866262907519517,0.00021102505027196093,0.0023095441981708853,0.27112579888634497,,True,0.2316723380914922,42,baseline,1.888596938695043
S09,0.3299253740639157,0.3299253740639157,0.00901023691345938,0.3299253740639157,0.05692571364264103,0.9430742863573589,0.0004,0.0,0.2,False,0.1,0.0,0.0,False,0.1,0.0,0.0,True,0.1,1.0,0.3299253740639157,6.620264821344816e-05,0.000809020855651892,0.09483325554035273,,True,0.07268010257404008,42,baseline,1.888596938695043
S10,0.4813131824098549,0.4813131824098549,0.009772556981438394,0.4938164658343517,0.3527105100215366,0.6472894899784635,0.0004,0.0,0.2,True,0.1,0.12659848637662735,0.06251641712248443,False,0.1,0.0,0.0,True,0.1,0.8734015136233727,0.4313000487118673,0.00011925324650739874,0.0017951072865546884,0.19488284519395496,,True,0.13092132146285315,42,baseline,1.888596938695043
S11,0.4505829385797492,0.4505829385797492,0.007364310915885195,0.4505829385797492,0.9504957364848154,0.04950426351518464,0.0004,0.0,0.2,False,0.1,0.0,0.0,True,0.1,1.0,0.4505829385797492,False,0.1,0.0,0.0,0.0014336529158352602,0.010293200515279266,1.3286772323151395,,True,1.5739255723204129,42,baseline,1.888596938695043
S12,0.7174226061194302,0.7174226061194302,0.006625004309591233,0.7174226061194303,0.12454076598729688,0.8754592340127031,0.0004,0.0,0.2,False,0.1,0.0,0.0,True,0.1,0.13074209451525468,0.09379733417664689,True,0.1,0.8692579054847452,0.6236252719427834,0.0006257557050443835,0.0037493262956096976,0.528577852721979,,True,0.6869814132250668,42,baseline,1.888596938695043
S13,0.5552717360780561,0.5552717360780561,0.00981888551485112,0.5552717360780561,0.7733149547464767,0.22668504525352334,0.0004,0.0,0.2,False,0.1,0.0,0.0,False,0.1,0.0,0.0,True,0.1,1.0,0.5552717360780561,9.633207301046617e-05,0.0014623573858479147,0.15799426475983025,,True,0.10575747551664189,42,baseline,1.888596938695043
S14,0.6387313139813338,0.6387313139813338,0.007756109148548041,0.6387313139813338,0.37156790252663413,0.6284320974733657,0.0004,0.0,0.2,False,0.1,0.0,0.0,False,0.1,0.0,0.0,True,0.1,1.0,0.6387313139813338,0.00022484186196917815,0.0019173988820070655,0.24227555205150708,,True,0.24684102572710181,42,baseline,1.888596938695043
S15,0.4786706610213468,0.4786706610213468,0.011319372235691535,0.4786706610213468,0.8413160429720034,0.15868395702799656,0.0004,0.0,0.2,False,0.1,0.0,0.0,False,0.1,0.0,0.0,True,0.1,1.0,0.4786706610213468,4.9783887894854205e-05,0.0011520490897797915,0.11289595174537756,,True,0.05465488430412227,42,baseline,1.888596938695043
S16,0.3879206769201393,0.3879206769201393,0.009527256440447636,0.3879206769201393,0.6835513095284493,0.3164486904715507,0.0004,0.0,0.2,False,0.1,0.0,0.0,False,0.1,0.0,0.0,True,0.1,1.0,0.3879206769201393,6.645865356889889e-05,0.0009358761744906642,0.1048936090018268,,True,0.07296115621759935,42,baseline,1.888596938695043
S17,0.5205702464255352,0.5205702464255352,0.012895268260698346,0.6507128080319189,0.12483014815539316,0.8751698518446068,0.0004,0.0,0.2,True,0.1,1.0,0.6507128080319189,False,0.1,0.0,0.0,False,0.1,0.0,0.0,0.002291284467881446,0.09261444938775461,7.309537139768897,,True,2.5154702212969764,42,baseline,1.888596938695043
S18,0.271923655103572,0.271923655103572,0.011576599568711526,0.339904568879465,0.2935551684749589,0.706444831525041,0.0004,0.0,0.2,True,0.1,1.0,0.339904568879465,False,0.1,0.0,0.0,False,0.1,0.0,0.0,0.00023298869648308765,0.006458409852326224,0.5707132092775329,,True,0.25578496957381325,42,baseline,1.888596938695043
S19,0.6415617565200384,0.6415617565200384,0.008535040668752408,0.6415617565200384,0.619355935195066,0.38064406480493396,0.0004,0.0,0.2,False,0.1,0.0,0.0,True,0.1,1.0,0.6415617565200384,False,0.1,0.0,0.0,0.004421421703197434,0.04329300358180555,5.019430066943703,,True,4.854026108976692,42,baseline,1.888596938695043
S20,0.5503947679516358,0.5503947679516358,0.012890262019107132,0.6879934599395446,0.44627723652059154,0.5537227634794083,0.0004,0.0,0.2,True,0.1,1.0,0.6879934599395446,False,0.1,0.0,0.0,False,0.1,0.0,0.0,0.0031653097278274045,0.1277473546943376,10.070572969305951,,True,3.4750125849251168,42,baseline,1.888596938695043
S21,0.6049183137391148,0.6049183137391148,0.012577199929812497,0.6049183137391148,0.4447056029828542,0.5552943970171459,0.0004,0.0,0.2,False,0.1,0.0,0.0,False,0.1,0.0,0.0,True,0.1,1.0,0.6049183137391148,4.8249646113980195e-05,0.0015783654668798598,0.14103719998360303,,True,0.05297052796768421,42,baseline,1.888596938695043
S22,0.44408086695356125,0.44408086695356125,0.009144366538277054,0.5489185892321549,0.4826835238955366,0.5173164761044635,0.0004,0.0,0.2,True,0.1,0.9549478222740102,0.5241886113929682,False,0.1,0.0,0.0,True,0.1,0.045052177725989836,0.02472997783918665,0.0025360012431932455,0.033916492845984914,3.6686051733056115,,True,2.7841307781058946,42,baseline,1.888596938695043
S23,0.7827700623264917,0.7827700623264917,0.008327855963910643,0.8991481205175444,0.44399670516830775,0.5560032948316923,0.0004,0.0,0.2,True,0.1,0.6471573233343703,0.5818902909552638,False,0.1,0.0,0.0,True,0.1,0.35284267666562974,0.3172578295622806,0.011883840214468963,0.12007574111518257,14.268939300593726,,True,13.046588755427674,42,baseline,1.888596938695043
S24,0.6862203886407972,0.6862203886407972,0.011425212296903247,0.6862203886407972,0.8795051613236196,0.12049483867638036,0.0004,0.0,0.2,False,0.1,0.0,0.0,False,0.1,0.0,0.0,True,0.1,1.0,0.6862203886407972,8.518574865090336e-05,0.0020154341492649845,0.19271731023328603,,True,0.09352056325348587,42,baseline,1.888596938695043
S25,0.6148913087425962,0.6148913087425962,0.006760680233078287,0.6148913087425962,0.6239019084127824,0.37609809158721774,0.0004,0.0,0.2,False,0.1,0.0,0.0,True,0.1,0.8896681944414698,0.5470492404267779,True,0.1,0.11033180555853024,0.06784206831581831,0.00436472436011115,0.026572957576767045,3.5903964138966336,,True,4.791781337469959,42,baseline,1.888596938695043
S01,0.612673574318909,0.612673574318909,0.007420976596722972,0.7658419678986362,0.8515350106661261,0.14846498933387386,0.0004,0.0,0.2,True,0.08267722819017101,1.0,0.7658419678986362,False,0.24680217603901325,0.0,0.0,False,0.13553025329604063,0.0,0.0,0.02819006531897621,0.2381465071508417,28.924594585815573,,True,30.344786403733224,42,affinity,1.8244856517923467
S02,0.4769479474461431,0.4769479474461431,0.009751181422341732,0.4769479474461431,0.7746232369892749,0.225376763010725,0.0004,0.0,0.2,False,0.07350482270726946,0.0,0.0,True,0.2503640944093288,1.0,0.4769479474461431,False,0.11819720718406515,0.0,0.0,0.00016806745686240236,0.0023166463619600014,0.2552963541112482,,True,0.18091377306867004,42,affinity,1.8244856517923467
S03,0.6609003678039989,0.6609003678039989,0.004888754183772857,0.6609003678039989,0.7770481541141616,0.2229518458858385,0.0004,0.0,0.2,False,0.14743808099146147,0.0,0.0,False,0.15074240746696427,0.0,0.0,True,0.06680679554310197,1.0,0.6609003678039989,0.0009799253541191094,0.0038050489399300853,0.61569526693528,,True,1.0548264158270826,42,affinity,1.8244856517923467
S04,0.5774540697011499,0.5774540697011499,0.006949953839124522,0.7218175871264373,0.5960192798816303,0.40398072011836966,0.0004,0.0,0.2,True,0.038614743766361884,1.0,0.7218175871264373,False,0.4191647795688755,0.0,0.0,False,0.0844299626119586,0.0,0.0,0.03305853120357878,0.24373817004819762,30.946594181949244,,True,35.58537579969609,42,affinity,1.8244856517923467
S05,0.3029913307400761,0.3029913307400761,0.011429871068700135,0.3029913307400761,0.6147032926219209,0.38529670737807903,0.0004,0.0,0.2,False,0.12189154588028865,0.0,0.0,True,0.0589525251264103,0.7566828308376615,0.22926833786367096,True,0.11168718561837372,0.24331716916233845,0.07372299287640514,0.000181984400682871,0.0038981968397659578,0.3796186928463924,,True,0.19589446512618713,42,affinity,1.8244856517923467
S06,0.7945463564246886,0.7945463564246886,0.011975314284901607,0.7945463564246886,0.9552426054620005,0.04475739453799964,0.0004,0.0,0.2,False,0.020328799116190205,0.0,0.0,True,0.09947885305494389,0.3643016652352265,0.28945456075209586,True,0.036708221803471205,0.6356983347647736,0.5050917956725928,0.0015922062131901614,0.039752567690641526,3.6659148239457195,,True,1.7139072543201561,42,affinity,1.8244856517923467
S07,0.606387639168178,0.606387639168178,0.015536751522968403,0.606387639168178,0.3874659520217885,0.6125340479782114,0.0004,0.0,0.2,False,0.16611973230484037,0.0,0.0,True,0.1956795516670934,0.48543944075491635,0.29436447643849434,True,0.09504757446320862,0.5145605592450837,0.31202316272968367,4.144650148893324e-05,0.002764858187842792,0.21604880863755627,,True,0.044614484593516586,42,affinity,1.8244856517923467
S08,0.6187995707493525,0.6187995707493525,0.0086479976251629,0.6268428907487028,0.14578479652280407,0.8542152034771959,0.0004,0.0,0.2,True,0.061647047565342686,0.06415738391595431,0.04021659999675113,False,0.08230244518870282,0.0,0.0,True,0.07312048231028687,0.9358426160840457,0.5866262907519517,0.0003041326148785395,0.0033779852798778453,0.38885398791552117,,True,0.32737913631884075,42,affinity,1.8244856517923467
S09,0.3299253740639157,0.3299253740639157,0.00901023691345938,0.3299253740639157,0.05692571364264103,0.9430742863573589,0.0004,0.0,0.2,False,0.1514259539206829,0.0,0.0,False,0.164020304600423,0.0,0.0,True,0.12926372578349954,1.0,0.3299253740639157,5.528933734624917e-05,0.0006882418206621424,0.0803098545683665,,True,0.05951540421037991,42,affinity,1.8244856517923467
S10,0.4813131824098549,0.4813131824098549,0.009772556981438394,0.4938164658343517,0.3527105100215366,0.6472894899784635,0.0004,0.0,0.2,True,0.20250958078455603,0.12659848637662735,0.06251641712248443,False,0.12361786566077958,0.0,0.0,True,0.21949645590677294,0.8734015136233727,0.4313000487118673,6.229989760082324e-05,0.0009641160157179554,0.10545896818873392,,True,0.06706181998091554,42,affinity,1.8244856517923467
S11,0.4505829385797492,0.4505829385797492,0.007364310915885195,0.4505829385797492,0.9504957364848154,0.04950426351518464,0.0004,0.0,0.2,False,0.06137243178556847,0.0,0.0,True,0.05524512263454684,1.0,0.4505829385797492,False,0.042947386223892714,0.0,0.0,0.006435774312847384,0.04565392936945245,5.837345441050673,,True,6.927695791273156,42,affinity,1.8244856517923467
S12,0.7174226061194302,0.7174226061194302,0.006625004309591233,0.7174226061194303,0.12454076598729688,0.8754592340127031,0.0004,0.0,0.2,False,0.13046477434137663,0.0,0.0,True,0.06347673384693431,0.13074209451525468,0.09379733417664689,True,0.08735386611546832,0.8692579054847452,0.6236252719427834,0.0009151861131388872,0.005433377121271273,0.7669300021924315,,True,0.9851388000923914,42,affinity,1.8244856517923467
S13,0.5552717360780561,0.5552717360780561,0.00981888551485112,0.5552717360780561,0.7733149547464767,0.22668504525352334,0.0004,0.0,0.2,False,0.08732758868073094,0.0,0.0,False,0.0489280578575271,0.0,0.0,True,0.3020823201701276,1.0,0.5552717360780561,3.8093629192151847e-05,0.0005977783365088288,0.0660540592149092,,True,0.04100533390395299,42,affinity,1.8244856517923467
S14,0.6387313139813338,0.6387313139813338,0.007756109148548041,0.6387313139813338,0.37156790252663413,0.6284320974733657,0.0004,0.0,0.2,False,0.12496620095749532,0.0,0.0,False,0.09469497427382659,0.0,0.0,True,0.12168259171448795,1.0,0.6387313139813338,0.00016985839913780703,0.0014760638717865133,0.1853894534949162,,True,0.18284160687088502,42,affinity,1.8244856517923467
S15,0.4786706610213468,0.4786706610213468,0.011319372235691535,0.4786706610213468,0.8413160429720034,0.15868395702799656,0.0004,0.0,0.2,False,0.17965904343096603,0.0,0.0,False,0.10680137817108872,0.0,0.0,True,0.23957521029675072,1.0,0.4786706610213468,2.5130806741547956e-05,0.0006011881458248376,0.0598880650209316,,True,0.027051691938167775,42,affinity,1.8244856517923467
S16,0.3879206769201393,0.3879206769201393,0.009527256440447636,0.3879206769201393,0.6835513095284493,0.3164486904715507,0.0004,0.0,0.2,False,0.07818527782898445,0.0,0.0,False,0.07266598105369952,0.0,0.0,True,0.07513368203581569,1.0,0.3879206769201393,8.240315512892424e-05,0.001176337745351793,0.12916826319918168,,True,0.08870167958417885,42,affinity,1.8244856517923467
S17,0.5205702464255352,0.5205702464255352,0.012895268260698346,0.6507128080319189,0.12483014815539316,0.8751698518446068,0.0004,0.0,0.2,True,0.07152856248539699,1.0,0.6507128080319189,False,0.05456131135958659,0.0,0.0,False,0.07407176622621994,0.0,0.0,0.002234011171551374,0.09119237861206281,7.160385865330064,,True,2.4047688807108534,42,affinity,1.8244856517923467
S18,0.271923655103572,0.271923655103572,0.011576599568711526,0.339904568879465,0.2935551684749589,0.706444831525041,0.0004,0.0,0.2,True,0.07855288193732955,1.0,0.339904568879465,False,0.0866389094395914,0.0,0.0,False,0.08322607753328139,0.0,0.0,0.00022378895117908734,0.006255296700483467,0.5503686598141464,,True,0.24089436637359,42,affinity,1.8244856517923467
S19,0.6415617565200384,0.6415617565200384,0.008535040668752408,0.6415617565200384,0.619355935195066,0.38064406480493396,0.0004,0.0,0.2,False,0.14253574297817312,0.0,0.0,True,0.15492349068047662,1.0,0.6415617565200384,False,0.02269151664795335,0.0,0.0,0.0015580738018193712,0.015274880097539734,1.7863110280517294,,True,1.677165915810601,42,affinity,1.8244856517923467
S20,0.5503947679516358,0.5503947679516358,0.012890262019107132,0.6879934599395446,0.44627723652059154,0.5537227634794083,0.0004,0.0,0.2,True,0.08920982814910605,1.0,0.6879934599395446,False,0.05860263712120007,0.0,0.0,False,0.12977858600185974,0.0,0.0,0.0026931751244935586,0.1098009560245894,8.619950827224123,,True,2.899029249343104,42,affinity,1.8244856517923467
S21,0.6049183137391148,0.6049183137391148,0.012577199929812497,0.6049183137391148,0.4447056029828542,0.5552943970171459,0.0004,0.0,0.2,False,0.049535609824201604,0.0,0.0,False,0.09056756162932761,0.0,0.0,True,0.05042218793012589,1.0,0.6049183137391148,0.00012396606784509267,0.004109712184907985,0.3534289237545872,,True,0.13344147335259365,42,affinity,1.8244856517923467
S22,0.44408086695356125,0.44408086695356125,0.009144366538277054,0.5489185892321549,0.4826835238955366,0.5173164761044635,0.0004,0.0,0.2,True,0.08081508735785929,0.9549478222740102,0.5241886113929682,False,0.038795352531022426,0.0,0.0,True,0.07711556599674897,0.045052177725989836,0.02472997783918665,0.002380996879164233,0.03182422284514772,3.4564861378721026,,True,2.562989510973507,42,affinity,1.8244856517923467
S23,0.7827700623264917,0.7827700623264917,0.008327855963910643,0.8991481205175444,0.44399670516830775,0.5560032948316923,0.0004,0.0,0.2,True,0.07341063915081991,0.6471573233343703,0.5818902909552638,False,0.09502980690953844,0.0,0.0,True,0.11014834772357171,0.35284267666562974,0.3172578295622806,0.010583491682450014,0.10860792899077662,12.78476962034119,,True,11.392445915811603,42,affinity,1.8244856517923467
S24,0.6862203886407972,0.6862203886407972,0.011425212296903247,0.6862203886407972,0.8795051613236196,0.12049483867638036,0.0004,0.0,0.2,False,0.08050699368355325,0.0,0.0,False,0.1967743563488177,0.0,0.0,True,0.16426548326178395,1.0,0.6862203886407972,4.491588857758284e-05,0.001094915308000612,0.10510172103183586,,True,0.04834905593862354,42,affinity,1.8244856517923467
S25,0.6148913087425962,0.6148913087425962,0.006760680233078287,0.6148913087425962,0.6239019084127824,0.37609809158721774,0.0004,0.0,0.2,False,0.18519780682082157,0.0,0.0,True,0.22575580230433015,0.8896681944414698,0.5470492404267779,True,0.1835059895384483,0.11033180555853024,0.06784206831581831,0.000756390688217815,0.004629876518785977,0.6373335194674697,,True,0.8142057711477464,42,affinity,1.8244856517923467
S01,0.612673574318909,0.612673574318909,0.007420976596722972,0.7658419678986362,0.8515350106661261,0.14846498933387386,0.0004,0.0793480687242074,0.2,True,0.1,1.0,0.7658419678986362,False,0.1,0.0,0.0,False,0.1,0.0,0.0,0.0,0.250910983138158,3.590200357941331,246.47099183793176,False,0.0,42,starvation,0.8186082681552752
S02,0.4769479474461431,0.4769479474461431,0.009751181422341732,0.4769479474461431,0.7746232369892749,0.225376763010725,0.0004,0.0698768721276962,0.2,False,0.1,0.0,0.0,True,0.1,1.0,0.4769479474461431,False,0.1,0.0,0.0,0.0,0.006267414973895544,0.15330364799245896,242.4984865344754,False,0.0,42,starvation,0.8186082681552752
S03,0.6609003678039989,0.6609003678039989,0.004888754183772857,0.6609003678039989,0.7770481541141616,0.2229518458858385,0.0004,0.08146388581414843,0.2,False,0.1,0.0,0.0,False,0.1,0.0,0.0,True,0.1,1.0,0.6609003678039989,0.0,0.00071669571697913,0.017969717508235682,189.46236685164558,False,0.0,42,starvation,0.8186082681552752
S04,0.5774540697011499,0.5774540697011499,0.006949953839124522,0.7218175871264373,0.5960192798816303,0.40398072011836966,0.0004,0.0580001671412019,0.2,True,0.1,1.0,0.7218175871264373,False,0.1,0.0,0.0,False,0.1,0.0,0.0,1.441800231182697e-09,0.17881003811787238,3.277400249192603,,True,1.3923541699839117,42,starvation,0.8186082681552752
S05,0.3029913307400761,0.3029913307400761,0.011429871068700135,0.3029913307400761,0.6147032926219209,0.38529670737807903,0.0004,0.05575912988788975,0.2,False,0.1,0.0,0.0,True,0.1,0.7566828308376615,0.22926833786367096,True,0.1,0.24331716916233845,0.07372299287640514,0.0,0.0009266938722592013,0.03103764437889018,250.67892008655724,False,0.0,42,starvation,0.8186082681552752
S06,0.7945463564246886,0.7945463564246886,0.011975314284901607,0.7945463564246886,0.9552426054620005,0.04475739453799964,0.0004,0.04961788799213952,0.2,False,0.1,0.0,0.0,True,0.1,0.3643016652352265,0.28945456075209586,True,0.1,0.6356983347647736,0.5050917956725928,5.254272728885642e-10,0.0070082134343980845,0.2091678990280507,,True,0.5074079186612124,42,starvation,0.8186082681552752
S07,0.606387639168178,0.606387639168178,0.015536751522968403,0.606387639168178,0.3874659520217885,0.6125340479782114,0.0004,0.07037270310762941,0.2,False,0.1,0.0,0.0,True,0.1,0.48543944075491635,0.29436447643849434,True,0.1,0.5145605592450837,0.31202316272968367,0.0,0.002207452316976609,0.05858414390146332,213.11503115873333,False,0.0,42,starvation,0.8186082681552752
S08,0.6187995707493525,0.6187995707493525,0.0086479976251629,0.6268428907487028,0.14578479652280407,0.8542152034771959,0.0004,0.06855825432524357,0.2,True,0.1,0.06415738391595431,0.04021659999675113,False,0.1,0.0,0.0,True,0.1,0.9358426160840457,0.5866262907519517,0.0,0.00096025840660939,0.025218199399719952,212.94874798531703,False,0.0,42,starvation,0.8186082681552752
S09,0.3299253740639157,0.3299253740639157,0.00901023691345938,0.3299253740639157,0.05692571364264103,0.9430742863573589,0.0004,0.0878923726786023,0.2,False,0.1,0.0,0.0,False,0.1,0.0,0.0,True,0.1,1.0,0.3299253740639157,0.0,0.0004,0.00723353094757235,157.34822412594403,False,0.0,42,starvation,0.8186082681552752
S10,0.4813131824098549,0.4813131824098549,0.009772556981438394,0.4938164658343517,0.3527105100215366,0.6472894899784635,0.0004,0.06562392284656213,0.2,True,0.1,0.12659848637662735,0.06251641712248443,False,0.1,0.0,0.0,True,0.1,0.8734015136233727,0.4313000487118673,0.0,0.0007760052619265991,0.021596368113141955,213.77518054831052,False,0.0,42,starvation,0.8186082681552752
S11,0.4505829385797492,0.4505829385797492,0.007364310915885195,0.4505829385797492,0.9504957364848154,0.04950426351518464,0.0004,0.03777608305623941,0.2,False,0.1,0.0,0.0,True,0.1,1.0,0.4505829385797492,False,0.1,0.0,0.0,7.147643835779235e-08,0.010597886897555224,0.36767140534171466,,True,69.02517758749028,42,starvation,0.8186082681552752
S12,0.7174226061194302,0.7174226061194302,0.006625004309591233,0.7174226061194303,0.12454076598729688,0.8754592340127031,0.0004,0.060329466933964994,0.2,False,0.1,0.0,0.0,True,0.1,0.13074209451525468,0.09379733417664689,True,0.1,0.8692579054847452,0.6236252719427834,0.0,0.0016227278311236445,0.04955314662761391,256.24601410897384,False,0.0,42,starvation,0.8186082681552752
S13,0.5552717360780561,0.5552717360780561,0.00981888551485112,0.5552717360780561,0.7733149547464767,0.22668504525352334,0.0004,0.047797947051500735,0.2,False,0.1,0.0,0.0,False,0.1,0.0,0.0,True,0.1,1.0,0.5552717360780561,0.0,0.0008212259110164686,0.025945544858391432,275.6981281936642,False,0.0,42,starvation,0.8186082681552752
S14,0.6387313139813338,0.6387313139813338,0.007756109148548041,0.6387313139813338,0.37156790252663413,0.6284320974733657,0.0004,0.04424772824904715,0.2,False,0.1,0.0,0.0,False,0.1,0.0,0.0,True,0.1,1.0,0.6387313139813338,6.992058527877004e-10,0.0011825292255050058,0.03843736355723812,,True,0.6752268197429286,42,starvation,0.8186082681552752
S15,0.4786706610213468,0.4786706610213468,0.011319372235691535,0.4786706610213468,0.8413160429720034,0.15868395702799656,0.0004,0.07703940529141029,0.2,False,0.1,0.0,0.0,False,0.1,0.0,0.0,True,0.1,1.0,0.4786706610213468,0.0,0.0004,0.011086193731536303,177.91598921308807,False,0.0,42,starvation,0.8186082681552752
S16,0.3879206769201393,0.3879206769201393,0.009527256440447636,0.3879206769201393,0.6835513095284493,0.3164486904715507,0.0004,0.05647998977630705,0.2,False,0.1,0.0,0.0,False,0.1,0.0,0.0,True,0.1,1.0,0.3879206769201393,0.0,0.0004333940359739917,0.01396536482088794,232.39462514447075,False,0.0,42,starvation,0.8186082681552752
S17,0.5205702464255352,0.5205702464255352,0.012895268260698346,0.6507128080319189,0.12483014815539316,0.8751698518446068,0.0004,0.07262049202573578,0.2,True,0.1,1.0,0.6507128080319189,False,0.1,0.0,0.0,False,0.1,0.0,0.0,0.0,0.08676084924701447,1.2872250524327689,237.4400631003846,False,0.0,42,starvation,0.8186082681552752
S18,0.271923655103572,0.271923655103572,0.011576599568711526,0.339904568879465,0.2935551684749589,0.706444831525041,0.0004,0.06340959985939014,0.2,True,0.1,1.0,0.339904568879465,False,0.1,0.0,0.0,False,0.1,0.0,0.0,0.0,0.005959729065550988,0.10983150454089427,233.1625267591538,False,0.0,42,starvation,0.8186082681552752
S19,0.6415617565200384,0.6415617565200384,0.008535040668752408,0.6415617565200384,0.619355935195066,0.38064406480493396,0.0004,0.07549078399283288,0.2,False,0.1,0.0,0.0,True,0.1,1.0,0.6415617565200384,False,0.1,0.0,0.0,0.0,0.027889215988776403,0.618894691326215,250.1744273742646,False,0.0,42,starvation,0.8186082681552752
S20,0.5503947679516358,0.5503947679516358,0.012890262019107132,0.6879934599395446,0.44627723652059154,0.5537227634794083,0.0004,0.06152537741703164,0.2,True,0.1,1.0,0.6879934599395446,False,0.1,0.0,0.0,False,0.1,0.0,0.0,0.0,0.12260387468790745,2.0189818817119285,275.6109153525373,False,0.0,42,starvation,0.8186082681552752
S21,0.6049183137391148,0.6049183137391148,0.012577199929812497,0.6049183137391148,0.4447056029828542,0.5552943970171459,0.0004,0.04932761296489643,0.2,False,0.1,0.0,0.0,False,0.1,0.0,0.0,True,0.1,1.0,0.6049183137391148,0.0,0.0008834792460039276,0.026409301551720554,259.4318993187578,False,0.0,42,starvation,0.8186082681552752
S22,0.44408086695356125,0.44408086695356125,0.009144366538277054,0.5489185892321549,0.4826835238955366,0.5173164761044635,0.0004,0.051303976842938866,0.2,True,0.1,0.9549478222740102,0.5241886113929682,False,0.1,0.0,0.0,True,0.1,0.045052177725989836,0.02472997783918665,9.772540070470794e-10,0.03161604498623758,0.6618445542320055,,True,0.9437394046811397,42,starvation,0.8186082681552752
S23,0.7827700623264917,0.7827700623264917,0.008327855963910643,0.8991481205175444,0.44399670516830775,0.5560032948316923,0.0004,0.045439142865298016,0.2,True,0.1,0.6471573233343703,0.5818902909552638,False,0.1,0.0,0.0,True,0.1,0.35284267666562974,0.3172578295622806,2.7369486915561325e-08,0.08661193386964938,2.498497646543488,,True,26.43085943046508,42,starvation,0.8186082681552752
S24,0.6862203886407972,0.6862203886407972,0.011425212296903247,0.6862203886407972,0.8795051613236196,0.12049483867638036,0.0004,0.03967755222437365,0.2,False,0.1,0.0,0.0,False,0.1,0.0,0.0,True,0.1,1.0,0.6862203886407972,1.061643376815822e-09,0.0013808777928041116,0.044820376190996186,,True,1.0252346689754441,42,starvation,0.8186082681552752
S25,0.6148913087425962,0.6148913087425962,0.006760680233078287,0.6148913087425962,0.6239019084127824,0.37609809158721774,0.0004,0.062223451248237895,0.2,False,0.1,0.0,0.0,True,0.1,0.8896681944414698,0.5470492404267779,True,0.1,0.11033180555853024,0.06784206831581831,0.0,0.019200331791119542,0.4915171780573315,291.8117007842238,False,0.0,42,starvation,0.8186082681552752
S01,0.612673574318909,0.612673574318909,0.007420976596722972,0.7658419678986362,0.8515350106661261,0.14846498933387386,0.0004,0.0793480687242074,0.2,True,0.08267722819017101,1.0,0.7658419678986362,False,0.24680217603901325,0.0,0.0,False,0.13553025329604063,0.0,0.0,0.0,0.2237504512781709,3.1422703956817304,244.44879903764027,False,0.0,42,both,0.3674008625710219
S02,0.4769479474461431,0.4769479474461431,0.009751181422341732,0.4769479474461431,0.7746232369892749,0.225376763010725,0.0004,0.0698768721276962,0.2,False,0.07350482270726946,0.0,0.0,True,0.2503640944093288,1.0,0.4769479474461431,False,0.11819720718406515,0.0,0.0,0.0,0.0006092640379387139,0.019183693789166414,208.65437557943972,False,0.0,42,both,0.3674008625710219
S03,0.6609003678039989,0.6609003678039989,0.004888754183772857,0.6609003678039989,0.7770481541141616,0.2229518458858385,0.0004,0.08146388581414843,0.2,False,0.14743808099146147,0.0,0.0,False,0.15074240746696427,0.0,0.0,True,0.06680679554310197,1.0,0.6609003678039989,0.0,0.001558177532886364,0.033048754385730884,197.20855532803955,False,0.0,42,both,0.3674008625710219
S04,0.5774540697011499,0.5774540697011499,0.006949953839124522,0.7218175871264373,0.5960192798816303,0.40398072011836966,0.0004,0.0580001671412019,0.2,True,0.038614743766361884,1.0,0.7218175871264373,False,0.4191647795688755,0.0,0.0,False,0.0844299626119586,0.0,0.0,1.8963511773749715e-09,0.24559897245876375,4.371424696583483,,True,0.5911981487112307,42,both,0.3674008625710219
S05,0.3029913307400761,0.3029913307400761,0.011429871068700135,0.3029913307400761,0.6147032926219209,0.38529670737807903,0.0004,0.05575912988788975,0.2,False,0.12189154588028865,0.0,0.0,True,0.0589525251264103,0.7566828308376615,0.22926833786367096,True,0.11168718561837372,0.24331716916233845,0.07372299287640514,0.0,0.0018164076665324331,0.054395141829737766,260.24445219280625,False,0.0,42,both,0.3674008625710219
S06,0.7945463564246886,0.7945463564246886,0.011975314284901607,0.7945463564246886,0.9552426054620005,0.04475739453799964,0.0004,0.04961788799213952,0.2,False,0.020328799116190205,0.0,0.0,True,0.09947885305494389,0.3643016652352265,0.28945456075209586,True,0.036708221803471205,0.6356983347647736,0.5050917956725928,2.0405707141772916e-09,0.031186477080821257,0.8729315845245428,,True,0.6361594007107402,42,both,0.3674008625710219
S07,0.606387639168178,0.606387639168178,0.015536751522968403,0.606387639168178,0.3874659520217885,0.6125340479782114,0.0004,0.07037270310762941,0.2,False,0.16611973230484037,0.0,0.0,True,0.1956795516670934,0.48543944075491635,0.29436447643849434,True,0.09504757446320862,0.5145605592450837,0.31202316272968367,0.0,0.0008429186348145173,0.024403268941126065,197.99046424308986,False,0.0,42,both,0.3674008625710219
S08,0.6187995707493525,0.6187995707493525,0.0086479976251629,0.6268428907487028,0.14578479652280407,0.8542152034771959,0.0004,0.06855825432524357,0.2,True,0.061647047565342686,0.06415738391595431,0.04021659999675113,False,0.08230244518870282,0.0,0.0,True,0.07312048231028687,0.9358426160840457,0.5866262907519517,0.0,0.0016286371239511298,0.037793518150152416,218.39375282869395,False,0.0,42,both,0.3674008625710219
S09,0.3299253740639157,0.3299253740639157,0.00901023691345938,0.3299253740639157,0.05692571364264103,0.9430742863573589,0.0004,0.0878923726786023,0.2,False,0.1514259539206829,0.0,0.0,False,0.164020304600423,0.0,0.0,True,0.12926372578349954,1.0,0.3299253740639157,0.0,0.0004,0.006390098090235666,154.10541162157776,False,0.0,42,both,0.3674008625710219
S10,0.4813131824098549,0.4813131824098549,0.009772556981438394,0.4938164658343517,0.3527105100215366,0.6472894899784635,0.0004,0.06562392284656213,0.2,True,0.20250958078455603,0.12659848637662735,0.06251641712248443,False,0.12361786566077958,0.0,0.0,True,0.21949645590677294,0.8734015136233727,0.4313000487118673,0.0,0.0004041459176354447,0.012038740541806581,201.52537703445142,False,0.0,42,both,0.3674008625710219
S11,0.4505829385797492,0.4505829385797492,0.007364310915885195,0.4505829385797492,0.9504957364848154,0.04950426351518464,0.0004,0.03777608305623941,0.2,False,0.06137243178556847,0.0,0.0,True,0.05524512263454684,1.0,0.4505829385797492,False,0.042947386223892714,0.0,0.0,2.9255898148035326e-07,0.04643279284457219,1.4976325874418484,,True,91.20690845851071,42,both,0.3674008625710219
S12,0.7174226061194302,0.7174226061194302,0.006625004309591233,0.7174226061194303,0.12454076598729688,0.8754592340127031,0.0004,0.060329466933964994,0.2,False,0.13046477434137663,0.0,0.0,True,0.06347673384693431,0.13074209451525468,0.09379733417664689,True,0.08735386611546832,0.8692579054847452,0.6236252719427834,0.0,0.0023583660590694366,0.06916786526022106,261.01618455952416,False,0.0,42,both,0.3674008625710219
S13,0.5552717360780561,0.5552717360780561,0.00981888551485112,0.5552717360780561,0.7733149547464767,0.22668504525352334,0.0004,0.047797947051500735,0.2,False,0.08732758868073094,0.0,0.0,False,0.0489280578575271,0.0,0.0,True,0.3020823201701276,1.0,0.5552717360780561,0.0,0.0004,0.01077640290063304,253.51225912473643,False,0.0,42,both,0.3674008625710219
S14,0.6387313139813338,0.6387313139813338,0.007756109148548041,0.6387313139813338,0.37156790252663413,0.6284320974733657,0.0004,0.04424772824904715,0.2,False,0.12496620095749532,0.0,0.0,False,0.09469497427382659,0.0,0.0,True,0.12168259171448795,1.0,0.6387313139813338,4.5527678782900965e-10,0.0009022526324580873,0.028403325499606245,,True,0.1419351000632119,42,both,0.3674008625710219
S15,0.4786706610213468,0.4786706610213468,0.011319372235691535,0.4786706610213468,0.8413160429720034,0.15868395702799656,0.0004,0.07703940529141029,0.2,False,0.17965904343096603,0.0,0.0,False,0.10680137817108872,0.0,0.0,True,0.23957521029675072,1.0,0.4786706610213468,0.0,0.0004,0.006513751018929139,166.46470693747122,False,0.0,42,both,0.3674008625710219
S16,0.3879206769201393,0.3879206769201393,0.009527256440447636,0.3879206769201393,0.6835513095284493,0.3164486904715507,0.0004,0.05647998977630705,0.2,False,0.07818527782898445,0.0,0.0,False,0.07266598105369952,0.0,0.0,True,0.07513368203581569,1.0,0.3879206769201393,0.0,0.0006007454563731977,0.01743080748184843,236.20465791501397,False,0.0,42,both,0.3674008625710219
S17,0.5205702464255352,0.5205702464255352,0.012895268260698346,0.6507128080319189,0.12483014815539316,0.8751698518446068,0.0004,0.07262049202573578,0.2,True,0.07152856248539699,1.0,0.6507128080319189,False,0.05456131135958659,0.0,0.0,False,0.07407176622621994,0.0,0.0,0.0,0.08681638590961754,1.260228101465404,236.7800313875167,False,0.0,42,both,0.3674008625710219
S18,0.271923655103572,0.271923655103572,0.011576599568711526,0.339904568879465,0.2935551684749589,0.706444831525041,0.0004,0.06340959985939014,0.2,True,0.07855288193732955,1.0,0.339904568879465,False,0.0866389094395914,0.0,0.0,False,0.08322607753328139,0.0,0.0,0.0,0.005872095539938691,0.10589255920107996,232.2866272498853,False,0.0,42,both,0.3674008625710219
S19,0.6415617565200384,0.6415617565200384,0.008535040668752408,0.6415617565200384,0.619355935195066,0.38064406480493396,0.0004,0.07549078399283288,0.2,False,0.14253574297817312,0.0,0.0,True,0.15492349068047662,1.0,0.6415617565200384,False,0.02269151664795335,0.0,0.0,0.0,0.0049156332576025495,0.11355998431854222,226.03706087372885,False,0.0,42,both,0.3674008625710219
S20,0.5503947679516358,0.5503947679516358,0.012890262019107132,0.6879934599395446,0.44627723652059154,0.5537227634794083,0.0004,0.06152537741703164,0.2,True,0.08920982814910605,1.0,0.6879934599395446,False,0.05860263712120007,0.0,0.0,False,0.12977858600185974,0.0,0.0,0.0,0.10481096022027689,1.7004648984140425,272.7912334795422,False,0.0,42,both,0.3674008625710219
S21,0.6049183137391148,0.6049183137391148,0.012577199929812497,0.6049183137391148,0.4447056029828542,0.5552943970171459,0.0004,0.04932761296489643,0.2,False,0.049535609824201604,0.0,0.0,False,0.09056756162932761,0.0,0.0,True,0.05042218793012589,1.0,0.6049183137391148,0.0,0.002992341268436779,0.07529097533851675,278.05344485548363,False,0.0,42,both,0.3674008625710219
S22,0.44408086695356125,0.44408086695356125,0.009144366538277054,0.5489185892321549,0.4826835238955366,0.5173164761044635,0.0004,0.051303976842938866,0.2,True,0.08081508735785929,0.9549478222740102,0.5241886113929682,False,0.038795352531022426,0.0,0.0,True,0.07711556599674897,0.045052177725989836,0.02472997783918665,8.905399636602731e-10,0.0298235912424547,0.6189590513996693,,True,0.27763084398645455,42,both,0.3674008625710219
S23,0.7827700623264917,0.7827700623264917,0.008327855963910643,0.8991481205175444,0.44399670516830775,0.5560032948316923,0.0004,0.045439142865298016,0.2,True,0.07341063915081991,0.6471573233343703,0.5818902909552638,False,0.09502980690953844,0.0,0.0,True,0.11014834772357171,0.35284267666562974,0.3172578295622806,2.2485774412027518e-08,0.0786464590365781,2.1829488450302645,,True,7.0100666813889685,42,both,0.3674008625710219
S24,0.6862203886407972,0.6862203886407972,0.011425212296903247,0.6862203886407972,0.8795051613236196,0.12049483867638036,0.0004,0.03967755222437365,0.2,False,0.08050699368355325,0.0,0.0,False,0.1967743563488177,0.0,0.0,True,0.16426548326178395,1.0,0.6862203886407972,4.3656426768463904e-10,0.0006877316778523964,0.02270517191104065,,True,0.1361013666286762,42,both,0.3674008625710219
S25,0.6148913087425962,0.6148913087425962,0.006760680233078287,0.6148913087425962,0.6239019084127824,0.37609809158721774,0.0004,0.062223451248237895,0.2,False,0.18519780682082157,0.0,0.0,True,0.22575580230433015,0.8896681944414698,0.5470492404267779,True,0.1835059895384483,0.11033180555853024,0.06784206831581831,0.0,0.0015481593278225735,0.04520797566269876,250.76704493942597,False,0.0,42,both,0.3674008625710219
S01,0.612673574318909,0.612673574318909,0.007420976596722972,0.7658419678986362,0.9750850328513038,0.024914967148696218,0.00010306509121213934,0.0793480687242074,0.2,True,0.08267722819017101,1.0,0.7658419678986362,False,0.24680217603901325,0.0,0.0,False,0.13553025329604063,0.0,0.0,0.0,0.0892229610947968,1.2512271142496014,234.61038395080698,False,0.0,42,structured,1.584845507282572
S02,0.4769479474461431,0.4769479474461431,0.009751181422341732,0.4769479474461431,0.32153626479672165,0.6784637352032784,0.0004602375554976382,0.0698768721276962,0.2,False,0.07350482270726946,0.0,0.0,True,0.2503640944093288,1.0,0.4769479474461431,False,0.11819720718406515,0.0,0.0,0.0,0.0005569220109479028,0.014270690378363047,197.65948385470926,False,0.0,42,structured,1.584845507282572
S03,0.6609003678039989,0.6609003678039989,0.004888754183772857,0.6609003678039989,1.0,0.0,0.0001647256057931845,0.08146388581414843,0.2,False,0.14743808099146147,0.0,0.0,False,0.15074240746696427,0.0,0.0,True,0.06680679554310197,1.0,0.6609003678039989,0.0,0.0001647256057931845,0.004259660977761477,175.59246357967265,False,0.0,42,structured,1.584845507282572
S04,0.5774540697011499,0.5774540697011499,0.006949953839124522,0.5774540697011499,0.1742282715770581,0.825771728422942,0.0003548322806175137,0.0580001671412019,0.2,False,0.038614743766361884,0.0,0.0,True,0.4191647795688755,1.0,0.5774540697011499,False,0.0844299626119586,0.0,0.0,0.0,0.0003994940023968358,0.011836814590873976,232.57373961500107,False,0.0,42,structured,1.584845507282572
S05,0.3029913307400761,0.3029913307400761,0.011429871068700135,0.3029913307400761,0.33261935882881105,0.667380641171189,0.00034930492366905865,0.05575912988788975,0.0,False,0.12189154588028865,0.0,0.0,True,0.0589525251264103,1.0,0.3029913307400761,False,0.11168718561837372,0.0,0.0,0.0,0.0011959479199848153,0.028199412542366836,242.83668045485982,False,0.0,42,structured,1.584845507282572
S06,0.7945463564246886,0.7945463564246886,0.011975314284901607,0.8183197417808634,0.0,1.0,0.00036145439181987406,0.04961788799213952,0.2,True,0.020328799116190205,0.145257312896046,0.11886692678087443,True,0.09947885305494389,0.2740598342399238,0.22426857278772067,True,0.036708221803471205,0.5806828528640303,0.4751842422122684,6.641958338508543e-10,0.0075707756058243135,0.23710226851085756,,True,3.706703634776564,42,structured,1.584845507282572
S07,0.606387639168178,0.606387639168178,0.015536751522968403,0.606387639168178,0.0,1.0,0.000216296747832243,0.07037270310762941,0.2,False,0.16611973230484037,0.0,0.0,True,0.1956795516670934,1.0,0.606387639168178,False,0.09504757446320862,0.0,0.0,0.0,0.0005123770923773319,0.010634639386739028,184.02902219862608,False,0.0,42,structured,1.584845507282572
S08,0.6187995707493525,0.6187995707493525,0.0086479976251629,0.7734994634366906,1.0,0.0,0.00048063925957629274,0.06855825432524357,0.2,True,0.061647047565342686,1.0,0.7734994634366906,False,0.08230244518870282,0.0,0.0,False,0.07312048231028687,0.0,0.0,0.0,0.5540973156931481,8.493541460968046,285.7371794686023,False,0.0,42,structured,1.584845507282572
S09,0.3299253740639157,0.3299253740639157,0.00901023691345938,0.3299253740639157,1.0,0.0,0.00018779007117218033,0.0878923726786023,0.2,False,0.1514259539206829,0.0,0.0,False,0.164020304600423,0.0,0.0,True,0.12926372578349954,1.0,0.3299253740639157,0.0,0.00018779007117218033,0.002259771562366625,141.83310076819444,False,0.0,42,structured,1.584845507282572
S10,0.4813131824098549,0.4813131824098549,0.009772556981438394,0.6016414780123186,1.0,0.0,0.0003780958784351829,0.06562392284656213,0.2,True,0.20250958078455603,1.0,0.6016414780123186,False,0.12361786566077958,0.0,0.0,False,0.21949645590677294,0.0,0.0,0.0,0.03365132333187623,0.5645703167349609,254.94101040890897,False,0.0,42,structured,1.584845507282572
S11,0.4505829385797492,0.4505829385797492,0.007364310915885195,0.4505829385797492,0.0,1.0,9.243970994772104e-05,0.03777608305623941,0.2,False,0.06137243178556847,0.0,0.0,True,0.05524512263454684,1.0,0.4505829385797492,False,0.042947386223892714,0.0,0.0,4.853065459503786e-09,0.0014006467325342387,0.039359666521786005,,True,27.08369198020398,42,structured,1.584845507282572
S12,0.7174226061194302,0.7174226061194302,0.006625004309591233,0.7174226061194302,1.0,0.0,0.0018392646363983446,0.060329466933964994,0.2,False,0.13046477434137663,0.0,0.0,True,0.06347673384693431,1.0,0.7174226061194302,False,0.08735386611546832,0.0,0.0,8.813765790000028e-10,0.11102539833210874,2.156202243923615,,True,4.918732702740577,42,structured,1.584845507282572
S13,0.5552717360780561,0.5552717360780561,0.00981888551485112,0.5580813465395664,1.0,0.0,0.0006778298270283856,0.047797947051500735,0.2,True,0.08732758868073094,0.025172051341005808,0.01404805230755162,True,0.0489280578575271,0.032325356128863614,0.018040178275767232,True,0.3020823201701276,0.9425025925301306,0.5259931159562475,0.0,0.0006778298270283856,0.01677846361420972,261.5906876483393,False,0.0,42,structured,1.584845507282572
S14,0.6387313139813338,0.6387313139813338,0.007756109148548041,0.6387313139813338,0.0,1.0,0.0008117679241532113,0.04424772824904715,0.2,False,0.12496620095749532,0.0,0.0,True,0.09469497427382659,1.0,0.6387313139813338,False,0.12168259171448795,0.0,0.0,7.58950067248045e-09,0.014993187616888035,0.370180570103867,,True,42.355022863843395,42,structured,1.584845507282572
S15,0.4786706610213468,0.4786706610213468,0.011319372235691535,0.5983383262766835,0.21370285166782765,0.7862971483321723,6.330308679101083e-05,0.07703940529141029,0.2,True,0.17965904343096603,1.0,0.5983383262766835,False,0.10680137817108872,0.0,0.0,False,0.23957521029675072,0.0,0.0,0.0,0.005934793448279437,0.08770689212695931,199.79199089124546,False,0.0,42,structured,1.584845507282572
S16,0.3879206769201393,0.3879206769201393,0.009527256440447636,0.4016303149316033,1.0,0.0,0.00019877438642813106,0.05647998977630705,0.2,True,0.07818527782898445,0.17067484078982834,0.06854819005732,True,0.07266598105369952,0.5014751731358014,0.20140763171691217,True,0.07513368203581569,0.3278499860743703,0.1316744931573711,0.0,0.0006359512165609917,0.017340218321257685,239.3914819363118,False,0.0,42,structured,1.584845507282572
S17,0.5205702464255352,0.5205702464255352,0.012895268260698346,0.5205702464255352,0.4666045919953945,0.5333954080046054,0.0007724317789312101,0.07262049202573578,0.0,False,0.07152856248539699,0.0,0.0,True,0.05456131135958659,1.0,0.5205702464255352,False,0.07407176622621994,0.0,0.0,0.0,0.011405263766622318,0.19503372914294795,221.89659746873343,False,0.0,42,structured,1.584845507282572
S18,0.271923655103572,0.271923655103572,0.011576599568711526,0.271923655103572,1.0,0.0,0.0012065140947315385,0.06340959985939014,0.2,False,0.07855288193732955,0.0,0.0,False,0.0866389094395914,0.0,0.0,True,0.08322607753328139,1.0,0.271923655103572,0.0,0.0012065140947315385,0.020919196332255013,210.18606681821592,False,0.0,42,structured,1.584845507282572
S19,0.6415617565200384,0.6415617565200384,0.008535040668752408,0.6415617565200384,0.0,1.0,0.0005856675268566015,0.07549078399283288,0.2,False,0.14253574297817312,0.0,0.0,False,0.15492349068047662,0.0,0.0,True,0.02269151664795335,1.0,0.6415617565200384,0.0,0.003942087238507905,0.108786537718937,232.00661623843928,False,0.0,42,structured,1.584845507282572
S20,0.5503947679516358,0.5503947679516358,0.012890262019107132,0.5503947679516358,1.0,0.0,0.00012036838386063779,0.06152537741703164,0.2,False,0.08920982814910605,0.0,0.0,True,0.05860263712120007,1.0,0.5503947679516358,False,0.12977858600185974,0.0,0.0,0.0,0.002248132916534312,0.04204199384133706,230.0879115689041,False,0.0,42,structured,1.584845507282572
S21,0.6049183137391148,0.6049183137391148,0.012577199929812497,0.7561478921738934,0.0,1.0,3.924758559215076e-05,0.04932761296489643,0.2,True,0.049535609824201604,1.0,0.7561478921738934,False,0.09056756162932761,0.0,0.0,False,0.05042218793012589,0.0,0.0,8.259338283342698e-10,0.042551181628121514,0.7887744204901967,,True,4.609321178396643,42,structured,1.584845507282572
S22,0.44408086695356125,0.44408086695356125,0.009144366538277054,0.5551010836919515,0.2213393359149325,0.7786606640850675,0.00017425506557244667,0.051303976842938866,0.2,True,0.08081508735785929,1.0,0.5551010836919515,False,0.038795352531022426,0.0,0.0,False,0.07711556599674897,0.0,0.0,6.706594891607864e-10,0.02285781584824649,0.45136325551456974,,True,3.742775608447884,42,structured,1.584845507282572
S23,0.7827700623264917,0.7827700623264917,0.008327855963910643,0.7827700623264917,1.0,0.0,0.00015819811309596748,0.045439142865298016,0.2,False,0.07341063915081991,0.0,0.0,True,0.09502980690953844,1.0,0.7827700623264917,False,0.11014834772357171,0.0,0.0,2.031287090900707e-09,0.006519340042909157,0.1524550011643291,,True,11.336083214287507,42,structured,1.584845507282572
S24,0.6862203886407972,0.6862203886407972,0.011425212296903247,0.6862203886407972,0.7230174613200601,0.2769825386799399,0.00011276296585070957,0.03967755222437365,0.0,False,0.08050699368355325,0.0,0.0,True,0.1967743563488177,1.0,0.6862203886407972,False,0.16426548326178395,0.0,0.0,4.0275468756741416e-10,0.000633360109601582,0.01698219925000582,,True,2.247668817303458,42,structured,1.584845507282572
S25,0.6148913087425962,0.6148913087425962,0.006760680233078287,0.6148913087425962,0.1806712896995196,0.8193287103004805,9.073310913662517e-05,0.062223451248237895,0.2,False,0.18519780682082157,0.0,0.0,False,0.22575580230433015,0.0,0.0,True,0.1835059895384483,1.0,0.6148913087425962,0.0,9.073310913662517e-05,0.001741165154871888,190.54140945848582,False,0.0,42,structured,1.584845507282572
S01,0.558677270658954,0.558677270658954,0.004532090332197941,0.6983465883236925,0.2353635555857073,0.7646364444142926,0.0004,0.0,0.2,True,0.1,1.0,0.6983465883236925,False,0.1,0.0,0.0,False,0.1,0.0,0.0,0.023524160476248206,0.08680455430239851,14.229089949771454,,True,15.982508921934505,43,baseline,1.5626021606842981
S02,0.24436189533031216,0.24436189533031216,0.006459074853514401,0.24436189533031216,0.4805856765840607,0.5194143234159393,0.0004,0.0,0.2,False,0.1,0.0,0.0,True,0.1,1.0,0.24436189533031216,False,0.1,0.0,0.0,0.00017142800112348162,0.0010173117890637522,0.14677589433932087,,True,0.11646959984785876,43,baseline,1.5626021606842981
S03,0.19329268139523764,0.19329268139523764,0.012131484160887655,0.19329268139523764,0.7153776338268347,0.2846223661731652,0.0004,0.0,0.2,False,0.1,0.0,0.0,False,0.1,0.0,0.0,True,0.1,1.0,0.19329268139523764,3.088011224581569e-05,0.0008389549067508253,0.08289567993038623,,True,0.020980203309589125,43,baseline,1.5626021606842981
S04,0.6485052519521197,0.6485052519521197,0.006570900475983572,0.6673969568967458,0.6063677600759863,0.3936322399240138,0.0004,0.0,0.2,True,0.1,0.1415327471110186,0.0944585247231305,True,0.1,0.8584672528889814,0.5729384321736153,False,0.1,0.0,0.0,0.0014979106568360644,0.009087745124380306,1.2560054888615086,,True,1.0176928720289593,43,baseline,1.5626021606842981
S05,0.5330014813778244,0.5330014813778244,0.008779990454452108,0.597444844282175,0.8180285962172419,0.18197140378275803,0.0004,0.0,0.2,True,0.1,0.5393247888997919,0.32221681452175305,False,0.1,0.0,0.0,True,0.1,0.4606752111002082,0.275228029760422,0.0016356187702042777,0.017558775956943263,2.0936801924064534,,True,1.1112529016313955,43,baseline,1.5626021606842981
S06,0.38665846851770547,0.38665846851770547,0.008429555610891959,0.4610004595462239,0.8476103439468956,0.15238965605310442,0.0004,0.0,0.2,True,0.1,0.8063114633518519,0.371709955142592,False,0.1,0.0,0.0,True,0.1,0.19368853664814803,0.08929050440363187,0.0009466707480979932,0.009481998158035862,1.1768293193853079,,True,0.643175925146709,43,baseline,1.5626021606842981
S07,0.6019187279875293,0.6019187279875293,0.01038636718362125,0.6479979819341796,0.6402585209059007,0.35974147909409926,0.0004,0.0,0.2,True,0.1,0.35555090626293606,0.23039626973325122,True,0.1,0.4105754324772563,0.2660520516770151,True,0.1,0.23387366125980755,0.1515496605239132,0.0008130436473232291,0.013735524165761322,1.4335047727151902,,True,0.5523885692067906,43,baseline,1.5626021606842981
S08,0.40529251039226144,0.40529251039226144,0.0050950738391671415,0.40529251039226144,0.1790984342264876,0.8209015657735124,0.0004,0.0,0.2,False,0.1,0.0,0.0,True,0.1,1.0,0.40529251039226144,False,0.1,0.0,0.0,0.0005292642112364809,0.0021434026586076545,0.3451894704804996,,True,0.3595864764946025,43,baseline,1.5626021606842981
S09,0.4697338516852208,0.4697338516852208,0.00963215468376399,0.5504070957363586,0.7928078722042597,0.20719212779574023,0.0004,0.0,0.2,True,0.1,0.7328506906620603,0.40336622025568913,False,0.1,0.0,0.0,True,0.1,0.2671493093379398,0.1470408754806695,0.0011651413554528,0.01605040729268772,1.8133804045852997,,True,0.7916066602096731,43,baseline,1.5626021606842981
S10,0.48155752354236264,0.48155752354236264,0.010419523944658044,0.6019469044279533,0.42043598880628497,0.579564011193715,0.0004,0.0,0.2,True,0.1,1.0,0.6019469044279533,False,0.1,0.0,0.0,False,0.1,0.0,0.0,0.0018997012698602346,0.03826299233394829,3.617534525902229,,True,1.290672733048531,43,baseline,1.5626021606842981
S11,0.7541892539341359,0.7541892539341359,0.006468258792152376,0.9427365674176699,0.5220921462964646,0.47790785370353545,0.0004,0.0,0.2,True,0.1,1.0,0.9427365674176699,False,0.1,0.0,0.0,False,0.1,0.0,0.0,0.08813015238794655,0.5680935054358721,75.6376756244129,,True,59.87635343050707,43,baseline,1.5626021606842981
S12,0.6852343810010451,0.6852343810010451,0.008776578733305902,0.6852343810010451,0.22152756373048177,0.7784724362695183,0.0004,0.0,0.2,False,0.1,0.0,0.0,True,0.1,0.4308388952204418,0.2952256236775535,True,0.1,0.5691611047795583,0.39000875732349155,0.0009449789484678166,0.010047404136137493,1.1745222106259707,,True,0.6420265025047949,43,baseline,1.5626021606842981
S13,0.4120487576132,0.4120487576132,0.010035828037035361,0.46673481423550384,0.12051552364244321,0.8794844763575569,0.0004,0.0,0.2,True,0.1,0.585836485241387,0.27343028311151923,True,0.1,0.41416351475861296,0.19330453112398457,False,0.1,0.0,0.0,0.0003918611423423988,0.006303537304487338,0.6717802954138312,,True,0.2662336966273616,43,baseline,1.5626021606842981
S14,0.4120047082732948,0.4120047082732948,0.008463470562776253,0.4120047082732948,0.4093179839993148,0.5906820160006852,0.0004,0.0,0.2,False,0.1,0.0,0.0,False,0.1,0.0,0.0,True,0.1,1.0,0.4120047082732948,0.0003143120593049451,0.0030665468641216946,0.3737666851649932,,True,0.213546209106378,43,baseline,1.5626021606842981
S15,0.4705085522785113,0.4705085522785113,0.009379623741820175,0.4891331396535547,0.7497700516493183,0.2502299483506816,0.0004,0.0,0.2,True,0.1,0.19038361813140425,0.09312293687521718,True,0.1,0.43861546734682705,0.21454136064396473,True,0.1,0.37100091452176875,0.18146884213437284,0.0003548445021854215,0.004529183022794428,0.5125309211277075,,True,0.24108428557117229,43,baseline,1.5626021606842981
S16,0.10822931431234822,0.10822931431234822,0.009354449984437341,0.1183775546493246,0.23377020735042722,0.7662297926495727,0.0004,0.0,0.2,True,0.1,0.4286387046530481,0.05074120168488191,False,0.1,0.0,0.0,True,0.1,0.5713612953469519,0.06763635296444269,5.231053385937581e-05,0.0006819028877626224,0.0819784403108225,,True,0.03554020875528266,43,baseline,1.5626021606842981
S17,0.4252343233570737,0.4252343233570737,0.006045122318820413,0.5157848142208533,0.9004095065792906,0.0995904934207094,0.0004,0.0,0.2,True,0.1,0.8777933002987467,0.45275245431889877,False,0.1,0.0,0.0,True,0.1,0.12220669970125338,0.06303235990195458,0.0031414215074538317,0.016401445631422134,2.4787379305972332,,True,2.1343077182767667,43,baseline,1.5626021606842981
S18,0.7487372996407544,0.7487372996407544,0.010668544611303555,0.7487372996407544,0.6777019675873287,0.3222980324126714,0.0004,0.0,0.2,False,0.1,0.0,0.0,True,0.1,0.6927130449782337,0.5186600947229272,True,0.1,0.30728695502176623,0.2300772049178272,0.000595016087213007,0.010731981362521978,1.083679076828059,,True,0.4042588441010813,43,baseline,1.5626021606842981
S19,0.6478884545713554,0.6478884545713554,0.005669783705425315,0.669218614113919,0.3683964249831186,0.6316035750168815,0.0004,0.0,0.2,True,0.1,0.15936615548871066,0.10665079771281828,False,0.1,0.0,0.0,True,0.1,0.8406338445112893,0.5625678164011008,0.003858861055174686,0.01755845506025823,2.6827472676786104,,True,2.621742072585591,43,baseline,1.5626021606842981
S20,0.513213758548657,0.513213758548657,0.010611049216789263,0.513213758548657,0.3205433987161625,0.6794566012838374,0.0004,0.0,0.2,False,0.1,0.0,0.0,True,0.1,0.1294525693919052,0.0664368396914005,True,0.1,0.8705474306080948,0.4467769188572565,0.0002694863668669996,0.004705523134929935,0.4861796169705866,,True,0.18309126343277082,43,baseline,1.5626021606842981
S21,0.49454725827297485,0.49454725827297485,0.0058496804509543384,0.6181840728412186,0.6138789845579465,0.38612101544205335,0.0004,0.0,0.2,True,0.1,1.0,0.6181840728412186,False,0.1,0.0,0.0,False,0.1,0.0,0.0,0.008490888816127917,0.045810142756215894,6.530373381359859,,True,5.768779990934733,43,baseline,1.5626021606842981
S22,0.739385360752242,0.739385360752242,0.01029617402288137,0.8142415905797484,0.0063027577388451135,0.993697242261155,0.0004,0.0,0.2,True,0.1,0.45966842454097673,0.37428114913753197,True,0.1,0.3565202331825221,0.2902936017403996,True,0.1,0.18381134227650114,0.14966683970181685,0.002821731504926342,0.046508019999565706,4.863145020078748,,True,1.9171076901266544,43,baseline,1.5626021606842981
S23,0.5353267674597391,0.5353267674597391,0.013120038257785897,0.5750393787161571,0.7829185233364472,0.21708147666355287,0.0004,0.0,0.2,True,0.1,0.3453034063952381,0.19856305628209042,True,0.1,0.654696593604762,0.3764763224340667,False,0.1,0.0,0.0,0.0001964606304550579,0.0073577942783955375,0.6301506481431699,,True,0.1334769749690816,43,baseline,1.5626021606842981
S24,0.736401023257989,0.736401023257989,0.008331964736554535,0.7515474937809842,0.32152558733693926,0.6784744126630607,0.0004,0.0,0.2,True,0.1,0.10076855187683685,0.07573235261497582,True,0.1,0.8992314481231631,0.6758151411660084,False,0.1,0.0,0.0,0.0012081733148934751,0.011894727753166046,1.405579497241996,,True,0.8208429288698588,43,baseline,1.5626021606842981
S25,0.9201828405956143,0.9201828405956143,0.005847200120461405,0.9201828405956143,0.0304205500739066,0.9695794499260935,0.0004,0.0,0.2,False,0.1,0.0,0.0,True,0.1,1.0,0.9201828405956143,False,0.1,0.0,0.0,0.004202588475281684,0.02079176392523897,3.046004725497647,,True,2.8552733207727647,43,baseline,1.5626021606842981
S01,0.558677270658954,0.558677270658954,0.004532090332197941,0.6983465883236925,0.2353635555857073,0.7646364444142926,0.0004,0.0,0.2,True,0.27499446376074826,1.0,0.6983465883236925,False,0.2299195268373261,0.0,0.0,False,0.025164908282450105,0.0,0.0,0.006781916713233579,0.025186231473903538,4.1381895471093255,,True,4.692856908408287,43,affinity,1.2952336687313775
S02,0.24436189533031216,0.24436189533031216,0.006459074853514401,0.24436189533031216,0.4805856765840607,0.5194143234159393,0.0004,0.0,0.2,False,0.07432897256325945,0.0,0.0,True,0.06777316612549186,1.0,0.24436189533031216,False,0.08052398967437908,0.0,0.0,0.0001451083218859582,0.0009024041028798042,0.12673471833406677,,True,0.10041004919763584,43,affinity,1.2952336687313775
S03,0.19329268139523764,0.19329268139523764,0.012131484160887655,0.19329268139523764,0.7153776338268347,0.2846223661731652,0.0004,0.0,0.2,False,0.24235862144072137,0.0,0.0,False,0.07233138805632978,0.0,0.0,True,0.2233509527950759,1.0,0.19329268139523764,1.6897523821087073e-05,0.0004976768573888464,0.04861806995929521,,True,0.011692514778904354,43,affinity,1.2952336687313775
S04,0.6485052519521197,0.6485052519521197,0.006570900475983572,0.6673969568967458,0.6063677600759863,0.3936322399240138,0.0004,0.0,0.2,True,0.06679171450991377,0.1415327471110186,0.0944585247231305,True,0.026584307601899042,0.8584672528889814,0.5729384321736153,False,0.06049661257595604,0.0,0.0,0.0036018131807759196,0.02297856241138652,3.069586772004272,,True,2.492332858529185,43,affinity,1.2952336687313775
S05,0.5330014813778244,0.5330014813778244,0.008779990454452108,0.597444844282175,0.8180285962172419,0.18197140378275803,0.0004,0.0,0.2,True,0.02921705205772431,0.5393247888997919,0.32221681452175305,False,0.05224626400241045,0.0,0.0,True,0.22548112117299346,0.4606752111002082,0.275228029760422,0.0007076245552108169,0.008115483149500535,0.9482269379880465,,True,0.48965225066839463,43,affinity,1.2952336687313775
S06,0.38665846851770547,0.38665846851770547,0.008429555610891959,0.4610004595462239,0.8476103439468956,0.15238965605310442,0.0004,0.0,0.2,True,0.16389000693737948,0.8063114633518519,0.371709955142592,False,0.15409305982211352,0.0,0.0,True,0.1905316116435689,0.19368853664814803,0.08929050440363187,0.0004915601621043207,0.005175964138293677,0.6268394473115676,,True,0.34014300089062577,43,affinity,1.2952336687313775
S07,0.6019187279875293,0.6019187279875293,0.01038636718362125,0.6479979819341796,0.6402585209059007,0.35974147909409926,0.0004,0.0,0.2,True,0.35486935534830505,0.35555090626293606,0.23039626973325122,True,0.06075672880867647,0.4105754324772563,0.2660520516770151,True,0.1398997318290943,0.23387366125980755,0.1515496605239132,0.0003203579773510636,0.005766386028916363,0.5886048928043037,,True,0.2216768814400309,43,affinity,1.2952336687313775
S08,0.40529251039226144,0.40529251039226144,0.0050950738391671415,0.40529251039226144,0.1790984342264876,0.8209015657735124,0.0004,0.0,0.2,False,0.0794928835469205,0.0,0.0,True,0.04233396993947259,1.0,0.40529251039226144,False,0.1015800103667172,0.0,0.0,0.0006274462645699074,0.002643912561416057,0.41504699189940897,,True,0.4341715862709165,43,affinity,1.2952336687313775
S09,0.4697338516852208,0.4697338516852208,0.00963215468376399,0.5504070957363586,0.7928078722042597,0.20719212779574023,0.0004,0.0,0.2,True,0.07354320838878849,0.7328506906620603,0.40336622025568913,False,0.35620349276001223,0.0,0.0,True,0.0686171691357224,0.2671493093379398,0.1470408754806695,0.0010134388148538818,0.014644770215300864,1.5995774679230743,,True,0.7012653715218731,43,affinity,1.2952336687313775
S10,0.48155752354236264,0.48155752354236264,0.010419523944658044,0.6019469044279533,0.42043598880628497,0.579564011193715,0.0004,0.0,0.2,True,0.1273078983162187,1.0,0.6019469044279533,False,0.06867172614150882,0.0,0.0,False,0.13372104873629717,0.0,0.0,0.0011570067879795747,0.023624491657351424,2.226717117454568,,True,0.8006095514930609,43,affinity,1.2952336687313775
S11,0.7541892539341359,0.7541892539341359,0.006468258792152376,0.9427365674176699,0.5220921462964646,0.47790785370353545,0.0004,0.0,0.2,True,0.022195015316385746,1.0,0.9427365674176699,False,0.2722372662722253,0.0,0.0,False,0.1134844459788651,0.0,0.0,0.10284878149808939,0.6689972317628986,88.6563800699451,,True,71.1678770446823,43,affinity,1.2952336687313775
S12,0.6852343810010451,0.6852343810010451,0.008776578733305902,0.6852343810010451,0.22152756373048177,0.7784724362695183,0.0004,0.0,0.2,False,0.13967089789647405,0.0,0.0,True,0.21574568992040805,0.4308388952204418,0.2952256236775535,True,0.29915737423020744,0.5691611047795583,0.39000875732349155,0.00010051656640286272,0.001150703427729635,0.13536848537111518,,True,0.0695540631061873,43,affinity,1.2952336687313775
S13,0.4120487576132,0.4120487576132,0.010035828037035361,0.46673481423550384,0.12051552364244321,0.8794844763575569,0.0004,0.0,0.2,True,0.02415495675339175,0.585836485241387,0.27343028311151923,True,0.15463632425736526,0.41416351475861296,0.19330453112398457,False,0.06115522015250438,0.0,0.0,0.00026197345430939195,0.004519997888562477,0.463977929592863,,True,0.18127676685802882,43,affinity,1.2952336687313775
S14,0.4120047082732948,0.4120047082732948,0.008463470562776253,0.4120047082732948,0.4093179839993148,0.5906820160006852,0.0004,0.0,0.2,False,0.06879067899137295,0.0,0.0,False,0.06380882253576274,0.0,0.0,True,0.529583204290256,1.0,0.4120047082732948,5.1163479331356085e-05,0.0005399422291858071,0.06738719388063984,,True,0.0354033966488921,43,affinity,1.2952336687313775
S15,0.4705085522785113,0.4705085522785113,0.009379623741820175,0.4891331396535547,0.7497700516493183,0.2502299483506816,0.0004,0.0,0.2,True,0.04221019212318517,0.19038361813140425,0.09312293687521718,True,0.07711523596135687,0.43861546734682705,0.21454136064396473,True,0.08352288851670471,0.37100091452176875,0.18146884213437284,0.00025859791418233173,0.0034822862739617025,0.3849958065075151,,True,0.1789410072970225,43,affinity,1.2952336687313775
S16,0.10822931431234822,0.10822931431234822,0.009354449984437341,0.1183775546493246,0.23377020735042722,0.7662297926495727,0.0004,0.0,0.2,True,0.08557956605409517,0.4286387046530481,0.05074120168488191,False,0.03948244178266788,0.0,0.0,True,0.14401427590927693,0.5713612953469519,0.06763635296444269,4.420261375736504e-05,0.0006038968490890984,0.07065758292532114,,True,0.030586713183336806,43,affinity,1.2952336687313775
S17,0.4252343233570737,0.4252343233570737,0.006045122318820413,0.5157848142208533,0.9004095065792906,0.0995904934207094,0.0004,0.0,0.2,True,0.04049303486452348,0.8777933002987467,0.45275245431889877,False,0.21550397006121824,0.0,0.0,True,0.1394758230553728,0.12220669970125338,0.06303235990195458,0.0027050885739662673,0.014592598879098381,2.159234728183236,,True,1.8718297701036215,43,affinity,1.2952336687313775
S18,0.7487372996407544,0.7487372996407544,0.010668544611303555,0.7487372996407544,0.6777019675873287,0.3222980324126714,0.0004,0.0,0.2,False,0.13231338634959705,0.0,0.0,True,0.07257794075797065,0.6927130449782337,0.5186600947229272,True,0.04897771632659214,0.30728695502176623,0.2300772049178272,0.0005147300850490305,0.009824896397877697,0.9673627955113625,,True,0.3561758036447789,43,affinity,1.2952336687313775
S19,0.6478884545713554,0.6478884545713554,0.005669783705425315,0.669218614113919,0.3683964249831186,0.6316035750168815,0.0004,0.0,0.2,True,0.04923992222730465,0.15936615548871066,0.10665079771281828,False,0.05533844458382379,0.0,0.0,True,0.06520333509933254,0.8406338445112893,0.5625678164011008,0.004361504339523782,0.020732736255646807,3.084153658833595,,True,3.0180134372408,43,affinity,1.2952336687313775
S20,0.513213758548657,0.513213758548657,0.010611049216789263,0.513213758548657,0.3205433987161625,0.6794566012838374,0.0004,0.0,0.2,False,0.030191957834000627,0.0,0.0,True,0.3642144789445399,0.1294525693919052,0.0664368396914005,True,0.08589726564308307,0.8705474306080948,0.4467769188572565,0.00016046553833739646,0.003010174629832818,0.30075062262534813,,True,0.11103672339099838,43,affinity,1.2952336687313775
S21,0.49454725827297485,0.49454725827297485,0.0058496804509543384,0.6181840728412186,0.6138789845579465,0.38612101544205335,0.0004,0.0,0.2,True,0.10766130622446951,1.0,0.6181840728412186,False,0.24814611980160378,0.0,0.0,False,0.2255426556939632,0.0,0.0,0.005620392234327194,0.030565698928393763,4.350424880541597,,True,3.8891212676439486,43,affinity,1.2952336687313775
S22,0.739385360752242,0.739385360752242,0.01029617402288137,0.8142415905797484,0.0063027577388451135,0.993697242261155,0.0004,0.0,0.2,True,0.05346093917683138,0.45966842454097673,0.37428114913753197,True,0.13159656857073343,0.3565202331825221,0.2902936017403996,True,0.015134161384561967,0.18381134227650114,0.14966683970181685,0.0034363229452497868,0.05862895215908754,5.979883693908605,,True,2.3778192146875403,43,affinity,1.2952336687313775
S23,0.5353267674597391,0.5353267674597391,0.013120038257785897,0.5750393787161571,0.7829185233364472,0.21708147666355287,0.0004,0.0,0.2,True,0.33742329179734515,0.3453034063952381,0.19856305628209042,True,0.045888799746782234,0.654696593604762,0.3764763224340667,False,0.08811011068835266,0.0,0.0,0.00014078674467317285,0.005760135883147733,0.46708008869004203,,True,0.0974196639812167,43,affinity,1.2952336687313775
S24,0.736401023257989,0.736401023257989,0.008331964736554535,0.7515474937809842,0.32152558733693926,0.6784744126630607,0.0004,0.0,0.2,True,0.5058416788317217,0.10076855187683685,0.07573235261497582,True,0.06574934515347176,0.8992314481231631,0.6758151411660084,False,0.3187999077038996,0.0,0.0,0.0006445154812612416,0.0067851352397782835,0.7766286013073516,,True,0.4459829067070316,43,affinity,1.2952336687313775
S25,0.9201828405956143,0.9201828405956143,0.005847200120461405,0.9201828405956143,0.0304205500739066,0.9695794499260935,0.0004,0.0,0.2,False,0.052731457128455346,0.0,0.0,True,0.03678141234790243,1.0,0.9201828405956143,False,0.05284722052640996,0.0,0.0,0.00850352449868325,0.044196557206906115,6.310401228798455,,True,5.884151247625383,43,affinity,1.2952336687313775
S01,0.558677270658954,0.558677270658954,0.004532090332197941,0.6983465883236925,0.2353635555857073,0.7646364444142926,0.0004,0.04311211230776521,0.2,True,0.1,1.0,0.6983465883236925,False,0.1,0.0,0.0,False,0.1,0.0,0.0,9.09748583771941e-08,0.08410866232158865,2.002713299081525,,True,27.385548316540167,43,starvation,1.7699226149683263
S02,0.24436189533031216,0.24436189533031216,0.006459074853514401,0.24436189533031216,0.4805856765840607,0.5194143234159393,0.0004,0.06046076592806908,0.2,False,0.1,0.0,0.0,True,0.1,1.0,0.24436189533031216,False,0.1,0.0,0.0,0.0,0.0004556933038864467,0.015052976958868272,232.01760901259252,False,0.0,43,starvation,1.7699226149683263
S03,0.19329268139523764,0.19329268139523764,0.012131484160887655,0.19329268139523764,0.7153776338268347,0.2846223661731652,0.0004,0.028834219780876844,0.2,False,0.1,0.0,0.0,False,0.1,0.0,0.0,True,0.1,1.0,0.19329268139523764,1.113496801950935e-08,0.0005936389301698662,0.028624074802406734,,True,3.35188435729234,43,starvation,1.7699226149683263
S04,0.6485052519521197,0.6485052519521197,0.006570900475983572,0.6673969568967458,0.6063677600759863,0.3936322399240138,0.0004,0.05754458843195177,0.2,True,0.1,0.1415327471110186,0.0944585247231305,True,0.1,0.8584672528889814,0.5729384321736153,False,0.1,0.0,0.0,0.0,0.005718601526737651,0.14967939334295238,282.6853697843787,False,0.0,43,starvation,1.7699226149683263
S05,0.5330014813778244,0.5330014813778244,0.008779990454452108,0.597444844282175,0.8180285962172419,0.18197140378275803,0.0004,0.035773035177787585,0.2,True,0.1,0.5393247888997919,0.32221681452175305,False,0.1,0.0,0.0,True,0.1,0.4606752111002082,0.275228029760422,1.007902887810215e-07,0.012862882942593535,0.5307846223294107,,True,30.340221160955792,43,starvation,1.7699226149683263
S06,0.38665846851770547,0.38665846851770547,0.008429555610891959,0.4610004595462239,0.8476103439468956,0.15238965605310442,0.0004,0.0670710662714533,0.2,True,0.1,0.8063114633518519,0.371709955142592,False,0.1,0.0,0.0,True,0.1,0.19368853664814803,0.08929050440363187,0.0,0.005963082718910604,0.1437060548481901,239.4290340715097,False,0.0,43,starvation,1.7699226149683263
S07,0.6019187279875293,0.6019187279875293,0.01038636718362125,0.6479979819341796,0.6402585209059007,0.35974147909409926,0.0004,0.0898320971418125,0.2,True,0.1,0.35555090626293606,0.23039626973325122,True,0.1,0.4105754324772563,0.2660520516770151,True,0.1,0.23387366125980755,0.1515496605239132,0.0,0.004654168310618419,0.11057079877204927,189.45192778736063,False,0.0,43,starvation,1.7699226149683263
S08,0.40529251039226144,0.40529251039226144,0.0050950738391671415,0.40529251039226144,0.1790984342264876,0.8209015657735124,0.0004,0.03551286937551203,0.2,False,0.1,0.0,0.0,True,0.1,1.0,0.40529251039226144,False,0.1,0.0,0.0,2.4324916730839208e-08,0.00165261472357066,0.06234678601172137,,True,7.322365698732503,43,starvation,1.7699226149683263
S09,0.4697338516852208,0.4697338516852208,0.00963215468376399,0.5504070957363586,0.7928078722042597,0.20719212779574023,0.0004,0.050802684608709875,0.2,True,0.1,0.7328506906620603,0.40336622025568913,False,0.1,0.0,0.0,True,0.1,0.2671493093379398,0.1470408754806695,6.691326001848876e-10,0.009106318856884364,0.3112120887872113,,True,0.2014244757222844,43,starvation,1.7699226149683263
S10,0.48155752354236264,0.48155752354236264,0.010419523944658044,0.6019469044279533,0.42043598880628497,0.579564011193715,0.0004,0.05991504953561398,0.2,True,0.1,1.0,0.6019469044279533,False,0.1,0.0,0.0,False,0.1,0.0,0.0,0.0,0.035880306290218614,0.6238671897500327,271.9618330300219,False,0.0,43,starvation,1.7699226149683263
S11,0.7541892539341359,0.7541892539341359,0.006468258792152376,0.9427365674176699,0.5220921462964646,0.47790785370353545,0.0004,0.05036330369243607,0.2,True,0.1,1.0,0.9427365674176699,False,0.1,0.0,0.0,False,0.1,0.0,0.0,4.226006638289181e-08,0.5517640398469619,10.975569784641218,,True,12.721262889912872,43,starvation,1.7699226149683263
S12,0.6852343810010451,0.6852343810010451,0.008776578733305902,0.6852343810010451,0.22152756373048177,0.7784724362695183,0.0004,0.06419259057693394,0.2,False,0.1,0.0,0.0,True,0.1,0.4308388952204418,0.2952256236775535,True,0.1,0.5691611047795583,0.39000875732349155,0.0,0.005894800350520835,0.16243423488962688,261.14107543365213,False,0.0,43,starvation,1.7699226149683263
S13,0.4120487576132,0.4120487576132,0.010035828037035361,0.46673481423550384,0.12051552364244321,0.8794844763575569,0.0004,0.08829501185824201,0.2,True,0.1,0.585836485241387,0.27343028311151923,True,0.1,0.41416351475861296,0.19330453112398457,False,0.1,0.0,0.0,0.0,0.0025351492962802386,0.06151726754405803,180.4029593884629,False,0.0,43,starvation,1.7699226149683263
S14,0.4120047082732948,0.4120047082732948,0.008463470562776253,0.4120047082732948,0.4093179839993148,0.5906820160006852,0.0004,0.045121292376410604,0.2,False,0.1,0.0,0.0,False,0.1,0.0,0.0,True,0.1,1.0,0.4120047082732948,1.6977396997237606e-09,0.002046126398976663,0.07532552792242504,,True,0.5110591366125018,43,starvation,1.7699226149683263
S15,0.4705085522785113,0.4705085522785113,0.009379623741820175,0.4891331396535547,0.7497700516493183,0.2502299483506816,0.0004,0.06943479727694522,0.2,True,0.1,0.19038361813140425,0.09312293687521718,True,0.1,0.43861546734682705,0.21454136064396473,True,0.1,0.37100091452176875,0.18146884213437284,0.0,0.0019347982078436893,0.054456713623792785,224.52221270353544,False,0.0,43,starvation,1.7699226149683263
S16,0.10822931431234822,0.10822931431234822,0.009354449984437341,0.1183775546493246,0.23377020735042722,0.7662297926495727,0.0004,0.0708566549965479,0.2,True,0.1,0.4286387046530481,0.05074120168488191,False,0.1,0.0,0.0,True,0.1,0.5713612953469519,0.06763635296444269,0.0,0.0004,0.011071545881355933,191.4882386903769,False,0.0,43,starvation,1.7699226149683263
S17,0.4252343233570737,0.4252343233570737,0.006045122318820413,0.5157848142208533,0.9004095065792906,0.0995904934207094,0.0004,0.051170164541851415,0.2,True,0.1,0.8777933002987467,0.45275245431889877,False,0.1,0.0,0.0,True,0.1,0.12220669970125338,0.06303235990195458,1.3345022020718153e-09,0.012224945499996,0.33286018431194936,,True,0.401716201434928,43,starvation,1.7699226149683263
S18,0.7487372996407544,0.7487372996407544,0.010668544611303555,0.7487372996407544,0.6777019675873287,0.3222980324126714,0.0004,0.06525865436667976,0.2,False,0.1,0.0,0.0,True,0.1,0.6927130449782337,0.5186600947229272,True,0.1,0.30728695502176623,0.2300772049178272,0.0,0.006523671333479617,0.16416551329826515,250.04778707350968,False,0.0,43,starvation,1.7699226149683263
S19,0.6478884545713554,0.6478884545713554,0.005669783705425315,0.669218614113919,0.3683964249831186,0.6316035750168815,0.0004,0.06893686080401948,0.2,True,0.1,0.15936615548871066,0.10665079771281828,False,0.1,0.0,0.0,True,0.1,0.8406338445112893,0.5625678164011008,0.0,0.008901592267720327,0.25607931433771913,264.67948622724987,False,0.0,43,starvation,1.7699226149683263
S20,0.513213758548657,0.513213758548657,0.010611049216789263,0.513213758548657,0.3205433987161625,0.6794566012838374,0.0004,0.06751588691028985,0.2,False,0.1,0.0,0.0,True,0.1,0.1294525693919052,0.0664368396914005,True,0.1,0.8705474306080948,0.4467769188572565,0.0,0.002204394324486419,0.06337724996173258,233.90474560444923,False,0.0,43,starvation,1.7699226149683263
S21,0.49454725827297485,0.49454725827297485,0.0058496804509543384,0.6181840728412186,0.6138789845579465,0.38612101544205335,0.0004,0.06577151455978919,0.2,True,0.1,1.0,0.6181840728412186,False,0.1,0.0,0.0,False,0.1,0.0,0.0,0.0,0.04252306980874298,0.7249162532964701,269.65808465880787,False,0.0,43,starvation,1.7699226149683263
S22,0.739385360752242,0.739385360752242,0.01029617402288137,0.8142415905797484,0.0063027577388451135,0.993697242261155,0.0004,0.04037502525498077,0.2,True,0.1,0.45966842454097673,0.37428114913753197,True,0.1,0.3565202331825221,0.2902936017403996,True,0.1,0.18381134227650114,0.14966683970181685,4.444841645981176e-08,0.036721861902338504,1.2415146141110378,,True,13.38000716095665,43,starvation,1.7699226149683263
S23,0.5353267674597391,0.5353267674597391,0.013120038257785897,0.5750393787161571,0.7829185233364472,0.21708147666355287,0.0004,0.034490507082277536,0.2,True,0.1,0.3453034063952381,0.19856305628209042,True,0.1,0.654696593604762,0.3764763224340667,False,0.1,0.0,0.0,1.2488101209768566e-08,0.0059657955642725925,0.19897216353635408,,True,3.7592089195017966,43,starvation,1.7699226149683263
S24,0.736401023257989,0.736401023257989,0.008331964736554535,0.7515474937809842,0.32152558733693926,0.6784744126630607,0.0004,0.07853602025089905,0.2,True,0.1,0.10076855187683685,0.07573235261497582,True,0.1,0.8992314481231631,0.6758151411660084,False,0.1,0.0,0.0,0.0,0.005662825547009126,0.12068143936422795,214.93993644036888,False,0.0,43,starvation,1.7699226149683263
S25,0.9201828405956143,0.9201828405956143,0.005847200120461405,0.9201828405956143,0.0304205500739066,0.9695794499260935,0.0004,0.052923311249459266,0.2,False,0.1,0.0,0.0,True,0.1,1.0,0.9201828405956143,False,0.1,0.0,0.0,2.07725371558025e-09,0.01918542526844774,0.49802282464065234,,True,0.6253016823381622,43,starvation,1.7699226149683263
S01,0.558677270658954,0.558677270658954,0.004532090332197941,0.6983465883236925,0.2353635555857073,0.7646364444142926,0.0004,0.04311211230776521,0.2,True,0.27499446376074826,1.0,0.6983465883236925,False,0.2299195268373261,0.0,0.0,False,0.025164908282450105,0.0,0.0,2.30203863542366e-08,0.02268867835031778,0.5438110034522751,,True,13.06137487129834,43,both,1.8220330722811218
S02,0.24436189533031216,0.24436189533031216,0.006459074853514401,0.24436189533031216,0.4805856765840607,0.5194143234159393,0.0004,0.06046076592806908,0.2,False,0.07432897256325945,0.0,0.0,True,0.06777316612549186,1.0,0.24436189533031216,False,0.08052398967437908,0.0,0.0,0.0,0.000488001809714439,0.013232597280852762,226.20298108817624,False,0.0,43,both,1.8220330722811218
S03,0.19329268139523764,0.19329268139523764,0.012131484160887655,0.19329268139523764,0.7153776338268347,0.2846223661731652,0.0004,0.028834219780876844,0.2,False,0.24235862144072137,0.0,0.0,False,0.07233138805632978,0.0,0.0,True,0.2233509527950759,1.0,0.19329268139523764,3.6474114022199405e-09,0.0004,0.01498662365096755,,True,2.0694790652579567,43,both,1.8220330722811218
S04,0.6485052519521197,0.6485052519521197,0.006570900475983572,0.6673969568967458,0.6063677600759863,0.3936322399240138,0.0004,0.05754458843195177,0.2,True,0.06679171450991377,0.1415327471110186,0.0944585247231305,True,0.026584307601899042,0.8584672528889814,0.5729384321736153,False,0.06049661257595604,0.0,0.0,0.0,0.019168194753119178,0.38739252307071115,293.7603986773763,False,0.0,43,both,1.8220330722811218
S05,0.5330014813778244,0.5330014813778244,0.008779990454452108,0.597444844282175,0.8180285962172419,0.18197140378275803,0.0004,0.035773035177787585,0.2,True,0.02921705205772431,0.5393247888997919,0.32221681452175305,False,0.05224626400241045,0.0,0.0,True,0.22548112117299346,0.4606752111002082,0.275228029760422,2.3189811997061015e-08,0.005476853488640894,0.20150411229344667,,True,13.157504093444652,43,both,1.8220330722811218
S06,0.38665846851770547,0.38665846851770547,0.008429555610891959,0.4610004595462239,0.8476103439468956,0.15238965605310442,0.0004,0.0670710662714533,0.2,True,0.16389000693737948,0.8063114633518519,0.371709955142592,False,0.15409305982211352,0.0,0.0,True,0.1905316116435689,0.19368853664814803,0.08929050440363187,0.0,0.0036674205972263845,0.0761108108939156,226.6123440173839,False,0.0,43,both,1.8220330722811218
S07,0.6019187279875293,0.6019187279875293,0.01038636718362125,0.6479979819341796,0.6402585209059007,0.35974147909409926,0.0004,0.0898320971418125,0.2,True,0.35486935534830505,0.35555090626293606,0.23039626973325122,True,0.06075672880867647,0.4105754324772563,0.2660520516770151,True,0.1398997318290943,0.23387366125980755,0.1515496605239132,0.0,0.0022677349357785063,0.04551490484614423,174.41217932246303,False,0.0,43,both,1.8220330722811218
S08,0.40529251039226144,0.40529251039226144,0.0050950738391671415,0.40529251039226144,0.1790984342264876,0.8209015657735124,0.0004,0.03551286937551203,0.2,False,0.0794928835469205,0.0,0.0,True,0.04233396993947259,1.0,0.40529251039226144,False,0.1015800103667172,0.0,0.0,2.365370110524045e-08,0.002249825883925447,0.07083665664360664,,True,13.420706867169118,43,both,1.8220330722811218
S09,0.4697338516852208,0.4697338516852208,0.00963215468376399,0.5504070957363586,0.7928078722042597,0.20719212779574023,0.0004,0.050802684608709875,0.2,True,0.07354320838878849,0.7328506906620603,0.40336622025568913,False,0.35620349276001223,0.0,0.0,True,0.0686171691357224,0.2671493093379398,0.1470408754806695,4.674706798316287e-10,0.008858347979830372,0.2747610765341923,,True,0.26523489643769127,43,both,1.8220330722811218
S10,0.48155752354236264,0.48155752354236264,0.010419523944658044,0.6019469044279533,0.42043598880628497,0.579564011193715,0.0004,0.05991504953561398,0.2,True,0.1273078983162187,1.0,0.6019469044279533,False,0.06867172614150882,0.0,0.0,False,0.13372104873629717,0.0,0.0,0.0,0.021792788359102602,0.3729726526562742,263.6174256761366,False,0.0,43,both,1.8220330722811218
S11,0.7541892539341359,0.7541892539341359,0.006468258792152376,0.9427365674176699,0.5220921462964646,0.47790785370353545,0.0004,0.05036330369243607,0.2,True,0.022195015316385746,1.0,0.9427365674176699,False,0.2722372662722253,0.0,0.0,False,0.1134844459788651,0.0,0.0,4.7789167454612134e-08,0.6677461814629806,12.86642145792351,,True,27.114759122931268,43,both,1.8220330722811218
S12,0.6852343810010451,0.6852343810010451,0.008776578733305902,0.6852343810010451,0.22152756373048177,0.7784724362695183,0.0004,0.06419259057693394,0.2,False,0.13967089789647405,0.0,0.0,True,0.21574568992040805,0.4308388952204418,0.2952256236775535,True,0.29915737423020744,0.5691611047795583,0.39000875732349155,0.0,0.00046338569725018497,0.013683618883871441,212.2330506267031,False,0.0,43,both,1.8220330722811218
S13,0.4120487576132,0.4120487576132,0.010035828037035361,0.46673481423550384,0.12051552364244321,0.8794844763575569,0.0004,0.08829501185824201,0.2,True,0.02415495675339175,0.585836485241387,0.27343028311151923,True,0.15463632425736526,0.41416351475861296,0.19330453112398457,False,0.06115522015250438,0.0,0.0,0.0,0.002447201363011727,0.045730810287549266,173.39395269498038,False,0.0,43,both,1.8220330722811218
S14,0.4120047082732948,0.4120047082732948,0.008463470562776253,0.4120047082732948,0.4093179839993148,0.5906820160006852,0.0004,0.045121292376410604,0.2,False,0.06879067899137295,0.0,0.0,False,0.06380882253576274,0.0,0.0,True,0.529583204290256,1.0,0.4120047082732948,0.0,0.0004,0.01073794455210216,270.3835886237162,False,0.0,43,both,1.8220330722811218
S15,0.4705085522785113,0.4705085522785113,0.009379623741820175,0.4891331396535547,0.7497700516493183,0.2502299483506816,0.0004,0.06943479727694522,0.2,True,0.04221019212318517,0.19038361813140425,0.09312293687521718,True,0.07711523596135687,0.43861546734682705,0.21454136064396473,True,0.08352288851670471,0.37100091452176875,0.18146884213437284,0.0,0.001593302213889478,0.040521380602994324,214.8657307212204,False,0.0,43,both,1.8220330722811218
S16,0.10822931431234822,0.10822931431234822,0.009354449984437341,0.1183775546493246,0.23377020735042722,0.7662297926495727,0.0004,0.0708566549965479,0.2,True,0.08557956605409517,0.4286387046530481,0.05074120168488191,False,0.03948244178266788,0.0,0.0,True,0.14401427590927693,0.5713612953469519,0.06763635296444269,0.0,0.0004,0.009603284763149908,185.9280096945238,False,0.0,43,both,1.8220330722811218
S17,0.4252343233570737,0.4252343233570737,0.006045122318820413,0.5157848142208533,0.9004095065792906,0.0995904934207094,0.0004,0.051170164541851415,0.2,True,0.04049303486452348,0.8777933002987467,0.45275245431889877,False,0.21550397006121824,0.0,0.0,True,0.1394758230553728,0.12220669970125338,0.06303235990195458,9.839556929293543e-10,0.011989145131071886,0.29154060636388296,,True,0.5582796901987358,43,both,1.8220330722811218
S18,0.7487372996407544,0.7487372996407544,0.010668544611303555,0.7487372996407544,0.6777019675873287,0.3222980324126714,0.0004,0.06525865436667976,0.2,False,0.13231338634959705,0.0,0.0,True,0.07257794075797065,0.6927130449782337,0.5186600947229272,True,0.04897771632659214,0.30728695502176623,0.2300772049178272,0.0,0.0055526110175145105,0.13128549450407664,240.89326273601262,False,0.0,43,both,1.8220330722811218
S19,0.6478884545713554,0.6478884545713554,0.005669783705425315,0.669218614113919,0.3683964249831186,0.6316035750168815,0.0004,0.06893686080401948,0.2,True,0.04923992222730465,0.15936615548871066,0.10665079771281828,False,0.05533844458382379,0.0,0.0,True,0.06520333509933254,0.8406338445112893,0.5625678164011008,0.0,0.013047713840814544,0.29801195963259314,257.8291107225715,False,0.0,43,both,1.8220330722811218
S20,0.513213758548657,0.513213758548657,0.010611049216789263,0.513213758548657,0.3205433987161625,0.6794566012838374,0.0004,0.06751588691028985,0.2,False,0.030191957834000627,0.0,0.0,True,0.3642144789445399,0.1294525693919052,0.0664368396914005,True,0.08589726564308307,0.8705474306080948,0.4467769188572565,0.0,0.001416186009205541,0.03555964970867172,217.7892097872183,False,0.0,43,both,1.8220330722811218
S21,0.49454725827297485,0.49454725827297485,0.0058496804509543384,0.6181840728412186,0.6138789845579465,0.38612101544205335,0.0004,0.06577151455978919,0.2,True,0.10766130622446951,1.0,0.6181840728412186,False,0.24814611980160378,0.0,0.0,False,0.2255426556939632,0.0,0.0,0.0,0.02825333941176953,0.47201600577067854,262.71058151190095,False,0.0,43,both,1.8220330722811218
S22,0.739385360752242,0.739385360752242,0.01029617402288137,0.8142415905797484,0.0063027577388451135,0.993697242261155,0.0004,0.04037502525498077,0.2,True,0.05346093917683138,0.45966842454097673,0.37428114913753197,True,0.13159656857073343,0.3565202331825221,0.2902936017403996,True,0.015134161384561967,0.18381134227650114,0.14966683970181685,4.358402423454285e-08,0.045141391312167906,1.4533065108566128,,True,24.72883252988279,43,both,1.8220330722811218
S23,0.5353267674597391,0.5353267674597391,0.013120038257785897,0.5750393787161571,0.7829185233364472,0.21708147666355287,0.0004,0.034490507082277536,0.2,True,0.33742329179734515,0.3453034063952381,0.19856305628209042,True,0.045888799746782234,0.654696593604762,0.3764763224340667,False,0.08811011068835266,0.0,0.0,7.093380572246525e-09,0.004920797764206413,0.13676510187303306,,True,4.024663241233817,43,both,1.8220330722811218
S24,0.736401023257989,0.736401023257989,0.008331964736554535,0.7515474937809842,0.32152558733693926,0.6784744126630607,0.0004,0.07853602025089905,0.2,True,0.5058416788317217,0.10076855187683685,0.07573235261497582,True,0.06574934515347176,0.8992314481231631,0.6758151411660084,False,0.3187999077038996,0.0,0.0,0.0,0.0036664993260464213,0.06280319575380736,201.835659294343,False,0.0,43,both,1.8220330722811218
S25,0.9201828405956143,0.9201828405956143,0.005847200120461405,0.9201828405956143,0.0304205500739066,0.9695794499260935,0.0004,0.052923311249459266,0.2,False,0.052731457128455346,0.0,0.0,True,0.03678141234790243,1.0,0.9201828405956143,False,0.05284722052640996,0.0,0.0,2.818494287848763e-09,0.044254517918516235,0.9241804980954758,,True,1.599165622145639,43,both,1.8220330722811218
S01,0.558677270658954,0.558677270658954,0.004532090332197941,0.6983465883236925,0.2025870886687243,0.7974129113312757,0.0002458403324537168,0.04311211230776521,0.2,True,0.27499446376074826,1.0,0.6983465883236925,False,0.2299195268373261,0.0,0.0,False,0.025164908282450105,0.0,0.0,1.9387116739902712e-08,0.018258524637672007,0.44292615393942825,,True,28.65247941363099,43,structured,1.2112782429197082
S02,0.24436189533031216,0.24436189533031216,0.006459074853514401,0.24436189533031216,1.0,0.0,0.000111888183293852,0.06046076592806908,0.2,False,0.07432897256325945,0.0,0.0,True,0.06777316612549186,1.0,0.24436189533031216,False,0.08052398967437908,0.0,0.0,0.0,0.000128881497758355,0.0037309110734371482,208.56299289582572,False,0.0,43,structured,1.2112782429197082
S03,0.19329268139523764,0.19329268139523764,0.012131484160887655,0.19329268139523764,1.0,0.0,0.00016737267683377183,0.028834219780876844,0.2,False,0.24235862144072137,0.0,0.0,False,0.07233138805632978,0.0,0.0,True,0.2233509527950759,1.0,0.19329268139523764,9.67622358657121e-10,0.00016737267683377183,0.004746839865036141,,True,1.4300620398353958,43,structured,1.2112782429197082
S04,0.6485052519521197,0.6485052519521197,0.006570900475983572,0.8106315649401497,0.0,1.0,1.7206228029803208e-05,0.05754458843195177,0.2,True,0.06679171450991377,1.0,0.8106315649401497,False,0.026584307601899042,0.0,0.0,False,0.06049661257595604,0.0,0.0,0.0,0.010340625018000009,0.1843665715574082,277.57996415195925,False,0.0,43,structured,1.2112782429197082
S05,0.5330014813778244,0.5330014813778244,0.008779990454452108,0.5343917646259239,1.0,0.0,0.00012894527924670664,0.035773035177787585,0.2,True,0.02921705205772431,0.01300809013283171,0.006951416240497006,True,0.05224626400241045,0.7414604944396892,0.39623038202403554,True,0.22548112117299346,0.24553141542747917,0.13120996636139137,2.425163503212984e-09,0.0006356767288424965,0.01946396097145582,,True,3.584181613116337,43,structured,1.2112782429197082
S06,0.38665846851770547,0.38665846851770547,0.008429555610891959,0.3981320057675639,0.0,1.0,0.00034286811532865366,0.0670710662714533,0.2,True,0.16389000693737948,0.1440921237635547,0.057367686249292095,True,0.15409305982211352,0.8559078762364453,0.3407643195182718,False,0.1905316116435689,0.0,0.0,0.0,0.0004035752278545456,0.011448205863177479,201.44631307924544,False,0.0,43,structured,1.2112782429197082
S07,0.6019187279875293,0.6019187279875293,0.01038636718362125,0.6019187279875293,0.09636277972927981,0.9036372202707202,0.001210395854418597,0.0898320971418125,0.2,False,0.35486935534830505,0.0,0.0,True,0.06075672880867647,1.0,0.6019187279875293,False,0.1398997318290943,0.0,0.0,0.0,0.0052485578772135145,0.08982309488084496,183.07755838333875,False,0.0,43,structured,1.2112782429197082
S08,0.40529251039226144,0.40529251039226144,0.0050950738391671415,0.40529251039226144,0.5810011046488474,0.41899889535115264,0.0005181732962624406,0.03551286937551203,0.0,False,0.0794928835469205,0.0,0.0,True,0.04233396993947259,1.0,0.40529251039226144,False,0.1015800103667172,0.0,0.0,3.763857830687269e-08,0.0032376027725841594,0.10419728278087052,,True,55.6265588413339,43,structured,1.2112782429197082
S09,0.4697338516852208,0.4697338516852208,0.00963215468376399,0.4754639078749246,0.3743430218564078,0.6256569781435921,0.00040610838016157076,0.050802684608709875,0.2,True,0.07354320838878849,0.06025753053806138,0.02865028094851927,True,0.35620349276001223,0.8297415491510287,0.3945121594855419,True,0.0686171691357224,0.11000092031091002,0.05230146744086345,0.0,0.00040610838016157076,0.012462751540930172,245.32107643740164,False,0.0,43,structured,1.2112782429197082
S10,0.48155752354236264,0.48155752354236264,0.010419523944658044,0.48155752354236264,0.5953160020403497,0.40468399795965027,7.148345146024383e-05,0.05991504953561398,0.0,False,0.1273078983162187,0.0,0.0,True,0.06867172614150882,1.0,0.48155752354236264,False,0.13372104873629717,0.0,0.0,0.0,0.0002192430037838887,0.0050246520481889816,207.4099254422785,False,0.0,43,structured,1.2112782429197082
S11,0.7541892539341359,0.7541892539341359,0.006468258792152376,0.7541892539341359,0.9431311010859227,0.05686889891407726,0.0004322529277919834,0.05036330369243607,0.0,False,0.022195015316385746,0.0,0.0,False,0.2722372662722253,0.0,0.0,True,0.1134844459788651,1.0,0.7541892539341359,0.0,0.0007062193627285283,0.02028366072282229,270.25909826885237,False,0.0,43,structured,1.2112782429197082
S12,0.6852343810010451,0.6852343810010451,0.008776578733305902,0.6852343810010452,0.11476627836223953,0.8852337216377604,0.0006986898392243496,0.06419259057693394,0.2,False,0.13967089789647405,0.0,0.0,True,0.21574568992040805,0.23595656472230386,0.16168555057062095,True,0.29915737423020744,0.764043435277696,0.5235488304304241,0.0,0.0006986898392243496,0.01446388582735015,208.15399612455226,False,0.0,43,structured,1.2112782429197082
S13,0.4120487576132,0.4120487576132,0.010035828037035361,0.4120487576132,0.0,1.0,0.00023436643930813207,0.08829501185824201,0.2,False,0.02415495675339175,0.0,0.0,True,0.15463632425736526,1.0,0.4120487576132,False,0.06115522015250438,0.0,0.0,0.0,0.00023436643930813207,0.004106344253157712,148.56004282487703,False,0.0,43,structured,1.2112782429197082
S14,0.4120047082732948,0.4120047082732948,0.008463470562776253,0.4120047082732948,0.0,1.0,0.00026348845348196767,0.045121292376410604,0.2,False,0.06879067899137295,0.0,0.0,True,0.06380882253576274,1.0,0.4120047082732948,False,0.529583204290256,0.0,0.0,0.0,0.0008282159525657505,0.022970187994794285,291.08736439277175,False,0.0,43,structured,1.2112782429197082
S15,0.4705085522785113,0.4705085522785113,0.009379623741820175,0.4705085522785113,0.8165119833365483,0.18348801666345171,0.00013778431273119202,0.06943479727694522,0.0,False,0.04221019212318517,0.0,0.0,False,0.07711523596135687,0.0,0.0,True,0.08352288851670471,1.0,0.4705085522785113,0.0,0.00013778431273119202,0.0034430051019846124,177.607145931782,False,0.0,43,structured,1.2112782429197082
S16,0.10822931431234822,0.10822931431234822,0.009354449984437341,0.10822931431234822,0.0,1.0,0.00026828955438511903,0.0708566549965479,0.2,False,0.08557956605409517,0.0,0.0,True,0.03948244178266788,0.7724497520879626,0.08360170700922358,True,0.14401427590927693,0.22755024791203732,0.024627607303124646,0.0,0.00026828955438511903,0.005099244893724781,178.7652452281794,False,0.0,43,structured,1.2112782429197082
S17,0.4252343233570737,0.4252343233570737,0.006045122318820413,0.4252343233570737,0.4688754436957027,0.5311245563042972,0.0011953111922479841,0.051170164541851415,0.2,False,0.04049303486452348,0.0,0.0,True,0.21550397006121824,1.0,0.4252343233570737,False,0.1394758230553728,0.0,0.0,0.0,0.0011953111922479841,0.036769291722358974,277.634803662895,False,0.0,43,structured,1.2112782429197082
S18,0.7487372996407544,0.7487372996407544,0.010668544611303555,0.7487372996407544,0.795389015251433,0.204610984748567,0.0010248380359612111,0.06525865436667976,0.0,True,0.13231338634959705,0.7395935256449835,0.55376125922321,False,0.07257794075797065,0.0,0.0,True,0.04897771632659214,0.26040647435501657,0.19497604041754446,0.0,0.1771407386428281,3.4548631691308285,277.64944877455355,False,0.0,43,structured,1.2112782429197082
S19,0.6478884545713554,0.6478884545713554,0.005669783705425315,0.8098605682141942,0.4961146329058851,0.5038853670941149,0.0008514908716884786,0.06893686080401948,0.2,True,0.04923992222730465,1.0,0.8098605682141942,False,0.05533844458382379,0.0,0.0,False,0.06520333509933254,0.0,0.0,0.0,0.6041299760738086,9.401934141504839,294.68835813226127,False,0.0,43,structured,1.2112782429197082
S20,0.513213758548657,0.513213758548657,0.010611049216789263,0.513213758548657,0.0,1.0,0.0002000122073493748,0.06751588691028985,0.2,False,0.030191957834000627,0.0,0.0,False,0.3642144789445399,0.0,0.0,True,0.08589726564308307,1.0,0.513213758548657,0.0,0.00020613229425654595,0.005291163332636571,184.78732342483002,False,0.0,43,structured,1.2112782429197082
S21,0.49454725827297485,0.49454725827297485,0.0058496804509543384,0.49454725827297485,0.7700252692197485,0.22997473078025138,0.00014651727396388842,0.06577151455978919,0.0,True,0.10766130622446951,1.0,0.49454725827297485,False,0.24814611980160378,0.0,0.0,False,0.2255426556939632,0.0,0.0,0.0,0.014042620091609042,0.23760858315625866,253.88656371460303,False,0.0,43,structured,1.2112782429197082
S22,0.739385360752242,0.739385360752242,0.01029617402288137,0.739385360752242,1.0,0.0,0.00050553330321177,0.04037502525498077,0.2,False,0.05346093917683138,0.0,0.0,True,0.13159656857073343,1.0,0.739385360752242,False,0.015134161384561967,0.0,0.0,1.3007250437640948e-09,0.0019270522294446174,0.054085815885940434,,True,1.9223589582321778,43,structured,1.2112782429197082
S23,0.5353267674597391,0.5353267674597391,0.013120038257785897,0.5353267674597391,0.0,1.0,0.00035397347246639006,0.034490507082277536,0.2,False,0.33742329179734515,0.0,0.0,True,0.045888799746782234,0.48990393515138797,0.26225868997039814,True,0.08811011068835266,0.5100960648486121,0.273068077489341,2.1195164073005458e-09,0.0013176905682334929,0.03976283790397055,,True,3.13246167760667,43,structured,1.2112782429197082
S24,0.736401023257989,0.736401023257989,0.008331964736554535,0.736401023257989,0.15314206164482036,0.8468579383551796,0.000139568615883018,0.07853602025089905,0.0,False,0.5058416788317217,0.0,0.0,True,0.06574934515347176,1.0,0.736401023257989,False,0.3187999077038996,0.0,0.0,0.0,0.0011844664035934346,0.020790575068154127,191.27504538896116,False,0.0,43,structured,1.2112782429197082
S25,0.9201828405956143,0.9201828405956143,0.005847200120461405,0.9201828405956143,0.0,1.0,0.0003276017028157843,0.052923311249459266,0.2,False,0.052731457128455346,0.0,0.0,True,0.03678141234790243,1.0,0.9201828405956143,False,0.05284722052640996,0.0,0.0,3.824241323214904e-09,0.05165604811502805,1.103677752662074,,True,5.6518974562445345,43,structured,1.2112782429197082
S01,0.3259004813414328,0.3259004813414328,0.008440416148137429,0.407375601676791,0.7562472664462198,0.24375273355378027,0.0004,0.0,0.2,True,0.1,1.0,0.407375601676791,False,0.1,0.0,0.0,False,0.1,0.0,0.0,0.0031289209270164786,0.034133490108526565,3.8343523795431014,,True,3.865645058056651,44,baseline,1.0606431089567046
S02,0.40272028472824856,0.40272028472824856,0.01599525175822407,0.40272028472824856,0.9018601338221583,0.09813986617784173,0.0004,0.0,0.2,False,0.1,0.0,0.0,True,0.1,1.0,0.40272028472824856,False,0.1,0.0,0.0,1.1563733503306692e-05,0.0009149392748094333,0.0716055103464907,,True,0.014286487358555807,44,baseline,1.0606431089567046
S03,0.46426559005476437,0.46426559005476437,0.008224091310137622,0.46426559005476437,0.48505861179171994,0.51494138820828,0.0004,0.0,0.2,False,0.1,0.0,0.0,False,0.1,0.0,0.0,True,0.1,1.0,0.46426559005476437,0.00010575601455428368,0.001036002421485984,0.12645484891286726,,True,0.13065693399013176,44,baseline,1.0606431089567046
S04,0.7794765831659765,0.7794765831659765,0.011433755689929367,0.7794765831659765,0.5080503059020853,0.4919496940979147,0.0004,0.0,0.2,False,0.1,0.0,0.0,False,0.1,0.0,0.0,True,0.1,1.0,0.7794765831659765,8.736779587306577e-05,0.0020798236645854667,0.19465654879993294,,True,0.10793909345355605,44,baseline,1.0606431089567046
S05,0.3524299803361122,0.3524299803361122,0.012191767889373038,0.3542827194210355,0.5419227826854063,0.4580772173145937,0.0004,0.0,0.2,True,0.1,0.02614774844156908,0.009263695424616237,True,0.1,0.09536707150187668,0.03378690543490521,True,0.1,0.8784851800565542,0.31123211856151406,2.7268360240382237e-05,0.0008011911374583739,0.0754837824105625,,True,0.03368886733262816,44,baseline,1.0606431089567046
S06,0.6600320571800635,0.6600320571800635,0.008327014459168865,0.7179078897432531,0.8417616468065388,0.1582383531934613,0.0004,0.0,0.2,True,0.1,0.40308675660249277,0.2893791628159479,True,0.1,0.5969132433975072,0.4285287269273052,False,0.1,0.0,0.0,0.0032572540411454774,0.0312682522770688,3.7669131326071548,,True,4.024195011855203,44,baseline,1.0606431089567046
S07,0.35287314490887334,0.35287314490887334,0.006850869948722478,0.44109143113609167,0.5855745418902014,0.41442545810979864,0.0004,0.0,0.2,True,0.1,1.0,0.44109143113609167,False,0.1,0.0,0.0,False,0.1,0.0,0.0,0.0073695918892987666,0.05124501941516006,6.633441395043613,,True,9.104808696436617,44,baseline,1.0606431089567046
S08,0.43735228669965615,0.43735228669965615,0.012238914440381317,0.4702200317879107,0.14614683190287386,0.8538531680971262,0.0004,0.0,0.2,True,0.1,0.3494932464200011,0.16433872544127304,False,0.1,0.0,0.0,True,0.1,0.6505067535799989,0.3058813063466377,0.00013701875524920411,0.004140792453395878,0.3687655760739202,,True,0.1692806838027742,44,baseline,1.0606431089567046
S09,0.5691372937100788,0.5691372937100788,0.009652208499902615,0.5691372937100788,0.9903852517339756,0.009614748266024386,0.0004,0.0,0.2,False,0.1,0.0,0.0,True,0.1,0.4546972999099667,0.2587851907280385,True,0.1,0.5453027000900332,0.31035210298204025,0.00010587288271001946,0.0014773084490784028,0.16377116480426332,,True,0.1308013194889034,44,baseline,1.0606431089567046
S10,0.5444193323663583,0.5444193323663583,0.008323916732427671,0.5534006332216179,0.9401074242275232,0.05989257577247684,0.0004,0.0,0.2,True,0.1,0.08114646348500774,0.044906504276298186,True,0.1,0.9188535365149922,0.5084941289453198,False,0.1,0.0,0.0,0.0002663384199989707,0.0025462070317252934,0.31139447931433956,,True,0.32904947777678867,44,baseline,1.0606431089567046
S11,0.7535937458168334,0.7535937458168334,0.0076010942751482576,0.7775714601069612,0.9961417663870332,0.0038582336129668665,0.0004,0.0,0.2,True,0.1,0.15418334854284296,0.11988857145063891,True,0.1,0.2030342213771715,0.15787361596792723,True,0.1,0.6427824300799855,0.49980927268839503,0.0008779591622533427,0.007023413662207606,0.8928242772174882,,True,1.0846801743808712,44,baseline,1.0606431089567046
S12,0.4664378434326454,0.4664378434326454,0.01640566990901954,0.5027239415548941,0.1247823337162419,0.8752176662837582,0.0004,0.0,0.2,True,0.1,0.3608948681657964,0.18143049061124303,False,0.1,0.0,0.0,True,0.1,0.6391051318342035,0.32129345094365097,4.9420832233437476e-05,0.004790465940993401,0.334642513874227,,True,0.06105727832195495,44,baseline,1.0606431089567046
S13,0.7322943643281293,0.7322943643281293,0.011127331108293117,0.7322943643281293,0.8743682964293713,0.12563170357062878,0.0004,0.0,0.2,False,0.1,0.0,0.0,True,0.1,1.0,0.7322943643281293,False,0.1,0.0,0.0,0.00013911368509266742,0.0028392102446086055,0.28021968545795894,,True,0.17186887806694862,44,baseline,1.0606431089567046
S14,0.7174051043322232,0.7174051043322232,0.01017507596800695,0.7174051043322232,0.9448591763518965,0.055140823648103396,0.0004,0.0,0.2,False,0.1,0.0,0.0,True,0.1,0.13417190865954845,0.09625561213035687,True,0.1,0.8658280913404516,0.6211494922018663,0.00011674316103465712,0.0019178423252445924,0.20013155734888408,,True,0.14423107328118087,44,baseline,1.0606431089567046
S15,0.5853786585006525,0.5853786585006525,0.006392354942736201,0.5853786585006525,0.8010936192462645,0.19890638075373546,0.0004,0.0,0.2,False,0.1,0.0,0.0,False,0.1,0.0,0.0,True,0.1,1.0,0.5853786585006525,0.00024646951561411355,0.0014467635122461138,0.20475373954036893,,True,0.30450231476568623,44,baseline,1.0606431089567046
S16,0.19154773131529584,0.19154773131529584,0.014068589304459735,0.19154773131529584,0.7379765078817743,0.2620234921182258,0.0004,0.0,0.2,False,0.1,0.0,0.0,True,0.1,1.0,0.19154773131529584,False,0.1,0.0,0.0,1.0673905476318891e-05,0.000509163837805614,0.045981738659783215,,True,0.013187143720515836,44,baseline,1.0606431089567046
S17,0.6247195331522095,0.6247195331522095,0.008705670719308454,0.7559581764278277,0.3451902889992533,0.6548097110007468,0.0004,0.0,0.2,True,0.1,0.8680284661763139,0.6561932163780906,False,0.1,0.0,0.0,True,0.1,0.131971533823686,0.09976496004973706,0.060846741509603945,0.6934213778278335,77.25795757263664,,True,75.1734898713892,44,baseline,1.0606431089567046
S18,0.6925847992032118,0.6925847992032118,0.012427922378906126,0.6925847992032118,0.7009358501866698,0.2990641498133302,0.0004,0.0,0.2,False,0.1,0.0,0.0,True,0.1,1.0,0.6925847992032118,False,0.1,0.0,0.0,8.321007275509277e-05,0.0024276413223888326,0.22109762433269126,,True,0.10280240825164345,44,baseline,1.0606431089567046
S19,0.5089699266968204,0.5089699266968204,0.013938445287846794,0.580593389609416,0.48210188445364793,0.5178981155463521,0.0004,0.0,0.2,True,0.1,0.6168125937566996,0.3581173145629779,True,0.1,0.38318740624330033,0.22247607504643802,False,0.1,0.0,0.0,0.0006905119662970976,0.03161410356963935,2.59818283383585,,True,0.8530973560238193,44,baseline,1.0606431089567046
S20,0.37237045803891566,0.37237045803891566,0.007540825314262098,0.3842145318962131,0.9462266782192823,0.053773321780717594,0.0004,0.0,0.2,True,0.1,0.15413360081467203,0.05922036928648698,True,0.1,0.8458663991853279,0.3249941626097261,False,0.1,0.0,0.0,0.00022343180040783724,0.0017377978431810464,0.229389556029796,,True,0.27604022447535226,44,baseline,1.0606431089567046
S21,0.36330413736609724,0.36330413736609724,0.016039849922562126,0.36330413736609724,0.47140371401091236,0.5285962859890878,0.0004,0.0,0.2,False,0.1,0.0,0.0,True,0.1,1.0,0.36330413736609724,False,0.1,0.0,0.0,1.0091192453984981e-05,0.0008114290319398642,0.0639244600491361,,True,0.012467227248482067,44,baseline,1.0606431089567046
S22,0.6523454793147894,0.6523454793147894,0.01374824421226651,0.7216704045080334,0.849678969029979,0.15032103097002097,0.0004,0.0,0.2,True,0.1,0.4803087722608166,0.3466246259662204,True,0.1,0.5196912277391833,0.3750457785418129,False,0.1,0.0,0.0,0.0010332621743389943,0.044128600411764266,3.660022214913819,,True,1.276550258404586,44,baseline,1.0606431089567046
S23,0.29664308722575655,0.29664308722575655,0.010500979911009765,0.3048570459838738,0.5604602027384351,0.43953979726156495,0.0004,0.0,0.2,True,0.1,0.1347182042587881,0.04106979379058627,True,0.1,0.36427505614287903,0.11105181754132788,True,0.1,0.5010067395983329,0.15273543465195966,5.591936565462705e-05,0.0010060973408674055,0.10715679908518096,,True,0.06908593235003584,44,baseline,1.0606431089567046
S24,0.5173973689256711,0.5173973689256711,0.011788180210123376,0.5173973689256711,0.4783892325768078,0.5216107674231922,0.0004,0.0,0.2,False,0.1,0.0,0.0,True,0.1,0.04024441639069242,0.020822355154493412,True,0.1,0.9597555836093076,0.4965750137711777,4.192639894059024e-05,0.001100625209889971,0.10371319175240208,,True,0.05179823352753928,44,baseline,1.0606431089567046
S25,0.37571688308641044,0.37571688308641044,0.008230973865503286,0.44380821310466595,0.4130888961716834,0.5869111038283166,0.0004,0.0,0.2,True,0.1,0.7671256187658378,0.3404566500912777,False,0.1,0.0,0.0,True,0.1,0.23287438123416218,0.10335156301338827,0.002019326790357759,0.020133458362869117,2.3705634733267558,,True,2.494789996240374,44,baseline,1.0606431089567046
S01,0.3259004813414328,0.3259004813414328,0.008440416148137429,0.407375601676791,0.7562472664462198,0.24375273355378027,0.0004,0.0,0.2,True,0.05114627745837566,1.0,0.407375601676791,False,0.15663675957340825,0.0,0.0,False,0.2402746518026908,0.0,0.0,0.004104256641903365,0.044796041213898914,5.01678861042742,,True,4.92134696507372,44,affinity,1.0124080839646437
S02,0.40272028472824856,0.40272028472824856,0.01599525175822407,0.40272028472824856,0.9018601338221583,0.09813986617784173,0.0004,0.0,0.2,False,0.04437133135419721,0.0,0.0,True,0.09747338292465395,1.0,0.40272028472824856,False,0.12415874730868136,0.0,0.0,7.630863474442697e-06,0.0006657956511100408,0.05035146513703703,,True,0.009150043498114336,44,affinity,1.0124080839646437
S03,0.46426559005476437,0.46426559005476437,0.008224091310137622,0.46426559005476437,0.48505861179171994,0.51494138820828,0.0004,0.0,0.2,False,0.14564971035920782,0.0,0.0,False,0.06040528548637995,0.0,0.0,True,0.36310491573403597,1.0,0.46426559005476437,4.628361427565414e-05,0.00046628496896273505,0.058764791641173916,,True,0.055497924355554035,44,affinity,1.0124080839646437
S04,0.7794765831659765,0.7794765831659765,0.011433755689929367,0.7794765831659765,0.5080503059020853,0.4919496940979147,0.0004,0.0,0.2,False,0.1342355678846912,0.0,0.0,False,0.14657076119155515,0.0,0.0,True,0.032831747111673255,1.0,0.7794765831659765,0.0003793100300551587,0.009200773236134168,0.8256423328555561,,True,0.4548244488844342,44,affinity,1.0124080839646437
S05,0.3524299803361122,0.3524299803361122,0.012191767889373038,0.3542827194210355,0.5419227826854063,0.4580772173145937,0.0004,0.0,0.2,True,0.15081201176291287,0.02614774844156908,0.009263695424616237,True,0.04087224142783409,0.09536707150187668,0.03378690543490521,True,0.07378069280442465,0.8784851800565542,0.31123211856151406,2.8641635178334743e-05,0.0008682458230184424,0.0794529719838132,,True,0.034343715965646275,44,affinity,1.0124080839646437
S06,0.6600320571800635,0.6600320571800635,0.008327014459168865,0.7179078897432531,0.8417616468065388,0.1582383531934613,0.0004,0.0,0.2,True,0.07930714572525745,0.40308675660249277,0.2893791628159479,True,0.02803224940540769,0.5969132433975072,0.4285287269273052,False,0.43613331234984454,0.0,0.0,0.007544259885331662,0.07627453368188575,8.759888697045717,,True,9.046198551849372,44,affinity,1.0124080839646437
S07,0.35287314490887334,0.35287314490887334,0.006850869948722478,0.44109143113609167,0.5855745418902014,0.41442545810979864,0.0004,0.0,0.2,True,0.21790170542902224,1.0,0.44109143113609167,False,0.1263253260746986,0.0,0.0,False,0.19217374922061164,0.0,0.0,0.003941581591202466,0.027469827310644363,3.569424694493033,,True,4.7262859742754415,44,affinity,1.0124080839646437
S08,0.43735228669965615,0.43735228669965615,0.012238914440381317,0.4702200317879107,0.14614683190287386,0.8538531680971262,0.0004,0.0,0.2,True,0.13836498548235332,0.3494932464200011,0.16433872544127304,False,0.06539272994594339,0.0,0.0,True,0.1895272697194766,0.6505067535799989,0.3058813063466377,8.516395013134887e-05,0.002654398456693077,0.2352576147385283,,True,0.1021186987269476,44,affinity,1.0124080839646437
S09,0.5691372937100788,0.5691372937100788,0.009652208499902615,0.5691372937100788,0.9903852517339756,0.009614748266024386,0.0004,0.0,0.2,False,0.13758944488128622,0.0,0.0,True,0.17530583336883043,0.4546972999099667,0.2587851907280385,True,0.05033648047115093,0.5453027000900332,0.31035210298204025,8.617250701894053e-05,0.001276285561251668,0.13642730630054464,,True,0.10332804278384156,44,affinity,1.0124080839646437
S10,0.5444193323663583,0.5444193323663583,0.008323916732427671,0.5534006332216179,0.9401074242275232,0.05989257577247684,0.0004,0.0,0.2,True,0.09700672094609114,0.08114646348500774,0.044906504276298186,True,0.12361866603609724,0.9188535365149922,0.5084941289453198,False,0.22327788428081358,0.0,0.0,0.00013072753064625274,0.0013317379789835892,0.1596749444587319,,True,0.1567532423847547,44,affinity,1.0124080839646437
S11,0.7535937458168334,0.7535937458168334,0.0076010942751482576,0.7775714601069612,0.9961417663870332,0.0038582336129668665,0.0004,0.0,0.2,True,0.15045037321567448,0.15418334854284296,0.11988857145063891,True,0.08550992777791681,0.2030342213771715,0.15787361596792723,True,0.049147346060824694,0.6427824300799855,0.49980927268839503,0.0011259689953357036,0.009371182782985626,1.1504818120090856,,True,1.3501309936097654,44,affinity,1.0124080839646437
S12,0.4664378434326454,0.4664378434326454,0.01640566990901954,0.5027239415548941,0.1247823337162419,0.8752176662837582,0.0004,0.0,0.2,True,0.02559394216809057,0.3608948681657964,0.18143049061124303,False,0.1515554271205381,0.0,0.0,True,0.11032674178192822,0.6391051318342035,0.32129345094365097,5.0581187516611175e-05,0.005064916830666676,0.3454674424692726,,True,0.06065107409054663,44,affinity,1.0124080839646437
S13,0.7322943643281293,0.7322943643281293,0.011127331108293117,0.7322943643281293,0.8743682964293713,0.12563170357062878,0.0004,0.0,0.2,False,0.06396933361367181,0.0,0.0,True,0.0820630097648777,1.0,0.7322943643281293,False,0.27131261369942306,0.0,0.0,8.134294984797601e-05,0.0018033704521741138,0.1711722793536836,,True,0.09753699982534036,44,affinity,1.0124080839646437
S14,0.7174051043322232,0.7174051043322232,0.01017507596800695,0.7174051043322232,0.9448591763518965,0.055140823648103396,0.0004,0.0,0.2,False,0.318873522454415,0.0,0.0,True,0.08860617501870931,0.13417190865954845,0.09625561213035687,True,0.11037539691930268,0.8658280913404516,0.6211494922018663,7.496841595592379e-05,0.001287486029689003,0.13206952172241565,,True,0.08989340056716576,44,affinity,1.0124080839646437
S15,0.5853786585006525,0.5853786585006525,0.006392354942736201,0.5853786585006525,0.8010936192462645,0.19890638075373546,0.0004,0.0,0.2,False,0.16206583470292882,0.0,0.0,False,0.02586738470303447,0.0,0.0,True,0.11698766534438347,1.0,0.5853786585006525,0.00016719799624622823,0.0009988844037191226,0.1414934181664598,,True,0.20048438077478203,44,affinity,1.0124080839646437
S16,0.19154773131529584,0.19154773131529584,0.014068589304459735,0.19154773131529584,0.7379765078817743,0.2620234921182258,0.0004,0.0,0.2,False,0.48665594012875313,0.0,0.0,True,0.26648994555790173,1.0,0.19154773131529584,False,0.06512897642304685,0.0,0.0,6.957647784551775e-06,0.0004,0.03219622196032946,,True,0.008342801582865045,44,affinity,1.0124080839646437
S17,0.6247195331522095,0.6247195331522095,0.008705670719308454,0.7559581764278277,0.3451902889992533,0.6548097110007468,0.0004,0.0,0.2,True,0.09161616736160146,0.8680284661763139,0.6561932163780906,False,0.05801107193403111,0.0,0.0,True,0.07555381741248914,0.131971533823686,0.09976496004973706,0.06293840819014175,0.7262376125303011,80.03202225482018,,True,75.46841514995542,44,affinity,1.0124080839646437
S18,0.6925847992032118,0.6925847992032118,0.012427922378906126,0.6925847992032118,0.7009358501866698,0.2990641498133302,0.0004,0.0,0.2,False,0.03168570069577016,0.0,0.0,True,0.10404711728503305,1.0,0.6925847992032118,False,0.11842507931208267,0.0,0.0,3.7837824408359765e-05,0.0012096610531565405,0.10703506443123804,,True,0.04537071595764455,44,affinity,1.0124080839646437
S19,0.5089699266968204,0.5089699266968204,0.013938445287846794,0.580593389609416,0.48210188445364793,0.5178981155463521,0.0004,0.0,0.2,True,0.3343540626522672,0.6168125937566996,0.3581173145629779,True,0.0668161481606922,0.38318740624330033,0.22247607504643802,False,0.04628966412083443,0.0,0.0,0.00026900027377532406,0.013225183107183213,1.039900646499229,,True,0.3225538255654142,44,affinity,1.0124080839646437
S20,0.37237045803891566,0.37237045803891566,0.007540825314262098,0.3842145318962131,0.9462266782192823,0.053773321780717594,0.0004,0.0,0.2,True,0.11028400763486916,0.15413360081467203,0.05922036928648698,True,0.1043800446346144,0.8458663991853279,0.3249941626097261,False,0.27714825381466396,0.0,0.0,0.00015221550938973355,0.0012478570629292434,0.16074566956955016,,True,0.1825191260030257,44,affinity,1.0124080839646437
S21,0.36330413736609724,0.36330413736609724,0.016039849922562126,0.36330413736609724,0.47140371401091236,0.5285962859890878,0.0004,0.0,0.2,False,0.04539281727395776,0.0,0.0,True,0.033453031401393406,1.0,0.36330413736609724,False,0.060783373993131815,0.0,0.0,1.628562926688427e-05,0.0014212297201283226,0.10172921924084137,,True,0.01952783150756578,44,affinity,1.0124080839646437
S22,0.6523454793147894,0.6523454793147894,0.01374824421226651,0.7216704045080334,0.849678969029979,0.15032103097002097,0.0004,0.0,0.2,True,0.25530431374486295,0.4803087722608166,0.3466246259662204,True,0.13522415267203966,0.5196912277391833,0.3750457785418129,False,0.2458994445368494,0.0,0.0,0.0003164470106106463,0.014778177603396602,1.1712791435778447,,True,0.3794464311454778,44,affinity,1.0124080839646437
S23,0.29664308722575655,0.29664308722575655,0.010500979911009765,0.3048570459838738,0.5604602027384351,0.43953979726156495,0.0004,0.0,0.2,True,0.041669531192167826,0.1347182042587881,0.04106979379058627,True,0.15504107681973892,0.36427505614287903,0.11105181754132788,True,0.15585030496249141,0.5010067395983329,0.15273543465195966,4.091630688591045e-05,0.0007762987660232789,0.08094600635996696,,True,0.049062073911054764,44,affinity,1.0124080839646437
S24,0.5173973689256711,0.5173973689256711,0.011788180210123376,0.5173973689256711,0.4783892325768078,0.5216107674231922,0.0004,0.0,0.2,False,0.03820170424688882,0.0,0.0,True,0.13299964981041376,0.04024441639069242,0.020822355154493412,True,0.05399613168909953,0.9597555836093076,0.4965750137711777,5.79986534676114e-05,0.0015657860863431195,0.14216576845844414,,True,0.06954523611097131,44,affinity,1.0124080839646437
S25,0.37571688308641044,0.37571688308641044,0.008230973865503286,0.44380821310466595,0.4130888961716834,0.5869111038283166,0.0004,0.0,0.2,True,0.09385925248405873,0.7671256187658378,0.3404566500912777,False,0.48881616986963117,0.0,0.0,True,0.30672560966615997,0.23287438123416218,0.10335156301338827,0.0017068637209383417,0.017393696426569707,2.0156086305238485,,True,2.046672351595143,44,affinity,1.0124080839646437
S01,0.3259004813414328,0.3259004813414328,0.008440416148137429,0.407375601676791,0.7562472664462198,0.24375273355378027,0.0004,0.04454330140897682,0.2,True,0.1,1.0,0.407375601676791,False,0.1,0.0,0.0,False,0.1,0.0,0.0,1.0813664996404293e-08,0.03507862313669547,0.82309281863172,,True,0.7799941023467003,44,starvation,0.5008399068460921
S02,0.40272028472824856,0.40272028472824856,0.01599525175822407,0.40272028472824856,0.9018601338221583,0.09813986617784173,0.0004,0.0784693337359352,0.2,False,0.1,0.0,0.0,True,0.1,1.0,0.40272028472824856,False,0.1,0.0,0.0,0.0,0.0004,0.008627622779716269,169.23013887928948,False,0.0,44,starvation,0.5008399068460921
S03,0.46426559005476437,0.46426559005476437,0.008224091310137622,0.46426559005476437,0.48505861179171994,0.51494138820828,0.0004,0.05166723027559485,0.2,False,0.1,0.0,0.0,False,0.1,0.0,0.0,True,0.1,1.0,0.46426559005476437,0.0,0.0004469484891959949,0.01452233106549427,254.41510716597966,False,0.0,44,starvation,0.5008399068460921
S04,0.7794765831659765,0.7794765831659765,0.011433755689929367,0.7794765831659765,0.5080503059020853,0.4919496940979147,0.0004,0.04193059716040608,0.2,False,0.1,0.0,0.0,False,0.1,0.0,0.0,True,0.1,1.0,0.7794765831659765,4.2909300955114645e-10,0.0011212632340675446,0.03322574118897066,,True,0.030950655205185293,44,starvation,0.5008399068460921
S05,0.3524299803361122,0.3524299803361122,0.012191767889373038,0.3542827194210355,0.5419227826854063,0.4580772173145937,0.0004,0.07071732000118339,0.2,True,0.1,0.02614774844156908,0.009263695424616237,True,0.1,0.09536707150187668,0.03378690543490521,True,0.1,0.8784851800565542,0.31123211856151406,0.0,0.0004,0.00843918089710148,182.8179803105487,False,0.0,44,starvation,0.5008399068460921
S06,0.6600320571800635,0.6600320571800635,0.008327014459168865,0.7179078897432531,0.8417616468065388,0.1582383531934613,0.0004,0.029592838163677766,0.2,True,0.1,0.40308675660249277,0.2893791628159479,True,0.1,0.5969132433975072,0.4285287269273052,False,0.1,0.0,0.0,1.1811332242694757e-06,0.028816263990066888,1.2025026219796808,,True,85.19562510233783,44,starvation,0.5008399068460921
S07,0.35287314490887334,0.35287314490887334,0.006850869948722478,0.44109143113609167,0.5855745418902014,0.41442545810979864,0.0004,0.06031737791237864,0.2,True,0.1,1.0,0.44109143113609167,False,0.1,0.0,0.0,False,0.1,0.0,0.0,0.0,0.051350064176426485,0.9854420274120056,294.9705141110291,False,0.0,44,starvation,0.5008399068460921
S08,0.43735228669965615,0.43735228669965615,0.012238914440381317,0.4702200317879107,0.14614683190287386,0.8538531680971262,0.0004,0.04188036751753895,0.2,True,0.1,0.3494932464200011,0.16433872544127304,False,0.1,0.0,0.0,True,0.1,0.6505067535799989,0.3058813063466377,7.248293351786739e-10,0.0025874642403800785,0.07499921568780547,,True,0.05228223796790791,44,starvation,0.5008399068460921
S09,0.5691372937100788,0.5691372937100788,0.009652208499902615,0.5691372937100788,0.9903852517339756,0.009614748266024386,0.0004,0.08344185233001675,0.2,False,0.1,0.0,0.0,True,0.1,0.4546972999099667,0.2587851907280385,True,0.1,0.5453027000900332,0.31035210298204025,0.0,0.0004,0.010582945343451267,173.3170341342118,False,0.0,44,starvation,0.5008399068460921
S10,0.5444193323663583,0.5444193323663583,0.008323916732427671,0.5534006332216179,0.9401074242275232,0.05989257577247684,0.0004,0.06542743240164148,0.2,True,0.1,0.08114646348500774,0.044906504276298186,True,0.1,0.9188535365149922,0.5084941289453198,False,0.1,0.0,0.0,0.0,0.0009790035973397644,0.030129804302311068,230.25117944162542,False,0.0,44,starvation,0.5008399068460921
S11,0.7535937458168334,0.7535937458168334,0.0076010942751482576,0.7775714601069612,0.9961417663870332,0.0038582336129668665,0.0004,0.05620394341930758,0.2,True,0.1,0.15418334854284296,0.11988857145063891,True,0.1,0.2030342213771715,0.15787361596792723,True,0.1,0.6427824300799855,0.49980927268839503,0.0,0.0031992877056173687,0.08799060195972251,275.2629220153469,False,0.0,44,starvation,0.5008399068460921
S12,0.4664378434326454,0.4664378434326454,0.01640566990901954,0.5027239415548941,0.1247823337162419,0.8752176662837582,0.0004,0.06271123277274736,0.2,True,0.1,0.3608948681657964,0.18143049061124303,False,0.1,0.0,0.0,True,0.1,0.6391051318342035,0.32129345094365097,0.0,0.002339292555722525,0.053399804407258014,217.52185236126024,False,0.0,44,starvation,0.5008399068460921
S13,0.7322943643281293,0.7322943643281293,0.011127331108293117,0.7322943643281293,0.8743682964293713,0.12563170357062878,0.0004,0.07118016505343738,0.2,False,0.1,0.0,0.0,True,0.1,1.0,0.7322943643281293,False,0.1,0.0,0.0,0.0,0.0010823232037563077,0.02977104429758512,212.03631216940295,False,0.0,44,starvation,0.5008399068460921
S14,0.7174051043322232,0.7174051043322232,0.01017507596800695,0.7174051043322232,0.9448591763518965,0.055140823648103396,0.0004,0.062287238147487066,0.2,False,0.1,0.0,0.0,True,0.1,0.13417190865954845,0.09625561213035687,True,0.1,0.8658280913404516,0.6211494922018663,0.0,0.000701778646797319,0.019218299809757713,222.86671929035103,False,0.0,44,starvation,0.5008399068460921
S15,0.5853786585006525,0.5853786585006525,0.006392354942736201,0.5853786585006525,0.8010936192462645,0.19890638075373546,0.0004,0.03756807869921682,0.2,False,0.1,0.0,0.0,False,0.1,0.0,0.0,True,0.1,1.0,0.5853786585006525,4.170714517210192e-09,0.000812641493713012,0.028922415083118064,,True,0.30083535296103875,44,starvation,0.5008399068460921
S16,0.19154773131529584,0.19154773131529584,0.014068589304459735,0.19154773131529584,0.7379765078817743,0.2620234921182258,0.0004,0.025017522345305652,0.2,False,0.1,0.0,0.0,True,0.1,1.0,0.19154773131529584,False,0.1,0.0,0.0,8.672934617399488e-09,0.0004,0.017807792492621443,,True,0.6255823399244888,44,starvation,0.5008399068460921
S17,0.6247195331522095,0.6247195331522095,0.008705670719308454,0.7559581764278277,0.3451902889992533,0.6548097110007468,0.0004,0.06245195858773166,0.2,True,0.1,0.8680284661763139,0.6561932163780906,False,0.1,0.0,0.0,True,0.1,0.131971533823686,0.09976496004973706,1.2654092359699004e-09,0.6346282598835332,11.641807292701357,,True,0.09127448847728893,44,starvation,0.5008399068460921
S18,0.6925847992032118,0.6925847992032118,0.012427922378906126,0.6925847992032118,0.7009358501866698,0.2990641498133302,0.0004,0.1038778284460888,0.2,False,0.1,0.0,0.0,True,0.1,1.0,0.6925847992032118,False,0.1,0.0,0.0,0.0,0.00044587708208502363,0.01179061167665961,149.63106237055382,False,0.0,44,starvation,0.5008399068460921
S19,0.5089699266968204,0.5089699266968204,0.013938445287846794,0.580593389609416,0.48210188445364793,0.5178981155463521,0.0004,0.07397686578939433,0.2,True,0.1,0.6168125937566996,0.3581173145629779,True,0.1,0.38318740624330033,0.22247607504643802,False,0.1,0.0,0.0,0.0,0.016414349247698683,0.3743217427932624,224.4495981719646,False,0.0,44,starvation,0.5008399068460921
S20,0.37237045803891566,0.37237045803891566,0.007540825314262098,0.3842145318962131,0.9462266782192823,0.053773321780717594,0.0004,0.0738689836357978,0.2,True,0.1,0.15413360081467203,0.05922036928648698,True,0.1,0.8458663991853279,0.3249941626097261,False,0.1,0.0,0.0,0.0,0.0005415388361677633,0.017824396773796193,201.4610125904895,False,0.0,44,starvation,0.5008399068460921
S21,0.36330413736609724,0.36330413736609724,0.016039849922562126,0.36330413736609724,0.47140371401091236,0.5285962859890878,0.0004,0.05281889651311099,0.2,False,0.1,0.0,0.0,True,0.1,1.0,0.36330413736609724,False,0.1,0.0,0.0,0.0,0.0004,0.013171410572431852,228.02140698584014,False,0.0,44,starvation,0.5008399068460921
S22,0.6523454793147894,0.6523454793147894,0.01374824421226651,0.7216704045080334,0.849678969029979,0.15032103097002097,0.0004,0.06539502207578361,0.2,True,0.1,0.4803087722608166,0.3466246259662204,True,0.1,0.5196912277391833,0.3750457785418129,False,0.1,0.0,0.0,0.0,0.0226718768058034,0.583291055968867,254.19096802010552,False,0.0,44,starvation,0.5008399068460921
S23,0.29664308722575655,0.29664308722575655,0.010500979911009765,0.3048570459838738,0.5604602027384351,0.43953979726156495,0.0004,0.04451440341649855,0.2,True,0.1,0.1347182042587881,0.04106979379058627,True,0.1,0.36427505614287903,0.11105181754132788,True,0.1,0.5010067395983329,0.15273543465195966,0.0,0.0005105290581307499,0.019233107801511964,280.45160990956884,False,0.0,44,starvation,0.5008399068460921
S24,0.5173973689256711,0.5173973689256711,0.011788180210123376,0.5173973689256711,0.4783892325768078,0.5216107674231922,0.0004,0.018972252462102088,0.2,False,0.1,0.0,0.0,True,0.1,0.04024441639069242,0.020822355154493412,True,0.1,0.9597555836093076,0.4965750137711777,1.7916791978288225e-07,0.0008632522494856226,0.04030777948300961,,True,12.923455720779568,44,starvation,0.5008399068460921
S25,0.37571688308641044,0.37571688308641044,0.008230973865503286,0.44380821310466595,0.4130888961716834,0.5869111038283166,0.0004,0.0907740498707511,0.2,True,0.1,0.7671256187658378,0.3404566500912777,False,0.1,0.0,0.0,True,0.1,0.23287438123416218,0.10335156301338827,0.0,0.012796792706086416,0.208965761905371,192.69015139611184,False,0.0,44,starvation,0.5008399068460921
S01,0.3259004813414328,0.3259004813414328,0.008440416148137429,0.407375601676791,0.7562472664462198,0.24375273355378027,0.0004,0.04454330140897682,0.2,True,0.05114627745837566,1.0,0.407375601676791,False,0.15663675957340825,0.0,0.0,False,0.2402746518026908,0.0,0.0,1.4680006543647431e-08,0.04783969237393517,1.102869233092465,,True,0.660748007891901,44,both,0.4212142150759121
S02,0.40272028472824856,0.40272028472824856,0.01599525175822407,0.40272028472824856,0.9018601338221583,0.09813986617784173,0.0004,0.0784693337359352,0.2,False,0.04437133135419721,0.0,0.0,True,0.09747338292465395,1.0,0.40272028472824856,False,0.12415874730868136,0.0,0.0,0.0,0.0004,0.006309760962476887,158.46785586036307,False,0.0,44,both,0.4212142150759121
S03,0.46426559005476437,0.46426559005476437,0.008224091310137622,0.46426559005476437,0.48505861179171994,0.51494138820828,0.0004,0.05166723027559485,0.2,False,0.14564971035920782,0.0,0.0,False,0.06040528548637995,0.0,0.0,True,0.36310491573403597,1.0,0.46426559005476437,0.0,0.0004,0.007964403405069648,237.04040550755659,False,0.0,44,both,0.4212142150759121
S04,0.7794765831659765,0.7794765831659765,0.011433755689929367,0.7794765831659765,0.5080503059020853,0.4919496940979147,0.0004,0.04193059716040608,0.2,False,0.1342355678846912,0.0,0.0,False,0.14657076119155515,0.0,0.0,True,0.032831747111673255,1.0,0.7794765831659765,2.1867648657252154e-09,0.006194271708732715,0.1525600176310236,,True,0.09842642266267905,44,both,0.4212142150759121
S05,0.3524299803361122,0.3524299803361122,0.012191767889373038,0.3542827194210355,0.5419227826854063,0.4580772173145937,0.0004,0.07071732000118339,0.2,True,0.15081201176291287,0.02614774844156908,0.009263695424616237,True,0.04087224142783409,0.09536707150187668,0.03378690543490521,True,0.07378069280442465,0.8784851800565542,0.31123211856151406,0.0,0.0004,0.008852306372732538,182.83417213996748,False,0.0,44,both,0.4212142150759121
S06,0.6600320571800635,0.6600320571800635,0.008327014459168865,0.7179078897432531,0.8417616468065388,0.1582383531934613,0.0004,0.029592838163677766,0.2,True,0.07930714572525745,0.40308675660249277,0.2893791628159479,True,0.02803224940540769,0.5969132433975072,0.4285287269273052,False,0.43613331234984454,0.0,0.0,1.952519765869505e-06,0.07275081879118422,2.3717335677518863,,True,87.88303614388506,44,both,0.4212142150759121
S07,0.35287314490887334,0.35287314490887334,0.006850869948722478,0.44109143113609167,0.5855745418902014,0.41442545810979864,0.0004,0.06031737791237864,0.2,True,0.21790170542902224,1.0,0.44109143113609167,False,0.1263253260746986,0.0,0.0,False,0.19217374922061164,0.0,0.0,0.0,0.02443930241057277,0.48397379010843317,283.56022250198345,False,0.0,44,both,0.4212142150759121
S08,0.43735228669965615,0.43735228669965615,0.012238914440381317,0.4702200317879107,0.14614683190287386,0.8538531680971262,0.0004,0.04188036751753895,0.2,True,0.13836498548235332,0.3494932464200011,0.16433872544127304,False,0.06539272994594339,0.0,0.0,True,0.1895272697194766,0.6505067535799989,0.3058813063466377,4.0157430703254467e-10,0.001655488332012649,0.04761310352174816,,True,0.01807488454473111,44,both,0.4212142150759121
S09,0.5691372937100788,0.5691372937100788,0.009652208499902615,0.5691372937100788,0.9903852517339756,0.009614748266024386,0.0004,0.08344185233001675,0.2,False,0.13758944488128622,0.0,0.0,True,0.17530583336883043,0.4546972999099667,0.2587851907280385,True,0.05033648047115093,0.5453027000900332,0.31035210298204025,0.0,0.0004,0.008956052202710958,167.02776563073596,False,0.0,44,both,0.4212142150759121
S10,0.5444193323663583,0.5444193323663583,0.008323916732427671,0.5534006332216179,0.9401074242275232,0.05989257577247684,0.0004,0.06542743240164148,0.2,True,0.09700672094609114,0.08114646348500774,0.044906504276298186,True,0.12361866603609724,0.9188535365149922,0.5084941289453198,False,0.22327788428081358,0.0,0.0,0.0,0.000487757636217834,0.014047851492479184,210.54242553767816,False,0.0,44,both,0.4212142150759121
S11,0.7535937458168334,0.7535937458168334,0.0076010942751482576,0.7775714601069612,0.9961417663870332,0.0038582336129668665,0.0004,0.05620394341930758,0.2,True,0.15045037321567448,0.15418334854284296,0.11988857145063891,True,0.08550992777791681,0.2030342213771715,0.15787361596792723,True,0.049147346060824694,0.6427824300799855,0.49980927268839503,0.0,0.004858278511419794,0.10950587954332625,276.5947758643858,False,0.0,44,both,0.4212142150759121
S12,0.4664378434326454,0.4664378434326454,0.01640566990901954,0.5027239415548941,0.1247823337162419,0.8752176662837582,0.0004,0.06271123277274736,0.2,True,0.02559394216809057,0.3608948681657964,0.18143049061124303,False,0.1515554271205381,0.0,0.0,True,0.11032674178192822,0.6391051318342035,0.32129345094365097,0.0,0.002650410288275514,0.05583846901427866,217.3265318797502,False,0.0,44,both,0.4212142150759121
S13,0.7322943643281293,0.7322943643281293,0.011127331108293117,0.7322943643281293,0.8743682964293713,0.12563170357062878,0.0004,0.07118016505343738,0.2,False,0.06396933361367181,0.0,0.0,True,0.0820630097648777,1.0,0.7322943643281293,False,0.27131261369942306,0.0,0.0,0.0,0.0006274885200935416,0.014701400634990184,194.55492827636726,False,0.0,44,both,0.4212142150759121
S14,0.7174051043322232,0.7174051043322232,0.01017507596800695,0.7174051043322232,0.9448591763518965,0.055140823648103396,0.0004,0.062287238147487066,0.2,False,0.318873522454415,0.0,0.0,True,0.08860617501870931,0.13417190865954845,0.09625561213035687,True,0.11037539691930268,0.8658280913404516,0.6211494922018663,0.0,0.0004879023663375332,0.013053472554426444,213.55069600567242,False,0.0,44,both,0.4212142150759121
S15,0.5853786585006525,0.5853786585006525,0.006392354942736201,0.5853786585006525,0.8010936192462645,0.19890638075373546,0.0004,0.03756807869921682,0.2,False,0.16206583470292882,0.0,0.0,False,0.02586738470303447,0.0,0.0,True,0.11698766534438347,1.0,0.5853786585006525,2.5471528782510075e-09,0.0005622935940895182,0.0202208754861865,,True,0.11464750952912765,44,both,0.4212142150759121
S16,0.19154773131529584,0.19154773131529584,0.014068589304459735,0.19154773131529584,0.7379765078817743,0.2620234921182258,0.0004,0.025017522345305652,0.2,False,0.48665594012875313,0.0,0.0,True,0.26648994555790173,1.0,0.19154773131529584,False,0.06512897642304685,0.0,0.0,4.0385168404807985e-09,0.0004,0.011634076041430215,,True,0.1817738942589445,44,both,0.4212142150759121
S17,0.6247195331522095,0.6247195331522095,0.008705670719308454,0.7559581764278277,0.3451902889992533,0.6548097110007468,0.0004,0.06245195858773166,0.2,True,0.09161616736160146,0.8680284661763139,0.6561932163780906,False,0.05801107193403111,0.0,0.0,True,0.07555381741248914,0.131971533823686,0.09976496004973706,1.2819794381461281e-09,0.6704461803892761,12.003368381279351,,True,0.05770197427330088,44,both,0.4212142150759121
S18,0.6925847992032118,0.6925847992032118,0.012427922378906126,0.6925847992032118,0.7009358501866698,0.2990641498133302,0.0004,0.1038778284460888,0.2,False,0.03168570069577016,0.0,0.0,True,0.10404711728503305,1.0,0.6925847992032118,False,0.11842507931208267,0.0,0.0,0.0,0.0004,0.006117219212409294,134.3930538758505,False,0.0,44,both,0.4212142150759121
S19,0.5089699266968204,0.5089699266968204,0.013938445287846794,0.580593389609416,0.48210188445364793,0.5178981155463521,0.0004,0.07397686578939433,0.2,True,0.3343540626522672,0.6168125937566996,0.3581173145629779,True,0.0668161481606922,0.38318740624330033,0.22247607504643802,False,0.04628966412083443,0.0,0.0,0.0,0.006538613464869297,0.13161306524690422,208.79083049939226,False,0.0,44,both,0.4212142150759121
S20,0.37237045803891566,0.37237045803891566,0.007540825314262098,0.3842145318962131,0.9462266782192823,0.053773321780717594,0.0004,0.0738689836357978,0.2,True,0.11028400763486916,0.15413360081467203,0.05922036928648698,True,0.1043800446346144,0.8458663991853279,0.3249941626097261,False,0.27714825381466396,0.0,0.0,0.0,0.0004237172414194586,0.012386429096850003,190.49178432729002,False,0.0,44,both,0.4212142150759121
S21,0.36330413736609724,0.36330413736609724,0.016039849922562126,0.36330413736609724,0.47140371401091236,0.5285962859890878,0.0004,0.05281889651311099,0.2,False,0.04539281727395776,0.0,0.0,True,0.033453031401393406,1.0,0.36330413736609724,False,0.060783373993131815,0.0,0.0,0.0,0.0007253322072904221,0.018846813411116558,230.8810677568773,False,0.0,44,both,0.4212142150759121
S22,0.6523454793147894,0.6523454793147894,0.01374824421226651,0.7216704045080334,0.849678969029979,0.15032103097002097,0.0004,0.06539502207578361,0.2,True,0.25530431374486295,0.4803087722608166,0.3466246259662204,True,0.13522415267203966,0.5196912277391833,0.3750457785418129,False,0.2458994445368494,0.0,0.0,0.0,0.00737928012141317,0.1554353685640294,231.25156824174815,False,0.0,44,both,0.4212142150759121
S23,0.29664308722575655,0.29664308722575655,0.010500979911009765,0.3048570459838738,0.5604602027384351,0.43953979726156495,0.0004,0.04451440341649855,0.2,True,0.041669531192167826,0.1347182042587881,0.04106979379058627,True,0.15504107681973892,0.36427505614287903,0.11105181754132788,True,0.15585030496249141,0.5010067395983329,0.15273543465195966,0.0,0.00040759203199247195,0.014473799499878861,270.5910902606112,False,0.0,44,both,0.4212142150759121
S24,0.5173973689256711,0.5173973689256711,0.011788180210123376,0.5173973689256711,0.4783892325768078,0.5216107674231922,0.0004,0.018972252462102088,0.2,False,0.03820170424688882,0.0,0.0,True,0.13299964981041376,0.04024441639069242,0.020822355154493412,True,0.05399613168909953,0.9597555836093076,0.4965750137711777,2.4406967290378534e-07,0.0012946826715820516,0.054644952887261684,,True,10.985591162954266,44,both,0.4212142150759121
S25,0.37571688308641044,0.37571688308641044,0.008230973865503286,0.44380821310466595,0.4130888961716834,0.5869111038283166,0.0004,0.0907740498707511,0.2,True,0.09385925248405873,0.7671256187658378,0.3404566500912777,False,0.48881616986963117,0.0,0.0,True,0.30672560966615997,0.23287438123416218,0.10335156301338827,0.0,0.011210605553508859,0.17663404831771842,190.1844488124448,False,0.0,44,both,0.4212142150759121
S01,0.3259004813414328,0.3259004813414328,0.008440416148137429,0.407375601676791,0.5795921116978224,0.4204078883021775,0.0014539083330467855,0.04454330140897682,0.2,True,0.05114627745837566,1.0,0.407375601676791,False,0.15663675957340825,0.0,0.0,False,0.2402746518026908,0.0,0.0,1.031016006874901e-08,0.04352532580492773,0.9904420299057918,,True,0.196890886772647,44,structured,0.8133036234955824
S02,0.40272028472824856,0.40272028472824856,0.01599525175822407,0.40272028472824856,0.9183630546630742,0.08163694533692578,3.862309812651391e-05,0.0784693337359352,0.2,False,0.04437133135419721,0.0,0.0,True,0.09747338292465395,1.0,0.40272028472824856,False,0.12415874730868136,0.0,0.0,0.0,0.00011477452998835122,0.002344762386846729,155.55484289295802,False,0.0,44,structured,0.8133036234955824
S03,0.46426559005476437,0.46426559005476437,0.008224091310137622,0.46426559005476437,0.06437841807634682,0.9356215819236532,0.0003811595819526314,0.05166723027559485,0.0,False,0.14564971035920782,0.0,0.0,False,0.06040528548637995,0.0,0.0,True,0.36310491573403597,1.0,0.46426559005476437,0.0,0.0003811595819526314,0.007865336232484975,237.12779393415167,False,0.0,44,structured,0.8133036234955824
S04,0.7794765831659765,0.7794765831659765,0.011433755689929367,0.8674666072213816,1.0,0.0,0.0005809216486640673,0.04193059716040608,0.2,True,0.1342355678846912,0.5071666351356724,0.43995012027702607,True,0.14657076119155515,0.309311326031828,0.2683172465679764,True,0.032831747111673255,0.18352203883249968,0.15919924037637914,2.9668271311283968e-08,0.07626825548933093,2.1332016467954746,,True,0.5665685312875025,44,structured,0.8133036234955824
S05,0.3524299803361122,0.3524299803361122,0.012191767889373038,0.38816427721290553,1.0,0.0,0.000618605117118652,0.07071732000118339,0.2,True,0.15081201176291287,0.46029862837163227,0.17867148438396646,True,0.04087224142783409,0.5397013716283676,0.20949279282893904,False,0.07378069280442465,0.0,0.0,0.0,0.005969121382227483,0.13441088408744184,221.98287881117378,False,0.0,44,structured,0.8133036234955824
S06,0.6600320571800635,0.6600320571800635,0.008327014459168865,0.8250400714750794,1.0,0.0,0.00022933889847693344,0.029592838163677766,0.2,True,0.07930714572525745,1.0,0.8250400714750794,False,0.02803224940540769,0.0,0.0,False,0.43613331234984454,0.0,0.0,3.6518547820043006e-06,0.20114622485147468,5.781870584252648,,True,69.73867734344503,44,structured,0.8133036234955824
S07,0.35287314490887334,0.35287314490887334,0.006850869948722478,0.35287314490887334,0.46854315678369685,0.531456843216303,4.2136669212972145e-05,0.06031737791237864,0.0,True,0.21790170542902224,1.0,0.35287314490887334,False,0.1263253260746986,0.0,0.0,False,0.19217374922061164,0.0,0.0,0.0,0.0007796091583686475,0.01508089790811945,227.46241744000884,False,0.0,44,structured,0.8133036234955824
S08,0.43735228669965615,0.43735228669965615,0.012238914440381317,0.4463173215965486,1.0,0.0,0.00015061318692770648,0.04188036751753895,0.2,True,0.13836498548235332,0.10043341881537382,0.04482517448446205,False,0.06539272994594339,0.0,0.0,True,0.1895272697194766,0.8995665811846262,0.40149214711208653,0.0,0.00015061318692770648,0.005542296552744638,256.74417344227066,False,0.0,44,structured,0.8133036234955824
S09,0.5691372937100788,0.5691372937100788,0.009652208499902615,0.5691372937100788,1.0,0.0,0.00035580357691768536,0.08344185233001675,0.2,False,0.13758944488128622,0.0,0.0,True,0.17530583336883043,1.0,0.5691372937100788,False,0.05033648047115093,0.0,0.0,0.0,0.0009575575309416534,0.01995357578289909,180.08027628436972,False,0.0,44,structured,0.8133036234955824
S10,0.5444193323663583,0.5444193323663583,0.008323916732427671,0.5444193323663583,0.5133828983606786,0.4866171016393214,0.0009680187326807293,0.06542743240164148,0.0,True,0.09700672094609114,0.2373135477912698,0.12919808325001497,False,0.12361866603609724,0.0,0.0,True,0.22327788428081358,0.7626864522087302,0.41522124911634334,0.0,0.0021593465591119437,0.05776935717745343,227.76140297962345,False,0.0,44,structured,0.8133036234955824
S11,0.7535937458168334,0.7535937458168334,0.0076010942751482576,0.9419921822710416,0.2897339923013021,0.7102660076986979,9.181265171632107e-05,0.05620394341930758,0.2,True,0.15045037321567448,1.0,0.9419921822710416,False,0.08550992777791681,0.0,0.0,False,0.049147346060824694,0.0,0.0,1.100332447703875e-09,0.10508309242153537,1.8975141380275435,,True,0.02101280968758228,44,structured,0.8133036234955824
S12,0.4664378434326454,0.4664378434326454,0.01640566990901954,0.4664378434326454,0.0,1.0,0.0001636301813436939,0.06271123277274736,0.2,False,0.02559394216809057,0.0,0.0,False,0.1515554271205381,0.0,0.0,True,0.11032674178192822,1.0,0.4664378434326454,0.0,0.0001636301813436939,0.003746052149195352,179.5946970446608,False,0.0,44,structured,0.8133036234955824
S13,0.7322943643281293,0.7322943643281293,0.011127331108293117,0.9153679554101616,0.9542939634604145,0.04570603653958538,0.00015578490391190302,0.07118016505343738,0.2,True,0.06396933361367181,1.0,0.9153679554101616,False,0.0820630097648777,0.0,0.0,False,0.27131261369942306,0.0,0.0,0.0,0.3143111331368755,4.488313617292838,260.9257195092355,False,0.0,44,structured,0.8133036234955824
S14,0.7174051043322232,0.7174051043322232,0.01017507596800695,0.7174051043322232,0.0,1.0,0.0002653220435573122,0.062287238147487066,0.2,False,0.318873522454415,0.0,0.0,True,0.08860617501870931,1.0,0.7174051043322232,False,0.11037539691930268,0.0,0.0,0.0,0.0118381986681243,0.22843306146829656,260.6529606066737,False,0.0,44,structured,0.8133036234955824
S15,0.5853786585006525,0.5853786585006525,0.006392354942736201,0.5853786585006525,0.7609326978646533,0.23906730213534652,0.00012323034939648199,0.03756807869921682,0.2,False,0.16206583470292882,0.0,0.0,True,0.02586738470303447,1.0,0.5853786585006525,False,0.11698766534438347,0.0,0.0,3.198021260614191e-07,0.05872688391560994,1.6126380332214416,,True,6.107191718862487,44,structured,0.8133036234955824
S16,0.19154773131529584,0.19154773131529584,0.014068589304459735,0.20974475302671203,0.0,1.0,0.0002909761686844484,0.025017522345305652,0.2,True,0.48665594012875313,0.43378967647163835,0.0909851085570811,True,0.26648994555790173,0.1665576706771221,0.034934597500877414,True,0.06512897642304685,0.3996526528512396,0.08382504696875352,6.8899923359925856e-09,0.0003900310370526111,0.016973311412257306,,True,0.13157668667067773,44,structured,0.8133036234955824
S17,0.6247195331522095,0.6247195331522095,0.008705670719308454,0.7808994164402618,0.0,1.0,9.528518928739067e-05,0.06245195858773166,0.2,True,0.09161616736160146,1.0,0.7808994164402618,False,0.05801107193403111,0.0,0.0,False,0.07555381741248914,0.0,0.0,0.0,0.04890928179471004,0.8110327416412351,273.7505212066751,False,0.0,44,structured,0.8133036234955824
S18,0.6925847992032118,0.6925847992032118,0.012427922378906126,0.6925847992032118,0.21429837517566003,0.7857016248243399,0.0007137563414943413,0.1038778284460888,0.0,False,0.03168570069577016,0.0,0.0,True,0.10404711728503305,0.09930021696922178,0.06877382083046384,True,0.11842507931208267,0.9006997830307782,0.623810978372748,0.0,0.0007137563414943413,0.013771998200259357,142.29625636215133,False,0.0,44,structured,0.8133036234955824
S19,0.5089699266968204,0.5089699266968204,0.013938445287846794,0.5089699266968204,0.0,1.0,0.0001280847935048865,0.07397686578939433,0.2,False,0.3343540626522672,0.0,0.0,False,0.0668161481606922,0.0,0.0,True,0.04628966412083443,1.0,0.5089699266968204,0.0,0.00026365121659301804,0.006451374651441588,175.50752067595332,False,0.0,44,structured,0.8133036234955824
S20,0.37237045803891566,0.37237045803891566,0.007540825314262098,0.40051404458747175,0.0,1.0,1.5503988327949686e-05,0.0738689836357978,0.2,True,0.11028400763486916,0.35134331653143286,0.1407179327427805,False,0.1043800446346144,0.0,0.0,True,0.27714825381466396,0.6486566834685672,0.25979611184469126,0.0,2.566648464144906e-05,0.0006134091070509431,150.6508007982612,False,0.0,44,structured,0.8133036234955824
S21,0.36330413736609724,0.36330413736609724,0.016039849922562126,0.4333541211818474,0.24810053723000558,0.7518994627699945,0.0008438727555122794,0.05281889651311099,0.2,True,0.04539281727395776,0.8082302716391536,0.35024991907875125,True,0.033453031401393406,0.04878476992405642,0.021141081097498092,True,0.060783373993131815,0.14298495843679002,0.061963121005598115,0.0,0.01490847861192216,0.3474341436451196,270.4774680139292,False,0.0,44,structured,0.8133036234955824
S22,0.6523454793147894,0.6523454793147894,0.01374824421226651,0.6523454793147894,0.7531201806832893,0.24687981931671077,0.00024285650742780266,0.06539502207578361,0.0,False,0.25530431374486295,0.0,0.0,True,0.13522415267203966,1.0,0.6523454793147894,False,0.2458994445368494,0.0,0.0,0.0,0.0021320335222871256,0.04238957427819536,218.4920794365928,False,0.0,44,structured,0.8133036234955824
S23,0.29664308722575655,0.29664308722575655,0.010500979911009765,0.29664308722575655,0.22330617396774313,0.776693826032257,5.595654925868418e-05,0.04451440341649855,0.0,False,0.041669531192167826,0.0,0.0,True,0.15504107681973892,0.06020064187013132,0.017858104257327898,True,0.15585030496249141,0.9397993581298687,0.2787849829684287,0.0,5.595654925868418e-05,0.0014709225620236678,227.840751734676,False,0.0,44,structured,0.8133036234955824
S24,0.5173973689256711,0.5173973689256711,0.011788180210123376,0.5173973689256711,0.35201251723335103,0.647987482766649,0.001276289660569168,0.018972252462102088,0.0,False,0.03820170424688882,0.0,0.0,False,0.13299964981041376,0.0,0.0,True,0.05399613168909953,1.0,0.5173973689256711,1.2168584807448758e-06,0.005670328419405435,0.25841493150835665,,True,23.238082023274075,44,structured,0.8133036234955824
S25,0.37571688308641044,0.37571688308641044,0.008230973865503286,0.44402389039227164,0.11850848565518424,0.8814915143448157,0.0007185090728826603,0.0907740498707511,0.2,True,0.09385925248405873,0.7691816677421967,0.34153503652930584,True,0.48881616986963117,0.23006412510322363,0.10215396786802763,True,0.30672560966615997,0.0007542071545796317,0.00033488599493813344,0.0,0.007800853397770844,0.12923860942326676,183.54260868549795,False,0.0,44,structured,0.8133036234955824
S01,0.5276285398018346,0.5276285398018346,0.009395273841646757,0.6595356747522931,0.5591037270489518,0.44089627295104816,0.0004,0.0,0.2,True,0.1,1.0,0.6595356747522931,False,0.1,0.0,0.0,False,0.1,0.0,0.0,0.027937447903643983,0.40185883659869,41.17932341753056,,True,56.84627137821764,45,baseline,1.6976071285239012
S02,0.5107124129340974,0.5107124129340974,0.009001597648770367,0.5107124129340974,0.4405772404621193,0.5594227595378806,0.0004,0.0,0.2,False,0.1,0.0,0.0,True,0.1,1.0,0.5107124129340974,False,0.1,0.0,0.0,0.00019233036715604273,0.002244953324082346,0.25694723763328714,,True,0.3913479958274419,45,baseline,1.6976071285239012
S03,0.6076039966684919,0.6076039966684919,0.006945358229395569,0.6076039966684919,0.7420553887717394,0.2579446112282606,0.0004,0.0,0.2,False,0.1,0.0,0.0,False,0.1,0.0,0.0,True,0.1,1.0,0.6076039966684919,0.00020867802880227237,0.0014062841407482712,0.19210489097476316,,True,0.42461172176067713,45,baseline,1.6976071285239012
S04,0.6324741177490639,0.6324741177490639,0.006268080731176932,0.6324741177490639,0.18684588547573294,0.8131541145242671,0.0004,0.0,0.2,False,0.1,0.0,0.0,False,0.1,0.0,0.0,True,0.1,1.0,0.6324741177490639,0.0002711380029924488,0.0015144236686420215,0.21942460858434204,,True,0.5517033822207623,45,baseline,1.6976071285239012
S05,0.5038431107345827,0.5038431107345827,0.006560074502177014,0.5038431107345827,0.6005390709033539,0.39946092909664616,0.0004,0.0,0.2,False,0.1,0.0,0.0,True,0.1,0.033316643703182956,0.016786361402647446,True,0.1,0.966683356296817,0.4870567493319352,0.0001880634317987272,0.0011406535040898633,0.16232939246842254,,True,0.3826657652202707,45,baseline,1.6976071285239012
S06,0.6153735611743115,0.6153735611743115,0.012295417153266248,0.6683923340490503,0.31416703884814623,0.6858329611518538,0.0004,0.0,0.2,True,0.1,0.3966141603806005,0.2650938643736939,True,0.1,0.6033858396193995,0.4032984696753564,False,0.1,0.0,0.0,0.0008097701061760076,0.0235225749823598,2.1074714551173996,,True,1.6476956437973442,45,baseline,1.6976071285239012
S07,0.6240382153246619,0.6240382153246619,0.007195418943763381,0.6240382153246619,0.6834279392978686,0.31657206070213145,0.0004,0.0,0.2,False,0.1,0.0,0.0,True,0.1,0.299381356672682,0.18682540751949653,True,0.1,0.7006186433273179,0.4372128078051653,0.00026611774297927984,0.0019049814112822635,0.2534112625390963,,True,0.5414883094595674,45,baseline,1.6976071285239012
S08,0.5359376301708667,0.5359376301708667,0.01165885375774069,0.5885148243809722,0.20349286341738704,0.7965071365826131,0.0004,0.0,0.2,True,0.1,0.4466938812068904,0.26288597105052797,True,0.1,0.4108556422098628,0.241794636121069,True,0.1,0.1424504765832468,0.0838342172093753,0.00062600618240617,0.015399965982258965,1.4456550588397294,,True,1.2737783870681163,45,baseline,1.6976071285239012
S09,0.4653496512766473,0.4653496512766473,0.011590517574554276,0.5378665639313481,0.9007205904434464,0.09927940955655358,0.0004,0.0,0.2,True,0.1,0.6741161983063582,0.36258456327350413,False,0.1,0.0,0.0,True,0.1,0.32588380169364184,0.175282000657844,0.0009083515005442729,0.02279933280161206,2.1147906708229325,,True,1.8482860741197416,45,baseline,1.6976071285239012
S10,0.566455114561999,0.566455114561999,0.010173741191507367,0.6634201829692417,0.7342491986086942,0.2657508013913057,0.0004,0.0,0.2,True,0.1,0.7307967928655728,0.48482534203621325,True,0.1,0.26920320713442736,0.17859484093302846,False,0.1,0.0,0.0,0.006775027488420418,0.11138021542594527,11.516648453651518,,True,13.785620380571583,45,baseline,1.6976071285239012
S11,0.5487297780307687,0.5487297780307687,0.015266509119983108,0.5487297780307687,0.37926644379180696,0.620733556208193,0.0004,0.0,0.2,False,0.1,0.0,0.0,True,0.1,1.0,0.5487297780307687,False,0.1,0.0,0.0,3.399644110304279e-05,0.0022232555626978787,0.170066592142554,,True,0.06917492691181326,45,baseline,1.6976071285239012
S12,0.6490395972380653,0.6490395972380653,0.00903296119350429,0.6772296775324373,0.7651559292824734,0.23484407071752658,0.0004,0.0,0.2,True,0.1,0.2081279160497356,0.14095040147186064,True,0.1,0.7918720839502644,0.5362792760605767,False,0.1,0.0,0.0,0.0009516293020238361,0.011194960558610537,1.261760658925856,,True,1.9363464315312358,45,baseline,1.6976071285239012
S13,0.5892019218222225,0.5892019218222225,0.004597184474752558,0.5892019218222225,0.6285229686884568,0.37147703131154314,0.0004,0.0,0.2,False,0.1,0.0,0.0,False,0.1,0.0,0.0,True,0.1,1.0,0.5892019218222225,0.00040417435245369794,0.0014241833855020178,0.24279677711183484,,True,0.8224017098104899,45,baseline,1.6976071285239012
S14,0.5109110058680469,0.5109110058680469,0.009967126756071237,0.5109110058680469,0.4032626568560196,0.5967373431439804,0.0004,0.0,0.2,False,0.1,0.0,0.0,True,0.1,0.0537851259920176,0.02747941282132135,True,0.1,0.9462148740079824,0.4834315930467256,6.991807018079572e-05,0.001088723822716475,0.11801455219115209,,True,0.1422671679047806,45,baseline,1.6976071285239012
S15,0.769239733499723,0.769239733499723,0.007505781692664966,0.8073170544399082,0.2051209781083144,0.7948790218916856,0.0004,0.0,0.2,True,0.1,0.23582631340918583,0.19038660470092653,True,0.1,0.5693600366468892,0.45965406770156475,True,0.1,0.19481364994392497,0.1572763820374169,0.0027558683764268305,0.021335220369380778,2.716873255278756,,True,5.607557359903795,45,baseline,1.6976071285239012
S16,0.48824983722804,0.48824983722804,0.006544670659946932,0.5181252654587304,0.6367004566516639,0.36329954334833625,0.0004,0.0,0.2,True,0.1,0.2883031404021544,0.14937714115345185,False,0.1,0.0,0.0,True,0.1,0.7116968595978456,0.3687481243052785,0.0006636799805873226,0.004028450870368374,0.5659232652296154,,True,1.3504358885922503,45,baseline,1.6976071285239012
S17,0.6321488415591255,0.6321488415591255,0.017296612663832447,0.7546719925422157,0.5817024848954316,0.41829751510456836,0.0004,0.0,0.2,True,0.1,0.8117642644346336,0.6126157549154511,False,0.1,0.0,0.0,True,0.1,0.18823573556536638,0.14205623762676467,0.002207772882244279,0.2766112149852771,17.997512834514527,,True,4.492309277439695,45,baseline,1.6976071285239012
S18,0.6654341129183526,0.6654341129183526,0.008914284856544198,0.6654341129183526,0.3622935135753978,0.6377064864246021,0.0004,0.0,0.2,False,0.1,0.0,0.0,False,0.1,0.0,0.0,True,0.1,1.0,0.6654341129183526,0.00013248871755132752,0.001537613926962531,0.17797062447735043,,True,0.2695840227944526,45,baseline,1.6976071285239012
S19,0.5496713499727106,0.5496713499727106,0.011507382561005482,0.5496713499727106,0.14762408532069674,0.8523759146793033,0.0004,0.0,0.2,False,0.1,0.0,0.0,True,0.1,0.10648921152844774,0.05853406865837141,True,0.1,0.8935107884715523,0.4911372813143392,5.055699039977634e-05,0.001201941328725224,0.1168235503550832,,True,0.10287183017732862,45,baseline,1.6976071285239012
S20,0.24925823009826686,0.24925823009826686,0.007587586371889063,0.3115727876228336,0.47346603930451475,0.5265339606954854,0.0004,0.0,0.2,True,0.1,1.0,0.3115727876228336,False,0.1,0.0,0.0,False,0.1,0.0,0.0,0.0011559833155232956,0.009962440141896692,1.2174927167231693,,True,2.3521597781434367,45,baseline,1.6976071285239012
S21,0.26063342625025043,0.26063342625025043,0.003407595726289031,0.3055398865231148,0.630097436802388,0.36990256319761217,0.0004,0.0,0.2,True,0.1,0.7348706707964798,0.2245323013643217,True,0.1,0.2651293292035201,0.08100758515879308,False,0.1,0.0,0.0,0.002178810376579144,0.005554174053004714,1.072086820582147,,True,4.433377249628426,45,baseline,1.6976071285239012
S22,0.32390642984468754,0.32390642984468754,0.01586822765881914,0.36465223720304946,0.11127243549461441,0.8887275645053855,0.0004,0.0,0.2,True,0.1,0.5586940542431587,0.20372903679180968,True,0.1,0.4413059457568413,0.16092320041123975,False,0.1,0.0,0.0,5.645757344888576e-05,0.004525354643775153,0.33952394195306057,,True,0.11487815754324507,45,baseline,1.6976071285239012
S23,0.5795830133541781,0.5795830133541781,0.011779233285089463,0.5931583218814988,0.9265385133565881,0.07346148664341183,0.0004,0.0,0.2,True,0.1,0.11443242070902576,0.06787654263660339,True,0.1,0.8855675792909742,0.5252817792448954,False,0.1,0.0,0.0,0.0001829394618170052,0.004582195392369783,0.4269358058872256,,True,0.37223966656160196,45,baseline,1.6976071285239012
S24,0.24484253447018767,0.24484253447018767,0.011636355268700002,0.2728847575425634,0.8426238462055455,0.15737615379445455,0.0004,0.0,0.2,True,0.1,0.5138107259069213,0.14021111536187875,True,0.1,0.28358322207867354,0.07738553880007774,True,0.1,0.20260605201440507,0.05528810338060692,8.402382687618186e-05,0.0021043667331679663,0.20374771865088193,,True,0.17096913366295002,45,baseline,1.6976071285239012
S25,0.57867517103355,0.57867517103355,0.012728861527084884,0.57867517103355,0.9475278439478626,0.05247215605213748,0.0004,0.0,0.2,False,0.1,0.0,0.0,False,0.1,0.0,0.0,True,0.1,1.0,0.57867517103355,3.438146464397094e-05,0.001152891974906356,0.10362011528053879,,True,0.06995836113136303,45,baseline,1.6976071285239012
S01,0.5276285398018346,0.5276285398018346,0.009395273841646757,0.6595356747522931,0.5591037270489518,0.44089627295104816,0.0004,0.0,0.2,True,0.09788028898877991,1.0,0.6595356747522931,False,0.2847540826551362,0.0,0.0,False,0.2346042497431144,0.0,0.0,0.023004781779851317,0.3335262502861976,34.067552767845456,,True,50.632850039851704,45,affinity,2.0019413422606807
S02,0.5107124129340974,0.5107124129340974,0.009001597648770367,0.5107124129340974,0.4405772404621193,0.5594227595378806,0.0004,0.0,0.2,False,0.2778071966602912,0.0,0.0,True,0.021436450908063707,1.0,0.5107124129340974,False,0.09255793860388246,0.0,0.0,0.0023095027376101346,0.02750710662015484,2.9836315414733336,,True,5.083147795057967,45,affinity,2.0019413422606807
S03,0.6076039966684919,0.6076039966684919,0.006945358229395569,0.6076039966684919,0.7420553887717394,0.2579446112282606,0.0004,0.0,0.2,False,0.029071706507710956,0.0,0.0,False,0.05966594674064127,0.0,0.0,True,0.04148444063407629,1.0,0.6076039966684919,0.0008054583582032304,0.005388355334947657,0.7187935409713063,,True,1.7727902248552827,45,affinity,2.0019413422606807
S04,0.6324741177490639,0.6324741177490639,0.006268080731176932,0.6324741177490639,0.18684588547573294,0.8131541145242671,0.0004,0.0,0.2,False,0.13992212016861147,0.0,0.0,False,0.2130779017960039,0.0,0.0,True,0.12390718090121856,1.0,0.6324741177490639,0.00022405884271088178,0.001258298655520479,0.18275582209212235,,True,0.4931469418683666,45,affinity,2.0019413422606807
S05,0.5038431107345827,0.5038431107345827,0.006560074502177014,0.5038431107345827,0.6005390709033539,0.39946092909664616,0.0004,0.0,0.2,False,0.127267573140864,0.0,0.0,True,0.20229642389793218,0.033316643703182956,0.016786361402647446,True,0.14109957643938398,0.966683356296817,0.4870567493319352,0.00014274069461800432,0.000872875248053309,0.12493078942711598,,True,0.3141680827204261,45,affinity,2.0019413422606807
S06,0.6153735611743115,0.6153735611743115,0.012295417153266248,0.6683923340490503,0.31416703884814623,0.6858329611518538,0.0004,0.0,0.2,True,0.02122038616654362,0.3966141603806005,0.2650938643736939,True,0.10570538678786678,0.6033858396193995,0.4032984696753564,False,0.10748326854597351,0.0,0.0,0.0009397381227055561,0.02833631389942191,2.466226394910865,,True,2.0683360485234608,45,affinity,2.0019413422606807
S07,0.6240382153246619,0.6240382153246619,0.007195418943763381,0.6240382153246619,0.6834279392978686,0.31657206070213145,0.0004,0.0,0.2,False,0.10120059054997808,0.0,0.0,True,0.05638465778005111,0.299381356672682,0.18682540751949653,True,0.09814251268186878,0.7006186433273179,0.4372128078051653,0.0003761427708224179,0.0027267410726798053,0.35590021655326437,,True,0.8278792075005235,45,affinity,2.0019413422606807
S08,0.5359376301708667,0.5359376301708667,0.01165885375774069,0.5885148243809722,0.20349286341738704,0.7965071365826131,0.0004,0.0,0.2,True,0.11366060127193528,0.4466938812068904,0.26288597105052797,True,0.11227159214978968,0.4108556422098628,0.241794636121069,True,0.09360375718613517,0.1424504765832468,0.0838342172093753,0.0005129012041826809,0.012984659533495813,1.1960462044401758,,True,1.128880508633492,45,affinity,2.0019413422606807
S09,0.4653496512766473,0.4653496512766473,0.011590517574554276,0.5378665639313481,0.9007205904434464,0.09927940955655358,0.0004,0.0,0.2,True,0.06153954841369825,0.6741161983063582,0.36258456327350413,False,0.30699797179404326,0.0,0.0,True,0.10706963807836559,0.32588380169364184,0.175282000657844,0.0009700010192057451,0.02444234497775266,2.26414055021493,,True,2.1349437962051923,45,affinity,2.0019413422606807
S10,0.566455114561999,0.566455114561999,0.010173741191507367,0.6634201829692417,0.7342491986086942,0.2657508013913057,0.0004,0.0,0.2,True,0.1560641769994337,0.7307967928655728,0.48482534203621325,True,0.3011644794487361,0.26920320713442736,0.17859484093302846,False,0.16867863656933063,0.0,0.0,0.002837099759551633,0.04832357834751498,4.92551254169068,,True,6.24437336759669,45,affinity,2.0019413422606807
S11,0.5487297780307687,0.5487297780307687,0.015266509119983108,0.5487297780307687,0.37926644379180696,0.620733556208193,0.0004,0.0,0.2,False,0.05204663622093915,0.0,0.0,True,0.03565096698144341,1.0,0.5487297780307687,False,0.07852759826324877,0.0,0.0,0.00018415736223935516,0.01245334502664545,0.8877489327092619,,True,0.4053249535349509,45,affinity,2.0019413422606807
S12,0.6490395972380653,0.6490395972380653,0.00903296119350429,0.6772296775324373,0.7651559292824734,0.23484407071752658,0.0004,0.0,0.2,True,0.0827924441777869,0.2081279160497356,0.14095040147186064,True,0.10232439163762055,0.7918720839502644,0.5362792760605767,False,0.07423161403885192,0.0,0.0,0.0008741829641642166,0.010623384660927198,1.169081631325112,,True,1.9240510670997508,45,affinity,2.0019413422606807
S13,0.5892019218222225,0.5892019218222225,0.004597184474752558,0.5892019218222225,0.6285229686884568,0.37147703131154314,0.0004,0.0,0.2,False,0.03245295692934614,0.0,0.0,False,0.19648827209853134,0.0,0.0,True,0.036721189796564246,1.0,0.5892019218222225,0.0018571471657285777,0.00650770196356266,1.086008075318889,,True,4.087526447507056,45,affinity,2.0019413422606807
S14,0.5109110058680469,0.5109110058680469,0.009967126756071237,0.5109110058680469,0.4032626568560196,0.5967373431439804,0.0004,0.0,0.2,False,0.06802785986406623,0.0,0.0,True,0.2245877775641523,0.0537851259920176,0.02747941282132135,True,0.09110226254572751,0.9462148740079824,0.4834315930467256,7.573945467392258e-05,0.0011860386100083233,0.1275405748101526,,True,0.16670031853828143,45,affinity,2.0019413422606807
S15,0.769239733499723,0.769239733499723,0.007505781692664966,0.8073170544399082,0.2051209781083144,0.7948790218916856,0.0004,0.0,0.2,True,0.07177550614009164,0.23582631340918583,0.19038660470092653,True,0.09558939977711578,0.5693600366468892,0.45965406770156475,True,0.13452171769114774,0.19481364994392497,0.1572763820374169,0.0026533781252673083,0.02106898395143867,2.63227596252888,,True,5.840007438512237,45,affinity,2.0019413422606807
S16,0.48824983722804,0.48824983722804,0.006544670659946932,0.5181252654587304,0.6367004566516639,0.36329954334833625,0.0004,0.0,0.2,True,0.11274701699576714,0.2883031404021544,0.14937714115345185,False,0.25239788390708034,0.0,0.0,True,0.1301243552265309,0.7116968595978456,0.3687481243052785,0.0005366076638134524,0.0032753533600603283,0.4608602567758521,,True,1.1810577310452235,45,affinity,2.0019413422606807
S17,0.6321488415591255,0.6321488415591255,0.017296612663832447,0.7546719925422157,0.5817024848954316,0.41829751510456836,0.0004,0.0,0.2,True,0.035957730955211396,0.8117642644346336,0.6126157549154511,False,0.17172977247603582,0.0,0.0,True,0.1817693205972519,0.18823573556536638,0.14205623762676467,0.0028391642492159148,0.36393258606109835,23.292727342733194,,True,6.248917248802813,45,affinity,2.0019413422606807
S18,0.6654341129183526,0.6654341129183526,0.008914284856544198,0.6654341129183526,0.3622935135753978,0.6377064864246021,0.0004,0.0,0.2,False,0.07594603624286436,0.0,0.0,False,0.09286408948694927,0.0,0.0,True,0.087938284548572,1.0,0.6654341129183526,0.0001661186072949513,0.0019317856602642277,0.22165114372046812,,True,0.3656221829220345,45,affinity,2.0019413422606807
S19,0.5496713499727106,0.5496713499727106,0.011507382561005482,0.5496713499727106,0.14762408532069674,0.8523759146793033,0.0004,0.0,0.2,False,0.09604763899119918,0.0,0.0,True,0.08663803704583078,0.10648921152844774,0.05853406865837141,True,0.07729082966858887,0.8935107884715523,0.4911372813143392,6.968293225720023e-05,0.0016664599256663618,0.15882480746701702,,True,0.15337009031775167,45,affinity,2.0019413422606807
S20,0.24925823009826686,0.24925823009826686,0.007587586371889063,0.3115727876228336,0.47346603930451475,0.5265339606954854,0.0004,0.0,0.2,True,0.06521727416633603,1.0,0.3115727876228336,False,0.11926092437311368,0.0,0.0,False,0.06282608720024042,0.0,0.0,0.0012107949624673411,0.010495391968392727,1.2771897589878545,,True,2.664924203598031,45,affinity,2.0019413422606807
S21,0.26063342625025043,0.26063342625025043,0.003407595726289031,0.3055398865231148,0.630097436802388,0.36990256319761217,0.0004,0.0,0.2,True,0.05501999778947231,0.7348706707964798,0.2245323013643217,True,0.07144260454775449,0.2651293292035201,0.08100758515879308,False,0.02417697947833373,0.0,0.0,0.002498140204797948,0.0064197067878696635,1.228347117311011,,True,5.498333328197145,45,affinity,2.0019413422606807
S22,0.32390642984468754,0.32390642984468754,0.01586822765881914,0.36465223720304946,0.11127243549461441,0.8887275645053855,0.0004,0.0,0.2,True,0.04793200690205201,0.5586940542431587,0.20372903679180968,True,0.1289234338547723,0.4413059457568413,0.16092320041123975,False,0.09132576145145431,0.0,0.0,5.490779281319549e-05,0.004550221542844331,0.33401879559289266,,True,0.1208504417096776,45,affinity,2.0019413422606807
S23,0.5795830133541781,0.5795830133541781,0.011779233285089463,0.5931583218814988,0.9265385133565881,0.07346148664341183,0.0004,0.0,0.2,True,0.04592256472554278,0.11443242070902576,0.06787654263660339,True,0.10701809831642135,0.8855675792909742,0.5252817792448954,False,0.02327431794809558,0.0,0.0,0.0001656483741301118,0.004315964794600166,0.3912838730325834,,True,0.3645872135166765,45,affinity,2.0019413422606807
S24,0.24484253447018767,0.24484253447018767,0.011636355268700002,0.2728847575425634,0.8426238462055455,0.15737615379445455,0.0004,0.0,0.2,True,0.029140007598093765,0.5138107259069213,0.14021111536187875,True,0.06722909847173726,0.28358322207867354,0.07738553880007774,True,0.15920127539379483,0.20260605201440507,0.05528810338060692,9.712549468321596e-05,0.0024657868851403484,0.23478492039728108,,True,0.2137703654137193,45,affinity,2.0019413422606807
S25,0.57867517103355,0.57867517103355,0.012728861527084884,0.57867517103355,0.9475278439478626,0.05247215605213748,0.0004,0.0,0.2,False,0.03357841125499257,0.0,0.0,False,0.06864211588605167,0.0,0.0,True,0.12216298192216073,1.0,0.57867517103355,2.9278425767979084e-05,0.0009907260622545463,0.08936405469081046,,True,0.06444095647155478,45,affinity,2.0019413422606807
S01,0.5276285398018346,0.5276285398018346,0.009395273841646757,0.6595356747522931,0.5591037270489518,0.44089627295104816,0.0004,0.04471732744377412,0.2,True,0.1,1.0,0.6595356747522931,False,0.1,0.0,0.0,False,0.1,0.0,0.0,8.770889247615183e-08,0.4100917182948947,8.906079922963295,,True,2.216832198949859,45,starvation,0.21481055939526886
S02,0.5107124129340974,0.5107124129340974,0.009001597648770367,0.5107124129340974,0.4405772404621193,0.5594227595378806,0.0004,0.06825181167443413,0.2,False,0.1,0.0,0.0,True,0.1,1.0,0.5107124129340974,False,0.1,0.0,0.0,0.0,0.0009063677089157086,0.025345738913515176,218.46124889032103,False,0.0,45,starvation,0.21481055939526886
S03,0.6076039966684919,0.6076039966684919,0.006945358229395569,0.6076039966684919,0.7420553887717394,0.2579446112282606,0.0004,0.05448589194090037,0.2,False,0.1,0.0,0.0,False,0.1,0.0,0.0,True,0.1,1.0,0.6076039966684919,0.0,0.0005909719161690053,0.018835126660065274,255.6404474798011,False,0.0,45,starvation,0.21481055939526886
S04,0.6324741177490639,0.6324741177490639,0.006268080731176932,0.6324741177490639,0.18684588547573294,0.8131541145242671,0.0004,0.06352285177293292,0.2,False,0.1,0.0,0.0,False,0.1,0.0,0.0,True,0.1,1.0,0.6324741177490639,0.0,0.0005410074213111146,0.01620369650444342,226.38508312962105,False,0.0,45,starvation,0.21481055939526886
S05,0.5038431107345827,0.5038431107345827,0.006560074502177014,0.5038431107345827,0.6005390709033539,0.39946092909664616,0.0004,0.05694502184718121,0.2,False,0.1,0.0,0.0,True,0.1,0.033316643703182956,0.016786361402647446,True,0.1,0.966683356296817,0.4870567493319352,0.0,0.00045077272027984364,0.014964643818118512,243.45311280766347,False,0.0,45,starvation,0.21481055939526886
S06,0.6153735611743115,0.6153735611743115,0.012295417153266248,0.6683923340490503,0.31416703884814623,0.6858329611518538,0.0004,0.06816195950911443,0.2,True,0.1,0.3966141603806005,0.2650938643736939,True,0.1,0.6033858396193995,0.4032984696753564,False,0.1,0.0,0.0,0.0,0.011465330517087903,0.28453984436431273,241.14090736164016,False,0.0,45,starvation,0.21481055939526886
S07,0.6240382153246619,0.6240382153246619,0.007195418943763381,0.6240382153246619,0.6834279392978686,0.31657206070213145,0.0004,0.08891089104295852,0.2,False,0.1,0.0,0.0,True,0.1,0.299381356672682,0.18682540751949653,True,0.1,0.7006186433273179,0.4372128078051653,0.0,0.0004431850517171219,0.01205819307990823,170.25515204301232,False,0.0,45,starvation,0.21481055939526886
S08,0.5359376301708667,0.5359376301708667,0.01165885375774069,0.5885148243809722,0.20349286341738704,0.7965071365826131,0.0004,0.04104673354872891,0.2,True,0.1,0.4466938812068904,0.26288597105052797,True,0.1,0.4108556422098628,0.241794636121069,True,0.1,0.1424504765832468,0.0838342172093753,6.159920441409331e-09,0.010582549806206239,0.3413086745449026,,True,0.15569128274192479,45,starvation,0.21481055939526886
S09,0.4653496512766473,0.4653496512766473,0.011590517574554276,0.5378665639313481,0.9007205904434464,0.09927940955655358,0.0004,0.07593187266825902,0.2,True,0.1,0.6741161983063582,0.36258456327350413,False,0.1,0.0,0.0,True,0.1,0.32588380169364184,0.175282000657844,0.0,0.013414168545247074,0.25244174975353,217.08464253777055,False,0.0,45,starvation,0.21481055939526886
S10,0.566455114561999,0.566455114561999,0.010173741191507367,0.6634201829692417,0.7342491986086942,0.2657508013913057,0.0004,0.044773350638464944,0.2,True,0.1,0.7307967928655728,0.48482534203621325,True,0.1,0.26920320713442736,0.17859484093302846,False,0.1,0.0,0.0,2.332125289516152e-08,0.08221184970655036,2.4627800910089777,,True,0.5894419924627802,45,starvation,0.21481055939526886
S11,0.5487297780307687,0.5487297780307687,0.015266509119983108,0.5487297780307687,0.37926644379180696,0.620733556208193,0.0004,0.05321019627593102,0.2,False,0.1,0.0,0.0,True,0.1,1.0,0.5487297780307687,False,0.1,0.0,0.0,0.0,0.0012546946584247028,0.03625312778314312,248.3259404667417,False,0.0,45,starvation,0.21481055939526886
S12,0.6490395972380653,0.6490395972380653,0.00903296119350429,0.6772296775324373,0.7651559292824734,0.23484407071752658,0.0004,0.08375788407415248,0.2,True,0.1,0.2081279160497356,0.14095040147186064,True,0.1,0.7918720839502644,0.5362792760605767,False,0.1,0.0,0.0,0.0,0.004002393593625764,0.09253944916285484,202.07417615289725,False,0.0,45,starvation,0.21481055939526886
S13,0.5892019218222225,0.5892019218222225,0.004597184474752558,0.5892019218222225,0.6285229686884568,0.37147703131154314,0.0004,0.016688284872624054,0.2,False,0.1,0.0,0.0,False,0.1,0.0,0.0,True,0.1,1.0,0.5892019218222225,3.804425191274822e-06,0.0012399164776914148,0.0776659115938804,,True,96.156410421066,45,starvation,0.21481055939526886
S14,0.5109110058680469,0.5109110058680469,0.009967126756071237,0.5109110058680469,0.4032626568560196,0.5967373431439804,0.0004,0.09120317432425395,0.2,False,0.1,0.0,0.0,True,0.1,0.0537851259920176,0.02747941282132135,True,0.1,0.9462148740079824,0.4834315930467256,0.0,0.0004,0.007407332925945908,154.26770016721565,False,0.0,45,starvation,0.21481055939526886
S15,0.769239733499723,0.769239733499723,0.007505781692664966,0.8073170544399082,0.2051209781083144,0.7948790218916856,0.0004,0.047480770034273166,0.2,True,0.1,0.23582631340918583,0.19038660470092653,True,0.1,0.5693600366468892,0.45965406770156475,True,0.1,0.19481364994392497,0.1572763820374169,5.368582761236025e-09,0.01470742558909334,0.449394600749034,,True,0.13569031362550987,45,starvation,0.21481055939526886
S16,0.48824983722804,0.48824983722804,0.006544670659946932,0.5181252654587304,0.6367004566516639,0.36329954334833625,0.0004,0.03735735717112412,0.2,True,0.1,0.2883031404021544,0.14937714115345185,False,0.1,0.0,0.0,True,0.1,0.7116968595978456,0.3687481243052785,1.3700096435214819e-08,0.0025270874503012125,0.09004308216204646,,True,0.34626836628407165,45,starvation,0.21481055939526886
S17,0.6321488415591255,0.6321488415591255,0.017296612663832447,0.7546719925422157,0.5817024848954316,0.41829751510456836,0.0004,0.04227120187238002,0.2,True,0.1,0.8117642644346336,0.6126157549154511,False,0.1,0.0,0.0,True,0.1,0.18823573556536638,0.14205623762676467,1.3399305011949909e-08,0.24305072787425788,5.560320425515764,,True,0.33866589755556825,45,starvation,0.21481055939526886
S18,0.6654341129183526,0.6654341129183526,0.008914284856544198,0.6654341129183526,0.3622935135753978,0.6377064864246021,0.0004,0.037841130856051064,0.2,False,0.1,0.0,0.0,False,0.1,0.0,0.0,True,0.1,1.0,0.6654341129183526,2.4134442764046213e-09,0.0008994354134903114,0.03223389785538201,,True,0.060999527314288406,45,starvation,0.21481055939526886
S19,0.5496713499727106,0.5496713499727106,0.011507382561005482,0.5496713499727106,0.14762408532069674,0.8523759146793033,0.0004,0.048682320795852,0.2,False,0.1,0.0,0.0,True,0.1,0.10648921152844774,0.05853406865837141,True,0.1,0.8935107884715523,0.4911372813143392,0.0,0.000566494649809504,0.01879347061623829,260.48861430682365,False,0.0,45,starvation,0.21481055939526886
S20,0.24925823009826686,0.24925823009826686,0.007587586371889063,0.3115727876228336,0.47346603930451475,0.5265339606954854,0.0004,0.07384973112728321,0.2,True,0.1,1.0,0.3115727876228336,False,0.1,0.0,0.0,False,0.1,0.0,0.0,0.0,0.008965536674948402,0.16079972923533445,223.7759309140722,False,0.0,45,starvation,0.21481055939526886
S21,0.26063342625025043,0.26063342625025043,0.003407595726289031,0.3055398865231148,0.630097436802388,0.36990256319761217,0.0004,0.07918713149840706,0.2,True,0.1,0.7348706707964798,0.2245323013643217,True,0.1,0.2651293292035201,0.08100758515879308,False,0.1,0.0,0.0,0.0,0.003238866733209242,0.0723616182472003,212.71349319346973,False,0.0,45,starvation,0.21481055939526886
S22,0.32390642984468754,0.32390642984468754,0.01586822765881914,0.36465223720304946,0.11127243549461441,0.8887275645053855,0.0004,0.05257593188541332,0.2,True,0.1,0.5586940542431587,0.20372903679180968,True,0.1,0.4413059457568413,0.16092320041123975,False,0.1,0.0,0.0,0.0,0.0027059832705202194,0.07806491163351045,254.09555670289302,False,0.0,45,starvation,0.21481055939526886
S23,0.5795830133541781,0.5795830133541781,0.011779233285089463,0.5931583218814988,0.9265385133565881,0.07346148664341183,0.0004,0.07499040676323981,0.2,True,0.1,0.11443242070902576,0.06787654263660339,True,0.1,0.8855675792909742,0.5252817792448954,False,0.1,0.0,0.0,0.0,0.0017761092609857787,0.04440137807797535,204.98344765389083,False,0.0,45,starvation,0.21481055939526886
S24,0.24484253447018767,0.24484253447018767,0.011636355268700002,0.2728847575425634,0.8426238462055455,0.15737615379445455,0.0004,0.09944288855956354,0.2,True,0.1,0.5138107259069213,0.14021111536187875,True,0.1,0.28358322207867354,0.07738553880007774,True,0.1,0.20260605201440507,0.05528810338060692,0.0,0.0008246079284360446,0.01895252167786875,150.89637753765916,False,0.0,45,starvation,0.21481055939526886
S25,0.57867517103355,0.57867517103355,0.012728861527084884,0.57867517103355,0.9475278439478626,0.05247215605213748,0.0004,0.04936678751751909,0.2,False,0.1,0.0,0.0,False,0.1,0.0,0.0,True,0.1,1.0,0.57867517103355,0.0,0.0005349818225855932,0.01726074794399195,251.33794860226155,False,0.0,45,starvation,0.21481055939526886
S01,0.5276285398018346,0.5276285398018346,0.009395273841646757,0.6595356747522931,0.5591037270489518,0.44089627295104816,0.0004,0.04471732744377412,0.2,True,0.09788028898877991,1.0,0.6595356747522931,False,0.2847540826551362,0.0,0.0,False,0.2346042497431144,0.0,0.0,7.027285555945798e-08,0.3413233233504166,7.325962149132374,,True,0.3097222169526094,45,both,0.038962323699581844
S02,0.5107124129340974,0.5107124129340974,0.009001597648770367,0.5107124129340974,0.4405772404621193,0.5594227595378806,0.0004,0.06825181167443413,0.2,False,0.2778071966602912,0.0,0.0,True,0.021436450908063707,1.0,0.5107124129340974,False,0.09255793860388246,0.0,0.0,0.0,0.026642798377321895,0.504286231870776,259.3065543324783,False,0.0,45,both,0.038962323699581844
S03,0.6076039966684919,0.6076039966684919,0.006945358229395569,0.6076039966684919,0.7420553887717394,0.2579446112282606,0.0004,0.05448589194090037,0.2,False,0.029071706507710956,0.0,0.0,False,0.05966594674064127,0.0,0.0,True,0.04148444063407629,1.0,0.6076039966684919,0.0,0.002850455792181272,0.07600256322096145,282.75049497920264,False,0.0,45,both,0.038962323699581844
S04,0.6324741177490639,0.6324741177490639,0.006268080731176932,0.6324741177490639,0.18684588547573294,0.8131541145242671,0.0004,0.06352285177293292,0.2,False,0.13992212016861147,0.0,0.0,False,0.2130779017960039,0.0,0.0,True,0.12390718090121856,1.0,0.6324741177490639,0.0,0.00044079139242252037,0.013573409572154959,222.08086564881503,False,0.0,45,both,0.038962323699581844
S05,0.5038431107345827,0.5038431107345827,0.006560074502177014,0.5038431107345827,0.6005390709033539,0.39946092909664616,0.0004,0.05694502184718121,0.2,False,0.127267573140864,0.0,0.0,True,0.20229642389793218,0.033316643703182956,0.016786361402647446,True,0.14109957643938398,0.966683356296817,0.4870567493319352,0.0,0.0004,0.011743707035108464,236.97482134654823,False,0.0,45,both,0.038962323699581844
S06,0.6153735611743115,0.6153735611743115,0.012295417153266248,0.6683923340490503,0.31416703884814623,0.6858329611518538,0.0004,0.06816195950911443,0.2,True,0.02122038616654362,0.3966141603806005,0.2650938643736939,True,0.10570538678786678,0.6033858396193995,0.4032984696753564,False,0.10748326854597351,0.0,0.0,0.0,0.015569097579023115,0.33882273421942904,241.09727042855386,False,0.0,45,both,0.038962323699581844
S07,0.6240382153246619,0.6240382153246619,0.007195418943763381,0.6240382153246619,0.6834279392978686,0.31657206070213145,0.0004,0.08891089104295852,0.2,False,0.10120059054997808,0.0,0.0,True,0.05638465778005111,0.299381356672682,0.18682540751949653,True,0.09814251268186878,0.7006186433273179,0.4372128078051653,0.0,0.0007303251618109026,0.01686992659926138,174.1692090272507,False,0.0,45,both,0.038962323699581844
S08,0.5359376301708667,0.5359376301708667,0.01165885375774069,0.5885148243809722,0.20349286341738704,0.7965071365826131,0.0004,0.04104673354872891,0.2,True,0.11366060127193528,0.4466938812068904,0.26288597105052797,True,0.11227159214978968,0.4108556422098628,0.241794636121069,True,0.09360375718613517,0.1424504765832468,0.0838342172093753,4.391904082287598e-09,0.00917821002977441,0.2735511536007753,,True,0.01935698013379296,45,both,0.038962323699581844
S09,0.4653496512766473,0.4653496512766473,0.011590517574554276,0.5378665639313481,0.9007205904434464,0.09927940955655358,0.0004,0.07593187266825902,0.2,True,0.06153954841369825,0.6741161983063582,0.36258456327350413,False,0.30699797179404326,0.0,0.0,True,0.10706963807836559,0.32588380169364184,0.175282000657844,0.0,0.014927629443360407,0.27539136688985016,217.72807639645066,False,0.0,45,both,0.038962323699581844
S10,0.566455114561999,0.566455114561999,0.010173741191507367,0.6634201829692417,0.7342491986086942,0.2657508013913057,0.0004,0.044773350638464944,0.2,True,0.1560641769994337,0.7307967928655728,0.48482534203621325,True,0.3011644794487361,0.26920320713442736,0.17859484093302846,False,0.16867863656933063,0.0,0.0,7.490683428303127e-09,0.036050983953274766,0.9538164480282945,,True,0.03301461224869729,45,both,0.038962323699581844
S11,0.5487297780307687,0.5487297780307687,0.015266509119983108,0.5487297780307687,0.37926644379180696,0.620733556208193,0.0004,0.05321019627593102,0.2,False,0.05204663622093915,0.0,0.0,True,0.03565096698144341,1.0,0.5487297780307687,False,0.07852759826324877,0.0,0.0,0.0,0.012653010402975975,0.26658798388796573,277.9572760476663,False,0.0,45,both,0.038962323699581844
S12,0.6490395972380653,0.6490395972380653,0.00903296119350429,0.6772296775324373,0.7651559292824734,0.23484407071752658,0.0004,0.08375788407415248,0.2,True,0.0827924441777869,0.2081279160497356,0.14095040147186064,True,0.10232439163762055,0.7918720839502644,0.5362792760605767,False,0.07423161403885192,0.0,0.0,0.0,0.0043429663474723245,0.0864316203425012,198.74747391388823,False,0.0,45,both,0.038962323699581844
S13,0.5892019218222225,0.5892019218222225,0.004597184474752558,0.5892019218222225,0.6285229686884568,0.37147703131154314,0.0004,0.016688284872624054,0.2,False,0.03245295692934614,0.0,0.0,False,0.19648827209853134,0.0,0.0,True,0.036721189796564246,1.0,0.5892019218222225,2.2572405916945066e-05,0.007200195301654703,0.4229269030439671,,True,99.48614649130315,45,both,0.038962323699581844
S14,0.5109110058680469,0.5109110058680469,0.009967126756071237,0.5109110058680469,0.4032626568560196,0.5967373431439804,0.0004,0.09120317432425395,0.2,False,0.06802785986406623,0.0,0.0,True,0.2245877775641523,0.0537851259920176,0.02747941282132135,True,0.09110226254572751,0.9462148740079824,0.4834315930467256,0.0,0.0004,0.007854218919888698,154.7946894804934,False,0.0,45,both,0.038962323699581844
S15,0.769239733499723,0.769239733499723,0.007505781692664966,0.8073170544399082,0.2051209781083144,0.7948790218916856,0.0004,0.047480770034273166,0.2,True,0.07177550614009164,0.23582631340918583,0.19038660470092653,True,0.09558939977711578,0.5693600366468892,0.45965406770156475,True,0.13452171769114774,0.19481364994392497,0.1572763820374169,4.24665641416394e-09,0.015778800167941302,0.4195198703385681,,True,0.018716812185296923,45,both,0.038962323699581844
S16,0.48824983722804,0.48824983722804,0.006544670659946932,0.5181252654587304,0.6367004566516639,0.36329954334833625,0.0004,0.03735735717112412,0.2,True,0.11274701699576714,0.2883031404021544,0.14937714115345185,False,0.25239788390708034,0.0,0.0,True,0.1301243552265309,0.7116968595978456,0.3687481243052785,1.0241928962016385e-08,0.002016718317168179,0.07189690228875796,,True,0.045140515761493256,45,both,0.038962323699581844
S17,0.6321488415591255,0.6321488415591255,0.017296612663832447,0.7546719925422157,0.5817024848954316,0.41829751510456836,0.0004,0.04227120187238002,0.2,True,0.035957730955211396,0.8117642644346336,0.6126157549154511,False,0.17172977247603582,0.0,0.0,True,0.1817693205972519,0.18823573556536638,0.14205623762676467,1.6934797836073857e-08,0.3407324593537383,7.289481754390889,,True,0.07463882160011519,45,both,0.038962323699581844
S18,0.6654341129183526,0.6654341129183526,0.008914284856544198,0.6654341129183526,0.3622935135753978,0.6377064864246021,0.0004,0.037841130856051064,0.2,False,0.07594603624286436,0.0,0.0,False,0.09286408948694927,0.0,0.0,True,0.087938284548572,1.0,0.6654341129183526,3.0093660361679668e-09,0.0011662779975349542,0.03987145173349852,,True,0.013263549814838608,45,both,0.038962323699581844
S19,0.5496713499727106,0.5496713499727106,0.011507382561005482,0.5496713499727106,0.14762408532069674,0.8523759146793033,0.0004,0.048682320795852,0.2,False,0.09604763899119918,0.0,0.0,True,0.08663803704583078,0.10648921152844774,0.05853406865837141,True,0.07729082966858887,0.8935107884715523,0.4911372813143392,0.0,0.0008437353842031535,0.02539828760176625,266.21695899447815,False,0.0,45,both,0.038962323699581844
S20,0.24925823009826686,0.24925823009826686,0.007587586371889063,0.3115727876228336,0.47346603930451475,0.5265339606954854,0.0004,0.07384973112728321,0.2,True,0.06521727416633603,1.0,0.3115727876228336,False,0.11926092437311368,0.0,0.0,False,0.06282608720024042,0.0,0.0,0.0,0.00994290547032004,0.17300174039706573,224.47767236078457,False,0.0,45,both,0.038962323699581844
S21,0.26063342625025043,0.26063342625025043,0.003407595726289031,0.3055398865231148,0.630097436802388,0.36990256319761217,0.0004,0.07918713149840706,0.2,True,0.05501999778947231,0.7348706707964798,0.2245323013643217,True,0.07144260454775449,0.2651293292035201,0.08100758515879308,False,0.02417697947833373,0.0,0.0,0.0,0.00385746376170757,0.0860495392199325,214.6946461081663,False,0.0,45,both,0.038962323699581844
S22,0.32390642984468754,0.32390642984468754,0.01586822765881914,0.36465223720304946,0.11127243549461441,0.8887275645053855,0.0004,0.05257593188541332,0.2,True,0.04793200690205201,0.5586940542431587,0.20372903679180968,True,0.1289234338547723,0.4413059457568413,0.16092320041123975,False,0.09132576145145431,0.0,0.0,0.0,0.0028179365219853595,0.07691758751774541,252.2353387815663,False,0.0,45,both,0.038962323699581844
S23,0.5795830133541781,0.5795830133541781,0.011779233285089463,0.5931583218814988,0.9265385133565881,0.07346148664341183,0.0004,0.07499040676323981,0.2,True,0.04592256472554278,0.11443242070902576,0.06787654263660339,True,0.10701809831642135,0.8855675792909742,0.5252817792448954,False,0.02327431794809558,0.0,0.0,0.0,0.0018624575008503131,0.04048307348832872,201.11302586206142,False,0.0,45,both,0.038962323699581844
S24,0.24484253447018767,0.24484253447018767,0.011636355268700002,0.2728847575425634,0.8426238462055455,0.15737615379445455,0.0004,0.09944288855956354,0.2,True,0.029140007598093765,0.5138107259069213,0.14021111536187875,True,0.06722909847173726,0.28358322207867354,0.07738553880007774,True,0.15920127539379483,0.20260605201440507,0.05528810338060692,0.0,0.0010233827827403263,0.022501015323521438,152.5383624028278,False,0.0,45,both,0.038962323699581844
S25,0.57867517103355,0.57867517103355,0.012728861527084884,0.57867517103355,0.9475278439478626,0.05247215605213748,0.0004,0.04936678751751909,0.2,False,0.03357841125499257,0.0,0.0,False,0.06864211588605167,0.0,0.0,True,0.12216298192216073,1.0,0.57867517103355,0.0,0.00045121852631830657,0.01482948237045345,247.23823639113553,False,0.0,45,both,0.038962323699581844
S01,0.5276285398018346,0.5276285398018346,0.009395273841646757,0.6595356747522931,0.288677695582188,0.7113223044178121,0.0003418429806320693,0.04471732744377412,0.2,True,0.09788028898877991,1.0,0.6595356747522931,False,0.2847540826551362,0.0,0.0,False,0.2346042497431144,0.0,0.0,9.218941564856038e-09,0.054442376309213614,1.1684075616674816,,True,0.2684029644195063,45,structured,0.20500987684220667
S02,0.5107124129340974,0.5107124129340974,0.009001597648770367,0.5107124129340974,0.0,1.0,0.00043727664237919764,0.06825181167443413,0.2,False,0.2778071966602912,0.0,0.0,True,0.021436450908063707,1.0,0.5107124129340974,False,0.09255793860388246,0.0,0.0,0.0,0.05288890697475191,0.953375699370201,265.344378461971,False,0.0,45,structured,0.20500987684220667
S03,0.6076039966684919,0.6076039966684919,0.006945358229395569,0.6076039966684919,1.0,0.0,0.0001648427044508341,0.05448589194090037,0.2,False,0.029071706507710956,0.0,0.0,False,0.05966594674064127,0.0,0.0,True,0.04148444063407629,1.0,0.6076039966684919,1.6618560504898215e-09,0.011688470976731181,0.3654147254904148,,True,0.0483837637164724,45,structured,0.20500987684220667
S04,0.6324741177490639,0.6324741177490639,0.006268080731176932,0.6324741177490639,0.9504937514311143,0.04950624856888571,0.0006594632854126785,0.06352285177293292,0.2,False,0.13992212016861147,0.0,0.0,False,0.2130779017960039,0.0,0.0,True,0.12390718090121856,1.0,0.6324741177490639,0.0,0.001438178878899867,0.05058917819903177,251.13187578872083,False,0.0,45,structured,0.20500987684220667
S05,0.5038431107345827,0.5038431107345827,0.006560074502177014,0.5360306893816071,0.0,1.0,0.0011532478212064503,0.05694502184718121,0.2,True,0.127267573140864,0.30024007285998605,0.16093789323512228,True,0.20229642389793218,0.07538428143740034,0.04040828834742679,True,0.14109957643938398,0.6243756457026136,0.33468450779905806,0.0,0.0036716909352458855,0.1389771353919518,282.6256256765012,False,0.0,45,structured,0.20500987684220667
S06,0.6153735611743115,0.6153735611743115,0.012295417153266248,0.6153735611743115,1.0,0.0,7.511134048138765e-05,0.06816195950911443,0.2,False,0.02122038616654362,0.0,0.0,True,0.10570538678786678,1.0,0.6153735611743115,False,0.10748326854597351,0.0,0.0,0.0,0.0004602430774246014,0.009412753675346648,195.6149554890084,False,0.0,45,structured,0.20500987684220667
S07,0.6240382153246619,0.6240382153246619,0.007195418943763381,0.7800477691558273,0.3544893989534908,0.6455106010465091,0.00019166534844638892,0.08891089104295852,0.2,True,0.10120059054997808,1.0,0.7800477691558273,False,0.05638465778005111,0.0,0.0,False,0.09814251268186878,0.0,0.0,0.0,0.07345839194856273,0.9601040628572128,209.8268916933561,False,0.0,45,structured,0.20500987684220667
S08,0.5359376301708667,0.5359376301708667,0.01165885375774069,0.5359376301708667,0.990018020223915,0.009981979776084974,0.00025653235728000177,0.04104673354872891,0.0,False,0.11366060127193528,0.0,0.0,False,0.11227159214978968,0.0,0.0,True,0.09360375718613517,1.0,0.5359376301708667,9.96930823034037e-10,0.0010187515531242927,0.03929953521904556,,True,0.029024935925786213,45,structured,0.20500987684220667
S09,0.4653496512766473,0.4653496512766473,0.011590517574554276,0.4653496512766473,0.32590322299169755,0.6740967770083024,0.00024970101799704343,0.07593187266825902,0.0,True,0.06153954841369825,1.0,0.4653496512766473,False,0.30699797179404326,0.0,0.0,False,0.10706963807836559,0.0,0.0,0.0,0.025907201640735626,0.37618103640165107,217.3656464372932,False,0.0,45,structured,0.20500987684220667
S10,0.566455114561999,0.566455114561999,0.010173741191507367,0.7080688932024988,0.8041474843927658,0.1958525156072342,0.002387194539439034,0.044773350638464944,0.2,True,0.1560641769994337,1.0,0.7080688932024988,False,0.3011644794487361,0.0,0.0,False,0.16867863656933063,0.0,0.0,4.874027848221124e-08,0.36687892198596433,7.8102974609408164,,True,1.419038740968748,45,structured,0.20500987684220667
S11,0.5487297780307687,0.5487297780307687,0.015266509119983108,0.5487297780307687,1.0,0.0,0.00023552213078621758,0.05321019627593102,0.2,False,0.05204663622093915,0.0,0.0,True,0.03565096698144341,1.0,0.5487297780307687,False,0.07852759826324877,0.0,0.0,0.0,0.013813049375675339,0.2776799171639618,276.5177328712188,False,0.0,45,structured,0.20500987684220667
S12,0.6490395972380653,0.6490395972380653,0.00903296119350429,0.6490395972380653,0.328711597240423,0.6712884027595771,0.0002815861224484751,0.08375788407415248,0.0,False,0.0827924441777869,0.0,0.0,True,0.10232439163762055,1.0,0.6490395972380653,False,0.07423161403885192,0.0,0.0,0.0,0.0018513744925828083,0.03417093003844274,187.5225213617683,False,0.0,45,structured,0.20500987684220667
S13,0.5892019218222225,0.5892019218222225,0.004597184474752558,0.5892019218222225,1.0,0.0,0.00025029506263822234,0.016688284872624054,0.2,False,0.03245295692934614,0.0,0.0,True,0.19648827209853134,1.0,0.5892019218222225,False,0.036721189796564246,0.0,0.0,3.3111064146228065e-06,0.0012121862679261317,0.06899947392664393,,True,96.40052178886788,45,structured,0.20500987684220667
S14,0.5109110058680469,0.5109110058680469,0.009967126756071237,0.5109110058680469,0.10083868111722259,0.8991613188827774,0.0007850351645929746,0.09120317432425395,0.0,True,0.06802785986406623,0.21387163793278782,0.10926937366288737,True,0.2245877775641523,0.7861283620672121,0.4016416322051596,False,0.09110226254572751,0.0,0.0,0.0,0.001629787607131931,0.040879588150332366,170.80409001941052,False,0.0,45,structured,0.20500987684220667
S15,0.769239733499723,0.769239733499723,0.007505781692664966,0.8106365677425095,0.0,1.0,8.367948377070635e-05,0.047480770034273166,0.2,True,0.07177550614009164,0.2553353493419989,0.20698417121393262,True,0.09558939977711578,0.38270245614085185,0.3102326055126484,True,0.13452171769114774,0.36196219451714917,0.2934197910159284,8.613093901738428e-10,0.0023615653900849434,0.07738995295442379,,True,0.025076413813739873,45,structured,0.20500987684220667
S16,0.48824983722804,0.48824983722804,0.006544670659946932,0.5411498326371976,0.6900376912070489,0.30996230879295106,0.0007128563408426434,0.03735735717112412,0.2,True,0.11274701699576714,0.4887740161662705,0.2644999770457882,False,0.25239788390708034,0.0,0.0,True,0.1301243552265309,0.5112259838337295,0.2766498555914094,4.7553871928038194e-08,0.006129474289647342,0.27656896440517564,,True,1.384497353119985,45,structured,0.20500987684220667
S17,0.6321488415591255,0.6321488415591255,0.017296612663832447,0.6321488415591255,0.5486360998854084,0.4513639001145916,0.00033575794736475257,0.04227120187238002,0.0,True,0.035957730955211396,1.0,0.6321488415591255,False,0.17172977247603582,0.0,0.0,False,0.1817693205972519,0.0,0.0,9.231333375608097e-09,0.2595697830183427,4.980957599197088,,True,0.2687637432265938,45,structured,0.20500987684220667
S18,0.6654341129183526,0.6654341129183526,0.008914284856544198,0.6654341129183526,1.0,0.0,0.00011970369443660834,0.037841130856051064,0.2,False,0.07594603624286436,0.0,0.0,True,0.09286408948694927,1.0,0.6654341129183526,False,0.087938284548572,0.0,0.0,5.36816390442255e-09,0.0022889354444259806,0.06420338792845355,,True,0.1562902959412894,45,structured,0.20500987684220667
S19,0.5496713499727106,0.5496713499727106,0.011507382561005482,0.6870891874658882,1.0,0.0,5.1044766929381284e-05,0.048682320795852,0.2,True,0.09604763899119918,1.0,0.6870891874658882,False,0.08663803704583078,0.0,0.0,False,0.07729082966858887,0.0,0.0,0.0,0.00994962798503937,0.19408592384463502,294.7938369286805,False,0.0,45,structured,0.20500987684220667
S20,0.24925823009826686,0.24925823009826686,0.007587586371889063,0.2748801514830127,0.0,1.0,5.218925803631396e-05,0.07384973112728321,0.2,True,0.06521727416633603,0.4660562293514531,0.12810960692372914,True,0.11926092437311368,0.22804183866383457,0.06268417515637958,True,0.06282608720024042,0.3059019319847124,0.08408636940290398,0.0,0.00010505820949439748,0.0032026873943975034,176.91786529738138,False,0.0,45,structured,0.20500987684220667
S21,0.26063342625025043,0.26063342625025043,0.003407595726289031,0.26063342625025043,1.0,0.0,0.00021327977558788445,0.07918713149840706,0.2,False,0.05501999778947231,0.0,0.0,True,0.07144260454775449,1.0,0.26063342625025043,False,0.02417697947833373,0.0,0.0,0.0,0.00033986612419471964,0.008656143122110683,187.0713792387161,False,0.0,45,structured,0.20500987684220667
S22,0.32390642984468754,0.32390642984468754,0.01586822765881914,0.32390642984468754,0.0,1.0,0.00014156206999603525,0.05257593188541332,0.2,False,0.04793200690205201,0.0,0.0,False,0.1289234338547723,0.0,0.0,True,0.09132576145145431,1.0,0.32390642984468754,0.0,0.00014156206999603525,0.0057167485839899074,219.049888611249,False,0.0,45,structured,0.20500987684220667
S23,0.5795830133541781,0.5795830133541781,0.011779233285089463,0.5911305831720959,1.0,0.0,0.00019171435477487764,0.07499040676323981,0.2,True,0.04592256472554278,0.09767359485912461,0.05773784908958936,True,0.10701809831642135,0.553200844385496,0.3270139377528941,True,0.02327431794809558,0.3491255607553793,0.20637879632961237,0.0,0.00303958552737579,0.08700463828719136,218.6555198857045,False,0.0,45,structured,0.20500987684220667
S24,0.24484253447018767,0.24484253447018767,0.011636355268700002,0.3060531680877346,0.5496852683710908,0.45031473162890917,0.0002190258656633652,0.09944288855956354,0.2,True,0.029140007598093765,1.0,0.3060531680877346,False,0.06722909847173726,0.0,0.0,False,0.15920127539379483,0.0,0.0,0.0,0.002642028572216797,0.036381472164753514,153.23016442952158,False,0.0,45,structured,0.20500987684220667
S25,0.57867517103355,0.57867517103355,0.012728861527084884,0.57867517103355,1.0,0.0,0.0004098699244064562,0.04936678751751909,0.2,False,0.03357841125499257,0.0,0.0,False,0.06864211588605167,0.0,0.0,True,0.12216298192216073,1.0,0.57867517103355,0.0,0.0008740333646304226,0.03284853826570277,270.1676714543315,False,0.0,45,structured,0.20500987684220667
S01,0.6968144818155855,0.6968144818155855,0.009841837948752258,0.8710181022694818,0.48533333487018715,0.5146666651298129,0.0004,0.0,0.2,True,0.1,1.0,0.8710181022694818,False,0.1,0.0,0.0,False,0.1,0.0,0.0,0.01616797963240504,0.2761771486192442,27.138067082836077,,True,30.868869831777328,46,baseline,2.221743517419111
S02,0.2867789827868491,0.2867789827868491,0.010010186659520198,0.2867789827868491,0.08707101465125032,0.9129289853487497,0.0004,0.0,0.2,False,0.1,0.0,0.0,True,0.1,1.0,0.2867789827868491,False,0.1,0.0,0.0,8.233810597667805e-05,0.001108687989951693,0.13331831763979488,,True,0.15720481676603137,46,baseline,2.221743517419111
S03,0.409329190426272,0.409329190426272,0.011412181646573035,0.409329190426272,0.4546349862302355,0.5453650137697644,0.0004,0.0,0.2,False,0.1,0.0,0.0,False,0.1,0.0,0.0,True,0.1,1.0,0.409329190426272,0.00021034283312544897,0.004823473942887519,0.4536901610001556,,True,0.4015990670091463,46,baseline,2.221743517419111
S04,0.5465104141746848,0.5465104141746848,0.0052307519337986,0.5465104141746848,0.01776864812652892,0.982231351873471,0.0004,0.0,0.2,False,0.1,0.0,0.0,True,0.1,1.0,0.5465104141746848,False,0.1,0.0,0.0,0.0012525464016154666,0.0046830605917235965,0.7835002801307973,,True,2.391436203459481,46,baseline,2.221743517419111
S05,0.7255378518014758,0.7255378518014758,0.011874328319762007,0.9069223147518447,0.03693784072991147,0.9630621592700885,0.0004,0.0,0.2,True,0.1,1.0,0.9069223147518447,False,0.1,0.0,0.0,False,0.1,0.0,0.0,0.011559208009048876,0.3548905826832065,29.810081589964536,,True,22.0695285064934,46,baseline,2.221743517419111
S06,0.29446107244110065,0.29446107244110065,0.011184027002899813,0.3680763405513758,0.7569771247160283,0.24302287528397162,0.0004,0.0,0.2,True,0.1,1.0,0.3680763405513758,False,0.1,0.0,0.0,False,0.1,0.0,0.0,0.00023211135952132085,0.005847360342394378,0.5289749787906294,,True,0.4431608343432025,46,baseline,2.221743517419111
S07,0.5494280840527637,0.5494280840527637,0.013845419603590984,0.5874147621622916,0.32873473477470144,0.6712652652252984,0.0004,0.0,0.2,True,0.1,0.32333778921130457,0.18993339054763966,True,0.1,0.478588506929061,0.2811299539713406,True,0.1,0.1980737038596345,0.11635141764331138,0.0002382266978294448,0.008933771390391284,0.8276817561113404,,True,0.45483660252838787,46,baseline,2.221743517419111
S08,0.6134800100640119,0.6134800100640119,0.010933114858365674,0.6134800100640119,0.4772025784104521,0.5227974215895478,0.0004,0.0,0.2,False,0.1,0.0,0.0,False,0.1,0.0,0.0,True,0.1,1.0,0.6134800100640119,0.0009720746412945412,0.019418650572337135,1.8569895351586934,,True,1.8559428111073897,46,baseline,2.221743517419111
S09,0.5042995911188447,0.5042995911188447,0.01717349759690375,0.5943766240012197,0.86067949801288,0.1393205019871199,0.0004,0.0,0.2,True,0.1,0.7577437372620341,0.4503851644118751,False,0.1,0.0,0.0,True,0.1,0.24225626273796583,0.14399145958934462,0.00019194695546298328,0.0221566553610246,1.5551630413316797,,True,0.36647656154372577,46,baseline,2.221743517419111
S10,0.6003698509907829,0.6003698509907829,0.009981081467777571,0.7504623137384786,0.09047101326541312,0.9095289867345869,0.0004,0.0,0.2,True,0.1,1.0,0.7504623137384786,False,0.1,0.0,0.0,False,0.1,0.0,0.0,0.006175486257003554,0.10983260810406135,10.69940088793057,,True,11.790606232166288,46,baseline,2.221743517419111
S11,0.6763717812607313,0.6763717812607313,0.0117546805058081,0.6763717812607313,0.2431065034519602,0.75689349654804,0.0004,0.0,0.2,False,0.1,0.0,0.0,False,0.1,0.0,0.0,True,0.1,1.0,0.6763717812607313,0.0011647262043203487,0.029126928518520105,2.623500755494798,,True,2.2237646513831413,46,baseline,2.221743517419111
S12,0.499679417333377,0.499679417333377,0.0048658789654895595,0.542045247468744,0.2802773427821327,0.7197226572178673,0.0004,0.0,0.2,True,0.1,0.3907960666863885,0.21182915067683525,False,0.1,0.0,0.0,True,0.1,0.6092039333136116,0.33021609679190883,0.0044154402558391,0.01672064802560825,2.71839485954351,,True,8.430221561777893,46,baseline,2.221743517419111
S13,0.6234004430140833,0.6234004430140833,0.008067475117008999,0.6234004430140833,0.1351962046852846,0.8648037953147154,0.0004,0.0,0.2,False,0.1,0.0,0.0,False,0.1,0.0,0.0,True,0.1,1.0,0.6234004430140833,0.0024565731568402926,0.02231008451408306,2.6615761643288076,,True,4.690235807741495,46,baseline,2.221743517419111
S14,0.26101510308672093,0.26101510308672093,0.007177244898678747,0.2798224228115976,0.5299037830291888,0.470096216970811,0.0004,0.0,0.2,True,0.1,0.3360581245760195,0.09403659862438346,False,0.1,0.0,0.0,True,0.1,0.6639418754239805,0.18578582418721412,0.00033651518549867156,0.002420804445527202,0.3240491516775808,,True,0.6424948381772342,46,baseline,2.221743517419111
S15,0.5919952281943835,0.5919952281943835,0.010342115421401695,0.5919952281943835,0.25963734548361633,0.7403626545163836,0.0004,0.0,0.2,False,0.1,0.0,0.0,True,0.1,1.0,0.5919952281943835,False,0.1,0.0,0.0,0.00033870508801424467,0.004767069181541064,0.542593202030546,,True,0.6466759305112459,46,baseline,2.221743517419111
S16,0.6121495872763622,0.6121495872763622,0.009611079286132185,0.6121495872763622,0.1485583263283968,0.8514416736716033,0.0004,0.0,0.2,False,0.1,0.0,0.0,False,0.1,0.0,0.0,True,0.1,1.0,0.6121495872763622,0.0014322537724257875,0.019887638467714602,2.0966663028548855,,True,2.7345442208790667,46,baseline,2.221743517419111
S17,0.275040243217278,0.275040243217278,0.0074009147895633225,0.33170280526657403,0.13715442205763168,0.8628455779423683,0.0004,0.0,0.2,True,0.1,0.8541164130909147,0.28331281024648036,True,0.1,0.14588358690908537,0.048389995020093675,False,0.1,0.0,0.0,0.0004805038780511503,0.0035165005473679805,0.4951520170631117,,True,0.917406627325072,46,baseline,2.221743517419111
S18,0.3122931095352779,0.3122931095352779,0.009728087319246308,0.3122931095352779,0.4561210747424955,0.5438789252575047,0.0004,0.0,0.2,False,0.1,0.0,0.0,True,0.1,1.0,0.3122931095352779,False,0.1,0.0,0.0,0.00010169865079758367,0.0012644030892278136,0.15418524805976136,,True,0.19416912223503358,46,baseline,2.221743517419111
S19,0.4581760190315302,0.4581760190315302,0.006653418645518168,0.4815915350981513,0.15876925451647136,0.8412307454835286,0.0004,0.0,0.2,True,0.1,0.24310556104198253,0.11707758033310568,True,0.1,0.5315424928132042,0.25598636508380906,True,0.1,0.22535194614481335,0.10852758968123657,0.000988871456675358,0.0055041786992769915,0.8206940227901555,,True,1.8880122916094317,46,baseline,2.221743517419111
S20,0.43245119562277246,0.43245119562277246,0.00963430854550174,0.5272641774114206,0.2507549665465468,0.7492450334534533,0.0004,0.0,0.2,True,0.1,0.8991031995965301,0.47406490894324077,True,0.1,0.10089680040346996,0.05319926846817988,False,0.1,0.0,0.0,0.0010807658363727682,0.014594306314311805,1.7172510706443422,,True,2.0634625154250164,46,baseline,2.221743517419111
S21,0.39972075499670706,0.39972075499670706,0.015143009782505018,0.39972075499670706,0.19266637347222207,0.8073336265277778,0.0004,0.0,0.2,False,0.1,0.0,0.0,True,0.1,1.0,0.39972075499670706,False,0.1,0.0,0.0,3.0913065931523506e-05,0.0015904723416693357,0.14234505383404955,,True,0.05902106695067634,46,baseline,2.221743517419111
S22,0.650800770556923,0.650800770556923,0.010083642702386403,0.6619973810217855,0.1536971087803991,0.846302891219601,0.0004,0.0,0.2,True,0.1,0.08456687885668587,0.05598305232431266,True,0.1,0.37874521924944166,0.2507283432176523,True,0.1,0.5366879018938724,0.3552859854798205,0.0011543455415634338,0.015976213513392838,1.8054200995745149,,True,2.20394527167731,46,baseline,2.221743517419111
S23,0.13510295885836804,0.13510295885836804,0.009620159857670079,0.13881892498977338,0.5275646543654152,0.4724353456345848,0.0004,0.0,0.2,True,0.1,0.13384220241149022,0.018579830657026727,True,0.1,0.8661577975885097,0.12023909433274665,False,0.1,0.0,0.0,4.669772520893614e-05,0.0005959468353797145,0.07512009681490868,,True,0.08915807872652098,46,baseline,2.221743517419111
S24,0.3634800685939531,0.3634800685939531,0.009881812729144564,0.38855159498916186,0.751131226473451,0.2488687735265491,0.0004,0.0,0.2,True,0.1,0.32262802055809414,0.12535763197604358,False,0.1,0.0,0.0,True,0.1,0.6773719794419059,0.26319396301311826,0.0003212980258891792,0.0048598305801312545,0.5171219143281118,,True,0.6134413305730237,46,baseline,2.221743517419111
S25,0.5530376753617846,0.5530376753617846,0.007955262429126274,0.5649710826419874,0.5192884632225573,0.4807115367774427,0.0004,0.0,0.2,True,0.1,0.10561077944377595,0.05966703640101424,True,0.1,0.6202217262189247,0.35040734013998814,True,0.1,0.2741674943372994,0.154896706100985,0.0009447564106418826,0.007311669965563884,0.978337199396795,,True,1.8037852178134683,46,baseline,2.221743517419111
S01,0.6968144818155855,0.6968144818155855,0.009841837948752258,0.8710181022694818,0.48533333487018715,0.5146666651298129,0.0004,0.0,0.2,True,0.24395602157016968,1.0,0.8710181022694818,False,0.227363463194378,0.0,0.0,False,0.14892597129985802,0.0,0.0,0.007266676340958498,0.12389784286361358,12.220297184534925,,True,11.06375765584428,46,affinity,1.8995446093910944
S02,0.2867789827868491,0.2867789827868491,0.010010186659520198,0.2867789827868491,0.08707101465125032,0.9129289853487497,0.0004,0.0,0.2,False,0.7052904146930792,0.0,0.0,True,0.04889723882469114,1.0,0.2867789827868491,False,0.03998108306125888,0.0,0.0,0.00034089362853908665,0.003256445578255117,0.4440356014814162,,True,0.5190219456066175,46,affinity,1.8995446093910944
S03,0.409329190426272,0.409329190426272,0.011412181646573035,0.409329190426272,0.4546349862302355,0.5453650137697644,0.0004,0.0,0.2,False,0.39968987571616404,0.0,0.0,False,0.5248522327549061,0.0,0.0,True,0.22576507399494936,1.0,0.409329190426272,6.622816798756824e-05,0.0015786807446411116,0.14950806135485553,,True,0.1008345997846313,46,affinity,1.8995446093910944
S04,0.5465104141746848,0.5465104141746848,0.0052307519337986,0.5465104141746848,0.01776864812652892,0.982231351873471,0.0004,0.0,0.2,False,0.08781450901352651,0.0,0.0,True,0.16367922793955145,1.0,0.5465104141746848,False,0.15811468660153286,0.0,0.0,0.0005735705804123031,0.0018502603258515385,0.3430741252167663,,True,0.8732803832799616,46,affinity,1.8995446093910944
S05,0.7255378518014758,0.7255378518014758,0.011874328319762007,0.9069223147518447,0.03693784072991147,0.9630621592700885,0.0004,0.0,0.2,True,0.1018257185635444,1.0,0.9069223147518447,False,0.08749516198443605,0.0,0.0,False,0.19288910291840977,0.0,0.0,0.013952352813911125,0.42690377979513067,35.84603699926006,,True,21.242923589684526,46,affinity,1.8995446093910944
S06,0.29446107244110065,0.29446107244110065,0.011184027002899813,0.3680763405513758,0.7569771247160283,0.24302287528397162,0.0004,0.0,0.2,True,0.1119250876021876,1.0,0.3680763405513758,False,0.03326260458203358,0.0,0.0,False,0.3208296468152881,0.0,0.0,0.00024175996795318408,0.006069625019102884,0.5495101054221152,,True,0.36808763330250327,46,affinity,1.8995446093910944
S07,0.5494280840527637,0.5494280840527637,0.013845419603590984,0.5874147621622916,0.32873473477470144,0.6712652652252984,0.0004,0.0,0.2,True,0.05113857951069391,0.32333778921130457,0.18993339054763966,True,0.12656270257753288,0.478588506929061,0.2811299539713406,True,0.09982050587770842,0.1980737038596345,0.11635141764331138,0.00023173447804328938,0.006877794843189054,0.7457404566386007,,True,0.3528234897601536,46,affinity,1.8995446093910944
S08,0.6134800100640119,0.6134800100640119,0.010933114858365674,0.6134800100640119,0.4772025784104521,0.5227974215895478,0.0004,0.0,0.2,False,0.07549908807638701,0.0,0.0,False,0.35809516833525695,0.0,0.0,True,0.08140533601264748,1.0,0.6134800100640119,0.0012775058760810764,0.026395712205288493,2.456304521863493,,True,1.9450454036616336,46,affinity,1.8995446093910944
S09,0.5042995911188447,0.5042995911188447,0.01717349759690375,0.5943766240012197,0.86067949801288,0.1393205019871199,0.0004,0.0,0.2,True,0.20338826830235746,0.7577437372620341,0.4503851644118751,False,0.07378292217370494,0.0,0.0,True,0.1317541913543626,0.24225626273796583,0.14399145958934462,0.0001211535233753812,0.014484055422265826,0.9982055359223193,,True,0.18446028953039592,46,affinity,1.8995446093910944
S10,0.6003698509907829,0.6003698509907829,0.009981081467777571,0.7504623137384786,0.09047101326541312,0.9095289867345869,0.0004,0.0,0.2,True,0.05339931385830092,1.0,0.7504623137384786,False,0.0906482919553501,0.0,0.0,False,0.08134242079006171,0.0,0.0,0.010722993234881332,0.18990398003278217,18.467649740295037,,True,16.326115672345495,46,affinity,1.8995446093910944
S11,0.6763717812607313,0.6763717812607313,0.0117546805058081,0.6763717812607313,0.2431065034519602,0.75689349654804,0.0004,0.0,0.2,False,0.0678552578375838,0.0,0.0,False,0.0775757489984858,0.0,0.0,True,0.48319730379733944,1.0,0.6763717812607313,5.317492687466066e-05,0.0013971517483932863,0.1299122027667682,,True,0.08096060381724474,46,affinity,1.8995446093910944
S12,0.499679417333377,0.499679417333377,0.0048658789654895595,0.542045247468744,0.2802773427821327,0.7197226572178673,0.0004,0.0,0.2,True,0.08732695520864765,0.3907960666863885,0.21182915067683525,False,0.01622670631989274,0.0,0.0,True,0.022513588824808417,0.6092039333136116,0.33021609679190883,0.024154320541045275,0.09258211097023886,14.690448289852414,,True,36.7757605084771,46,affinity,1.8995446093910944
S13,0.6234004430140833,0.6234004430140833,0.008067475117008999,0.6234004430140833,0.1351962046852846,0.8648037953147154,0.0004,0.0,0.2,False,0.10193875947468678,0.0,0.0,False,0.07815997277253016,0.0,0.0,True,0.10696305999046636,1.0,0.6234004430140833,0.001797876655570679,0.016792877889618255,1.9680164786595251,,True,2.7373273115546644,46,affinity,1.8995446093910944
S14,0.26101510308672093,0.26101510308672093,0.007177244898678747,0.2798224228115976,0.5299037830291888,0.470096216970811,0.0004,0.0,0.2,True,0.14240054139575145,0.3360581245760195,0.09403659862438346,False,0.4520885839251226,0.0,0.0,True,0.06599536015083372,0.6639418754239805,0.18578582418721412,0.00041329993536922007,0.003024808956730153,0.3963033787877023,,True,0.6292629683157194,46,affinity,1.8995446093910944
S15,0.5919952281943835,0.5919952281943835,0.010342115421401695,0.5919952281943835,0.25963734548361633,0.7403626545163836,0.0004,0.0,0.2,False,0.09281034863897498,0.0,0.0,True,0.22198978061968766,1.0,0.5919952281943835,False,0.07885748336737292,0.0,0.0,8.697348709919843e-05,0.0010168575413866715,0.1371708758513297,,True,0.13242004165308757,46,affinity,1.8995446093910944
S16,0.6121495872763622,0.6121495872763622,0.009611079286132185,0.6121495872763622,0.1485583263283968,0.8514416736716033,0.0004,0.0,0.2,False,0.05991792755776378,0.0,0.0,False,0.12713950974266833,0.0,0.0,True,0.19478783598160207,1.0,0.6121495872763622,0.00032833666669082335,0.00472409948554015,0.4949108156064549,,True,0.4999035514103869,46,affinity,1.8995446093910944
S17,0.275040243217278,0.275040243217278,0.0074009147895633225,0.33170280526657403,0.13715442205763168,0.8628455779423683,0.0004,0.0,0.2,True,0.024953247050077062,0.8541164130909147,0.28331281024648036,True,0.06534081590831199,0.14588358690908537,0.048389995020093675,False,0.059791731470149156,0.0,0.0,0.0007623300462629063,0.004944086648171105,0.7560458166441183,,True,1.1606729803117737,46,affinity,1.8995446093910944
S18,0.3122931095352779,0.3122931095352779,0.009728087319246308,0.3122931095352779,0.4561210747424955,0.5438789252575047,0.0004,0.0,0.2,False,0.03527650989854886,0.0,0.0,True,0.14638577626053287,1.0,0.3122931095352779,False,0.20256102191128297,0.0,0.0,7.32347092416206e-05,0.0007578668660317721,0.10652618427416624,,True,0.11150229307428258,46,affinity,1.8995446093910944
S19,0.4581760190315302,0.4581760190315302,0.006653418645518168,0.4815915350981513,0.15876925451647136,0.8412307454835286,0.0004,0.0,0.2,True,0.189874634669468,0.24310556104198253,0.11707758033310568,True,0.1289951504407816,0.5315424928132042,0.25598636508380906,True,0.11962817578489243,0.22535194614481335,0.10852758968123657,0.0007275202501790158,0.003489967676378363,0.5796696732451078,,True,1.1076739020742086,46,affinity,1.8995446093910944
S20,0.43245119562277246,0.43245119562277246,0.00963430854550174,0.5272641774114206,0.2507549665465468,0.7492450334534533,0.0004,0.0,0.2,True,0.12535535994926295,0.8991031995965301,0.47406490894324077,True,0.12072797754000275,0.10089680040346996,0.05319926846817988,False,0.7039890470434955,0.0,0.0,0.0010564441329978193,0.013674255544802713,1.6524362861333135,,True,1.6084715096702213,46,affinity,1.8995446093910944
S21,0.39972075499670706,0.39972075499670706,0.015143009782505018,0.39972075499670706,0.19266637347222207,0.8073336265277778,0.0004,0.0,0.2,False,0.05466399268201918,0.0,0.0,True,0.09570476846658912,1.0,0.39972075499670706,False,0.14709644335735833,0.0,0.0,4.1514893186917083e-05,0.001500516141176485,0.16065996160278834,,True,0.06320781272992913,46,affinity,1.8995446093910944
S22,0.650800770556923,0.650800770556923,0.010083642702386403,0.6619973810217855,0.1536971087803991,0.846302891219601,0.0004,0.0,0.2,True,0.0466362957387161,0.08456687885668587,0.05598305232431266,True,0.3762479460296911,0.37874521924944166,0.2507283432176523,True,0.0852603575333005,0.5366879018938724,0.3552859854798205,0.000577716324131122,0.007792285127083513,0.9160918708279633,,True,0.8795924166850714,46,affinity,1.8995446093910944
S23,0.13510295885836804,0.13510295885836804,0.009620159857670079,0.13881892498977338,0.5275646543654152,0.4724353456345848,0.0004,0.0,0.2,True,0.08799337943533815,0.13384220241149022,0.018579830657026727,True,0.08559554840385467,0.8661577975885097,0.12023909433274665,False,0.10168190654654308,0.0,0.0,5.50280138385596e-05,0.0005893092136404698,0.08319355935703764,,True,0.08378199066892304,46,affinity,1.8995446093910944
S24,0.3634800685939531,0.3634800685939531,0.009881812729144564,0.38855159498916186,0.751131226473451,0.2488687735265491,0.0004,0.0,0.2,True,0.029078340327724696,0.32262802055809414,0.12535763197604358,False,0.0680515378143909,0.0,0.0,True,0.0989720831156394,0.6773719794419059,0.26319396301311826,0.00034528572926332196,0.005361980452303134,0.5587578511751532,,True,0.5257090657882477,46,affinity,1.8995446093910944
S25,0.5530376753617846,0.5530376753617846,0.007955262429126274,0.5649710826419874,0.5192884632225573,0.4807115367774427,0.0004,0.0,0.2,True,0.28209761901545266,0.10561077944377595,0.05966703640101424,True,0.2209600101438472,0.6202217262189247,0.35040734013998814,True,0.08586041439137794,0.2741674943372994,0.154896706100985,0.00041207790154729277,0.0028150686655992853,0.42150367977074815,,True,0.627402380968951,46,affinity,1.8995446093910944
S01,0.6968144818155855,0.6968144818155855,0.009841837948752258,0.8710181022694818,0.48533333487018715,0.5146666651298129,0.0004,0.05060144771741042,0.2,True,0.1,1.0,0.8710181022694818,False,0.1,0.0,0.0,False,0.1,0.0,0.0,7.1653753823469265e-09,0.2681861932523383,5.092698592469123,,True,1.3257904387918473,46,starvation,0.24223815083181396
S02,0.2867789827868491,0.2867789827868491,0.010010186659520198,0.2867789827868491,0.08707101465125032,0.9129289853487497,0.0004,0.06279197325698277,0.2,False,0.1,0.0,0.0,True,0.1,1.0,0.2867789827868491,False,0.1,0.0,0.0,0.0,0.0004,0.015601229270793748,248.10901936233947,False,0.0,46,starvation,0.24223815083181396
S03,0.409329190426272,0.409329190426272,0.011412181646573035,0.409329190426272,0.4546349862302355,0.5453650137697644,0.0004,0.0592360623093499,0.2,False,0.1,0.0,0.0,False,0.1,0.0,0.0,True,0.1,1.0,0.409329190426272,0.0,0.00307327833640031,0.07574931636134546,251.10695879821873,False,0.0,46,starvation,0.24223815083181396
S04,0.5465104141746848,0.5465104141746848,0.0052307519337986,0.5465104141746848,0.01776864812652892,0.982231351873471,0.0004,0.042837208856341485,0.2,False,0.1,0.0,0.0,True,0.1,1.0,0.5465104141746848,False,0.1,0.0,0.0,5.158474140874278e-07,0.003154463130042848,0.19231107410283563,,True,95.44588147573174,46,starvation,0.24223815083181396
S05,0.7255378518014758,0.7255378518014758,0.011874328319762007,0.9069223147518447,0.03693784072991147,0.9630621592700885,0.0004,0.06118294895776184,0.2,True,0.1,1.0,0.9069223147518447,False,0.1,0.0,0.0,False,0.1,0.0,0.0,0.0,0.33960126958334713,5.4504380177666105,292.88427018263377,False,0.0,46,starvation,0.24223815083181396
S06,0.29446107244110065,0.29446107244110065,0.011184027002899813,0.3680763405513758,0.7569771247160283,0.24302287528397162,0.0004,0.05466457835505552,0.2,True,0.1,1.0,0.3680763405513758,False,0.1,0.0,0.0,False,0.1,0.0,0.0,0.0,0.005476586255924611,0.10810970983901588,260.9032945009716,False,0.0,46,starvation,0.24223815083181396
S07,0.5494280840527637,0.5494280840527637,0.013845419603590984,0.5874147621622916,0.32873473477470144,0.6712652652252984,0.0004,0.042875558858805396,0.2,True,0.1,0.32333778921130457,0.18993339054763966,True,0.1,0.478588506929061,0.2811299539713406,True,0.1,0.1980737038596345,0.11635141764331138,1.2259992321672196e-08,0.005254397203393005,0.2378019003953502,,True,2.2684339245895324,46,starvation,0.24223815083181396
S08,0.6134800100640119,0.6134800100640119,0.010933114858365674,0.6134800100640119,0.4772025784104521,0.5227974215895478,0.0004,0.04735444247318129,0.2,False,0.1,0.0,0.0,False,0.1,0.0,0.0,True,0.1,1.0,0.6134800100640119,2.5816607088391604e-09,0.020030411705109868,0.5138378907883628,,True,0.4776778467763216,46,starvation,0.24223815083181396
S09,0.5042995911188447,0.5042995911188447,0.01717349759690375,0.5943766240012197,0.86067949801288,0.1393205019871199,0.0004,0.05337625025433318,0.2,True,0.1,0.7577437372620341,0.4503851644118751,False,0.1,0.0,0.0,True,0.1,0.24225626273796583,0.14399145958934462,0.0,0.013098594271334026,0.379909745525857,269.1601032436171,False,0.0,46,starvation,0.24223815083181396
S10,0.6003698509907829,0.6003698509907829,0.009981081467777571,0.7504623137384786,0.09047101326541312,0.9095289867345869,0.0004,0.07615526285501098,0.2,True,0.1,1.0,0.7504623137384786,False,0.1,0.0,0.0,False,0.1,0.0,0.0,0.0,0.10158256370561723,1.4515810828132656,236.08321527297903,False,0.0,46,starvation,0.24223815083181396
S11,0.6763717812607313,0.6763717812607313,0.0117546805058081,0.6763717812607313,0.2431065034519602,0.75689349654804,0.0004,0.06241392604585184,0.2,False,0.1,0.0,0.0,False,0.1,0.0,0.0,True,0.1,1.0,0.6763717812607313,0.0,0.025239042429552848,0.5423373553675136,269.7067215633031,False,0.0,46,starvation,0.24223815083181396
S12,0.499679417333377,0.499679417333377,0.0048658789654895595,0.542045247468744,0.2802773427821327,0.7197226572178673,0.0004,0.0643942686472664,0.2,True,0.1,0.3907960666863885,0.21182915067683525,False,0.1,0.0,0.0,True,0.1,0.6092039333136116,0.33021609679190883,0.0,0.009324743221519485,0.23959538276107248,271.17428458543276,False,0.0,46,starvation,0.24223815083181396
S13,0.6234004430140833,0.6234004430140833,0.008067475117008999,0.6234004430140833,0.1351962046852846,0.8648037953147154,0.0004,0.08067538447357202,0.2,False,0.1,0.0,0.0,False,0.1,0.0,0.0,True,0.1,1.0,0.6234004430140833,0.0,0.0131779741488946,0.25657447979918474,222.13355163282918,False,0.0,46,starvation,0.24223815083181396
S14,0.26101510308672093,0.26101510308672093,0.007177244898678747,0.2798224228115976,0.5299037830291888,0.470096216970811,0.0004,0.0654406086385935,0.2,True,0.1,0.3360581245760195,0.09403659862438346,False,0.1,0.0,0.0,True,0.1,0.6639418754239805,0.18578582418721412,0.0,0.001130746712767228,0.034021748965227035,229.5380491512789,False,0.0,46,starvation,0.24223815083181396
S15,0.5919952281943835,0.5919952281943835,0.010342115421401695,0.5919952281943835,0.25963734548361633,0.7403626545163836,0.0004,0.0704176601121392,0.2,False,0.1,0.0,0.0,True,0.1,1.0,0.5919952281943835,False,0.1,0.0,0.0,0.0,0.0014229078779088669,0.062153975660861824,275.12128946674136,False,0.0,46,starvation,0.24223815083181396
S16,0.6121495872763622,0.6121495872763622,0.009611079286132185,0.6121495872763622,0.1485583263283968,0.8514416736716033,0.0004,0.06366221536688228,0.2,False,0.1,0.0,0.0,False,0.1,0.0,0.0,True,0.1,1.0,0.6121495872763622,0.0,0.015446669280197353,0.3398711288504302,265.80304662720624,False,0.0,46,starvation,0.24223815083181396
S17,0.275040243217278,0.275040243217278,0.0074009147895633225,0.33170280526657403,0.13715442205763168,0.8628455779423683,0.0004,0.04618457760172151,0.2,True,0.1,0.8541164130909147,0.28331281024648036,True,0.1,0.14588358690908537,0.048389995020093675,False,0.1,0.0,0.0,1.1268816874454084e-09,0.0029216364228447623,0.08321001119151585,,True,0.2085039355433465,46,starvation,0.24223815083181396
S18,0.3122931095352779,0.3122931095352779,0.009728087319246308,0.3122931095352779,0.4561210747424955,0.5438789252575047,0.0004,0.07717806390473655,0.2,False,0.1,0.0,0.0,True,0.1,1.0,0.3122931095352779,False,0.1,0.0,0.0,0.0,0.0004,0.012383907820852143,210.03627708053185,False,0.0,46,starvation,0.24223815083181396
S19,0.4581760190315302,0.4581760190315302,0.006653418645518168,0.4815915350981513,0.15876925451647136,0.8412307454835286,0.0004,0.05437450864028005,0.2,True,0.1,0.24310556104198253,0.11707758033310568,True,0.1,0.5315424928132042,0.25598636508380906,True,0.1,0.22535194614481335,0.10852758968123657,1.4793076506241804e-09,0.00234339069325915,0.10069920440382207,,True,0.27371237856721836,46,starvation,0.24223815083181396
S20,0.43245119562277246,0.43245119562277246,0.00963430854550174,0.5272641774114206,0.2507549665465468,0.7492450334534533,0.0004,0.059622599490428446,0.2,True,0.1,0.8991031995965301,0.47406490894324077,True,0.1,0.10089680040346996,0.05319926846817988,False,0.1,0.0,0.0,0.0,0.01222523736100734,0.2610285804352681,270.54032192552626,False,0.0,46,starvation,0.24223815083181396
S21,0.39972075499670706,0.39972075499670706,0.015143009782505018,0.39972075499670706,0.19266637347222207,0.8073336265277778,0.0004,0.06546611652797038,0.2,False,0.1,0.0,0.0,True,0.1,1.0,0.39972075499670706,False,0.1,0.0,0.0,0.0,0.00044784223297413136,0.020905971306631126,240.65323742082188,False,0.0,46,starvation,0.24223815083181396
S22,0.650800770556923,0.650800770556923,0.010083642702386403,0.6619973810217855,0.1536971087803991,0.846302891219601,0.0004,0.06152148022276784,0.2,True,0.1,0.08456687885668587,0.05598305232431266,True,0.1,0.37874521924944166,0.2507283432176523,True,0.1,0.5366879018938724,0.3552859854798205,0.0,0.00887697871851287,0.2858661157952694,295.17064125399355,False,0.0,46,starvation,0.24223815083181396
S23,0.13510295885836804,0.13510295885836804,0.009620159857670079,0.13881892498977338,0.5275646543654152,0.4724353456345848,0.0004,0.0650851141960684,0.2,True,0.1,0.13384220241149022,0.018579830657026727,True,0.1,0.8661577975885097,0.12023909433274665,False,0.1,0.0,0.0,0.0,0.0004,0.009467326873382746,215.19427022656407,False,0.0,46,starvation,0.24223815083181396
S24,0.3634800685939531,0.3634800685939531,0.009881812729144564,0.38855159498916186,0.751131226473451,0.2488687735265491,0.0004,0.06580545289893154,0.2,True,0.1,0.32262802055809414,0.12535763197604358,False,0.1,0.0,0.0,True,0.1,0.6773719794419059,0.26319396301311826,0.0,0.002435859968989462,0.0647414746423594,232.01495813555135,False,0.0,46,starvation,0.24223815083181396
S25,0.5530376753617846,0.5530376753617846,0.007955262429126274,0.5649710826419874,0.5192884632225573,0.4807115367774427,0.0004,0.07876688777866683,0.2,True,0.1,0.10561077944377595,0.05966703640101424,True,0.1,0.6202217262189247,0.35040734013998814,True,0.1,0.2741674943372994,0.154896706100985,0.0,0.001995318819652536,0.06946037650555038,237.5814698499222,False,0.0,46,starvation,0.24223815083181396
S01,0.6968144818155855,0.6968144818155855,0.009841837948752258,0.8710181022694818,0.48533333487018715,0.5146666651298129,0.0004,0.05060144771741042,0.2,True,0.24395602157016968,1.0,0.8710181022694818,False,0.227363463194378,0.0,0.0,False,0.14892597129985802,0.0,0.0,3.029267524355599e-09,0.1122538288283529,2.1762918512522367,,True,0.02812286130837163,46,both,0.7892715506910546
S02,0.2867789827868491,0.2867789827868491,0.010010186659520198,0.2867789827868491,0.08707101465125032,0.9129289853487497,0.0004,0.06279197325698277,0.2,False,0.7052904146930792,0.0,0.0,True,0.04889723882469114,1.0,0.2867789827868491,False,0.03998108306125888,0.0,0.0,5.045101357345467e-06,0.0007015802684664592,0.07754497972463087,,True,46.83729139752556,46,both,0.7892715506910546
S03,0.409329190426272,0.409329190426272,0.011412181646573035,0.409329190426272,0.4546349862302355,0.5453650137697644,0.0004,0.0592360623093499,0.2,False,0.39968987571616404,0.0,0.0,False,0.5248522327549061,0.0,0.0,True,0.22576507399494936,1.0,0.409329190426272,0.0,0.0007426544722494605,0.02036685194156114,227.31493892728002,False,0.0,46,both,0.7892715506910546
S04,0.5465104141746848,0.5465104141746848,0.0052307519337986,0.5465104141746848,0.01776864812652892,0.982231351873471,0.0004,0.042837208856341485,0.2,False,0.08781450901352651,0.0,0.0,True,0.16367922793955145,1.0,0.5465104141746848,False,0.15811468660153286,0.0,0.0,5.511174776409768e-06,0.0004998105476681808,0.0572179633829957,,True,51.16418495132357,46,both,0.7892715506910546
S05,0.7255378518014758,0.7255378518014758,0.011874328319762007,0.9069223147518447,0.03693784072991147,0.9630621592700885,0.0004,0.06118294895776184,0.2,True,0.1018257185635444,1.0,0.9069223147518447,False,0.08749516198443605,0.0,0.0,False,0.19288910291840977,0.0,0.0,0.0,0.40960619304217044,6.590048435902393,295.80434161564403,False,0.0,46,both,0.7892715506910546
S06,0.29446107244110065,0.29446107244110065,0.011184027002899813,0.3680763405513758,0.7569771247160283,0.24302287528397162,0.0004,0.05466457835505552,0.2,True,0.1119250876021876,1.0,0.3680763405513758,False,0.03326260458203358,0.0,0.0,False,0.3208296468152881,0.0,0.0,0.0,0.005659327192444531,0.11208000146693858,261.6916069936405,False,0.0,46,both,0.7892715506910546
S07,0.5494280840527637,0.5494280840527637,0.013845419603590984,0.5874147621622916,0.32873473477470144,0.6712652652252984,0.0004,0.042875558858805396,0.2,True,0.05113857951069391,0.32333778921130457,0.18993339054763966,True,0.12656270257753288,0.478588506929061,0.2811299539713406,True,0.09982050587770842,0.1980737038596345,0.11635141764331138,1.83112407785742e-07,0.0032714021705263162,0.17117263567018623,,True,1.699963706274463,46,both,0.7892715506910546
S08,0.6134800100640119,0.6134800100640119,0.010933114858365674,0.6134800100640119,0.4772025784104521,0.5227974215895478,0.0004,0.04735444247318129,0.2,False,0.07549908807638701,0.0,0.0,False,0.35809516833525695,0.0,0.0,True,0.08140533601264748,1.0,0.6134800100640119,2.9912503805333413e-09,0.02820728375606162,0.6483470769140973,,True,0.027769920917845636,46,both,0.7892715506910546
S09,0.5042995911188447,0.5042995911188447,0.01717349759690375,0.5943766240012197,0.86067949801288,0.1393205019871199,0.0004,0.05337625025433318,0.2,True,0.20338826830235746,0.7577437372620341,0.4503851644118751,False,0.07378292217370494,0.0,0.0,True,0.1317541913543626,0.24225626273796583,0.14399145958934462,0.0,0.008465631918146707,0.23456027842864313,260.8621872176547,False,0.0,46,both,0.7892715506910546
S10,0.6003698509907829,0.6003698509907829,0.009981081467777571,0.7504623137384786,0.09047101326541312,0.9095289867345869,0.0004,0.07615526285501098,0.2,True,0.05339931385830092,1.0,0.7504623137384786,False,0.0906482919553501,0.0,0.0,False,0.08134242079006171,0.0,0.0,0.0,0.18465840006814999,2.6061361615512464,243.46097429749238,False,0.0,46,both,0.7892715506910546
S11,0.6763717812607313,0.6763717812607313,0.0117546805058081,0.6763717812607313,0.2431065034519602,0.75689349654804,0.0004,0.06241392604585184,0.2,False,0.0678552578375838,0.0,0.0,False,0.0775757489984858,0.0,0.0,True,0.48319730379733944,1.0,0.6763717812607313,0.0,0.0005555549894458989,0.015704971742498783,213.28497990492,False,0.0,46,both,0.7892715506910546
S12,0.499679417333377,0.499679417333377,0.0048658789654895595,0.542045247468744,0.2802773427821327,0.7197226572178673,0.0004,0.0643942686472664,0.2,True,0.08732695520864765,0.3907960666863885,0.21182915067683525,False,0.01622670631989274,0.0,0.0,True,0.022513588824808417,0.6092039333136116,0.33021609679190883,4.205810217126207e-10,0.07947600335191037,1.6610777750093895,,True,0.0039045550277284832,46,both,0.7892715506910546
S13,0.6234004430140833,0.6234004430140833,0.008067475117008999,0.6234004430140833,0.1351962046852846,0.8648037953147154,0.0004,0.08067538447357202,0.2,False,0.10193875947468678,0.0,0.0,False,0.07815997277253016,0.0,0.0,True,0.10696305999046636,1.0,0.6234004430140833,0.0,0.009444388734995335,0.16673107334521914,215.25043726126896,False,0.0,46,both,0.7892715506910546
S14,0.26101510308672093,0.26101510308672093,0.007177244898678747,0.2798224228115976,0.5299037830291888,0.470096216970811,0.0004,0.0654406086385935,0.2,True,0.14240054139575145,0.3360581245760195,0.09403659862438346,False,0.4520885839251226,0.0,0.0,True,0.06599536015083372,0.6639418754239805,0.18578582418721412,0.0,0.0015937443498737084,0.04225135149627783,232.71847754568464,False,0.0,46,both,0.7892715506910546
S15,0.5919952281943835,0.5919952281943835,0.010342115421401695,0.5919952281943835,0.25963734548361633,0.7403626545163836,0.0004,0.0704176601121392,0.2,False,0.09281034863897498,0.0,0.0,True,0.22198978061968766,1.0,0.5919952281943835,False,0.07885748336737292,0.0,0.0,0.0,0.0004,0.009522086451435624,267.9680235619223,False,0.0,46,both,0.7892715506910546
S16,0.6121495872763622,0.6121495872763622,0.009611079286132185,0.6121495872763622,0.1485583263283968,0.8514416736716033,0.0004,0.06366221536688228,0.2,False,0.05991792755776378,0.0,0.0,False,0.12713950974266833,0.0,0.0,True,0.19478783598160207,1.0,0.6121495872763622,0.0,0.002529556135238318,0.05624592531504317,237.26000970032996,False,0.0,46,both,0.7892715506910546
S17,0.275040243217278,0.275040243217278,0.0074009147895633225,0.33170280526657403,0.13715442205763168,0.8628455779423683,0.0004,0.04618457760172151,0.2,True,0.024953247050077062,0.8541164130909147,0.28331281024648036,True,0.06534081590831199,0.14588358690908537,0.048389995020093675,False,0.059791731470149156,0.0,0.0,7.200032793967249e-09,0.004193369482279212,0.12307864791794824,,True,0.06684306422343539,46,both,0.7892715506910546
S18,0.3122931095352779,0.3122931095352779,0.009728087319246308,0.3122931095352779,0.4561210747424955,0.5438789252575047,0.0004,0.07717806390473655,0.2,False,0.03527650989854886,0.0,0.0,True,0.14638577626053287,1.0,0.3122931095352779,False,0.20256102191128297,0.0,0.0,0.0,0.0004,0.007228632538569609,228.06830672921726,False,0.0,46,both,0.7892715506910546
S19,0.4581760190315302,0.4581760190315302,0.006653418645518168,0.4815915350981513,0.15876925451647136,0.8412307454835286,0.0004,0.05437450864028005,0.2,True,0.189874634669468,0.24310556104198253,0.11707758033310568,True,0.1289951504407816,0.5315424928132042,0.25598636508380906,True,0.11962817578489243,0.22535194614481335,0.10852758968123657,1.2536094618005493e-08,0.0011309668307058814,0.05410342266611795,,True,0.11638155014578612,46,both,0.7892715506910546
S20,0.43245119562277246,0.43245119562277246,0.00963430854550174,0.5272641774114206,0.2507549665465468,0.7492450334534533,0.0004,0.059622599490428446,0.2,True,0.12535535994926295,0.8991031995965301,0.47406490894324077,True,0.12072797754000275,0.10089680040346996,0.05319926846817988,False,0.7039890470434955,0.0,0.0,0.0,0.011737668490435537,0.24027743994790543,278.23833451418653,False,0.0,46,both,0.7892715506910546
S21,0.39972075499670706,0.39972075499670706,0.015143009782505018,0.39972075499670706,0.19266637347222207,0.8073336265277778,0.0004,0.06546611652797038,0.2,False,0.05466399268201918,0.0,0.0,True,0.09570476846658912,1.0,0.39972075499670706,False,0.14709644335735833,0.0,0.0,5.982301640119795e-09,0.0004,0.018213867417156294,,True,0.055537993253244246,46,both,0.7892715506910546
S22,0.650800770556923,0.650800770556923,0.010083642702386403,0.6619973810217855,0.1536971087803991,0.846302891219601,0.0004,0.06152148022276784,0.2,True,0.0466362957387161,0.08456687885668587,0.05598305232431266,True,0.3762479460296911,0.37874521924944166,0.2507283432176523,True,0.0852603575333005,0.5366879018938724,0.3552859854798205,0.0,0.0041129084067340164,0.10418337742588836,273.6821909736184,False,0.0,46,both,0.7892715506910546
S23,0.13510295885836804,0.13510295885836804,0.009620159857670079,0.13881892498977338,0.5275646543654152,0.4724353456345848,0.0004,0.0650851141960684,0.2,True,0.08799337943533815,0.13384220241149022,0.018579830657026727,True,0.08559554840385467,0.8661577975885097,0.12023909433274665,False,0.10168190654654308,0.0,0.0,0.0,0.0004,0.009211971774798223,252.37783406169982,False,0.0,46,both,0.7892715506910546
S24,0.3634800685939531,0.3634800685939531,0.009881812729144564,0.38855159498916186,0.751131226473451,0.2488687735265491,0.0004,0.06580545289893154,0.2,True,0.029078340327724696,0.32262802055809414,0.12535763197604358,False,0.0680515378143909,0.0,0.0,True,0.0989720831156394,0.6773719794419059,0.26319396301311826,0.0,0.0028595688253861477,0.0696358876028374,231.84413226848451,False,0.0,46,both,0.7892715506910546
S25,0.5530376753617846,0.5530376753617846,0.007955262429126274,0.5649710826419874,0.5192884632225573,0.4807115367774427,0.0004,0.07876688777866683,0.2,True,0.28209761901545266,0.10561077944377595,0.05966703640101424,True,0.2209600101438472,0.6202217262189247,0.35040734013998814,True,0.08586041439137794,0.2741674943372994,0.154896706100985,0.0,0.0006547758025181016,0.021628599990758588,230.3703399665927,False,0.0,46,both,0.7892715506910546
S01,0.6968144818155855,0.6968144818155855,0.009841837948752258,0.8710181022694818,0.419762256317374,0.580237743682626,0.0010783232398084229,0.05060144771741042,0.2,True,0.24395602157016968,1.0,0.8710181022694818,False,0.227363463194378,0.0,0.0,False,0.14892597129985802,0.0,0.0,1.1190893516123282e-08,0.39426630438479743,7.7492738648067085,,True,29.505323677560916,46,structured,1.0380411453748886
S02,0.2867789827868491,0.2867789827868491,0.010010186659520198,0.2867789827868491,1.0,0.0,0.0002145133930076088,0.06279197325698277,0.2,False,0.7052904146930792,0.0,0.0,True,0.04889723882469114,1.0,0.2867789827868491,False,0.03998108306125888,0.0,0.0,0.0,0.00028510403299006635,0.008563715137995906,209.019726239619,False,0.0,46,structured,1.0380411453748886
S03,0.409329190426272,0.409329190426272,0.011412181646573035,0.409329190426272,1.0,0.0,0.0009781132596833274,0.0592360623093499,0.2,False,0.39968987571616404,0.0,0.0,False,0.5248522327549061,0.0,0.0,True,0.22576507399494936,1.0,0.409329190426272,0.0,0.0017631524323854161,0.04947875862865124,240.77727495167156,False,0.0,46,structured,1.0380411453748886
S04,0.5465104141746848,0.5465104141746848,0.0052307519337986,0.6123318943413498,0.0,1.0,0.00018797209964066598,0.042837208856341485,0.2,True,0.08781450901352651,0.5374657173252859,0.3291074008333248,True,0.16367922793955145,0.38720175031243004,0.23709598126109663,True,0.15811468660153286,0.07533253236228403,0.04612851224692842,5.232010867105057e-09,0.00316626870164792,0.11012636802372089,,True,13.794445805068122,46,structured,1.0380411453748886
S05,0.7255378518014758,0.7255378518014758,0.011874328319762007,0.7255378518014758,0.17977204973906316,0.8202279502609369,5.893431652334474e-05,0.06118294895776184,0.0,False,0.1018257185635444,0.0,0.0,True,0.08749516198443605,1.0,0.7255378518014758,False,0.19288910291840977,0.0,0.0,0.0,0.0002060849799941556,0.005068802101451844,204.3388599355939,False,0.0,46,structured,1.0380411453748886
S06,0.29446107244110065,0.29446107244110065,0.011184027002899813,0.29446107244110065,0.13018492737737322,0.8698150726226269,0.00012805158644632343,0.05466457835505552,0.0,True,0.1119250876021876,0.3464492610036639,0.10201582094156567,True,0.03326260458203358,0.6535507389963361,0.19244525149953498,False,0.3208296468152881,0.0,0.0,0.0,0.000491154853885525,0.014759144391891589,236.8316675493409,False,0.0,46,structured,1.0380411453748886
S07,0.5494280840527637,0.5494280840527637,0.013845419603590984,0.6867851050659546,0.0,1.0,0.0006488760443620394,0.042875558858805396,0.2,True,0.05113857951069391,1.0,0.6867851050659546,False,0.12656270257753288,0.0,0.0,False,0.09982050587770842,0.0,0.0,2.078787172477904e-08,0.24679345330405023,5.070369504580282,,True,54.80821374303435,46,structured,1.0380411453748886
S08,0.6134800100640119,0.6134800100640119,0.010933114858365674,0.6134800100640119,1.0,0.0,0.0006213153725917957,0.04735444247318129,0.2,False,0.07549908807638701,0.0,0.0,True,0.35809516833525695,1.0,0.6134800100640119,False,0.08140533601264748,0.0,0.0,0.0,0.0006213153725917957,0.015618714345576198,257.72233565274365,False,0.0,46,structured,1.0380411453748886
S09,0.5042995911188447,0.5042995911188447,0.01717349759690375,0.6303744888985559,0.0,1.0,0.00030581192978056956,0.05337625025433318,0.2,True,0.20338826830235746,1.0,0.6303744888985559,False,0.07378292217370494,0.0,0.0,False,0.1317541913543626,0.0,0.0,0.0,0.022596617323484964,0.40527317336992724,265.44739404635175,False,0.0,46,structured,1.0380411453748886
S10,0.6003698509907829,0.6003698509907829,0.009981081467777571,0.6550465202577023,0.0,1.0,0.0005338133288177471,0.07615526285501098,0.2,True,0.05339931385830092,0.4173495131720493,0.273383346334597,True,0.0906482919553501,0.31088006049843936,0.20364090184700667,True,0.08134242079006171,0.2717704263295113,0.1780222720760986,0.0,0.014906554566085679,0.3313136472173045,226.7309238114836,False,0.0,46,structured,1.0380411453748886
S11,0.6763717812607313,0.6763717812607313,0.0117546805058081,0.6763717812607313,1.0,0.0,7.676030537447616e-05,0.06241392604585184,0.2,False,0.0678552578375838,0.0,0.0,False,0.0775757489984858,0.0,0.0,True,0.48319730379733944,1.0,0.6763717812607313,0.0,9.937429974814262e-05,0.0029245748997818012,191.36269336055287,False,0.0,46,structured,1.0380411453748886
S12,0.499679417333377,0.499679417333377,0.0048658789654895595,0.499679417333377,0.12556606423135835,0.8744339357686416,0.0004336334977873082,0.0643942686472664,0.0,True,0.08732695520864765,0.030606057007610335,0.015293216732434852,True,0.01622670631989274,0.26226889103895495,0.13105036665901595,True,0.022513588824808417,0.7071250519534347,0.3533358339419262,7.176114549260994e-10,0.12624959692142676,2.4540031416288675,,True,1.8920167743366032,46,structured,1.0380411453748886
S13,0.6234004430140833,0.6234004430140833,0.008067475117008999,0.6234004430140833,0.23391322537363288,0.7660867746263671,0.0008180523868030307,0.08067538447357202,0.0,False,0.10193875947468678,0.0,0.0,True,0.07815997277253016,0.6244134955286818,0.3892596497365525,True,0.10696305999046636,0.37558650447131825,0.23414079327753076,0.0,0.004567232324184368,0.09263486750151813,207.73987630789588,False,0.0,46,structured,1.0380411453748886
S14,0.26101510308672093,0.26101510308672093,0.007177244898678747,0.32626887885840117,0.0,1.0,0.00020342319206613748,0.0654406086385935,0.2,True,0.14240054139575145,1.0,0.32626887885840117,False,0.4520885839251226,0.0,0.0,False,0.06599536015083372,0.0,0.0,0.0,0.0021305278114005567,0.040984896154574305,225.66040158130386,False,0.0,46,structured,1.0380411453748886
S15,0.5919952281943835,0.5919952281943835,0.010342115421401695,0.7064717674478287,0.0,1.0,0.00015178544527103273,0.0704176601121392,0.2,True,0.09281034863897498,0.8101989670938912,0.5723826962672265,True,0.22198978061968766,0.18980103290610892,0.13408907118060226,False,0.07885748336737292,0.0,0.0,0.0,0.013469794852848861,0.2384662292604523,229.58184499106818,False,0.0,46,structured,1.0380411453748886
S16,0.6121495872763622,0.6121495872763622,0.009611079286132185,0.6121495872763622,0.0,1.0,0.00022255763118079452,0.06366221536688228,0.2,False,0.05991792755776378,0.0,0.0,True,0.12713950974266833,1.0,0.6121495872763622,False,0.19478783598160207,0.0,0.0,0.0,0.0002758688799961041,0.008312432123725113,207.00902397012507,False,0.0,46,structured,1.0380411453748886
S17,0.275040243217278,0.275040243217278,0.0074009147895633225,0.275040243217278,0.0006067603130443406,0.9993932396869558,0.00030259855033125795,0.04618457760172151,0.2,False,0.024953247050077062,0.0,0.0,True,0.06534081590831199,1.0,0.275040243217278,False,0.059791731470149156,0.0,0.0,0.0,0.00038942082626912904,0.014053225133340943,281.16585024115864,False,0.0,46,structured,1.0380411453748886
S18,0.3122931095352779,0.3122931095352779,0.009728087319246308,0.3122931095352779,0.266194227082989,0.7338057729170112,0.00012286386196090323,0.07717806390473655,0.2,False,0.03527650989854886,0.0,0.0,False,0.14638577626053287,0.0,0.0,True,0.20256102191128297,1.0,0.3122931095352779,0.0,0.00012286386196090323,0.0035699543120334834,169.09341425291163,False,0.0,46,structured,1.0380411453748886
S19,0.4581760190315302,0.4581760190315302,0.006653418645518168,0.4581760190315302,0.04340145134198598,0.956598548658014,0.00023630392510615985,0.05437450864028005,0.0,False,0.189874634669468,0.0,0.0,False,0.1289951504407816,0.0,0.0,True,0.11962817578489243,1.0,0.4581760190315302,0.0,0.002215053437560896,0.05405052301187551,279.36415950357247,False,0.0,46,structured,1.0380411453748886
S20,0.43245119562277246,0.43245119562277246,0.00963430854550174,0.43245119562277246,0.4600753287902599,0.5399246712097401,0.0006563334998532359,0.059622599490428446,0.0,True,0.12535535994926295,1.0,0.43245119562277246,False,0.12072797754000275,0.0,0.0,False,0.7039890470434955,0.0,0.0,0.0,0.04082735725535206,0.7440353849083357,278.7901107249817,False,0.0,46,structured,1.0380411453748886
S21,0.39972075499670706,0.39972075499670706,0.015143009782505018,0.39972075499670706,0.0,1.0,0.0005259206619809364,0.06546611652797038,0.2,False,0.05466399268201918,0.0,0.0,True,0.09570476846658912,1.0,0.39972075499670706,False,0.14709644335735833,0.0,0.0,0.0,0.0005259206619809364,0.014006174586895372,195.52570859962358,False,0.0,46,structured,1.0380411453748886
S22,0.650800770556923,0.650800770556923,0.010083642702386403,0.650800770556923,0.2474689105176528,0.7525310894823471,0.0005238984568109476,0.06152148022276784,0.2,False,0.0466362957387161,0.0,0.0,True,0.3762479460296911,1.0,0.650800770556923,False,0.0852603575333005,0.0,0.0,0.0,0.0005238984568109476,0.01022155323956966,207.72609777609892,False,0.0,46,structured,1.0380411453748886
S23,0.13510295885836804,0.13510295885836804,0.009620159857670079,0.13510295885836804,0.32436896126410225,0.6756310387358978,0.0002906551443506207,0.0650851141960684,0.2,False,0.08799337943533815,0.0,0.0,False,0.08559554840385467,0.0,0.0,True,0.10168190654654308,1.0,0.13510295885836804,0.0,0.0002906551443506207,0.00828863668832845,202.14810618213835,False,0.0,46,structured,1.0380411453748886
S24,0.3634800685939531,0.3634800685939531,0.009881812729144564,0.36348006859395315,0.9724908607965929,0.027509139203407335,0.0005392858299357169,0.06580545289893154,0.0,True,0.029078340327724696,0.1016994881988599,0.03696573694649153,True,0.0680515378143909,0.89830051180114,0.3265143316474616,False,0.0989720831156394,0.0,0.0,0.0,0.0009054773685021861,0.02675801413622475,216.81266089405364,False,0.0,46,structured,1.0380411453748886
S25,0.5530376753617846,0.5530376753617846,0.007955262429126274,0.6912970942022307,0.0,1.0,0.00014020304052559792,0.07876688777866683,0.2,True,0.28209761901545266,1.0,0.6912970942022307,False,0.2209600101438472,0.0,0.0,False,0.08586041439137794,0.0,0.0,0.0,0.010874602871691608,0.16638660324676163,209.72634699073933,False,0.0,46,structured,1.0380411453748886
S01,0.5972403452072419,0.5972403452072419,0.015063373259595017,0.7465504315090523,0.06955222331713037,0.9304477766828697,0.0004,0.0,0.2,True,0.1,1.0,0.7465504315090523,False,0.1,0.0,0.0,False,0.1,0.0,0.0,0.000971904140343583,0.07555306766219869,5.16460961787341,,True,2.190495713018026,47,baseline,2.2796286114048265
S02,0.60280853090218,0.60280853090218,0.01479841990097627,0.60280853090218,0.9258411735505051,0.07415882644949474,0.0004,0.0,0.2,False,0.1,0.0,0.0,True,0.1,1.0,0.60280853090218,False,0.1,0.0,0.0,9.929366729798572e-05,0.004897692014161378,0.4151124868205211,,True,0.22378992280986215,47,baseline,2.2796286114048265
S03,0.486902694098232,0.486902694098232,0.011755802454540432,0.486902694098232,0.30700639654100703,0.6929936034589929,0.0004,0.0,0.2,False,0.1,0.0,0.0,False,0.1,0.0,0.0,True,0.1,1.0,0.486902694098232,0.00043629795154760247,0.010840535765549834,0.9880398135999512,,True,0.9833364760908537,47,baseline,2.2796286114048265
S04,0.3111914511549051,0.3111914511549051,0.011849154192221403,0.3111914511549051,0.3452058520914808,0.6547941479085191,0.0004,0.0,0.2,False,0.1,0.0,0.0,False,0.1,0.0,0.0,True,0.1,1.0,0.3111914511549051,0.0001151527680700427,0.0029566759693266534,0.27428344594205006,,True,0.2595334604814177,47,baseline,2.2796286114048265
S05,0.774653027298075,0.774653027298075,0.011548944410923303,0.9683162841225936,0.06836828074874966,0.9316317192512504,0.0004,0.0,0.2,True,0.1,1.0,0.9683162841225936,False,0.1,0.0,0.0,False,0.1,0.0,0.0,0.013900765559668422,0.3909856423620873,33.60012868167399,,True,31.329805175393027,47,baseline,2.2796286114048265
S06,0.43022419770392883,0.43022419770392883,0.010370229158749291,0.43022419770392883,0.15820192461895266,0.8417980753810472,0.0004,0.0,0.2,False,0.1,0.0,0.0,True,0.1,0.8609476124937331,0.3704004958502293,True,0.1,0.13905238750626692,0.0598237018536995,0.000180568619542513,0.002790154636334644,0.30819185455435427,,True,0.4069689289250584,47,baseline,2.2796286114048265
S07,0.3740719558707182,0.3740719558707182,0.008351976713814241,0.4675899448383977,0.8372290260047632,0.1627709739952367,0.0004,0.0,0.2,True,0.1,1.0,0.4675899448383977,False,0.1,0.0,0.0,False,0.1,0.0,0.0,0.0009652018838415819,0.01078379123599448,1.2177589315149673,,True,2.1753900420719274,47,baseline,2.2796286114048265
S08,0.6603413607100735,0.6603413607100735,0.009435249913495971,0.6603413607100735,0.46985513290643593,0.530144867093564,0.0004,0.0,0.2,False,0.1,0.0,0.0,False,0.1,0.0,0.0,True,0.1,1.0,0.6603413607100735,0.0031706286986263777,0.041509125108589916,4.425366386144393,,True,7.146022208998668,47,baseline,2.2796286114048265
S09,0.5049395053664837,0.5049395053664837,0.01388620386787235,0.5049395053664837,0.39924732241934213,0.6007526775806579,0.0004,0.0,0.2,False,0.1,0.0,0.0,True,0.1,0.3669477740783603,0.18528642753845947,True,0.1,0.6330522259216397,0.3196530778280242,0.0001697357133303567,0.007030758325412984,0.5982728671329267,,True,0.3825535224747207,47,baseline,2.2796286114048265
S10,0.36241792835569786,0.36241792835569786,0.01763521810856009,0.36241792835569786,0.33569035469162584,0.6643096453083741,0.0004,0.0,0.2,False,0.1,0.0,0.0,False,0.1,0.0,0.0,True,0.1,1.0,0.36241792835569786,2.9684451514241505e-05,0.0037400365541532792,0.2502305708272747,,True,0.06690337152206245,47,baseline,2.2796286114048265
S11,0.6012913349502613,0.6012913349502613,0.013125600865234233,0.7516141686878266,0.9216726911033614,0.07832730889663869,0.0004,0.0,0.2,True,0.1,1.0,0.7516141686878266,False,0.1,0.0,0.0,False,0.1,0.0,0.0,0.0018030995296459745,0.08002302894642534,6.186650179408648,,True,4.063859413581727,47,baseline,2.2796286114048265
S12,0.6223878717419093,0.6223878717419093,0.011308994761134844,0.6223878717419093,0.9161079279449301,0.08389207205506988,0.0004,0.0,0.2,False,0.1,0.0,0.0,False,0.1,0.0,0.0,True,0.1,1.0,0.6223878717419093,0.0013636030158770045,0.029860007975239734,2.7796994491619547,,True,3.0733139581863402,47,baseline,2.2796286114048265
S13,0.5202836377366656,0.5202836377366656,0.009646573322000796,0.5202836377366656,0.7376456548865702,0.2623543451134299,0.0004,0.0,0.2,False,0.1,0.0,0.0,True,0.1,1.0,0.5202836377366656,False,0.1,0.0,0.0,0.00030692908107312803,0.003851501291672777,0.44584396519416125,,True,0.6917624983607654,47,baseline,2.2796286114048265
S14,0.6381427463275507,0.6381427463275507,0.01114597003362171,0.6381427463275507,0.9845736794137829,0.015426320586217032,0.0004,0.0,0.2,False,0.1,0.0,0.0,True,0.1,1.0,0.6381427463275507,False,0.1,0.0,0.0,0.0003550893468534679,0.006583286252004696,0.6844155553621663,,True,0.8003070053245377,47,baseline,2.2796286114048265
S15,0.5422004222012451,0.5422004222012451,0.013308134732355842,0.5422004222012451,0.797209476740049,0.2027905232599509,0.0004,0.0,0.2,False,0.1,0.0,0.0,True,0.1,1.0,0.5422004222012451,False,0.1,0.0,0.0,0.00011430831545977528,0.003807513459423207,0.35101500481303344,,True,0.2576302174085116,47,baseline,2.2796286114048265
S16,0.4749734064041826,0.4749734064041826,0.01471614376487804,0.5585069475680646,0.04701891731393819,0.9529810826860617,0.0004,0.0,0.2,True,0.1,0.7478290245771907,0.41766770581940993,True,0.1,0.25217097542280925,0.14083924174865464,False,0.1,0.0,0.0,0.0002030043279605922,0.010772608152082433,0.9410341856082678,,True,0.45753494780316645,47,baseline,2.2796286114048265
S17,0.4258317899489243,0.4258317899489243,0.01549099116139336,0.5105408955645994,0.07801807542580695,0.9219819245741931,0.0004,0.0,0.2,True,0.1,0.829601569155361,0.4235455280783749,True,0.1,0.17039843084463896,0.08699536748622443,False,0.1,0.0,0.0,0.0001279009166669752,0.008729253184764887,0.7257963971250646,,True,0.28826547600779007,47,baseline,2.2796286114048265
S18,0.5848733701819101,0.5848733701819101,0.0035800332844800357,0.5848733701819101,0.23321643836283168,0.7667835616371683,0.0004,0.0,0.2,False,0.1,0.0,0.0,True,0.1,1.0,0.5848733701819101,False,0.1,0.0,0.0,0.0026253431743681324,0.006597888338136242,1.2625964364667321,,True,5.9170475049334925,47,baseline,2.2796286114048265
S19,0.6938070503547442,0.6938070503547442,0.010997439824711065,0.8672588129434302,0.5333486666210696,0.46665133337893033,0.0004,0.0,0.2,True,0.1,1.0,0.8672588129434302,False,0.1,0.0,0.0,False,0.1,0.0,0.0,0.007889228352744308,0.1892248963645274,16.98133773911963,,True,17.780890283683178,47,baseline,2.2796286114048265
S20,0.37044801808314254,0.37044801808314254,0.007845426666356799,0.37044801808314254,0.25699235275439525,0.7430076472456048,0.0004,0.0,0.2,False,0.1,0.0,0.0,True,0.1,0.16971702547321535,0.06287133572151885,True,0.1,0.8302829745267847,0.3075766823616237,0.0005119644573227668,0.004252437852951772,0.5384927683914598,,True,1.153875060751021,47,baseline,2.2796286114048265
S21,0.5419378127776187,0.5419378127776187,0.004180002172448916,0.5419378127776187,0.10462991979782987,0.8953700802021701,0.0004,0.0,0.2,False,0.1,0.0,0.0,True,0.1,1.0,0.5419378127776187,False,0.1,0.0,0.0,0.0017651872524774318,0.00519906592777811,0.9405220351659588,,True,3.9784120148505253,47,baseline,2.2796286114048265
S22,0.2691185621328077,0.2691185621328077,0.005099870655714158,0.2691185621328077,0.40211073142428133,0.5978892685757186,0.0004,0.0,0.2,False,0.1,0.0,0.0,False,0.1,0.0,0.0,True,0.1,1.0,0.2691185621328077,0.0006382922051654495,0.002568058775212553,0.41193002432494996,,True,1.438594899465561,47,baseline,2.2796286114048265
S23,0.5192375476130935,0.5192375476130935,0.012843710418576314,0.6261353884348484,0.582305393712768,0.417694606287232,0.0004,0.0,0.2,True,0.1,0.8536320003327683,0.5344892041087745,True,0.1,0.14636799966723166,0.09164618432607385,False,0.1,0.0,0.0,0.0006470596646111634,0.021106900431739024,2.013352444839413,,True,1.458355163397667,47,baseline,2.2796286114048265
S24,0.3182071804417948,0.3182071804417948,0.009451112002246076,0.3182071804417948,0.2150300417592476,0.7849699582407523,0.0004,0.0,0.2,False,0.1,0.0,0.0,False,0.1,0.0,0.0,True,0.1,1.0,0.3182071804417948,0.000249071579661493,0.0033052522841919706,0.3619261702847133,,True,0.5613621805235376,47,baseline,2.2796286114048265
S25,0.6037221143375455,0.6037221143375455,0.00606204550291734,0.6037221143375455,0.9246746706067608,0.0753253293932391,0.0004,0.0,0.2,False,0.1,0.0,0.0,False,0.1,0.0,0.0,True,0.1,1.0,0.6037221143375455,0.005729826729693112,0.02982452992131871,4.255824421285817,,True,12.913990553936552,47,baseline,2.2796286114048265
S01,0.5972403452072419,0.5972403452072419,0.015063373259595017,0.7465504315090523,0.06955222331713037,0.9304477766828697,0.0004,0.0,0.2,True,0.2518619886736428,1.0,0.7465504315090523,False,0.08462945222001245,0.0,0.0,False,0.07386948365857192,0.0,0.0,0.0005113043559798637,0.039528983124517685,2.722906071337336,,True,1.1630914709797147,47,affinity,2.1659795488153843
S02,0.60280853090218,0.60280853090218,0.01479841990097627,0.60280853090218,0.9258411735505051,0.07415882644949474,0.0004,0.0,0.2,False,0.1421700963876921,0.0,0.0,True,0.13344449180114434,1.0,0.60280853090218,False,0.5383909928560768,0.0,0.0,2.666858516560409e-05,0.0016541905031519518,0.12699812990368117,,True,0.060664462538691566,47,affinity,2.1659795488153843
S03,0.486902694098232,0.486902694098232,0.011755802454540432,0.486902694098232,0.30700639654100703,0.6929936034589929,0.0004,0.0,0.2,False,0.21765484507744964,0.0,0.0,False,0.1679984315959824,0.0,0.0,True,0.09206674437004662,1.0,0.486902694098232,0.00018162283515758273,0.004792214068765517,0.4287607897203604,,True,0.41314721464109416,47,affinity,2.1659795488153843
S04,0.3111914511549051,0.3111914511549051,0.011849154192221403,0.3111914511549051,0.3452058520914808,0.6547941479085191,0.0004,0.0,0.2,False,0.10165198722697909,0.0,0.0,False,0.14886791458226378,0.0,0.0,True,0.0650897186307314,1.0,0.3111914511549051,9.363657241075208e-05,0.0025381570840068562,0.22920886893157794,,True,0.2130001387021417,47,affinity,2.1659795488153843
S05,0.774653027298075,0.774653027298075,0.011548944410923303,0.9683162841225936,0.06836828074874966,0.9316317192512504,0.0004,0.0,0.2,True,0.16348637523730822,1.0,0.9683162841225936,False,0.18196070679551565,0.0,0.0,False,0.19002767252139746,0.0,0.0,0.010948328885167042,0.30628436883653076,26.40225273500606,,True,24.904751541604558,47,affinity,2.1659795488153843
S06,0.43022419770392883,0.43022419770392883,0.010370229158749291,0.43022419770392883,0.15820192461895266,0.8417980753810472,0.0004,0.0,0.2,False,0.18887803503921083,0.0,0.0,True,0.07945328568653447,0.8609476124937331,0.3704004958502293,True,0.07292487844606008,0.13905238750626692,0.0598237018536995,0.00012191790234936665,0.0021877026009186075,0.2205700661655472,,True,0.27733319836584874,47,affinity,2.1659795488153843
S07,0.3740719558707182,0.3740719558707182,0.008351976713814241,0.4675899448383977,0.8372290260047632,0.1627709739952367,0.0004,0.0,0.2,True,0.3011255642382297,1.0,0.4675899448383977,False,0.0621086893540622,0.0,0.0,False,0.04513851410035915,0.0,0.0,0.0005634527359376569,0.0062780331225356775,0.7136711845549731,,True,1.2817161907673698,47,affinity,2.1659795488153843
S08,0.6603413607100735,0.6603413607100735,0.009435249913495971,0.6603413607100735,0.46985513290643593,0.530144867093564,0.0004,0.0,0.2,False,0.19871874910322787,0.0,0.0,False,0.0732185172565595,0.0,0.0,True,0.043178754489519515,1.0,0.6603413607100735,0.005124060294671185,0.07028856252300686,7.301456405005144,,True,11.655975068111031,47,affinity,2.1659795488153843
S09,0.5049395053664837,0.5049395053664837,0.01388620386787235,0.5049395053664837,0.39924732241934213,0.6007526775806579,0.0004,0.0,0.2,False,0.06914641406463506,0.0,0.0,True,0.08552083266309192,0.3669477740783603,0.18528642753845947,True,0.14498222995817323,0.6330522259216397,0.3196530778280242,5.041258387727911e-05,0.002418644010453226,0.19236289354843653,,True,0.11467621124671577,47,affinity,2.1659795488153843
S10,0.36241792835569786,0.36241792835569786,0.01763521810856009,0.36241792835569786,0.33569035469162584,0.6643096453083741,0.0004,0.0,0.2,False,0.15012599957130293,0.0,0.0,False,0.2068429598043139,0.0,0.0,True,0.023709733097441434,1.0,0.36241792835569786,8.021034637371735e-05,0.010792891963986792,0.6785488802335415,,True,0.1824587814684555,47,affinity,2.1659795488153843
S11,0.6012913349502613,0.6012913349502613,0.013125600865234233,0.7516141686878266,0.9216726911033614,0.07832730889663869,0.0004,0.0,0.2,True,0.08769941122879217,1.0,0.7516141686878266,False,0.2524280685870597,0.0,0.0,False,0.06959355701787769,0.0,0.0,0.0024772438909607818,0.10915100071540469,8.443985369786061,,True,5.635119684422478,47,affinity,2.1659795488153843
S12,0.6223878717419093,0.6223878717419093,0.011308994761134844,0.6223878717419093,0.9161079279449301,0.08389207205506988,0.0004,0.0,0.2,False,0.0568359187265707,0.0,0.0,False,0.07244855154544827,0.0,0.0,True,0.12475341105062163,1.0,0.6223878717419093,0.00024897296382814227,0.005801556281110846,0.5334559241024255,,True,0.5663521684224758,47,affinity,2.1659795488153843
S13,0.5202836377366656,0.5202836377366656,0.009646573322000796,0.5202836377366656,0.7376456548865702,0.2623543451134299,0.0004,0.0,0.2,False,0.14153723685921105,0.0,0.0,True,0.06890107752349617,1.0,0.5202836377366656,False,0.18369296480500474,0.0,0.0,0.00023832375366384005,0.003486059265948848,0.3674343139834264,,True,0.5421278382952,47,affinity,2.1659795488153843
S14,0.6381427463275507,0.6381427463275507,0.01114597003362171,0.6381427463275507,0.9845736794137829,0.015426320586217032,0.0004,0.0,0.2,False,0.02099959006855309,0.0,0.0,True,0.14291259366770673,1.0,0.6381427463275507,False,0.3826465659981412,0.0,0.0,8.039197732786298e-05,0.001795611743692479,0.172321489488445,,True,0.18287194715179464,47,affinity,2.1659795488153843
S15,0.5422004222012451,0.5422004222012451,0.013308134732355842,0.5422004222012451,0.797209476740049,0.2027905232599509,0.0004,0.0,0.2,False,0.1525171119296857,0.0,0.0,True,0.019736903418825353,1.0,0.5422004222012451,False,0.1817172509187513,0.0,0.0,0.0008286732755889545,0.03320384184589225,2.644472803989481,,True,1.8850275922630573,47,affinity,2.1659795488153843
S16,0.4749734064041826,0.4749734064041826,0.01471614376487804,0.5585069475680646,0.04701891731393819,0.9529810826860617,0.0004,0.0,0.2,True,0.1389202938958794,0.7478290245771907,0.41766770581940993,True,0.06440582836053427,0.25217097542280925,0.14083924174865464,False,0.1318685090494998,0.0,0.0,0.00019107187586076566,0.01170228721648495,0.9118133328166184,,True,0.43464145485688654,47,affinity,2.1659795488153843
S17,0.4258317899489243,0.4258317899489243,0.01549099116139336,0.5105408955645994,0.07801807542580695,0.9219819245741931,0.0004,0.0,0.2,True,0.14301450230472387,0.829601569155361,0.4235455280783749,True,0.10645769269177706,0.17039843084463896,0.08699536748622443,False,0.5224771440626189,0.0,0.0,0.00010693836283247572,0.008291202269285649,0.6236682334855552,,True,0.24325843556060953,47,affinity,2.1659795488153843
S18,0.5848733701819101,0.5848733701819101,0.0035800332844800357,0.5848733701819101,0.23321643836283168,0.7667835616371683,0.0004,0.0,0.2,False,0.11398282963296776,0.0,0.0,True,0.12570187376192812,1.0,0.5848733701819101,False,0.08114936015976207,0.0,0.0,0.0007924322938435756,0.002141513004651108,0.39972633390071166,,True,1.8025882852729918,47,affinity,2.1659795488153843
S19,0.6938070503547442,0.6938070503547442,0.010997439824711065,0.8672588129434302,0.5333486666210696,0.46665133337893033,0.0004,0.0,0.2,True,0.0851767923997718,1.0,0.8672588129434302,False,0.029979707328902164,0.0,0.0,False,0.508422791965886,0.0,0.0,0.01163887196271011,0.2774791123744517,24.908560748520603,,True,26.47556695602683,47,affinity,2.1659795488153843
S20,0.37044801808314254,0.37044801808314254,0.007845426666356799,0.37044801808314254,0.25699235275439525,0.7430076472456048,0.0004,0.0,0.2,False,0.30828595594042985,0.0,0.0,True,0.17888989903634714,0.16971702547321535,0.06287133572151885,True,0.224749977963519,0.8302829745267847,0.3075766823616237,0.00011497892760635338,0.001025733586623157,0.12888396102227317,,True,0.26154873995755734,47,affinity,2.1659795488153843
S21,0.5419378127776187,0.5419378127776187,0.004180002172448916,0.5419378127776187,0.10462991979782987,0.8953700802021701,0.0004,0.0,0.2,False,0.08545078349005558,0.0,0.0,True,0.03555028489941222,1.0,0.5419378127776187,False,0.06282380318239736,0.0,0.0,0.004243606199773435,0.013499330994857981,2.3192529176084467,,True,9.653158866003286,47,affinity,2.1659795488153843
S22,0.2691185621328077,0.2691185621328077,0.005099870655714158,0.2691185621328077,0.40211073142428133,0.5978892685757186,0.0004,0.0,0.2,False,0.07116388991131142,0.0,0.0,False,0.20082703417782657,0.0,0.0,True,0.02771252432618761,1.0,0.2691185621328077,0.0011620596392738869,0.004782845761751272,0.7504717834918967,,True,2.643399453577998,47,affinity,2.1659795488153843
S23,0.5192375476130935,0.5192375476130935,0.012843710418576314,0.6261353884348484,0.582305393712768,0.417694606287232,0.0004,0.0,0.2,True,0.06995132162903757,0.8536320003327683,0.5344892041087745,True,0.10456927846353106,0.14636799966723166,0.09164618432607385,False,0.06304631181684404,0.0,0.0,0.0007735729524265866,0.028380385067291066,2.4544676616594217,,True,1.7596879287752305,47,affinity,2.1659795488153843
S24,0.3182071804417948,0.3182071804417948,0.009451112002246076,0.3182071804417948,0.2150300417592476,0.7849699582407523,0.0004,0.0,0.2,False,0.15341741371673073,0.0,0.0,False,0.14817705090095398,0.0,0.0,True,0.1030071825184363,1.0,0.3182071804417948,0.00012555185530948833,0.0017476249106184803,0.18944987842528876,,True,0.2855995462747358,47,affinity,2.1659795488153843
S25,0.6037221143375455,0.6037221143375455,0.00606204550291734,0.6037221143375455,0.9246746706067608,0.0753253293932391,0.0004,0.0,0.2,False,0.16386472407982236,0.0,0.0,False,0.026907574123009856,0.0,0.0,True,0.07082267403444108,1.0,0.6037221143375455,0.003236498463066197,0.017418147011972494,2.454639643225958,,True,7.362236824713258,47,affinity,2.1659795488153843
S01,0.5972403452072419,0.5972403452072419,0.015063373259595017,0.7465504315090523,0.06955222331713037,0.9304477766828697,0.0004,0.04816063164959759,0.2,True,0.1,1.0,0.7465504315090523,False,0.1,0.0,0.0,False,0.1,0.0,0.0,8.421284442296651e-10,0.073094191344425,1.353618102235839,,True,0.030233558838528796,47,starvation,0.0990311438658776
S02,0.60280853090218,0.60280853090218,0.01479841990097627,0.60280853090218,0.9258411735505051,0.07415882644949474,0.0004,0.05429355935356125,0.2,False,0.1,0.0,0.0,True,0.1,1.0,0.60280853090218,False,0.1,0.0,0.0,0.0,0.0028563595214092363,0.1060637494442852,285.350325672611,False,0.0,47,starvation,0.0990311438658776
S03,0.486902694098232,0.486902694098232,0.011755802454540432,0.486902694098232,0.30700639654100703,0.6929936034589929,0.0004,0.09065243027347429,0.2,False,0.1,0.0,0.0,False,0.1,0.0,0.0,True,0.1,1.0,0.486902694098232,0.0,0.004379220559916488,0.0844202768359623,185.4971736480021,False,0.0,47,starvation,0.0990311438658776
S04,0.3111914511549051,0.3111914511549051,0.011849154192221403,0.3111914511549051,0.3452058520914808,0.6547941479085191,0.0004,0.05908220581113292,0.2,False,0.1,0.0,0.0,False,0.1,0.0,0.0,True,0.1,1.0,0.3111914511549051,0.0,0.0016262214427859168,0.04342060884512681,241.6026471977508,False,0.0,47,starvation,0.0990311438658776
S05,0.774653027298075,0.774653027298075,0.011548944410923303,0.9683162841225936,0.06836828074874966,0.9316317192512504,0.0004,0.07250290027034091,0.2,True,0.1,1.0,0.9683162841225936,False,0.1,0.0,0.0,False,0.1,0.0,0.0,0.0,0.36810479733097423,5.201441310009337,256.446870619914,False,0.0,47,starvation,0.0990311438658776
S06,0.43022419770392883,0.43022419770392883,0.010370229158749291,0.43022419770392883,0.15820192461895266,0.8417980753810472,0.0004,0.045379681103082235,0.2,False,0.1,0.0,0.0,True,0.1,0.8609476124937331,0.3704004958502293,True,0.1,0.13905238750626692,0.0598237018536995,1.6163378926676698e-09,0.0016402946764121403,0.06858120398060394,,True,0.05802873316506153,47,starvation,0.0990311438658776
S07,0.3740719558707182,0.3740719558707182,0.008351976713814241,0.4675899448383977,0.8372290260047632,0.1627709739952367,0.0004,0.0698978688033791,0.2,True,0.1,1.0,0.4675899448383977,False,0.1,0.0,0.0,False,0.1,0.0,0.0,0.0,0.009925967668282404,0.16430803968893173,228.38977365871278,False,0.0,47,starvation,0.0990311438658776
S08,0.6603413607100735,0.6603413607100735,0.009435249913495971,0.6603413607100735,0.46985513290643593,0.530144867093564,0.0004,0.06277252684250326,0.2,False,0.1,0.0,0.0,False,0.1,0.0,0.0,True,0.1,1.0,0.6603413607100735,0.0,0.033700478176279205,0.738046742190149,281.1711521048384,False,0.0,47,starvation,0.0990311438658776
S09,0.5049395053664837,0.5049395053664837,0.01388620386787235,0.5049395053664837,0.39924732241934213,0.6007526775806579,0.0004,0.11013473814724208,0.2,False,0.1,0.0,0.0,True,0.1,0.3669477740783603,0.18528642753845947,True,0.1,0.6330522259216397,0.3196530778280242,0.0,0.0016405872259574836,0.03504634993635917,154.46472953022993,False,0.0,47,starvation,0.0990311438658776
S10,0.36241792835569786,0.36241792835569786,0.01763521810856009,0.36241792835569786,0.33569035469162584,0.6643096453083741,0.0004,0.06280350301938953,0.2,False,0.1,0.0,0.0,False,0.1,0.0,0.0,True,0.1,1.0,0.36241792835569786,0.0,0.002053668388653034,0.049365462980459913,219.17375289706544,False,0.0,47,starvation,0.0990311438658776
S11,0.6012913349502613,0.6012913349502613,0.013125600865234233,0.7516141686878266,0.9216726911033614,0.07832730889663869,0.0004,0.02247357506863676,0.2,True,0.1,1.0,0.7516141686878266,False,0.1,0.0,0.0,False,0.1,0.0,0.0,2.746180672203134e-06,0.080748539800418,2.488791613622665,,True,98.59162875116111,47,starvation,0.0990311438658776
S12,0.6223878717419093,0.6223878717419093,0.011308994761134844,0.6223878717419093,0.9161079279449301,0.08389207205506988,0.0004,0.055900846841570276,0.2,False,0.1,0.0,0.0,False,0.1,0.0,0.0,True,0.1,1.0,0.6223878717419093,0.0,0.02595725698510133,0.6018692445871733,296.0978686183656,False,0.0,47,starvation,0.0990311438658776
S13,0.5202836377366656,0.5202836377366656,0.009646573322000796,0.5202836377366656,0.7376456548865702,0.2623543451134299,0.0004,0.04684618125876139,0.2,False,0.1,0.0,0.0,True,0.1,1.0,0.5202836377366656,False,0.1,0.0,0.0,2.9846236820167294e-09,0.002424615524747597,0.10211833383474427,,True,0.10715205776437373,47,starvation,0.0990311438658776
S14,0.6381427463275507,0.6381427463275507,0.01114597003362171,0.6381427463275507,0.9845736794137829,0.015426320586217032,0.0004,0.04637104591861747,0.2,False,0.1,0.0,0.0,True,0.1,1.0,0.6381427463275507,False,0.1,0.0,0.0,6.362987334678523e-09,0.005093899220776084,0.20775181991200017,,True,0.228439917081523,47,starvation,0.0990311438658776
S15,0.5422004222012451,0.5422004222012451,0.013308134732355842,0.5422004222012451,0.797209476740049,0.2027905232599509,0.0004,0.05413923142871529,0.2,False,0.1,0.0,0.0,True,0.1,1.0,0.5422004222012451,False,0.1,0.0,0.0,0.0,0.002037266063616126,0.0779381829644655,284.1558754711454,False,0.0,47,starvation,0.0990311438658776
S16,0.4749734064041826,0.4749734064041826,0.01471614376487804,0.5585069475680646,0.04701891731393819,0.9529810826860617,0.0004,0.04943628831884013,0.2,True,0.1,0.7478290245771907,0.41766770581940993,True,0.1,0.25217097542280925,0.14083924174865464,False,0.1,0.0,0.0,0.0,0.006795489903542252,0.21671768711492792,289.71640737406875,False,0.0,47,starvation,0.0990311438658776
S17,0.4258317899489243,0.4258317899489243,0.01549099116139336,0.5105408955645994,0.07801807542580695,0.9219819245741931,0.0004,0.03562724850702127,0.2,True,0.1,0.829601569155361,0.4235455280783749,True,0.1,0.17039843084463896,0.08699536748622443,False,0.1,0.0,0.0,5.88843856529993e-09,0.007227970540034259,0.23568129747160632,,True,0.21140296952433263,47,starvation,0.0990311438658776
S18,0.5848733701819101,0.5848733701819101,0.0035800332844800357,0.5848733701819101,0.23321643836283168,0.7667835616371683,0.0004,0.05727864325725687,0.2,False,0.1,0.0,0.0,True,0.1,1.0,0.5848733701819101,False,0.1,0.0,0.0,1.5902829576287306e-09,0.003420801615133298,0.13607480075091505,,True,0.05709332548832121,47,starvation,0.0990311438658776
S19,0.6938070503547442,0.6938070503547442,0.010997439824711065,0.8672588129434302,0.5333486666210696,0.46665133337893033,0.0004,0.04991437371363421,0.2,True,0.1,1.0,0.8672588129434302,False,0.1,0.0,0.0,False,0.1,0.0,0.0,4.137352525698014e-09,0.18374288011419565,3.461334412607412,,True,0.14853659424347027,47,starvation,0.0990311438658776
S20,0.37044801808314254,0.37044801808314254,0.007845426666356799,0.37044801808314254,0.25699235275439525,0.7430076472456048,0.0004,0.0382941827623607,0.2,False,0.1,0.0,0.0,True,0.1,0.16971702547321535,0.06287133572151885,True,0.1,0.8302829745267847,0.3075766823616237,1.534745423580419e-08,0.0033913243938597224,0.1196430366591131,,True,0.5509945232692672,47,starvation,0.0990311438658776
S21,0.5419378127776187,0.5419378127776187,0.004180002172448916,0.5419378127776187,0.10462991979782987,0.8953700802021701,0.0004,0.06721328079123849,0.2,False,0.1,0.0,0.0,True,0.1,1.0,0.5419378127776187,False,0.1,0.0,0.0,0.0,0.001945954905819956,0.07226520307211128,269.29744142846374,False,0.0,47,starvation,0.0990311438658776
S22,0.2691185621328077,0.2691185621328077,0.005099870655714158,0.2691185621328077,0.40211073142428133,0.5978892685757186,0.0004,0.05543648187114725,0.2,False,0.1,0.0,0.0,False,0.1,0.0,0.0,True,0.1,1.0,0.2691185621328077,0.0,0.0014245095229881977,0.0426748386397461,276.31596725262256,False,0.0,47,starvation,0.0990311438658776
S23,0.5192375476130935,0.5192375476130935,0.012843710418576314,0.6261353884348484,0.582305393712768,0.417694606287232,0.0004,0.06549244424452373,0.2,True,0.1,0.8536320003327683,0.5344892041087745,True,0.1,0.14636799966723166,0.09164618432607385,False,0.1,0.0,0.0,0.0,0.015445922872162399,0.3288284612389356,244.0192105554823,False,0.0,47,starvation,0.0990311438658776
S24,0.3182071804417948,0.3182071804417948,0.009451112002246076,0.3182071804417948,0.2150300417592476,0.7849699582407523,0.0004,0.0555312920083764,0.2,False,0.1,0.0,0.0,False,0.1,0.0,0.0,True,0.1,1.0,0.3182071804417948,0.0,0.0019435088655373471,0.05365045461479207,264.2000992677755,False,0.0,47,starvation,0.0990311438658776
S25,0.6037221143375455,0.6037221143375455,0.00606204550291734,0.6037221143375455,0.9246746706067608,0.0753253293932391,0.0004,0.05935804571546438,0.2,False,0.1,0.0,0.0,False,0.1,0.0,0.0,True,0.1,1.0,0.6037221143375455,4.5930204753324866e-10,0.023816621414468837,0.5641678897853478,,True,0.01648956946402127,47,starvation,0.0990311438658776
S01,0.5972403452072419,0.5972403452072419,0.015063373259595017,0.7465504315090523,0.06955222331713037,0.9304477766828697,0.0004,0.04816063164959759,0.2,True,0.2518619886736428,1.0,0.7465504315090523,False,0.08462945222001245,0.0,0.0,False,0.07386948365857192,0.0,0.0,4.2225175690214744e-10,0.035847611546061135,0.6841782538736156,,True,0.010845691100975885,47,both,0.024290080663676723
S02,0.60280853090218,0.60280853090218,0.01479841990097627,0.60280853090218,0.9258411735505051,0.07415882644949474,0.0004,0.05429355935356125,0.2,False,0.1421700963876921,0.0,0.0,True,0.13344449180114434,1.0,0.60280853090218,False,0.5383909928560768,0.0,0.0,0.0,0.0008835321094215373,0.02311679524680217,232.882569356669,False,0.0,47,both,0.024290080663676723
S03,0.486902694098232,0.486902694098232,0.011755802454540432,0.486902694098232,0.30700639654100703,0.6929936034589929,0.0004,0.09065243027347429,0.2,False,0.21765484507744964,0.0,0.0,False,0.1679984315959824,0.0,0.0,True,0.09206674437004662,1.0,0.486902694098232,0.0,0.0018238434569610947,0.03304737915812412,171.63791163631876,False,0.0,47,both,0.024290080663676723
S04,0.3111914511549051,0.3111914511549051,0.011849154192221403,0.3111914511549051,0.3452058520914808,0.6547941479085191,0.0004,0.05908220581113292,0.2,False,0.10165198722697909,0.0,0.0,False,0.14886791458226378,0.0,0.0,True,0.0650897186307314,1.0,0.3111914511549051,0.0,0.001489297461873885,0.03547746266690197,235.46764281319426,False,0.0,47,both,0.024290080663676723
S05,0.774653027298075,0.774653027298075,0.011548944410923303,0.9683162841225936,0.06836828074874966,0.9316317192512504,0.0004,0.07250290027034091,0.2,True,0.16348637523730822,1.0,0.9683162841225936,False,0.18196070679551565,0.0,0.0,False,0.19002767252139746,0.0,0.0,0.0,0.27624251510774633,3.9854124681368006,253.4945291894351,False,0.0,47,both,0.024290080663676723
S06,0.43022419770392883,0.43022419770392883,0.010370229158749291,0.43022419770392883,0.15820192461895266,0.8417980753810472,0.0004,0.045379681103082235,0.2,False,0.18887803503921083,0.0,0.0,True,0.07945328568653447,0.8609476124937331,0.3704004958502293,True,0.07292487844606008,0.13905238750626692,0.0598237018536995,0.0,0.0014581407344104419,0.04102455539938409,293.0624286815633,False,0.0,47,both,0.024290080663676723
S07,0.3740719558707182,0.3740719558707182,0.008351976713814241,0.4675899448383977,0.8372290260047632,0.1627709739952367,0.0004,0.0698978688033791,0.2,True,0.3011255642382297,1.0,0.4675899448383977,False,0.0621086893540622,0.0,0.0,False,0.04513851410035915,0.0,0.0,0.0,0.005132685047067416,0.08975370596757119,220.23409784175405,False,0.0,47,both,0.024290080663676723
S08,0.6603413607100735,0.6603413607100735,0.009435249913495971,0.6603413607100735,0.46985513290643593,0.530144867093564,0.0004,0.06277252684250326,0.2,False,0.19871874910322787,0.0,0.0,False,0.0732185172565595,0.0,0.0,True,0.043178754489519515,1.0,0.6603413607100735,0.0,0.06521022443992529,1.2295716954789044,284.98936782405065,False,0.0,47,both,0.024290080663676723
S09,0.5049395053664837,0.5049395053664837,0.01388620386787235,0.5049395053664837,0.39924732241934213,0.6007526775806579,0.0004,0.11013473814724208,0.2,False,0.06914641406463506,0.0,0.0,True,0.08552083266309192,0.3669477740783603,0.18528642753845947,True,0.14498222995817323,0.6330522259216397,0.3196530778280242,0.0,0.0005772175499738186,0.011700138995120467,135.57902482212913,False,0.0,47,both,0.024290080663676723
S10,0.36241792835569786,0.36241792835569786,0.01763521810856009,0.36241792835569786,0.33569035469162584,0.6643096453083741,0.0004,0.06280350301938953,0.2,False,0.15012599957130293,0.0,0.0,False,0.2068429598043139,0.0,0.0,True,0.023709733097441434,1.0,0.36241792835569786,0.0,0.008612734959022674,0.162741964370655,232.9583956826427,False,0.0,47,both,0.024290080663676723
S11,0.6012913349502613,0.6012913349502613,0.013125600865234233,0.7516141686878266,0.9216726911033614,0.07832730889663869,0.0004,0.02247357506863676,0.2,True,0.08769941122879217,1.0,0.7516141686878266,False,0.2524280685870597,0.0,0.0,False,0.06959355701787769,0.0,0.0,3.881240870672951e-06,0.1117712101081598,3.453123222065391,,True,99.6910939592764,47,both,0.024290080663676723
S12,0.6223878717419093,0.6223878717419093,0.011308994761134844,0.6223878717419093,0.9161079279449301,0.08389207205506988,0.0004,0.055900846841570276,0.2,False,0.0568359187265707,0.0,0.0,False,0.07244855154544827,0.0,0.0,True,0.12475341105062163,1.0,0.6223878717419093,0.0,0.0036264340005773927,0.08080226662257309,260.57215509058614,False,0.0,47,both,0.024290080663676723
S13,0.5202836377366656,0.5202836377366656,0.009646573322000796,0.5202836377366656,0.7376456548865702,0.2623543451134299,0.0004,0.04684618125876139,0.2,False,0.14153723685921105,0.0,0.0,True,0.06890107752349617,1.0,0.5202836377366656,False,0.18369296480500474,0.0,0.0,0.0,0.0024880220229117236,0.06568015076509182,299.1673993766205,False,0.0,47,both,0.024290080663676723
S14,0.6381427463275507,0.6381427463275507,0.01114597003362171,0.6381427463275507,0.9845736794137829,0.015426320586217032,0.0004,0.04637104591861747,0.2,False,0.02099959006855309,0.0,0.0,True,0.14291259366770673,1.0,0.6381427463275507,False,0.3826465659981412,0.0,0.0,0.0,0.00109300114487421,0.031135101591239122,279.33082484867674,False,0.0,47,both,0.024290080663676723
S15,0.5422004222012451,0.5422004222012451,0.013308134732355842,0.5422004222012451,0.797209476740049,0.2027905232599509,0.0004,0.05413923142871529,0.2,False,0.1525171119296857,0.0,0.0,True,0.019736903418825353,1.0,0.5422004222012451,False,0.1817172509187513,0.0,0.0,0.0,0.03414458063593463,0.7024159391522791,294.1210665464838,False,0.0,47,both,0.024290080663676723
S16,0.4749734064041826,0.4749734064041826,0.01471614376487804,0.5585069475680646,0.04701891731393819,0.9529810826860617,0.0004,0.04943628831884013,0.2,True,0.1389202938958794,0.7478290245771907,0.41766770581940993,True,0.06440582836053427,0.25217097542280925,0.14083924174865464,False,0.1318685090494998,0.0,0.0,0.0,0.007643752952244006,0.21302723943449772,281.3917356424715,False,0.0,47,both,0.024290080663676723
S17,0.4258317899489243,0.4258317899489243,0.01549099116139336,0.5105408955645994,0.07801807542580695,0.9219819245741931,0.0004,0.03562724850702127,0.2,True,0.14301450230472387,0.829601569155361,0.4235455280783749,True,0.10645769269177706,0.17039843084463896,0.08699536748622443,False,0.5224771440626189,0.0,0.0,3.5661987990003795e-09,0.006937696255061279,0.19991853925859698,,True,0.09159912290807237,47,both,0.024290080663676723
S18,0.5848733701819101,0.5848733701819101,0.0035800332844800357,0.5848733701819101,0.23321643836283168,0.7667835616371683,0.0004,0.05727864325725687,0.2,False,0.11398282963296776,0.0,0.0,True,0.12570187376192812,1.0,0.5848733701819101,False,0.08114936015976207,0.0,0.0,0.0,0.0010933645714657964,0.030016259320140487,265.18995293293005,False,0.0,47,both,0.024290080663676723
S19,0.6938070503547442,0.6938070503547442,0.010997439824711065,0.8672588129434302,0.5333486666210696,0.46665133337893033,0.0004,0.04991437371363421,0.2,True,0.0851767923997718,1.0,0.8672588129434302,False,0.029979707328902164,0.0,0.0,False,0.508422791965886,0.0,0.0,6.403281169625544e-09,0.27474593785214957,5.186635165152281,,True,0.16447062318451902,47,both,0.024290080663676723
S20,0.37044801808314254,0.37044801808314254,0.007845426666356799,0.37044801808314254,0.25699235275439525,0.7430076472456048,0.0004,0.0382941827623607,0.2,False,0.30828595594042985,0.0,0.0,True,0.17888989903634714,0.16971702547321535,0.06287133572151885,True,0.224749977963519,0.8302829745267847,0.3075766823616237,1.6348064820263043e-09,0.0006241823246148205,0.022530005331765378,,True,0.041990603530015075,47,both,0.024290080663676723
S21,0.5419378127776187,0.5419378127776187,0.004180002172448916,0.5419378127776187,0.10462991979782987,0.8953700802021701,0.0004,0.06721328079123849,0.2,False,0.08545078349005558,0.0,0.0,True,0.03555028489941222,1.0,0.5419378127776187,False,0.06282380318239736,0.0,0.0,0.0,0.009336046636183556,0.19184685321310124,260.38618066995673,False,0.0,47,both,0.024290080663676723
S22,0.2691185621328077,0.2691185621328077,0.005099870655714158,0.2691185621328077,0.40211073142428133,0.5978892685757186,0.0004,0.05543648187114725,0.2,False,0.07116388991131142,0.0,0.0,False,0.20082703417782657,0.0,0.0,True,0.02771252432618761,1.0,0.2691185621328077,0.0,0.0035602776070967385,0.08733701706783394,287.2538490289855,False,0.0,47,both,0.024290080663676723
S23,0.5192375476130935,0.5192375476130935,0.012843710418576314,0.6261353884348484,0.582305393712768,0.417694606287232,0.0004,0.06549244424452373,0.2,True,0.06995132162903757,0.8536320003327683,0.5344892041087745,True,0.10456927846353106,0.14636799966723166,0.09164618432607385,False,0.06304631181684404,0.0,0.0,0.0,0.022059627379577274,0.4266657725420194,242.8334396646663,False,0.0,47,both,0.024290080663676723
S24,0.3182071804417948,0.3182071804417948,0.009451112002246076,0.3182071804417948,0.2150300417592476,0.7849699582407523,0.0004,0.0555312920083764,0.2,False,0.15341741371673073,0.0,0.0,False,0.14817705090095398,0.0,0.0,True,0.1030071825184363,1.0,0.3182071804417948,0.0,0.000951039609432776,0.025577377495036312,247.75687598742084,False,0.0,47,both,0.024290080663676723
S25,0.6037221143375455,0.6037221143375455,0.00606204550291734,0.6037221143375455,0.9246746706067608,0.0753253293932391,0.0004,0.05935804571546438,0.2,False,0.16386472407982236,0.0,0.0,False,0.026907574123009856,0.0,0.0,True,0.07082267403444108,1.0,0.6037221143375455,0.0,0.012895323362843518,0.27400372338992435,286.98378687061205,False,0.0,47,both,0.024290080663676723
S01,0.5972403452072419,0.5972403452072419,0.015063373259595017,0.7465504315090523,0.2170774405462448,0.7829225594537551,0.00011913265160553022,0.04816063164959759,0.2,True,0.2518619886736428,1.0,0.7465504315090523,False,0.08462945222001245,0.0,0.0,False,0.07386948365857192,0.0,0.0,4.353044695266187e-09,0.2317902156565655,4.518573812448198,,True,0.022042631770743597,47,structured,0.0036314504708552953
S02,0.60280853090218,0.60280853090218,0.01479841990097627,0.60280853090218,0.0,1.0,0.0003695809117129551,0.05429355935356125,0.2,False,0.1421700963876921,0.0,0.0,True,0.13344449180114434,1.0,0.60280853090218,False,0.5383909928560768,0.0,0.0,0.0,0.0003695809117129551,0.0076416643616294385,211.0834164950495,False,0.0,47,structured,0.0036314504708552953
S03,0.486902694098232,0.486902694098232,0.011755802454540432,0.486902694098232,0.7301840124301183,0.2698159875698815,0.0002385388024690647,0.09065243027347429,0.0,False,0.21765484507744964,0.0,0.0,False,0.1679984315959824,0.0,0.0,True,0.09206674437004662,1.0,0.486902694098232,0.0,0.0002385388024690647,0.005434444407082486,161.40065069597856,False,0.0,47,structured,0.0036314504708552953
S04,0.3111914511549051,0.3111914511549051,0.011849154192221403,0.3111914511549051,0.3914937960803601,0.6085062039196399,3.62618277476385e-05,0.05908220581113292,0.0,True,0.10165198722697909,0.27496799419427714,0.08556768913447062,False,0.14886791458226378,0.0,0.0,True,0.0650897186307314,0.7250320058057229,0.2256237620204345,0.0,0.00010298531142432367,0.003786481718341516,212.35949102884283,False,0.0,47,structured,0.0036314504708552953
S05,0.774653027298075,0.774653027298075,0.011548944410923303,0.774653027298075,0.7276812664186469,0.272318733581353,6.864754406372588e-05,0.07250290027034091,0.0,False,0.16348637523730822,0.0,0.0,True,0.18196070679551565,1.0,0.774653027298075,False,0.19002767252139746,0.0,0.0,0.0,6.864754406372588e-05,0.001081886042737036,153.19029592901956,False,0.0,47,structured,0.0036314504708552953
S06,0.43022419770392883,0.43022419770392883,0.010370229158749291,0.46116638122855125,0.14018813945955333,0.8598118605404467,0.0003996273040811718,0.045379681103082235,0.2,True,0.18887803503921083,0.33547744137584523,0.15471091762311198,True,0.07945328568653447,0.24937850667184158,0.11500498347803331,True,0.07292487844606008,0.41514405195231313,0.19145048012740593,9.467949098855268e-10,0.0022081459298050185,0.08448899403940026,,True,0.004794311343441157,47,structured,0.0036314504708552953
S07,0.3740719558707182,0.3740719558707182,0.008351976713814241,0.4675899448383977,0.7801446856033142,0.2198553143966857,0.0011381330886843194,0.0698978688033791,0.2,True,0.3011255642382297,1.0,0.4675899448383977,False,0.0621086893540622,0.0,0.0,False,0.04513851410035915,0.0,0.0,0.0,0.08503979362730768,1.5450566917837447,263.4114466202693,False,0.0,47,structured,0.0036314504708552953
S08,0.6603413607100735,0.6603413607100735,0.009435249913495971,0.6603413607100735,0.5663744586904026,0.4336255413095974,8.699969135378348e-05,0.06277252684250326,0.0,False,0.19871874910322787,0.0,0.0,True,0.0732185172565595,1.0,0.6603413607100735,False,0.043178754489519515,0.0,0.0,0.0,8.699969135378348e-05,0.0025424671877338897,192.04117633652777,False,0.0,47,structured,0.0036314504708552953
S09,0.5049395053664837,0.5049395053664837,0.01388620386787235,0.5049395053664837,1.0,0.0,0.0005779188463167458,0.11013473814724208,0.2,False,0.06914641406463506,0.0,0.0,True,0.08552083266309192,0.7416291117254591,0.374477836840038,True,0.14498222995817323,0.25837088827454086,0.13046166852644567,0.0,0.0005779188463167458,0.0061426018404172516,126.21479640730608,False,0.0,47,structured,0.0036314504708552953
S10,0.36241792835569786,0.36241792835569786,0.01763521810856009,0.36241792835569786,1.0,0.0,0.0006130961555317459,0.06280350301938953,0.2,False,0.15012599957130293,0.0,0.0,False,0.2068429598043139,0.0,0.0,True,0.023709733097441434,1.0,0.36241792835569786,0.0,0.00484091809855205,0.1532805026311009,260.278823985161,False,0.0,47,structured,0.0036314504708552953
S11,0.6012913349502613,0.6012913349502613,0.013125600865234233,0.6012913349502613,0.12116177417351415,0.878838225826486,3.5195262069109385e-05,0.02247357506863676,0.0,True,0.08769941122879217,1.0,0.6012913349502613,False,0.2524280685870597,0.0,0.0,False,0.06959355701787769,0.0,0.0,1.9741211759549982e-05,0.43582027244723526,13.59690322438687,,True,99.96411523117256,47,structured,0.0036314504708552953
S12,0.6223878717419093,0.6223878717419093,0.011308994761134844,0.6809152497637587,1.0,0.0,0.001139188492132204,0.055900846841570276,0.2,True,0.0568359187265707,0.42976991660970487,0.2926368901092469,True,0.07244855154544827,0.22034457895944165,0.15003598401625848,True,0.12475341105062163,0.34988550443085353,0.23824237563825335,7.147040139986075e-10,0.04765405150627983,1.372275640865295,,True,0.00361906631070792,47,structured,0.0036314504708552953
S13,0.5202836377366656,0.5202836377366656,0.009646573322000796,0.5202836377366656,0.8678931408350222,0.13210685916497786,0.0005829060429430878,0.04684618125876139,0.2,False,0.14153723685921105,0.0,0.0,True,0.06890107752349617,1.0,0.5202836377366656,False,0.18369296480500474,0.0,0.0,0.0,0.0005829060429430878,0.020873982177018264,274.2558571555459,False,0.0,47,structured,0.0036314504708552953
S14,0.6381427463275507,0.6381427463275507,0.01114597003362171,0.6700230646529747,0.9582553207484178,0.04174467925158212,0.0001507192153922356,0.04637104591861747,0.2,True,0.02099959006855309,0.23790463349150265,0.1594015916271193,True,0.14291259366770673,0.7620953665084973,0.5106214730258554,False,0.3826465659981412,0.0,0.0,0.0,0.00097447147546944,0.027134856229833495,277.32322014009327,False,0.0,47,structured,0.0036314504708552953
S15,0.5422004222012451,0.5422004222012451,0.013308134732355842,0.5767133398995964,0.0,1.0,0.0018372204331230826,0.05413923142871529,0.2,True,0.1525171119296857,0.29922073334006766,0.17256458849175693,True,0.019736903418825353,0.5865563904341887,0.33827489496675267,True,0.1817172509187513,0.11422287622574373,0.06587385644108687,0.0,0.03437458170651179,0.8460041380367841,296.75856205249903,False,0.0,47,structured,0.0036314504708552953
S16,0.4749734064041826,0.4749734064041826,0.01471614376487804,0.4749734064041826,0.07174137442916183,0.9282586255708383,0.0004692523727355788,0.04943628831884013,0.0,False,0.1389202938958794,0.0,0.0,False,0.06440582836053427,0.0,0.0,True,0.1318685090494998,1.0,0.4749734064041826,0.0,0.0004692523727355788,0.017083136538387292,253.48786835693323,False,0.0,47,structured,0.0036314504708552953
S17,0.4258317899489243,0.4258317899489243,0.01549099116139336,0.45580113259526767,1.0,0.0,0.0001630162513913682,0.03562724850702127,0.2,True,0.14301450230472387,0.32875458728790435,0.14984671323171658,True,0.10645769269177706,0.6712454127120956,0.30595441936355106,False,0.5224771440626189,0.0,0.0,4.314756637052577e-10,0.0006608541844114388,0.021091068340086824,,True,0.0021848751480624544,47,structured,0.0036314504708552953
S18,0.5848733701819101,0.5848733701819101,0.0035800332844800357,0.5848733701819101,1.0,0.0,0.00018503001780542736,0.05727864325725687,0.2,False,0.11398282963296776,0.0,0.0,False,0.12570187376192812,0.0,0.0,True,0.08114936015976207,1.0,0.5848733701819101,0.0,0.0006498441665504255,0.0240532956721061,284.2059671888375,False,0.0,47,structured,0.0036314504708552953
S19,0.6938070503547442,0.6938070503547442,0.010997439824711065,0.6938070503547442,1.0,0.0,0.0004060917786186506,0.04991437371363421,0.2,False,0.0851767923997718,0.0,0.0,False,0.029979707328902164,0.0,0.0,True,0.508422791965886,1.0,0.6938070503547442,0.0,0.0004060917786186506,0.00894428683099739,242.55696371505238,False,0.0,47,structured,0.0036314504708552953
S20,0.37044801808314254,0.37044801808314254,0.007845426666356799,0.37044801808314254,1.0,0.0,0.00043941705314647745,0.0382941827623607,0.2,False,0.30828595594042985,0.0,0.0,True,0.17888989903634714,1.0,0.37044801808314254,False,0.224749977963519,0.0,0.0,6.406119420288545e-10,0.00043941705314647745,0.01176942288422728,,True,0.0032438842544940845,47,structured,0.0036314504708552953
S21,0.5419378127776187,0.5419378127776187,0.004180002172448916,0.5419378127776187,1.0,0.0,0.0002132917599645228,0.06721328079123849,0.2,False,0.08545078349005558,0.0,0.0,False,0.03555028489941222,0.0,0.0,True,0.06282380318239736,1.0,0.5419378127776187,0.0,0.0008393501929378575,0.02819025386015992,252.48758881576867,False,0.0,47,structured,0.0036314504708552953
S22,0.2691185621328077,0.2691185621328077,0.005099870655714158,0.2691185621328077,0.5528284754669678,0.44717152453303227,8.227949343985181e-05,0.05543648187114725,0.0,True,0.07116388991131142,1.0,0.2691185621328077,False,0.20082703417782657,0.0,0.0,False,0.02771252432618761,0.0,0.0,0.0,0.005682113698210355,0.12349568067777364,290.81555168690517,False,0.0,47,structured,0.0036314504708552953
S23,0.5192375476130935,0.5192375476130935,0.012843710418576314,0.5192375476130935,0.4544629360608289,0.545537063939171,0.00018490656119284914,0.06549244424452373,0.2,False,0.06995132162903757,0.0,0.0,False,0.10456927846353106,0.0,0.0,True,0.06304631181684404,1.0,0.5192375476130935,0.0,0.0004972254848522637,0.016394344720815957,224.6976916476401,False,0.0,47,structured,0.0036314504708552953
S24,0.3182071804417948,0.3182071804417948,0.009451112002246076,0.3688844715155662,1.0,0.0,0.00018391213935944773,0.0555312920083764,0.2,True,0.15341741371673073,0.686899218955505,0.2533864553688566,False,0.14817705090095398,0.0,0.0,True,0.1030071825184363,0.31310078104449496,0.11549801614670953,0.0,0.0023889756803731083,0.06660237432714078,266.84793560428966,False,0.0,47,structured,0.0036314504708552953
S25,0.6037221143375455,0.6037221143375455,0.00606204550291734,0.6037221143375455,1.0,0.0,0.000279636303119426,0.05935804571546438,0.2,False,0.16386472407982236,0.0,0.0,False,0.026907574123009856,0.0,0.0,True,0.07082267403444108,1.0,0.6037221143375455,0.0,0.0013391145296265709,0.04654745917762821,280.2838646282057,False,0.0,47,structured,0.0036314504708552953
S01,0.4572398847939109,0.4572398847939109,0.011622915646896465,0.5715498559923886,0.8256769627870472,0.17432303721295284,0.0004,0.0,0.2,True,0.1,1.0,0.5715498559923886,False,0.1,0.0,0.0,False,0.1,0.0,0.0,0.006686923976426432,0.17994212127782275,15.599548747543194,,True,8.824162417045539,48,baseline,2.014484731124768
S02,0.5363315109329501,0.5363315109329501,0.01360673780938819,0.5363315109329501,0.8150682233424104,0.18493177665758964,0.0004,0.0,0.2,False,0.1,0.0,0.0,True,0.1,1.0,0.5363315109329501,False,0.1,0.0,0.0,0.0003597361841295938,0.013751589646883947,1.1257285590251669,,True,0.47471311581205605,48,baseline,2.014484731124768
S03,0.5051855054117087,0.5051855054117087,0.0069373291774779,0.5051855054117087,0.9964178866040051,0.0035821133959950016,0.0004,0.0,0.2,False,0.1,0.0,0.0,False,0.1,0.0,0.0,True,0.1,1.0,0.5051855054117087,0.00011258092447150648,0.0007727957204750047,0.10681041863698162,,True,0.148563430076352,48,baseline,2.014484731124768
S04,0.5762221076105852,0.5762221076105852,0.00798789497293318,0.587298417062254,0.05168301141919264,0.9483169885808073,0.0004,0.0,0.2,True,0.1,0.09429881921931649,0.05538154725834423,True,0.1,0.06983697684152843,0.04101514595144294,True,0.1,0.8358642039391552,0.49090172385246694,0.0002004030838489347,0.001751067165272859,0.22500788701068253,,True,0.2644548325947685,48,baseline,2.014484731124768
S05,0.5587573685219793,0.5587573685219793,0.00883776382775001,0.5587573685219793,0.8534863049245415,0.14651369507545853,0.0004,0.0,0.2,False,0.1,0.0,0.0,True,0.1,1.0,0.5587573685219793,False,0.1,0.0,0.0,0.0017763399046762643,0.018807281334148614,2.1263980250134344,,True,2.3440840485103425,48,baseline,2.014484731124768
S06,0.6639514396796766,0.6639514396796766,0.014987821301439639,0.7797281248445043,0.6644338047562944,0.3355661952437056,0.0004,0.0,0.2,True,0.1,0.7424170135450486,0.5788834258241377,False,0.1,0.0,0.0,True,0.1,0.2575829864549513,0.20084469902036653,0.0036507888671915628,0.2433539340477983,17.572004423338722,,True,4.817634240797245,48,baseline,2.014484731124768
S07,0.5340414250022537,0.5340414250022537,0.0056309381618254665,0.5527769272584728,0.19412767817898638,0.8058723218210136,0.0004,0.0,0.2,True,0.1,0.1694671153256956,0.09367751128109526,False,0.1,0.0,0.0,True,0.1,0.8305328846743043,0.4590994159773775,0.0004346343788503549,0.0020738960730187104,0.31698718937123466,,True,0.5735498660561794,48,baseline,2.014484731124768
S08,0.5105173951664776,0.5105173951664776,0.009729419625746343,0.5145547007602157,0.430009436026818,0.5699905639731818,0.0004,0.0,0.2,True,0.1,0.039231063167562676,0.020186527968690332,True,0.1,0.3558125406996674,0.18308501540644942,True,0.1,0.60495639613277,0.31128315738507595,0.00017307253476460217,0.0023707084276100468,0.26230378549552197,,True,0.22838904137037516,48,baseline,2.014484731124768
S09,0.611562942783685,0.611562942783685,0.008293134556657538,0.611562942783685,0.4049755074632165,0.5950244925367835,0.0004,0.0,0.2,False,0.1,0.0,0.0,True,0.1,1.0,0.611562942783685,False,0.1,0.0,0.0,0.0030938045645674166,0.028264188198905537,3.328126206552228,,True,4.082629630691464,48,baseline,2.014484731124768
S10,0.37944745361600846,0.37944745361600846,0.013184086468964464,0.4197244478074786,0.6404960811316981,0.35950391886830185,0.0004,0.0,0.2,True,0.1,0.47980281351093224,0.20138497095735067,True,0.1,0.24901481088042068,0.10451760399266828,True,0.1,0.27118237560864705,0.11382187285745964,0.00018406363148177588,0.006515612432585452,0.5838267852380563,,True,0.24289305291824204,48,baseline,2.014484731124768
S11,0.31230704192055747,0.31230704192055747,0.013957569937930932,0.31230704192055747,0.2883784648359421,0.7116215351640579,0.0004,0.0,0.2,False,0.1,0.0,0.0,False,0.1,0.0,0.0,True,0.1,1.0,0.31230704192055747,1.0044685176234406e-05,0.000496233379059581,0.04325955631916195,,True,0.013255113073761928,48,baseline,2.014484731124768
S12,0.2950052671661245,0.2950052671661245,0.01351168909943425,0.2950052671661245,0.07331286589998239,0.9266871341000176,0.0004,0.0,0.2,False,0.1,0.0,0.0,True,0.1,0.6820149802465569,0.20119801145893468,True,0.1,0.31798501975344307,0.09380725570718985,3.5892108536993806e-05,0.0013672586057953896,0.12087746017160425,,True,0.047363749959950595,48,baseline,2.014484731124768
S13,0.49072727995025195,0.49072727995025195,0.00941401745281415,0.49072727995025195,0.33733487044829175,0.6626651295517083,0.0004,0.0,0.2,False,0.1,0.0,0.0,True,0.1,1.0,0.49072727995025195,False,0.1,0.0,0.0,0.0009024508146015615,0.011177498326764476,1.214899661535731,,True,1.190887258403519,48,baseline,2.014484731124768
S14,0.45294998058543856,0.45294998058543856,0.006002624208352473,0.5661874757317982,0.3157414958389604,0.6842585041610396,0.0004,0.0,0.2,True,0.1,1.0,0.5661874757317982,False,0.1,0.0,0.0,False,0.1,0.0,0.0,0.03402523874348665,0.18613745940200283,26.083582335211975,,True,44.900201349639175,48,baseline,2.014484731124768
S15,0.36265106226212634,0.36265106226212634,0.010680233763855462,0.3726425234911083,0.3764426593576657,0.6235573406423344,0.0004,0.0,0.2,True,0.1,0.13406227951894492,0.049957306144909966,True,0.1,0.6897568548054627,0.2570327349699976,True,0.1,0.17618086567559244,0.06565248237620075,0.0002105004218112235,0.0037074856309686323,0.37931629985047055,,True,0.2777794270530193,48,baseline,2.014484731124768
S16,0.44179585142671257,0.44179585142671257,0.010810631899384374,0.5522448142833907,0.9588791046960901,0.041120895303909964,0.0004,0.0,0.2,True,0.1,1.0,0.5522448142833907,False,0.1,0.0,0.0,False,0.1,0.0,0.0,0.0068959484758233216,0.147410502997491,13.5795784157167,,True,9.099994195352297,48,baseline,2.014484731124768
S17,0.5655426659102226,0.5655426659102226,0.008274059501604657,0.6383127170659169,0.509391627101811,0.49060837289818904,0.0004,0.0,0.2,True,0.1,0.5700188106089338,0.3638502557784708,False,0.1,0.0,0.0,True,0.1,0.42998118939106617,0.274462461287446,0.0028751888870231423,0.02888172318222306,3.3923568957055648,,True,3.7941411938012233,48,baseline,2.014484731124768
S18,0.5829217250260742,0.5829217250260742,0.006483264327003437,0.5829217250260742,0.5026956222620421,0.49730437773795794,0.0004,0.0,0.2,False,0.1,0.0,0.0,True,0.1,1.0,0.5829217250260742,False,0.1,0.0,0.0,0.004306131105774988,0.024224960426217308,3.3347073901527273,,True,5.682433417877283,48,baseline,2.014484731124768
S19,0.596395217307809,0.596395217307809,0.00876443387621984,0.596395217307809,0.1028100048188215,0.8971899951811786,0.0004,0.0,0.2,False,0.1,0.0,0.0,False,0.1,0.0,0.0,True,0.1,1.0,0.596395217307809,7.536921933105797e-05,0.0008600506006645348,0.10166844332663437,,True,0.09945832119039656,48,baseline,2.014484731124768
S20,0.4235256514546863,0.4235256514546863,0.005331365111360644,0.42470679070367867,0.5083149682744039,0.4916850317255962,0.0004,0.0,0.2,True,0.1,0.013905349229705013,0.005905696244961886,True,0.1,0.986094650770295,0.41880109445871677,False,0.1,0.0,0.0,0.0019233777231976853,0.007970116971842345,1.2330478311705755,,True,2.538117298574967,48,baseline,2.014484731124768
S21,0.19564637707532528,0.19564637707532528,0.01685008073030756,0.19564637707532528,0.7399724914489674,0.2600275085510325,0.0004,0.0,0.2,False,0.1,0.0,0.0,True,0.1,1.0,0.19564637707532528,False,0.1,0.0,0.0,1.0878672480086343e-05,0.0010261369100031525,0.07814637983036238,,True,0.01435565488474813,48,baseline,2.014484731124768
S22,0.6068165823766221,0.6068165823766221,0.004177354645984577,0.6617989383903439,0.2728564899726991,0.727143510027301,0.0004,0.0,0.2,True,0.1,0.41540075712007235,0.27491178006860895,True,0.1,0.11247299715181071,0.0744345101126485,True,0.1,0.47212624572811696,0.3124526482090864,0.006802161587657493,0.020933092305827468,3.7182458953484643,,True,8.97623164972114,48,baseline,2.014484731124768
S23,0.5563259426394604,0.5563259426394604,0.009106474283685967,0.5631905461693695,0.19904737968581254,0.8009526203141875,0.0004,0.0,0.2,True,0.1,0.060943881041680394,0.03432301764954506,True,0.1,0.34967962701331745,0.19693626012193166,True,0.1,0.5893764919450021,0.3319312683978927,0.00027933895928602455,0.0032290816598107277,0.3715447932241806,,True,0.36861976520714684,48,baseline,2.014484731124768
S24,0.48653235007761964,0.48653235007761964,0.010780630171749418,0.5472043229237967,0.6688179920015188,0.33118200799848113,0.0004,0.0,0.2,True,0.1,0.5543813371392738,0.3033598642308854,False,0.1,0.0,0.0,True,0.1,0.44561866286072616,0.2438444586929113,0.0006621470104972147,0.013461772190363985,1.3059062561660166,,True,0.8737788533541979,48,baseline,2.014484731124768
S25,0.45458522077648605,0.45458522077648605,0.007313957522146852,0.45458522077648605,0.011244538032949489,0.9887554619670506,0.0004,0.0,0.2,False,0.1,0.0,0.0,False,0.1,0.0,0.0,True,0.1,1.0,0.45458522077648605,9.268545323808478e-05,0.0007075582034882663,0.09504856602074734,,True,0.12230907603460138,48,baseline,2.014484731124768
S01,0.4572398847939109,0.4572398847939109,0.011622915646896465,0.5715498559923886,0.8256769627870472,0.17432303721295284,0.0004,0.0,0.2,True,0.08772770167746406,1.0,0.5715498559923886,False,0.06172879395361567,0.0,0.0,False,0.12037053397147383,0.0,0.0,0.006969614390916623,0.18814162658822786,16.272625319400227,,True,9.014609577771822,48,affinity,1.9311720043956049
S02,0.5363315109329501,0.5363315109329501,0.01360673780938819,0.5363315109329501,0.8150682233424104,0.18493177665758964,0.0004,0.0,0.2,False,0.034908375849524526,0.0,0.0,True,0.07207967834975082,1.0,0.5363315109329501,False,0.05140908347187671,0.0,0.0,0.0005860566015637033,0.022839977319960653,1.8369495405351837,,True,0.7580148853655231,48,affinity,1.9311720043956049
S03,0.5051855054117087,0.5051855054117087,0.0069373291774779,0.5051855054117087,0.9964178866040051,0.0035821133959950016,0.0004,0.0,0.2,False,0.19424527836605307,0.0,0.0,False,0.4968548846040619,0.0,0.0,True,0.0628282050013311,1.0,0.5051855054117087,0.000153307572491278,0.0010581347736610832,0.14358085410895602,,True,0.19829044102152468,48,affinity,1.9311720043956049
S04,0.5762221076105852,0.5762221076105852,0.00798789497293318,0.587298417062254,0.05168301141919264,0.9483169885808073,0.0004,0.0,0.2,True,0.07126059797427314,0.09429881921931649,0.05538154725834423,True,0.12419924283859318,0.06983697684152843,0.04101514595144294,True,0.08256294773047444,0.8358642039391552,0.49090172385246694,0.0002097316111174664,0.0018558352786901444,0.23617648171806938,,True,0.27127018573725925,48,affinity,1.9311720043956049
S05,0.5587573685219793,0.5587573685219793,0.00883776382775001,0.5587573685219793,0.8534863049245415,0.14651369507545853,0.0004,0.0,0.2,False,0.20756000551361567,0.0,0.0,True,0.07364748538986304,1.0,0.5587573685219793,False,0.3159922688034797,0.0,0.0,0.002799347938438362,0.030059716915623525,3.3582595438418497,,True,3.6207209354725034,48,affinity,1.9311720043956049
S06,0.6639514396796766,0.6639514396796766,0.014987821301439639,0.7797281248445043,0.6644338047562944,0.3355661952437056,0.0004,0.0,0.2,True,0.09795361600142524,0.7424170135450486,0.5788834258241377,False,0.03456933933815651,0.0,0.0,True,0.08922795319721517,0.2575829864549513,0.20084469902036653,0.0035449553542742165,0.2387846658683128,17.10809525852062,,True,4.585101369605477,48,affinity,1.9311720043956049
S07,0.5340414250022537,0.5340414250022537,0.0056309381618254665,0.5527769272584728,0.19412767817898638,0.8058723218210136,0.0004,0.0,0.2,True,0.08726464922121023,0.1694671153256956,0.09367751128109526,False,0.11888292057884374,0.0,0.0,True,0.07056352907793398,0.8305328846743043,0.4590994159773775,0.0005297996888644146,0.002541591408925961,0.38478428400017933,,True,0.6852513039691376,48,affinity,1.9311720043956049
S08,0.5105173951664776,0.5105173951664776,0.009729419625746343,0.5145547007602157,0.430009436026818,0.5699905639731818,0.0004,0.0,0.2,True,0.06832202838917029,0.039231063167562676,0.020186527968690332,True,0.10641830472906749,0.3558125406996674,0.18308501540644942,True,0.0424554054678468,0.60495639613277,0.31128315738507595,0.00023296183891086895,0.0032442097307747125,0.35357871074535424,,True,0.30131653008496806,48,affinity,1.9311720043956049
S09,0.611562942783685,0.611562942783685,0.008293134556657538,0.611562942783685,0.4049755074632165,0.5950244925367835,0.0004,0.0,0.2,False,0.1898889520442564,0.0,0.0,True,0.10133620009309054,1.0,0.611562942783685,False,0.07436993190039501,0.0,0.0,0.0021968073199420445,0.020414951688704934,2.3889973626723777,,True,2.84138536167484,48,affinity,1.9311720043956049
S10,0.37944745361600846,0.37944745361600846,0.013184086468964464,0.4197244478074786,0.6404960811316981,0.35950391886830185,0.0004,0.0,0.2,True,0.12860221083462778,0.47980281351093224,0.20138497095735067,True,0.034821640999941096,0.24901481088042068,0.10451760399266828,True,0.05888025114169078,0.27118237560864705,0.11382187285745964,0.00028476931582240337,0.010065316160641675,0.8821840395282579,,True,0.3683251408017353,48,affinity,1.9311720043956049
S11,0.31230704192055747,0.31230704192055747,0.013957569937930932,0.31230704192055747,0.2883784648359421,0.7116215351640579,0.0004,0.0,0.2,False,0.22474061754273236,0.0,0.0,False,0.1584711865288276,0.0,0.0,True,0.048326523427269286,1.0,0.31230704192055747,1.4192436201542388e-05,0.0007025046608044276,0.05904918259619371,,True,0.018356721640307754,48,affinity,1.9311720043956049
S12,0.2950052671661245,0.2950052671661245,0.01351168909943425,0.2950052671661245,0.07331286589998239,0.9266871341000176,0.0004,0.0,0.2,False,0.03457543394273536,0.0,0.0,True,0.22266075768669455,0.6820149802465569,0.20119801145893468,True,0.28893749224544746,0.31798501975344307,0.09380725570718985,1.644845559302322e-05,0.0006496512248515503,0.05986645717379887,,True,0.02127469283260027,48,affinity,1.9311720043956049
S13,0.49072727995025195,0.49072727995025195,0.00941401745281415,0.49072727995025195,0.33733487044829175,0.6626651295517083,0.0004,0.0,0.2,False,0.09078939435155794,0.0,0.0,True,0.18467149936038366,1.0,0.49072727995025195,False,0.038377597607973796,0.0,0.0,0.0002275056456926658,0.002891279250312919,0.3186397307993956,,True,0.2942594034084779,48,affinity,1.9311720043956049
S14,0.45294998058543856,0.45294998058543856,0.006002624208352473,0.5661874757317982,0.3157414958389604,0.6842585041610396,0.0004,0.0,0.2,True,0.08246486473713394,1.0,0.5661874757317982,False,0.10197961346623285,0.0,0.0,False,0.31222753211484044,0.0,0.0,0.03702292925729152,0.20288903209534584,28.388580831141994,,True,47.88604275078915,48,affinity,1.9311720043956049
S15,0.36265106226212634,0.36265106226212634,0.010680233763855462,0.3726425234911083,0.3764426593576657,0.6235573406423344,0.0004,0.0,0.2,True,0.11832969394624283,0.13406227951894492,0.049957306144909966,True,0.07762431343494038,0.6897568548054627,0.2570327349699976,True,0.04371086091494722,0.17618086567559244,0.06565248237620075,0.0002619335144669361,0.004680656945121194,0.4714559399777724,,True,0.3387889538523715,48,affinity,1.9311720043956049
S16,0.44179585142671257,0.44179585142671257,0.010810631899384374,0.5522448142833907,0.9588791046960901,0.041120895303909964,0.0004,0.0,0.2,True,0.12874019863904626,1.0,0.5522448142833907,False,0.06343018111202886,0.0,0.0,False,0.08658003830453527,0.0,0.0,0.005306812542813205,0.11385690448771314,10.488457507123965,,True,6.863915346339832,48,affinity,1.9311720043956049
S17,0.5655426659102226,0.5655426659102226,0.008274059501604657,0.6383127170659169,0.509391627101811,0.49060837289818904,0.0004,0.0,0.2,True,0.017063008510858277,0.5700188106089338,0.3638502557784708,False,0.05637729846675962,0.0,0.0,True,0.06658832364751903,0.42998118939106617,0.274462461287446,0.005414198150101702,0.054668330225696525,6.349059571835746,,True,7.002809590652596,48,affinity,1.9311720043956049
S18,0.5829217250260742,0.5829217250260742,0.006483264327003437,0.5829217250260742,0.5026956222620421,0.49730437773795794,0.0004,0.0,0.2,False,0.17148887471107968,0.0,0.0,True,0.2223614220934379,1.0,0.5829217250260742,False,0.08914700687647598,0.0,0.0,0.000594844818293709,0.0034153202472579705,0.4770589083255032,,True,0.7693817039959904,48,affinity,1.9311720043956049
S19,0.596395217307809,0.596395217307809,0.00876443387621984,0.596395217307809,0.1028100048188215,0.8971899951811786,0.0004,0.0,0.2,False,0.050217562576319756,0.0,0.0,False,0.10700778952276739,0.0,0.0,True,0.44106550445017845,1.0,0.596395217307809,3.642669283158068e-05,0.0004269337428233903,0.05209747539771231,,True,0.04711486111973159,48,affinity,1.9311720043956049
S20,0.4235256514546863,0.4235256514546863,0.005331365111360644,0.42470679070367867,0.5083149682744039,0.4916850317255962,0.0004,0.0,0.2,True,0.05490724895644006,0.013905349229705013,0.005905696244961886,True,0.05168063859530571,0.986094650770295,0.41880109445871677,False,0.10293795054713568,0.0,0.0,0.00534535256004936,0.022292356844169168,3.4031477855680876,,True,6.913763614697021,48,affinity,1.9311720043956049
S21,0.19564637707532528,0.19564637707532528,0.01685008073030756,0.19564637707532528,0.7399724914489674,0.2600275085510325,0.0004,0.0,0.2,False,0.18490941656336207,0.0,0.0,True,0.15822230092790154,1.0,0.19564637707532528,False,0.09430956323418856,0.0,0.0,6.966745374196095e-06,0.0006810703807745735,0.05311250371341823,,True,0.00901089874613078,48,affinity,1.9311720043956049
S22,0.6068165823766221,0.6068165823766221,0.004177354645984577,0.6617989383903439,0.2728564899726991,0.727143510027301,0.0004,0.0,0.2,True,0.0833500169805992,0.41540075712007235,0.27491178006860895,True,0.17545043563785717,0.11247299715181071,0.0744345101126485,True,0.15560878427868277,0.47212624572811696,0.3124526482090864,0.00484357630235078,0.015054161764014211,2.6740117064449525,,True,6.264758260190854,48,affinity,1.9311720043956049
S23,0.5563259426394604,0.5563259426394604,0.009106474283685967,0.5631905461693695,0.19904737968581254,0.8009526203141875,0.0004,0.0,0.2,True,0.07030556141939558,0.060943881041680394,0.03432301764954506,True,0.12782077614892443,0.34967962701331745,0.19693626012193166,True,0.14300061814750628,0.5893764919450021,0.3319312683978927,0.00017866368956034846,0.00210299644891665,0.24294048386436323,,True,0.2310864442098567,48,affinity,1.9311720043956049
S24,0.48653235007761964,0.48653235007761964,0.010780630171749418,0.5472043229237967,0.6688179920015188,0.33118200799848113,0.0004,0.0,0.2,True,0.12785587438232285,0.5543813371392738,0.3033598642308854,False,0.3455843689438717,0.0,0.0,True,0.22299679040239315,0.44561866286072616,0.2438444586929113,0.0004657443332804532,0.009670046353057295,0.9292674076177281,,True,0.6024010931013286,48,affinity,1.9311720043956049
S25,0.45458522077648605,0.45458522077648605,0.007313957522146852,0.45458522077648605,0.011244538032949489,0.9887554619670506,0.0004,0.0,0.2,False,0.08631441090246009,0.0,0.0,False,0.08573156585156011,0.0,0.0,True,0.15326414609694727,1.0,0.45458522077648605,7.170929163948756e-05,0.000554603832723485,0.07492543497994865,,True,0.09274993291896319,48,affinity,1.9311720043956049
S01,0.4572398847939109,0.4572398847939109,0.011622915646896465,0.5715498559923886,0.8256769627870472,0.17432303721295284,0.0004,0.0342318304015453,0.2,True,0.1,1.0,0.5715498559923886,False,0.1,0.0,0.0,False,0.1,0.0,0.0,4.444309847050804e-07,0.19295754802981,4.931682939598688,,True,38.163238109529296,48,starvation,1.1078076285168255
S02,0.5363315109329501,0.5363315109329501,0.01360673780938819,0.5363315109329501,0.8150682233424104,0.18493177665758964,0.0004,0.06739715833999461,0.2,False,0.1,0.0,0.0,True,0.1,1.0,0.5363315109329501,False,0.1,0.0,0.0,0.0,0.00745109173295525,0.16635084625400945,240.56930708999192,False,0.0,48,starvation,1.1078076285168255
S03,0.5051855054117087,0.5051855054117087,0.0069373291774779,0.5051855054117087,0.9964178866040051,0.0035821133959950016,0.0004,0.04924570977246372,0.2,False,0.1,0.0,0.0,False,0.1,0.0,0.0,True,0.1,1.0,0.5051855054117087,0.0,0.0004,0.013673610382543099,268.59673121369315,False,0.0,48,starvation,1.1078076285168255
S04,0.5762221076105852,0.5762221076105852,0.00798789497293318,0.587298417062254,0.05168301141919264,0.9483169885808073,0.0004,0.05467571085489809,0.2,True,0.1,0.09429881921931649,0.05538154725834423,True,0.1,0.06983697684152843,0.04101514595144294,True,0.1,0.8358642039391552,0.49090172385246694,0.0,0.0007634700417222348,0.025700478443249644,257.8412885043718,False,0.0,48,starvation,1.1078076285168255
S05,0.5587573685219793,0.5587573685219793,0.00883776382775001,0.5587573685219793,0.8534863049245415,0.14651369507545853,0.0004,0.04389977600526153,0.2,False,0.1,0.0,0.0,True,0.1,1.0,0.5587573685219793,False,0.1,0.0,0.0,1.548020239331173e-08,0.018212156902048988,0.52464802716208,,True,1.3292832188819883,48,starvation,1.1078076285168255
S06,0.6639514396796766,0.6639514396796766,0.014987821301439639,0.7797281248445043,0.6644338047562944,0.3355661952437056,0.0004,0.08252688507727332,0.2,True,0.1,0.7424170135450486,0.5788834258241377,False,0.1,0.0,0.0,True,0.1,0.2575829864549513,0.20084469902036653,0.0,0.16677348072771675,2.562522285891643,222.5029491417391,False,0.0,48,starvation,1.1078076285168255
S07,0.5340414250022537,0.5340414250022537,0.0056309381618254665,0.5527769272584728,0.19412767817898638,0.8058723218210136,0.0004,0.06918245465358046,0.2,True,0.1,0.1694671153256956,0.09367751128109526,False,0.1,0.0,0.0,True,0.1,0.8305328846743043,0.4590994159773775,0.0,0.0008009337999184893,0.022471541411583563,216.45610171996915,False,0.0,48,starvation,1.1078076285168255
S08,0.5105173951664776,0.5105173951664776,0.009729419625746343,0.5145547007602157,0.430009436026818,0.5699905639731818,0.0004,0.06904218574484086,0.2,True,0.1,0.039231063167562676,0.020186527968690332,True,0.1,0.3558125406996674,0.18308501540644942,True,0.1,0.60495639613277,0.31128315738507595,0.0,0.0006790345924277356,0.022126903828863387,213.67449612932174,False,0.0,48,starvation,1.1078076285168255
S09,0.611562942783685,0.611562942783685,0.008293134556657538,0.611562942783685,0.4049755074632165,0.5950244925367835,0.0004,0.06591425877047748,0.2,False,0.1,0.0,0.0,True,0.1,1.0,0.611562942783685,False,0.1,0.0,0.0,0.0,0.018081480614025352,0.41084169733230597,271.93969135538345,False,0.0,48,starvation,1.1078076285168255
S10,0.37944745361600846,0.37944745361600846,0.013184086468964464,0.4197244478074786,0.6404960811316981,0.35950391886830185,0.0004,0.05148225531459258,0.2,True,0.1,0.47980281351093224,0.20138497095735067,True,0.1,0.24901481088042068,0.10451760399266828,True,0.1,0.27118237560864705,0.11382187285745964,0.0,0.0032286117813929006,0.10925945994403694,275.5240899392644,False,0.0,48,starvation,1.1078076285168255
S11,0.31230704192055747,0.31230704192055747,0.013957569937930932,0.31230704192055747,0.2883784648359421,0.7116215351640579,0.0004,0.07188003307388383,0.2,False,0.1,0.0,0.0,False,0.1,0.0,0.0,True,0.1,1.0,0.31230704192055747,0.0,0.0004,0.006206893702636159,171.04807278058155,False,0.0,48,starvation,1.1078076285168255
S12,0.2950052671661245,0.2950052671661245,0.01351168909943425,0.2950052671661245,0.07331286589998239,0.9266871341000176,0.0004,0.029269091709537676,0.2,False,0.1,0.0,0.0,True,0.1,0.6820149802465569,0.20119801145893468,True,0.1,0.31798501975344307,0.09380725570718985,1.0818251093028393e-08,0.000973123295030512,0.04063513722242429,,True,0.9289619909509399,48,starvation,1.1078076285168255
S13,0.49072727995025195,0.49072727995025195,0.00941401745281415,0.49072727995025195,0.33733487044829175,0.6626651295517083,0.0004,0.06213153829550671,0.2,False,0.1,0.0,0.0,True,0.1,1.0,0.49072727995025195,False,0.1,0.0,0.0,0.0,0.006327279717726855,0.1546414340825961,265.69393843794205,False,0.0,48,starvation,1.1078076285168255
S14,0.45294998058543856,0.45294998058543856,0.006002624208352473,0.5661874757317982,0.3157414958389604,0.6842585041610396,0.0004,0.04638009282226172,0.2,True,0.1,1.0,0.5661874757317982,False,0.1,0.0,0.0,False,0.1,0.0,0.0,7.007695808959068e-08,0.19357233864959014,4.414594587863194,,True,6.01750042099165,48,starvation,1.1078076285168255
S15,0.36265106226212634,0.36265106226212634,0.010680233763855462,0.3726425234911083,0.3764426593576657,0.6235573406423344,0.0004,0.056247318295503015,0.2,True,0.1,0.13406227951894492,0.049957306144909966,True,0.1,0.6897568548054627,0.2570327349699976,True,0.1,0.17618086567559244,0.06565248237620075,0.0,0.0016641757535074036,0.051349102973139486,260.4604547845342,False,0.0,48,starvation,1.1078076285168255
S16,0.44179585142671257,0.44179585142671257,0.010810631899384374,0.5522448142833907,0.9588791046960901,0.041120895303909964,0.0004,0.04749263772377871,0.2,True,0.1,1.0,0.5522448142833907,False,0.1,0.0,0.0,False,0.1,0.0,0.0,1.029179018129057e-08,0.1523622864114017,3.1909676282458634,,True,0.8837548523367345,48,starvation,1.1078076285168255
S17,0.5655426659102226,0.5655426659102226,0.008274059501604657,0.6383127170659169,0.509391627101811,0.49060837289818904,0.0004,0.04874855140491839,0.2,True,0.1,0.5700188106089338,0.3638502557784708,False,0.1,0.0,0.0,True,0.1,0.42998118939106617,0.274462461287446,2.6008151481740962e-09,0.020371830228475465,0.5274750303942036,,True,0.22333170097153254,48,starvation,1.1078076285168255
S18,0.5829217250260742,0.5829217250260742,0.006483264327003437,0.5829217250260742,0.5026956222620421,0.49730437773795794,0.0004,0.034580442450389104,0.2,False,0.1,0.0,0.0,True,0.1,1.0,0.5829217250260742,False,0.1,0.0,0.0,5.906195004938485e-07,0.030640901162318185,1.0493673114433448,,True,50.71642933364618,48,starvation,1.1078076285168255
S19,0.596395217307809,0.596395217307809,0.00876443387621984,0.596395217307809,0.1028100048188215,0.8971899951811786,0.0004,0.07262278312603712,0.2,False,0.1,0.0,0.0,False,0.1,0.0,0.0,True,0.1,1.0,0.596395217307809,0.0,0.0004,0.009057045441396138,188.36111779545675,False,0.0,48,starvation,1.1078076285168255
S20,0.4235256514546863,0.4235256514546863,0.005331365111360644,0.42470679070367867,0.5083149682744039,0.4916850317255962,0.0004,0.06555968553586494,0.2,True,0.1,0.013905349229705013,0.005905696244961886,True,0.1,0.986094650770295,0.41880109445871677,False,0.1,0.0,0.0,0.0,0.00372773611734949,0.0955855998808188,260.06171005421965,False,0.0,48,starvation,1.1078076285168255
S21,0.19564637707532528,0.19564637707532528,0.01685008073030756,0.19564637707532528,0.7399724914489674,0.2600275085510325,0.0004,0.05998623551564299,0.2,False,0.1,0.0,0.0,True,0.1,1.0,0.19564637707532528,False,0.1,0.0,0.0,0.0,0.0004,0.014023940549693154,211.05832286081244,False,0.0,48,starvation,1.1078076285168255
S22,0.6068165823766221,0.6068165823766221,0.004177354645984577,0.6617989383903439,0.2728564899726991,0.727143510027301,0.0004,0.07216210819993385,0.2,True,0.1,0.41540075712007235,0.27491178006860895,True,0.1,0.11247299715181071,0.0744345101126485,True,0.1,0.47212624572811696,0.3124526482090864,0.0,0.007919021607739208,0.21379004173115368,247.3235156316144,False,0.0,48,starvation,1.1078076285168255
S23,0.5563259426394604,0.5563259426394604,0.009106474283685967,0.5631905461693695,0.19904737968581254,0.8009526203141875,0.0004,0.03451015373888143,0.2,True,0.1,0.060943881041680394,0.03432301764954506,True,0.1,0.34967962701331745,0.19693626012193166,True,0.1,0.5893764919450021,0.3319312683978927,2.0234105904341322e-08,0.0022070024576169244,0.08613881007328575,,True,1.7375003726916867,48,starvation,1.1078076285168255
S24,0.48653235007761964,0.48653235007761964,0.010780630171749418,0.5472043229237967,0.6688179920015188,0.33118200799848113,0.0004,0.05096838321722925,0.2,True,0.1,0.5543813371392738,0.3033598642308854,False,0.1,0.0,0.0,True,0.1,0.44561866286072616,0.2438444586929113,0.0,0.00910255740563324,0.22630183585176988,295.2572913768393,False,0.0,48,starvation,1.1078076285168255
S25,0.45458522077648605,0.45458522077648605,0.007313957522146852,0.45458522077648605,0.011244538032949489,0.9887554619670506,0.0004,0.05535669781786212,0.2,False,0.1,0.0,0.0,False,0.1,0.0,0.0,True,0.1,1.0,0.45458522077648605,0.0,0.0004,0.011005679957505815,239.05211070353025,False,0.0,48,starvation,1.1078076285168255
S01,0.4572398847939109,0.4572398847939109,0.011622915646896465,0.5715498559923886,0.8256769627870472,0.17432303721295284,0.0004,0.0342318304015453,0.2,True,0.08772770167746406,1.0,0.5715498559923886,False,0.06172879395361567,0.0,0.0,False,0.12037053397147383,0.0,0.0,4.635453342534017e-07,0.20354281560745155,5.162833304128043,,True,72.67215672336418,48,both,0.9925107046457446
S02,0.5363315109329501,0.5363315109329501,0.01360673780938819,0.5363315109329501,0.8150682233424104,0.18493177665758964,0.0004,0.06739715833999461,0.2,False,0.034908375849524526,0.0,0.0,True,0.07207967834975082,1.0,0.5363315109329501,False,0.05140908347187671,0.0,0.0,0.0,0.015504011808702456,0.3226590118653404,248.55383258804966,False,0.0,48,both,0.9925107046457446
S03,0.5051855054117087,0.5051855054117087,0.0069373291774779,0.5051855054117087,0.9964178866040051,0.0035821133959950016,0.0004,0.04924570977246372,0.2,False,0.19424527836605307,0.0,0.0,False,0.4968548846040619,0.0,0.0,True,0.0628282050013311,1.0,0.5051855054117087,0.0,0.000556574134667524,0.018136886926456125,274.1057980796115,False,0.0,48,both,0.9925107046457446
S04,0.5762221076105852,0.5762221076105852,0.00798789497293318,0.587298417062254,0.05168301141919264,0.9483169885808073,0.0004,0.05467571085489809,0.2,True,0.07126059797427314,0.09429881921931649,0.05538154725834423,True,0.12419924283859318,0.06983697684152843,0.04101514595144294,True,0.08256294773047444,0.8358642039391552,0.49090172385246694,0.0,0.0008622934420772419,0.026894779445126034,256.9667798086669,False,0.0,48,both,0.9925107046457446
S05,0.5587573685219793,0.5587573685219793,0.00883776382775001,0.5587573685219793,0.8534863049245415,0.14651369507545853,0.0004,0.04389977600526153,0.2,False,0.20756000551361567,0.0,0.0,True,0.07364748538986304,1.0,0.5587573685219793,False,0.3159922688034797,0.0,0.0,2.7533047420162605e-08,0.03470675401424494,0.9524661087740632,,True,4.316483824419362,48,both,0.9925107046457446
S06,0.6639514396796766,0.6639514396796766,0.014987821301439639,0.7797281248445043,0.6644338047562944,0.3355661952437056,0.0004,0.08252688507727332,0.2,True,0.09795361600142524,0.7424170135450486,0.5788834258241377,False,0.03456933933815651,0.0,0.0,True,0.08922795319721517,0.2575829864549513,0.20084469902036653,0.0,0.16615152294313582,2.495915712709996,221.6867292756316,False,0.0,48,both,0.9925107046457446
S07,0.5340414250022537,0.5340414250022537,0.0056309381618254665,0.5527769272584728,0.19412767817898638,0.8058723218210136,0.0004,0.06918245465358046,0.2,True,0.08726464922121023,0.1694671153256956,0.09367751128109526,False,0.11888292057884374,0.0,0.0,True,0.07056352907793398,0.8305328846743043,0.4590994159773775,0.0,0.0010612481619677316,0.0271925295297284,218.85286655955326,False,0.0,48,both,0.9925107046457446
S08,0.5105173951664776,0.5105173951664776,0.009729419625746343,0.5145547007602157,0.430009436026818,0.5699905639731818,0.0004,0.06904218574484086,0.2,True,0.06832202838917029,0.039231063167562676,0.020186527968690332,True,0.10641830472906749,0.3558125406996674,0.18308501540644942,True,0.0424554054678468,0.60495639613277,0.31128315738507595,0.0,0.001112981574660336,0.032412207407867835,218.1854082161537,False,0.0,48,both,0.9925107046457446
S09,0.611562942783685,0.611562942783685,0.008293134556657538,0.611562942783685,0.4049755074632165,0.5950244925367835,0.0004,0.06591425877047748,0.2,False,0.1898889520442564,0.0,0.0,True,0.10133620009309054,1.0,0.611562942783685,False,0.07436993190039501,0.0,0.0,0.0,0.012739443065463936,0.28205339745265523,265.4320990205482,False,0.0,48,both,0.9925107046457446
S10,0.37944745361600846,0.37944745361600846,0.013184086468964464,0.4197244478074786,0.6404960811316981,0.35950391886830185,0.0004,0.05148225531459258,0.2,True,0.12860221083462778,0.47980281351093224,0.20138497095735067,True,0.034821640999941096,0.24901481088042068,0.10451760399266828,True,0.05888025114169078,0.27118237560864705,0.11382187285745964,0.0,0.005254589853810693,0.1719050391653241,284.53531797627664,False,0.0,48,both,0.9925107046457446
S11,0.31230704192055747,0.31230704192055747,0.013957569937930932,0.31230704192055747,0.2883784648359421,0.7116215351640579,0.0004,0.07188003307388383,0.2,False,0.22474061754273236,0.0,0.0,False,0.1584711865288276,0.0,0.0,True,0.048326523427269286,1.0,0.31230704192055747,0.0,0.0004,0.008037482524661348,176.50857618207328,False,0.0,48,both,0.9925107046457446
S12,0.2950052671661245,0.2950052671661245,0.01351168909943425,0.2950052671661245,0.07331286589998239,0.9266871341000176,0.0004,0.029269091709537676,0.2,False,0.03457543394273536,0.0,0.0,True,0.22266075768669455,0.6820149802465569,0.20119801145893468,True,0.28893749224544746,0.31798501975344307,0.09380725570718985,3.61474327656662e-09,0.0004,0.018498654874269684,,True,0.5667001056810845,48,both,0.9925107046457446
S13,0.49072727995025195,0.49072727995025195,0.00941401745281415,0.49072727995025195,0.33733487044829175,0.6626651295517083,0.0004,0.06213153829550671,0.2,False,0.09078939435155794,0.0,0.0,True,0.18467149936038366,1.0,0.49072727995025195,False,0.038377597607973796,0.0,0.0,0.0,0.0011271856428614804,0.031662333528684236,238.71376594727383,False,0.0,48,both,0.9925107046457446
S14,0.45294998058543856,0.45294998058543856,0.006002624208352473,0.5661874757317982,0.3157414958389604,0.6842585041610396,0.0004,0.04638009282226172,0.2,True,0.08246486473713394,1.0,0.5661874757317982,False,0.10197961346623285,0.0,0.0,False,0.31222753211484044,0.0,0.0,7.683406135323014e-08,0.21458911899455843,4.85129569520384,,True,12.045632941916605,48,both,0.9925107046457446
S15,0.36265106226212634,0.36265106226212634,0.010680233763855462,0.3726425234911083,0.3764426593576657,0.6235573406423344,0.0004,0.056247318295503015,0.2,True,0.11832969394624283,0.13406227951894492,0.049957306144909966,True,0.07762431343494038,0.6897568548054627,0.2570327349699976,True,0.04371086091494722,0.17618086567559244,0.06565248237620075,0.0,0.0023855566049003044,0.06835934859396789,264.7843662082414,False,0.0,48,both,0.9925107046457446
S16,0.44179585142671257,0.44179585142671257,0.010810631899384374,0.5522448142833907,0.9588791046960901,0.041120895303909964,0.0004,0.04749263772377871,0.2,True,0.12874019863904626,1.0,0.5522448142833907,False,0.06343018111202886,0.0,0.0,False,0.08658003830453527,0.0,0.0,7.608663498968717e-09,0.11464757161130489,2.406560184681105,,True,1.1928455436682832,48,both,0.9925107046457446
S17,0.5655426659102226,0.5655426659102226,0.008274059501604657,0.6383127170659169,0.509391627101811,0.49060837289818904,0.0004,0.04874855140491839,0.2,True,0.017063008510858277,0.5700188106089338,0.3638502557784708,False,0.05637729846675962,0.0,0.0,True,0.06658832364751903,0.42998118939106617,0.274462461287446,5.109543390959672e-09,0.04240042884975241,1.0403318424191337,,True,0.801046867812209,48,both,0.9925107046457446
S18,0.5829217250260742,0.5829217250260742,0.006483264327003437,0.5829217250260742,0.5026956222620421,0.49730437773795794,0.0004,0.034580442450389104,0.2,False,0.17148887471107968,0.0,0.0,True,0.2223614220934379,1.0,0.5829217250260742,False,0.08914700687647598,0.0,0.0,4.3374702611009566e-08,0.0025966600206839396,0.09513493442056864,,True,6.800053744588994,48,both,0.9925107046457446
S19,0.596395217307809,0.596395217307809,0.00876443387621984,0.596395217307809,0.1028100048188215,0.8971899951811786,0.0004,0.07262278312603712,0.2,False,0.050217562576319756,0.0,0.0,False,0.10700778952276739,0.0,0.0,True,0.44106550445017845,1.0,0.596395217307809,0.0,0.0004,0.005515637866594945,173.95218093692193,False,0.0,48,both,0.9925107046457446
S20,0.4235256514546863,0.4235256514546863,0.005331365111360644,0.42470679070367867,0.5083149682744039,0.4916850317255962,0.0004,0.06555968553586494,0.2,True,0.05490724895644006,0.013905349229705013,0.005905696244961886,True,0.05168063859530571,0.986094650770295,0.41880109445871677,False,0.10293795054713568,0.0,0.0,0.0,0.015618017664190255,0.3587899023374225,279.86417603287646,False,0.0,48,both,0.9925107046457446
S21,0.19564637707532528,0.19564637707532528,0.01685008073030756,0.19564637707532528,0.7399724914489674,0.2600275085510325,0.0004,0.05998623551564299,0.2,False,0.18490941656336207,0.0,0.0,True,0.15822230092790154,1.0,0.19564637707532528,False,0.09430956323418856,0.0,0.0,0.0,0.0004,0.009599429022998606,201.641517103275,False,0.0,48,both,0.9925107046457446
S22,0.6068165823766221,0.6068165823766221,0.004177354645984577,0.6617989383903439,0.2728564899726991,0.727143510027301,0.0004,0.07216210819993385,0.2,True,0.0833500169805992,0.41540075712007235,0.27491178006860895,True,0.17545043563785717,0.11247299715181071,0.0744345101126485,True,0.15560878427868277,0.47212624572811696,0.3124526482090864,0.0,0.006176091224323187,0.1505758226497547,239.93895913826717,False,0.0,48,both,0.9925107046457446
S23,0.5563259426394604,0.5563259426394604,0.009106474283685967,0.5631905461693695,0.19904737968581254,0.8009526203141875,0.0004,0.03451015373888143,0.2,True,0.07030556141939558,0.060943881041680394,0.03432301764954506,True,0.12782077614892443,0.34967962701331745,0.19693626012193166,True,0.14300061814750628,0.5893764919450021,0.3319312683978927,1.0238136500469433e-08,0.0012800411799527667,0.05158752095052687,,True,1.6050802485492817,48,both,0.9925107046457446
S24,0.48653235007761964,0.48653235007761964,0.010780630171749418,0.5472043229237967,0.6688179920015188,0.33118200799848113,0.0004,0.05096838321722925,0.2,True,0.12785587438232285,0.5543813371392738,0.3033598642308854,False,0.3455843689438717,0.0,0.0,True,0.22299679040239315,0.44561866286072616,0.2438444586929113,0.0,0.0065127306122994754,0.15310695619138787,286.785208900152,False,0.0,48,both,0.9925107046457446
S25,0.45458522077648605,0.45458522077648605,0.007313957522146852,0.45458522077648605,0.011244538032949489,0.9887554619670506,0.0004,0.05535669781786212,0.2,False,0.08631441090246009,0.0,0.0,False,0.08573156585156011,0.0,0.0,True,0.15326414609694727,1.0,0.45458522077648605,0.0,0.0004,0.00882659385487729,231.50003914802997,False,0.0,48,both,0.9925107046457446
S01,0.4572398847939109,0.4572398847939109,0.011622915646896465,0.5715498559923886,0.9537907603373491,0.04620923966265107,0.0001082171247585622,0.0342318304015453,0.2,True,0.08772770167746406,1.0,0.5715498559923886,False,0.06172879395361567,0.0,0.0,False,0.12037053397147383,0.0,0.0,7.559907470193164e-08,0.03523924580061295,0.8885195016612552,,True,4.098053532271259,48,structured,0.7711887409710211
S02,0.5363315109329501,0.5363315109329501,0.01360673780938819,0.5363315109329501,0.3776959621230957,0.6223040378769042,0.00013495732992834677,0.06739715833999461,0.0,False,0.034908375849524526,0.0,0.0,True,0.07207967834975082,1.0,0.5363315109329501,False,0.05140908347187671,0.0,0.0,0.0,0.0007806674250487078,0.018911199228652576,209.2060610225968,False,0.0,48,structured,0.7711887409710211
S03,0.5051855054117087,0.5051855054117087,0.0069373291774779,0.5051855054117087,0.6332945762365766,0.3667054237634235,0.0005827264904777187,0.04924570977246372,0.0,False,0.19424527836605307,0.0,0.0,False,0.4968548846040619,0.0,0.0,True,0.0628282050013311,1.0,0.5051855054117087,2.874606712479334e-09,0.010377560497072095,0.29209055262362704,,True,0.15582587800728212,48,structured,0.7711887409710211
S04,0.5762221076105852,0.5762221076105852,0.00798789497293318,0.5762221076105852,0.31842404837946314,0.6815759516205369,0.0009012833726410132,0.05467571085489809,0.0,False,0.07126059797427314,0.0,0.0,False,0.12419924283859318,0.0,0.0,True,0.08256294773047444,1.0,0.5762221076105852,5.500256863769418e-10,0.011789748940685052,0.31056202161240637,,True,0.029815638826057714,48,structured,0.7711887409710211
S05,0.5587573685219793,0.5587573685219793,0.00883776382775001,0.5587573685219793,1.0,0.0,3.559717549541238e-05,0.04389977600526153,0.2,False,0.20756000551361567,0.0,0.0,False,0.07364748538986304,0.0,0.0,True,0.3159922688034797,1.0,0.5587573685219793,0.0,4.105027291833353e-05,0.0016132488736577087,246.33607136574756,False,0.0,48,structured,0.7711887409710211
S06,0.6639514396796766,0.6639514396796766,0.014987821301439639,0.6639514396796766,0.7880401587593977,0.21195984124060227,0.00017229181706900683,0.08252688507727332,0.2,False,0.09795361600142524,0.0,0.0,False,0.03456933933815651,0.0,0.0,True,0.08922795319721517,1.0,0.6639514396796766,0.0,0.0015006473006866628,0.030360355782766163,184.930975168657,False,0.0,48,structured,0.7711887409710211
S07,0.5340414250022537,0.5340414250022537,0.0056309381618254665,0.5340414250022537,0.7885930444537386,0.2114069555462615,0.0011500401129332883,0.06918245465358046,0.2,False,0.08726464922121023,0.0,0.0,False,0.11888292057884374,0.0,0.0,True,0.07056352907793398,1.0,0.5340414250022537,0.0,0.013217171111823871,0.31243466513100077,261.84007904955257,False,0.0,48,structured,0.7711887409710211
S08,0.5105173951664776,0.5105173951664776,0.009729419625746343,0.638146743958097,0.0,1.0,0.00016666891723200297,0.06904218574484086,0.2,True,0.06832202838917029,1.0,0.638146743958097,False,0.10641830472906749,0.0,0.0,False,0.0424554054678468,0.0,0.0,0.0,0.1275633845164909,2.005921030784222,263.91563906002,False,0.0,48,structured,0.7711887409710211
S09,0.611562942783685,0.611562942783685,0.008293134556657538,0.7644536784796061,0.0,1.0,0.00021008439509568078,0.06591425877047748,0.2,True,0.1898889520442564,1.0,0.7644536784796061,False,0.10133620009309054,0.0,0.0,False,0.07436993190039501,0.0,0.0,0.0,0.19688228629723878,3.262980426458372,284.878021615918,False,0.0,48,structured,0.7711887409710211
S10,0.37944745361600846,0.37944745361600846,0.013184086468964464,0.37944745361600846,0.8614872035174724,0.13851279648252743,0.00015799899306877092,0.05148225531459258,0.0,True,0.12860221083462778,1.0,0.37944745361600846,False,0.034821640999941096,0.0,0.0,False,0.05888025114169078,0.0,0.0,0.0,0.013345655405971917,0.2616001968682826,283.0605645394103,False,0.0,48,structured,0.7711887409710211
S11,0.31230704192055747,0.31230704192055747,0.013957569937930932,0.31230704192055747,0.19617408790629345,0.8038259120937065,4.216168189533274e-05,0.07188003307388383,0.0,False,0.22474061754273236,0.0,0.0,False,0.1584711865288276,0.0,0.0,True,0.048326523427269286,1.0,0.31230704192055747,0.0,0.00013238533676346217,0.0033167697112265167,177.8245672436366,False,0.0,48,structured,0.7711887409710211
S12,0.2950052671661245,0.2950052671661245,0.01351168909943425,0.3339250351030525,0.0,1.0,4.5091567124920355e-05,0.029269091709537676,0.2,True,0.03457543394273536,0.5827620550360499,0.19459883968463998,False,0.22266075768669455,0.0,0.0,True,0.28893749224544746,0.4172379449639501,0.1393261954184125,2.1241705869910615e-09,0.00030318854101830706,0.011249718331122467,,True,0.11514644605753373,48,structured,0.7711887409710211
S13,0.49072727995025195,0.49072727995025195,0.00941401745281415,0.49072727995025195,0.0,1.0,0.00016162168456811056,0.06213153829550671,0.2,False,0.09078939435155794,0.0,0.0,True,0.18467149936038366,1.0,0.49072727995025195,False,0.038377597607973796,0.0,0.0,0.0,0.00016338601684865998,0.005614279963740422,208.1823650675365,False,0.0,48,structured,0.7711887409710211
S14,0.45294998058543856,0.45294998058543856,0.006002624208352473,0.45294998058543856,0.99941418930457,0.0005858106954299925,0.0012235608068348653,0.04638009282226172,0.0,False,0.08246486473713394,0.0,0.0,False,0.10197961346623285,0.0,0.0,True,0.31222753211484044,1.0,0.45294998058543856,6.958065689449295e-10,0.0012235608068348653,0.04706981854783935,,True,0.03771808820259881,48,structured,0.7711887409710211
S15,0.36265106226212634,0.36265106226212634,0.010680233763855462,0.36265106226212634,0.0,1.0,0.0007449396569363312,0.056247318295503015,0.2,False,0.11832969394624283,0.0,0.0,False,0.07762431343494038,0.0,0.0,True,0.04371086091494722,1.0,0.36265106226212634,0.0,0.006538291333167738,0.17160591996214483,279.1079282656202,False,0.0,48,structured,0.7711887409710211
S16,0.44179585142671257,0.44179585142671257,0.010810631899384374,0.44179585142671257,0.0,1.0,0.0005305115746743915,0.04749263772377871,0.2,False,0.12874019863904626,0.0,0.0,True,0.06343018111202886,1.0,0.44179585142671257,False,0.08658003830453527,0.0,0.0,5.424128381548065e-10,0.0034676795395144214,0.10325180404177867,,True,0.0294029636753317,48,structured,0.7711887409710211
S17,0.5655426659102226,0.5655426659102226,0.008274059501604657,0.6281171817652845,0.0,1.0,0.0004165629702578648,0.04874855140491839,0.2,True,0.017063008510858277,0.49811179881435597,0.31287257927530965,True,0.05637729846675962,0.501888201185644,0.3152446024899749,False,0.06658832364751903,0.0,0.0,1.3419255855739236e-08,0.06346881027999922,1.9038608059814632,,True,0.7274272744327496,48,structured,0.7711887409710211
S18,0.5829217250260742,0.5829217250260742,0.006483264327003437,0.597385588275398,1.0,0.0,0.0016213825429374717,0.034580442450389104,0.2,True,0.17148887471107968,0.12105969354801334,0.07231931624661936,True,0.2223614220934379,0.18258336953678408,0.10907267362003614,True,0.08914700687647598,0.6963569369152026,0.41599359840874256,4.291253830992991e-07,0.027016122636314536,0.9752630725643612,,True,23.261908944401494,48,structured,0.7711887409710211
S19,0.596395217307809,0.596395217307809,0.00876443387621984,0.596395217307809,0.33818584904593324,0.6618141509540667,0.0005243002956722484,0.07262278312603712,0.2,False,0.050217562576319756,0.0,0.0,False,0.10700778952276739,0.0,0.0,True,0.44106550445017845,1.0,0.596395217307809,0.0,0.0005243002956722484,0.010252875508548772,189.39889452468182,False,0.0,48,structured,0.7711887409710211
S20,0.4235256514546863,0.4235256514546863,0.005331365111360644,0.5294070643183578,0.0,1.0,9.968546588133831e-05,0.06555968553586494,0.2,True,0.05490724895644006,1.0,0.5294070643183578,False,0.05168063859530571,0.0,0.0,False,0.10293795054713568,0.0,0.0,0.0,0.028591425249888548,0.49965847159829946,270.46677837006246,False,0.0,48,structured,0.7711887409710211
S21,0.19564637707532528,0.19564637707532528,0.01685008073030756,0.19564637707532528,0.5032361587974773,0.49676384120252265,0.00021057584932983396,0.05998623551564299,0.2,False,0.18490941656336207,0.0,0.0,False,0.15822230092790154,0.0,0.0,True,0.09430956323418856,1.0,0.19564637707532528,0.0,0.00021057584932983396,0.005351373492468642,193.22559840210363,False,0.0,48,structured,0.7711887409710211
S22,0.6068165823766221,0.6068165823766221,0.004177354645984577,0.6068165823766221,0.8450981713224804,0.15490182867751967,8.788123744665847e-05,0.07216210819993385,0.0,True,0.0833500169805992,0.4783112369847366,0.2902471901394124,False,0.17545043563785717,0.0,0.0,True,0.15560878427868277,0.5216887630152633,0.3165693922372096,0.0,0.0043923752761451705,0.11677719399124369,239.11615492392457,False,0.0,48,structured,0.7711887409710211
S23,0.5563259426394604,0.5563259426394604,0.009106474283685967,0.6954074282993256,1.0,0.0,0.00021745790177978483,0.03451015373888143,0.2,True,0.07030556141939558,1.0,0.6954074282993256,False,0.12782077614892443,0.0,0.0,False,0.14300061814750628,0.0,0.0,1.3198249292093518e-06,0.32449261058508483,8.36481136337926,,True,71.5447012341257,48,structured,0.7711887409710211
S24,0.48653235007761964,0.48653235007761964,0.010780630171749418,0.48653235007761964,0.0,1.0,0.00023679695780594635,0.05096838321722925,0.2,False,0.12785587438232285,0.0,0.0,True,0.3455843689438717,1.0,0.48653235007761964,False,0.22299679040239315,0.0,0.0,0.0,0.00023679695780594635,0.006374243872601997,233.8319978651452,False,0.0,48,structured,0.7711887409710211
S25,0.45458522077648605,0.45458522077648605,0.007313957522146852,0.45458522077648605,1.0,0.0,0.0002176040781551005,0.05535669781786212,0.2,False,0.08631441090246009,0.0,0.0,True,0.08573156585156011,0.5158804589749095,0.2345116323373842,True,0.15326414609694727,0.4841195410250905,0.22007358843910188,0.0,0.0005678592084945176,0.01750925423489548,255.44957864759246,False,0.0,48,structured,0.7711887409710211
S01,0.44742105576006325,0.44742105576006325,0.010601329567336339,0.5592763197000791,0.6421052007994182,0.35789479920058165,0.0004,0.0,0.2,True,0.1,1.0,0.5592763197000791,False,0.1,0.0,0.0,False,0.1,0.0,0.0,0.0024630045420673185,0.051277060909961036,4.795225703960654,,True,4.147557525212315,49,baseline,2.1394641793200133
S02,0.5353434039008429,0.5353434039008429,0.013386503267204157,0.5353434039008429,0.20408943708007096,0.7959105629199291,0.0004,0.0,0.2,False,0.1,0.0,0.0,True,0.1,1.0,0.5353434039008429,False,0.1,0.0,0.0,0.00011868504975000957,0.004297021175352063,0.3763315401335596,,True,0.19985877525328413,49,baseline,2.1394641793200133
S03,0.4589002423814312,0.4589002423814312,0.011407513807010421,0.4589002423814312,0.00746397560792882,0.9925360243920712,0.0004,0.0,0.2,False,0.1,0.0,0.0,False,0.1,0.0,0.0,True,0.1,1.0,0.4589002423814312,6.416880670436828e-05,0.0014966356223067726,0.14543942306785426,,True,0.1080565677346294,49,baseline,2.1394641793200133
S04,0.547239712679366,0.547239712679366,0.013036137281437321,0.6312700507528212,0.9355048410717276,0.06449515892827236,0.0004,0.0,0.2,True,0.1,0.6655656954836103,0.4201516903672754,True,0.1,0.3344343045163896,0.2111183603855457,False,0.1,0.0,0.0,0.0010327406474138533,0.035257772790000114,3.1878696101928794,,True,1.7390756576432223,49,baseline,2.1394641793200133
S05,0.5601056004059812,0.5601056004059812,0.007936113902928883,0.7001320005074765,0.421739740135604,0.5782602598643961,0.0004,0.0,0.2,True,0.1,1.0,0.7001320005074765,False,0.1,0.0,0.0,False,0.1,0.0,0.0,0.019292729480097855,0.1871009071255193,21.753616420649053,,True,32.487843189238546,49,baseline,2.1394641793200133
S06,0.1704207602041739,0.1704207602041739,0.0052190634167315385,0.1910144252218776,0.7426233618879958,0.2573766381120041,0.0004,0.0,0.2,True,0.1,0.5390604660821452,0.1029683250885184,False,0.1,0.0,0.0,True,0.1,0.46093953391785486,0.0880461001333592,0.0002847026565248042,0.0012135462117988792,0.1975852691834463,,True,0.4794228452888962,49,baseline,2.1394641793200133
S07,0.613862413570717,0.613862413570717,0.010527215397393784,0.73882610451262,0.02992355601159762,0.9700764439884023,0.0004,0.0,0.2,True,0.1,0.8456908207401361,0.6248184547095151,False,0.1,0.0,0.0,True,0.1,0.15430917925986384,0.11400764980310478,0.006718953940861678,0.1263468625262584,12.666875210797278,,True,11.31433073021679,49,baseline,2.1394641793200133
S08,0.8898924993932721,0.8898924993932721,0.005412534149425329,0.8898924993932722,0.9756955146628256,0.024304485337174303,0.0004,0.0,0.2,False,0.1,0.0,0.0,True,0.1,0.2654325414240687,0.23620642770817274,True,0.1,0.7345674585759312,0.6536860716850994,0.0026221143769578404,0.011168164429426307,1.750645380167434,,True,4.415489305996435,49,baseline,2.1394641793200133
S09,0.5034894876331774,0.5034894876331774,0.007214387724552596,0.5034894876331774,0.1568468092929096,0.8431531907070905,0.0004,0.0,0.2,False,0.1,0.0,0.0,False,0.1,0.0,0.0,True,0.1,1.0,0.5034894876331774,0.0002635313237986682,0.001916576388408478,0.25475134971330543,,True,0.44377154263504226,49,baseline,2.1394641793200133
S10,0.317603844218066,0.317603844218066,0.01217571507459566,0.3970048052725825,0.7053819998594824,0.29461800014051764,0.0004,0.0,0.2,True,0.1,1.0,0.3970048052725825,False,0.1,0.0,0.0,False,0.1,0.0,0.0,0.0003601978823919335,0.011782988594113197,0.9932908080817743,,True,0.6065524493212129,49,baseline,2.1394641793200133
S11,0.6858324902715273,0.6858324902715273,0.010164063228430744,0.6901784272215525,0.2231521113471956,0.7768478886528044,0.0004,0.0,0.2,True,0.1,0.031484155246062705,0.02172968475012675,True,0.1,0.3945510187632138,0.27231060158865616,True,0.1,0.5739648259907236,0.3961381408827697,0.0003783125027268991,0.005837479632361879,0.6244178623165632,,True,0.6370564246909006,49,baseline,2.1394641793200133
S12,0.548179259242503,0.548179259242503,0.01356891603819589,0.5562057153929689,0.4203394639888211,0.579660536011179,0.0004,0.0,0.2,True,0.1,0.07215366480722872,0.040132280752329136,True,0.1,0.806406536916019,0.44852792476294095,True,0.1,0.12143979827675216,0.06754550987769878,0.00012909450476474965,0.004945231532528377,0.4294054481943556,,True,0.21738769683761316,49,baseline,2.1394641793200133
S13,0.45115809621817354,0.45115809621817354,0.010314727667910986,0.5402631376821168,0.053394506207434744,0.9466054937925653,0.0004,0.0,0.2,True,0.1,0.8246448373863647,0.44552520731971634,True,0.1,0.17535516261363532,0.09473793036240043,False,0.1,0.0,0.0,0.0015943754820539726,0.02652947260358974,2.854027960193373,,True,2.6848363109621207,49,baseline,2.1394641793200133
S14,0.5867460888737077,0.5867460888737077,0.01091715116397025,0.7334326110921346,0.5279222585231418,0.4720777414768581,0.0004,0.0,0.2,True,0.1,1.0,0.7334326110921346,False,0.1,0.0,0.0,False,0.1,0.0,0.0,0.010622919850490754,0.24199482607120257,21.94882960203735,,True,17.888384050095667,49,baseline,2.1394641793200133
S15,0.7249183974655085,0.7249183974655085,0.009429727662781887,0.7249183974655085,0.3910617797347788,0.6089382202652213,0.0004,0.0,0.2,False,0.1,0.0,0.0,True,0.1,1.0,0.7249183974655085,False,0.1,0.0,0.0,0.0010487745324309873,0.012905837531620716,1.4447458086294827,,True,1.7660757948030934,49,baseline,2.1394641793200133
S16,0.5258048254810171,0.5258048254810171,0.01143697870931771,0.5274171837567254,0.19411750745725945,0.8058824925427406,0.0004,0.0,0.2,True,0.1,0.015285416605348294,0.008061791378541083,True,0.1,0.1159572120320202,0.06115782620620957,True,0.1,0.8687573713626315,0.45819756617197477,9.390351955620135e-05,0.0021398710003203343,0.20983574001630828,,True,0.15812810838438143,49,baseline,2.1394641793200133
S17,0.18931662699534074,0.18931662699534074,0.008327620117429022,0.18931662699534074,0.5784392923454347,0.4215607076545654,0.0004,0.0,0.2,False,0.1,0.0,0.0,False,0.1,0.0,0.0,True,0.1,1.0,0.18931662699534074,6.343878525167908e-05,0.0006381154604518471,0.08016330300430995,,True,0.10682725373298892,49,baseline,2.1394641793200133
S18,0.33894381457743894,0.33894381457743894,0.009068186305423684,0.33894381457743894,0.1015337331474794,0.8984662668525206,0.0004,0.0,0.2,False,0.1,0.0,0.0,True,0.1,0.52209425975604,0.17696061997069645,True,0.1,0.47790574024396,0.16198319460674246,0.00011662169931341259,0.0013515989832024605,0.16106433272203066,,True,0.19638421218030055,49,baseline,2.1394641793200133
S19,0.6207835063648488,0.6207835063648488,0.017798989625698244,0.6508943649960204,0.8382994235761424,0.1617005764238575,0.0004,0.0,0.2,True,0.1,0.23130372799705873,0.15055429315585775,True,0.1,0.6671199978172956,0.4342246473554351,True,0.1,0.10157627418564559,0.06611542448472744,8.98849399689461e-05,0.01090261822205068,0.7630334493517243,,True,0.15136105224497398,49,baseline,2.1394641793200133
S20,0.23757591026108682,0.23757591026108682,0.007524870502519024,0.2839379999913876,0.314955661479563,0.6850443385204369,0.0004,0.0,0.2,True,0.1,0.8164122049832534,0.23181044865150371,False,0.1,0.0,0.0,True,0.1,0.18358779501674663,0.05212755133988387,0.0003980160165795045,0.0032655146747636635,0.4224840432917018,,True,0.6702360050598047,49,baseline,2.1394641793200133
S21,0.6564253685805326,0.6564253685805326,0.010396424543268484,0.7803421593937704,0.5857668419736225,0.41423315802637756,0.0004,0.0,0.2,True,0.1,0.7939901062727786,0.6195839540661893,False,0.1,0.0,0.0,True,0.1,0.2060098937272214,0.1607582053275811,0.00784288910968586,0.14111665257928532,14.32212738717207,,True,13.206972699685029,49,baseline,2.1394641793200133
S22,0.4594770264877368,0.4594770264877368,0.010201653777372277,0.565233888072738,0.6652926442133709,0.334707355786629,0.0004,0.0,0.2,True,0.1,0.935514163398778,0.528784307925006,True,0.1,0.06448583660122198,0.036449580147731975,False,0.1,0.0,0.0,0.0025586879073401297,0.04278128118345764,4.535150259524789,,True,4.308682791080396,49,baseline,2.1394641793200133
S23,0.22442179774482407,0.22442179774482407,0.014277878785817901,0.24194798929332337,0.4264842749523663,0.5735157250476338,0.0004,0.0,0.2,True,0.1,0.3621892374408534,0.08763095774249656,True,0.1,0.05424955426405257,0.013125570574246556,True,0.1,0.5835612082950941,0.14119146097658025,2.1111441537182835e-05,0.001113241962097536,0.09415256051358019,,True,0.035550449347579526,49,baseline,2.1394641793200133
S24,0.3088192681977934,0.3088192681977934,0.009360588126924037,0.3147093823841408,0.17659380355670734,0.8234061964432926,0.0004,0.0,0.2,True,0.1,0.09358021266677481,0.029450570931737252,True,0.1,0.9064197873332253,0.28525881145240356,False,0.1,0.0,0.0,0.00013962711376871377,0.0017306953924758205,0.2019168079639804,,True,0.23512400263339694,49,baseline,2.1394641793200133
S25,0.6486652084772581,0.6486652084772581,0.006889861234317809,0.6707987192692441,0.1792242106677311,0.8207757893322688,0.0004,0.0,0.2,True,0.1,0.1649787794474169,0.11066755395993035,True,0.1,0.09692337657880536,0.06501607687631328,True,0.1,0.7380978439737778,0.49511508843300045,0.0010659715379198376,0.006933255656924438,0.9519783894362586,,True,1.7950345597213795,49,baseline,2.1394641793200133
S01,0.44742105576006325,0.44742105576006325,0.010601329567336339,0.5592763197000791,0.6421052007994182,0.35789479920058165,0.0004,0.0,0.2,True,0.13627968153560083,1.0,0.5592763197000791,False,0.05659176808621269,0.0,0.0,False,0.1860460631960876,0.0,0.0,0.003245685592296145,0.06630985546046404,6.240706273932252,,True,5.399346946564324,49,affinity,2.172901101085387
S02,0.5353434039008429,0.5353434039008429,0.013386503267204157,0.5353434039008429,0.20408943708007096,0.7959105629199291,0.0004,0.0,0.2,False,0.3846639719251612,0.0,0.0,True,0.5208503656480445,1.0,0.5353434039008429,False,0.23438590843684834,0.0,0.0,1.2304624054621663e-05,0.0005066201078570149,0.046216339344412216,,True,0.02046930684710681,49,affinity,2.172901101085387
S03,0.4589002423814312,0.4589002423814312,0.011407513807010421,0.4589002423814312,0.00746397560792882,0.9925360243920712,0.0004,0.0,0.2,False,0.04401899005799085,0.0,0.0,False,0.03344362061802946,0.0,0.0,True,0.26550431071275815,1.0,0.4589002423814312,3.0587073129112104e-05,0.0007013127493729766,0.07172800979120197,,True,0.05088299997264256,49,affinity,2.172901101085387
S04,0.547239712679366,0.547239712679366,0.013036137281437321,0.6312700507528212,0.9355048410717276,0.06449515892827236,0.0004,0.0,0.2,True,0.20632554702972244,0.6655656954836103,0.4201516903672754,True,0.04850142460026195,0.3344343045163896,0.2111183603855457,False,0.21191079133635765,0.0,0.0,0.001156470606825009,0.04202603437265013,3.5810201287639543,,True,1.9238419317548816,49,affinity,2.172901101085387
S05,0.5601056004059812,0.5601056004059812,0.007936113902928883,0.7001320005074765,0.421739740135604,0.5782602598643961,0.0004,0.0,0.2,True,0.19028554941628076,1.0,0.7001320005074765,False,0.1046495665554648,0.0,0.0,False,0.05344977366478085,0.0,0.0,0.018292823994345127,0.17495976142981753,20.464757876053696,,True,30.430952280880685,49,affinity,2.172901101085387
S06,0.1704207602041739,0.1704207602041739,0.0052190634167315385,0.1910144252218776,0.7426233618879958,0.2573766381120041,0.0004,0.0,0.2,True,0.02955979656324523,0.5390604660821452,0.1029683250885184,False,0.3008958303230999,0.0,0.0,True,0.07086425571655068,0.46093953391785486,0.0880461001333592,0.0004099299170719635,0.0017087805219537248,0.2796235964445073,,True,0.6819372311666348,49,affinity,2.172901101085387
S07,0.613862413570717,0.613862413570717,0.010527215397393784,0.73882610451262,0.02992355601159762,0.9700764439884023,0.0004,0.0,0.2,True,0.35731005469957716,0.8456908207401361,0.6248184547095151,False,0.032780680104280265,0.0,0.0,True,0.30930885735984154,0.15430917925986384,0.11400764980310478,0.002255173915216286,0.04231294117899008,4.262790575229878,,True,3.7515853112809925,49,affinity,2.172901101085387
S08,0.8898924993932721,0.8898924993932721,0.005412534149425329,0.8898924993932722,0.9756955146628256,0.024304485337174303,0.0004,0.0,0.2,False,0.11105017037037904,0.0,0.0,True,0.07128636756623999,0.2654325414240687,0.23620642770817274,True,0.10020323628391999,0.7345674585759312,0.6536860716850994,0.003546806281749436,0.015246401645904167,2.356623997498747,,True,5.900275033685901,49,affinity,2.172901101085387
S09,0.5034894876331774,0.5034894876331774,0.007214387724552596,0.5034894876331774,0.1568468092929096,0.8431531907070905,0.0004,0.0,0.2,False,0.18075325074834417,0.0,0.0,False,0.26907462837296253,0.0,0.0,True,0.10164300544732816,1.0,0.5034894876331774,0.00034462202667562817,0.00243260092702197,0.3261483589277701,,True,0.5732945581255436,49,affinity,2.172901101085387
S10,0.317603844218066,0.317603844218066,0.01217571507459566,0.3970048052725825,0.7053819998594824,0.29461800014051764,0.0004,0.0,0.2,True,0.09850326560283519,1.0,0.3970048052725825,False,0.10157435949608733,0.0,0.0,False,0.11480626846723929,0.0,0.0,0.0005272032012951933,0.0168718464675497,1.4298586123171402,,True,0.8770267218391778,49,affinity,2.172901101085387
S11,0.6858324902715273,0.6858324902715273,0.010164063228430744,0.6901784272215525,0.2231521113471956,0.7768478886528044,0.0004,0.0,0.2,True,0.07869471043752066,0.031484155246062705,0.02172968475012675,True,0.06937995710238014,0.3945510187632138,0.27231060158865616,True,0.13396413111222577,0.5739648259907236,0.3961381408827697,0.0003354630946282588,0.005356366112238857,0.557367608630332,,True,0.5580582543069815,49,affinity,2.172901101085387
S12,0.548179259242503,0.548179259242503,0.01356891603819589,0.5562057153929689,0.4203394639888211,0.579660536011179,0.0004,0.0,0.2,True,0.12785414680253232,0.07215366480722872,0.040132280752329136,True,0.04389572031808303,0.806406536916019,0.44852792476294095,True,0.16606715059669694,0.12143979827675216,0.06754550987769878,0.0002307376580089522,0.009524026513737285,0.7746471169208332,,True,0.383842684018781,49,affinity,2.172901101085387
S13,0.45115809621817354,0.45115809621817354,0.010314727667910986,0.5402631376821168,0.053394506207434744,0.9466054937925653,0.0004,0.0,0.2,True,0.06761209279641983,0.8246448373863647,0.44552520731971634,True,0.06540321679926661,0.17535516261363532,0.09473793036240043,False,0.1616535840941876,0.0,0.0,0.002971284760977203,0.051673449979749125,5.287702057124357,,True,4.9428685697821475,49,affinity,2.172901101085387
S14,0.5867460888737077,0.5867460888737077,0.01091715116397025,0.7334326110921346,0.5279222585231418,0.4720777414768581,0.0004,0.0,0.2,True,0.18308872822706812,1.0,0.7334326110921346,False,0.06604878691806018,0.0,0.0,False,0.07096643727072278,0.0,0.0,0.010581245107418246,0.23655750458153338,21.63130755453421,,True,17.602386872343285,49,affinity,2.172901101085387
S15,0.7249183974655085,0.7249183974655085,0.009429727662781887,0.7249183974655085,0.3910617797347788,0.6089382202652213,0.0004,0.0,0.2,False,0.23754526778254656,0.0,0.0,True,0.055798368482217704,1.0,0.7249183974655085,False,0.09143819424137115,0.0,0.0,0.001506746855234489,0.019889441963098213,2.122463575576519,,True,2.506542547240489,49,affinity,2.172901101085387
S16,0.5258048254810171,0.5258048254810171,0.01143697870931771,0.5274171837567254,0.19411750745725945,0.8058824925427406,0.0004,0.0,0.2,True,0.2596420322463435,0.015285416605348294,0.008061791378541083,True,0.07092512004612486,0.1159572120320202,0.06115782620620957,True,0.09344959695597103,0.8687573713626315,0.45819756617197477,0.00013128821136517557,0.0029460475226648175,0.2860166954808732,,True,0.21840396520137523,49,affinity,2.172901101085387
S17,0.18931662699534074,0.18931662699534074,0.008327620117429022,0.18931662699534074,0.5784392923454347,0.4215607076545654,0.0004,0.0,0.2,False,0.2396140265995308,0.0,0.0,False,0.1241461277724401,0.0,0.0,True,0.05022756009176571,1.0,0.18931662699534074,0.00011052341419481413,0.001064052451392989,0.13362605541796063,,True,0.18386077208866763,49,affinity,2.172901101085387
S18,0.33894381457743894,0.33894381457743894,0.009068186305423684,0.33894381457743894,0.1015337331474794,0.8984662668525206,0.0004,0.0,0.2,False,0.3391033783311679,0.0,0.0,True,0.08602935975540173,0.52209425975604,0.17696061997069645,True,0.08765271812872111,0.47790574024396,0.16198319460674246,0.00011681050904942464,0.001394223666134654,0.16186320585284436,,True,0.19431964293141812,49,affinity,2.172901101085387
S19,0.6207835063648488,0.6207835063648488,0.017798989625698244,0.6508943649960204,0.8382994235761424,0.1617005764238575,0.0004,0.0,0.2,True,0.080859458598733,0.23130372799705873,0.15055429315585775,True,0.10577142629399784,0.6671199978172956,0.4342246473554351,True,0.04356659233848786,0.10157627418564559,0.06611542448472744,7.161391839838248e-05,0.009527470659849931,0.632379844297265,,True,0.11913304004355713,49,affinity,2.172901101085387
S20,0.23757591026108682,0.23757591026108682,0.007524870502519024,0.2839379999913876,0.314955661479563,0.6850443385204369,0.0004,0.0,0.2,True,0.08838388488182942,0.8164122049832534,0.23181044865150371,False,0.0996561230799997,0.0,0.0,True,0.12900193326013115,0.18358779501674663,0.05212755133988387,0.0005100982281939053,0.004113310047047356,0.5354821535746361,,True,0.8485718140364269,49,affinity,2.172901101085387
S21,0.6564253685805326,0.6564253685805326,0.010396424543268484,0.7803421593937704,0.5857668419736225,0.41423315802637756,0.0004,0.0,0.2,True,0.12918612261079795,0.7939901062727786,0.6195839540661893,False,0.14711894653937288,0.0,0.0,True,0.1373139113463979,0.2060098937272214,0.1607582053275811,0.010715007159631166,0.18765029750709075,19.293580917021178,,True,17.824906185334125,49,affinity,2.172901101085387
S22,0.4594770264877368,0.4594770264877368,0.010201653777372277,0.565233888072738,0.6652926442133709,0.334707355786629,0.0004,0.0,0.2,True,0.20561664191685075,0.935514163398778,0.528784307925006,True,0.11756637662348192,0.06448583660122198,0.036449580147731975,False,0.037811392921298925,0.0,0.0,0.0021346898993216882,0.03704159095110803,3.777294465610758,,True,3.5511546211135916,49,affinity,2.172901101085387
S23,0.22442179774482407,0.22442179774482407,0.014277878785817901,0.24194798929332337,0.4264842749523663,0.5735157250476338,0.0004,0.0,0.2,True,0.2952733818470836,0.3621892374408534,0.08763095774249656,True,0.054435182585169176,0.05424955426405257,0.013125570574246556,True,0.10408327128114625,0.5835612082950941,0.14119146097658025,2.0860166511101907e-05,0.001068413015207792,0.0917603387844772,,True,0.034701844388094594,49,affinity,2.172901101085387
S24,0.3088192681977934,0.3088192681977934,0.009360588126924037,0.3147093823841408,0.17659380355670734,0.8234061964432926,0.0004,0.0,0.2,True,0.20753577806742265,0.09358021266677481,0.029450570931737252,True,0.12275646907914994,0.9064197873332253,0.28525881145240356,False,0.05372558150338199,0.0,0.0,8.155028626710682e-05,0.0010800800111308083,0.12285225612197323,,True,0.13566264403208836,49,affinity,2.172901101085387
S25,0.6486652084772581,0.6486652084772581,0.006889861234317809,0.6707987192692441,0.1792242106677311,0.8207757893322688,0.0004,0.0,0.2,True,0.21936157780697946,0.1649787794474169,0.11066755395993035,True,0.1201712196691213,0.09692337657880536,0.06501607687631328,True,0.14044423807157322,0.7380978439737778,0.49511508843300045,0.0007730320060073745,0.005020936174973064,0.6886807815168271,,True,1.2859742210210903,49,affinity,2.172901101085387
S01,0.44742105576006325,0.44742105576006325,0.010601329567336339,0.5592763197000791,0.6421052007994182,0.35789479920058165,0.0004,0.07104851527487288,0.2,True,0.1,1.0,0.5592763197000791,False,0.1,0.0,0.0,False,0.1,0.0,0.0,0.0,0.04796816370332601,0.7577668238689245,241.29663255921776,False,0.0,49,starvation,0.9037649159512612
S02,0.5353434039008429,0.5353434039008429,0.013386503267204157,0.5353434039008429,0.20408943708007096,0.7959105629199291,0.0004,0.055046640335452666,0.2,False,0.1,0.0,0.0,True,0.1,1.0,0.5353434039008429,False,0.1,0.0,0.0,0.0,0.0027808273385030637,0.0871929876887116,268.937688612404,False,0.0,49,starvation,0.9037649159512612
S03,0.4589002423814312,0.4589002423814312,0.011407513807010421,0.4589002423814312,0.00746397560792882,0.9925360243920712,0.0004,0.07830878971487298,0.2,False,0.1,0.0,0.0,False,0.1,0.0,0.0,True,0.1,1.0,0.4589002423814312,0.0,0.0005003145335738214,0.013870253617933535,181.38783711081106,False,0.0,49,starvation,0.9037649159512612
S04,0.547239712679366,0.547239712679366,0.013036137281437321,0.6312700507528212,0.9355048410717276,0.06449515892827236,0.0004,0.07711852026960779,0.2,True,0.1,0.6655656954836103,0.4201516903672754,True,0.1,0.3344343045163896,0.2111183603855457,False,0.1,0.0,0.0,0.0,0.014863103886851732,0.41375358482855135,222.14108751888668,False,0.0,49,starvation,0.9037649159512612
S05,0.5601056004059812,0.5601056004059812,0.007936113902928883,0.7001320005074765,0.421739740135604,0.5782602598643961,0.0004,0.04872876538539366,0.2,True,0.1,1.0,0.7001320005074765,False,0.1,0.0,0.0,False,0.1,0.0,0.0,1.6643395633484214e-08,0.18575904491219106,3.8473820140388386,,True,9.321716187598799,49,starvation,0.9037649159512612
S06,0.1704207602041739,0.1704207602041739,0.0052190634167315385,0.1910144252218776,0.7426233618879958,0.2573766381120041,0.0004,0.07591794249390352,0.2,True,0.1,0.5390604660821452,0.1029683250885184,False,0.1,0.0,0.0,True,0.1,0.46093953391785486,0.0880461001333592,0.0,0.0006552180007185908,0.017074391165864806,194.12586152730742,False,0.0,49,starvation,0.9037649159512612
S07,0.613862413570717,0.613862413570717,0.010527215397393784,0.73882610451262,0.02992355601159762,0.9700764439884023,0.0004,0.05117020734264609,0.2,True,0.1,0.8456908207401361,0.6248184547095151,False,0.1,0.0,0.0,True,0.1,0.15430917925986384,0.11400764980310478,3.0448697866559025e-09,0.10178388433687437,2.430503150634314,,True,1.7053858842541314,49,starvation,0.9037649159512612
S08,0.8898924993932721,0.8898924993932721,0.005412534149425329,0.8898924993932722,0.9756955146628256,0.024304485337174303,0.0004,0.0849017351969542,0.2,False,0.1,0.0,0.0,True,0.1,0.2654325414240687,0.23620642770817274,True,0.1,0.7345674585759312,0.6536860716850994,0.0,0.0039547876509614666,0.09893847321178464,211.4715119488295,False,0.0,49,starvation,0.9037649159512612
S09,0.5034894876331774,0.5034894876331774,0.007214387724552596,0.5034894876331774,0.1568468092929096,0.8431531907070905,0.0004,0.06783742135400726,0.2,False,0.1,0.0,0.0,False,0.1,0.0,0.0,True,0.1,1.0,0.5034894876331774,0.0,0.000766396709477915,0.02195561956643126,219.11170342925558,False,0.0,49,starvation,0.9037649159512612
S10,0.317603844218066,0.317603844218066,0.01217571507459566,0.3970048052725825,0.7053819998594824,0.29461800014051764,0.0004,0.07695487473732415,0.2,True,0.1,1.0,0.3970048052725825,False,0.1,0.0,0.0,False,0.1,0.0,0.0,0.0,0.010689087072744815,0.16949890883926633,205.26106692330572,False,0.0,49,starvation,0.9037649159512612
S11,0.6858324902715273,0.6858324902715273,0.010164063228430744,0.6901784272215525,0.2231521113471956,0.7768478886528044,0.0004,0.09936735974515432,0.2,True,0.1,0.031484155246062705,0.02172968475012675,True,0.1,0.3945510187632138,0.27231060158865616,True,0.1,0.5739648259907236,0.3961381408827697,0.0,0.0013923861403545659,0.03454591131999897,168.86218971748863,False,0.0,49,starvation,0.9037649159512612
S12,0.548179259242503,0.548179259242503,0.01356891603819589,0.5562057153929689,0.4203394639888211,0.579660536011179,0.0004,0.02772297922757793,0.2,True,0.1,0.07215366480722872,0.040132280752329136,True,0.1,0.806406536916019,0.44852792476294095,True,0.1,0.12143979827675216,0.06754550987769878,1.35148652201434e-07,0.005675977956380793,0.24111268560665666,,True,75.6947324152824,49,starvation,0.9037649159512612
S13,0.45115809621817354,0.45115809621817354,0.010314727667910986,0.5402631376821168,0.053394506207434744,0.9466054937925653,0.0004,0.08760263166222915,0.2,True,0.1,0.8246448373863647,0.44552520731971634,True,0.1,0.17535516261363532,0.09473793036240043,False,0.1,0.0,0.0,0.0,0.016286211341216664,0.3044179293202764,199.3211215986339,False,0.0,49,starvation,0.9037649159512612
S14,0.5867460888737077,0.5867460888737077,0.01091715116397025,0.7334326110921346,0.5279222585231418,0.4720777414768581,0.0004,0.047006004172819464,0.2,True,0.1,1.0,0.7334326110921346,False,0.1,0.0,0.0,False,0.1,0.0,0.0,1.5141331687959636e-08,0.24224326868198587,4.903958602268444,,True,8.480432707703912,49,starvation,0.9037649159512612
S15,0.7249183974655085,0.7249183974655085,0.009429727662781887,0.7249183974655085,0.3910617797347788,0.6089382202652213,0.0004,0.04858178357786726,0.2,False,0.1,0.0,0.0,True,0.1,1.0,0.7249183974655085,False,0.1,0.0,0.0,4.65749616828065e-09,0.013614136152548785,0.44811106761196906,,True,2.608593725801627,49,starvation,0.9037649159512612
S16,0.5258048254810171,0.5258048254810171,0.01143697870931771,0.5274171837567254,0.19411750745725945,0.8058824925427406,0.0004,0.0680953301185906,0.2,True,0.1,0.015285416605348294,0.008061791378541083,True,0.1,0.1159572120320202,0.06115782620620957,True,0.1,0.8687573713626315,0.45819756617197477,0.0,0.0008548507009065693,0.02449959372704696,211.34648568785883,False,0.0,49,starvation,0.9037649159512612
S17,0.18931662699534074,0.18931662699534074,0.008327620117429022,0.18931662699534074,0.5784392923454347,0.4215607076545654,0.0004,0.06382609947369278,0.2,False,0.1,0.0,0.0,False,0.1,0.0,0.0,True,0.1,1.0,0.18931662699534074,0.0,0.0004,0.009245179944493934,207.59022875486815,False,0.0,49,starvation,0.9037649159512612
S18,0.33894381457743894,0.33894381457743894,0.009068186305423684,0.33894381457743894,0.1015337331474794,0.8984662668525206,0.0004,0.07154868774670069,0.2,False,0.1,0.0,0.0,True,0.1,0.52209425975604,0.17696061997069645,True,0.1,0.47790574024396,0.16198319460674246,0.0,0.00044280929857005833,0.01524976421682414,202.981289215668,False,0.0,49,starvation,0.9037649159512612
S19,0.6207835063648488,0.6207835063648488,0.017798989625698244,0.6508943649960204,0.8382994235761424,0.1617005764238575,0.0004,0.05504530984424527,0.2,True,0.1,0.23130372799705873,0.15055429315585775,True,0.1,0.6671199978172956,0.4342246473554351,True,0.1,0.10157627418564559,0.06611542448472744,0.0,0.006764030818436635,0.20567161098250933,265.08107091337524,False,0.0,49,starvation,0.9037649159512612
S20,0.23757591026108682,0.23757591026108682,0.007524870502519024,0.2839379999913876,0.314955661479563,0.6850443385204369,0.0004,0.05158101407042591,0.2,True,0.1,0.8164122049832534,0.23181044865150371,False,0.1,0.0,0.0,True,0.1,0.18358779501674663,0.05212755133988387,0.0,0.0026261202308204253,0.06760506624714244,282.0846227095962,False,0.0,49,starvation,0.9037649159512612
S21,0.6564253685805326,0.6564253685805326,0.010396424543268484,0.7803421593937704,0.5857668419736225,0.41423315802637756,0.0004,0.0544566786678219,0.2,True,0.1,0.7939901062727786,0.6195839540661893,False,0.1,0.0,0.0,True,0.1,0.2060098937272214,0.1607582053275811,1.417182700597254e-09,0.10277067854531052,2.5262172952509725,,True,0.7937427681142515,49,starvation,0.9037649159512612
S22,0.4594770264877368,0.4594770264877368,0.010201653777372277,0.565233888072738,0.6652926442133709,0.334707355786629,0.0004,0.0485013160341425,0.2,True,0.1,0.935514163398778,0.528784307925006,True,0.1,0.06448583660122198,0.036449580147731975,False,0.1,0.0,0.0,2.4914009830559966e-09,0.039121370509409684,0.9201709225762089,,True,1.3953963112448577,49,starvation,0.9037649159512612
S23,0.22442179774482407,0.22442179774482407,0.014277878785817901,0.24194798929332337,0.4264842749523663,0.5735157250476338,0.0004,0.07109078166338653,0.2,True,0.1,0.3621892374408534,0.08763095774249656,True,0.1,0.05424955426405257,0.013125570574246556,True,0.1,0.5835612082950941,0.14119146097658025,0.0,0.0005239062613603614,0.014988230478470234,185.63299430298557,False,0.0,49,starvation,0.9037649159512612
S24,0.3088192681977934,0.3088192681977934,0.009360588126924037,0.3147093823841408,0.17659380355670734,0.8234061964432926,0.0004,0.058281010231455994,0.2,True,0.1,0.09358021266677481,0.029450570931737252,True,0.1,0.9064197873332253,0.28525881145240356,False,0.1,0.0,0.0,0.0,0.00075454984998056,0.027740987628078383,247.77438417127885,False,0.0,49,starvation,0.9037649159512612
S25,0.6486652084772581,0.6486652084772581,0.006889861234317809,0.6707987192692441,0.1792242106677311,0.8207757893322688,0.0004,0.06107368995115197,0.2,True,0.1,0.1649787794474169,0.11066755395993035,True,0.1,0.09692337657880536,0.06501607687631328,True,0.1,0.7380978439737778,0.49511508843300045,0.0,0.003397151509228999,0.09893514268451403,264.52641910377514,False,0.0,49,starvation,0.9037649159512612
S01,0.44742105576006325,0.44742105576006325,0.010601329567336339,0.5592763197000791,0.6421052007994182,0.35789479920058165,0.0004,0.07104851527487288,0.2,True,0.13627968153560083,1.0,0.5592763197000791,False,0.05659176808621269,0.0,0.0,False,0.1860460631960876,0.0,0.0,0.0,0.06087458962045634,0.9981261149278712,245.9352161963445,False,0.0,49,both,0.7484829309609389
S02,0.5353434039008429,0.5353434039008429,0.013386503267204157,0.5353434039008429,0.20408943708007096,0.7959105629199291,0.0004,0.055046640335452666,0.2,False,0.3846639719251612,0.0,0.0,True,0.5208503656480445,1.0,0.5353434039008429,False,0.23438590843684834,0.0,0.0,0.0,0.0004,0.008037241365327118,213.0813551197385,False,0.0,49,both,0.7484829309609389
S03,0.4589002423814312,0.4589002423814312,0.011407513807010421,0.4589002423814312,0.00746397560792882,0.9925360243920712,0.0004,0.07830878971487298,0.2,False,0.04401899005799085,0.0,0.0,False,0.03344362061802946,0.0,0.0,True,0.26550431071275815,1.0,0.4589002423814312,0.0,0.0004,0.006995243391566192,170.6845522860846,False,0.0,49,both,0.7484829309609389
S04,0.547239712679366,0.547239712679366,0.013036137281437321,0.6312700507528212,0.9355048410717276,0.06449515892827236,0.0004,0.07711852026960779,0.2,True,0.20632554702972244,0.6655656954836103,0.4201516903672754,True,0.04850142460026195,0.3344343045163896,0.2111183603855457,False,0.21191079133635765,0.0,0.0,0.0,0.02085009815360889,0.4801850835596339,221.6189559629426,False,0.0,49,both,0.7484829309609389
S05,0.5601056004059812,0.5601056004059812,0.007936113902928883,0.7001320005074765,0.421739740135604,0.5782602598643961,0.0004,0.04872876538539366,0.2,True,0.19028554941628076,1.0,0.7001320005074765,False,0.1046495665554648,0.0,0.0,False,0.05344977366478085,0.0,0.0,1.662360691680979e-08,0.16880909167784225,3.625844656620866,,True,7.851570988308864,49,both,0.7484829309609389
S06,0.1704207602041739,0.1704207602041739,0.0052190634167315385,0.1910144252218776,0.7426233618879958,0.2573766381120041,0.0004,0.07591794249390352,0.2,True,0.02955979656324523,0.5390604660821452,0.1029683250885184,False,0.3008958303230999,0.0,0.0,True,0.07086425571655068,0.46093953391785486,0.0880461001333592,0.0,0.0008823169985890444,0.02461803951621041,204.00210081116145,False,0.0,49,both,0.7484829309609389
S07,0.613862413570717,0.613862413570717,0.010527215397393784,0.73882610451262,0.02992355601159762,0.9700764439884023,0.0004,0.05117020734264609,0.2,True,0.35731005469957716,0.8456908207401361,0.6248184547095151,False,0.032780680104280265,0.0,0.0,True,0.30930885735984154,0.15430917925986384,0.11400764980310478,9.34873353744517e-10,0.03234591618918441,0.7456799302246583,,True,0.4415542630872138,49,both,0.7484829309609389
S08,0.8898924993932721,0.8898924993932721,0.005412534149425329,0.8898924993932722,0.9756955146628256,0.024304485337174303,0.0004,0.0849017351969542,0.2,False,0.11105017037037904,0.0,0.0,True,0.07128636756623999,0.2654325414240687,0.23620642770817274,True,0.10020323628391999,0.7345674585759312,0.6536860716850994,0.0,0.006216261797541475,0.1466642319853383,221.9725512471102,False,0.0,49,both,0.7484829309609389
S09,0.5034894876331774,0.5034894876331774,0.007214387724552596,0.5034894876331774,0.1568468092929096,0.8431531907070905,0.0004,0.06783742135400726,0.2,False,0.18075325074834417,0.0,0.0,False,0.26907462837296253,0.0,0.0,True,0.10164300544732816,1.0,0.5034894876331774,0.0,0.0009163643336738914,0.028869333307068524,232.99370869873962,False,0.0,49,both,0.7484829309609389
S10,0.317603844218066,0.317603844218066,0.01217571507459566,0.3970048052725825,0.7053819998594824,0.29461800014051764,0.0004,0.07695487473732415,0.2,True,0.09850326560283519,1.0,0.3970048052725825,False,0.10157435949608733,0.0,0.0,False,0.11480626846723929,0.0,0.0,0.0,0.015448598438936763,0.2511678287004273,211.15392269214357,False,0.0,49,both,0.7484829309609389
S11,0.6858324902715273,0.6858324902715273,0.010164063228430744,0.6901784272215525,0.2231521113471956,0.7768478886528044,0.0004,0.09936735974515432,0.2,True,0.07869471043752066,0.031484155246062705,0.02172968475012675,True,0.06937995710238014,0.3945510187632138,0.27231060158865616,True,0.13396413111222577,0.5739648259907236,0.3961381408827697,0.0,0.0013599403699183499,0.02989507829014295,167.05074893681592,False,0.0,49,both,0.7484829309609389
S12,0.548179259242503,0.548179259242503,0.01356891603819589,0.5562057153929689,0.4203394639888211,0.579660536011179,0.0004,0.02772297922757793,0.2,True,0.12785414680253232,0.07215366480722872,0.040132280752329136,True,0.04389572031808303,0.806406536916019,0.44852792476294095,True,0.16606715059669694,0.12143979827675216,0.06754550987769878,1.7070512436738748e-07,0.011819681773594158,0.4056599611557962,,True,80.62650956233338,49,both,0.7484829309609389
S13,0.45115809621817354,0.45115809621817354,0.010314727667910986,0.5402631376821168,0.053394506207434744,0.9466054937925653,0.0004,0.08760263166222915,0.2,True,0.06761209279641983,0.8246448373863647,0.44552520731971634,True,0.06540321679926661,0.17535516261363532,0.09473793036240043,False,0.1616535840941876,0.0,0.0,0.0,0.03454546635768972,0.6199050649742873,206.33177619993316,False,0.0,49,both,0.7484829309609389
S14,0.5867460888737077,0.5867460888737077,0.01091715116397025,0.7334326110921346,0.5279222585231418,0.4720777414768581,0.0004,0.047006004172819464,0.2,True,0.18308872822706812,1.0,0.7334326110921346,False,0.06604878691806018,0.0,0.0,False,0.07096643727072278,0.0,0.0,1.6018579621760688e-08,0.2325289694562033,4.876061637758844,,True,7.565807809432267,49,both,0.7484829309609389
S15,0.7249183974655085,0.7249183974655085,0.009429727662781887,0.7249183974655085,0.3910617797347788,0.6089382202652213,0.0004,0.04858178357786726,0.2,False,0.23754526778254656,0.0,0.0,True,0.055798368482217704,1.0,0.7249183974655085,False,0.09143819424137115,0.0,0.0,2.97759091093584e-09,0.02126228387203083,0.5401959568993736,,True,1.4063594338070755,49,both,0.7484829309609389
S16,0.5258048254810171,0.5258048254810171,0.01143697870931771,0.5274171837567254,0.19411750745725945,0.8058824925427406,0.0004,0.0680953301185906,0.2,True,0.2596420322463435,0.015285416605348294,0.008061791378541083,True,0.07092512004612486,0.1159572120320202,0.06115782620620957,True,0.09344959695597103,0.8687573713626315,0.45819756617197477,0.0,0.0012092476023275683,0.03515074036241352,224.45510714299803,False,0.0,49,both,0.7484829309609389
S17,0.18931662699534074,0.18931662699534074,0.008327620117429022,0.18931662699534074,0.5784392923454347,0.4215607076545654,0.0004,0.06382609947369278,0.2,False,0.2396140265995308,0.0,0.0,False,0.1241461277724401,0.0,0.0,True,0.05022756009176571,1.0,0.18931662699534074,0.0,0.00043595692379304346,0.016157959042564844,229.00245723526604,False,0.0,49,both,0.7484829309609389
S18,0.33894381457743894,0.33894381457743894,0.009068186305423684,0.33894381457743894,0.1015337331474794,0.8984662668525206,0.0004,0.07154868774670069,0.2,False,0.3391033783311679,0.0,0.0,True,0.08602935975540173,0.52209425975604,0.17696061997069645,True,0.08765271812872111,0.47790574024396,0.16198319460674246,0.0,0.0004936210871840567,0.015260205101539265,203.21094473930535,False,0.0,49,both,0.7484829309609389
S19,0.6207835063648488,0.6207835063648488,0.017798989625698244,0.6508943649960204,0.8382994235761424,0.1617005764238575,0.0004,0.05504530984424527,0.2,True,0.080859458598733,0.23130372799705873,0.15055429315585775,True,0.10577142629399784,0.6671199978172956,0.4342246473554351,True,0.04356659233848786,0.10157627418564559,0.06611542448472744,0.0,0.0058710670421596445,0.15021018039994496,256.10334469756134,False,0.0,49,both,0.7484829309609389
S20,0.23757591026108682,0.23757591026108682,0.007524870502519024,0.2839379999913876,0.314955661479563,0.6850443385204369,0.0004,0.05158101407042591,0.2,True,0.08838388488182942,0.8164122049832534,0.23181044865150371,False,0.0996561230799997,0.0,0.0,True,0.12900193326013115,0.18358779501674663,0.05212755133988387,0.0,0.0033120095860042055,0.08708383682708003,288.77843117084007,False,0.0,49,both,0.7484829309609389
S21,0.6564253685805326,0.6564253685805326,0.010396424543268484,0.7803421593937704,0.5857668419736225,0.41423315802637756,0.0004,0.0544566786678219,0.2,True,0.12918612261079795,0.7939901062727786,0.6195839540661893,False,0.14711894653937288,0.0,0.0,True,0.1373139113463979,0.2060098937272214,0.1607582053275811,2.472179846918843e-09,0.13904986302671635,3.4859397286390714,,True,1.1676464476744781,49,both,0.7484829309609389
S22,0.4594770264877368,0.4594770264877368,0.010201653777372277,0.565233888072738,0.6652926442133709,0.334707355786629,0.0004,0.0485013160341425,0.2,True,0.20561664191685075,0.935514163398778,0.528784307925006,True,0.11756637662348192,0.06448583660122198,0.036449580147731975,False,0.037811392921298925,0.0,0.0,1.991366870032654e-09,0.03267348492098287,0.7560758483079563,,True,0.9405514953567231,49,both,0.7484829309609389
S23,0.22442179774482407,0.22442179774482407,0.014277878785817901,0.24194798929332337,0.4264842749523663,0.5735157250476338,0.0004,0.07109078166338653,0.2,True,0.2952733818470836,0.3621892374408534,0.08763095774249656,True,0.054435182585169176,0.05424955426405257,0.013125570574246556,True,0.10408327128114625,0.5835612082950941,0.14119146097658025,0.0,0.00043760197604825445,0.014070928434827882,187.67259882136477,False,0.0,49,both,0.7484829309609389
S24,0.3088192681977934,0.3088192681977934,0.009360588126924037,0.3147093823841408,0.17659380355670734,0.8234061964432926,0.0004,0.058281010231455994,0.2,True,0.20753577806742265,0.09358021266677481,0.029450570931737252,True,0.12275646907914994,0.9064197873332253,0.28525881145240356,False,0.05372558150338199,0.0,0.0,0.0,0.0004625351575758104,0.015601232658423345,230.48910277726915,False,0.0,49,both,0.7484829309609389
S25,0.6486652084772581,0.6486652084772581,0.006889861234317809,0.6707987192692441,0.1792242106677311,0.8207757893322688,0.0004,0.06107368995115197,0.2,True,0.21936157780697946,0.1649787794474169,0.11066755395993035,True,0.1201712196691213,0.09692337657880536,0.06501607687631328,True,0.14044423807157322,0.7380978439737778,0.49511508843300045,0.0,0.00219178564902699,0.06781521432051393,263.9263245333933,False,0.0,49,both,0.7484829309609389
S01,0.44742105576006325,0.44742105576006325,0.010601329567336339,0.5592763197000791,0.8608008546915007,0.13919914530849928,0.00020479070083935687,0.07104851527487288,0.2,True,0.13627968153560083,1.0,0.5592763197000791,False,0.05659176808621269,0.0,0.0,False,0.1860460631960876,0.0,0.0,0.0,0.008254901719276042,0.13071507510605127,217.279901184796,False,0.0,49,structured,0.16210565322832807
S02,0.5353434039008429,0.5353434039008429,0.013386503267204157,0.5353434039008429,0.26169957605628746,0.7383004239437125,0.00011290461808193444,0.055046640335452666,0.0,False,0.3846639719251612,0.0,0.0,True,0.5208503656480445,1.0,0.5353434039008429,False,0.23438590843684834,0.0,0.0,0.0,0.00011290461808193444,0.002035572914883921,227.489210925624,False,0.0,49,structured,0.16210565322832807
S03,0.4589002423814312,0.4589002423814312,0.011407513807010421,0.4589002423814312,0.4107681510480992,0.5892318489519008,9.435395655058287e-05,0.07830878971487298,0.0,False,0.04401899005799085,0.0,0.0,False,0.03344362061802946,0.0,0.0,True,0.26550431071275815,1.0,0.4589002423814312,0.0,9.435395655058287e-05,0.0016267953223472753,152.53673232387675,False,0.0,49,structured,0.16210565322832807
S04,0.547239712679366,0.547239712679366,0.013036137281437321,0.6840496408492075,0.0,1.0,0.0003000453859987484,0.07711852026960779,0.2,True,0.20632554702972244,1.0,0.6840496408492075,False,0.04850142460026195,0.0,0.0,False,0.21191079133635765,0.0,0.0,0.0,0.018664056626104413,0.2700393284134215,206.80467690719686,False,0.0,49,structured,0.16210565322832807
S05,0.5601056004059812,0.5601056004059812,0.007936113902928883,0.7001320005074765,1.0,0.0,0.00020856294409921891,0.04872876538539366,0.2,True,0.19028554941628076,1.0,0.7001320005074765,False,0.1046495665554648,0.0,0.0,False,0.05344977366478085,0.0,0.0,1.3824381644691401e-09,0.017831023871699936,0.37279020929554213,,True,0.0032937894961436944,49,structured,0.16210565322832807
S06,0.1704207602041739,0.1704207602041739,0.0052190634167315385,0.21302595025521737,0.13880284153993178,0.8611971584600681,0.0008192277963722952,0.07591794249390352,0.2,True,0.02955979656324523,1.0,0.21302595025521737,False,0.3008958303230999,0.0,0.0,False,0.07086425571655068,0.0,0.0,0.0,0.0042131613620008754,0.07662497895989231,210.45259271538785,False,0.0,49,structured,0.16210565322832807
S07,0.613862413570717,0.613862413570717,0.010527215397393784,0.613862413570717,0.7794807774469218,0.22051922255307813,0.00016827233507539426,0.05117020734264609,0.2,False,0.35731005469957716,0.0,0.0,False,0.032780680104280265,0.0,0.0,True,0.30930885735984154,1.0,0.613862413570717,0.0,0.00016827233507539426,0.005455172053443145,232.9204908734708,False,0.0,49,structured,0.16210565322832807
S08,0.8898924993932721,0.8898924993932721,0.005412534149425329,1.11236562424159,0.06774709461708775,0.9322529053829124,5.33208132712268e-05,0.0849017351969542,0.2,True,0.11105017037037904,1.0,1.11236562424159,False,0.07128636756623999,0.0,0.0,False,0.10020323628391999,0.0,0.0,0.0,0.14416693454728918,1.9111014504133228,229.32437895208787,False,0.0,49,structured,0.16210565322832807
S09,0.5034894876331774,0.5034894876331774,0.007214387724552596,0.5034894876331774,1.0,0.0,7.548397622570116e-05,0.06783742135400726,0.2,False,0.18075325074834417,0.0,0.0,True,0.26907462837296253,1.0,0.5034894876331774,False,0.10164300544732816,0.0,0.0,0.0,7.548397622570116e-05,0.0014969903208732157,237.5434997562654,False,0.0,49,structured,0.16210565322832807
S10,0.317603844218066,0.317603844218066,0.01217571507459566,0.317603844218066,0.0,1.0,0.0004122488563154035,0.07695487473732415,0.2,False,0.09850326560283519,0.0,0.0,True,0.10157435949608733,0.25819097288801124,0.08200244553163481,True,0.11480626846723929,0.7418090271119887,0.23560139868643115,0.0,0.0004122488563154035,0.009188982804086419,196.07618073292855,False,0.0,49,structured,0.16210565322832807
S11,0.6858324902715273,0.6858324902715273,0.010164063228430744,0.6858324902715273,0.0,1.0,0.00039228780487714525,0.09936735974515432,0.2,False,0.07869471043752066,0.0,0.0,False,0.06937995710238014,0.0,0.0,True,0.13396413111222577,1.0,0.6858324902715273,0.0,0.000519746146089465,0.014305255454307352,157.15792476651478,False,0.0,49,structured,0.16210565322832807
S12,0.548179259242503,0.548179259242503,0.01356891603819589,0.548179259242503,0.9425641071236778,0.057435892876322094,0.00026754366263651957,0.02772297922757793,0.0,False,0.12785414680253232,0.0,0.0,False,0.04389572031808303,0.0,0.0,True,0.16606715059669694,1.0,0.548179259242503,9.188621276443637e-09,0.0006296204788948547,0.02684098336255874,,True,0.021892758043188503,49,structured,0.16210565322832807
S13,0.45115809621817354,0.45115809621817354,0.010314727667910986,0.5639476202727169,0.5983290595320568,0.4016709404679431,0.0009635486046819785,0.08760263166222915,0.2,True,0.06761209279641983,1.0,0.5639476202727169,False,0.06540321679926661,0.0,0.0,False,0.1616535840941876,0.0,0.0,0.0,0.06009500916363275,0.8111020651312274,203.41793796022736,False,0.0,49,structured,0.16210565322832807
S14,0.5867460888737077,0.5867460888737077,0.01091715116397025,0.5867460888737077,0.0,1.0,0.00018473586513430615,0.047006004172819464,0.2,False,0.18308872822706812,0.0,0.0,False,0.06604878691806018,0.0,0.0,True,0.07096643727072278,1.0,0.5867460888737077,4.4108722973764213e-10,0.0023977684234416986,0.07128981646768082,,True,0.001050931984904268,49,structured,0.16210565322832807
S15,0.7249183974655085,0.7249183974655085,0.009429727662781887,0.8638970061814887,0.41545282010133067,0.5845471798986694,2.1868897377366912e-05,0.04858178357786726,0.2,True,0.23754526778254656,0.8043702416002088,0.6948930435799011,False,0.055798368482217704,0.0,0.0,True,0.09143819424137115,0.19562975839979124,0.1690039626015876,0.0,0.0015369126381882415,0.05337553969145322,287.3444681377775,False,0.0,49,structured,0.16210565322832807
S16,0.5258048254810171,0.5258048254810171,0.01143697870931771,0.5258048254810171,0.3288213481506884,0.6711786518493116,6.981137510924145e-05,0.0680953301185906,0.0,False,0.2596420322463435,0.0,0.0,True,0.07092512004612486,1.0,0.5258048254810171,False,0.09344959695597103,0.0,0.0,4.047279115742087e-05,0.0008274944721940557,0.1110464302972882,,True,96.43024752945908,49,structured,0.16210565322832807
S17,0.18931662699534074,0.18931662699534074,0.008327620117429022,0.18931662699534077,0.37890403174771303,0.6210959682522871,7.259182989549306e-05,0.06382609947369278,0.2,False,0.2396140265995308,0.0,0.0,True,0.1241461277724401,0.20569082828959084,0.038940693815663154,True,0.05022756009176571,0.794309171710409,0.1503759331796776,0.0,7.259182989549306e-05,0.002473740034752681,205.61070182058842,False,0.0,49,structured,0.16210565322832807
S18,0.33894381457743894,0.33894381457743894,0.009068186305423684,0.33894381457743894,1.0,0.0,0.0010537745065537498,0.07154868774670069,0.2,False,0.3391033783311679,0.0,0.0,True,0.08602935975540173,0.9862776852735985,0.3342927208792402,True,0.08765271812872111,0.013722314726401582,0.004651093698198718,2.36223789269754e-08,0.0010537745065537498,0.04186096631838225,,True,0.05628254889322726,49,structured,0.16210565322832807
S19,0.6207835063648488,0.6207835063648488,0.017798989625698244,0.6207835063648488,0.8872909813496709,0.11270901865032906,0.00038116466339815577,0.05504530984424527,0.2,False,0.080859458598733,0.0,0.0,False,0.10577142629399784,0.0,0.0,True,0.04356659233848786,1.0,0.6207835063648488,0.0,0.021377891227788378,0.5189293441318864,277.5427444852304,False,0.0,49,structured,0.16210565322832807
S20,0.23757591026108682,0.23757591026108682,0.007524870502519024,0.23757591026108682,0.9700861677406682,0.029913832259331676,0.0003933274534642918,0.05158101407042591,0.0,False,0.08838388488182942,0.0,0.0,False,0.0996561230799997,0.0,0.0,True,0.12900193326013115,1.0,0.23757591026108682,0.0,0.0003933274534642918,0.01257672365370304,255.42218706006625,False,0.0,49,structured,0.16210565322832807
S21,0.6564253685805326,0.6564253685805326,0.010396424543268484,0.6564253685805326,0.002543456268080108,0.9974565437319199,0.0021566445043557686,0.0544566786678219,0.0,True,0.12918612261079795,1.0,0.6564253685805326,False,0.14711894653937288,0.0,0.0,False,0.1373139113463979,0.0,0.0,4.40249876017124e-09,0.6016851117680754,10.933287114019544,,True,0.01048936910578279,49,structured,0.16210565322832807
S22,0.4594770264877368,0.4594770264877368,0.010201653777372277,0.4594770264877368,0.03158642415353331,0.9684135758464666,0.00019543043972221466,0.0485013160341425,0.0,False,0.20561664191685075,0.0,0.0,False,0.11756637662348192,0.0,0.0,True,0.037811392921298925,1.0,0.4594770264877368,8.463761531617472e-10,0.005260668611884147,0.1513591461848379,,True,0.002016571123917999,49,structured,0.16210565322832807
S23,0.22442179774482407,0.22442179774482407,0.014277878785817901,0.22442179774482407,1.0,0.0,0.0009419069070762123,0.07109078166338653,0.2,False,0.2952733818470836,0.0,0.0,True,0.054435182585169176,1.0,0.22442179774482407,False,0.10408327128114625,0.0,0.0,1.3835247398403264e-08,0.0009419069070762123,0.03392276346157169,,True,0.032963783645910266,49,structured,0.16210565322832807
S24,0.3088192681977934,0.3088192681977934,0.009360588126924037,0.3088192681977934,1.0,0.0,0.00042992365047508663,0.058281010231455994,0.2,False,0.20753577806742265,0.0,0.0,True,0.12275646907914994,1.0,0.3088192681977934,False,0.05372558150338199,0.0,0.0,4.712774742295344e-09,0.00042992365047508663,0.013443873743417076,,True,0.011228630938313644,49,structured,0.16210565322832807
S25,0.6486652084772581,0.6486652084772581,0.006889861234317809,0.6486652084772581,0.0,1.0,2.622845241260569e-05,0.06107368995115197,0.2,False,0.21936157780697946,0.0,0.0,True,0.1201712196691213,1.0,0.6486652084772581,False,0.14044423807157322,0.0,0.0,1.4398313105198328e-06,7.074929937379405e-05,0.009981695808413092,,True,3.430534087309553,49,structured,0.16210565322832807
S01,0.6194991595341366,0.6194991595341366,0.007939425632133254,0.7743739494176707,0.8598416704785037,0.1401583295214964,0.0004,0.0,0.2,True,0.1,1.0,0.7743739494176707,False,0.1,0.0,0.0,False,0.1,0.0,0.0,0.03161665631563753,0.3081632346354401,35.71991699171352,,True,18.56162055958713,50,baseline,0.851418685105537
S02,0.6451430591833694,0.6451430591833694,0.009614276174722103,0.6451430591833694,0.42216318889803583,0.5778368111019642,0.0004,0.0,0.2,False,0.1,0.0,0.0,True,0.1,1.0,0.6451430591833694,False,0.1,0.0,0.0,0.001669191394614651,0.023280963247055104,2.427130997639432,,True,0.9799549009501408,50,baseline,0.851418685105537
S03,0.5180397374151462,0.5180397374151462,0.008696472786347637,0.5180397374151462,0.5282030514229783,0.47179694857702165,0.0004,0.0,0.2,False,0.1,0.0,0.0,False,0.1,0.0,0.0,True,0.1,1.0,0.5180397374151462,4.087523747206532e-05,0.00048285224546277806,0.057502624113102974,,True,0.023997181759673848,50,baseline,0.851418685105537
S04,0.7891285992886281,0.7891285992886281,0.0122348006961575,0.7891285992886281,0.9441636415423402,0.055836358457659746,0.0004,0.0,0.2,False,0.1,0.0,0.0,True,0.1,1.0,0.7891285992886281,False,0.1,0.0,0.0,0.001991234210862315,0.056990715075572594,4.89436017459006,,True,1.1690209583932063,50,baseline,0.851418685105537
S05,0.3926309522560957,0.3926309522560957,0.009799211142775181,0.3926309522560957,0.012075746059072192,0.9879242539409278,0.0004,0.0,0.2,False,0.1,0.0,0.0,False,0.1,0.0,0.0,True,0.1,1.0,0.3926309522560957,2.712075172637752e-05,0.0004400118876687061,0.04838715825160592,,True,0.01592214868676053,50,baseline,0.851418685105537
S06,0.5565032024792238,0.5565032024792238,0.012321756946057234,0.5852400409038824,0.5889069402811629,0.4110930597188372,0.0004,0.0,0.2,True,0.1,0.24551326307300766,0.14368419212329264,True,0.1,0.7544867369269923,0.44155584878058973,False,0.1,0.0,0.0,0.0006648872695345444,0.019639882755456542,1.7081114000968052,,True,0.3903444149435918,50,baseline,0.851418685105537
S07,0.2733560117636625,0.2733560117636625,0.006552424766766035,0.3383149078765874,0.5634813916629432,0.43651860833705686,0.0004,0.0,0.2,True,0.1,0.9600359694557269,0.3247944805646245,False,0.1,0.0,0.0,True,0.1,0.039964030544273055,0.013520427311962863,0.0009592923681421171,0.006276582824466456,0.8450313266617264,,True,0.5631848214877462,50,baseline,0.851418685105537
S08,0.5209468093829158,0.5209468093829158,0.010598087315367976,0.5457413902330943,0.957000656489779,0.04299934351022121,0.0004,0.0,0.2,True,0.1,0.22716419621011674,0.12397290425089252,True,0.1,0.7728358037898833,0.4217684859822018,False,0.1,0.0,0.0,0.0008226840318350148,0.015116002884911817,1.4825383495850035,,True,0.4829843069711379,50,baseline,0.851418685105537
S09,0.4629450227058731,0.4629450227058731,0.01163290555549289,0.4629450227058731,0.605355595326325,0.394644404673675,0.0004,0.0,0.2,False,0.1,0.0,0.0,False,0.1,0.0,0.0,True,0.1,1.0,0.4629450227058731,1.6357898540184595e-05,0.00044707770652809524,0.043271629467401894,,True,0.009603454040930836,50,baseline,0.851418685105537
S10,0.4063327642827247,0.4063327642827247,0.01143404829083507,0.47322492229761964,0.822287643500543,0.177712356499457,0.0004,0.0,0.2,True,0.1,0.7067691795490995,0.334460790074475,False,0.1,0.0,0.0,True,0.1,0.29323082045090065,0.1387641322231447,0.0002612006981244959,0.0068483034371196305,0.6180496772377699,,True,0.15334664741534326,50,baseline,0.851418685105537
S11,0.8307145903638402,0.8307145903638402,0.004645541839344781,0.9923736316498025,0.8174971806823031,0.1825028193176968,0.0004,0.0,0.2,True,0.1,0.8145069363502091,0.8082952064298116,False,0.1,0.0,0.0,True,0.1,0.18549306364979087,0.18407842521999093,0.12827305229560046,0.4806913452205436,78.30307577751167,,True,75.30700593261018,50,baseline,0.851418685105537
S12,0.460989847024386,0.460989847024386,0.007222170729533083,0.460989847024386,0.6754600605586176,0.3245399394413823,0.0004,0.0,0.2,False,0.1,0.0,0.0,False,0.1,0.0,0.0,True,0.1,1.0,0.460989847024386,6.135602551684761e-05,0.00047662435469572335,0.06421372930560934,,True,0.03602111663290561,50,baseline,0.851418685105537
S13,0.43343406698769144,0.43343406698769144,0.010831811177366205,0.43343406698769144,0.6283195567764748,0.3716804432235251,0.0004,0.0,0.2,False,0.1,0.0,0.0,True,0.1,1.0,0.43343406698769144,False,0.1,0.0,0.0,0.0002813266110206316,0.005511461113322773,0.5329293687961533,,True,0.1651622409070752,50,baseline,0.851418685105537
S14,0.3277959078554865,0.3277959078554865,0.008157130833493682,0.3277959078554865,0.8536116250290433,0.14638837497095672,0.0004,0.0,0.2,False,0.1,0.0,0.0,True,0.1,1.0,0.3277959078554865,False,0.1,0.0,0.0,0.00030973211551236574,0.0029105871986519626,0.34992083910335003,,True,0.18183864687852005,50,baseline,0.851418685105537
S15,0.31744141217909533,0.31744141217909533,0.009636015529240542,0.3174414121790954,0.8057081287029714,0.1942918712970287,0.0004,0.0,0.2,False,0.1,0.0,0.0,True,0.1,0.9411143529683622,0.2987486692282925,True,0.1,0.05888564703163772,0.018692742950802834,0.0001656191945594084,0.002342517767526063,0.2519499625478407,,True,0.09723231375595219,50,baseline,0.851418685105537
S16,0.8222546179650334,0.8222546179650334,0.0137495880136322,0.8292727035023553,0.6855030628033681,0.3144969371966319,0.0004,0.0,0.2,True,0.1,0.04231470243553017,0.035090427686609804,True,0.1,0.03493227677854712,0.028968383603638317,True,0.1,0.9227530207859228,0.7652138922121072,1.729997632434692e-05,0.0007976661711544913,0.06958617641009165,,True,0.010156532462401639,50,baseline,0.851418685105537
S17,0.5298512144238692,0.5298512144238692,0.013276142944769989,0.5298512144238692,0.1451063261853245,0.8548936738146755,0.0004,0.0,0.2,False,0.1,0.0,0.0,False,0.1,0.0,0.0,True,0.1,1.0,0.5298512144238692,1.0423907218729478e-05,0.00045457547525989196,0.03970472240955066,,True,0.006119705025439413,50,baseline,0.851418685105537
S18,0.6853882289343114,0.6853882289343114,0.002046054204658884,0.6853882289343114,0.40479434428555783,0.5952056557144422,0.0004,0.0,0.2,False,0.1,0.0,0.0,False,0.1,0.0,0.0,True,0.1,1.0,0.6853882289343114,0.00033415611146538743,0.0005950974005443639,0.13599437584920607,,True,0.1961775744647574,50,baseline,0.851418685105537
S19,0.1764248476949185,0.1764248476949185,0.010107209397237266,0.18705908497008628,0.25585362322222543,0.7441463767777744,0.0004,0.0,0.2,True,0.1,0.2842480833493964,0.053171186375838904,False,0.1,0.0,0.0,True,0.1,0.7157519166506037,0.13388789859424738,3.33706295362594e-05,0.0005983784263934211,0.06312049234748648,,True,0.019591349480565966,50,baseline,0.851418685105537
S20,0.5378518766053331,0.5378518766053331,0.014416537427651425,0.5378518766053331,0.3323949534646163,0.6676050465353837,0.0004,0.0,0.2,False,0.1,0.0,0.0,True,0.1,1.0,0.5378518766053331,False,0.1,0.0,0.0,0.00019289630884873304,0.010126046970612274,0.7701250250096472,,True,0.113246260339814,50,baseline,0.851418685105537
S21,0.46982816794960724,0.46982816794960724,0.008843392023392013,0.5388839792040949,0.2387410789327603,0.7612589210672397,0.0004,0.0,0.2,True,0.1,0.6407298594818114,0.3452790562724391,False,0.1,0.0,0.0,True,0.1,0.3592701405181888,0.1936049229316559,0.0006464745805725619,0.00803920055279549,0.8885612637832003,,True,0.37953462713484815,50,baseline,0.851418685105537
S22,0.4517447028330721,0.4517447028330721,0.009792806134857257,0.49999890011139586,0.7404185089538206,0.2595814910461796,0.0004,0.0,0.2,True,0.1,0.48254303427040673,0.24127098639161898,True,0.1,0.11590676918373681,0.05795325710733384,True,0.1,0.4015501965458565,0.20077465661244306,0.00029056501880065906,0.0043721152134801,0.4782450106041918,,True,0.17058595864862508,50,baseline,0.851418685105537
S23,0.5814050338294801,0.5814050338294801,0.009007713791637202,0.5814050338294801,0.7530500226000713,0.2469499773999288,0.0004,0.0,0.2,False,0.1,0.0,0.0,True,0.1,1.0,0.5814050338294801,False,0.1,0.0,0.0,0.001307616917033296,0.015450428373489594,1.694656985041176,,True,0.76768045326996,50,baseline,0.851418685105537
S24,0.2690052799556042,0.2690052799556042,0.012577958700178183,0.28431307841983416,0.28577381863592755,0.7142261813640723,0.0004,0.0,0.2,True,0.1,0.26920672361096204,0.07653899232115007,True,0.1,0.14375063095224822,0.04087018441082719,True,0.1,0.5870426454367899,0.16690390168785693,2.616247844193862e-05,0.0008606616162485207,0.08137388222339861,,True,0.015359562152606799,50,baseline,0.851418685105537
S25,0.3921334315051539,0.3921334315051539,0.00954586126691154,0.3921334315051539,0.22663126044652473,0.7733687395534753,0.0004,0.0,0.2,False,0.1,0.0,0.0,True,0.1,1.0,0.3921334315051539,False,0.1,0.0,0.0,0.0003139388164016995,0.0043190504304390755,0.46120871008991404,,True,0.18430833200069002,50,baseline,0.851418685105537
S01,0.6194991595341366,0.6194991595341366,0.007939425632133254,0.7743739494176707,0.8598416704785037,0.1401583295214964,0.0004,0.0,0.2,True,0.10989601563180464,1.0,0.7743739494176707,False,0.4969001979274572,0.0,0.0,False,0.2046513769095172,0.0,0.0,0.02766163577367891,0.2699391772587831,31.292056644608298,,True,15.460234448606817,50,affinity,0.8402255789275891
S02,0.6451430591833694,0.6451430591833694,0.009614276174722103,0.6451430591833694,0.42216318889803583,0.5778368111019642,0.0004,0.0,0.2,False,0.13740924671302968,0.0,0.0,True,0.17717936254438602,1.0,0.6451430591833694,False,0.046019578801655095,0.0,0.0,0.0003468858761695799,0.0050348144882476405,0.5213709669811569,,True,0.1938763497708669,50,affinity,0.8402255789275891
S03,0.5180397374151462,0.5180397374151462,0.008696472786347637,0.5180397374151462,0.5282030514229783,0.47179694857702165,0.0004,0.0,0.2,False,0.4662536180673829,0.0,0.0,False,0.0818338836131576,0.0,0.0,True,0.04350523489561274,1.0,0.5180397374151462,8.784880514673551e-05,0.000980792205027306,0.11712567693097667,,True,0.0490991615503394,50,affinity,0.8402255789275891
S04,0.7891285992886281,0.7891285992886281,0.0122348006961575,0.7891285992886281,0.9441636415423402,0.055836358457659746,0.0004,0.0,0.2,False,0.12474747612857812,0.0,0.0,True,0.2698990374254283,1.0,0.7891285992886281,False,0.13156593151874324,0.0,0.0,0.00012578055449864622,0.0037937963267837514,0.3267348914652494,,True,0.070299416763892,50,affinity,0.8402255789275891
S05,0.3926309522560957,0.3926309522560957,0.009799211142775181,0.3926309522560957,0.012075746059072192,0.9879242539409278,0.0004,0.0,0.2,False,0.11443149213096644,0.0,0.0,False,0.1476193486726881,0.0,0.0,True,0.0797792077813873,1.0,0.3926309522560957,3.4819818773534635e-05,0.0005393968159085173,0.06053798501272992,,True,0.019460980764162934,50,affinity,0.8402255789275891
S06,0.5565032024792238,0.5565032024792238,0.012321756946057234,0.5852400409038824,0.5889069402811629,0.4110930597188372,0.0004,0.0,0.2,True,0.1164727342093138,0.24551326307300766,0.14368419212329264,True,0.16211917550458674,0.7544867369269923,0.44155584878058973,False,0.15313246139342232,0.0,0.0,0.00024442353369818207,0.00755726311906033,0.6507691927277397,,True,0.13660960496510324,50,affinity,0.8402255789275891
S07,0.2733560117636625,0.2733560117636625,0.006552424766766035,0.3383149078765874,0.5634813916629432,0.43651860833705686,0.0004,0.0,0.2,True,0.030092608870327362,0.9600359694557269,0.3247944805646245,False,0.07461464374017464,0.0,0.0,True,0.02082183662866295,0.039964030544273055,0.013520427311962863,0.0013006839470575216,0.008356231448512857,1.1402795738332663,,True,0.7269591332043689,50,affinity,0.8402255789275891
S08,0.5209468093829158,0.5209468093829158,0.010598087315367976,0.5457413902330943,0.957000656489779,0.04299934351022121,0.0004,0.0,0.2,True,0.12135394487867712,0.22716419621011674,0.12397290425089252,True,0.11023269810561921,0.7728358037898833,0.4217684859822018,False,0.06264687258460659,0.0,0.0,0.0005106211966947412,0.009747663972225866,0.9391982226018749,,True,0.28538888588941014,50,affinity,0.8402255789275891
S09,0.4629450227058731,0.4629450227058731,0.01163290555549289,0.4629450227058731,0.605355595326325,0.394644404673675,0.0004,0.0,0.2,False,0.13079001976302992,0.0,0.0,False,0.037974703735866124,0.0,0.0,True,0.06291138774033986,1.0,0.4629450227058731,2.509207776168063e-05,0.0006453097242948505,0.06346113056280211,,True,0.014024094893454759,50,affinity,0.8402255789275891
S10,0.4063327642827247,0.4063327642827247,0.01143404829083507,0.47322492229761964,0.822287643500543,0.177712356499457,0.0004,0.0,0.2,True,0.06864587753574797,0.7067691795490995,0.334460790074475,False,0.2118094873722857,0.0,0.0,True,0.08475448599406357,0.29323082045090065,0.1387641322231447,0.00031088539951118954,0.007858208070699289,0.731038213438028,,True,0.17375549307410154,50,affinity,0.8402255789275891
S11,0.8307145903638402,0.8307145903638402,0.004645541839344781,0.9923736316498025,0.8174971806823031,0.1825028193176968,0.0004,0.0,0.2,True,0.08148834733682893,0.8145069363502091,0.8082952064298116,False,0.06573188638686724,0.0,0.0,True,0.2897535586178912,0.18549306364979087,0.18407842521999093,0.13650187716092693,0.5071368355687401,83.32700629905696,,True,76.29162067092712,50,affinity,0.8402255789275891
S12,0.460989847024386,0.460989847024386,0.007222170729533083,0.460989847024386,0.6754600605586176,0.3245399394413823,0.0004,0.0,0.2,False,0.09420307596400083,0.0,0.0,False,0.24629988660374996,0.0,0.0,True,0.023537738373905423,1.0,0.460989847024386,0.00021472020125527384,0.0015753010877189505,0.21037147820370347,,True,0.12000825545600313,50,affinity,0.8402255789275891
S13,0.43343406698769144,0.43343406698769144,0.010831811177366205,0.43343406698769144,0.6283195567764748,0.3716804432235251,0.0004,0.0,0.2,False,0.20506662471969206,0.0,0.0,True,0.06902680562190144,1.0,0.43343406698769144,False,0.09944527911959745,0.0,0.0,0.00034076790912360833,0.006927699647750739,0.6514393233391649,,True,0.19045698565034114,50,affinity,0.8402255789275891
S14,0.3277959078554865,0.3277959078554865,0.008157130833493682,0.3277959078554865,0.8536116250290433,0.14638837497095672,0.0004,0.0,0.2,False,0.047580727503002476,0.0,0.0,True,0.19944662492696083,1.0,0.3277959078554865,False,0.08917064618310007,0.0,0.0,0.00012563182211851507,0.0012184269752769426,0.14746477536469604,,True,0.07021628945046265,50,affinity,0.8402255789275891
S15,0.31744141217909533,0.31744141217909533,0.009636015529240542,0.3174414121790954,0.8057081287029714,0.1942918712970287,0.0004,0.0,0.2,False,0.06420394796415259,0.0,0.0,True,0.12497023997107994,0.9411143529683622,0.2987486692282925,True,0.11629829633432535,0.05888564703163772,0.018692742950802834,0.00010862187303794989,0.0015885406415479654,0.16930865989142185,,True,0.06070933899763965,50,affinity,0.8402255789275891
S16,0.8222546179650334,0.8222546179650334,0.0137495880136322,0.8292727035023553,0.6855030628033681,0.3144969371966319,0.0004,0.0,0.2,True,0.14678228700941703,0.04231470243553017,0.035090427686609804,True,0.08925468777348407,0.03493227677854712,0.028968383603638317,True,0.10956096381227759,0.9227530207859228,0.7652138922121072,2.1533377051734245e-05,0.0009937915487381198,0.08467776603144242,,True,0.012035118255979594,50,affinity,0.8402255789275891
S17,0.5298512144238692,0.5298512144238692,0.013276142944769989,0.5298512144238692,0.1451063261853245,0.8548936738146755,0.0004,0.0,0.2,False,0.1578169160417563,0.0,0.0,False,0.10408855943345029,0.0,0.0,True,0.33631864481540485,1.0,0.5298512144238692,8.89858963156537e-06,0.0004,0.03441063257626136,,True,0.004973468781511812,50,affinity,0.8402255789275891
S18,0.6853882289343114,0.6853882289343114,0.002046054204658884,0.6853882289343114,0.40479434428555783,0.5952056557144422,0.0004,0.0,0.2,False,0.05935313804085918,0.0,0.0,False,0.16700638111688154,0.0,0.0,True,0.09905066410884877,1.0,0.6853882289343114,0.00044427228183999774,0.0007805460613351029,0.17861316513242886,,True,0.2483061266680251,50,affinity,0.8402255789275891
S19,0.1764248476949185,0.1764248476949185,0.010107209397237266,0.18705908497008628,0.25585362322222543,0.7441463767777744,0.0004,0.0,0.2,True,0.14111080193021555,0.2842480833493964,0.053171186375838904,False,0.03324537728484459,0.0,0.0,True,0.20908582225671657,0.7157519166506037,0.13388789859424738,3.207787768490099e-05,0.0005679875289252684,0.06078196872298599,,True,0.017928495396291776,50,affinity,0.8402255789275891
S20,0.5378518766053331,0.5378518766053331,0.014416537427651425,0.5378518766053331,0.3323949534646163,0.6676050465353837,0.0004,0.0,0.2,False,0.2586037043352699,0.0,0.0,True,0.06903982897241084,1.0,0.5378518766053331,False,0.036492739397414105,0.0,0.0,0.00024461552502889357,0.013480690612664405,0.9904026862449213,,True,0.1367169099346714,50,affinity,0.8402255789275891
S21,0.46982816794960724,0.46982816794960724,0.008843392023392013,0.5388839792040949,0.2387410789327603,0.7612589210672397,0.0004,0.0,0.2,True,0.12060125418623786,0.6407298594818114,0.3452790562724391,False,0.06502882597970956,0.0,0.0,True,0.04193295348583547,0.3592701405181888,0.1936049229316559,0.0007907605482627501,0.00937162664083142,1.0753564937111872,,True,0.4419602502496927,50,affinity,0.8402255789275891
S22,0.4517447028330721,0.4517447028330721,0.009792806134857257,0.49999890011139586,0.7404185089538206,0.2595814910461796,0.0004,0.0,0.2,True,0.18085512362830408,0.48254303427040673,0.24127098639161898,True,0.05113926558534033,0.11590676918373681,0.05795325710733384,True,0.05020894239520499,0.4015501965458565,0.20077465661244306,0.00033216666863162506,0.005067355421181777,0.5419718992729645,,True,0.1856497068746787,50,affinity,0.8402255789275891
S23,0.5814050338294801,0.5814050338294801,0.009007713791637202,0.5814050338294801,0.7530500226000713,0.2469499773999288,0.0004,0.0,0.2,False,0.06357787305219725,0.0,0.0,True,0.02827365815611671,1.0,0.5814050338294801,False,0.07464382247554766,0.0,0.0,0.008946603131384952,0.1089612723836821,11.584635250562277,,True,5.000303780352162,50,affinity,0.8402255789275891
S24,0.2690052799556042,0.2690052799556042,0.012577958700178183,0.28431307841983416,0.28577381863592755,0.7142261813640723,0.0004,0.0,0.2,True,0.21912839025716735,0.26920672361096204,0.07653899232115007,True,0.12001625906738982,0.14375063095224822,0.04087018441082719,True,0.10625770594326384,0.5870426454367899,0.16690390168785693,2.4130947113617295e-05,0.0008109751561836124,0.07544273310963585,,True,0.013486913893879175,50,affinity,0.8402255789275891
S25,0.3921334315051539,0.3921334315051539,0.00954586126691154,0.3921334315051539,0.22663126044652473,0.7733687395534753,0.0004,0.0,0.2,False,0.26047406298495374,0.0,0.0,True,0.15914844282951549,1.0,0.3921334315051539,False,0.07826774791960732,0.0,0.0,0.00013583718306818638,0.0019373797412754064,0.20632978279905784,,True,0.0759201196290346,50,affinity,0.8402255789275891
S01,0.6194991595341366,0.6194991595341366,0.007939425632133254,0.7743739494176707,0.8598416704785037,0.1401583295214964,0.0004,0.048842811918720676,0.2,True,0.1,1.0,0.7743739494176707,False,0.1,0.0,0.0,False,0.1,0.0,0.0,2.6913450700962945e-08,0.31868740661534184,6.468991397059245,,True,18.656771778232223,50,starvation,1.572604085329121
S02,0.6451430591833694,0.6451430591833694,0.009614276174722103,0.6451430591833694,0.42216318889803583,0.5778368111019642,0.0004,0.05625838197763517,0.2,False,0.1,0.0,0.0,True,0.1,1.0,0.6451430591833694,False,0.1,0.0,0.0,0.0,0.016751330421855844,0.3680477872239386,292.5261929422752,False,0.0,50,starvation,1.572604085329121
S03,0.5180397374151462,0.5180397374151462,0.008696472786347637,0.5180397374151462,0.5282030514229783,0.47179694857702165,0.0004,0.0728287898256524,0.2,False,0.1,0.0,0.0,False,0.1,0.0,0.0,True,0.1,1.0,0.5180397374151462,0.0,0.0004,0.005884533911495633,174.48859339476078,False,0.0,50,starvation,1.572604085329121
S04,0.7891285992886281,0.7891285992886281,0.0122348006961575,0.7891285992886281,0.9441636415423402,0.055836358457659746,0.0004,0.038818368133778244,0.2,False,0.1,0.0,0.0,True,0.1,1.0,0.7891285992886281,False,0.1,0.0,0.0,5.5769720617703865e-08,0.0640894364771462,1.6615237759863355,,True,38.66033238402408,50,starvation,1.572604085329121
S05,0.3926309522560957,0.3926309522560957,0.009799211142775181,0.3926309522560957,0.012075746059072192,0.9879242539409278,0.0004,0.08557461175370423,0.2,False,0.1,0.0,0.0,False,0.1,0.0,0.0,True,0.1,1.0,0.3926309522560957,0.0,0.0004,0.00475418320041139,148.33318473199415,False,0.0,50,starvation,1.572604085329121
S06,0.5565032024792238,0.5565032024792238,0.012321756946057234,0.5852400409038824,0.5889069402811629,0.4110930597188372,0.0004,0.07659204402758221,0.2,True,0.1,0.24551326307300766,0.14368419212329264,True,0.1,0.7544867369269923,0.44155584878058973,False,0.1,0.0,0.0,0.0,0.009042261137199829,0.1780959552544991,215.65710100797335,False,0.0,50,starvation,1.572604085329121
S07,0.2733560117636625,0.2733560117636625,0.006552424766766035,0.3383149078765874,0.5634813916629432,0.43651860833705686,0.0004,0.05557637954661472,0.2,True,0.1,0.9600359694557269,0.3247944805646245,False,0.1,0.0,0.0,True,0.1,0.039964030544273055,0.013520427311962863,0.0,0.005805632634279193,0.12316791793364515,278.48256220060637,False,0.0,50,starvation,1.572604085329121
S08,0.5209468093829158,0.5209468093829158,0.010598087315367976,0.5457413902330943,0.957000656489779,0.04299934351022121,0.0004,0.03937513417855284,0.2,True,0.1,0.22716419621011674,0.12397290425089252,True,0.1,0.7728358037898833,0.4217684859822018,False,0.1,0.0,0.0,1.3740289243076857e-08,0.012224472815908953,0.34840046350488774,,True,9.524956254153324,50,starvation,1.572604085329121
S09,0.4629450227058731,0.4629450227058731,0.01163290555549289,0.4629450227058731,0.605355595326325,0.394644404673675,0.0004,0.07486736366052332,0.2,False,0.1,0.0,0.0,False,0.1,0.0,0.0,True,0.1,1.0,0.4629450227058731,0.0,0.0004,0.005404732027875315,164.027662668513,False,0.0,50,starvation,1.572604085329121
S10,0.4063327642827247,0.4063327642827247,0.01143404829083507,0.47322492229761964,0.822287643500543,0.177712356499457,0.0004,0.07702166211036687,0.2,True,0.1,0.7067691795490995,0.334460790074475,False,0.1,0.0,0.0,True,0.1,0.29323082045090065,0.1387641322231447,0.0,0.004748718978903067,0.079991879347586,197.47141581613437,False,0.0,50,starvation,1.572604085329121
S11,0.8307145903638402,0.8307145903638402,0.004645541839344781,0.9923736316498025,0.8174971806823031,0.1825028193176968,0.0004,0.05871556469225654,0.2,True,0.1,0.8145069363502091,0.8082952064298116,False,0.1,0.0,0.0,True,0.1,0.18549306364979087,0.18407842521999093,5.5977540697829674e-09,0.42289450556055286,7.961650690630599,,True,3.8804396103274414,50,starvation,1.572604085329121
S12,0.460989847024386,0.460989847024386,0.007222170729533083,0.460989847024386,0.6754600605586176,0.3245399394413823,0.0004,0.09497389872329999,0.2,False,0.1,0.0,0.0,False,0.1,0.0,0.0,True,0.1,1.0,0.460989847024386,0.0,0.0004,0.004492120364220945,138.95857158587557,False,0.0,50,starvation,1.572604085329121
S13,0.43343406698769144,0.43343406698769144,0.010831811177366205,0.43343406698769144,0.6283195567764748,0.3716804432235251,0.0004,0.05868073487522299,0.2,False,0.1,0.0,0.0,True,0.1,1.0,0.43343406698769144,False,0.1,0.0,0.0,0.0,0.003111605078794089,0.0722283282240819,253.7974040812662,False,0.0,50,starvation,1.572604085329121
S14,0.3277959078554865,0.3277959078554865,0.008157130833493682,0.3277959078554865,0.8536116250290433,0.14638837497095672,0.0004,0.03246368766689801,0.2,False,0.1,0.0,0.0,True,0.1,1.0,0.3277959078554865,False,0.1,0.0,0.0,3.359193491035329e-08,0.0023048412086207307,0.08073408186631234,,True,23.286388288710583,50,starvation,1.572604085329121
S15,0.31744141217909533,0.31744141217909533,0.009636015529240542,0.3174414121790954,0.8057081287029714,0.1942918712970287,0.0004,0.047800270689763905,0.2,False,0.1,0.0,0.0,True,0.1,0.9411143529683622,0.2987486692282925,True,0.1,0.05888564703163772,0.018692742950802834,0.0,0.0013753522031333262,0.039830828788028516,287.3312172693878,False,0.0,50,starvation,1.572604085329121
S16,0.8222546179650334,0.8222546179650334,0.0137495880136322,0.8292727035023553,0.6855030628033681,0.3144969371966319,0.0004,0.06737771329063491,0.2,True,0.1,0.04231470243553017,0.035090427686609804,True,0.1,0.03493227677854712,0.028968383603638317,True,0.1,0.9227530207859228,0.7652138922121072,0.0,0.0004,0.009171098474398202,184.53568563210766,False,0.0,50,starvation,1.572604085329121
S17,0.5298512144238692,0.5298512144238692,0.013276142944769989,0.5298512144238692,0.1451063261853245,0.8548936738146755,0.0004,0.06736649382215713,0.2,False,0.1,0.0,0.0,False,0.1,0.0,0.0,True,0.1,1.0,0.5298512144238692,0.0,0.0004,0.005971526802870272,176.45295209870244,False,0.0,50,starvation,1.572604085329121
S18,0.6853882289343114,0.6853882289343114,0.002046054204658884,0.6853882289343114,0.40479434428555783,0.5952056557144422,0.0004,0.040014072359093406,0.2,False,0.1,0.0,0.0,False,0.1,0.0,0.0,True,0.1,1.0,0.6853882289343114,2.190677190916879e-09,0.0004,0.013317577185726855,,True,1.518607362721152,50,starvation,1.572604085329121
S19,0.1764248476949185,0.1764248476949185,0.010107209397237266,0.18705908497008628,0.25585362322222543,0.7441463767777744,0.0004,0.05493552544476209,0.2,True,0.1,0.2842480833493964,0.053171186375838904,False,0.1,0.0,0.0,True,0.1,0.7157519166506037,0.13388789859424738,0.0,0.0004,0.010341282233024926,223.81031870644867,False,0.0,50,starvation,1.572604085329121
S20,0.5378518766053331,0.5378518766053331,0.014416537427651425,0.5378518766053331,0.3323949534646163,0.6676050465353837,0.0004,0.07486988221306197,0.2,False,0.1,0.0,0.0,True,0.1,1.0,0.5378518766053331,False,0.1,0.0,0.0,0.0,0.0048172017822950275,0.09095788586614824,208.09346923724235,False,0.0,50,starvation,1.572604085329121
S21,0.46982816794960724,0.46982816794960724,0.008843392023392013,0.5388839792040949,0.2387410789327603,0.7612589210672397,0.0004,0.06874773524048952,0.2,True,0.1,0.6407298594818114,0.3452790562724391,False,0.1,0.0,0.0,True,0.1,0.3592701405181888,0.1936049229316559,0.0,0.005506322408364754,0.10123671439310918,225.39460049247674,False,0.0,50,starvation,1.572604085329121
S22,0.4517447028330721,0.4517447028330721,0.009792806134857257,0.49999890011139586,0.7404185089538206,0.2595814910461796,0.0004,0.05819585849761289,0.2,True,0.1,0.48254303427040673,0.24127098639161898,True,0.1,0.11590676918373681,0.05795325710733384,True,0.1,0.4015501965458565,0.20077465661244306,0.0,0.0024055630882887564,0.06287961560460704,248.61407944791046,False,0.0,50,starvation,1.572604085329121
S23,0.5814050338294801,0.5814050338294801,0.009007713791637202,0.5814050338294801,0.7530500226000713,0.2469499773999288,0.0004,0.04398485275264155,0.2,False,0.1,0.0,0.0,True,0.1,1.0,0.5814050338294801,False,0.1,0.0,0.0,6.4518409726108135e-09,0.012883986068416956,0.3365060062525234,,True,4.472504321831202,50,starvation,1.572604085329121
S24,0.2690052799556042,0.2690052799556042,0.012577958700178183,0.28431307841983416,0.28577381863592755,0.7142261813640723,0.0004,0.07621882485648904,0.2,True,0.1,0.26920672361096204,0.07653899232115007,True,0.1,0.14375063095224822,0.04087018441082719,True,0.1,0.5870426454367899,0.16690390168785693,0.0,0.0004,0.01021816973755432,171.6867752624487,False,0.0,50,starvation,1.572604085329121
S25,0.3921334315051539,0.3921334315051539,0.00954586126691154,0.3921334315051539,0.22663126044652473,0.7733687395534753,0.0004,0.057436311415278024,0.2,False,0.1,0.0,0.0,True,0.1,1.0,0.3921334315051539,False,0.1,0.0,0.0,0.0,0.002397157936986236,0.05850328175978071,258.4460998176677,False,0.0,50,starvation,1.572604085329121
S01,0.6194991595341366,0.6194991595341366,0.007939425632133254,0.7743739494176707,0.8598416704785037,0.1401583295214964,0.0004,0.048842811918720676,0.2,True,0.10989601563180464,1.0,0.7743739494176707,False,0.4969001979274572,0.0,0.0,False,0.2046513769095172,0.0,0.0,2.32919594432825e-08,0.2778604316454222,5.644755727070939,,True,23.02737563445961,50,both,1.4720799513285125
S02,0.6451430591833694,0.6451430591833694,0.009614276174722103,0.6451430591833694,0.42216318889803583,0.5778368111019642,0.0004,0.05625838197763517,0.2,False,0.13740924671302968,0.0,0.0,True,0.17717936254438602,1.0,0.6451430591833694,False,0.046019578801655095,0.0,0.0,0.0,0.00272350454138348,0.06031526582661922,261.0317353553084,False,0.0,50,both,1.4720799513285125
S03,0.5180397374151462,0.5180397374151462,0.008696472786347637,0.5180397374151462,0.5282030514229783,0.47179694857702165,0.0004,0.0728287898256524,0.2,False,0.4662536180673829,0.0,0.0,False,0.0818338836131576,0.0,0.0,True,0.04350523489561274,1.0,0.5180397374151462,0.0,0.0004,0.010385815168688957,190.66866777023128,False,0.0,50,both,1.4720799513285125
S04,0.7891285992886281,0.7891285992886281,0.0122348006961575,0.7891285992886281,0.9441636415423402,0.055836358457659746,0.0004,0.038818368133778244,0.2,False,0.12474747612857812,0.0,0.0,True,0.2698990374254283,1.0,0.7891285992886281,False,0.13156593151874324,0.0,0.0,1.802208691467179e-09,0.002602558116692688,0.070017486674327,,True,1.7817365950322168,50,both,1.4720799513285125
S05,0.3926309522560957,0.3926309522560957,0.009799211142775181,0.3926309522560957,0.012075746059072192,0.9879242539409278,0.0004,0.08557461175370423,0.2,False,0.11443149213096644,0.0,0.0,False,0.1476193486726881,0.0,0.0,True,0.0797792077813873,1.0,0.3926309522560957,0.0,0.0004,0.00546297915554759,153.4468830262588,False,0.0,50,both,1.4720799513285125
S06,0.5565032024792238,0.5565032024792238,0.012321756946057234,0.5852400409038824,0.5889069402811629,0.4110930597188372,0.0004,0.07659204402758221,0.2,True,0.1164727342093138,0.24551326307300766,0.14368419212329264,True,0.16211917550458674,0.7544867369269923,0.44155584878058973,False,0.15313246139342232,0.0,0.0,0.0,0.0030497155132456037,0.06132343134068329,200.0480296674786,False,0.0,50,both,1.4720799513285125
S07,0.2733560117636625,0.2733560117636625,0.006552424766766035,0.3383149078765874,0.5634813916629432,0.43651860833705686,0.0004,0.05557637954661472,0.2,True,0.030092608870327362,0.9600359694557269,0.3247944805646245,False,0.07461464374017464,0.0,0.0,True,0.02082183662866295,0.039964030544273055,0.013520427311962863,0.0,0.008215951316165138,0.1737651985599285,284.98750923304806,False,0.0,50,both,1.4720799513285125
S08,0.5209468093829158,0.5209468093829158,0.010598087315367976,0.5457413902330943,0.957000656489779,0.04299934351022121,0.0004,0.03937513417855284,0.2,True,0.12135394487867712,0.22716419621011674,0.12397290425089252,True,0.11023269810561921,0.7728358037898833,0.4217684859822018,False,0.06264687258460659,0.0,0.0,6.917098377580595e-09,0.0073482340977943225,0.19861198583860407,,True,6.838523956257243,50,both,1.4720799513285125
S09,0.4629450227058731,0.4629450227058731,0.01163290555549289,0.4629450227058731,0.605355595326325,0.394644404673675,0.0004,0.07486736366052332,0.2,False,0.13079001976302992,0.0,0.0,False,0.037974703735866124,0.0,0.0,True,0.06291138774033986,1.0,0.4629450227058731,0.0,0.0004,0.007115207056304654,172.93745002709224,False,0.0,50,both,1.4720799513285125
S10,0.4063327642827247,0.4063327642827247,0.01143404829083507,0.47322492229761964,0.822287643500543,0.177712356499457,0.0004,0.07702166211036687,0.2,True,0.06864587753574797,0.7067691795490995,0.334460790074475,False,0.2118094873722857,0.0,0.0,True,0.08475448599406357,0.29323082045090065,0.1387641322231447,0.0,0.005521010293924001,0.09610232230266723,200.59001073549405,False,0.0,50,both,1.4720799513285125
S11,0.8307145903638402,0.8307145903638402,0.004645541839344781,0.9923736316498025,0.8174971806823031,0.1825028193176968,0.0004,0.05871556469225654,0.2,True,0.08148834733682893,0.8145069363502091,0.8082952064298116,False,0.06573188638686724,0.0,0.0,True,0.2897535586178912,0.18549306364979087,0.18407842521999093,6.13642871926293e-09,0.45345291852785496,8.58626935503401,,True,6.066722274553272,50,both,1.4720799513285125
S12,0.460989847024386,0.460989847024386,0.007222170729533083,0.460989847024386,0.6754600605586176,0.3245399394413823,0.0004,0.09497389872329999,0.2,False,0.09420307596400083,0.0,0.0,False,0.24629988660374996,0.0,0.0,True,0.023537738373905423,1.0,0.460989847024386,0.0,0.0004352276893817629,0.011244415825030602,160.57035122892813,False,0.0,50,both,1.4720799513285125
S13,0.43343406698769144,0.43343406698769144,0.010831811177366205,0.43343406698769144,0.6283195567764748,0.3716804432235251,0.0004,0.05868073487522299,0.2,False,0.20506662471969206,0.0,0.0,True,0.06902680562190144,1.0,0.43343406698769144,False,0.09944527911959745,0.0,0.0,0.0,0.004238019703629619,0.08728110568958992,255.13777626356574,False,0.0,50,both,1.4720799513285125
S14,0.3277959078554865,0.3277959078554865,0.008157130833493682,0.3277959078554865,0.8536116250290433,0.14638837497095672,0.0004,0.03246368766689801,0.2,False,0.047580727503002476,0.0,0.0,True,0.19944662492696083,1.0,0.3277959078554865,False,0.08917064618310007,0.0,0.0,1.0191890100230162e-08,0.0008174680193795243,0.03020597389661519,,True,10.0761158516793,50,both,1.4720799513285125
S15,0.31744141217909533,0.31744141217909533,0.009636015529240542,0.3174414121790954,0.8057081287029714,0.1942918712970287,0.0004,0.047800270689763905,0.2,False,0.06420394796415259,0.0,0.0,True,0.12497023997107994,0.9411143529683622,0.2987486692282925,True,0.11629829633432535,0.05888564703163772,0.018692742950802834,0.0,0.0008860995791525098,0.02546589594635549,276.49645966755793,False,0.0,50,both,1.4720799513285125
S16,0.8222546179650334,0.8222546179650334,0.0137495880136322,0.8292727035023553,0.6855030628033681,0.3144969371966319,0.0004,0.06737771329063491,0.2,True,0.14678228700941703,0.04231470243553017,0.035090427686609804,True,0.08925468777348407,0.03493227677854712,0.028968383603638317,True,0.10956096381227759,0.9227530207859228,0.7652138922121072,0.0,0.0004,0.010933798118606659,190.27988014764688,False,0.0,50,both,1.4720799513285125
S17,0.5298512144238692,0.5298512144238692,0.013276142944769989,0.5298512144238692,0.1451063261853245,0.8548936738146755,0.0004,0.06736649382215713,0.2,False,0.1578169160417563,0.0,0.0,False,0.10408855943345029,0.0,0.0,True,0.33631864481540485,1.0,0.5298512144238692,0.0,0.0004,0.005437728822598869,174.6552079045143,False,0.0,50,both,1.4720799513285125
S18,0.6853882289343114,0.6853882289343114,0.002046054204658884,0.6853882289343114,0.40479434428555783,0.5952056557144422,0.0004,0.040014072359093406,0.2,False,0.05935313804085918,0.0,0.0,False,0.16700638111688154,0.0,0.0,True,0.09905066410884877,1.0,0.6853882289343114,3.923200611317571e-09,0.00042288323741657407,0.01784046948907528,,True,3.878635216849736,50,both,1.4720799513285125
S19,0.1764248476949185,0.1764248476949185,0.010107209397237266,0.18705908497008628,0.25585362322222543,0.7441463767777744,0.0004,0.05493552544476209,0.2,True,0.14111080193021555,0.2842480833493964,0.053171186375838904,False,0.03324537728484459,0.0,0.0,True,0.20908582225671657,0.7157519166506037,0.13388789859424738,0.0,0.0004,0.009983408037098337,223.3768918267787,False,0.0,50,both,1.4720799513285125
S20,0.5378518766053331,0.5378518766053331,0.014416537427651425,0.5378518766053331,0.3323949534646163,0.6676050465353837,0.0004,0.07486988221306197,0.2,False,0.2586037043352699,0.0,0.0,True,0.06903982897241084,1.0,0.5378518766053331,False,0.036492739397414105,0.0,0.0,0.0,0.007113167852011993,0.11712685699856686,209.38821725468281,False,0.0,50,both,1.4720799513285125
S21,0.46982816794960724,0.46982816794960724,0.008843392023392013,0.5388839792040949,0.2387410789327603,0.7612589210672397,0.0004,0.06874773524048952,0.2,True,0.12060125418623786,0.6407298594818114,0.3452790562724391,False,0.06502882597970956,0.0,0.0,True,0.04193295348583547,0.3592701405181888,0.1936049229316559,0.0,0.005835334945399514,0.12441068753030539,230.75182096819063,False,0.0,50,both,1.4720799513285125
S22,0.4517447028330721,0.4517447028330721,0.009792806134857257,0.49999890011139586,0.7404185089538206,0.2595814910461796,0.0004,0.05819585849761289,0.2,True,0.18085512362830408,0.48254303427040673,0.24127098639161898,True,0.05113926558534033,0.11590676918373681,0.05795325710733384,True,0.05020894239520499,0.4015501965458565,0.20077465661244306,0.0,0.0025819259661555385,0.07261792463296791,253.0312043362409,False,0.0,50,both,1.4720799513285125
S23,0.5814050338294801,0.5814050338294801,0.009007713791637202,0.5814050338294801,0.7530500226000713,0.2469499773999288,0.0004,0.04398485275264155,0.2,False,0.06357787305219725,0.0,0.0,True,0.02827365815611671,1.0,0.5814050338294801,False,0.07464382247554766,0.0,0.0,4.88862108553781e-08,0.11546773199663392,2.6285893842823573,,True,48.33089047116864,50,both,1.4720799513285125
S24,0.2690052799556042,0.2690052799556042,0.012577958700178183,0.28431307841983416,0.28577381863592755,0.7142261813640723,0.0004,0.07621882485648904,0.2,True,0.21912839025716735,0.26920672361096204,0.07653899232115007,True,0.12001625906738982,0.14375063095224822,0.04087018441082719,True,0.10625770594326384,0.5870426454367899,0.16690390168785693,0.0,0.0004,0.009583283603389125,170.95248153067996,False,0.0,50,both,1.4720799513285125
S25,0.3921334315051539,0.3921334315051539,0.00954586126691154,0.3921334315051539,0.22663126044652473,0.7733687395534753,0.0004,0.057436311415278024,0.2,False,0.26047406298495374,0.0,0.0,True,0.15914844282951549,1.0,0.3921334315051539,False,0.07826774791960732,0.0,0.0,0.0,0.0009306373755449471,0.02376755835958266,240.81620520128294,False,0.0,50,both,1.4720799513285125
S01,0.6194991595341366,0.6194991595341366,0.007939425632133254,0.7743739494176707,0.13241876178461298,0.8675812382153871,0.0002613506578779041,0.048842811918720676,0.2,True,0.10989601563180464,1.0,0.7743739494176707,False,0.4969001979274572,0.0,0.0,False,0.2046513769095172,0.0,0.0,5.0175749127163265e-08,0.5269287760179764,10.82656324858589,,True,16.07983268050025,50,structured,0.9947234658874704
S02,0.6451430591833694,0.6451430591833694,0.009614276174722103,0.6451430591833694,0.0,1.0,0.00024683103833891704,0.05625838197763517,0.2,False,0.13740924671302968,0.0,0.0,True,0.17717936254438602,1.0,0.6451430591833694,False,0.046019578801655095,0.0,0.0,0.0,0.0005823109382497653,0.02120811988898652,254.93191384538588,False,0.0,50,structured,0.9947234658874704
S03,0.5180397374151462,0.5180397374151462,0.008696472786347637,0.5180397374151462,0.8572845765581463,0.1427154234418537,0.001003043018002822,0.0728287898256524,0.0,False,0.4662536180673829,0.0,0.0,False,0.0818338836131576,0.0,0.0,True,0.04350523489561274,1.0,0.5180397374151462,0.0,0.03843458760714698,0.7083663074486396,252.41634539640629,False,0.0,50,structured,0.9947234658874704
S04,0.7891285992886281,0.7891285992886281,0.0122348006961575,0.8330126592273812,0.0,1.0,7.283468523392205e-05,0.038818368133778244,0.2,True,0.12474747612857812,0.26340572050522926,0.21942029969376536,False,0.2698990374254283,0.0,0.0,True,0.13156593151874324,0.7365942794947707,0.6135923595336159,5.925217281404784e-09,0.006897092581679561,0.18643462951124462,,True,1.8988556053071142,50,structured,0.9947234658874704
S05,0.3926309522560957,0.3926309522560957,0.009799211142775181,0.49078869032011957,0.6533468012628241,0.346653198737176,0.0002707280377942475,0.08557461175370423,0.2,True,0.11443149213096644,1.0,0.49078869032011957,False,0.1476193486726881,0.0,0.0,False,0.0797792077813873,0.0,0.0,0.0,0.026845607959094058,0.3905735031584295,204.00796476035592,False,0.0,50,structured,0.9947234658874704
S06,0.5565032024792238,0.5565032024792238,0.012321756946057234,0.5565032024792238,0.0,1.0,4.45874373785621e-05,0.07659204402758221,0.2,False,0.1164727342093138,0.0,0.0,False,0.16211917550458674,0.0,0.0,True,0.15313246139342232,1.0,0.5565032024792238,0.0,0.00011456405271876345,0.0025359782603859705,166.884125869812,False,0.0,50,structured,0.9947234658874704
S07,0.2733560117636625,0.2733560117636625,0.006552424766766035,0.2733560117636625,1.0,0.0,0.0006348892810716255,0.05557637954661472,0.2,False,0.030092608870327362,0.0,0.0,False,0.07461464374017464,0.0,0.0,True,0.02082183662866295,1.0,0.2733560117636625,0.0,0.007880580537738043,0.1906603988367116,297.695103407059,False,0.0,50,structured,0.9947234658874704
S08,0.5209468093829158,0.5209468093829158,0.010598087315367976,0.5209468093829158,0.0,1.0,0.0008494650042500238,0.03937513417855284,0.2,False,0.12135394487867712,0.0,0.0,True,0.11023269810561921,1.0,0.5209468093829158,False,0.06264687258460659,0.0,0.0,1.5211376315944805e-08,0.005387649433162096,0.21132047867257114,,True,4.874792908036554,50,structured,0.9947234658874704
S09,0.4629450227058731,0.4629450227058731,0.01163290555549289,0.503193445601338,0.0,1.0,0.00023195770960881675,0.07486736366052332,0.2,True,0.13079001976302992,0.39992992006648953,0.20124211447732457,True,0.037974703735866124,0.42603886940947805,0.21437996665825376,True,0.06291138774033986,0.17403121052403242,0.08757136446575972,0.0,0.006450953210878169,0.19350215623034728,232.06788768811228,False,0.0,50,structured,0.9947234658874704
S10,0.4063327642827247,0.4063327642827247,0.01143404829083507,0.4063327642827247,1.0,0.0,9.979755184980429e-05,0.07702166211036687,0.2,False,0.06864587753574797,0.0,0.0,True,0.2118094873722857,1.0,0.4063327642827247,False,0.08475448599406357,0.0,0.0,0.0,9.979755184980429e-05,0.002015696495327168,163.3840821703566,False,0.0,50,structured,0.9947234658874704
S11,0.8307145903638402,0.8307145903638402,0.004645541839344781,0.8307145903638402,0.1877968678202963,0.8122031321797036,0.0004903223309102573,0.05871556469225654,0.0,False,0.08148834733682893,0.0,0.0,False,0.06573188638686724,0.0,0.0,True,0.2897535586178912,1.0,0.8307145903638402,0.0,0.0016925194272027373,0.04438731933069499,266.47452424945556,False,0.0,50,structured,0.9947234658874704
S12,0.460989847024386,0.460989847024386,0.007222170729533083,0.460989847024386,0.0,1.0,0.00015304568167612924,0.09497389872329999,0.2,False,0.09420307596400083,0.0,0.0,False,0.24629988660374996,0.0,0.0,True,0.023537738373905423,1.0,0.460989847024386,0.0,0.009034812008847471,0.14090644280148462,192.95145346560395,False,0.0,50,structured,0.9947234658874704
S13,0.43343406698769144,0.43343406698769144,0.010831811177366205,0.43343406698769144,0.6238598858852965,0.3761401141147035,0.00046267113586082525,0.05868073487522299,0.0,False,0.20506662471969206,0.0,0.0,False,0.06902680562190144,0.0,0.0,True,0.09944527911959745,1.0,0.43343406698769144,0.0,0.0019607319365083226,0.04740414580152937,247.67605475264932,False,0.0,50,structured,0.9947234658874704
S14,0.3277959078554865,0.3277959078554865,0.008157130833493682,0.33294558387189616,0.0,1.0,4.59741787900372e-05,0.03246368766689801,0.2,True,0.047580727503002476,0.07733510017647574,0.025748380082048297,True,0.19944662492696083,0.9226648998235243,0.3071972037898479,False,0.08917064618310007,0.0,0.0,1.4631380566675346e-09,6.388178957384217e-05,0.0033812798780515295,,True,0.46889215505403603,50,structured,0.9947234658874704
S15,0.31744141217909533,0.31744141217909533,0.009636015529240542,0.3968017652238691,1.0,0.0,0.0006095760125085705,0.047800270689763905,0.2,True,0.06420394796415259,1.0,0.3968017652238691,False,0.12497023997107994,0.0,0.0,False,0.11629829633432535,0.0,0.0,2.7346546355564505e-09,0.034655908011898544,0.7571372719235163,,True,0.876375335568172,50,structured,0.9947234658874704
S16,0.8222546179650334,0.8222546179650334,0.0137495880136322,0.8222546179650334,0.08173730342992531,0.9182626965700748,7.435482470625411e-05,0.06737771329063491,0.2,False,0.14678228700941703,0.0,0.0,True,0.08925468777348407,1.0,0.8222546179650334,False,0.10956096381227759,0.0,0.0,0.0,0.0033367596585045867,0.08983603513045245,241.6244372427139,False,0.0,50,structured,0.9947234658874704
S17,0.5298512144238692,0.5298512144238692,0.013276142944769989,0.5298512144238692,1.0,0.0,0.0005258663116036108,0.06736649382215713,0.2,False,0.1578169160417563,0.0,0.0,True,0.10408855943345029,1.0,0.5298512144238692,False,0.33631864481540485,0.0,0.0,0.0,0.0017606399286596447,0.0553708146853014,230.11925544163364,False,0.0,50,structured,0.9947234658874704
S18,0.6853882289343114,0.6853882289343114,0.002046054204658884,0.6853882289343114,0.09145468015237017,0.9085453198476298,0.0009302072653235096,0.040014072359093406,0.0,False,0.05935313804085918,0.0,0.0,True,0.16700638111688154,0.5324596507369046,0.36494157699754903,True,0.09905066410884877,0.4675403492630954,0.32044665193676236,2.1882715651507813e-07,0.012744415515207145,0.5152718023288774,,True,70.12758402060813,50,structured,0.9947234658874704
S19,0.1764248476949185,0.1764248476949185,0.010107209397237266,0.1764248476949185,0.6990250156924485,0.30097498430755154,0.0003510605371552728,0.05493552544476209,0.0,False,0.14111080193021555,0.0,0.0,True,0.03324537728484459,1.0,0.1764248476949185,False,0.20908582225671657,0.0,0.0,0.0,0.0008033864114303747,0.03141101338668905,266.8373739138187,False,0.0,50,structured,0.9947234658874704
S20,0.5378518766053331,0.5378518766053331,0.014416537427651425,0.6723148457566663,1.0,0.0,0.0005080110877246802,0.07486988221306197,0.2,True,0.2586037043352699,1.0,0.6723148457566663,False,0.06903982897241084,0.0,0.0,False,0.036492739397414105,0.0,0.0,0.0,0.10162331533215928,1.5277625949776574,231.69505710648545,False,0.0,50,structured,0.9947234658874704
S21,0.46982816794960724,0.46982816794960724,0.008843392023392013,0.5872852099370091,0.0,1.0,0.00014321052556200863,0.06874773524048952,0.2,True,0.12060125418623786,1.0,0.5872852099370091,False,0.06502882597970956,0.0,0.0,False,0.04193295348583547,0.0,0.0,0.0,0.0375252276838389,0.6187237126576333,251.72668767727487,False,0.0,50,structured,0.9947234658874704
S22,0.4517447028330721,0.4517447028330721,0.009792806134857257,0.4517447028330721,0.0,1.0,0.0004588181071187946,0.05819585849761289,0.2,False,0.18085512362830408,0.0,0.0,True,0.05113926558534033,1.0,0.4517447028330721,False,0.05020894239520499,0.0,0.0,0.0,0.00979796264217265,0.30604610167036556,298.06723637748445,False,0.0,50,structured,0.9947234658874704
S23,0.5814050338294801,0.5814050338294801,0.009007713791637202,0.5814050338294801,1.0,0.0,0.0011361121092921228,0.04398485275264155,0.2,False,0.06357787305219725,0.0,0.0,False,0.02827365815611671,0.0,0.0,True,0.07464382247554766,1.0,0.5814050338294801,1.7704195838207463e-08,0.03408399944850691,0.8714010158845283,,True,5.673667294925739,50,structured,0.9947234658874704
S24,0.2690052799556042,0.2690052799556042,0.012577958700178183,0.2690052799556042,1.0,0.0,0.00025898796701111725,0.07621882485648904,0.2,False,0.21912839025716735,0.0,0.0,True,0.12001625906738982,0.29815946331711085,0.0802064699010321,True,0.10625770594326384,0.7018405366828891,0.18879881005457208,0.0,0.00025898796701111725,0.0067186470606938374,175.7807708323917,False,0.0,50,structured,0.9947234658874704
S25,0.3921334315051539,0.3921334315051539,0.00954586126691154,0.4097498064133808,0.9228172498966914,0.07718275010330851,0.0001362975033501642,0.057436311415278024,0.2,True,0.26047406298495374,0.214965018073181,0.08808187454113482,False,0.15914844282951549,0.0,0.0,True,0.07826774791960732,0.7850349819268191,0.321667931872246,0.0,0.0009194873897770854,0.023224517652774515,244.69918519965617,False,0.0,50,structured,0.9947234658874704
S01,0.7358476205843825,0.7358476205843825,0.008927877388769037,0.919809525730478,0.7702345353986876,0.22976546460131234,0.0004,0.0,0.2,True,0.1,1.0,0.919809525730478,False,0.1,0.0,0.0,False,0.1,0.0,0.0,0.025873131168013055,0.34025146503849757,36.077519906323936,,True,20.319198900246185,51,baseline,1.5212238235131852
S02,0.42447391982886257,0.42447391982886257,0.006022833718901748,0.42447391982886257,0.6888744434872646,0.3111255565127355,0.0004,0.0,0.2,False,0.1,0.0,0.0,True,0.1,1.0,0.42447391982886257,False,0.1,0.0,0.0,0.0007225554274164366,0.00371997175991707,0.5498442781312629,,True,0.5674515137262555,51,baseline,1.5212238235131852
S03,0.4012289722925387,0.4012289722925387,0.007140680599331352,0.4012289722925387,0.7936246825370825,0.20637531746291754,0.0004,0.0,0.2,False,0.1,0.0,0.0,False,0.1,0.0,0.0,True,0.1,1.0,0.4012289722925387,0.0002875058026419214,0.001921450352140633,0.2672794698547901,,True,0.2257897411380363,51,baseline,1.5212238235131852
S04,0.38561279573178947,0.38561279573178947,0.009895541949548945,0.45167394220528617,0.6705097920705299,0.32949020792947015,0.0004,0.0,0.2,True,0.1,0.7312924246963964,0.33030573236748373,True,0.1,0.2687075753036036,0.12136820983780244,False,0.1,0.0,0.0,0.00047703333566151526,0.007317685252964078,0.8001012475925292,,True,0.37463325047173274,51,baseline,1.5212238235131852
S05,0.618871509693497,0.618871509693497,0.008888124190068783,0.6437107489741672,0.8637744999632839,0.13622550003671605,0.0004,0.0,0.2,True,0.1,0.19293789423475274,0.12419619640335135,True,0.1,0.5578662486965706,0.3591045007758785,True,0.1,0.24919585706867667,0.1604100517949374,0.001099855166384305,0.012045199789903104,1.4152530107084318,,True,0.8637600042338555,51,baseline,1.5212238235131852
S06,0.3826202766009458,0.3826202766009458,0.010470644655585018,0.4782753457511822,0.9182327854410406,0.08176721455895927,0.0004,0.0,0.2,True,0.1,1.0,0.4782753457511822,False,0.1,0.0,0.0,False,0.1,0.0,0.0,0.000608481906831215,0.012501633976415598,1.184419875321697,,True,0.4778650412204444,51,baseline,1.5212238235131852
S07,0.6291953113374944,0.6291953113374944,0.008791852227365692,0.635079725105365,0.2596143458441,0.7403856541559,0.0004,0.0,0.2,True,0.1,0.0463281501144939,0.02942206883935287,False,0.1,0.0,0.0,True,0.1,0.953671849885506,0.6056576562660121,0.0005490291246530634,0.005658003986077426,0.6800267707370922,,True,0.43117440689380504,51,baseline,1.5212238235131852
S08,0.5930398250284001,0.5930398250284001,0.010424390054263355,0.5930398250284001,0.8907853874838068,0.10921461251619324,0.0004,0.0,0.2,False,0.1,0.0,0.0,True,0.1,0.4462315403872569,0.2646330746334123,True,0.1,0.5537684596127431,0.32840675039498785,0.00034459676552991736,0.00562067582117627,0.5961770543869821,,True,0.270625544844776,51,baseline,1.5212238235131852
S09,0.4704224324303951,0.4704224324303951,0.011100419023807193,0.5193531787594342,0.00796655228884936,0.9920334477111507,0.0004,0.0,0.2,True,0.1,0.4710739081824698,0.24465373164519555,False,0.1,0.0,0.0,True,0.1,0.5289260918175303,0.2746994471142387,0.00030591834555578605,0.0060497507879829,0.6323041362434303,,True,0.2402498433690592,51,baseline,1.5212238235131852
S10,0.4969318824372366,0.4969318824372366,0.013166360788235822,0.6211648530465458,0.8597832031730576,0.14021679682694238,0.0004,0.0,0.2,True,0.1,1.0,0.6211648530465458,False,0.1,0.0,0.0,False,0.1,0.0,0.0,0.0007852841471029267,0.03513161393747104,2.7228028884208526,,True,0.6167148720647068,51,baseline,1.5212238235131852
S11,0.7000922746196436,0.7000922746196436,0.004522225927061493,0.8751153432745545,0.749331397274735,0.2506686027252651,0.0004,0.0,0.2,True,0.1,1.0,0.8751153432745545,False,0.1,0.0,0.0,False,0.1,0.0,0.0,0.06955781329285257,0.2563584125853616,42.01137536627733,,True,54.626517145748274,51,baseline,1.5212238235131852
S12,0.6213395778103874,0.6213395778103874,0.01203170636826522,0.6213395778103874,0.9567701353206755,0.04322986467932459,0.0004,0.0,0.2,False,0.1,0.0,0.0,False,0.1,0.0,0.0,True,0.1,1.0,0.6213395778103874,0.00017910508691023963,0.0044124851835319265,0.42577140284083526,,True,0.1406583478954518,51,baseline,1.5212238235131852
S13,0.34715181969108777,0.34715181969108777,0.009035834268635768,0.34715181969108777,0.6642191616502234,0.3357808383497767,0.0004,0.0,0.2,False,0.1,0.0,0.0,True,0.1,1.0,0.34715181969108777,False,0.1,0.0,0.0,0.00018905574981514293,0.002235768322164179,0.2584547109107936,,True,0.14847299922006607,51,baseline,1.5212238235131852
S14,0.6005974096471339,0.6005974096471339,0.0079722075482656,0.6577712435595403,0.8706951161127662,0.1293048838872337,0.0004,0.0,0.2,True,0.1,0.434602716918797,0.28586916956203196,True,0.1,0.3766001603219525,0.24771675577969293,True,0.1,0.1887971227592504,0.12418531821781532,0.0021829524027082094,0.0187603817954232,2.3822200865624255,,True,1.7143593395157186,51,baseline,1.5212238235131852
S15,0.46319716404316913,0.46319716404316913,0.006350681558663262,0.5789964550539614,0.9288036818372166,0.07119631816278338,0.0004,0.0,0.2,True,0.1,1.0,0.5789964550539614,False,0.1,0.0,0.0,False,0.1,0.0,0.0,0.004432908991111573,0.027713119844890506,3.7608333145922916,,True,3.481339730865011,51,baseline,1.5212238235131852
S16,0.8547531401060104,0.8547531401060104,0.010293519535908966,0.8547531401060104,0.6638815656459172,0.33611843435408295,0.0004,0.0,0.2,False,0.1,0.0,0.0,False,0.1,0.0,0.0,True,0.1,1.0,0.8547531401060104,0.000865704299446762,0.013200255166334125,1.4087635636673423,,True,0.6798720160706359,51,baseline,1.5212238235131852
S17,0.37999989808874834,0.37999989808874834,0.011627196231318462,0.4749998726109354,0.46087235549082084,0.5391276445091792,0.0004,0.0,0.2,True,0.1,1.0,0.4749998726109354,False,0.1,0.0,0.0,False,0.1,0.0,0.0,0.0004197319299356083,0.01204281038599412,1.0467158434900936,,True,0.3296321776349106,51,baseline,1.5212238235131852
S18,0.46608136768900016,0.46608136768900016,0.020309200834062742,0.5542497105101113,0.8472716237579586,0.15272837624204127,0.0004,0.0,0.2,True,0.1,0.7953846537868664,0.4408417141055558,True,0.1,0.20461534621313363,0.11340799640455551,False,0.1,0.0,0.0,4.566996912004567e-05,0.012893902226446171,0.8044813555781012,,True,0.03586644307920362,51,baseline,1.5212238235131852
S19,0.7369484189464438,0.7369484189464438,0.008519426037647259,0.8719145957108758,0.21419124290282165,0.7858087570971785,0.0004,0.0,0.2,True,0.1,0.773964430853423,0.6748308838221605,True,0.1,0.22603556914657694,0.19708371188871535,False,0.1,0.0,0.0,0.014373477820424247,0.14900226527850235,17.83890675494534,,True,11.288063776468924,51,baseline,1.5212238235131852
S20,0.5303356056639045,0.5303356056639045,0.0163163859064001,0.5303356056639045,0.3410038767781463,0.6589961232218537,0.0004,0.0,0.2,False,0.1,0.0,0.0,True,0.1,0.2887489501269127,0.1531338493503728,True,0.1,0.7112510498730873,0.3772017563135317,3.9063694379020234e-05,0.00314574004128122,0.241046750995591,,True,0.030678272788530723,51,baseline,1.5212238235131852
S21,0.5944521632740266,0.5944521632740266,0.010204416734114829,0.5944521632740266,0.8974293266010768,0.10257067339892326,0.0004,0.0,0.2,False,0.1,0.0,0.0,True,0.1,0.3811655965111468,0.22658471341168598,True,0.1,0.6188344034888532,0.36786744986234066,0.0003548198518605955,0.0054336125931574615,0.5862989171131846,,True,0.27865414112013703,51,baseline,1.5212238235131852
S22,0.5398145886588578,0.5398145886588578,0.013759926228384834,0.5398145886588578,0.038692493387880764,0.9613075066121193,0.0004,0.0,0.2,False,0.1,0.0,0.0,True,0.1,0.6483523289893446,0.34999004577939546,True,0.1,0.35164767101065536,0.18982454287946227,0.00010973987089745988,0.004522222871380617,0.3872807216967433,,True,0.0861830850534843,51,baseline,1.5212238235131852
S23,0.3899474422128182,0.3899474422128182,0.005994014802569332,0.48743430276602273,0.9283822147346432,0.07161778526535664,0.0004,0.0,0.2,True,0.1,1.0,0.48743430276602273,False,0.1,0.0,0.0,False,0.1,0.0,0.0,0.0024952478570588934,0.014074916836200706,1.985946790591026,,True,1.9596173800438537,51,baseline,1.5212238235131852
S24,0.26017230591628565,0.26017230591628565,0.005256809855224969,0.325215382395357,0.27220134033114557,0.7277986596688545,0.0004,0.0,0.2,True,0.1,1.0,0.325215382395357,False,0.1,0.0,0.0,False,0.1,0.0,0.0,0.0009303925995909349,0.004242889078818916,0.6512393523252225,,True,0.730674310876503,51,baseline,1.5212238235131852
S25,0.3037620316243712,0.3037620316243712,0.009541417703222685,0.3037620316243712,0.7947659605058274,0.20523403949417257,0.0004,0.0,0.2,False,0.1,0.0,0.0,True,0.1,0.42647849746638905,0.1295479748344996,True,0.1,0.573521502533611,0.17421405678987165,0.00010434682982051954,0.0013674985954401793,0.15859783926959098,,True,0.08194771541043835,51,baseline,1.5212238235131852
S01,0.7358476205843825,0.7358476205843825,0.008927877388769037,0.919809525730478,0.7702345353986876,0.22976546460131234,0.0004,0.0,0.2,True,0.04051312592291615,1.0,0.919809525730478,False,0.07855992314291887,0.0,0.0,False,0.2664013156567047,0.0,0.0,0.04114573411857182,0.543032640826561,57.32239954749119,,True,41.72520539043513,51,affinity,1.698182093624891
S02,0.42447391982886257,0.42447391982886257,0.006022833718901748,0.42447391982886257,0.6888744434872646,0.3111255565127355,0.0004,0.0,0.2,False,0.0774950369472627,0.0,0.0,True,0.0798611847029723,1.0,0.42447391982886257,False,0.07287841621169705,0.0,0.0,0.000979508906428,0.0050701367853391785,0.7424218878915738,,True,0.9933037088289876,51,affinity,1.698182093624891
S03,0.4012289722925387,0.4012289722925387,0.007140680599331352,0.4012289722925387,0.7936246825370825,0.20637531746291754,0.0004,0.0,0.2,False,0.07279268034433029,0.0,0.0,False,0.026699213254027947,0.0,0.0,True,0.011180453503905303,1.0,0.4012289722925387,0.002960578508565327,0.02118919164077221,2.7169378846067715,,True,3.002273479637314,51,affinity,1.698182093624891
S04,0.38561279573178947,0.38561279573178947,0.009895541949548945,0.45167394220528617,0.6705097920705299,0.32949020792947015,0.0004,0.0,0.2,True,0.5471713263555794,0.7312924246963964,0.33030573236748373,True,0.050628533148907744,0.2687075753036036,0.12136820983780244,False,0.04731983902301508,0.0,0.0,0.0002767934610976518,0.0042236610316793415,0.46148689092850914,,True,0.2806916503603221,51,affinity,1.698182093624891
S05,0.618871509693497,0.618871509693497,0.008888124190068783,0.6437107489741672,0.8637744999632839,0.13622550003671605,0.0004,0.0,0.2,True,0.17957794216920495,0.19293789423475274,0.12419619640335135,True,0.05736623752533933,0.5578662486965706,0.3591045007758785,True,0.16005450295563806,0.24919585706867667,0.1604100517949374,0.0013798478566602026,0.01567230733007735,1.7845723967002771,,True,1.3992807871839976,51,affinity,1.698182093624891
S06,0.3826202766009458,0.3826202766009458,0.010470644655585018,0.4782753457511822,0.9182327854410406,0.08176721455895927,0.0004,0.0,0.2,True,0.07481060708548248,1.0,0.4782753457511822,False,0.19422809267585123,0.0,0.0,False,0.4125235885461448,0.0,0.0,0.0006498314465074594,0.013419067645096958,1.2652439213630298,,True,0.6589832738565425,51,affinity,1.698182093624891
S07,0.6291953113374944,0.6291953113374944,0.008791852227365692,0.635079725105365,0.2596143458441,0.7403856541559,0.0004,0.0,0.2,True,0.10451627989463327,0.0463281501144939,0.02942206883935287,False,0.09852279516067212,0.0,0.0,True,0.037183628084247196,0.953671849885506,0.6056576562660121,0.001298624611034182,0.014766171000977126,1.6477084528624466,,True,1.3169136432060327,51,affinity,1.698182093624891
S08,0.5930398250284001,0.5930398250284001,0.010424390054263355,0.5930398250284001,0.8907853874838068,0.10921461251619324,0.0004,0.0,0.2,False,0.12653309302077867,0.0,0.0,True,0.08812992594903796,0.4462315403872569,0.2646330746334123,True,0.05820151458624617,0.5537684596127431,0.32840675039498785,0.00037810076761966133,0.006640124406836888,0.6690193056705105,,True,0.3834257068241405,51,affinity,1.698182093624891
S09,0.4704224324303951,0.4704224324303951,0.011100419023807193,0.5193531787594342,0.00796655228884936,0.9920334477111507,0.0004,0.0,0.2,True,0.11657255039013399,0.4710739081824698,0.24465373164519555,False,0.04371369892190306,0.0,0.0,True,0.16660950439328065,0.5289260918175303,0.2746994471142387,0.00014588367822816276,0.0032282095741768225,0.32005567564642806,,True,0.1479382144365425,51,affinity,1.698182093624891
S10,0.4969318824372366,0.4969318824372366,0.013166360788235822,0.6211648530465458,0.8597832031730576,0.14021679682694238,0.0004,0.0,0.2,True,0.7104912001404458,1.0,0.6211648530465458,False,0.044166360379237976,0.0,0.0,False,0.13913615049770536,0.0,0.0,0.00011718827203837295,0.0052869098797250986,0.4165323790137178,,True,0.11883867975378393,51,affinity,1.698182093624891
S11,0.7000922746196436,0.7000922746196436,0.004522225927061493,0.8751153432745545,0.749331397274735,0.2506686027252651,0.0004,0.0,0.2,True,0.23243748385163945,1.0,0.8751153432745545,False,0.14936682652600305,0.0,0.0,False,0.0744909948349264,0.0,0.0,0.027102295329882644,0.10019591814888111,16.428018397183088,,True,27.483987427050337,51,affinity,1.698182093624891
S12,0.6213395778103874,0.6213395778103874,0.01203170636826522,0.6213395778103874,0.9567701353206755,0.04322986467932459,0.0004,0.0,0.2,False,0.270312561279593,0.0,0.0,False,0.2193195481306444,0.0,0.0,True,0.2533187643504007,1.0,0.6213395778103874,2.6138982615046973e-05,0.0007467646861461159,0.07091205173416114,,True,0.02650710800703791,51,affinity,1.698182093624891
S13,0.34715181969108777,0.34715181969108777,0.009035834268635768,0.34715181969108777,0.6642191616502234,0.3357808383497767,0.0004,0.0,0.2,False,0.18773725245757877,0.0,0.0,True,0.23385865988245808,1.0,0.34715181969108777,False,0.0705081702194106,0.0,0.0,7.794911998162318e-05,0.0009443401658499321,0.11086745212433993,,True,0.0790469075570304,51,affinity,1.698182093624891
S14,0.6005974096471339,0.6005974096471339,0.0079722075482656,0.6577712435595403,0.8706951161127662,0.1293048838872337,0.0004,0.0,0.2,True,0.13715615325255334,0.434602716918797,0.28586916956203196,True,0.23884315041159496,0.3766001603219525,0.24771675577969293,True,0.05926373149737033,0.1887971227592504,0.12418531821781532,0.0010111497583711563,0.009144664370493608,1.1330568059837713,,True,1.025390171115746,51,affinity,1.698182093624891
S15,0.46319716404316913,0.46319716404316913,0.006350681558663262,0.5789964550539614,0.9288036818372166,0.07119631816278338,0.0004,0.0,0.2,True,0.05557837201055319,1.0,0.5789964550539614,False,0.10032203451470449,0.0,0.0,False,0.08338252346859008,0.0,0.0,0.005381276790814327,0.03372965581222066,4.563203585464848,,True,5.457063391127145,51,affinity,1.698182093624891
S16,0.8547531401060104,0.8547531401060104,0.010293519535908966,0.8547531401060104,0.6638815656459172,0.33611843435408295,0.0004,0.0,0.2,False,0.11057757474967186,0.0,0.0,False,0.045525298809764546,0.0,0.0,True,0.10682921882729476,1.0,0.8547531401060104,0.00021966367077144635,0.0038144114299653374,0.3842225025325899,,True,0.22275727912261292,51,affinity,1.698182093624891
S17,0.37999989808874834,0.37999989808874834,0.011627196231318462,0.4749998726109354,0.46087235549082084,0.5391276445091792,0.0004,0.0,0.2,True,0.04477758256493078,1.0,0.4749998726109354,False,0.1883740192865684,0.0,0.0,False,0.17865910808108762,0.0,0.0,0.0005209282420441328,0.015022082930058054,1.2966713565306744,,True,0.5282646757579399,51,affinity,1.698182093624891
S18,0.46608136768900016,0.46608136768900016,0.020309200834062742,0.5542497105101113,0.8472716237579586,0.15272837624204127,0.0004,0.0,0.2,True,0.049551921661742354,0.7953846537868664,0.4408417141055558,True,0.06155484661939016,0.20461534621313363,0.11340799640455551,False,0.0544225013862021,0.0,0.0,6.59991644020448e-05,0.01844147740926865,1.1436837419357975,,True,0.06692865613568982,51,affinity,1.698182093624891
S19,0.7369484189464438,0.7369484189464438,0.008519426037647259,0.8719145957108758,0.21419124290282165,0.7858087570971785,0.0004,0.0,0.2,True,0.12532316586594697,0.773964430853423,0.6748308838221605,True,0.08211851581026947,0.22603556914657694,0.19708371188871535,False,0.19276362482161297,0.0,0.0,0.013127670574102619,0.13676496648476788,16.26695892340924,,True,13.312552631189169,51,affinity,1.698182093624891
S20,0.5303356056639045,0.5303356056639045,0.0163163859064001,0.5303356056639045,0.3410038767781463,0.6589961232218537,0.0004,0.0,0.2,False,0.3007527663115123,0.0,0.0,True,0.17875177849892362,0.2887489501269127,0.1531338493503728,True,0.06334558438018101,0.7112510498730873,0.3772017563135317,2.6614514199397135e-05,0.0024481641494291015,0.17398082730735914,,True,0.026989336686430797,51,affinity,1.698182093624891
S21,0.5944521632740266,0.5944521632740266,0.010204416734114829,0.5944521632740266,0.8974293266010768,0.10257067339892326,0.0004,0.0,0.2,False,0.03999462587892253,0.0,0.0,True,0.03531821278023756,0.3811655965111468,0.22658471341168598,True,0.38484219723852486,0.6188344034888532,0.36786744986234066,0.00023266391871852176,0.0037958909287815544,0.39597770214762784,,True,0.2359406145846837,51,affinity,1.698182093624891
S22,0.5398145886588578,0.5398145886588578,0.013759926228384834,0.5398145886588578,0.038692493387880764,0.9613075066121193,0.0004,0.0,0.2,False,0.25068604008906087,0.0,0.0,True,0.09543257980373408,0.6483523289893446,0.34999004577939546,True,0.22792169069120446,0.35164767101065536,0.18982454287946227,6.445408987655786e-05,0.0028416755878540776,0.23561509504400083,,True,0.06536182172866019,51,affinity,1.698182093624891
S23,0.3899474422128182,0.3899474422128182,0.005994014802569332,0.48743430276602273,0.9283822147346432,0.07161778526535664,0.0004,0.0,0.2,True,0.7012713711683846,1.0,0.48743430276602273,False,0.06846328567452713,0.0,0.0,False,0.3978223328468145,0.0,0.0,0.00056800743701271,0.0032157064736045974,0.4584102718953688,,True,0.5760069052201567,51,affinity,1.698182093624891
S24,0.26017230591628565,0.26017230591628565,0.005256809855224969,0.325215382395357,0.27220134033114557,0.7277986596688545,0.0004,0.0,0.2,True,0.14066124576415184,1.0,0.325215382395357,False,0.12448404948381282,0.0,0.0,False,0.04417162205253159,0.0,0.0,0.0008070716089540406,0.0036908468821375347,0.5661706212294765,,True,0.8184379102667756,51,affinity,1.698182093624891
S25,0.3037620316243712,0.3037620316243712,0.009541417703222685,0.3037620316243712,0.7947659605058274,0.20523403949417257,0.0004,0.0,0.2,False,0.011807497369346382,0.0,0.0,True,0.171199812278221,0.42647849746638905,0.1295479748344996,True,0.2873462727752665,0.573521502533611,0.17421405678987165,4.7245256722313444e-05,0.0006657196941652624,0.07621238009303989,,True,0.047910629927795524,51,affinity,1.698182093624891
S01,0.7358476205843825,0.7358476205843825,0.008927877388769037,0.919809525730478,0.7702345353986876,0.22976546460131234,0.0004,0.07360658003906449,0.2,True,0.1,1.0,0.919809525730478,False,0.1,0.0,0.0,False,0.1,0.0,0.0,0.0,0.32553292088653824,4.707331618683168,259.8315811853382,False,0.0,51,starvation,1.6272481443017046
S02,0.42447391982886257,0.42447391982886257,0.006022833718901748,0.42447391982886257,0.6888744434872646,0.3111255565127355,0.0004,0.06806477993767512,0.2,False,0.1,0.0,0.0,True,0.1,1.0,0.42447391982886257,False,0.1,0.0,0.0,0.0,0.001780259035832534,0.050490207767533914,236.66753878076153,False,0.0,51,starvation,1.6272481443017046
S03,0.4012289722925387,0.4012289722925387,0.007140680599331352,0.4012289722925387,0.7936246825370825,0.20637531746291754,0.0004,0.07118143033858651,0.2,False,0.1,0.0,0.0,False,0.1,0.0,0.0,True,0.1,1.0,0.4012289722925387,0.0,0.0005716516401310037,0.020629936436576485,217.62527561188875,False,0.0,51,starvation,1.6272481443017046
S04,0.38561279573178947,0.38561279573178947,0.009895541949548945,0.45167394220528617,0.6705097920705299,0.32949020792947015,0.0004,0.04569000236017103,0.2,True,0.1,0.7312924246963964,0.33030573236748373,True,0.1,0.2687075753036036,0.12136820983780244,False,0.1,0.0,0.0,1.0423151035801898e-09,0.004802436787348503,0.16094997357205798,,True,4.349130244043964,51,starvation,1.6272481443017046
S05,0.618871509693497,0.618871509693497,0.008888124190068783,0.6437107489741672,0.8637744999632839,0.13622550003671605,0.0004,0.04361858533716641,0.2,True,0.1,0.19293789423475274,0.12419619640335135,True,0.1,0.5578662486965706,0.3591045007758785,True,0.1,0.24919585706867667,0.1604100517949374,9.836646196101599e-09,0.009430009612598541,0.33493330127388904,,True,41.04407134126706,51,starvation,1.6272481443017046
S06,0.3826202766009458,0.3826202766009458,0.010470644655585018,0.4782753457511822,0.9182327854410406,0.08176721455895927,0.0004,0.07590531173744017,0.2,True,0.1,1.0,0.4782753457511822,False,0.1,0.0,0.0,False,0.1,0.0,0.0,0.0,0.01152071814229737,0.1768349558842695,209.98163690587245,False,0.0,51,starvation,1.6272481443017046
S07,0.6291953113374944,0.6291953113374944,0.008791852227365692,0.635079725105365,0.2596143458441,0.7403856541559,0.0004,0.08038544206458706,0.2,True,0.1,0.0463281501144939,0.02942206883935287,False,0.1,0.0,0.0,True,0.1,0.953671849885506,0.6056576562660121,0.0,0.0016480045628039243,0.04956650472291683,209.91988738018333,False,0.0,51,starvation,1.6272481443017046
S08,0.5930398250284001,0.5930398250284001,0.010424390054263355,0.5930398250284001,0.8907853874838068,0.10921461251619324,0.0004,0.06747334410024457,0.2,False,0.1,0.0,0.0,True,0.1,0.4462315403872569,0.2646330746334123,True,0.1,0.5537684596127431,0.32840675039498785,0.0,0.002571038942049207,0.0759741162364441,238.29754294850352,False,0.0,51,starvation,1.6272481443017046
S09,0.4704224324303951,0.4704224324303951,0.011100419023807193,0.5193531787594342,0.00796655228884936,0.9920334477111507,0.0004,0.04512190993158415,0.2,True,0.1,0.4710739081824698,0.24465373164519555,False,0.1,0.0,0.0,True,0.1,0.5289260918175303,0.2746994471142387,1.1995521975071995e-09,0.003230277843881279,0.12932825663802236,,True,5.005212649771982,51,starvation,1.6272481443017046
S10,0.4969318824372366,0.4969318824372366,0.013166360788235822,0.6211648530465458,0.8597832031730576,0.14021679682694238,0.0004,0.07777215983791669,0.2,True,0.1,1.0,0.6211648530465458,False,0.1,0.0,0.0,False,0.1,0.0,0.0,0.0,0.03265983029392496,0.4607204226178609,211.48804681869748,False,0.0,51,starvation,1.6272481443017046
S11,0.7000922746196436,0.7000922746196436,0.004522225927061493,0.8751153432745545,0.749331397274735,0.2506686027252651,0.0004,0.0763173194071485,0.2,True,0.1,1.0,0.8751153432745545,False,0.1,0.0,0.0,False,0.1,0.0,0.0,0.0,0.24309617533193803,3.5940182075252918,261.42644698506194,False,0.0,51,starvation,1.6272481443017046
S12,0.6213395778103874,0.6213395778103874,0.01203170636826522,0.6213395778103874,0.9567701353206755,0.04322986467932459,0.0004,0.052058588258474287,0.2,False,0.1,0.0,0.0,False,0.1,0.0,0.0,True,0.1,1.0,0.6213395778103874,0.0,0.002527828771291456,0.08803474944605634,289.51260200418443,False,0.0,51,starvation,1.6272481443017046
S13,0.34715181969108777,0.34715181969108777,0.009035834268635768,0.34715181969108777,0.6642191616502234,0.3357808383497767,0.0004,0.07020206242532619,0.2,False,0.1,0.0,0.0,True,0.1,1.0,0.34715181969108777,False,0.1,0.0,0.0,0.0,0.0009673189774712256,0.027998103604504717,214.02052361544506,False,0.0,51,starvation,1.6272481443017046
S14,0.6005974096471339,0.6005974096471339,0.0079722075482656,0.6577712435595403,0.8706951161127662,0.1293048838872337,0.0004,0.0630962598269038,0.2,True,0.1,0.434602716918797,0.28586916956203196,True,0.1,0.3766001603219525,0.24771675577969293,True,0.1,0.1887971227592504,0.12418531821781532,0.0,0.009238529237570367,0.28136924539345376,270.5930091277959,False,0.0,51,starvation,1.6272481443017046
S15,0.46319716404316913,0.46319716404316913,0.006350681558663262,0.5789964550539614,0.9288036818372166,0.07119631816278338,0.0004,0.048609253618851773,0.2,True,0.1,1.0,0.5789964550539614,False,0.1,0.0,0.0,False,0.1,0.0,0.0,3.439390758707512e-09,0.02685933151102178,0.5760643630750829,,True,14.351090489239319,51,starvation,1.6272481443017046
S16,0.8547531401060104,0.8547531401060104,0.010293519535908966,0.8547531401060104,0.6638815656459172,0.33611843435408295,0.0004,0.05498430652541088,0.2,False,0.1,0.0,0.0,False,0.1,0.0,0.0,True,0.1,1.0,0.8547531401060104,7.753179133759721e-10,0.009408566248594165,0.310054861877213,,True,3.235066415357839,51,starvation,1.6272481443017046
S17,0.37999989808874834,0.37999989808874834,0.011627196231318462,0.4749998726109354,0.46087235549082084,0.5391276445091792,0.0004,0.08815633888991603,0.2,True,0.1,1.0,0.4749998726109354,False,0.1,0.0,0.0,False,0.1,0.0,0.0,0.0,0.010882987735477984,0.15066354539517063,182.67681952788664,False,0.0,51,starvation,1.6272481443017046
S18,0.46608136768900016,0.46608136768900016,0.020309200834062742,0.5542497105101113,0.8472716237579586,0.15272837624204127,0.0004,0.04489363800640722,0.2,True,0.1,0.7953846537868664,0.4408417141055558,True,0.1,0.20461534621313363,0.11340799640455551,False,0.1,0.0,0.0,0.0,0.009384986874013526,0.2669535231236644,282.2469061888372,False,0.0,51,starvation,1.6272481443017046
S19,0.7369484189464438,0.7369484189464438,0.008519426037647259,0.8719145957108758,0.21419124290282165,0.7858087570971785,0.0004,0.05377633776919022,0.2,True,0.1,0.773964430853423,0.6748308838221605,True,0.1,0.22603556914657694,0.19708371188871535,False,0.1,0.0,0.0,3.5899833736991876e-09,0.09198097423781629,2.821051438716119,,True,14.97944835735456,51,starvation,1.6272481443017046
S20,0.5303356056639045,0.5303356056639045,0.0163163859064001,0.5303356056639045,0.3410038767781463,0.6589961232218537,0.0004,0.062274579144237244,0.2,False,0.1,0.0,0.0,True,0.1,0.2887489501269127,0.1531338493503728,True,0.1,0.7112510498730873,0.3772017563135317,0.0,0.0014273346664727617,0.044633116609416754,229.04879233139602,False,0.0,51,starvation,1.6272481443017046
S21,0.5944521632740266,0.5944521632740266,0.010204416734114829,0.5944521632740266,0.8974293266010768,0.10257067339892326,0.0004,0.04356876895890129,0.2,False,0.1,0.0,0.0,True,0.1,0.3811655965111468,0.22658471341168598,True,0.1,0.6188344034888532,0.36786744986234066,4.082853073176173e-09,0.004119045236431883,0.1514350850985044,,True,17.03598050296527,51,starvation,1.6272481443017046
S22,0.5398145886588578,0.5398145886588578,0.013759926228384834,0.5398145886588578,0.038692493387880764,0.9613075066121193,0.0004,0.06739532367023077,0.2,False,0.1,0.0,0.0,True,0.1,0.6483523289893446,0.34999004577939546,True,0.1,0.35164767101065536,0.18982454287946227,0.0,0.0021523583268119426,0.06070806421001039,224.85125011758353,False,0.0,51,starvation,1.6272481443017046
S23,0.3899474422128182,0.3899474422128182,0.005994014802569332,0.48743430276602273,0.9283822147346432,0.07161778526535664,0.0004,0.06567406034914976,0.2,True,0.1,1.0,0.48743430276602273,False,0.1,0.0,0.0,False,0.1,0.0,0.0,0.0,0.013179103919420251,0.23227971552928794,252.69259819699295,False,0.0,51,starvation,1.6272481443017046
S24,0.26017230591628565,0.26017230591628565,0.005256809855224969,0.325215382395357,0.27220134033114557,0.7277986596688545,0.0004,0.060833957452110204,0.2,True,0.1,1.0,0.325215382395357,False,0.1,0.0,0.0,False,0.1,0.0,0.0,0.0,0.003952991519993388,0.07906095160199812,254.818798999529,False,0.0,51,starvation,1.6272481443017046
S25,0.3037620316243712,0.3037620316243712,0.009541417703222685,0.3037620316243712,0.7947659605058274,0.20523403949417257,0.0004,0.06090085931765851,0.2,False,0.1,0.0,0.0,True,0.1,0.42647849746638905,0.1295479748344996,True,0.1,0.573521502533611,0.17421405678987165,0.0,0.0005545240119848561,0.020051990408099466,233.2132713864553,False,0.0,51,starvation,1.6272481443017046
S01,0.7358476205843825,0.7358476205843825,0.008927877388769037,0.919809525730478,0.7702345353986876,0.22976546460131234,0.0004,0.07360658003906449,0.2,True,0.04051312592291615,1.0,0.919809525730478,False,0.07855992314291887,0.0,0.0,False,0.2664013156567047,0.0,0.0,0.0,0.542831341616984,7.5898893772673794,265.6646735513478,False,0.0,51,both,1.2615080505107878
S02,0.42447391982886257,0.42447391982886257,0.006022833718901748,0.42447391982886257,0.6888744434872646,0.3111255565127355,0.0004,0.06806477993767512,0.2,False,0.0774950369472627,0.0,0.0,True,0.0798611847029723,1.0,0.42447391982886257,False,0.07287841621169705,0.0,0.0,0.0,0.002792283389447029,0.0731318562505686,240.95742863959623,False,0.0,51,both,1.2615080505107878
S03,0.4012289722925387,0.4012289722925387,0.007140680599331352,0.4012289722925387,0.7936246825370825,0.20637531746291754,0.0004,0.07118143033858651,0.2,False,0.07279268034433029,0.0,0.0,False,0.026699213254027947,0.0,0.0,True,0.011180453503905303,1.0,0.4012289722925387,0.0,0.020100541643050095,0.3979710187547196,252.0106136268333,False,0.0,51,both,1.2615080505107878
S04,0.38561279573178947,0.38561279573178947,0.009895541949548945,0.45167394220528617,0.6705097920705299,0.32949020792947015,0.0004,0.04569000236017103,0.2,True,0.5471713263555794,0.7312924246963964,0.33030573236748373,True,0.050628533148907744,0.2687075753036036,0.12136820983780244,False,0.04731983902301508,0.0,0.0,5.897017917744102e-10,0.002474566033621954,0.08794281290093577,,True,3.104735681905213,51,both,1.2615080505107878
S05,0.618871509693497,0.618871509693497,0.008888124190068783,0.6437107489741672,0.8637744999632839,0.13622550003671605,0.0004,0.04361858533716641,0.2,True,0.17957794216920495,0.19293789423475274,0.12419619640335135,True,0.05736623752533933,0.5578662486965706,0.3591045007758785,True,0.16005450295563806,0.24919585706867667,0.1604100517949374,9.828949346519235e-09,0.013988076687463467,0.4394392874490339,,True,51.74868073565421,51,both,1.2615080505107878
S06,0.3826202766009458,0.3826202766009458,0.010470644655585018,0.4782753457511822,0.9182327854410406,0.08176721455895927,0.0004,0.07590531173744017,0.2,True,0.07481060708548248,1.0,0.4782753457511822,False,0.19422809267585123,0.0,0.0,False,0.4125235885461448,0.0,0.0,0.0,0.012612171571778722,0.1890873292870632,210.68822255377543,False,0.0,51,both,1.2615080505107878
S07,0.6291953113374944,0.6291953113374944,0.008791852227365692,0.635079725105365,0.2596143458441,0.7403856541559,0.0004,0.08038544206458706,0.2,True,0.10451627989463327,0.0463281501144939,0.02942206883935287,False,0.09852279516067212,0.0,0.0,True,0.037183628084247196,0.953671849885506,0.6056576562660121,0.0,0.008844842088702936,0.166261724774317,214.06913943327427,False,0.0,51,both,1.2615080505107878
S08,0.5930398250284001,0.5930398250284001,0.010424390054263355,0.5930398250284001,0.8907853874838068,0.10921461251619324,0.0004,0.06747334410024457,0.2,False,0.12653309302077867,0.0,0.0,True,0.08812992594903796,0.4462315403872569,0.2646330746334123,True,0.05820151458624617,0.5537684596127431,0.32840675039498785,0.0,0.003914072053337726,0.09062647262993506,233.0037674110897,False,0.0,51,both,1.2615080505107878
S09,0.4704224324303951,0.4704224324303951,0.011100419023807193,0.5193531787594342,0.00796655228884936,0.9920334477111507,0.0004,0.04512190993158415,0.2,True,0.11657255039013399,0.4710739081824698,0.24465373164519555,False,0.04371369892190306,0.0,0.0,True,0.16660950439328065,0.5289260918175303,0.2746994471142387,0.0,0.0018900096485412047,0.06210669121091761,294.120853742841,False,0.0,51,both,1.2615080505107878
S10,0.4969318824372366,0.4969318824372366,0.013166360788235822,0.6211648530465458,0.8597832031730576,0.14021679682694238,0.0004,0.07777215983791669,0.2,True,0.7104912001404458,1.0,0.6211648530465458,False,0.044166360379237976,0.0,0.0,False,0.13913615049770536,0.0,0.0,0.0,0.0036824553446256113,0.05857327258580211,186.8524390867699,False,0.0,51,both,1.2615080505107878
S11,0.7000922746196436,0.7000922746196436,0.004522225927061493,0.8751153432745545,0.749331397274735,0.2506686027252651,0.0004,0.0763173194071485,0.2,True,0.23243748385163945,1.0,0.8751153432745545,False,0.14936682652600305,0.0,0.0,False,0.0744909948349264,0.0,0.0,0.0,0.08535595230770206,1.2797904262646969,248.01680006118417,False,0.0,51,both,1.2615080505107878
S12,0.6213395778103874,0.6213395778103874,0.01203170636826522,0.6213395778103874,0.9567701353206755,0.04322986467932459,0.0004,0.052058588258474287,0.2,False,0.270312561279593,0.0,0.0,False,0.2193195481306444,0.0,0.0,True,0.2533187643504007,1.0,0.6213395778103874,0.0,0.0004,0.011779922482333042,234.41006050614763,False,0.0,51,both,1.2615080505107878
S13,0.34715181969108777,0.34715181969108777,0.009035834268635768,0.34715181969108777,0.6642191616502234,0.3357808383497767,0.0004,0.07020206242532619,0.2,False,0.18773725245757877,0.0,0.0,True,0.23385865988245808,1.0,0.34715181969108777,False,0.0705081702194106,0.0,0.0,0.0,0.0004,0.010994476717115181,195.26774596977054,False,0.0,51,both,1.2615080505107878
S14,0.6005974096471339,0.6005974096471339,0.0079722075482656,0.6577712435595403,0.8706951161127662,0.1293048838872337,0.0004,0.0630962598269038,0.2,True,0.13715615325255334,0.434602716918797,0.28586916956203196,True,0.23884315041159496,0.3766001603219525,0.24771675577969293,True,0.05926373149737033,0.1887971227592504,0.12418531821781532,0.0,0.004390678758466842,0.12198075167172791,251.7262391745829,False,0.0,51,both,1.2615080505107878
S15,0.46319716404316913,0.46319716404316913,0.006350681558663262,0.5789964550539614,0.9288036818372166,0.07119631816278338,0.0004,0.048609253618851773,0.2,True,0.05557837201055319,1.0,0.5789964550539614,False,0.10032203451470449,0.0,0.0,False,0.08338252346859008,0.0,0.0,4.180950911357146e-09,0.033353862694286744,0.6995565716000871,,True,22.012392805735992,51,both,1.2615080505107878
S16,0.8547531401060104,0.8547531401060104,0.010293519535908966,0.8547531401060104,0.6638815656459172,0.33611843435408295,0.0004,0.05498430652541088,0.2,False,0.11057757474967186,0.0,0.0,False,0.045525298809764546,0.0,0.0,True,0.10682921882729476,1.0,0.8547531401060104,0.0,0.0023474136597739083,0.05879835455297444,262.60911118528776,False,0.0,51,both,1.2615080505107878
S17,0.37999989808874834,0.37999989808874834,0.011627196231318462,0.4749998726109354,0.46087235549082084,0.5391276445091792,0.0004,0.08815633888991603,0.2,True,0.04477758256493078,1.0,0.4749998726109354,False,0.1883740192865684,0.0,0.0,False,0.17865910808108762,0.0,0.0,0.0,0.014400486246247074,0.19115125931396118,185.1743297285894,False,0.0,51,both,1.2615080505107878
S18,0.46608136768900016,0.46608136768900016,0.020309200834062742,0.5542497105101113,0.8472716237579586,0.15272837624204127,0.0004,0.04489363800640722,0.2,True,0.049551921661742354,0.7953846537868664,0.4408417141055558,True,0.06155484661939016,0.20461534621313363,0.11340799640455551,False,0.0544225013862021,0.0,0.0,0.0,0.01285480037086625,0.38633180245802506,288.60298671385294,False,0.0,51,both,1.2615080505107878
S19,0.7369484189464438,0.7369484189464438,0.008519426037647259,0.8719145957108758,0.21419124290282165,0.7858087570971785,0.0004,0.05377633776919022,0.2,True,0.12532316586594697,0.773964430853423,0.6748308838221605,True,0.08211851581026947,0.22603556914657694,0.19708371188871535,False,0.19276362482161297,0.0,0.0,3.0834755739927583e-09,0.08317961978988171,2.5143962298248326,,True,16.234267510112566,51,both,1.2615080505107878
S20,0.5303356056639045,0.5303356056639045,0.0163163859064001,0.5303356056639045,0.3410038767781463,0.6589961232218537,0.0004,0.062274579144237244,0.2,False,0.3007527663115123,0.0,0.0,True,0.17875177849892362,0.2887489501269127,0.1531338493503728,True,0.06334558438018101,0.7112510498730873,0.3772017563135317,0.0,0.0012807899060250031,0.03154644982290407,214.8571486768213,False,0.0,51,both,1.2615080505107878
S21,0.5944521632740266,0.5944521632740266,0.010204416734114829,0.5944521632740266,0.8974293266010768,0.10257067339892326,0.0004,0.04356876895890129,0.2,False,0.03999462587892253,0.0,0.0,True,0.03531821278023756,0.3811655965111468,0.22658471341168598,True,0.38484219723852486,0.6188344034888532,0.36786744986234066,1.3105454152278683e-09,0.002645635517456342,0.08672837651203374,,True,6.899923266592004,51,both,1.2615080505107878
S22,0.5398145886588578,0.5398145886588578,0.013759926228384834,0.5398145886588578,0.038692493387880764,0.9613075066121193,0.0004,0.06739532367023077,0.2,False,0.25068604008906087,0.0,0.0,True,0.09543257980373408,0.6483523289893446,0.34999004577939546,True,0.22792169069120446,0.35164767101065536,0.18982454287946227,0.0,0.0013019892053685637,0.033816897137373486,211.1571340590114,False,0.0,51,both,1.2615080505107878
S23,0.3899474422128182,0.3899474422128182,0.005994014802569332,0.48743430276602273,0.9283822147346432,0.07161778526535664,0.0004,0.06567406034914976,0.2,True,0.7012713711683846,1.0,0.48743430276602273,False,0.06846328567452713,0.0,0.0,False,0.3978223328468145,0.0,0.0,0.0,0.00236966015555086,0.04617909627686296,228.11917112177443,False,0.0,51,both,1.2615080505107878
S24,0.26017230591628565,0.26017230591628565,0.005256809855224969,0.325215382395357,0.27220134033114557,0.7277986596688545,0.0004,0.060833957452110204,0.2,True,0.14066124576415184,1.0,0.325215382395357,False,0.12448404948381282,0.0,0.0,False,0.04417162205253159,0.0,0.0,0.0,0.0033588455691463404,0.06708748759653088,251.95129283956976,False,0.0,51,both,1.2615080505107878
S25,0.3037620316243712,0.3037620316243712,0.009541417703222685,0.3037620316243712,0.7947659605058274,0.20523403949417257,0.0004,0.06090085931765851,0.2,False,0.011807497369346382,0.0,0.0,True,0.171199812278221,0.42647849746638905,0.1295479748344996,True,0.2873462727752665,0.573521502533611,0.17421405678987165,0.0,0.0004,0.009591134842966427,211.93714827297038,False,0.0,51,both,1.2615080505107878
S01,0.7358476205843825,0.7358476205843825,0.008927877388769037,0.919809525730478,0.3330916486235711,0.6669083513764289,0.0006266324419422921,0.07360658003906449,0.2,True,0.04051312592291615,1.0,0.919809525730478,False,0.07855992314291887,0.0,0.0,False,0.2664013156567047,0.0,0.0,0.0,0.37884857370217107,5.324750519502952,260.21903920144496,False,0.0,51,structured,0.43407588254895363
S02,0.42447391982886257,0.42447391982886257,0.006022833718901748,0.42447391982886257,0.180958398599429,0.819041601400571,9.544986293493659e-05,0.06806477993767512,0.2,False,0.0774950369472627,0.0,0.0,True,0.0798611847029723,1.0,0.42447391982886257,False,0.07287841621169705,0.0,0.0,0.0,0.00035099394745283924,0.008192341418769233,205.93736750913064,False,0.0,51,structured,0.43407588254895363
S03,0.4012289722925387,0.4012289722925387,0.007140680599331352,0.4012289722925387,0.7851534142166773,0.21484658578332255,0.00036382327430758233,0.07118143033858651,0.0,False,0.07279268034433029,0.0,0.0,False,0.026699213254027947,0.0,0.0,True,0.011180453503905303,1.0,0.4012289722925387,0.0,0.04511649192282067,0.7952091207032402,259.0264344337601,False,0.0,51,structured,0.43407588254895363
S04,0.38561279573178947,0.38561279573178947,0.009895541949548945,0.38561279573178947,1.0,0.0,0.00017593612113240436,0.04569000236017103,0.2,False,0.5471713263555794,0.0,0.0,False,0.050628533148907744,0.0,0.0,True,0.04731983902301508,1.0,0.38561279573178947,4.392463978659761e-10,0.0023020466957554457,0.05761209560073349,,True,2.0294790936125406,51,structured,0.43407588254895363
S05,0.618871509693497,0.618871509693497,0.008888124190068783,0.618871509693497,1.0,0.0,7.143179042593038e-05,0.04361858533716641,0.2,False,0.17957794216920495,0.0,0.0,False,0.05736623752533933,0.0,0.0,True,0.16005450295563806,1.0,0.618871509693497,0.0,0.00043051170485154775,0.011867455100046368,285.7182781334088,False,0.0,51,structured,0.43407588254895363
S06,0.3826202766009458,0.3826202766009458,0.010470644655585018,0.3826202766009458,0.11511598992765985,0.8848840100723401,0.0002216146281743398,0.07590531173744017,0.0,False,0.07481060708548248,0.0,0.0,True,0.19422809267585123,0.8150141575622618,0.3118409424001594,True,0.4125235885461448,0.18498584243773816,0.07077933420078635,0.0,0.0002216146281743398,0.004861006793689011,168.91396317535433,False,0.0,51,structured,0.43407588254895363
S07,0.6291953113374944,0.6291953113374944,0.008791852227365692,0.6291953113374944,1.0,0.0,0.00018489511601623926,0.08038544206458706,0.2,False,0.10451627989463327,0.0,0.0,False,0.09852279516067212,0.0,0.0,True,0.037183628084247196,1.0,0.6291953113374944,0.0,0.025398264611411394,0.403760391235474,223.2805042944084,False,0.0,51,structured,0.43407588254895363
S08,0.5930398250284001,0.5930398250284001,0.010424390054263355,0.5930398250284001,0.14277551494017626,0.8572244850598237,0.0008933519984813101,0.06747334410024457,0.2,False,0.12653309302077867,0.0,0.0,True,0.08812992594903796,1.0,0.5930398250284001,False,0.05820151458624617,0.0,0.0,0.0,0.006362710594400688,0.13323564082918007,234.28544370795217,False,0.0,51,structured,0.43407588254895363
S09,0.4704224324303951,0.4704224324303951,0.011100419023807193,0.4704224324303951,0.5295316641189843,0.4704683358810159,0.0006440917853018449,0.04512190993158415,0.0,False,0.11657255039013399,0.0,0.0,False,0.04371369892190306,0.0,0.0,True,0.16660950439328065,1.0,0.4704224324303951,0.0,0.0017976571266742041,0.051672325796740415,293.36347896685146,False,0.0,51,structured,0.43407588254895363
S10,0.4969318824372366,0.4969318824372366,0.013166360788235822,0.4969318824372366,1.0,0.0,0.0001966825697983036,0.07777215983791669,0.2,False,0.7104912001404458,0.0,0.0,True,0.044166360379237976,0.09497091081722706,0.04719407348918356,True,0.13913615049770536,0.9050290891827729,0.44973780894805304,0.0,0.0005642218775107195,0.011934592511739733,176.5454294455211,False,0.0,51,structured,0.43407588254895363
S11,0.7000922746196436,0.7000922746196436,0.004522225927061493,0.8751153432745545,0.3309481156663708,0.6690518843336293,0.0012474522486534165,0.0763173194071485,0.2,True,0.23243748385163945,1.0,0.8751153432745545,False,0.14936682652600305,0.0,0.0,False,0.0744909948349264,0.0,0.0,0.0,0.1405640940387394,2.1047890101423525,253.00474235690044,False,0.0,51,structured,0.43407588254895363
S12,0.6213395778103874,0.6213395778103874,0.01203170636826522,0.7766744722629843,0.0,1.0,0.00020747882010408738,0.052058588258474287,0.2,True,0.270312561279593,1.0,0.7766744722629843,False,0.2193195481306444,0.0,0.0,False,0.2533187643504007,0.0,0.0,0.0,0.011135921973871536,0.2067619045398023,277.05208737488397,False,0.0,51,structured,0.43407588254895363
S13,0.34715181969108777,0.34715181969108777,0.009035834268635768,0.34715181969108777,0.46890837751449127,0.5310916224855088,0.000433112117618596,0.07020206242532619,0.2,False,0.18773725245757877,0.0,0.0,True,0.23385865988245808,1.0,0.34715181969108777,False,0.0705081702194106,0.0,0.0,0.0,0.000433112117618596,0.00948746375199539,189.81488345758976,False,0.0,51,structured,0.43407588254895363
S14,0.6005974096471339,0.6005974096471339,0.0079722075482656,0.7507467620589173,0.0,1.0,0.00033362152001180335,0.0630962598269038,0.2,True,0.13715615325255334,1.0,0.7507467620589173,False,0.23884315041159496,0.0,0.0,False,0.05926373149737033,0.0,0.0,0.0,0.030682615490596213,0.5120267502963209,265.1101664387703,False,0.0,51,structured,0.43407588254895363
S15,0.46319716404316913,0.46319716404316913,0.006350681558663262,0.46319716404316913,0.28699998549697636,0.7130000145030235,0.0006918226962133304,0.048609253618851773,0.0,False,0.05557837201055319,0.0,0.0,True,0.10032203451470449,1.0,0.46319716404316913,False,0.08338252346859008,0.0,0.0,6.389215477457741e-10,0.002855962977678767,0.08016177406532116,,True,2.952051354110957,51,structured,0.43407588254895363
S16,0.8547531401060104,0.8547531401060104,0.010293519535908966,1.0619909868246145,0.8495460451222172,0.1504539548777828,0.0002441778215434998,0.05498430652541088,0.2,True,0.11057757474967186,0.9757043576153681,1.0361892335930214,False,0.045525298809764546,0.0,0.0,True,0.10682921882729476,0.024295642384631975,0.02580175323159324,1.131556905257971e-09,0.1699131396625303,3.1923887560133255,,True,5.228206978158676,51,structured,0.43407588254895363
S17,0.37999989808874834,0.37999989808874834,0.011627196231318462,0.37999989808874834,0.6265029598265818,0.3734970401734182,0.0002933865828578743,0.08815633888991603,0.0,True,0.04477758256493078,0.4391769098044537,0.16688718096862382,True,0.1883740192865684,0.38821425827558437,0.14752137858132108,True,0.17865910808108762,0.17260883191996196,0.06559133853880343,0.0,0.0008455500218023114,0.018898997711928243,162.79666568812652,False,0.0,51,structured,0.43407588254895363
S18,0.46608136768900016,0.46608136768900016,0.020309200834062742,0.46608136768900016,0.20384756288116057,0.7961524371188393,0.0003015366411676386,0.04489363800640722,0.0,False,0.049551921661742354,0.0,0.0,True,0.06155484661939016,0.9974970094602055,0.4649147704349001,True,0.0544225013862021,0.002502990539794538,0.001166597254100067,0.0,0.002331352165492907,0.05498367229594204,260.63655775537467,False,0.0,51,structured,0.43407588254895363
S19,0.7369484189464438,0.7369484189464438,0.008519426037647259,0.7369484189464438,0.46164998658415385,0.5383500134158462,0.00011525644879455344,0.05377633776919022,0.0,False,0.12532316586594697,0.0,0.0,False,0.08211851581026947,0.0,0.0,True,0.19276362482161297,1.0,0.7369484189464438,0.0,0.0006508489658581027,0.01597774201407613,250.65159980892273,False,0.0,51,structured,0.43407588254895363
S20,0.5303356056639045,0.5303356056639045,0.0163163859064001,0.6629195070798806,1.0,0.0,0.0005322454701726946,0.062274579144237244,0.2,True,0.3007527663115123,1.0,0.6629195070798806,False,0.17875177849892362,0.0,0.0,False,0.06334558438018101,0.0,0.0,0.0,0.01281382243319904,0.207828036679206,229.45791705508583,False,0.0,51,structured,0.43407588254895363
S21,0.5944521632740266,0.5944521632740266,0.010204416734114829,0.5944521632740266,1.0,0.0,0.000685798859014015,0.04356876895890129,0.2,False,0.03999462587892253,0.0,0.0,True,0.03531821278023756,1.0,0.5944521632740266,False,0.38484219723852486,0.0,0.0,1.943358250067845e-08,0.057961871034674,1.4268837891029862,,True,89.79026257411782,51,structured,0.43407588254895363
S22,0.5398145886588578,0.5398145886588578,0.013759926228384834,0.5398145886588578,0.9873742503366293,0.012625749663370702,3.512834764701119e-05,0.06739532367023077,0.0,True,0.25068604008906087,1.0,0.5398145886588578,False,0.09543257980373408,0.0,0.0,False,0.22792169069120446,0.0,0.0,0.0,0.0011046040228412629,0.017225306319023508,192.3179190254651,False,0.0,51,structured,0.43407588254895363
S23,0.3899474422128182,0.3899474422128182,0.005994014802569332,0.3899474422128182,0.9851175974557158,0.01488240254428431,7.174972491541988e-05,0.06567406034914976,0.0,False,0.7012713711683846,0.0,0.0,False,0.06846328567452713,0.0,0.0,True,0.3978223328468145,1.0,0.3899474422128182,0.0,7.174972491541988e-05,0.0016531744948789018,182.62828258679153,False,0.0,51,structured,0.43407588254895363
S24,0.26017230591628565,0.26017230591628565,0.005256809855224969,0.26017230591628565,0.890849459640813,0.10915054035918703,0.0006131522960103488,0.060833957452110204,0.0,False,0.14066124576415184,0.0,0.0,False,0.12448404948381282,0.0,0.0,True,0.04417162205253159,1.0,0.26017230591628565,0.0,0.0026983216231902555,0.06613438332531009,259.3019828239297,False,0.0,51,structured,0.43407588254895363
S25,0.3037620316243712,0.3037620316243712,0.009541417703222685,0.379702539530464,0.0,1.0,0.0007201708167605277,0.06090085931765851,0.2,True,0.011807497369346382,1.0,0.379702539530464,False,0.171199812278221,0.0,0.0,False,0.2873462727752665,0.0,0.0,0.0,0.011088160833926856,0.19728892084752728,253.10735959974014,False,0.0,51,structured,0.43407588254895363
