time,R0,M1,M2,total_biomass,cumulative_death_loss,cumulative_cutoff_loss,budget_error
0.0,1.0,0.0,0.0,0.01,0.0,0.0,0.0
0.25,0.9995687937002801,4.1699842695529265e-05,4.4312356761833046e-05,0.01020744661582208,0.00013774748444045376,0.0,0.0
0.5,0.9990858217569574,8.860609957867189e-05,9.328827171483313e-05,0.010457544264510017,0.00027473960723905984,0.0,0.0
0.75,0.9985444535544826,0.00014141853724176587,0.00014751258851715475,0.010755424929534818,0.000411190390223525,0.0,0.0
1.0,0.9979371865665513,0.00020093257044936778,0.00020764300437933964,0.011106903497700209,0.0005473343609197796,0.0,0.0
1.25,0.9972555296565758,0.0002680525186068305,0.00027441929743838764,0.01151856921746151,0.0006834293099174135,0.0,0.0
1.5,0.9964898699053123,0.00034380679541982245,0.00034867376226070115,0.011997890113740374,0.0008197594232667296,0.0,-2.220446049250313e-16
1.75,0.9956293221473289,0.0004293651287717934,0.0004313428997751115,0.012553331012623875,0.000956638811500341,0.0,0.0
2.0,0.9946615577605983,0.0005260582291164015,0.0005234805923036608,0.013194487904932694,0.0010944155130489346,0.0,0.0
2.25,0.9935726097114007,0.0006354002702425959,0.0006262729552047674,0.013932241021588158,0.0012334760415637534,0.0,0.0
2.5,0.992346652633137,0.0007591143286738288,0.0007410549227929445,0.014778927603804545,0.001374250511591556,0.0,-2.220446049250313e-16
2.75,0.9909657499942952,0.0008991617551949954,0.0008693290932724036,0.015748540638580368,0.001517218518657014,0.0,0.0
3.0,0.989409570141164,0.0010577752547489025,0.0010127866572812987,0.0168569521947682,0.0016629157520375109,0.0,0.0
3.25,0.987655064128564,0.0012374965445913662,0.0011733308477812029,0.018122166973553896,0.0018119415055094996,0.0,0.0
3.5,0.9856760951966278,0.0014412198409763648,0.0013531035417142607,0.01956461410000885,0.0019649673206726132,0.0,-2.220446049250313e-16
3.75,0.9834430251566062,0.0016722405199936607,0.0015545145433152538,0.02120747309327467,0.002122746686810118,0.0,0.0
4.0,0.980922238689334,0.0019343113075199877,0.0017802747455993532,0.02307704902797154,0.002286126229575004,0.0,0.0
4.25,0.9780756044062039,0.0022317061388094873,0.002033433084201166,0.025203197900799553,0.0024560584699857588,0.0,-2.220446049250313e-16
4.5,0.9748598746783905,0.0025692914309271286,0.002317416950840825,0.027619800755675883,0.0026336161841655735,0.0,0.0
4.75,0.9712259874514719,0.00295260936147716,0.0026360783414882123,0.03036531562739454,0.0028200092181680666,0.0,-2.220446049250313e-16
5.0,0.9671182909923225,0.003387970535742588,0.002993743986615342,0.03348339102850383,0.0030166034568157247,0.0,0.0
5.25,0.9624736627664474,0.0038825596457418565,0.003395271048253003,0.03702356382930845,0.0032249427102492463,0.0,0.0
5.5,0.9572205035845319,0.004444556507561412,0.0038461091696126728,0.041042056602581214,0.003446774135712725,0.0,0.0
5.75,0.9512776241534382,0.00508327030861253,0.004352367135702092,0.04560266123933046,0.003684077162916661,0.0,0.0
6.0,0.9445529794589633,0.00580929270446575,0.004920886420924648,0.050777744162827466,0.003939097252818765,0.0,0.0
6.25,0.9369422385230832,0.00663467136494217,0.005559321539542472,0.05664938324637674,0.004214385326055304,0.0,0.0
6.5,0.9283272073443449,0.007573101730078137,0.0062762249418053,0.06331062267353751,0.004512843310234057,0.0,2.220446049250313e-16
6.75,0.918574042490673,0.008640144976511971,0.007081139240426184,0.07086689516805002,0.004837778124338719,0.0,0.0
7.0,0.9075312773598629,0.009853469461156974,0.007984693671928502,0.07943759424420285,0.0051929652628486585,0.0,0.0
7.25,0.8950276809820921,0.011233113197982121,0.008998701612231895,0.08915778059148553,0.005582723616208272,0.0,0.0
7.5,0.8808698521456586,0.012801779994853414,0.010136262923889087,0.10018009829348155,0.006012006642117243,0.0,0.0
7.75,0.8648396800338002,0.014585152736006891,0.011411859836117401,0.11267679587257645,0.006486511521498947,0.0,-2.220446049250313e-16
8.0,0.8466916315124967,0.016612229329651753,0.012841445346595873,0.12684188039770164,0.007012813413553931,0.0,0.0
8.25,0.8261499363480769,0.018915672973406863,0.014442515023643958,0.14289334330376133,0.007598532351110904,0.0,0.0
8.5,0.8029058444402507,0.021532155275481826,0.016234146087427452,0.1610753102588865,0.008252543937953487,0.0,0.0
8.75,0.7766151108453939,0.024502674073452697,0.018236986903236396,0.18165997739636938,0.00898525078154749,0.0,0.0
9.0,0.7468960704390154,0.02787280235942883,0.020473165033621114,0.20494902098037227,0.009808941187562351,0.0,0.0
9.25,0.7133289235631636,0.03169279264734835,0.022966063741998565,0.2312739449774639,0.010738275070025562,0.0,0.0
9.5,0.6754572592512074,0.03601741287793842,0.025739886063416925,0.2609944798052402,0.01179096200219697,0.0,0.0
9.75,0.632793448558664,0.040905316473126216,0.02881888052688797,0.2944936051662727,0.012988749275049158,0.0,0.0
10.0,0.5848312087400428,0.04641754675590204,0.032225984018862314,0.3321663469175017,0.014358913567691024,0.0,-2.220446049250313e-16
10.25,0.5310708906448033,0.05261450536532669,0.035980469495965006,0.3743975008482567,0.015936633645648016,0.0,-2.220446049250313e-16
10.5,0.47106865164425704,0.0595500380578417,0.040093775505410226,0.42151855485801365,0.017768979934477132,0.0,-2.220446049250313e-16
10.75,0.4045323489549631,0.06725988927726291,0.044561827709322474,0.4737238594420992,0.019922074616351634,0.0,-8.881784197001252e-16
11.0,0.33151461627962087,0.07573846812652471,0.04935008871978837,0.5309018755522814,0.02249495132178422,0.0,-4.440892098500626e-16
11.25,0.2528246554951215,0.08488939046494662,0.05436216846491384,0.5922749478737512,0.025648837701266317,0.0,-4.440892098500626e-16
11.5,0.17097491291561095,0.0944121806360918,0.05936782469161019,0.6555701793405406,0.029674902416146013,0.0,-4.440892098500626e-16
11.75,0.09246666248097066,0.10353039954075018,0.06382791439077239,0.7150169150046112,0.0351581085828952,0.0,-4.440892098500626e-16
12.0,0.03200402484153847,0.11049695091715639,0.06657020207166735,0.7576777951062932,0.04325102706334401,0.0,-6.661338147750939e-16
12.25,0.005604136685851774,0.11342542162936449,0.06636509775087494,0.7697042243405265,0.05490111959338177,0.0,-4.440892098500626e-16
12.5,0.0006561257252781115,0.11381289263719077,0.06434072104017538,0.762746464076941,0.0684437965204143,0.0,-4.440892098500626e-16
12.75,7.276426042961347e-05,0.11367250600364279,0.06194249300779198,0.7521362621374336,0.08217597459070158,0.0,-4.440892098500626e-16
13.0,8.269284059634462e-06,0.113455738496075,0.05949670558371804,0.7413045887837227,0.09573469785242397,0.0,-6.661338147750939e-16
13.25,9.716755367530065e-07,0.11321571546285557,0.05704577732538491,0.7306565084738118,0.10908102706241032,0.0,-6.661338147750939e-16
13.5,1.1810721136030234e-07,0.11295716557689053,0.05459782289792226,0.720229953949926,0.12221493946804941,0.0,-4.440892098500626e-16
13.75,1.4843450226822897e-08,0.11267944820425634,0.05215736990573892,0.7100225971455856,0.13514056990096826,0.0,-6.661338147750939e-16
14.0,1.927835450379235e-09,0.11238125791191285,0.049728718253601874,0.7000276097170982,0.14786241218955107,0.0,-6.661338147750939e-16
14.25,2.5855599011660673e-10,0.11206114857051222,0.04731630541048695,0.6902376494676156,0.16038489629282873,0.0,-4.440892098500626e-16
14.5,3.578483993112678e-11,0.1117175955822532,0.04492473652757201,0.6806453285975095,0.17271233925688007,0.0,-4.440892098500626e-16
14.75,5.113391783182687e-12,0.1113490064595083,0.042558772990827186,0.6712432817346378,0.18484893880991293,0.0,-4.440892098500626e-16
15.0,7.767161092576789e-13,0.11095372656366705,0.040223312501111094,0.6620241890443352,0.19679877189010936,0.0,-4.440892098500626e-16
15.25,3.2869757911699324e-15,0.11053004561409534,0.037923364156608304,0.6529807965518759,0.2085657936774166,0.0,-6.661338147750939e-16
15.5,3.0879235254629074e-14,0.11007620572266515,0.035664018518355135,0.6441059391525377,0.22015383660641064,0.0,-6.661338147750939e-16
15.75,3.9820588571049514e-13,0.10959041108224156,0.033450412219909624,0.635392567378989,0.23156660931846113,0.0,-4.440892098500626e-16
16.0,0.0,0.10907083930700368,0.031287686669150536,0.6268337784393992,0.24280769558452697,0.0,8.060219158778636e-14
16.25,0.0,0.10851565433461684,0.029180940443037227,0.618422851973224,0.253880553249503,0.0,3.810285420513537e-13
16.5,0.0,0.10792302072417738,0.027135175143455738,0.6101532908612116,0.26478851327121905,0.0,6.372680161348399e-14
16.75,0.0,0.10729111912367278,0.025155234962834717,0.602018866921328,0.27553477899222817,0.0,6.372680161348399e-14
17.0,0.0,0.1066181623681585,0.023245739368939228,0.5940136726285976,0.28612242563436846,0.0,6.372680161348399e-14
17.25,0.0,0.10590241219268642,0.021411011882839566,0.586132175481626,0.2965544004429119,0.0,6.394884621840902e-14
17.5,0.0,0.10514219554432086,0.019655003871084174,0.57836927719429,0.30683352339036873,0.0,6.372680161348399e-14
17.75,0.0,0.1043359198248098,0.01798121527452625,0.5707203763286385,0.3169624885720894,0.0,6.394884621840902e-14
18.0,0.0,0.10348208689059145,0.016392617168591368,0.5631814291450089,0.32694386679587223,0.0,6.394884621840902e-14
18.25,0.0,0.10257930564025725,0.014891581061116155,0.5557490034307258,0.33678010986796475,0.0,6.394884621840902e-14
18.5,0.0,0.10162630164789271,0.013479813355937243,0.5484203290206555,0.3464735559755784,0.0,6.372680161348399e-14
18.75,0.0,0.10062192302322992,0.012158299478407611,0.5411933411952087,0.3560264363032176,0.0,6.372680161348399e-14
19.0,0.0,0.09956514500121953,0.010927270193459699,0.5340667005873462,0.36544088421803844,0.0,6.372680161348399e-14
19.25,0.0,0.0984550697745819,0.009786182748378114,0.5270398020365019,0.3747189454406019,0.0,6.372680161348399e-14
19.5,0.0,0.09729092462198104,0.00873372764087642,0.5201127575285043,0.38386259020870206,0.0,6.372680161348399e-14
19.75,0.0,0.09607205835674205,0.007767859144181401,0.5132863557233951,0.3928737267757452,0.0,6.372680161348399e-14
20.0,0.0,0.09479793566598425,0.006885847019228081,0.5065620017667879,0.40175421554806356,0.0,6.372680161348399e-14
20.25,0.0,0.09346812894113911,0.0060843468886785405,0.49994164099578203,0.4105058831744642,0.0,6.394884621840902e-14
20.5,0.0,0.09208231240955211,0.005359492777419388,0.4934276575516701,0.4191305372614222,0.0,6.372680161348399e-14
20.75,0.0,0.09064025964222167,0.004707002723300369,0.48702275687264135,0.4276299807619004,0.0,6.372680161348399e-14
21.0,0.0,0.089141838951568,0.004122285126104187,0.48072985191321704,0.4360060240091746,0.0,6.372680161348399e-14
21.25,0.0,0.08758701424998759,0.003600550057902085,0.4745519398102482,0.44426049588192595,0.0,6.372680161348399e-14
21.5,0.0,0.08597584891742359,0.003136915102536671,0.46849198312996576,0.4523952528501377,0.0,6.372680161348399e-14
21.75,0.0,0.08430851371259279,0.0027265024257164604,0.4625527979742172,0.46041218588753735,0.0,6.372680161348399e-14
22.0,0.0,0.08258529887456413,0.002364523685634002,0.4567369522497379,0.4683132251901276,0.0,6.372680161348399e-14
22.25,0.0,0.08080663056866981,0.002046350713534519,0.451046675982847,0.47610034273501245,0.0,6.372680161348399e-14
22.5,0.0,0.07897309153252222,0.0017675714367552497,0.4454837841463434,0.4837755528844429,0.0,6.372680161348399e-14
22.75,0.0,0.07708544578249915,0.0015240309747768157,0.44004961204194254,0.49134091120084517,0.0,6.372680161348399e-14
23.0,0.0,0.07514466703335373,0.0013118591394685152,0.4347449620657509,0.49879851176149054,0.0,6.372680161348399e-14
23.25,0.0,0.07315197043672146,0.0011274858270226768,0.4295700605076356,0.5061504832286841,0.0,6.372680161348399e-14
23.5,0.0,0.07110884714109676,0.0009676461671346934,0.4245245227660722,0.5133989839257601,0.0,6.372680161348399e-14
23.75,0.0,0.06901710105085812,0.0008293774981512813,0.4196073252885004,0.520546196162554,0.0,6.372680161348399e-14
24.0,0.0,0.06687888713501339,0.0007100097914832953,0.41481678311869835,0.5275943199548687,0.0,6.372680161348399e-14
24.25,0.0,0.06469675038612248,0.0006071514427369627,0.4101505318662362,0.5345455663049681,0.0,6.372680161348399e-14
24.5,0.0,0.06247366446609333,0.000518672040959437,0.40560551332550776,0.5414021501675031,0.0,6.372680161348399e-14
24.75,0.0,0.06021306883732849,0.0004426832251505022,0.40117796480861984,0.548166283128965,0.0,6.372680161348399e-14
25.0,0.0,0.05791890306020553,0.00037751819874097596,0.3968634130058452,0.5548401657352721,0.0,6.372680161348399e-14
25.25,0.0,0.055595636493230495,0.00032171182149637393,0.39265667200997484,0.561425979675362,0.0,6.372680161348399e-14
25.5,0.0,0.053248291679419225,0.0002739805986564462,0.3885518481770937,0.5679258795448945,0.0,6.372680161348399e-14
25.75,0.0,0.05088245919799502,0.0002332038010351205,0.38454235270602083,0.5743419842950129,0.0,6.394884621840902e-14
26.0,0.0,0.04850430167557491,0.00019840581796986336,0.3806209242253838,0.5806763682811352,0.0,6.372680161348399e-14
26.25,0.0,0.04612054460816719,0.0001687392871915962,0.37677966435852406,0.586931051746181,0.0,6.372680161348399e-14
26.5,0.0,0.04373845116721311,0.00014347032059281505,0.3730100875889292,0.5931079909233287,0.0,6.372680161348399e-14
26.75,0.0,0.04136577887023827,0.00012196456378365028,0.3693031890336728,0.599209067532369,0.0,6.372680161348399e-14
27.0,0.0,0.039010715696400175,0.00010367487462259276,0.36564953159315033,0.6052360778358907,0.0,6.372680161348399e-14
27.25,0.0,0.03668179415089151,8.813033896986532e-05,0.362039354187075,0.6111907213231276,0.0,6.394884621840902e-14
27.5,0.0,0.03438778256874252,7.492615315117003e-05,0.35846270213153675,0.6170745891466335,0.0,6.394884621840902e-14
27.75,0.0,0.032137553697770604,6.371513653951752e-05,0.3549095785063187,0.622889152659435,0.0,6.372680161348399e-14
28.0,0.0,0.02993993279560949,5.4199895832780096e-05,0.3513701149689972,0.6286357523396244,0.0,6.394884621840902e-14
28.25,0.0,0.02780352842747147,4.6126106795150345e-05,0.34783475788488755,0.6343155875809099,0.0,6.417089082333405e-14
28.5,0.0,0.025736551602953205,3.9276580602900814e-05,0.3442944638998126,0.6399297079166952,0.0,6.394884621840902e-14
28.75,0.0,0.023746630321653795,3.3466057562802284e-05,0.34074089733712215,0.6454790062837252,0.0,6.394884621840902e-14
29.0,0.0,0.021840628244217772,2.853675129825977e-05,0.3371666200816367,0.6509642149229112,0.0,6.394884621840902e-14
29.25,0.0,0.020024477358376352,2.4354410506938966e-05,0.3335652636460876,0.6563859045850932,0.0,6.394884621840902e-14
29.5,0.0,0.01830303445872675,2.0804953985952798e-05,0.32993167310165644,0.6617444874856949,0.0,6.417089082333405e-14
29.75,0.0,0.016679970808628826,1.779151732221009e-05,0.32626201329103377,0.6670402243830792,0.0,6.394884621840902e-14
30.0,0.0,0.015157702344491956,1.5231951342592022e-05,0.3225538298770571,0.6722732358271724,0.0,6.394884621840902e-14
30.25,0.0,0.013737365246124896,1.3056636555799853e-05,0.3188060607172284,0.677443517400155,0.0,6.417089082333405e-14
30.5,0.0,0.01241883857427313,1.120662461855503e-05,0.3150189962878345,0.6825509585133379,0.0,6.417089082333405e-14
30.75,0.0,0.011200811401710661,9.632029480031062e-06,0.3111941927117072,0.6875953638571662,0.0,6.417089082333405e-14
31.0,0.0,0.01008088966851977,8.290661651295458e-06,0.30733434296068407,0.692576476709209,0.0,6.417089082333405e-14
31.25,0.0,0.009055734107160582,7.146855443807147e-06,0.30344311617231096,0.6974940028651486,0.0,6.394884621840902e-14
31.5,0.0,0.008121219718767734,6.170471040446964e-06,0.2995249756458015,0.7023476341644544,0.0,6.417089082333405e-14
31.75,0.0,0.007272606149128116,5.336043995354066e-06,0.29558498725952176,0.7071370705474188,0.0,6.394884621840902e-14
32.0,0.0,0.006504708881190527,4.6220595074857835e-06,0.29162862928752487,0.7118620397718411,0.0,6.394884621840902e-14
32.25,0.0,0.005812062919383994,4.01034147129511e-06,0.2876616124654709,0.7165223142737379,0.0,6.417089082333405e-14
32.5,0.0,0.00518907171317344,3.4855300789693546e-06,0.2836897180740105,0.7211177246828013,0.0,6.417089082333405e-14
32.75,0.0,0.00463013682257419,3.0346434955663326e-06,0.2797186586174313,0.7256481699165631,0.0,6.417089082333405e-14
33.0,0.0,0.0041297662267174035,2.646702596286999e-06,0.27575396302672495,0.7301136240440255,0.0,6.417089082333405e-14
33.25,0.0,0.003682659836859287,2.312419043621143e-06,0.27180088774870764,0.7345141399954536,0.0,6.417089082333405e-14
33.5,0.0,0.0032837739109688926,2.0239287246033863e-06,0.267864351461795,0.7388498506985757,0.0,6.417089082333405e-14
33.75,0.0,0.0029283655182307487,1.7745688680483428e-06,0.2639488920042183,0.7431209679087469,0.0,6.394884621840902e-14
34.0,0.0,0.002612020078584713,1.5586899150213232e-06,0.2600586419299237,0.7473277793016407,0.0,6.417089082333405e-14
34.25,0.0,0.002330664948845433,1.3714959898645188e-06,0.25619731924697164,0.7514706443082572,0.0,6.417089082333405e-14
34.5,0.0,0.0020805708985307337,1.2089128183024283e-06,0.25236823132069064,0.7555499888680244,0.0,6.417089082333405e-14
34.75,0.0,0.0018583454633828958,1.0674746434602842e-06,0.24857428731108058,0.7595662997509571,0.0,6.417089082333405e-14
35.0,0.0,0.0016609194560687356,9.442303776339949e-07,0.244818017819822,0.7635201184937958,0.0,6.417089082333405e-14
35.25,0.0,0.0014855292326771833,8.366642053341315e-07,0.2411015987909641,0.7674120353122175,0.0,6.417089082333405e-14
35.5,0.0,0.0013296964533529823,7.426279454512539e-07,0.237426877738075,0.7712426831806906,0.0,6.394884621840902e-14
35.75,0.0,0.0011912058504627838,6.60285810502441e-07,0.23379540182680367,0.7750127320369871,0.0,6.394884621840902e-14
36.0,0.0,0.0010680830055566038,5.880663858955282e-07,0.23020844551588712,0.7787228834122344,0.0,6.394884621840902e-14
36.25,0.0,0.0009585722534615753,5.246225872087783e-07,0.2266670377169595,0.7823738654070558,0.0,6.417089082333405e-14
36.5,0.0,0.0008611154551993483,4.6879852414939243e-07,0.22317198765395402,0.7859664280923866,0.0,6.417089082333405e-14
36.75,0.0,0.0007743318997334389,4.196011195461397e-07,0.2197239091771842,0.7895013393220269,0.0,6.417089082333405e-14
37.0,0.0,0.0006969996008393066,3.7617477061893725e-07,0.216323243271714,0.7929793809527401,0.0,6.417089082333405e-14
37.25,0.0,0.0006280380403171338,3.3778237620086946e-07,0.21297027870331486,0.7964013454740558,0.0,6.394884621840902e-14
37.5,0.0,0.0005664924734728941,3.037877148285984e-07,0.20966517072707277,0.7997680330118037,0.0,6.417089082333405e-14
37.75,0.0,0.0005115196411997668,2.736406954273388e-07,0.20640795805327608,0.8030802486648928,0.0,6.417089082333405e-14
38.0,0.0,0.0004623750003601385,2.4686510937117755e-07,0.20319857794786667,0.806338800186728,0.0,6.417089082333405e-14
38.25,0.0,0.0004184012939004769,2.2304820321578495e-07,0.20003687969996153,0.8095444959579989,0.0,6.417089082333405e-14
38.5,0.0,0.00037901818224186327,2.0183149614009586e-07,0.19692263680966043,0.8126981431766657,0.0,6.417089082333405e-14
38.75,0.0,0.0003437132177609955,1.8290329112541054e-07,0.19385555754239098,0.815800546336621,0.0,6.417089082333405e-14
39.0,0.0,0.0003120338158025533,1.6599223683552376e-07,0.19083529428545878,0.8188525059065659,0.0,6.417089082333405e-14
39.25,0.0,0.0002835800677787462,1.5086169131893674e-07,0.18786145189758993,0.8218548171730041,0.0,6.417089082333405e-14
39.5,0.0,0.0002579984764026661,1.3730501727289467e-07,0.18493359494775524,0.8248082692708889,0.0,6.417089082333405e-14
39.75,0.0,0.00023497642957475814,1.2514154414312092e-07,0.18205125407071335,0.8277136443582319,0.0,6.417089082333405e-14
40.0,0.0,0.00021423725893322218,1.1421303244986336e-07,0.17921393162923804,0.8305717168988603,0.0,6.394884621840902e-14
40.25,0.0,0.00019553599199666487,1.0438073417038779e-07,0.17642110654159848,0.8333832530857347,0.0,6.394884621840902e-14
40.5,0.0,0.0001786555697922911,9.552281999133846e-08,0.17367223855874786,0.8361490103487039,0.0,6.417089082333405e-14
40.75,0.0,0.000163403515947949,8.753216022261677e-08,0.17096677200485966,0.8388697369470963,0.0,6.417089082333405e-14
41.0,0.0,0.0001496090359034401,8.031443237463756e-08,0.16830413900481023,0.8415461716449181,0.0,6.417089082333405e-14
41.25,0.0,0.00013712046408076076,7.378648483952058e-08,0.16568376229951845,0.8441790434499801,0.0,6.417089082333405e-14
41.5,0.0,0.00012580298640826944,6.787489761522786e-08,0.16310505773815034,0.8467690714006079,0.0,6.417089082333405e-14
41.75,0.0,0.00011553669378542717,6.25147760978082e-08,0.16056743637364768,0.849316964417855,0.0,6.417089082333405e-14
42.0,0.0,0.00010621483795618554,5.76486821774513e-08,0.15807030632277932,0.8518234211906465,0.0,6.417089082333405e-14
42.25,0.0,9.774230164892982e-05,5.322570991842596e-08,0.15561307437314162,0.8542891300995636,0.0,6.417089082333405e-14
42.5,0.0,9.003426298783317e-05,4.9200688654040724e-08,0.15319514736049028,0.8567147691758973,0.0,6.394884621840902e-14
42.75,0.0,8.301501962869245e-05,4.553348959811358e-08,0.15081593335875948,0.8591010060881863,0.0,6.417089082333405e-14
43.0,0.0,7.661693645591416e-05,4.21884117713555e-08,0.14847484272734174,0.8614484981478546,0.0,6.394884621840902e-14
43.25,0.0,7.077954075417192e-05,3.913365961965592e-08,0.1461712889832428,0.8637578923424075,0.0,6.417089082333405e-14
43.5,0.0,6.544871696780603e-05,3.634088245396909e-08,0.14390468955844504,0.8660298253837688,0.0,6.417089082333405e-14
43.75,0.0,6.057599127299444e-05,3.3784768909783107e-08,0.14167446645367204,0.8682649237703501,0.0,6.417089082333405e-14
44.0,0.0,5.6117906244858336e-05,3.144269539313926e-08,0.13948004678707174,0.8704638038640521,0.0,6.417089082333405e-14
44.25,0.0,5.203547024833788e-05,2.929441890084463e-08,0.13732086325666648,0.8726270719787304,0.0,6.417089082333405e-14
44.5,0.0,4.829366506985127e-05,2.7321804602769423e-08,0.13519635453703358,0.8747553244761561,0.0,6.417089082333405e-14
44.75,0.0,4.4861009183426876e-05,2.550858583137701e-08,0.13310596561266175,0.8768491478696331,0.0,6.417089082333405e-14
45.0,0.0,4.170918316139546e-05,2.384015930356026e-08,0.1310491480388752,0.8789091189378682,0.0,6.417089082333405e-14
45.25,0.0,3.881268554795843e-05,2.2303398460034002e-08,0.12902536017082963,0.8809358048402881,0.0,6.417089082333405e-14
45.5,0.0,3.614853243040866e-05,2.088649138768043e-08,0.1270340673427629,0.8829297632383795,0.0,6.417089082333405e-14
45.75,0.0,3.369599194154567e-05,1.9578798233473556e-08,0.12507474200836158,0.8848915424209628,0.0,6.417089082333405e-14
46.0,0.0,3.1436348688335464e-05,1.8370725358006378e-08,0.12314686384834382,0.8868216814323067,0.0,6.417089082333405e-14
46.25,0.0,2.9352691173168527e-05,1.7253612531016597e-08,0.12124991985390113,0.8887207102013773,0.0,6.417089082333405e-14
46.5,0.0,2.7429723904732454e-05,1.621963356728786e-08,0.11938340438331986,0.8905891496732059,0.0,6.417089082333405e-14
46.75,0.0,2.5653604765927874e-05,1.5261710445634233e-08,0.11754681919075187,0.8924275119428359,0.0,6.417089082333405e-14
47.0,0.0,2.401179427667624e-05,1.4373434368163063e-08,0.11573967344434467,0.8942363003880084,0.0,6.417089082333405e-14
47.25,0.0,2.249292360083179e-05,1.3548996778249607e-08,0.11396148372443597,0.8960160098030305,0.0,6.417089082333405e-14
47.5,0.0,2.108667714331569e-05,1.2783128157027607e-08,0.11221177400701193,0.8977671265327808,0.0,6.417089082333405e-14
47.75,0.0,1.9783687983714415e-05,1.2071043678068942e-08,0.11049007563452211,0.8994901286065147,0.0,6.417089082333405e-14
48.0,0.0,1.8575443454603e-05,1.1408394379498251e-08,0.10879592727738863,0.9011854858708266,0.0,6.417089082333405e-14
48.25,0.0,1.7454199321139488e-05,1.0791223010950873e-08,0.10712887488803102,0.9028536601214889,0.0,6.417089082333405e-14
48.5,0.0,1.6412907109526926e-05,1.0215926400735036e-08,0.10548847164122714,0.9044951052358011,0.0,6.417089082333405e-14
48.75,0.0,1.5445145747691733e-05,9.67922043425866e-09,0.10387427787236099,0.906110267302735,0.0,6.417089082333405e-14
49.0,0.0,1.4545060960446466e-05,9.178109026032652e-09,0.10228586100881508,0.9076995847521796,0.0,6.417089082333405e-14
49.25,0.0,1.3707311112167927e-05,8.709856425137654e-09,0.10072279549612144,0.9092634884829741,0.0,6.417089082333405e-14
49.5,0.0,1.2927018841050278e-05,8.271962498745831e-09,0.09918466271961894,0.9108024019896417,0.0,6.417089082333405e-14
49.75,0.0,1.2199727577666392e-05,7.862140559336329e-09,0.09767105092269965,0.9123167414876463,0.0,6.417089082333405e-14
50.0,0.0,1.1521361942705344e-05,7.47829725952045e-09,0.0961815551228581,0.9138069160369662,0.0,6.417089082333405e-14
50.25,0.0,1.0888191585096366e-05,7.118514307063302e-09,0.09471577702601726,0.9152733276639475,0.0,6.417089082333405e-14
50.5,0.0,1.0296800723720616e-05,6.781032864884384e-09,0.09327332493610008,0.9167163714822075,0.0,6.417089082333405e-14
50.75,0.0,9.74405881961118e-06,6.464238761624414e-09,0.09185381366575525,0.9181364358112506,0.0,6.417089082333405e-14
51.0,0.0,9.227094644143273e-06,6.166649373851478e-09,0.09045686444517369,0.919533902293597,0.0,6.417089082333405e-14
51.25,0.0,8.743272938494489e-06,5.886901820597603e-09,0.08908210482999993,0.920909146010224,0.0,6.417089082333405e-14
51.5,0.0,8.29017340171003e-06,5.623742333653439e-09,0.08772916860862083,0.9222625355942993,0.0,6.417089082333405e-14
51.75,0.0,7.865571689403377e-06,5.376016654476416e-09,0.08639769570917455,0.9235944333431836,0.0,6.417089082333405e-14
52.0,0.0,7.467422055559796e-06,5.142661288844909e-09,0.08508733210668601,0.9249051953286613,0.0,6.417089082333405e-14
52.25,0.0,7.0938414611738265e-06,4.9226955232385625e-09,0.08379772973050335,0.9261951715054042,0.0,6.417089082333405e-14
52.5,0.0,6.743095889619495e-06,4.715214463623348e-09,0.08252854637109423,0.9274647058178659,0.0,6.417089082333405e-14
52.75,0.0,6.4135873080335925e-06,4.519382489279442e-09,0.08127944558807429,0.9287141363052994,0.0,6.417089082333405e-14
53.0,0.0,6.103842013167507e-06,4.334427380336037e-09,0.08005009661851155,0.9299437952051121,0.0,6.417089082333405e-14
53.25,0.0,5.812500073849799e-06,4.159634994322605e-09,0.07884017428583788,0.9311540090545175,0.0,6.417089082333405e-14
53.5,0.0,5.53830576571716e-06,3.994344438557981e-09,0.07764935890946371,0.9323450987904903,0.0,6.417089082333405e-14
53.75,0.0,5.280098873277797e-06,3.837943680698337e-09,0.07647733621520066,0.9335173798480465,0.0,6.417089082333405e-14
54.0,0.0,5.0368067176181e-06,3.6898655334851393e-09,0.07532379724661678,0.9346711622568642,0.0,6.417089082333405e-14
54.25,0.0,4.807436835903534e-06,3.5495839743930824e-09,0.0741884382773831,0.9358067507362612,0.0,6.417089082333405e-14
54.5,0.0,4.591070565188211e-06,3.41661088252305e-09,0.07307096072434643,0.9369244447885416,0.0,6.417089082333405e-14
54.75,0.0,4.38685697004144e-06,3.2904929829106007e-09,0.07197107106186096,0.9380245387907402,0.0,6.417089082333405e-14
55.0,0.0,4.19400736525187e-06,3.170809079688099e-09,0.07088848073710302,0.9391073220847869,0.0,6.417089082333405e-14
55.25,0.0,4.011790324668079e-06,3.057167531645401e-09,0.06982290608646936,0.9401730790661026,0.0,6.417089082333405e-14
55.5,0.0,3.839527132580799e-06,2.9492039482017227e-09,0.06877406825308587,0.9412220892706418,0.0,6.417089082333405e-14
55.75,0.0,3.676587626142018e-06,2.8465790821871987e-09,0.06774169310544459,0.9422546274604143,0.0,6.417089082333405e-14
56.0,0.0,3.5223863713703856e-06,2.7489768937097253e-09,0.06672551115719258,0.9432709637075233,0.0,6.417089082333405e-14
56.25,0.0,3.3763791405106034e-06,2.6561027682090126e-09,0.0657252574880858,0.9442713634767351,0.0,6.417089082333405e-14
56.5,0.0,3.2380597804023993e-06,2.567681915701583e-09,0.06474067166606748,0.9452560877065344,0.0,6.417089082333405e-14
56.75,0.0,3.1069572604654645e-06,2.483457874272315e-09,0.06377149767054688,0.9462253928887989,0.0,6.417089082333405e-14
57.0,0.0,2.9826329892403894e-06,2.4031911444347125e-09,0.06281748381682946,0.9471795311470543,0.0,6.417089082333405e-14
57.25,0.0,2.8646783559692185e-06,2.3266579358868215e-09,0.06187838268171688,0.9481187503133334,0.0,6.417089082333405e-14
57.5,0.0,2.7527124781262364e-06,2.2536490170691417e-09,0.06095395103027716,0.9490432940036598,0.0,6.417089082333405e-14
57.75,0.0,2.6463801326819294e-06,2.1839686573519617e-09,0.06004394974377268,0.9499534016921901,0.0,6.417089082333405e-14
58.0,0.0,2.545349846672333e-06,2.1174336509213437e-09,0.05914814374873285,0.950849308784051,0.0,6.417089082333405e-14
58.25,0.0,2.449312132444995e-06,2.0538724147588663e-09,0.05826630194716767,0.9517312466868917,0.0,6.417089082333405e-14
58.5,0.0,2.357977900555395e-06,1.9931241698040326e-09,0.05739819714795361,0.9525994428810859,0.0,6.417089082333405e-14
58.75,0.0,2.271076966785713e-06,1.93503817547328e-09,0.05654360599931653,0.9534541209887427,0.0,6.417089082333405e-14
59.0,0.0,2.1883566858976415e-06,1.87947302646935e-09,0.05570230892243618,0.9542955008414691,0.0,6.417089082333405e-14
59.25,0.0,2.109580693828369e-06,1.826296004084321e-09,0.05487409004616175,0.9551237985469127,0.0,6.417089082333405e-14
59.5,0.0,2.0345277496007686e-06,1.7753824776025444e-09,0.05405873714282999,0.9559392265541021,0.0,6.417089082333405e-14
59.75,0.0,1.96299066694829e-06,1.7266153512043003e-09,0.053256041565163066,0.9567419937176188,0.0,6.417089082333405e-14
60.0,0.0,1.8947753247962024e-06,1.6798845514862413e-09,0.052465798184221604,0.9575323053606333,0.0,6.417089082333405e-14
60.25,0.0,1.8296997497100729e-06,1.6350865520286376e-09,0.05168780532840323,0.9583103633368247,0.0,6.417089082333405e-14
60.5,0.0,1.7675932828106747e-06,1.592123938101031e-09,0.05092186472353778,0.9590763660911197,0.0,6.417089082333405e-14
60.75,0.0,1.7082957966660989e-06,1.5509049993304106e-09,0.050167781433960536,0.959830508719402,0.0,6.417089082333405e-14
61.0,0.0,1.651656974485527e-06,1.511343353362155e-09,0.049425363804609115,0.9605729830271372,0.0,6.417089082333405e-14
61.25,0.0,1.5975356435514775e-06,1.4733575970396689e-09,0.04869442340412457,0.9613039775869384,0.0,6.417089082333405e-14
61.5,0.0,1.545799158736606e-06,1.4368709830003334e-09,0.04797477496894525,0.9620236777950892,0.0,6.417089082333405e-14
61.75,0.0,1.4963228314221634e-06,1.401811119515001e-09,0.04726623634836871,0.9627322659270529,0.0,6.417089082333405e-14
62.0,0.0,1.4489893987875919e-06,1.3681096912862714e-09,0.04656862845055523,0.9634299211920004,0.0,6.417089082333405e-14
62.25,0.0,1.4036885301122813e-06,1.3357021994630633e-09,0.04588177518946108,0.9641168197863708,0.0,6.417089082333405e-14
62.5,0.0,1.3603163749442895e-06,1.3045277219085768e-09,0.045205503432755284,0.9647931349464062,0.0,6.417089082333405e-14
62.75,0.0,1.3187751382917188e-06,1.2745286885046929e-09,0.04453964295059618,0.965459036999801,0.0,6.417089082333405e-14
63.0,0.0,1.2789726876089734e-06,1.2456506725065694e-09,0.04388402636531617,0.9661146934164097,0.0,6.417089082333405e-14
63.25,0.0,1.2408221878622814e-06,1.2178421963212322e-09,0.04323848910199382,0.9667602688580403,0.0,6.417089082333405e-14
63.5,0.0,1.2042417626237495e-06,1.1910545506633725e-09,0.04260286933990136,0.9673959252273456,0.0,6.417089082333405e-14
63.75,0.0,1.1691541789181602e-06,1.165241626019561e-09,0.04197700796480451,0.9680218217158392,0.0,6.417089082333405e-14
64.0,0.0,1.1354865534005022e-06,1.1403597553061354e-09,0.04136074852208889,0.9686381148510621,0.0,6.417089082333405e-14
64.25,0.0,1.1031700781722308e-06,1.116367566839033e-09,0.04075393717070197,0.9692449585429165,0.0,6.417089082333405e-14
64.5,0.0,1.0721397681545976e-06,1.0932258479426648e-09,0.04015642263795989,0.9698425041291103,0.0,6.417089082333405e-14
64.75,0.0,1.0423342233750328e-06,1.0708974168589328e-09,0.03956805617510428,0.9704309004198391,0.0,6.417089082333405e-14
65.0,0.0,1.0136954080462834e-06,1.0493470032752547e-09,0.03898869151365424,0.9710102937416548,0.0,6.417089082333405e-14
65.25,0.0,9.86168444654252e-07,1.028541136675528e-09,0.038418184822533445,0.9715808279805449,0.0,6.417089082333405e-14
65.5,0.0,9.597014220072396e-07,1.0084480419735914e-09,0.03785639466596163,0.9721426446242325,0.0,6.417089082333405e-14
65.75,0.0,9.342452161017676e-07,9.890375418835363e-10,0.03730318196208919,0.9726958828037213,0.0,6.417089082333405e-14
66.0,0.0,9.097533225964144e-07,9.702809654616044e-10,0.03675840994235194,0.9732406793341086,0.0,6.417089082333405e-14
66.25,0.0,8.861817000149448e-07,9.521510623583712e-10,0.03622194411153585,0.9737771687546772,0.0,6.417089082333405e-14
66.5,0.0,8.634886244426106e-07,9.346219228662502e-10,0.035693652208595356,0.9743054833682224,0.0,6.417089082333405e-14
66.75,0.0,8.416345526301095e-07,9.176689026682024e-10,0.03517340416812301,0.9748257532797195,0.0,6.417089082333405e-14
67.0,0.0,8.205819942511335e-07,9.012685523702787e-10,0.03466107208251059,0.9753381064342908,0.0,6.417089082333405e-14
67.25,0.0,8.002953924236775e-07,8.853985514121273e-10,0.03415653016478361,0.9758426686544895,0.0,6.417089082333405e-14
67.5,0.0,7.807410119432582e-07,8.700376460670473e-10,0.03365965471209967,0.9763395636769149,0.0,6.417089082333405e-14
67.75,0.0,7.618868346333271e-07,8.551655912433086e-10,0.03317032406989159,0.9768289131881723,0.0,6.417089082333405e-14
68.0,0.0,7.43702461189443e-07,8.407630957897914e-10,0.032688418596635696,0.9773108368602041,0.0,6.417089082333405e-14
68.25,0.0,7.261590190476051e-07,8.268117710570183e-10,0.032213820629235355,0.9777854523849979,0.0,6.417089082333405e-14
68.5,0.0,7.092290765790366e-07,8.13294082720634e-10,0.031746414449058506,0.9782528755086349,0.0,6.417089082333405e-14
68.75,0.0,6.928865621277181e-07,8.001933053346411e-10,0.0312860862485392,0.9787132200647695,0.0,6.417089082333405e-14
69.0,0.0,6.77106688184683e-07,7.874934796211418e-10,0.030832724098378582,0.9791665980075038,0.0,6.417089082333405e-14
69.25,0.0,6.618658802393871e-07,7.751793722818686e-10,0.030386217915329125,0.9796131194436754,0.0,6.417089082333405e-14
69.5,0.0,6.47141710008809e-07,7.632364381728267e-10,0.02994645943055375,0.9800528926645639,0.0,6.394884621840902e-14
69.75,0.0,6.32912832725951e-07,7.516507846848576e-10,0.029513342158543343,0.9804860241770372,0.0,6.417089082333405e-14
70.0,0.0,6.191589281560524e-07,7.404091381689719e-10,0.029086761366575342,0.9809126187341515,0.0,6.417089082333405e-14
70.25,0.0,6.058606450827406e-07,7.294988122682234e-10,0.02866661404470502,0.9813327793652151,0.0,6.394884621840902e-14
70.5,0.0,5.929995493802416e-07,7.189076781419498e-10,0.028252798876322545,0.9817466074052845,0.0,6.417089082333405e-14
70.75,0.0,5.805580749343355e-07,7.086241363130865e-10,0.027845216209198206,0.9821542025241669,0.0,6.417089082333405e-14
71.0,0.0,5.685194775244136e-07,6.986370901247344e-10,0.027443768027046195,0.9825556627549032,0.0,6.394884621840902e-14
71.25,0.0,5.568677914213165e-07,6.889359206885058e-10,0.02704835792159293,0.9829510845217438,0.0,6.417089082333405e-14
71.5,0.0,5.455877885341627e-07,6.795104632348679e-10,0.02665889106514264,0.9833405626676225,0.0,6.417089082333405e-14
71.75,0.0,5.346649399309477e-07,6.703509847772389e-10,0.02627527418362585,0.9837241904811473,0.0,6.417089082333405e-14
72.0,0.0,5.240853795513011e-07,6.6144816299972e-10,0.025897415530115882,0.9841020597231205,0.0,6.417089082333405e-14
72.25,0.0,5.138358699663124e-07,6.527930662896341e-10,0.025525224858805953,0.9844742606525951,0.0,6.417089082333405e-14
72.5,0.0,5.039037702266644e-07,6.443771348981174e-10,0.02515861339947539,0.9848408820524414,0.0,6.417089082333405e-14
72.75,0.0,4.942770054211055e-07,6.361921630877008e-10,0.024797493832378073,0.9852020112544885,0.0,6.417089082333405e-14
73.0,0.0,4.849440379848367e-07,6.282302822506094e-10,0.024441780263579106,0.9855577341642168,0.0,6.417089082333405e-14
73.25,0.0,4.7589384062290905e-07,6.204839449314985e-10,0.024091388200727797,0.9859081352850118,0.0,6.417089082333405e-14
73.5,0.0,4.671158707533454e-07,6.129459097025022e-10,0.023746234529260366,0.9862532977419871,0.0,6.417089082333405e-14
73.75,0.0,4.5860004637099355e-07,6.056092268396955e-10,0.023406237489020282,0.9865933033053882,0.0,6.417089082333405e-14
74.0,0.0,4.5033672322997915e-07,5.984672247491679e-10,0.023071316651283036,0.9869282324135906,0.0,6.417089082333405e-14
74.25,0.0,4.4231667326114593e-07,5.915134970966255e-10,0.022741392896179338,0.987258164195698,0.0,6.417089082333405e-14
74.5,0.0,4.3453106423625195e-07,5.847418906264635e-10,0.02241638839054077,0.9875831764937172,0.0,6.417089082333405e-14
74.75,0.0,4.2697144047937655e-07,5.781464935938951e-10,0.022096226566110693,0.9879033458843665,0.0,6.417089082333405e-14
75.0,0.0,4.196297046366112e-07,5.717216247965094e-10,0.02178083209814258,0.9882187477004952,0.0,6.417089082333405e-14
75.25,0.0,4.124981004277592e-07,5.654618231667961e-10,0.021470130884375452,0.9885294560521264,0.0,6.417089082333405e-14
75.5,0.0,4.055691963243286e-07,5.593618378946418e-10,0.021164050024380862,0.988835543847125,0.0,6.394884621840902e-14
75.75,0.0,3.988358700965144e-07,5.534166190496995e-10,0.020862517799270796,0.9891370828115066,0.0,6.417089082333405e-14
76.0,0.0,3.922912941702853e-07,5.476213086730789e-10,0.020565463651755406,0.9894341435093932,0.0,6.417089082333405e-14
76.25,0.0,3.859289217453157e-07,5.419712323107938e-10,0.020272818166545022,0.9897267953626261,0.0,6.417089082333405e-14
76.5,0.0,3.7974247367457827e-07,5.364618909784097e-10,0.019984513051117387,0.9900151066700111,0.0,6.417089082333405e-14
76.75,0.0,3.7372592599726963e-07,5.310889535141656e-10,0.019700481116800717,0.9902991446262484,0.0,6.394884621840902e-14
77.0,0.0,3.678734981256257e-07,5.258482493103509e-10,0.019420656260191765,0.9905789753405259,0.0,6.394884621840902e-14
77.25,0.0,3.6217964164137996e-07,5.207357614000372e-10,0.01914497344489986,0.9908546638547868,0.0,6.417089082333405e-14
77.5,0.0,3.5663902966857096e-07,5.157476198803208e-10,0.01887336868361216,0.9911262741616745,0.0,6.394884621840902e-14
77.75,0.0,3.5124654678876543e-07,5.108800956538573e-10,0.018605779020471096,0.9913938692221661,0.0,6.417089082333405e-14
78.0,0.0,3.45997279463949e-07,5.061295944702425e-10,0.0183421425137542,0.9916575109829008,0.0,6.394884621840902e-14
78.25,0.0,3.408865069374551e-07,5.014926512503886e-10,0.01808239821885181,0.9919172603932126,0.0,6.394884621840902e-14
78.5,0.0,3.3590969261022804e-07,4.969659246863477e-10,0.01782648617156036,0.9921731774218452,0.0,6.417089082333405e-14
78.75,0.0,3.310624758320386e-07,4.925461920919618e-10,0.017574347371649018,0.992425321073393,0.0,6.394884621840902e-14
79.0,0.0,3.263406641048789e-07,4.882303444970363e-10,0.017325923766715948,0.9926737494044536,0.0,6.394884621840902e-14
79.25,0.0,3.217402256722515e-07,4.840153819710767e-10,0.017081158236326565,0.9929185195394964,0.0,6.394884621840902e-14
79.5,0.0,3.172572824740492e-07,4.798984091648907e-10,0.016839994576429578,0.9931596876864536,0.0,6.394884621840902e-14
79.75,0.0,3.1288810344650113e-07,4.75876631058791e-10,0.016602377484043057,0.9933973091520409,0.0,6.417089082333405e-14
80.0,0.0,3.086290981462281e-07,4.7194734890601e-10,0.01636825254220216,0.9936314383568164,0.0,6.417089082333405e-14
80.25,0.0,3.0447681068023665e-07,4.681079563608213e-10,0.01613756620516454,0.9938621288499809,0.0,6.417089082333405e-14
80.5,0.0,3.0042791393848773e-07,4.643559357860891e-10,0.015910265783888645,0.9940894333239055,0.0,6.394884621840902e-14
80.75,0.0,2.964792040945289e-07,4.60688854725647e-10,0.015686299431748662,0.9943134036284225,0.0,6.417089082333405e-14
81.0,0.0,2.926275953708358e-07,4.5710436253640685e-10,0.015465616130500008,0.9945340907848643,0.0,6.394884621840902e-14
81.25,0.0,2.8887011505289764e-07,4.5360018717149424e-10,0.015248165676488819,0.9947515449998601,0.0,6.417089082333405e-14
81.5,0.0,2.852038987394305e-07,4.5017413210701364e-10,0.015033898667101843,0.9949658156788894,0.0,6.417089082333405e-14
81.75,0.0,2.8162618581605133e-07,4.468240734053326e-10,0.014822766487449974,0.9951769514396043,0.0,6.417089082333405e-14
82.0,0.0,2.7813431513951755e-07,4.435479569077101e-10,0.014614721297278279,0.9953850001249227,0.0,6.417089082333405e-14
82.25,0.0,2.7472572092118037e-07,4.4034379554959617e-10,0.01440971601809912,0.9955900088159003,0.0,6.417089082333405e-14
82.5,0.0,2.713979288066227e-07,4.3720966679494754e-10,0.014207704320561319,0.9957920238443643,0.0,6.394884621840902e-14
82.75,0.0,2.6814855213128213e-07,4.3414371018066777e-10,0.014008640612024281,0.995991090805344,0.0,6.417089082333405e-14
83.0,0.0,2.6497528834906454e-07,4.3114412496764415e-10,0.013812480024349046,0.9961872545692826,0.0,6.417089082333405e-14
83.25,0.0,2.6187591562405207e-07,4.282091678928469e-10,0.01361917840190051,0.9963805592940388,0.0,6.417089082333405e-14
83.5,0.0,2.5884828957732263e-07,4.2533715101772634e-10,0.013428692289757809,0.9965710484366797,0.0,6.417089082333405e-14
83.75,0.0,2.5589034018091826e-07,4.225264396683366e-10,0.013240978922127005,0.9967587647650705,0.0,6.417089082333405e-14
84.0,0.0,2.5300006879087385e-07,4.197754504625775e-10,0.013055996210949947,0.99694375036927,0.0,6.417089082333405e-14
84.25,0.0,2.501755453120918e-07,4.1708264942024207e-10,0.01287370273470633,0.9971260466727299,0.0,6.417089082333405e-14
84.5,0.0,2.474149054926235e-07,4.1444655015334635e-10,0.012694057727420069,0.997305694443292,0.0,6.417089082333405e-14
84.75,0.0,2.4471634833526297e-07,4.1186571213118676e-10,0.012517021067843338,0.9974827338040068,0.0,6.417089082333405e-14
85.0,0.0,2.4207813362405344e-07,4.093387390176912e-10,0.012342553268828431,0.9976572042437634,0.0,6.417089082333405e-14
85.25,0.0,2.3949857955945285e-07,4.068642770774788e-10,0.012170615466882579,0.9978291446277378,0.0,6.417089082333405e-14
85.5,0.0,2.369760604970235e-07,4.0444101364750735e-10,0.012001169411903096,0.9979985932076596,0.0,6.417089082333405e-14
85.75,0.0,2.3450900478455052e-07,4.020676756713181e-10,0.011834177457087766,0.9981655876319039,0.0,6.417089082333405e-14
86.0,0.0,2.320958926924255e-07,3.997430282928643e-10,0.011669602549015265,0.9983301649554132,0.0,6.417089082333405e-14
86.25,0.0,2.29735254432635e-07,3.9746587350709e-10,0.011507408217892982,0.9984923616494509,0.0,6.417089082333405e-14
86.5,0.0,2.274256682644875e-07,3.952350488655183e-10,0.011347558567981844,0.998652213611179,0.0,6.417089082333405e-14
86.75,0.0,2.2516575867968162e-07,3.930494262332913e-10,0.011190018268175148,0.9988097561730809,0.0,6.417089082333405e-14
87.0,0.0,2.2295419466488467e-07,3.9090791059598347e-10,0.011034752542740197,0.9989650241122214,0.0,6.417089082333405e-14
87.25,0.0,2.2078968803779957e-07,3.888094389138242e-10,0.010881727162218533,0.9991180516593482,0.0,6.417089082333405e-14
87.5,0.0,2.1867099185336357e-07,3.867529790212543e-10,0.010730908434482399,0.9992688725078369,0.0,6.417089082333405e-14
87.75,0.0,2.165968988767659e-07,3.847375285698259e-10,0.010582263195943234,0.9994175198224846,0.0,6.417089082333405e-14
88.0,0.0,2.1456624011993077e-07,3.827621140124439e-10,0.010435758802907513,0.9995640262481544,0.0,6.417089082333405e-14
88.25,0.0,2.1257788343840944e-07,3.8082578962705733e-10,0.0102913631230778,0.9997084239182772,0.0,6.417089082333405e-14
88.5,0.0,2.1063073218729096e-07,3.789276365785967e-10,0.010149044527207194,0.9998507444631972,0.0,6.417089082333405e-14
88.75,0.0,2.0872372393151295e-07,3.7706676201682635e-10,0.010008771880887394,0.9999910190183862,0.0,6.417089082333405e-14
89.0,0.0,2.068558292092119e-07,3.7524229820894966e-10,0.009870514536477961,1.0001292782325146,0.0,6.417089082333405e-14
89.25,0.0,2.0502605034548186e-07,3.734534017053843e-10,0.009734242325173097,1.0002655522753874,0.0,6.417089082333405e-14
89.5,0.0,2.0323342031431576e-07,3.716992525373056e-10,0.009599925549203987,1.0003998708457407,0.0,6.417089082333405e-14
89.75,0.0,2.0147700164654054e-07,3.69979053444614e-10,0.009467534974172959,1.0005322631789104,0.0,6.417089082333405e-14
90.0,0.0,1.9975588538153465e-07,3.6829202913297453e-10,0.009337041821515556,1.0006627580543712,0.0,6.417089082333405e-14
90.25,0.0,1.9806919006069399e-07,3.666374255586479e-10,0.009208417761088557,1.0007913838031481,0.0,6.417089082333405e-14
90.5,0.0,1.9641606076162408e-07,3.6501450924027767e-10,0.009081634903891063,1.0009181683150978,0.0,6.417089082333405e-14
90.75,0.0,1.9479566817011921e-07,3.6342256659607143e-10,0.008956665794901585,1.001043139046072,0.0,6.417089082333405e-14
91.0,0.0,1.9320720768892906e-07,3.618609033055696e-10,0.00883348340603763,1.001166323024958,0.0,6.417089082333405e-14
91.25,0.0,1.916498985815663e-07,3.60328843694925e-10,0.008712061129234693,1.001287746860602,0.0,6.417089082333405e-14
91.5,0.0,1.9012298314965688e-07,3.588257301447331e-10,0.008592372769642826,1.0014074367486125,0.0,6.417089082333405e-14
91.75,0.0,1.8862572594236695e-07,3.573509225194927e-10,0.00847439253893771,1.0015254184780495,0.0,6.417089082333405e-14
92.0,0.0,1.8715741299642526e-07,3.559037976177701e-10,0.00835809504874272,1.0016417174380048,0.0,6.439293542825908e-14
92.25,0.0,1.8571735110536957e-07,3.5448374864218784e-10,0.008243455304160404,1.001756358624069,0.0,6.417089082333405e-14
92.5,0.0,1.8430486711727063e-07,3.53090184688657e-10,0.008130448697419405,1.0018693666446874,0.0,6.417089082333405e-14
92.75,0.0,1.8291930725902707e-07,3.5172253025378217e-10,0.008019051001622163,1.0019807657274122,0.0,6.417089082333405e-14
93.0,0.0,1.815600364865037e-07,3.5038022475987986e-10,0.007909238364599017,1.0020905797250486,0.0,6.417089082333405e-14
93.25,0.0,1.8022643785933437e-07,3.4906272209686413e-10,0.007800987302865958,1.0021988321216977,0.0,6.417089082333405e-14
93.5,0.0,1.789179119393699e-07,3.477694901803363e-10,0.007694274695684532,1.0023055460386983,0.0,6.417089082333405e-14
93.75,0.0,1.7763387621177326e-07,3.4650001052523827e-10,0.007589077779221198,1.0024107442404668,0.0,6.417089082333405e-14
94.0,0.0,1.7637376452775786e-07,3.4525377783442514e-10,0.007485374140803104,1.0025144491402427,0.0,6.417089082333405e-14
94.25,0.0,1.7513702656803107e-07,3.440302996015477e-10,0.007383141713268955,1.0026166828057383,0.0,6.417089082333405e-14
94.5,0.0,1.7392312732639933e-07,3.428290957278362e-10,0.007282358769420087,1.0027174669646877,0.0,6.417089082333405e-14
94.75,0.0,1.7273154661227666e-07,3.4164969815204016e-10,0.007183003916559211,1.0028168230103087,0.0,6.417089082333405e-14
95.0,0.0,1.7156177857156666e-07,3.404916504931312e-10,0.007085056091121574,1.0029147720066725,0.0,6.417089082333405e-14
95.25,0.0,1.704133312251129e-07,3.393545077052481e-10,0.006988494553396202,1.0030113346939822,0.0,6.417089082333405e-14
95.5,0.0,1.6928572602401358e-07,3.3823783574441766e-10,0.006893298882335931,1.0031065314937644,0.0,6.417089082333405e-14
95.75,0.0,1.681784974211143e-07,3.371412112466013e-10,0.006799448970453849,1.0032003825139717,0.0,6.417089082333405e-14
96.0,0.0,1.6709119245798744e-07,3.360642212166144e-10,0.0067069250188036295,1.003292907554004,0.0,6.439293542825908e-14
96.25,0.0,1.6602337036675007e-07,3.350064627274885e-10,0.006615707532042478,1.003384126109645,0.0,6.439293542825908e-14
96.5,0.0,1.6497460218632384e-07,3.3396754262998993e-10,0.006525777313581196,1.0034740573779133,0.0,6.417089082333405e-14
96.75,0.0,1.6394447039229234e-07,3.3294707727176596e-10,0.0064371154608105,1.0035627202618362,0.0,6.417089082333405e-14
97.0,0.0,1.6293256853997036e-07,3.3194469222584025e-10,0.0063497033604077,1.0036501333751433,0.0,6.417089082333405e-14
97.25,0.0,1.6193850092012722e-07,3.3096002202809047e-10,0.0062635226837217065,1.0037363150468817,0.0,6.439293542825908e-14
97.5,0.0,1.6096188222687301e-07,3.2999270992337634e-10,0.006178555382235269,1.003821283325954,0.0,6.439293542825908e-14
97.75,0.0,1.6000233723722903e-07,3.2904240761999765e-10,0.0060947836831023675,1.0039050559855822,0.0,6.417089082333405e-14
98.0,0.0,1.5905950050190147e-07,3.281087750521589e-10,0.006012190084758586,1.0039876505276963,0.0,6.417089082333405e-14
98.25,0.0,1.581330160468041e-07,3.2719148015013577e-10,0.00593075735260337,1.0040690841872533,0.0,6.417089082333405e-14
98.5,0.0,1.5722253708504115e-07,3.2629019861794144e-10,0.005850468514758034,1.0041493739364789,0.0,6.417089082333405e-14
98.75,0.0,1.5632772573877348e-07,3.2540461371810845e-10,0.005771306857890159,1.0042285364890438,0.0,6.417089082333405e-14
99.0,0.0,1.5544825277068764e-07,3.245344160633922e-10,0.0056932559231079,1.004306588304169,0.0,6.417089082333405e-14
99.25,0.0,1.5458379732467597e-07,3.23679303415131e-10,0.005616299501922479,1.0043835455906651,0.0,6.417089082333405e-14
99.5,0.0,1.537340466753816e-07,3.2283898048802617e-10,0.005540421632277853,1.0044594243109006,0.0,6.417089082333405e-14
99.75,0.0,1.5289869598627048e-07,3.2201315876110965e-10,0.005465606594645832,1.0045342401847093,0.0,6.417089082333405e-14
100.0,0.0,1.520774480758917e-07,3.21201556294668e-10,0.005391838908184713,1.0046080086932299,0.0,6.417089082333405e-14
100.25,0.0,1.5127001319200458e-07,3.2040389755290186e-10,0.005319103326960505,1.0046807450826867,0.0,6.417089082333405e-14
100.5,0.0,1.5047610879336107e-07,3.196199132321793e-10,0.005247384836234078,1.0047524643681014,0.0,6.417089082333405e-14
100.75,0.0,1.4969545933874382e-07,3.1884934009459994e-10,0.005176668648806132,1.0048231813369495,0.0,6.417089082333405e-14
101.0,0.0,1.4892779608305444e-07,3.180919208067327e-10,0.005106940201423048,1.0048929105527533,0.0,6.439293542825908e-14
101.25,0.0,1.4817285688017467e-07,3.1734740378333485e-10,0.005038185151242115,1.0049616663586178,0.0,6.417089082333405e-14
101.5,0.0,1.4743038599235263e-07,3.166155430358812e-10,0.0049703893723552495,1.0050294628807075,0.0,6.417089082333405e-14
101.75,0.0,1.4670013390587415e-07,3.158960980257345e-10,0.004903538952369731,1.0050963140316647,0.0,6.439293542825908e-14
102.0,0.0,1.459818571527772e-07,3.151888335217876e-10,0.004837620189044268,1.005162233513974,0.0,6.439293542825908e-14
102.25,0.0,1.452753181383799e-07,3.144935194624179e-10,0.004772619586979601,1.0052272348232731,0.0,6.439293542825908e-14
102.5,0.0,1.445802849744664e-07,3.138099308216528e-10,0.004708523854366496,1.005291331251603,0.0,6.439293542825908e-14
102.75,0.0,1.4389653131784988e-07,3.131378474793364e-10,0.004645319899784166,1.0053545358906109,0.0,6.417089082333405e-14
103.0,0.0,1.4322383621416156e-07,3.124770540951981e-10,0.004582994829051722,1.0054168616346992,0.0,6.417089082333405e-14
103.25,0.0,1.4256198394666689e-07,3.118273399866838e-10,0.004521535942131363,1.0054783211841216,0.0,6.417089082333405e-14
103.5,0.0,1.4191076388993058e-07,3.111884990104239e-10,0.0044609307300825535,1.0055389270480293,0.0,6.417089082333405e-14
103.75,0.0,1.4126997036815738e-07,3.1056032944721405e-10,0.004401166872065887,1.0055986915474677,0.0,6.439293542825908e-14
104.0,0.0,1.4063940251803423e-07,3.09942633890383e-10,0.004342232232395191,1.005657626818324,0.0,6.417089082333405e-14
104.25,0.0,1.4001886415590842e-07,3.093352191374318e-10,0.004284114857637171,1.0057157448142278,0.0,6.439293542825908e-14
104.5,0.0,1.3940816364918636e-07,3.0873789608487275e-10,0.0042268029737610804,1.0057730573094017,0.0,6.439293542825908e-14
104.75,0.0,1.3880711379175335e-07,3.081504796261066e-10,0.004170284983332367,1.0058295759014675,0.0,6.417089082333405e-14
105.0,0.0,1.3821553168330218e-07,3.0757278855227126e-10,0.004114549462752554,1.0058853120142073,0.0,6.439293542825908e-14
105.25,0.0,1.3763323861242723e-07,3.0700464545595585e-10,0.0040595851595442555,1.0059402769002768,0.0,6.417089082333405e-14
105.5,0.0,1.370600599433537e-07,3.0644587663768856e-10,0.0040053809896806415,1.0059944816438777,0.0,6.417089082333405e-14
105.75,0.0,1.3649582500617662e-07,3.0589631201510617e-10,0.00395192603495824,1.0060479371633846,0.0,6.417089082333405e-14
106.0,0.0,1.3594036699048228e-07,3.053557850347114e-10,0.0038992095404118293,1.0061006542139295,0.0,6.417089082333405e-14
106.25,0.0,1.353935228422319e-07,3.0482413258613255e-10,0.003847220911770816,1.0061526433899464,0.0,6.417089082333405e-14
106.5,0.0,1.3485513316382181e-07,3.043011949188349e-10,0.0037959497129592106,1.0062039151276705,0.0,6.394884621840902e-14
106.75,0.0,1.3432504211717602e-07,3.0378681556116e-10,0.0037453856636340092,1.0062544797076012,0.0,6.417089082333405e-14
107.0,0.0,1.3380309732978794e-07,3.0328084124164487e-10,0.003695518636763924,1.006304347256922,0.0,6.394884621840902e-14
107.25,0.0,1.332891498036065e-07,3.027831218125426e-10,0.0036463386562474703,1.0063535277518838,0.0,6.417089082333405e-14
107.5,0.0,1.3278305382667092e-07,3.022935101754761e-10,0.0035978358945698698,1.006402031020147,0.0,6.417089082333405e-14
107.75,0.0,1.3228466688740214e-07,3.018118622091551e-10,0.0035500006704977686,1.0064498667430877,0.0,6.417089082333405e-14
108.0,0.0,1.3179384959145722e-07,3.013380366990874e-10,0.0035028234468107,1.0064970444580659,0.0,6.417089082333405e-14
108.25,0.0,1.313104655810586e-07,3.008718952692189e-10,0.0034562948280687693,1.0065435735606578,0.0,6.394884621840902e-14
108.5,0.0,1.3083438145673395e-07,3.0041330231546787e-10,0.0034104055584183797,1.006589463306851,0.0,6.417089082333405e-14
108.75,0.0,1.303654667013617e-07,2.999621249410572e-10,0.003365146519431507,1.0066347228152037,0.0,6.394884621840902e-14
109.0,0.0,1.2990359360645966e-07,2.9951823289360976e-10,0.0033205087279802076,1.0066793610689722,0.0,6.417089082333405e-14
109.25,0.0,1.2944863720064e-07,2.9908149850394835e-10,0.0032764833341454884,1.0067233869182,0.0,6.417089082333405e-14
109.5,0.0,1.2900047518015926e-07,2.986517966265494e-10,0.0032330616191600793,1.006766809081777,0.0,6.394884621840902e-14
109.75,0.0,1.2855898784149535e-07,2.9822900458159656e-10,0.0031902349933842266,1.006809636149463,0.0,6.394884621840902e-14
110.0,0.0,1.281240580158823e-07,2.978130020985827e-10,0.0031479949943135953,1.0068518765838794,0.0,6.394884621840902e-14
110.25,0.0,1.27695571005737e-07,2.974036712614106e-10,0.0031063332846188126,1.0068935387224707,0.0,6.417089082333405e-14
110.5,0.0,1.272734145229303e-07,2.970008964549686e-10,0.003065241650218226,1.0069346307794305,0.0,6.417089082333405e-14
110.75,0.0,1.2685747862882429e-07,2.9660456431310494e-10,0.003024711998380001,1.0069751608476007,0.0,6.394884621840902e-14
111.0,0.0,1.2644765567602966e-07,2.962145636679765e-10,0.0029847363558549818,1.0070151369003388,0.0,6.394884621840902e-14
111.25,0.0,1.2604384025182508e-07,2.9583078550072777e-10,0.002945306867039598,1.0070545667933535,0.0,6.417089082333405e-14
111.5,0.0,1.2564592912318609e-07,2.9545312289346066e-10,0.00290641579216839,1.0070934582665134,0.0,6.394884621840902e-14
111.75,0.0,1.2525382118337226e-07,2.9508147098245514e-10,0.0028680555055353905,1.007131818945626,0.0,6.394884621840902e-14
112.0,0.0,1.248674174000212e-07,2.9471572691260073e-10,0.002830218493743588,1.0071696563441872,0.0,6.394884621840902e-14
112.25,0.0,1.244866207646996e-07,2.943557897930011e-10,0.002792897353982043,1.0072069778651054,0.0,6.394884621840902e-14
112.5,0.0,1.2411133624387642e-07,2.94001560653736e-10,0.0027560847923320314,1.0072437908023941,0.0,6.394884621840902e-14
112.75,0.0,1.2374147073125898e-07,2.9365294240371886e-10,0.002719773622098851,1.0072801023428415,0.0,6.394884621840902e-14
113.0,0.0,1.2337693300145727e-07,2.9330983978963417e-10,0.0026839567621705293,1.0073159195676507,0.0,6.394884621840902e-14
113.25,0.0,1.230176336649335e-07,2.929721593559198e-10,0.0026486272354028003,1.0073512494540555,0.0,6.417089082333405e-14
113.5,0.0,1.2266348512419687e-07,2.9263980940576473e-10,0.0026137781670299786,1.0073860988769092,0.0,6.417089082333405e-14
113.75,0.0,1.2231440153120498e-07,2.9231269996309227e-10,0.0025794027831010846,1.0074204746102489,0.0,6.417089082333405e-14
114.0,0.0,1.2197029874593326e-07,2.9199074273549526e-10,0.002545494408940522,1.007454383328834,0.0,6.417089082333405e-14
114.25,0.0,1.2163109429607495e-07,2.916738510780982e-10,0.002512046467632958,1.007487831609663,0.0,6.394884621840902e-14
114.5,0.0,1.2129670733784515e-07,2.913619399583325e-10,0.0024790524785335806,1.0075208259334612,0.0,6.394884621840902e-14
114.75,0.0,1.20967058617844e-07,2.9105492592157656e-10,0.0024465060558008164,1.0075533726861496,0.0,6.394884621840902e-14
115.0,0.0,1.2064207043595313e-07,2.9075272705765023e-10,0.0024144009069525995,1.0075854781602884,0.0,6.417089082333405e-14
115.25,0.0,1.2032166660923254e-07,2.904552629681356e-10,0.002382730831445607,1.0076171485564966,0.0,6.417089082333405e-14
115.5,0.0,1.2000577243678767e-07,2.901624547345032e-10,0.00235148971927717,1.007648389984852,0.0,6.417089082333405e-14
115.75,0.0,1.196943146655775e-07,2.8987422488701727e-10,0.002320671549609285,1.007679208466266,0.0,6.417089082333405e-14
116.0,0.0,1.193872214571341e-07,2.8959049737439885e-10,0.0022902703894141126,1.007709609933838,0.0,6.417089082333405e-14
116.25,0.0,1.1908442235516529e-07,2.893111975342222e-10,0.0022602803921406684,1.0077396002341898,0.0,6.394884621840902e-14
116.5,0.0,1.1878584825402056e-07,2.8903625206403893e-10,0.0022306957964037173,1.007769185128776,0.0,6.417089082333405e-14
116.75,0.0,1.1849143136798544e-07,2.8876558899318955e-10,0.0022015109246923507,1.007798370295175,0.0,6.417089082333405e-14
117.0,0.0,1.1820110520138519e-07,2.8849913765529393e-10,0.0021727201820991664,1.0078271613283607,0.0,6.417089082333405e-14
117.25,0.0,1.1791480451947224e-07,2.882368286614017e-10,0.002144318055069574,1.0078555637419533,0.0,6.417089082333405e-14
117.5,0.0,1.1763246532007483e-07,2.8797859387378343e-10,0.002116299110170956,1.0078835829694492,0.0,6.417089082333405e-14
117.75,0.0,1.1735402480598418e-07,2.8772436638034505e-10,0.0020886579928811725,1.0079112243654338,0.0,6.417089082333405e-14
118.0,0.0,1.1707942135805764e-07,2.874740804696455e-10,0.002061389426395902,1.0079384932067728,0.0,6.417089082333405e-14
118.25,0.0,1.1680859450901634e-07,2.872276716065023e-10,0.002034488210454546,1.0079653946937874,0.0,6.417089082333405e-14
118.5,0.0,1.1654148491792186e-07,2.869850764081783e-10,0.002007949220185568,1.0079919339514085,0.0,6.417089082333405e-14
118.75,0.0,1.1627803434530542e-07,2.8674623262111903e-10,0.0019817674049690936,1.0080181160303143,0.0,6.394884621840902e-14
119.0,0.0,1.1601818562893473e-07,2.865110790982341e-10,0.001955937787317557,1.00804394590805,0.0,6.417089082333405e-14
119.25,0.0,1.1576188266019922e-07,2.8627955577670745e-10,0.0019304554617739851,1.008069428490128,0.0,6.417089082333405e-14
119.5,0.0,1.1550907036109582e-07,2.8605160365632215e-10,0.001905315593827675,1.0080945686111145,0.0,6.417089082333405e-14
119.75,0.0,1.1525969466179827e-07,2.8582716477828574e-10,0.0018805134188468323,1.0081193710356955,0.0,6.417089082333405e-14
120.0,0.0,1.1501370247879235e-07,2.8560618220454025e-10,0.0018560442410277174,1.0081438404597276,0.0,6.394884621840902e-14
120.25,0.0,1.1477104169356065e-07,2.8538859999754493e-10,0.0018319034323600655,1.0081679815112736,0.0,6.394884621840902e-14
120.5,0.0,1.1453166113180474e-07,2.8517436320052753e-10,0.0018080864316095374,1.0081917987516191,0.0,6.417089082333405e-14
120.75,0.0,1.142955105431846e-07,2.849634178181787e-10,0.0017845887433153092,1.0082152966762747,0.0,6.394884621840902e-14
121.0,0.0,1.1406254058156346e-07,2.8475571079778497e-10,0.001761405936803485,1.0082384797159643,0.0,6.394884621840902e-14
121.25,0.0,1.1383270278574333e-07,2.8455119001078865e-10,0.0017385336452159735,1.008261352237594,0.0,6.394884621840902e-14
121.5,0.0,1.1360594956067764e-07,2.8434980423476334e-10,0.001715967564554617,1.0082839185452102,0.0,6.417089082333405e-14
121.75,0.0,1.1338223415914732e-07,2.8415150313579373e-10,0.0016937034527401966,1.0083061828809383,0.0,6.417089082333405e-14
122.0,0.0,1.1316151066388719e-07,2.8395623725124746e-10,0.001671737128685917,1.0083281494259113,0.0,6.417089082333405e-14
122.25,0.0,1.1294373397014944e-07,2.837639579729295e-10,0.0016500644713851674,1.008349822301181,0.0,6.417089082333405e-14
122.5,0.0,1.1272885976869534e-07,2.835746175306162e-10,0.001628681419014217,1.0083712055686156,0.0,6.417089082333405e-14
122.75,0.0,1.1251684452919911e-07,2.8338816897594865e-10,0.0016075839680481966,1.0083923032317832,0.0,6.417089082333405e-14
123.0,0.0,1.1230764548405492e-07,2.8320456616668116e-10,0.001586768172390963,1.008413119236823,0.0,6.417089082333405e-14
123.25,0.0,1.1210122061257544e-07,2.8302376375127723e-10,0.0015662301425185307,1.0084336574733013,0.0,6.417089082333405e-14
123.5,0.0,1.1189752862557164e-07,2.8284571715384245e-10,0.0015459660446358893,1.0084539217750539,0.0,6.417089082333405e-14
123.75,0.0,1.1169652895030285e-07,2.826703825593863e-10,0.0015259720998468745,1.0084739159210179,0.0,6.417089082333405e-14
124.0,0.0,1.114981817157871e-07,2.824977168994033e-10,0.0015062445833367497,1.0084936436360479,0.0,6.394884621840902e-14
124.25,0.0,1.1130244773846116e-07,2.823276778377646e-10,0.0014867798235673223,1.0085131085917214,0.0,6.417089082333405e-14
124.5,0.0,1.1110928850818385e-07,2.8216022375692037e-10,0.0014675742014851594,1.00853231440713,0.0,6.394884621840902e-14
124.75,0.0,1.1091866617456946e-07,2.8199531374439357e-10,0.0014486241497414759,1.008551264649661,0.0,6.394884621840902e-14
125.0,0.0,1.1073054353364454e-07,2.8183290757956503e-10,0.0014299261519242108,1.0085699628357634,0.0,6.394884621840902e-14
125.25,0.0,1.1054488401481911e-07,2.816729657207409e-10,0.0014114767418020133,1.008588412431705,0.0,6.394884621840902e-14
125.5,0.0,1.1036165166816387e-07,2.815154492924964e-10,0.0013932725025799873,1.0086066168543169,0.0,6.394884621840902e-14
125.75,0.0,1.1018081115198524e-07,2.813603200732881e-10,0.00137531006616689,1.0086245794717257,0.0,6.394884621840902e-14
126.0,0.0,1.1000232772068987e-07,2.812075404833273e-10,0.0013575861124535099,1.0086423036040753,0.0,6.394884621840902e-14
126.25,0.0,1.0982616721293085e-07,2.8105707357270813e-10,0.0013400973686020405,1.0086597925242375,0.0,6.394884621840902e-14
126.5,0.0,1.096522960400302e-07,2.809088830097899e-10,0.001322840608346966,1.008677049458512,0.0,6.394884621840902e-14
126.75,0.0,1.0948068117466752e-07,2.8076293306981883e-10,0.0013058126513062025,1.0086940775873137,0.0,6.394884621840902e-14
127.0,0.0,1.0931129013982923e-07,2.806191886237881e-10,0.0012890103623029445,1.0087108800458515,0.0,6.372680161348399e-14
127.25,0.0,1.0914409099801176e-07,2.8047761512753054e-10,0.0012724306506979792,1.0087274599247973,0.0,6.394884621840902e-14
127.5,0.0,1.0897905234067165e-07,2.803381786110379e-10,0.0012560704697323268,1.0087438202709411,0.0,6.394884621840902e-14
127.75,0.0,1.0881614327791637e-07,2.802008456680011e-10,0.001239926815879956,1.0087599640878397,0.0,6.372680161348399e-14
128.0,0.0,1.0865533342842915e-07,2.800655834455652e-10,0.0012239967282103132,1.0087758943364544,0.0,6.372680161348399e-14
128.25,0.0,1.0849659290962176e-07,2.7993235963429404e-10,0.0012082772877605303,1.008791613935778,0.0,6.372680161348399e-14
128.5,0.0,1.0833989232801095e-07,2.798011424583447e-10,0.0011927656169177364,1.0088071257634526,0.0,6.372680161348399e-14
128.75,0.0,1.0818520276981047e-07,2.7967190066583894e-10,0.0011774588788103942,1.0088224326563788,0.0,6.394884621840902e-14
129.0,0.0,1.080324957917344e-07,2.795446035194316e-10,0.0011623542767090472,1.0088375374113143,0.0,6.372680161348399e-14
129.25,0.0,1.0788174341200632e-07,2.794192207870704e-10,0.0011474490534362678,1.008852442785465,0.0,6.394884621840902e-14
129.5,0.0,1.0773291810156912e-07,2.792957227329441e-10,0.001132740490785686,1.0088671514970644,0.0,6.394884621840902e-14
129.75,0.0,1.0758599277549006e-07,2.791740801086123e-10,0.0011182259089498787,1.0088816662259472,0.0,6.394884621840902e-14
130.0,0.0,1.0744094078455614e-07,2.790542641443129e-10,0.0011039026659568887,1.0088959896141119,0.0,6.372680161348399e-14
130.25,0.0,1.072977359070548e-07,2.789362465404439e-10,0.0010897681571152564,1.0089101242662766,0.0,6.394884621840902e-14
130.5,0.0,1.0715635234073664e-07,2.788199994592182e-10,0.0010758198144679397,1.0089240727504236,0.0,6.394884621840902e-14
130.75,0.0,1.0701676469495353e-07,2.7870549551648207e-10,0.0010620551062541696,1.0089378375983395,0.0,6.394884621840902e-14
131.0,0.0,1.068789479829691e-07,2.7859270777369673e-10,0.0010484715363795875,1.0089514213061437,0.0,6.394884621840902e-14
131.25,0.0,1.0674287761443677e-07,2.7848160973007917e-10,0.001035066643894478,1.0089648263348103,0.0,6.394884621840902e-14
131.5,0.0,1.0660852938804159e-07,2.7837217531489857e-10,0.0010218380024799897,1.0089780551106824,0.0,6.394884621840902e-14
131.75,0.0,1.0647587948430144e-07,2.782643788799245e-10,0.0010087832199421503,1.0089911100259779,0.0,6.394884621840902e-14
132.0,0.0,1.0634490445852355e-07,2.7815819519202287e-10,0.0009958999377134821,1.0090039934392878,0.0,6.394884621840902e-14
132.25,0.0,1.0621558123391252e-07,2.7805359942589555e-10,0.0009831858303621084,1.009016707676067,0.0,6.394884621840902e-14
132.5,0.0,1.060878870948272e-07,2.77950567156966e-10,0.000970638605108675,1.0090292550291176,0.0,6.394884621840902e-14
132.75,0.0,1.0596179968018101e-07,2.778490743543996e-10,0.000958256001350266,1.009041637759065,0.0,6.394884621840902e-14
133.0,0.0,1.0583729697698336e-07,2.777490973742608e-10,0.0009460357901916086,1.0090538580948263,0.0,6.394884621840902e-14
133.25,0.0,1.057143573140184e-07,2.776506129528028e-10,0.0009339757739833998,1.0090659182340727,0.0,6.394884621840902e-14
133.5,0.0,1.055929593556578e-07,2.775535981998871e-10,0.0009220737858676707,1.0090778203436834,0.0,6.394884621840902e-14
133.75,0.0,1.0547308209580455e-07,2.7745803059252995e-10,0.0009103276893300133,1.0090895665601938,0.0,6.394884621840902e-14
134.0,0.0,1.0535470485196394e-07,2.773638879685715e-10,0.0008987353777584983,1.0091011589902368,0.0,6.394884621840902e-14
134.25,0.0,1.0523780725943892e-07,2.772711485204664e-10,0.0008872947740091922,1.0091125997109764,0.0,6.394884621840902e-14
134.5,0.0,1.0512236926564795e-07,2.7717979078919525e-10,0.0008760038299785557,1.0091238907705364,0.0,6.394884621840902e-14
134.75,0.0,1.050083711245606e-07,2.770897936582894e-10,0.0008648605261820031,1.009135034188421,0.0,6.394884621840902e-14
135.0,0.0,1.0489579339124917e-07,2.770011363479704e-10,0.000853862871338881,1.0091460319559307,0.0,6.417089082333405e-14
135.25,0.0,1.047846169165534e-07,2.7691379840940013e-10,0.0008430089019637256,1.0091568860365696,0.0,6.394884621840902e-14
135.5,0.0,1.046748228418556e-07,2.768277597190401e-10,0.0008322966819637144,1.0091675983664496,0.0,6.394884621840902e-14
135.75,0.0,1.0456639259396346e-07,2.76743000473117e-10,0.000821724302242168,1.0091781708546863,0.0,6.417089082333405e-14
136.0,0.0,1.04459307880098e-07,2.7665950118219175e-10,0.0008112898803079455,1.0091886053837886,0.0,6.394884621840902e-14
136.25,0.0,1.043535506829839e-07,2.765772426658295e-10,0.0008009915598906609,1.0091989038100455,0.0,6.417089082333405e-14
136.5,0.0,1.0424910325604097e-07,2.764962060473724e-10,0.0007908275105619538,1.0092090679639025,0.0,6.394884621840902e-14
136.75,0.0,1.0414594811867291e-07,2.7641637274880686e-10,0.0007807959273621999,1.0092190996503374,0.0,6.417089082333405e-14
137.0,0.0,1.0404406805165179e-07,2.7633772448572754e-10,0.0007708950304328749,1.0092290006492255,0.0,6.417089082333405e-14
137.25,0.0,1.0394344609259613e-07,2.7626024326239446e-10,0.0007611230646544548,1.0092387727157033,0.0,6.417089082333405e-14
137.5,0.0,1.0384406553154018e-07,2.7618391136688196e-10,0.0007514782992897746,1.0092484175805247,0.0,6.394884621840902e-14
137.75,0.0,1.0374590990659253e-07,2.7610871136631753e-10,0.0007419590276327242,1.0092579369504127,0.0,6.394884621840902e-14
138.0,0.0,1.0364896299968141e-07,2.7603462610220736e-10,0.000732563566662139,1.0092673325084043,0.0,6.394884621840902e-14
138.25,0.0,1.0355320883238518e-07,2.7596163868584747e-10,0.0007232902567008242,1.0092766059141927,0.0,6.394884621840902e-14
138.5,0.0,1.0345863166184641e-07,2.758897324938214e-10,0.0007141374610799175,1.0092857588044628,0.0,6.417089082333405e-14
138.75,0.0,1.0336521597676671e-07,2.758188911635778e-10,0.0007051035658080487,1.0092947927932212,0.0,6.417089082333405e-14
139.0,0.0,1.0327294649348103e-07,2.757490985890894e-10,0.0006961869792454874,1.009303709472123,0.0,6.394884621840902e-14
139.25,0.0,1.0318180815210956e-07,2.756803389165913e-10,0.0006873861317831731,1.0093125104107923,0.0,6.394884621840902e-14
139.5,0.0,1.0309178611278553e-07,2.756125965403963e-10,0.0006786994755265603,1.0093211971571387,0.0,6.394884621840902e-14
139.75,0.0,1.0300286575195708e-07,2.755458560987868e-10,0.0006701254839841718,1.0093297712376683,0.0,6.417089082333405e-14
140.0,0.0,1.0291503265876143e-07,2.7548010246997976e-10,0.0006616626517607363,1.0093382341577906,0.0,6.394884621840902e-14
140.25,0.0,1.028282726314696e-07,2.7541532076816423e-10,0.0006533094942548554,1.0093465874021212,0.0,6.394884621840902e-14
140.5,0.0,1.0274257167400111e-07,2.7535149633961226e-10,0.0006450645473613796,1.0093548324347794,0.0,6.394884621840902e-14
140.75,0.0,1.0265791599250564e-07,2.7528861475885774e-10,0.00063692636717802,1.0093629706996814,0.0,6.394884621840902e-14
141.0,0.0,1.0257429199201096e-07,2.75226661824944e-10,0.0006288935297163607,1.009371003620829,0.0,6.394884621840902e-14
141.25,0.0,1.0249168627313565e-07,2.7516562355773873e-10,0.0006209646306171808,1.009378932602595,0.0,6.417089082333405e-14
141.5,0.0,1.0241008562886509e-07,2.7510548619431464e-10,0.0006131382848700267,1.009386759030003,0.0,6.417089082333405e-14
141.75,0.0,1.0232947704138918e-07,2.7504623618539467e-10,0.00060541312653694,1.0093944842690037,0.0,6.394884621840902e-14
142.0,0.0,1.0224984767900053e-07,2.749878601918596e-10,0.000597787808480234,1.0094021096667483,0.0,6.394884621840902e-14
142.25,0.0,1.021711848930516e-07,2.749303450813178e-10,0.0005902610020942681,1.0094096365518546,0.0,6.394884621840902e-14
142.5,0.0,1.0209347621497023e-07,2.7487367792473615e-10,0.0005828313970413799,1.0094170662346726,0.0,6.394884621840902e-14
142.75,0.0,1.0201670935333124e-07,2.7481784599313026e-10,0.0005754977009915583,1.0094244000075452,0.0,6.394884621840902e-14
143.0,0.0,1.019408721909835e-07,2.7476283675431215e-10,0.0005682586393660017,1.009431639145063,0.0,6.417089082333405e-14
143.25,0.0,1.0186595278223115e-07,2.7470863786969587e-10,0.0005611129550844845,1.0094387849043183,0.0,6.417089082333405e-14
143.5,0.0,1.0179193935006786e-07,2.7465523719115877e-10,0.000554059408316475,1.009445838525153,0.0,6.417089082333405e-14
143.75,0.0,1.0171882028346289e-07,2.746026227579583e-10,0.0005470967762359258,1.0094528012304052,0.0,6.394884621840902e-14
144.0,0.0,1.0164658413469772e-07,2.745507827937014e-10,0.0005402238527796394,1.0094596742261495,0.0,6.394884621840902e-14
144.25,0.0,1.0157521961675213e-07,2.744997057033674e-10,0.0005334394484091676,1.0094664587019355,0.0,6.394884621840902e-14
144.5,0.0,1.0150471560073944e-07,2.744493800703832e-10,0.0005267423898763822,1.0094731558310228,0.0,6.417089082333405e-14
144.75,0.0,1.0143506111338861e-07,2.743997946537486e-10,0.0005201315199923513,1.0094797667706108,0.0,6.394884621840902e-14
145.0,0.0,1.0136624533457315e-07,2.7435093838521114e-10,0.000513605697399651,1.0094862926620682,0.0,6.417089082333405e-14
145.25,0.0,1.0129825759488535e-07,2.743028003664905e-10,0.0005071637963480394,1.0094927346311557,0.0,6.417089082333405e-14
145.5,0.0,1.0123108737325525e-07,2.742553698665505e-10,0.0005008047064734482,1.009499093788248,0.0,6.417089082333405e-14
145.75,0.0,1.0116472429461307e-07,2.742086363189178e-10,0.0004945273325802188,1.0095053712285509,0.0,6.394884621840902e-14
146.0,0.0,1.010991581275943e-07,2.741625893190475e-10,0.0004883305944265004,1.0095115680323168,0.0,6.394884621840902e-14
146.25,0.0,1.0103437878228646e-07,2.741172186217322e-10,0.0004822134265127704,1.0095176852650554,0.0,6.417089082333405e-14
146.5,0.0,1.0097037630801704e-07,2.7407251413855757e-10,0.00047617477787360017,1.0095237239777417,0.0,6.417089082333405e-14
146.75,0.0,1.0090714089118131e-07,2.7402846593540057e-10,0.00047021361187234444,1.0095296852070224,0.0,6.394884621840902e-14
147.0,0.0,1.0084466285310921e-07,2.7398506422996954e-10,0.00046432890599886796,1.0095355699754174,0.0,6.417089082333405e-14
147.25,0.0,1.0078293264797086e-07,2.7394229938938726e-10,0.00045851965167024484,1.0095413792915189,0.0,6.417089082333405e-14
147.5,0.0,1.0072194086071945e-07,2.739001619278147e-10,0.00045278485403439184,1.0095471141501886,0.0,6.394884621840902e-14
147.75,0.0,1.0066167820507122e-07,2.738586425041155e-10,0.00044712353177657114,1.0095527755327507,0.0,6.417089082333405e-14
148.0,0.0,1.006021355215211e-07,2.7381773191955917e-10,0.00044153471692868996,1.0095583644071822,0.0,6.417089082333405e-14
148.25,0.0,1.0054330377539388e-07,2.737774211155633e-10,0.00043601745468136154,1.0095638817283015,0.0,6.394884621840902e-14
148.5,0.0,1.0048517405493009e-07,2.7373770117147523e-10,0.000430570803198837,1.0095693284379534,0.0,6.394884621840902e-14
148.75,0.0,1.0042773756940549e-07,2.7369856330238944e-10,0.00042519383343652355,1.0095747054651913,0.0,6.394884621840902e-14
149.0,0.0,1.0037098564728393e-07,2.7365999885700246e-10,0.00041988562896118977,1.0095800137264572,0.0,6.394884621840902e-14
149.25,0.0,1.0031490973440256e-07,2.7362199931550365e-10,0.00041464528577380176,1.0095852541257584,0.0,6.394884621840902e-14
149.5,0.0,1.0025950139218908e-07,2.735845562875016e-10,0.000409471912134954,1.009590427554843,0.0,6.394884621840902e-14
149.75,0.0,1.0020475229591006e-07,2.735476615099851e-10,0.0004043646283928407,1.0095955348933712,0.0,6.394884621840902e-14
150.0,0.0,1.0015065423294985e-07,2.73511306845318e-10,0.00039932256681370125,1.0096005770090848,0.0,6.394884621840902e-14
150.25,0.0,1.0009719910111932e-07,2.7347548427926737e-10,0.0003943448714147115,1.0096055547579745,0.0,6.372680161348399e-14
150.5,0.0,1.0004437890699429e-07,2.734401859190656e-10,0.0003894306977994132,1.0096104689844454,0.0,6.394884621840902e-14
150.75,0.0,9.999218576428248e-08,2.7340540399150356e-10,0.00038457921299543533,1.0096153205214773,0.0,6.394884621840902e-14
151.0,0.0,9.994061189221858e-08,2.7337113084105603e-10,0.0003797895952945925,1.0096201101907862,0.0,6.394884621840902e-14
151.25,0.0,9.988964961398716e-08,2.7333735892803797e-10,0.0003750610340953139,1.0096248388029816,0.0,6.394884621840902e-14
151.5,0.0,9.98392913551725e-08,2.7330408082679153e-10,0.0003703927297473682,1.009629507157721,0.0,6.372680161348399e-14
151.75,0.0,9.978952964223515e-08,2.732712892239032e-10,0.00036578389339883793,1.0096341160438642,0.0,6.394884621840902e-14
152.0,0.0,9.974035710101424e-08,2.7323897691644985e-10,0.00036123374684528644,1.0096386662396226,0.0,6.394884621840902e-14
152.25,0.0,9.969176645525546e-08,2.732071368102739e-10,0.0003567415223810891,1.0096431585127092,0.0,6.394884621840902e-14
152.5,0.0,9.964375052516405e-08,2.731757619182875e-10,0.0003523064626530119,1.0096475936204847,0.0,6.394884621840902e-14
152.75,0.0,9.959630222598237e-08,2.731448453588038e-10,0.0003479278205158219,1.0096519723101012,0.0,6.417089082333405e-14
153.0,0.0,9.954941456659122e-08,2.7311438035389596e-10,0.00034360485889000194,1.009656295318645,0.0,6.394884621840902e-14
153.25,0.0,9.950308064813509e-08,2.73084360227783e-10,0.00033933685062152957,1.0096605633732774,0.0,6.394884621840902e-14
153.5,0.0,9.945729366267025e-08,2.730547784052422e-10,0.000335123078343691,1.0096647771913718,0.0,6.394884621840902e-14
153.75,0.0,9.94120468918357e-08,2.730256284100476e-10,0.0003309628343408869,1.0096689374806507,0.0,6.417089082333405e-14
154.0,0.0,9.936733370554612e-08,2.729969038634334e-10,0.0003268554204143811,1.009673044939319,0.0,6.394884621840902e-14
154.25,0.0,9.932314756070675e-08,2.7296859852259624e-10,0.0003227997533152855,1.0096771002506326,4.0000000000000053e-10,6.417089082333405e-14
154.5,0.0,9.927948199994971e-08,2.7294070618702013e-10,0.0003187959517935715,1.0096811040958478,4.0000000000000053e-10,6.417089082333405e-14
154.75,0.0,9.923633065039113e-08,2.7291322073186176e-10,0.00031484294131360266,1.0096850571495066,4.0000000000000053e-10,6.417089082333405e-14
155.0,0.0,9.919368722240897e-08,2.7288613615336846e-10,0.00031094006044538833,1.0096889600730454,4.0000000000000053e-10,6.417089082333405e-14
155.25,0.0,9.915154550844089e-08,2.728594465379329e-10,0.0003070866566329377,1.0096928135190262,4.0000000000000053e-10,6.417089082333405e-14
155.5,0.0,9.9109899381802e-08,2.728331460607008e-10,0.0003032820860712096,1.0096966181312603,4.0000000000000053e-10,6.417089082333405e-14
155.75,0.0,9.906874279552204e-08,2.72807228984201e-10,0.00029952571358483437,1.0097003745449293,4.0000000000000053e-10,6.417089082333405e-14
156.0,0.0,9.902806978120146e-08,2.72781689656998e-10,0.00029581691250857073,1.0097040833867041,4.0000000000000053e-10,6.417089082333405e-14
156.25,0.0,9.898787444788636e-08,2.727565225123658e-10,0.00029215506456947596,1.0097077452748637,4.0000000000000053e-10,6.417089082333405e-14
156.5,0.0,9.894815098096161e-08,2.727317220669835e-10,0.00028853955977078006,1.0097113608194106,4.0000000000000053e-10,6.417089082333405e-14
156.75,0.0,9.890889364106217e-08,2.7270728291965186e-10,0.0002849697962774243,1.0097149306221858,4.0000000000000053e-10,6.417089082333405e-14
157.0,0.0,9.88700967630018e-08,2.7268319975003043e-10,0.00028144518030322695,1.009718455276981,4.0000000000000053e-10,6.417089082333405e-14
157.25,0.0,9.88317547547192e-08,2.7265946731739453e-10,0.0002779651259996421,1.0097219353696503,4.0000000000000053e-10,6.417089082333405e-14
157.5,0.0,9.87938620962412e-08,2.72636080459413e-10,0.0002745290553461698,1.0097253714782197,4.0000000000000053e-10,6.417089082333405e-14
157.75,0.0,9.875641333866268e-08,2.726130340909452e-10,0.00027113639804230154,1.0097287641729955,4.0000000000000053e-10,6.417089082333405e-14
158.0,0.0,9.871940310314266e-08,2.7259032320285674e-10,0.0002677865914009995,1.0097321140166697,4.0000000000000053e-10,6.417089082333405e-14
158.25,0.0,9.868282607991665e-08,2.72567942860855e-10,0.0002644790802437081,1.0097354215644265,4.0000000000000053e-10,6.439293542825908e-14
158.5,0.0,9.864667702732464e-08,2.7254588820434273e-10,0.0002612133167968735,1.0097386873640444,4.0000000000000053e-10,6.417089082333405e-14
158.75,0.0,9.861095077085475e-08,2.7252415444529005e-10,0.0002579887605899404,1.0097419119559994,4.0000000000000053e-10,6.417089082333405e-14
159.0,0.0,9.857564220220195e-08,2.7250273686712456e-10,0.000254804878354792,1.0097450958735645,4.0000000000000053e-10,6.439293542825908e-14
159.25,0.0,9.854074627834159e-08,2.724816308236387e-10,0.0002516611439266047,1.0097482396429096,4.0000000000000053e-10,6.417089082333405e-14
159.5,0.0,9.850625802061789e-08,2.7246083173791503e-10,0.00024855703814616645,1.009751343783199,4.0000000000000053e-10,6.417089082333405e-14
159.75,0.0,9.847217251384655e-08,2.724403351012683e-10,0.0002454920487635593,1.0097544088066879,4.0000000000000053e-10,6.439293542825908e-14
160.0,0.0,9.843848490543167e-08,2.724201364722042e-10,0.00024246567034320171,1.009757435218816,4.0000000000000053e-10,6.417089082333405e-14
160.25,0.0,9.84051904044963e-08,2.7240023147539507e-10,0.00023947740417025267,1.0097604235183033,4.0000000000000053e-10,6.417089082333405e-14
160.5,0.0,9.837228428102687e-08,2.72380615800671e-10,0.0002365267581583525,1.009763374197241,4.0000000000000053e-10,6.417089082333405e-14
160.75,0.0,9.83397618650309e-08,2.7236128520202823e-10,0.00023361324675867635,1.0097662877411824,4.0000000000000053e-10,6.417089082333405e-14
161.0,0.0,9.830761854570774e-08,2.7234223549665154e-10,0.00023073639087026863,1.0097691646292333,4.0000000000000053e-10,6.439293542825908e-14
161.25,0.0,9.827584977063226e-08,2.7232346256395343e-10,0.00022789571775163283,1.0097720053341395,4.0000000000000053e-10,6.439293542825908e-14
161.5,0.0,9.824445104495136e-08,2.7230496234462773e-10,0.00022509076093362205,1.0097748103223747,4.0000000000000053e-10,6.439293542825908e-14
161.75,0.0,9.821341793059268e-08,2.7228673083971866e-10,0.00022232106013353968,1.0097775800542261,4.0000000000000053e-10,6.439293542825908e-14
162.0,0.0,9.818274604548573e-08,2.7226876410970397e-10,0.00021958616117044875,1.009780314983879,4.0000000000000053e-10,6.439293542825908e-14
162.25,0.0,9.815243106279489e-08,2.722510582735929e-10,0.00021688561588168904,1.0097830155595005,4.0000000000000053e-10,6.439293542825908e-14
162.5,0.0,9.812246871016426e-08,2.7223360950803806e-10,0.0002142189820405836,1.0097856822233213,4.0000000000000053e-10,6.417089082333405e-14
162.75,0.0,9.809285476897413e-08,2.7221641404646173e-10,0.00021158582327530912,1.0097883154117178,4.0000000000000053e-10,6.417089082333405e-14
163.0,0.0,9.806358507360875e-08,2.721994681781951e-10,0.0002089857089889049,1.0097909155552909,4.0000000000000053e-10,6.439293542825908e-14
163.25,0.0,9.803465551073531e-08,2.721827682476317e-10,0.00020641821428039797,1.0097934830789457,4.0000000000000053e-10,6.439293542825908e-14
163.5,0.0,9.80060620185939e-08,2.721663106533935e-10,0.00020388291986708158,1.009796018401969,4.0000000000000053e-10,6.439293542825908e-14
163.75,0.0,9.797780058629837e-08,2.7215009184751077e-10,0.0002013794120078707,1.0097985219381058,4.0000000000000053e-10,6.439293542825908e-14
164.0,0.0,9.794986725314758e-08,2.7213410833461414e-10,0.00019890728242773076,1.0098009940956352,4.0000000000000053e-10,6.439293542825908e-14
164.25,0.0,9.792225810794727e-08,2.721183566711393e-10,0.00019646612824317957,1.0098034352774445,4.0000000000000053e-10,6.417089082333405e-14
164.5,0.0,9.789496928834207e-08,2.7210283346454463e-10,0.00019405555188884598,1.0098058458811032,4.0000000000000053e-10,6.417089082333405e-14
164.75,0.0,9.78679969801576e-08,2.720875353725405e-10,0.00019167516104506317,1.0098082262989347,4.0000000000000053e-10,6.439293542825908e-14
165.0,0.0,9.784133741675248e-08,2.7207245910233085e-10,0.00018932456856647335,1.0098105769180878,4.0000000000000053e-10,6.417089082333405e-14
165.25,0.0,9.781498687838e-08,2.720576014098664e-10,0.0001870033924116257,1.009812898120608,4.0000000000000053e-10,6.417089082333405e-14
165.5,0.0,9.778894169155942e-08,2.720429590991094e-10,0.00018471125557359755,1.009815190283506,4.0000000000000053e-10,6.417089082333405e-14
165.75,0.0,9.776319822845657e-08,2.7202852902131046e-10,0.0001824477860115748,1.0098174537788258,4.0000000000000053e-10,6.417089082333405e-14
166.0,0.0,9.773775290627383e-08,2.7201430807429576e-10,0.00018021261658338509,1.0098196889737137,4.0000000000000053e-10,6.439293542825908e-14
166.25,0.0,9.771260218664899e-08,2.720002932017656e-10,0.0001780053849789862,1.0098218962304828,4.0000000000000053e-10,6.439293542825908e-14
166.5,0.0,9.768774257506316e-08,2.7198648140026385e-10,0.00017582533490033127,1.0098240759054349,8.000000000000005e-10,6.439293542825908e-14
166.75,0.0,9.766317062025748e-08,2.719728697414358e-10,0.00017367291972675733,1.009826228345194,8.000000000000005e-10,6.417089082333405e-14
167.0,0.0,9.763888291365828e-08,2.719594552554116e-10,0.00017154738359814145,1.0098283539056236,8.000000000000005e-10,6.417089082333405e-14
167.25,0.0,9.761487608881088e-08,2.719462350626156e-10,0.00016944838289049882,1.0098304529303515,8.000000000000005e-10,6.439293542825908e-14
167.5,0.0,9.759114682082168e-08,2.7193320632599856e-10,0.00016737557849307068,1.009832525758491,8.000000000000005e-10,6.417089082333405e-14
167.75,0.0,9.756769182580836e-08,2.719203662503989e-10,0.00016532863574721855,1.0098345727247047,8.000000000000005e-10,6.417089082333405e-14
168.0,0.0,9.754450786035829e-08,2.7190771208191396e-10,0.0001633072243861732,1.0098365941592624,8.000000000000005e-10,6.417089082333405e-14
168.25,0.0,9.752159172099471e-08,2.7189524110728067e-10,0.0001613110184756293,1.0098385903881015,8.000000000000005e-10,6.417089082333405e-14
168.5,0.0,9.749894024365079e-08,2.718829506532661e-10,0.00015933969635516435,1.0098405617328858,8.000000000000005e-10,6.417089082333405e-14
168.75,0.0,9.747655030315131e-08,2.718708380860671e-10,0.0001573929405804813,1.0098425085110625,8.000000000000005e-10,6.417089082333405e-14
169.0,0.0,9.74544188127019e-08,2.7185890081071935e-10,0.00015547043786646138,1.00984443103592,8.000000000000005e-10,6.417089082333405e-14
169.25,0.0,9.743254272338573e-08,2.718471362705156e-10,0.0001535718790310098,1.0098463296166433,8.000000000000005e-10,6.417089082333405e-14
169.5,0.0,9.741091902366733e-08,2.7183554194643244e-10,0.00015169695893967527,1.0098482045583699,8.000000000000005e-10,6.417089082333405e-14
169.75,0.0,9.738954473890374e-08,2.7182411535656626e-10,0.00014984537645104315,1.0098500561622443,8.000000000000005e-10,6.417089082333405e-14
170.0,0.0,9.736841693086268e-08,2.7181285405557777e-10,0.00014801683436291616,1.0098518847254714,8.000000000000005e-10,6.417089082333405e-14
170.25,0.0,9.734753269724756e-08,2.718017556341452e-10,0.00014621103935921292,1.0098536905413704,8.000000000000005e-10,6.417089082333405e-14
170.5,0.0,9.732688917122946e-08,2.717908177184253e-10,0.00014442770195761796,1.0098554738994265,8.000000000000005e-10,6.417089082333405e-14
170.75,0.0,9.730648352098568e-08,2.717800379695232e-10,0.0001426665364579609,1.0098572350853425,8.000000000000005e-10,6.417089082333405e-14
171.0,0.0,9.728631294924495e-08,2.717694140829704e-10,0.0001409272608913177,1.0098589743810904,8.000000000000005e-10,6.417089082333405e-14
171.25,0.0,9.72663746928392e-08,2.717589437882103e-10,0.00013920959696981673,1.0098606920649607,8.000000000000005e-10,6.417089082333405e-14
171.5,0.0,9.72466660222616e-08,2.717486248480917e-10,0.0001375132700371351,1.0098623884116125,8.000000000000005e-10,6.439293542825908e-14
171.75,0.0,9.72271842412309e-08,2.7173845505837044e-10,0.00013583800901968216,1.009864063692122,8.000000000000005e-10,6.439293542825908e-14
172.0,0.0,9.72079266862621e-08,2.7172843224721826e-10,0.0001341835463784856,1.0098657181740305,8.000000000000005e-10,6.417089082333405e-14
172.25,0.0,9.718889072624304e-08,2.717185542747393e-10,0.00013254961806171572,1.0098673521213932,8.000000000000005e-10,6.417089082333405e-14
172.5,0.0,9.717007376201703e-08,2.717088190324939e-10,0.00013093596345787941,1.0098689657948237,8.000000000000005e-10,6.417089082333405e-14
172.75,0.0,9.715147322597145e-08,2.7169922444302974e-10,0.00012934232534966345,1.009870559451542,8.000000000000005e-10,6.417089082333405e-14
173.0,0.0,9.713308658163202e-08,2.7168976845942013e-10,0.0001277684498684206,1.0098721333454195,8.000000000000005e-10,6.439293542825908e-14
173.25,0.0,9.711491132326285e-08,2.716804490648093e-10,0.00012621408644928364,1.0098736877270231,8.000000000000005e-10,6.417089082333405e-14
173.5,0.0,9.709694497547213e-08,2.716712642719646e-10,0.00012467898778689422,1.0098752228436612,8.000000000000005e-10,6.439293542825908e-14
173.75,0.0,9.707918509282327e-08,2.7166221212283527e-10,0.00012316290979174385,1.0098767389394252,8.000000000000005e-10,6.439293542825908e-14
174.0,0.0,9.706162925945156e-08,2.7165329068811864e-10,0.00012166561154714056,1.0098782362552345,8.000000000000005e-10,6.439293542825908e-14
174.25,0.0,9.704427508868613e-08,2.7164449806683206e-10,0.00012018685526674435,1.0098797150288779,8.000000000000005e-10,6.417089082333405e-14
174.5,0.0,9.702712022267723e-08,2.71635832385892e-10,0.00011872640625269903,1.0098811754950554,8.000000000000005e-10,6.417089082333405e-14
174.75,0.0,9.701016233202859e-08,2.716272917996988e-10,0.00011728403285434293,1.0098826178854203,8.000000000000005e-10,6.439293542825908e-14
175.0,0.0,9.699339911543504e-08,2.716188744897288e-10,0.00011585950642749196,1.0098840424286188,8.000000000000005e-10,6.439293542825908e-14
175.25,0.0,9.697682829932508e-08,2.7161057866413165e-10,0.00011445260129428268,1.009885449350331,8.000000000000005e-10,6.439293542825908e-14
175.5,0.0,9.696044763750833e-08,2.7160240255733403e-10,0.00011306309470356275,1.0098868388733107,8.000000000000005e-10,6.439293542825908e-14
175.75,0.0,9.694425491082798e-08,2.715943444296497e-10,0.00011169076679182746,1.0098882112174232,8.000000000000005e-10,6.439293542825908e-14
176.0,0.0,9.692824792681795e-08,2.71586402566895e-10,0.00011033540054471337,1.0098895665996852,8.000000000000005e-10,6.439293542825908e-14
176.25,0.0,9.691242451936481e-08,2.7157857528001053e-10,0.00010899678175899921,1.0098909052343021,8.000000000000005e-10,6.439293542825908e-14
176.5,0.0,9.68967825483743e-08,2.715708609046883e-10,0.00010767469900513847,1.0098922273327058,8.000000000000005e-10,6.439293542825908e-14
176.75,0.0,9.688131989944254e-08,2.7156325780100454e-10,0.00010636894359030772,1.0098935331035908,8.000000000000005e-10,6.417089082333405e-14
177.0,0.0,9.686603448353158e-08,2.7155576435305826e-10,0.0001050793095219654,1.009894822752952,8.000000000000005e-10,6.439293542825908e-14
177.25,0.0,9.685092423664957e-08,2.7154837896861515e-10,0.00010380559347190969,1.0098960964841197,8.000000000000005e-10,6.439293542825908e-14
177.5,0.0,9.683598711953513e-08,2.7154110007875666e-10,0.00010254759474082464,1.0098973544977952,8.000000000000005e-10,6.417089082333405e-14
177.75,0.0,9.682122111734608e-08,2.7153392613753464e-10,0.00010130511522331301,1.0098985969920857,8.000000000000005e-10,6.417089082333405e-14
178.0,0.0,9.680662423935256e-08,2.7152685562163124e-10,0.00010007795937342583,1.0098998241625396,8.000000000000005e-10,6.417089082333405e-14
178.25,0.0,9.679219451863408e-08,2.715198870300236e-10,9.886593417064469e-05,1.0099010362021792,8.000000000000005e-10,6.439293542825908e-14
178.5,0.0,9.677793001178078e-08,2.715130188836539e-10,9.766884908633763e-05,1.0099022333015348,8.000000000000005e-10,6.417089082333405e-14
178.75,0.0,9.676382879859885e-08,2.715062497251042e-10,9.648651605067555e-05,1.0099034156486786,8.000000000000005e-10,6.439293542825908e-14
179.0,0.0,9.674988898181975e-08,2.714995781182765e-10,9.531874942000336e-05,1.0099045834292557,8.000000000000005e-10,6.439293542825908e-14
179.25,0.0,9.673610868681344e-08,2.7149300264807696e-10,9.41653659446568e-05,1.0099057368265179,8.000000000000005e-10,6.417089082333405e-14
179.5,0.0,9.672248606130556e-08,2.714865219201056e-10,9.302618473721432e-05,1.0099068760213545,8.000000000000005e-10,6.439293542825908e-14
179.75,0.0,9.670901927509823e-08,2.7148013456035015e-10,9.190102724118376e-05,1.0099080011923236,8.000000000000005e-10,6.417089082333405e-14
180.0,0.0,9.669570651979482e-08,2.7147383921488487e-10,9.078971720013134e-05,1.0099091125156838,8.000000000000005e-10,6.439293542825908e-14
180.25,0.0,9.668254600852818e-08,2.7146763454957354e-10,8.969208062721523e-05,1.0099102101654234,8.000000000000005e-10,6.439293542825908e-14
180.5,0.0,9.666953597569276e-08,2.714615192497772e-10,8.86079457751416e-05,1.0099112943132915,8.000000000000005e-10,6.417089082333405e-14
180.75,0.0,9.665667467668014e-08,2.714554920200661e-10,8.753714310653102e-05,1.0099123651288275,8.000000000000005e-10,6.439293542825908e-14
181.0,0.0,9.664396038761812e-08,2.7144955158393604e-10,8.647950526469146e-05,1.0099134227793896,8.000000000000005e-10,6.417089082333405e-14
181.25,0.0,9.663139140511337e-08,2.714436966835292e-10,8.54348670447884e-05,1.0099144674301843,8.000000000000005e-10,6.417089082333405e-14
181.5,0.0,9.661896604599747e-08,2.714379260793585e-10,8.440306536540336e-05,1.009915499244295,8.000000000000005e-10,6.439293542825908e-14
181.75,0.0,9.660668264707619e-08,2.7143223855003677e-10,8.338393924048064e-05,1.0099165183827088,8.000000000000005e-10,6.417089082333405e-14
182.0,0.0,9.659453956488242e-08,2.714266328920098e-10,8.237732975166868e-05,1.0099175250043464,8.000000000000005e-10,6.439293542825908e-14
182.25,0.0,9.658253517543202e-08,2.71421107919293e-10,8.13830800210225e-05,1.009918519266087,8.000000000000005e-10,6.417089082333405e-14
182.5,0.0,9.657066787398316e-08,2.7141566246321263e-10,8.040103518408345e-05,1.0099195013227966,8.000000000000005e-10,6.439293542825908e-14
182.75,0.0,9.655893607479873e-08,2.714102953721504e-10,7.943104236332516e-05,1.0099204713273546,8.000000000000005e-10,6.439293542825908e-14
183.0,0.0,9.654733821091188e-08,2.714050055112921e-10,7.847295064196255e-05,1.009921429430679,8.000000000000005e-10,6.439293542825908e-14
183.25,0.0,9.653587273389478e-08,2.7139979176238017e-10,7.7526611038115e-05,1.0099223757817537,8.000000000000005e-10,6.439293542825908e-14
183.5,0.0,9.652453811363022e-08,2.7139465302346933e-10,7.659187647931724e-05,1.0099233105276522,8.000000000000005e-10,6.439293542825908e-14
183.75,0.0,9.651333283808632e-08,2.7138958820868673e-10,7.566860177737581e-05,1.0099242338135643,8.000000000000005e-10,6.417089082333405e-14
184.0,0.0,9.650225541309433e-08,2.7138459624799494e-10,7.475664360357855e-05,1.0099251457828207,8.000000000000005e-10,6.439293542825908e-14
184.25,0.0,9.64913043621291e-08,2.7137967608695906e-10,7.385586046422642e-05,1.009926046576916,8.000000000000005e-10,6.439293542825908e-14
184.5,0.0,9.648047822609259e-08,2.7137482668651674e-10,7.296611267650199e-05,1.0099269363355348,8.000000000000005e-10,6.439293542825908e-14
184.75,0.0,9.646977556310018e-08,2.7137004702275227e-10,7.208726234466562e-05,1.0099278151965738,8.000000000000005e-10,6.417089082333405e-14
185.0,0.0,9.645919494826971e-08,2.713653360866733e-10,7.121917333657507e-05,1.0099286832961674,8.000000000000005e-10,6.417089082333405e-14
185.25,0.0,9.64487349735134e-08,2.7136069288399173e-10,7.036171126052227e-05,1.0099295407687081,8.000000000000005e-10,6.439293542825908e-14
185.5,0.0,9.64383942473323e-08,2.7135611643490705e-10,6.951474344237998e-05,1.0099303877468715,8.000000000000005e-10,6.439293542825908e-14
185.75,0.0,9.642817139461361e-08,2.7135160577389344e-10,6.867813890305787e-05,1.009931224361638,8.000000000000005e-10,6.417089082333405e-14
186.0,0.0,9.641806505643052e-08,2.7134715994948994e-10,6.785176833627328e-05,1.0099320507423157,8.000000000000005e-10,6.417089082333405e-14
186.25,0.0,9.640807388984465e-08,2.7134277802409366e-10,6.703550408661041e-05,1.0099328670165608,8.000000000000005e-10,6.417089082333405e-14
186.5,0.0,9.639819656771107e-08,2.71338459073756e-10,6.622922012788026e-05,1.0099336733104012,8.000000000000005e-10,6.417089082333405e-14
186.75,0.0,9.63884317784859e-08,2.713342021879822e-10,6.543279204177314e-05,1.0099344697482564,8.000000000000005e-10,6.417089082333405e-14
187.0,0.0,9.637877822603626e-08,2.713300064695334e-10,6.464609699680052e-05,1.0099352564529591,8.000000000000005e-10,6.417089082333405e-14
187.25,0.0,9.636923462945285e-08,2.713258710342324e-10,6.386901372751992e-05,1.009936033545776,8.000000000000005e-10,6.417089082333405e-14
187.5,0.0,9.635979972286482e-08,2.713217950107712e-10,6.310142251403707e-05,1.0099368011464285,8.000000000000005e-10,6.417089082333405e-14
187.75,0.0,9.635047225525705e-08,2.713177775405226e-10,6.234320516178449e-05,1.0099375593731124,8.000000000000005e-10,6.417089082333405e-14
188.0,0.0,9.63412509902898e-08,2.713138177773537e-10,6.159424498158124e-05,1.0099383083425177,8.000000000000005e-10,6.417089082333405e-14
188.25,0.0,9.633213470612069e-08,2.713099148874427e-10,6.0854426769950546e-05,1.0099390481698496,8.000000000000005e-10,6.417089082333405e-14
188.5,0.0,9.632312219522896e-08,2.71306068049098e-10,6.012363678970627e-05,1.0099397789688462,8.000000000000005e-10,6.417089082333405e-14
188.75,0.0,9.631421226424193e-08,2.713022764525806e-10,5.940176275080091e-05,1.0099405008517988,8.000000000000005e-10,6.417089082333405e-14
189.0,0.0,9.630540373376376e-08,2.7129853929992824e-10,5.8688693791432126e-05,1.0099412139295705,8.000000000000005e-10,6.417089082333405e-14
189.25,0.0,9.629669543820638e-08,2.7129485580478316e-10,5.7984320459402625e-05,1.0099419183116145,8.000000000000005e-10,6.417089082333405e-14
189.5,0.0,9.628808622562249e-08,2.7129122519222166e-10,5.7288534693727606e-05,1.0099426141059928,8.000000000000005e-10,6.417089082333405e-14
189.75,0.0,9.627957495754088e-08,2.712876466985864e-10,5.6601229806489514e-05,1.009943301419395,8.000000000000005e-10,6.417089082333405e-14
190.0,0.0,9.627116050880363e-08,2.7128411957132147e-10,5.592230046494422e-05,1.0099439803571546,8.000000000000005e-10,6.417089082333405e-14
190.25,0.0,9.626284176740558e-08,2.7128064306880944e-10,5.5251642673857725e-05,1.009944651023268,8.000000000000005e-10,6.417089082333405e-14
190.5,0.0,9.625461763433568e-08,2.7127721646021115e-10,5.458915375808337e-05,1.009945313520411,8.000000000000005e-10,6.394884621840902e-14
190.75,0.0,9.624648702342051e-08,2.7127383902530783e-10,5.393473234537281e-05,1.0099459679499578,8.000000000000005e-10,6.417089082333405e-14
191.0,0.0,9.62384488611696e-08,2.7127051005434544e-10,5.3288278349418434e-05,1.0099466144119953,8.000000000000005e-10,6.417089082333405e-14
191.25,0.0,9.623050208662293e-08,2.7126722884788144e-10,5.2649692953121984e-05,1.0099472530053417,8.000000000000005e-10,6.417089082333405e-14
191.5,0.0,9.622264565120016e-08,2.712639947166338e-10,5.201887859208508e-05,1.0099478838275624,8.000000000000005e-10,6.417089082333405e-14
191.75,0.0,9.62148785185519e-08,2.71260806981332e-10,5.13957389383207e-05,1.0099485069749865,8.000000000000005e-10,6.417089082333405e-14
192.0,0.0,9.620719966441279e-08,2.712576649725708e-10,5.0780178884189517e-05,1.0099491225427226,8.000000000000005e-10,6.417089082333405e-14
192.25,0.0,9.619960807645651e-08,2.7125456803066557e-10,5.0172104526542654e-05,1.009949730624675,8.000000000000005e-10,6.417089082333405e-14
192.5,0.0,9.619210275415248e-08,2.712515155055102e-10,4.957142315107952e-05,1.0099503313135587,8.000000000000005e-10,6.417089082333405e-14
192.75,0.0,9.618468270862454e-08,2.712485067564367e-10,4.8978043216914745e-05,1.009950924700916,8.000000000000005e-10,6.417089082333405e-14
193.0,0.0,9.61773469625113e-08,2.7124554115207736e-10,4.839187434135225e-05,1.0099515108771302,8.000000000000005e-10,6.417089082333405e-14
193.25,0.0,9.617009454982823e-08,2.712426180702287e-10,4.7812827284861725e-05,1.009952089931442,8.000000000000005e-10,6.417089082333405e-14
193.5,0.0,9.616292451583154e-08,2.712397368977171e-10,4.7240813936253725e-05,1.0099526619519636,8.000000000000005e-10,6.417089082333405e-14
193.75,0.0,9.61558359168838e-08,2.712368970302671e-10,4.6675747298052354e-05,1.0099532270256932,8.000000000000005e-10,6.417089082333405e-14
194.0,0.0,9.614882782032109e-08,2.7123409787237113e-10,4.611754147206929e-05,1.00995378523853,8.000000000000005e-10,6.417089082333405e-14
194.25,0.0,9.614189930432203e-08,2.712313388371613e-10,4.556611164516257e-05,1.0099543366752883,8.000000000000005e-10,6.417089082333405e-14
194.5,0.0,9.613504945777824e-08,2.712286193462833e-10,4.502137407518777e-05,1.0099548814197108,8.000000000000005e-10,6.417089082333405e-14
194.75,0.0,9.612827738016657e-08,2.712259388297716e-10,4.448324607713648e-05,1.0099554195544835,8.000000000000005e-10,6.394884621840902e-14
195.0,0.0,9.612158218142285e-08,2.7122329672592736e-10,4.395164600946007e-05,1.009955951161249,8.000000000000005e-10,6.394884621840902e-14
195.25,0.0,9.611496298181723e-08,2.7122069248119705e-10,4.3426493260574754e-05,1.00995647632062,8.000000000000005e-10,6.417089082333405e-14
195.5,0.0,9.610841891183111e-08,2.712181255500541e-10,4.290770823554433e-05,1.0099569951121914,8.000000000000005e-10,6.394884621840902e-14
195.75,0.0,9.610194911203551e-08,2.7121559539488113e-10,4.239521234293997e-05,1.0099575076145564,8.000000000000005e-10,6.417089082333405e-14
196.0,0.0,9.609555273297105e-08,2.712131014858546e-10,4.1888927981880164e-05,1.0099580139053164,8.000000000000005e-10,6.417089082333405e-14
196.25,0.0,9.608922893502941e-08,2.7121064330083114e-10,4.1388778529236064e-05,1.0099585140610952,8.000000000000005e-10,6.394884621840902e-14
196.5,0.0,9.608297688833619e-08,2.7120822032523524e-10,4.089468832700927e-05,1.009959008157552,8.000000000000005e-10,6.417089082333405e-14
196.75,0.0,9.607679577263526e-08,2.712058320519488e-10,4.0406582669877136e-05,1.0099594962693925,8.000000000000005e-10,6.394884621840902e-14
197.0,0.0,9.607068477717461e-08,2.7120347798120233e-10,3.992438779290409e-05,1.009959978470383,8.000000000000005e-10,6.417089082333405e-14
197.25,0.0,9.606464310059354e-08,2.7120115766486526e-10,3.9447632288399376e-05,1.0099604548319314,1.2000000000000019e-09,6.417089082333405e-14
197.5,0.0,9.605866995081122e-08,2.711988707932154e-10,3.897704989021561e-05,1.009960925420305,1.2000000000000019e-09,6.417089082333405e-14
197.75,0.0,9.605276454491667e-08,2.711966166621715e-10,3.851216231744575e-05,1.0099613903137854,1.2000000000000019e-09,6.417089082333405e-14
198.0,0.0,9.604692610961109e-08,2.711943948038167e-10,3.805249977846298e-05,1.0099618495821652,1.6000000000000021e-09,6.394884621840902e-14
198.25,0.0,9.60411538931787e-08,2.7119220483488226e-10,3.75988008726181e-05,1.0099623032868454,1.6000000000000021e-09,6.394884621840902e-14
198.5,0.0,9.603544712553542e-08,2.711900462111253e-10,3.715058888663356e-05,1.0099627515045404,1.6000000000000021e-09,6.417089082333405e-14
198.75,0.0,9.602980505938306e-08,2.711879184814532e-10,3.670779631505621e-05,1.009963194302756,1.6000000000000021e-09,6.394884621840902e-14
199.0,0.0,9.602422695606304e-08,2.7118582120130377e-10,3.627035650002679e-05,1.0099636317481513,1.6000000000000021e-09,6.394884621840902e-14
199.25,0.0,9.601871208545434e-08,2.7118375393254965e-10,3.5838203620382645e-05,1.009964063906548,1.6000000000000021e-09,6.394884621840902e-14
199.5,0.0,9.601325972587259e-08,2.7118171624340484e-10,3.541127268090429e-05,1.0099644908429417,1.6000000000000021e-09,6.394884621840902e-14
199.75,0.0,9.60078691639704e-08,2.711797077083323e-10,3.498949950170431e-05,1.0099649126215136,1.6000000000000021e-09,6.394884621840902e-14
200.0,0.0,9.600253969463904e-08,2.711777279079527e-10,3.457282070775582e-05,1.009965329305639,1.6000000000000021e-09,6.417089082333405e-14
200.25,0.0,9.599727062091116e-08,2.7117577642895486e-10,3.41611737185589e-05,1.0099657409578993,1.6000000000000021e-09,6.417089082333405e-14
200.5,0.0,9.599206125386475e-08,2.711738528640073e-10,3.375449673794421e-05,1.0099661476400912,1.6000000000000021e-09,6.417089082333405e-14
200.75,0.0,9.59869109125284e-08,2.7117195681167115e-10,3.335272874401095e-05,1.0099665494132373,1.6000000000000021e-09,6.394884621840902e-14
201.0,0.0,9.598181892378752e-08,2.711700878763144e-10,3.2955809479196596e-05,1.009966946337596,1.6000000000000021e-09,6.417089082333405e-14
201.25,0.0,9.597678462229185e-08,2.711682456680273e-10,3.256367944047582e-05,1.0099673384726708,1.6000000000000021e-09,6.417089082333405e-14
201.5,0.0,9.597180735036404e-08,2.7116642980253893e-10,3.217627986969248e-05,1.0099677258772208,1.6000000000000021e-09,6.417089082333405e-14
201.75,0.0,9.596688645790937e-08,2.7116463994860625e-10,3.1793159461287245e-05,1.0099681086025518,2.0000000000000018e-09,6.417089082333405e-14
202.0,0.0,9.596202130232655e-08,2.7116287568994603e-10,3.14150548274024e-05,1.0099684867120526,2.0000000000000018e-09,6.417089082333405e-14
202.25,0.0,9.59572112484196e-08,2.711611366533212e-10,3.104150862427155e-05,1.0099688602630676,2.0000000000000018e-09,6.417089082333405e-14
202.5,0.0,9.595245566831084e-08,2.7115942247622593e-10,3.067246498159116e-05,1.0099692293114675,2.0000000000000018e-09,6.417089082333405e-14
202.75,0.0,9.594775394135493e-08,2.711577328013943e-10,3.0307868727402263e-05,1.0099695939124251,2.0000000000000018e-09,6.417089082333405e-14
203.0,0.0,9.594310545405392e-08,2.711560672767244e-10,2.9947665379159295e-05,1.0099699541204237,2.0000000000000018e-09,6.439293542825908e-14
203.25,0.0,9.59385095999733e-08,2.7115442555520275e-10,2.9591801134916322e-05,1.0099703099892654,2.0000000000000018e-09,6.417089082333405e-14
203.5,0.0,9.593396577965925e-08,2.711528072948307e-10,2.9240222864628724e-05,1.009970661572081,2.0000000000000018e-09,6.417089082333405e-14
203.75,0.0,9.592947340055667e-08,2.7115121215855133e-10,2.889287810156873e-05,1.009971008921338,2.0000000000000018e-09,6.417089082333405e-14
204.0,0.0,9.592503187692829e-08,2.711496398141775e-10,2.8549715033854135e-05,1.009971352088849,2.0000000000000018e-09,6.417089082333405e-14
204.25,0.0,9.592064062977485e-08,2.711480899343212e-10,2.8210682496088266e-05,1.0099716911257794,2.0000000000000018e-09,6.417089082333405e-14
204.5,0.0,9.59162990867561e-08,2.711465621963236e-10,2.7875729961108886e-05,1.0099720260826575,2.0000000000000018e-09,6.417089082333405e-14
204.75,0.0,9.591200668211284e-08,2.711450562821866e-10,2.7544807531843876e-05,1.0099723570093806,2.0000000000000018e-09,6.417089082333405e-14
205.0,0.0,9.590776285658989e-08,2.7114357187850467e-10,2.72178659332758e-05,1.0099726839552245,2.0000000000000018e-09,6.417089082333405e-14
205.25,0.0,9.590356705735993e-08,2.711421086763985e-10,2.6894856504511633e-05,1.0099730069688504,2.0000000000000018e-09,6.394884621840902e-14
205.5,0.0,9.589941873794844e-08,2.7114066637144904e-10,2.657573119095431e-05,1.0099733260983137,2.0000000000000018e-09,6.394884621840902e-14
205.75,0.0,9.589531735815929e-08,2.7113924466363254e-10,2.6260442536577664e-05,1.009973641391071,2.0000000000000018e-09,6.394884621840902e-14
206.0,0.0,9.589126238400141e-08,2.7113784325725703e-10,2.59489436763026e-05,1.0099739528939877,2.0000000000000018e-09,6.417089082333405e-14
206.25,0.0,9.588725328761629e-08,2.7113646186089913e-10,2.5641188328473124e-05,1.009974260653346,2.0000000000000018e-09,6.417089082333405e-14
206.5,0.0,9.588328954720637e-08,2.7113510018734224e-10,2.5337130787430092e-05,1.0099745647148521,2.0000000000000018e-09,6.417089082333405e-14
206.75,0.0,9.587937064696419e-08,2.711337579535151e-10,2.503672591618076e-05,1.0099748651236435,2.0000000000000018e-09,6.394884621840902e-14
207.0,0.0,9.587549607700262e-08,2.7113243488043214e-10,2.473992913916606e-05,1.0099751619242965,2.0000000000000018e-09,6.417089082333405e-14
207.25,0.0,9.587166533328562e-08,2.7113113069313356e-10,2.4446696435122187e-05,1.0099754551608326,2.0000000000000018e-09,6.417089082333405e-14
207.5,0.0,9.586787791756014e-08,2.711298451206273e-10,2.415698433003366e-05,1.0099757448767264,2.0000000000000018e-09,6.417089082333405e-14
207.75,0.0,9.586413333728861e-08,2.711285778958312e-10,2.3870749890179036e-05,1.0099760311149122,2.0000000000000018e-09,6.417089082333405e-14
208.0,0.0,9.586043110558233e-08,2.7112732875551646e-10,2.3587950715267592e-05,1.0099763139177906,2.0000000000000018e-09,6.417089082333405e-14
208.25,0.0,9.585677074113569e-08,2.711260974402514e-10,2.3308544931665595e-05,1.0099765933272358,2.0000000000000018e-09,6.417089082333405e-14
208.5,0.0,9.585315176816111e-08,2.7112488369434673e-10,2.3032491185710228e-05,1.0099768693846018,2.0000000000000018e-09,6.417089082333405e-14
208.75,0.0,9.584957372328249e-08,2.7112368726580095e-10,2.2759351671289813e-05,1.0099771421276955,2.400000000000002e-09,6.417089082333405e-14
209.0,0.0,9.584603614558184e-08,2.711225079062469e-10,2.248988781085683e-05,1.0099774115950948,2.400000000000002e-09,6.417089082333405e-14
209.25,0.0,9.584253856410512e-08,2.711213453708991e-10,2.222365482712598e-05,1.0099776778315772,2.400000000000002e-09,6.417089082333405e-14
209.5,0.0,9.583908052450906e-08,2.711201994185018e-10,2.196061338421981e-05,1.0099779408764793,2.400000000000002e-09,6.417089082333405e-14
209.75,0.0,9.583566157765462e-08,2.7111906981127764e-10,2.170072463402427e-05,1.0099782007686495,2.400000000000002e-09,6.417089082333405e-14
210.0,0.0,9.583228127954649e-08,2.711179563148774e-10,2.1443950210008937e-05,1.009978457546455,2.400000000000002e-09,6.417089082333405e-14
210.25,0.0,9.582893919127332e-08,2.7111685869833014e-10,2.1190252221127517e-05,1.009978711247787,2.400000000000002e-09,6.417089082333405e-14
210.5,0.0,9.582563487894868e-08,2.711157767339942e-10,2.0939593245797685e-05,1.0099789619100676,2.400000000000002e-09,6.417089082333405e-14
210.75,0.0,9.582236791365264e-08,2.7111471019750896e-10,2.0691936325958694e-05,1.0099792095702556,2.400000000000002e-09,6.417089082333405e-14
211.0,0.0,9.581913787137415e-08,2.7111365886774745e-10,2.0447244961206195e-05,1.0099794542648515,2.400000000000002e-09,6.417089082333405e-14
211.25,0.0,9.581594433295406e-08,2.7111262252676907e-10,2.0205483103003555e-05,1.0099796960299043,2.400000000000002e-09,6.417089082333405e-14
211.5,0.0,9.581278688402882e-08,2.711116009597738e-10,1.9966615148968088e-05,1.0099799349010168,2.400000000000002e-09,6.417089082333405e-14
211.75,0.0,9.580966511497482e-08,2.711105939550565e-10,1.973060593723072e-05,1.0099801709133513,2.400000000000002e-09,6.417089082333405e-14
212.0,0.0,9.580657862085344e-08,2.71109601303962e-10,1.9497420740868225e-05,1.0099804041016351,2.400000000000002e-09,6.417089082333405e-14
212.25,0.0,9.580352700135676e-08,2.7110862280084106e-10,1.926702526240996e-05,1.009980634500166,2.400000000000002e-09,6.417089082333405e-14
212.5,0.0,9.580050986075385e-08,2.711076582430067e-10,1.9039385628413566e-05,1.0099808621428183,2.400000000000002e-09,6.417089082333405e-14
212.75,0.0,9.579752680783775e-08,2.711067074306913e-10,1.8814468384111268e-05,1.0099810870630466,2.400000000000002e-09,6.417089082333405e-14
213.0,0.0,9.579457745587309e-08,2.7110577016700434e-10,1.859224048812556e-05,1.009981309293893,2.400000000000002e-09,6.417089082333405e-14
213.25,0.0,9.579166142254422e-08,2.711048462578907e-10,1.8372669307253612e-05,1.0099815288679908,2.400000000000002e-09,6.417089082333405e-14
213.5,0.0,9.578877832990418e-08,2.7110393551208966e-10,1.8155722611318935e-05,1.0099817458175706,2.400000000000002e-09,6.417089082333405e-14
213.75,0.0,9.578592780432402e-08,2.7110303774109426e-10,1.7941368568089033e-05,1.0099819601744653,2.400000000000002e-09,6.417089082333405e-14
214.0,0.0,9.578310947644288e-08,2.711021527591116e-10,1.772957573825826e-05,1.0099821719701143,2.400000000000002e-09,6.417089082333405e-14
214.25,0.0,9.57803229811186e-08,2.7110128038302344e-10,1.7520313070497642e-05,1.0099823812355695,2.400000000000002e-09,6.417089082333405e-14
214.5,0.0,9.577756795737898e-08,2.7110042043234754e-10,1.7313549896566584e-05,1.0099825880014992,2.400000000000002e-09,6.417089082333405e-14
214.75,0.0,9.577484404837348e-08,2.710995727291995e-10,1.7109255926488096e-05,1.009982792298194,2.400000000000002e-09,6.417089082333405e-14
215.0,0.0,9.577215090132568e-08,2.7109873709825496e-10,1.690740124378639e-05,1.0099829941555707,2.400000000000002e-09,6.417089082333405e-14
215.25,0.0,9.576948816748607e-08,2.710979133667129e-10,1.67079563007861e-05,1.0099831936031773,2.400000000000002e-09,6.417089082333405e-14
215.5,0.0,9.57668555020857e-08,2.710971013642588e-10,1.6510891913972108e-05,1.0099833906701976,2.400000000000002e-09,6.417089082333405e-14
215.75,0.0,9.576425256429005e-08,2.7109630092302875e-10,1.6316179259408588e-05,1.009983585385456,2.400000000000002e-09,6.417089082333405e-14
216.0,0.0,9.576167901715366e-08,2.7109551187757424e-10,1.6123789868216658e-05,1.0099837777774214,2.400000000000002e-09,6.417089082333405e-14
216.25,0.0,9.575913452757523e-08,2.7109473406482666e-10,1.5933695622112238e-05,1.0099839678742129,2.400000000000002e-09,6.417089082333405e-14
216.5,0.0,9.575661876625325e-08,2.7109396732406353e-10,1.5745868748999536e-05,1.0099841557036024,2.400000000000002e-09,6.417089082333405e-14
216.75,0.0,9.575413140764216e-08,2.7109321149687397e-10,1.556028181862161e-05,1.009984341293021,2.400000000000002e-09,6.417089082333405e-14
217.0,0.0,9.575167212990902e-08,2.710924664271256e-10,1.5376907738267043e-05,1.0099845246695613,2.400000000000002e-09,6.417089082333405e-14
217.25,0.0,9.57492406148907e-08,2.710917319609316e-10,1.5195719748531951e-05,1.0099847058599831,2.400000000000002e-09,6.394884621840902e-14
217.5,0.0,9.574683654805148e-08,2.7109100794661806e-10,1.5016691419136522e-05,1.0099848848907174,2.400000000000002e-09,6.394884621840902e-14
217.75,0.0,9.574445961844144e-08,2.7109029423469204e-10,1.4839796644794792e-05,1.0099850617878694,2.400000000000002e-09,6.417089082333405e-14
218.0,0.0,9.574210951865485e-08,2.7108959067781007e-10,1.4665009641137096e-05,1.009985236577224,2.400000000000002e-09,6.417089082333405e-14
218.25,0.0,9.573978594478959e-08,2.7108889713074713e-10,1.4492304940686662e-05,1.0099854092842486,2.400000000000002e-09,6.417089082333405e-14
218.5,0.0,9.573748859640662e-08,2.710882135424172e-10,1.432126065664351e-05,1.0099855799308306,2.8000000000000023e-09,6.394884621840902e-14
218.75,0.0,9.573521717649018e-08,2.710875398012787e-10,1.4152652992057154e-05,1.0099857485407673,2.8000000000000023e-09,6.394884621840902e-14
219.0,0.0,9.573297139140832e-08,2.7108687564260506e-10,1.3986052945145331e-05,1.0099859151430608,2.8000000000000023e-09,6.417089082333405e-14
219.25,0.0,9.573075095087399e-08,2.7108622092942097e-10,1.3821436279549643e-05,1.0099860797619473,2.8000000000000023e-09,6.394884621840902e-14
219.5,0.0,9.572855556790651e-08,2.7108557552671933e-10,1.3658779056389634e-05,1.0099862424213666,2.8000000000000023e-09,6.417089082333405e-14
219.75,0.0,9.572638495879354e-08,2.7108493930143257e-10,1.3498057630539149e-05,1.0099864031449637,2.8000000000000023e-09,6.417089082333405e-14
220.0,0.0,9.572423884305346e-08,2.71084312122405e-10,1.3339248646950318e-05,1.009986561956094,2.8000000000000023e-09,6.394884621840902e-14
220.25,0.0,9.572211694339822e-08,2.71083693860365e-10,1.3182329037024744e-05,1.0099867188778264,2.8000000000000023e-09,6.417089082333405e-14
220.5,0.0,9.572001898569658e-08,2.7108308438789767e-10,1.30272760150309e-05,1.009986873932947,2.8000000000000023e-09,6.394884621840902e-14
220.75,0.0,9.571794469893791e-08,2.710824835794183e-10,1.2874067074567462e-05,1.0099870271439624,2.8000000000000023e-09,6.417089082333405e-14
221.0,0.0,9.571589381519621e-08,2.710818913111457e-10,1.2722679985072023e-05,1.0099871785331034,2.8000000000000023e-09,6.417089082333405e-14
221.25,0.0,9.571386606959471e-08,2.710813074610763e-10,1.2573092788374503e-05,1.0099873281223284,2.8000000000000023e-09,6.417089082333405e-14
221.5,0.0,9.571186120027082e-08,2.7108073190895843e-10,1.242528379529424e-05,1.009987475933327,2.8000000000000023e-09,6.417089082333405e-14
221.75,0.0,9.57098789483415e-08,2.710801645362671e-10,1.2279231582280173e-05,1.0099876219875228,2.8000000000000023e-09,6.417089082333405e-14
222.0,0.0,9.570791905786906e-08,2.7107960522617885e-10,1.2134914988095349e-05,1.0099877663060772,2.8000000000000023e-09,6.394884621840902e-14
222.25,0.0,9.570598127582731e-08,2.7107905386354756e-10,1.1992313110542635e-05,1.009987908909893,2.8000000000000023e-09,6.394884621840902e-14
222.5,0.0,9.570406535206812e-08,2.710785103348798e-10,1.1851405303232354e-05,1.009988049819617,2.8000000000000023e-09,6.417089082333405e-14
222.75,0.0,9.570217103928844e-08,2.7107797452831146e-10,1.1712171172391271e-05,1.0099881890556426,2.8000000000000023e-09,6.394884621840902e-14
223.0,0.0,9.570029809299757e-08,2.710774463335838e-10,1.1574590573712473e-05,1.0099883266381149,2.8000000000000023e-09,6.417089082333405e-14
223.25,0.0,9.569844627148493e-08,2.7107692564202053e-10,1.1438643609245388e-05,1.0099884625869315,2.8000000000000023e-09,6.394884621840902e-14
223.5,0.0,9.569661533578819e-08,2.7107641234650496e-10,1.1304310624325143e-05,1.009988596921748,2.8000000000000023e-09,6.394884621840902e-14
223.75,0.0,9.569480504966168e-08,2.7107590634145743e-10,1.1171572204540733e-05,1.0099887296619785,2.8000000000000023e-09,6.394884621840902e-14
224.0,0.0,9.569301517954527e-08,2.710754075228131e-10,1.1040409172743015e-05,1.0099888608268008,2.8000000000000023e-09,6.417089082333405e-14
224.25,0.0,9.569124549453358e-08,2.7107491578800027e-10,1.091080258608985e-05,1.0099889904351576,2.8000000000000023e-09,6.394884621840902e-14
224.5,0.0,9.568949576634555e-08,2.7107443103591867e-10,1.0782733733128938e-05,1.0099891185057608,2.8000000000000023e-09,6.417089082333405e-14
224.75,0.0,9.568776576929433e-08,2.710739531669184e-10,1.0656184130917922e-05,1.0099892450570935,2.8000000000000023e-09,6.417089082333405e-14
225.0,0.0,9.568605528025754e-08,2.7107348208277876e-10,1.0531135522181227e-05,1.0099893701074132,2.8000000000000023e-09,6.417089082333405e-14
225.25,0.0,9.568436407864798e-08,2.7107301768668797e-10,1.0407569872503096e-05,1.0099894936747544,2.8000000000000023e-09,6.394884621840902e-14
225.5,0.0,9.568269194638445e-08,2.710725598832226e-10,1.0285469367556024e-05,1.0099896157769321,2.8000000000000023e-09,6.417089082333405e-14
225.75,0.0,9.568103866786313e-08,2.710721085783276e-10,1.016481641036412e-05,1.009989736431543,2.8000000000000023e-09,6.417089082333405e-14
226.0,0.0,9.567940402992918e-08,2.710716636792967e-10,1.0045593618602324e-05,1.0099898556559699,2.8000000000000023e-09,6.417089082333405e-14
226.25,0.0,9.567778785529657e-08,2.7107122509475287e-10,9.927390915198949e-06,1.0099899734602897,3.200000000000002e-09,6.394884621840902e-14
226.5,0.0,9.567618990724083e-08,2.7107079273462915e-10,9.81098532007277e-06,1.0099900898674834,3.200000000000002e-09,6.417089082333405e-14
226.75,0.0,9.567460997392127e-08,2.7107036651014983e-10,9.69595883502372e-06,1.0099902048955487,3.200000000000002e-09,6.417089082333405e-14
227.0,0.0,9.567304785171852e-08,2.7106994633381167e-10,9.58229491352337e-06,1.0099903185610328,3.200000000000002e-09,6.417089082333405e-14
227.25,0.0,9.567150333932487e-08,2.710695321193658e-10,9.469977210619128e-06,1.0099904308802807,3.200000000000002e-09,6.417089082333405e-14
227.5,0.0,9.566997623771779e-08,2.7106912378179964e-10,9.358989580433558e-06,1.0099905418694384,3.200000000000002e-09,6.417089082333405e-14
227.75,0.0,9.566846635013379e-08,2.710687212373187e-10,9.249316073695431e-06,1.0099906515444554,3.200000000000002e-09,6.417089082333405e-14
228.0,0.0,9.566697348204264e-08,2.710683244033296e-10,9.140940935302107e-06,1.0099907599210871,3.200000000000002e-09,6.417089082333405e-14
228.25,0.0,9.566549744112178e-08,2.7106793319842237e-10,9.033848601912601e-06,1.009990867014897,3.200000000000002e-09,6.417089082333405e-14
228.5,0.0,9.566403803723112e-08,2.710675475423535e-10,8.928023699571272e-06,1.009990972841259,3.200000000000002e-09,6.417089082333405e-14
228.75,0.0,9.566259508238804e-08,2.710671673560292e-10,8.823451041361676e-06,1.0099910774153604,3.200000000000002e-09,6.417089082333405e-14
229.0,0.0,9.566116839074277e-08,2.7106679256148874e-10,8.720115625090033e-06,1.0099911807522037,3.200000000000002e-09,6.394884621840902e-14
229.25,0.0,9.5659757778554e-08,2.7106642308188823e-10,8.618002630997734e-06,1.0099912828666089,3.200000000000002e-09,6.417089082333405e-14
229.5,0.0,9.565836306416485e-08,2.7106605884148454e-10,8.517097419502757e-06,1.0099913837732155,3.200000000000002e-09,6.417089082333405e-14
229.75,0.0,9.565698406797892e-08,2.7106569976561936e-10,8.417385528970462e-06,1.0099914834864854,3.200000000000002e-09,6.417089082333405e-14
230.0,0.0,9.565562061243689e-08,2.710653457807036e-10,8.318852673511548e-06,1.0099915820207046,3.200000000000002e-09,6.417089082333405e-14
230.25,0.0,9.56542725219932e-08,2.7106499681420205e-10,8.221484740808241e-06,1.0099916793899857,3.200000000000002e-09,6.394884621840902e-14
230.5,0.0,9.565293962309303e-08,2.710646527946183e-10,8.125267789967904e-06,1.0099917756082697,3.200000000000002e-09,6.394884621840902e-14
230.75,0.0,9.565162174414962e-08,2.710643136514795e-10,8.030188049403868e-06,1.0099918706893285,3.200000000000002e-09,6.394884621840902e-14
231.0,0.0,9.565031871552175e-08,2.710639793153219e-10,7.93623191474295e-06,1.0099919646467665,3.200000000000002e-09,6.394884621840902e-14
231.25,0.0,9.564903036949159e-08,2.710636497176762e-10,7.843385946759087e-06,1.0099920574940233,3.200000000000002e-09,6.417089082333405e-14
231.5,0.0,9.564775654024268e-08,2.710633247910533e-10,7.751636869333094e-06,1.0099921492443749,3.200000000000002e-09,6.417089082333405e-14
231.75,0.0,9.56464970638383e-08,2.7106300446893013e-10,7.66097156743884e-06,1.0099922399109365,3.200000000000002e-09,6.394884621840902e-14
232.0,0.0,9.564525177819998e-08,2.7106268868573577e-10,7.571377085153916e-06,1.0099923295066644,3.200000000000002e-09,6.394884621840902e-14
232.25,0.0,9.564402052308633e-08,2.7106237737683786e-10,7.482840623695759e-06,1.0099924180443574,3.200000000000002e-09,6.394884621840902e-14
232.5,0.0,9.564280314007202e-08,2.7106207047852886e-10,7.394955888559044e-06,1.0099925055303103,3.600000000000002e-09,6.417089082333405e-14
232.75,0.0,9.564159947252715e-08,2.71061767928013e-10,7.30850500215074e-06,1.0099925919824007,3.600000000000002e-09,6.417089082333405e-14
233.0,0.0,9.564040936559673e-08,2.7106146966339294e-10,7.223074528014276e-06,1.0099926774140653,3.600000000000002e-09,6.417089082333405e-14
233.25,0.0,9.563923266618045e-08,2.710611756236571e-10,7.138652279299209e-06,1.009992761837491,3.600000000000002e-09,6.439293542825908e-14
233.5,0.0,9.563806922291265e-08,2.7106088574866675e-10,7.0552262167933895e-06,1.0099928452647173,3.600000000000002e-09,6.439293542825908e-14
233.75,0.0,9.563691888614261e-08,2.7106059997914344e-10,6.97278444710365e-06,1.0099929277076376,3.600000000000002e-09,6.417089082333405e-14
234.0,0.0,9.563578150791491e-08,2.710603182566567e-10,6.8913152208593625e-06,1.0099930091780014,3.600000000000002e-09,6.417089082333405e-14
234.25,0.0,9.563465694195021e-08,2.7106004052361186e-10,6.810806930938627e-06,1.0099930896874163,3.600000000000002e-09,6.439293542825908e-14
234.5,0.0,9.563354504362605e-08,2.7105976672323795e-10,6.731248110716641e-06,1.0099931692473487,3.600000000000002e-09,6.439293542825908e-14
234.75,0.0,9.563244566995805e-08,2.7105949679957595e-10,6.6526274323361205e-06,1.0099932478691267,3.600000000000002e-09,6.417089082333405e-14
235.0,0.0,9.563135867958124e-08,2.7105923069746703e-10,6.574933704999546e-06,1.0099933255639413,3.600000000000002e-09,6.417089082333405e-14
235.25,0.0,9.563028393273152e-08,2.7105896836254123e-10,6.498155873282804e-06,1.009993402342848,3.600000000000002e-09,6.439293542825908e-14
235.5,0.0,9.562922129122758e-08,2.710587097412058e-10,6.422283015469816e-06,1.0099934782167688,3.600000000000002e-09,6.439293542825908e-14
235.75,0.0,9.562817061845272e-08,2.710584547806343e-10,6.347304341907978e-06,1.0099935531964932,3.600000000000002e-09,6.417089082333405e-14
236.0,0.0,9.562713177933716e-08,2.710582034287557e-10,6.273209193384881e-06,1.0099936272926808,3.600000000000002e-09,6.417089082333405e-14
236.25,0.0,9.562610464034032e-08,2.710579556595874e-10,6.1995882348974215e-06,1.0099937005146669,4.000000000000002e-09,6.439293542825908e-14
236.5,0.0,9.562508906943349e-08,2.710577115102333e-10,6.12723519957449e-06,1.009993772868718,4.000000000000002e-09,6.461498003318411e-14
236.75,0.0,9.562408493608259e-08,2.7105747081551684e-10,6.0557343715358506e-06,1.0099938443705503,4.000000000000002e-09,6.439293542825908e-14
237.0,0.0,9.562309211123113e-08,2.710572335263177e-10,5.984683053229046e-06,1.0099939150228616,4.4000000000000005e-09,6.417089082333405e-14
237.25,0.0,9.562211046728347e-08,2.710569995942177e-10,5.914864610882377e-06,1.0099939848422859,4.4000000000000005e-09,6.417089082333405e-14
237.5,0.0,9.56211398780881e-08,2.7105676897149017e-10,5.845868111850668e-06,1.0099940538397556,4.4000000000000005e-09,6.394884621840902e-14
237.75,0.0,9.562018021892125e-08,2.710565416110906e-10,5.777683771593301e-06,1.0099941220250557,4.4000000000000005e-09,6.394884621840902e-14
238.0,0.0,9.561923136647068e-08,2.710563174666464e-10,5.710301923625412e-06,1.0099941894078528,4.4000000000000005e-09,6.394884621840902e-14
238.25,0.0,9.561829319881959e-08,2.710560964924475e-10,5.64371301807037e-06,1.0099942559976967,4.4000000000000005e-09,6.394884621840902e-14
238.5,0.0,9.561736559543072e-08,2.7105587864343666e-10,5.577907620230358e-06,1.0099943218040224,4.4000000000000005e-09,6.394884621840902e-14
238.75,0.0,9.561644843713073e-08,2.7105566387520034e-10,5.512876409174832e-06,1.009994386836151,4.4000000000000005e-09,6.417089082333405e-14
239.0,0.0,9.561554160609459e-08,2.710554521439592e-10,5.448610176346539e-06,1.0099944511032908,4.4000000000000005e-09,6.417089082333405e-14
239.25,0.0,9.561464498583037e-08,2.7105524340655903e-10,5.385099824184966e-06,1.0099945146145397,4.4000000000000005e-09,6.394884621840902e-14
239.5,0.0,9.561375846116395e-08,2.710550376204621e-10,5.322336364767058e-06,1.0099945773788859,4.4000000000000005e-09,6.394884621840902e-14
239.75,0.0,9.561288191822414e-08,2.7105483474373794e-10,5.260310918464868e-06,1.009994639405209,4.4000000000000005e-09,6.417089082333405e-14
240.0,0.0,9.561201524442785e-08,2.710546347350547e-10,5.199014712619826e-06,1.0099947007022818,4.4000000000000005e-09,6.417089082333405e-14
240.25,0.0,9.561115832846539e-08,2.7105443755367066e-10,5.138439080233444e-06,1.0099947612787712,4.4000000000000005e-09,6.417089082333405e-14
240.5,0.0,9.561031106028606e-08,2.710542431594258e-10,5.078575458674864e-06,1.0099948211432401,4.4000000000000005e-09,6.394884621840902e-14
240.75,0.0,9.56094733310838e-08,2.710540515127332e-10,5.019415388404018e-06,1.0099948803041485,4.4000000000000005e-09,6.417089082333405e-14
241.0,0.0,9.56086450332831e-08,2.710538625745711e-10,4.960950511710827e-06,1.0099949387698537,4.4000000000000005e-09,6.417089082333405e-14
241.25,0.0,9.560782606052495e-08,2.710536763064747e-10,4.903172571470132e-06,1.009994996548613,4.4000000000000005e-09,6.417089082333405e-14
241.5,0.0,9.560701630765304e-08,2.710534926705281e-10,4.846073409912201e-06,1.0099950536485847,4.4000000000000005e-09,6.439293542825908e-14
241.75,0.0,9.560621567070016e-08,2.710533116293565e-10,4.7896449674085105e-06,1.009995110077828,4.4000000000000005e-09,6.417089082333405e-14
242.0,0.0,9.56054240468746e-08,2.710531331461184e-10,4.733879281272534e-06,1.0099951658443058,4.4000000000000005e-09,6.417089082333405e-14
242.25,0.0,9.560464133454683e-08,2.7105295718449796e-10,4.678768484575369e-06,1.0099952209558853,4.4000000000000005e-09,6.417089082333405e-14
242.5,0.0,9.560386743323634e-08,2.7105278370869756e-10,4.6243048049765544e-06,1.0099952754203392,4.4000000000000005e-09,6.439293542825908e-14
242.75,0.0,9.560310224359857e-08,2.7105261268343016e-10,4.570480563568994e-06,1.0099953292453459,4.4000000000000005e-09,6.417089082333405e-14
243.0,0.0,9.560234566741195e-08,2.7105244407391215e-10,4.517288173738346e-06,1.0099953824384924,4.4000000000000005e-09,6.417089082333405e-14
243.25,0.0,9.560159760756525e-08,2.7105227784585613e-10,4.464720140036627e-06,1.0099954350072744,4.4000000000000005e-09,6.417089082333405e-14
243.5,0.0,9.56008579680449e-08,2.710521139654637e-10,4.412769057069865e-06,1.009995486959097,4.4000000000000005e-09,6.417089082333405e-14
243.75,0.0,9.560012665392255e-08,2.7105195239941843e-10,4.3614276083995536e-06,1.0099955383012773,4.4000000000000005e-09,6.417089082333405e-14
244.0,0.0,9.55994035713428e-08,2.7105179311487916e-10,4.310688565457641e-06,1.0099955890410435,4.4000000000000005e-09,6.417089082333405e-14
244.25,0.0,9.55986886275109e-08,2.71051636079473e-10,4.260544786474929e-06,1.0099956391855376,4.4000000000000005e-09,6.417089082333405e-14
244.5,0.0,9.559798173068087e-08,2.7105148126128855e-10,4.210590988545029e-06,1.0099956887400425,4.800000000000001e-09,6.417089082333405e-14
244.75,0.0,9.559728279014344e-08,2.7105132862886965e-10,4.161625199513465e-06,1.0099957377065305,4.800000000000001e-09,6.417089082333405e-14
245.0,0.0,9.559659171621443e-08,2.7105117815120836e-10,4.113233576038269e-06,1.009995786098845,4.800000000000001e-09,6.394884621840902e-14
245.25,0.0,9.559590842022301e-08,2.7105102979773893e-10,4.0654093170301526e-06,1.0099958339237876,4.800000000000001e-09,6.394884621840902e-14
245.5,0.0,9.559523281450028e-08,2.7105088353833125e-10,4.018145702953246e-06,1.0099958811880774,4.800000000000001e-09,6.394884621840902e-14
245.75,0.0,9.559456481236782e-08,2.7105073934328477e-10,3.971436094832769e-06,1.0099959278983537,4.800000000000001e-09,6.394884621840902e-14
246.0,0.0,9.559390432812653e-08,2.710505971833222e-10,3.925273933274973e-06,1.009995974061176,4.800000000000001e-09,6.417089082333405e-14
246.25,0.0,9.559325127704551e-08,2.710504570295835e-10,3.879652737499226e-06,1.0099960196830249,4.800000000000001e-09,6.394884621840902e-14
246.5,0.0,9.559260557535103e-08,2.7105031885361994e-10,3.834566104382087e-06,1.0099960647703037,4.800000000000001e-09,6.394884621840902e-14
246.75,0.0,9.559196714021573e-08,2.7105018262738814e-10,3.790007707513142e-06,1.0099961093293393,4.800000000000001e-09,6.394884621840902e-14
247.0,0.0,9.559133588974785e-08,2.710500483232443e-10,3.7459712962625652e-06,1.009996153366382,4.800000000000001e-09,6.417089082333405e-14
247.25,0.0,9.559071174298064e-08,2.7104991591393857e-10,3.702450694860251e-06,1.0099961968876074,4.800000000000001e-09,6.394884621840902e-14
247.5,0.0,9.559009461986186e-08,2.710497853726092e-10,3.659439801486289e-06,1.0099962398991182,4.800000000000001e-09,6.417089082333405e-14
247.75,0.0,9.558948444124344e-08,2.710496566727772e-10,3.6169325873726024e-06,1.0099962824069426,4.800000000000001e-09,6.394884621840902e-14
248.0,0.0,9.558888112887118e-08,2.710495297883407e-10,3.574923095915659e-06,1.0099963244170376,4.800000000000001e-09,6.417089082333405e-14
248.25,0.0,9.558828460537468e-08,2.7104940469356965e-10,3.5334054418004555e-06,1.0099963659352882,4.800000000000001e-09,6.394884621840902e-14
248.5,0.0,9.558769479425725e-08,2.7104928136310044e-10,3.492373810134961e-06,1.0099964069675098,4.800000000000001e-09,6.394884621840902e-14
248.75,0.0,9.558711161988607e-08,2.7104915977193073e-10,3.4518224555953693e-06,1.0099964475194476,4.800000000000001e-09,6.394884621840902e-14
249.0,0.0,9.558653500748235e-08,2.7104903989541415e-10,3.4117457015819192e-06,1.0099964875967784,4.800000000000001e-09,6.394884621840902e-14
249.25,0.0,9.558596488311171e-08,2.710489217092553e-10,3.3721379393851602e-06,1.0099965272051108,4.800000000000001e-09,6.394884621840902e-14
249.5,0.0,9.558540117367454e-08,2.710488051895048e-10,3.3329936273624826e-06,1.0099965663499866,4.800000000000001e-09,6.394884621840902e-14
249.75,0.0,9.55848438068966e-08,2.7104869031255414e-10,3.2943072901247107e-06,1.0099966050368814,4.800000000000001e-09,6.394884621840902e-14
250.0,0.0,9.558429271131964e-08,2.71048577055131e-10,3.256073517732735e-06,1.0099966432712049,4.800000000000001e-09,6.372680161348399e-14
250.25,0.0,9.558374781629215e-08,2.710484653942942e-10,3.218286964904302e-06,1.0099966810583028,4.800000000000001e-09,6.394884621840902e-14
250.5,0.0,9.558320905196024e-08,2.710483553074293e-10,3.1809423502302684e-06,1.0099967184034564,4.800000000000001e-09,6.394884621840902e-14
250.75,0.0,9.55826763492586e-08,2.710482467722436e-10,3.14403445540063e-06,1.009996755311884,4.800000000000001e-09,6.394884621840902e-14
251.0,0.0,9.558214966131129e-08,2.710481397760246e-10,3.1071645011230006e-06,1.009996791782365,5.200000000000001e-09,6.372680161348399e-14
251.25,0.0,9.558162890038045e-08,2.7104803428836043e-10,3.0711213698502276e-06,1.0099968278260172,5.200000000000001e-09,6.394884621840902e-14
251.5,0.0,9.558111399813999e-08,2.7104793028721597e-10,3.0354995594154622e-06,1.0099968634483425,5.200000000000001e-09,6.372680161348399e-14
251.75,0.0,9.558060488859715e-08,2.7104782775154356e-10,3.0002940983220723e-06,1.0099968986543129,5.200000000000001e-09,6.394884621840902e-14
252.0,0.0,9.558010150650407e-08,2.7104772666059507e-10,2.965500074409728e-06,1.0099969334488403,5.200000000000001e-09,6.394884621840902e-14
252.25,0.0,9.557960378734921e-08,2.7104762699391745e-10,2.9311126341364423e-06,1.0099969678367784,5.200000000000001e-09,6.394884621840902e-14
252.5,0.0,9.557911166734905e-08,2.7104752873134877e-10,2.897126981869437e-06,1.009997001822923,5.200000000000001e-09,6.394884621840902e-14
252.75,0.0,9.557862508343991e-08,2.710474318530137e-10,2.863538379184747e-06,1.0099970354120122,5.200000000000001e-09,6.394884621840902e-14
253.0,0.0,9.557814397326972e-08,2.7104733633931975e-10,2.830342144175402e-06,1.0099970686087285,5.200000000000001e-09,6.394884621840902e-14
253.25,0.0,9.557766827519002e-08,2.71047242170953e-10,2.7975336507681104e-06,1.0099971014176976,5.200000000000001e-09,6.394884621840902e-14
253.5,0.0,9.557719792824796e-08,2.710471493288744e-10,2.765108328048375e-06,1.0099971338434908,5.200000000000001e-09,6.394884621840902e-14
253.75,0.0,9.557673287217845e-08,2.7104705784137163e-10,2.7326671013887543e-06,1.0099971658851825,5.6000000000000005e-09,6.394884621840902e-14
254.0,0.0,9.557627304739636e-08,2.71046967644623e-10,2.7010002671735815e-06,1.0099971975524766,5.6000000000000005e-09,6.372680161348399e-14
254.25,0.0,9.557581839498884e-08,2.7104687871795615e-10,2.6697031345358434e-06,1.009997228850064,5.6000000000000005e-09,6.394884621840902e-14
254.5,0.0,9.55753688567077e-08,2.7104679104340183e-10,2.6387713477653874e-06,1.0099972597823004,5.6000000000000005e-09,6.372680161348399e-14
254.75,0.0,9.557492437496188e-08,2.710467046032464e-10,2.608200603042101e-06,1.0099972903534897,5.6000000000000005e-09,6.394884621840902e-14
255.0,0.0,9.557448489281006e-08,2.7104661938002787e-10,2.5779866478094447e-06,1.0099973205678845,5.6000000000000005e-09,6.372680161348399e-14
255.25,0.0,9.557405035395325e-08,2.7104653535653256e-10,2.548125280155665e-06,1.0099973504296869,5.6000000000000005e-09,6.394884621840902e-14
255.5,0.0,9.557362070272755e-08,2.7104645251579147e-10,2.518612348202618e-06,1.0099973799430484,5.6000000000000005e-09,6.372680161348399e-14
255.75,0.0,9.557319588409696e-08,2.710463708410767e-10,2.489443749502053e-06,1.009997409112072,5.6000000000000005e-09,6.372680161348399e-14
256.0,0.0,9.557277584364632e-08,2.7104629031589813e-10,2.4606154304392968e-06,1.0099974379408112,5.6000000000000005e-09,6.372680161348399e-14
256.25,0.0,9.557236052757419e-08,2.7104621092399996e-10,2.432123385644282e-06,1.0099974664332716,5.6000000000000005e-09,6.394884621840902e-14
256.5,0.0,9.5571949882686e-08,2.710461326493574e-10,2.403963657409789e-06,1.0099974945934105,5.6000000000000005e-09,6.394884621840902e-14
256.75,0.0,9.557154385638714e-08,2.7104605547617336e-10,2.376132335116781e-06,1.009997522425139,5.6000000000000005e-09,6.394884621840902e-14
257.0,0.0,9.557114239667621e-08,2.7104597938887513e-10,2.348625554666706e-06,1.0099975499323208,5.6000000000000005e-09,6.394884621840902e-14
257.25,0.0,9.557074545213824e-08,2.7104590437211125e-10,2.3214394979209103e-06,1.0099975771187746,5.6000000000000005e-09,6.394884621840902e-14
257.5,0.0,9.557035297193813e-08,2.710458304107484e-10,2.2945703921468448e-06,1.009997603988273,5.6000000000000005e-09,6.394884621840902e-14
257.75,0.0,9.556996490581407e-08,2.710457574898682e-10,2.2680145094709924e-06,1.0099976305445437,5.6000000000000005e-09,6.394884621840902e-14
258.0,0.0,9.556958120407107e-08,2.7104568559476413e-10,2.241768166338528e-06,1.0099976567912707,5.6000000000000005e-09,6.394884621840902e-14
258.25,0.0,9.55692018175745e-08,2.710456147109385e-10,2.2158277229796097e-06,1.0099976827320936,5.6000000000000005e-09,6.394884621840902e-14
258.5,0.0,9.556882669774382e-08,2.7104554482409965e-10,2.190189582882203e-06,1.0099977083706089,5.6000000000000005e-09,6.394884621840902e-14
258.75,0.0,9.556845579654626e-08,2.7104547592015873e-10,2.1648501922713122e-06,1.0099977337103703,5.6000000000000005e-09,6.372680161348399e-14
259.0,0.0,9.556808906649066e-08,2.7104540798522696e-10,2.139806039594514e-06,1.0099977587548898,5.6000000000000005e-09,6.394884621840902e-14
259.25,0.0,9.556772646062136e-08,2.710453410056129e-10,2.1150536550139362e-06,1.009997783507637,5.6000000000000005e-09,6.394884621840902e-14
259.5,0.0,9.55673679325121e-08,2.7104527496781937e-10,2.0905896099043634e-06,1.0099978079720409,5.6000000000000005e-09,6.394884621840902e-14
259.75,0.0,9.556701343626008e-08,2.7104520985854077e-10,2.0664105163574393e-06,1.0099978321514889,5.6000000000000005e-09,6.394884621840902e-14
260.0,0.0,9.556666292648e-08,2.7104514566466045e-10,2.0425130266919484e-06,1.0099978560493292,5.6000000000000005e-09,6.394884621840902e-14
260.25,0.0,9.556631635912286e-08,2.71045082373645e-10,2.018493982041993e-06,1.0099978796687206,6e-09,6.417089082333405e-14
260.5,0.0,9.556597372501349e-08,2.7104501998968863e-10,1.9951564758504954e-06,1.0099979030065693,6e-09,6.394884621840902e-14
260.75,0.0,9.556563494365327e-08,2.710449584825917e-10,1.9720906561129486e-06,1.009997926072728,6e-09,6.417089082333405e-14
261.0,0.0,9.556529997167944e-08,2.7104489783997147e-10,1.9492933331260453e-06,1.009997948870386,6e-09,6.417089082333405e-14
261.25,0.0,9.556496877932219e-08,2.7104483822918537e-10,1.926367568242946e-06,1.0099979713964824,6.4e-09,6.439293542825908e-14
261.5,0.0,9.556464131176841e-08,2.7104477946797994e-10,1.9041043571091857e-06,1.009997993660021,6.4e-09,6.417089082333405e-14
261.75,0.0,9.556431752619428e-08,2.7104472153201125e-10,1.8821001903179412e-06,1.0099980156645116,6.4e-09,6.417089082333405e-14
262.0,0.0,9.556399738116297e-08,2.7104466440963647e-10,1.8603520286066984e-06,1.0099980374129935,6.4e-09,6.417089082333405e-14
262.25,0.0,9.556368083570467e-08,2.710446080893778e-10,1.8388568687343745e-06,1.00999805890847,6.4e-09,6.439293542825908e-14
262.5,0.0,9.556336784931126e-08,2.7104455255992023e-10,1.8176117430491424e-06,1.0099980801539088,6.4e-09,6.439293542825908e-14
262.75,0.0,9.556305838193112e-08,2.7104449781010903e-10,1.7966137190615109e-06,1.0099981011522423,6.4e-09,6.439293542825908e-14
263.0,0.0,9.556275239396396e-08,2.7104444382894756e-10,1.7758598990226132e-06,1.0099981219063683,6.4e-09,6.417089082333405e-14
263.25,0.0,9.556244984625576e-08,2.710443906055951e-10,1.7553474195076193e-06,1.0099981424191504,6.4e-09,6.417089082333405e-14
263.5,0.0,9.556215070009365e-08,2.710443381293643e-10,1.7350734510042022e-06,1.0099981626934182,6.4e-09,6.439293542825908e-14
263.75,0.0,9.556185491720104e-08,2.710442863897196e-10,1.715035197506034e-06,1.0099981827319675,6.4e-09,6.439293542825908e-14
264.0,0.0,9.556156245973259e-08,2.710442353762744e-10,1.6952298961112363e-06,1.0099982025375613,6.4e-09,6.417089082333405e-14
264.25,0.0,9.55612732902694e-08,2.7104418507878943e-10,1.6756548166256887e-06,1.00999822211293,6.4e-09,6.417089082333405e-14
264.5,0.0,9.556098737181419e-08,2.710441354871703e-10,1.6563072611711169e-06,1.0099982414607716,6.4e-09,6.439293542825908e-14
264.75,0.0,9.55607046677865e-08,2.7104408659146575e-10,1.6371845637980088e-06,1.0099982605837516,6.4e-09,6.417089082333405e-14
265.0,0.0,9.556042514201803e-08,2.710440383818655e-10,1.6182840901032585e-06,1.0099982794845048,6.4e-09,6.417089082333405e-14
265.25,0.0,9.556014875874797e-08,2.7104399084869803e-10,1.5996032368523714e-06,1.0099982981656346,6.4e-09,6.417089082333405e-14
265.5,0.0,9.555987548261838e-08,2.7104394398242896e-10,1.5811394316062926e-06,1.009998316629713,6.4e-09,6.417089082333405e-14
265.75,0.0,9.555960527866968e-08,2.7104389777365887e-10,1.5628901323527838e-06,1.0099983348792827,6.4e-09,6.439293542825908e-14
266.0,0.0,9.555933811233614e-08,2.710438522131214e-10,1.5448528271422786e-06,1.009998352916855,6.4e-09,6.417089082333405e-14
266.25,0.0,9.555907394944139e-08,2.7104380729168147e-10,1.5270250337281417e-06,1.0099983707449127,6.4e-09,6.439293542825908e-14
266.5,0.0,9.555881275619409e-08,2.710437630003333e-10,1.509404299211252e-06,1.0099983883659085,6.4e-09,6.439293542825908e-14
266.75,0.0,9.555855449918353e-08,2.7104371933019857e-10,1.4919881996889585e-06,1.0099984057822662,6.4e-09,6.417089082333405e-14
267.0,0.0,9.55582991453754e-08,2.710436762725247e-10,1.474774339908316e-06,1.0099984229963814,6.4e-09,6.417089082333405e-14
267.25,0.0,9.555804666210748e-08,2.7104363381868293e-10,1.4577603529234508e-06,1.009998440010621,6.4e-09,6.439293542825908e-14
267.5,0.0,9.555779701708545e-08,2.710435919601668e-10,1.4409438997571142e-06,1.0099984568273237,6.4e-09,6.417089082333405e-14
267.75,0.0,9.555755017837876e-08,2.7104355068859004e-10,1.4243226690663509e-06,1.0099984734488012,6.4e-09,6.417089082333405e-14
268.0,0.0,9.55573061144165e-08,2.710435099956852e-10,1.4078943768122259e-06,1.0099984898773378,6.4e-09,6.417089082333405e-14
268.25,0.0,9.555706479398336e-08,2.710434698733018e-10,1.3916567659335389e-06,1.00999850611519,6.4e-09,6.417089082333405e-14
268.5,0.0,9.555682618621566e-08,2.710434303134047e-10,1.3756076060244512e-06,1.0099985221645884,6.4e-09,6.417089082333405e-14
268.75,0.0,9.555659026059725e-08,2.710433913080723e-10,1.3597446930160768e-06,1.0099985380277374,6.4e-09,6.417089082333405e-14
269.0,0.0,9.555635698695574e-08,2.7104335284949536e-10,1.3440658488619451e-06,1.009998553706815,6.4e-09,6.439293542825908e-14
269.25,0.0,9.555612633545854e-08,2.710433149299749e-10,1.3285689212272076e-06,1.0099985692039732,6.4e-09,6.417089082333405e-14
269.5,0.0,9.5555898276609e-08,2.71043277541921e-10,1.313251783181633e-06,1.0099985845213393,6.4e-09,6.417089082333405e-14
269.75,0.0,9.55556727812427e-08,2.710432406778509e-10,1.2981123328963321e-06,1.0099985996610152,6.4e-09,6.417089082333405e-14
270.0,0.0,9.555544982052365e-08,2.71043204330388e-10,1.2831484933441585e-06,1.0099986146250777,6.4e-09,6.417089082333405e-14
270.25,0.0,9.555522936594061e-08,2.7104316849225973e-10,1.268358212003717e-06,1.0099986294155796,6.4e-09,6.417089082333405e-14
270.5,0.0,9.55550113893034e-08,2.7104313315629655e-10,1.2537394605669208e-06,1.009998644034549,6.4e-09,6.417089082333405e-14
270.75,0.0,9.555479586273928e-08,2.7104309831543017e-10,1.2392902346501347e-06,1.0099986584839904,6.4e-09,6.417089082333405e-14
271.0,0.0,9.555458275868937e-08,2.7104306396269244e-10,1.2250085535088285e-06,1.0099986727658847,6.4e-09,6.417089082333405e-14
271.25,0.0,9.555437204990518e-08,2.7104303009121355e-10,1.2108924597556177e-06,1.009998686882189,6.4e-09,6.394884621840902e-14
271.5,0.0,9.555416370944497e-08,2.7104299669422097e-10,1.1969400190817407e-06,1.0099987008348383,6.4e-09,6.417089082333405e-14
271.75,0.0,9.555395771067042e-08,2.7104296376503785e-10,1.1831493199819094e-06,1.0099987146257434,6.4e-09,6.417089082333405e-14
272.0,0.0,9.555375402724315e-08,2.7104293129708176e-10,1.1695184734824937e-06,1.0099987282567935,6.4e-09,6.394884621840902e-14
272.25,0.0,9.55535526331213e-08,2.710428992838632e-10,1.1560456128729696e-06,1.0099987417298555,6.4e-09,6.394884621840902e-14
272.5,0.0,9.555335350255627e-08,2.7104286771898457e-10,1.1427288934405888e-06,1.0099987550467742,6.4e-09,6.394884621840902e-14
272.75,0.0,9.555315661008937e-08,2.7104283659613866e-10,1.1295664922082883e-06,1.0099987682093723,6.4e-09,6.394884621840902e-14
273.0,0.0,9.555296193054852e-08,2.710428059091073e-10,1.116162773852116e-06,1.0099987812132853,6.800000000000002e-09,6.372680161348399e-14
273.25,0.0,9.555276943904507e-08,2.7104277565176025e-10,1.103310884855694e-06,1.0099987940653667,6.800000000000002e-09,6.372680161348399e-14
273.5,0.0,9.55525791109706e-08,2.7104274581805397e-10,1.0906078391691414e-06,1.0099988067686028,6.800000000000002e-09,6.372680161348399e-14
273.75,0.0,9.555239092199369e-08,2.7104271640203027e-10,1.0780519006660793e-06,1.0099988193247296,6.800000000000002e-09,6.372680161348399e-14
274.0,0.0,9.55522048480569e-08,2.71042687397815e-10,1.065641353646567e-06,1.0099988317354627,6.800000000000002e-09,6.372680161348399e-14
274.25,0.0,9.555202086537361e-08,2.710426587996173e-10,1.0533745025942518e-06,1.0099988440024978,6.800000000000002e-09,6.394884621840902e-14
274.5,0.0,9.555183895042497e-08,2.7104263060172784e-10,1.0412496719364438e-06,1.0099988561275104,6.800000000000002e-09,6.372680161348399e-14
274.75,0.0,9.555165907995691e-08,2.7104260279851815e-10,1.0292652058070777e-06,1.0099988681121563,6.800000000000002e-09,6.372680161348399e-14
275.0,0.0,9.555148123097714e-08,2.710425753844391e-10,1.0174194678125337e-06,1.0099988799580724,6.800000000000002e-09,6.394884621840902e-14
275.25,0.0,9.555130538075219e-08,2.7104254835402e-10,1.0057108408002605e-06,1.0099988916668752,6.800000000000002e-09,6.372680161348399e-14
275.5,0.0,9.555113150680454e-08,2.710425217018675e-10,9.941377266301912e-07,1.0099989032401633,6.800000000000002e-09,6.372680161348399e-14
275.75,0.0,9.555095958690962e-08,2.710424954226643e-10,9.826985459489177e-07,1.0099989146795159,6.800000000000002e-09,6.372680161348399e-14
276.0,0.0,9.555078959909311e-08,2.710424695111683e-10,9.713917379665765e-07,1.0099989259864939,6.800000000000002e-09,6.372680161348399e-14
276.25,0.0,9.555062152162799e-08,2.710424439622113e-10,9.602157602363992e-07,1.0099989371626397,6.800000000000002e-09,6.372680161348399e-14
276.5,0.0,9.555045533303182e-08,2.710424187706982e-10,9.491690884368999e-07,1.0099989482094778,6.800000000000002e-09,6.394884621840902e-14
276.75,0.0,9.555029101206399e-08,2.7104239393160576e-10,9.382502161567549e-07,1.0099989591285143,6.800000000000002e-09,6.372680161348399e-14
277.0,0.0,9.555012853772292e-08,2.710423694399817e-10,9.274576546821941e-07,1.0099989699212384,6.800000000000002e-09,6.394884621840902e-14
277.25,0.0,9.554996788924348e-08,2.710423452909436e-10,9.167899327869661e-07,1.009998980589121,6.800000000000002e-09,6.394884621840902e-14
277.5,0.0,9.55498090460942e-08,2.71042321479678e-10,9.06245596524831e-07,1.009998991133616,6.800000000000002e-09,6.372680161348399e-14
277.75,0.0,9.554965198797473e-08,2.710422980014394e-10,8.958232090245542e-07,1.0099990015561606,6.800000000000002e-09,6.372680161348399e-14
278.0,0.0,9.554949669481319e-08,2.710422748515492e-10,8.855213502873584e-07,1.0099990118581748,6.800000000000002e-09,6.394884621840902e-14
278.25,0.0,9.554934314676363e-08,2.7104225227950206e-10,8.749434545793908e-07,1.009999022036224,7.2000000000000024e-09,6.394884621840902e-14
278.5,0.0,9.554919132420344e-08,2.7104223009130175e-10,8.648845283969014e-07,1.009999032095302,7.2000000000000024e-09,6.394884621840902e-14
278.75,0.0,9.554904120773085e-08,2.7104220821291134e-10,8.549418770317352e-07,1.0099990420381035,7.2000000000000024e-09,6.394884621840902e-14
279.0,0.0,9.554889277816248e-08,2.710421866399859e-10,8.451141474287483e-07,1.0099990518659816,7.2000000000000024e-09,6.394884621840902e-14
279.25,0.0,9.554874601653077e-08,2.7104216536824194e-10,8.354000024063865e-07,1.0099990615802734,7.2000000000000024e-09,6.394884621840902e-14
279.5,0.0,9.55486009040817e-08,2.710421443934562e-10,8.257981204686246e-07,1.0099990711823004,7.2000000000000024e-09,6.372680161348399e-14
279.75,0.0,9.554845742227225e-08,2.7104212371146476e-10,8.163071956191551e-07,1.0099990806733687,7.2000000000000024e-09,6.372680161348399e-14
280.0,0.0,9.554831555276812e-08,2.710421033181626e-10,8.069259371778088e-07,1.009999090054769,7.2000000000000024e-09,6.372680161348399e-14
280.25,0.0,9.554817527744129e-08,2.7104208320950243e-10,7.976530695991766e-07,1.009999099327777,7.2000000000000024e-09,6.394884621840902e-14
280.5,0.0,9.554803657836777e-08,2.7104206338149387e-10,7.884873322933981e-07,1.009999108493653,7.2000000000000024e-09,6.394884621840902e-14
280.75,0.0,9.554789943782528e-08,2.710420438302028e-10,7.794274794490962e-07,1.009999117553643,7.2000000000000024e-09,6.372680161348399e-14
281.0,0.0,9.554776383829091e-08,2.7104202455175057e-10,7.704722798584452e-07,1.0099991265089783,7.2000000000000024e-09,6.394884621840902e-14
281.25,0.0,9.554762976243902e-08,2.7104200554231296e-10,7.616205167443307e-07,1.0099991353608755,7.2000000000000024e-09,6.394884621840902e-14
281.5,0.0,9.554749719313886e-08,2.7104198679811977e-10,7.528709875895677e-07,1.0099991441105372,7.2000000000000024e-09,6.394884621840902e-14
281.75,0.0,9.554736611345245e-08,2.7104196831545383e-10,7.442225039681483e-07,1.0099991527591519,7.2000000000000024e-09,6.372680161348399e-14
282.0,0.0,9.554723650663244e-08,2.710419500906502e-10,7.356738913785591e-07,1.009999161307894,7.2000000000000024e-09,6.372680161348399e-14
282.25,0.0,9.554710835611989e-08,2.710419321200956e-10,7.272239890790589e-07,1.0099991697579247,7.2000000000000024e-09,6.394884621840902e-14
282.5,0.0,9.554698164554219e-08,2.710419144002277e-10,7.188716499249245e-07,1.0099991781103905,7.2000000000000024e-09,6.394884621840902e-14
282.75,0.0,9.554685635871094e-08,2.7104189692753415e-10,7.10615740207652e-07,1.0099991863664255,7.2000000000000024e-09,6.394884621840902e-14
283.0,0.0,9.554673247961992e-08,2.7104187969855215e-10,7.024551394960862e-07,1.00999919452715,7.2000000000000024e-09,6.372680161348399e-14
283.25,0.0,9.554660999244297e-08,2.7104186270986756e-10,6.943887404794527e-07,1.0099992025936715,7.2000000000000024e-09,6.372680161348399e-14
283.5,0.0,9.554648888153201e-08,2.710418459581144e-10,6.864154488122533e-07,1.0099992105670843,7.2000000000000024e-09,6.372680161348399e-14
283.75,0.0,9.554636913141501e-08,2.710418294399738e-10,6.785341829610017e-07,1.00999921844847,7.2000000000000024e-09,6.394884621840902e-14
284.0,0.0,9.554625072679401e-08,2.7104181315217384e-10,6.707438740528396e-07,1.0099992262388973,7.2000000000000024e-09,6.372680161348399e-14
284.25,0.0,9.554613365254318e-08,2.710417970914886e-10,6.630434657259283e-07,1.0099992339394228,7.2000000000000024e-09,6.394884621840902e-14
284.5,0.0,9.554601789370688e-08,2.710417812547374e-10,6.554319139816262e-07,1.0099992415510903,7.2000000000000024e-09,6.394884621840902e-14
284.75,0.0,9.55459034354977e-08,2.710417656387844e-10,6.479081870384403e-07,1.0099992490749317,7.2000000000000024e-09,6.372680161348399e-14
285.0,0.0,9.55457902632946e-08,2.710417502405379e-10,6.404712651877269e-07,1.0099992565119666,7.2000000000000024e-09,6.372680161348399e-14
285.25,0.0,9.554567836264103e-08,2.7104173505694963e-10,6.331201406511166e-07,1.0099992638632032,7.2000000000000024e-09,6.372680161348399e-14
285.5,0.0,9.554556771924312e-08,2.7104172008501415e-10,6.258538174396324e-07,1.009999271129637,7.2000000000000024e-09,6.394884621840902e-14
285.75,0.0,9.554545831896772e-08,2.710417053217684e-10,6.186713112144748e-07,1.0099992783122527,7.2000000000000024e-09,6.372680161348399e-14
286.0,0.0,9.554535014784073e-08,2.71041690764291e-10,6.115716491495131e-07,1.009999285412023,7.2000000000000024e-09,6.394884621840902e-14
286.25,0.0,9.554524319204527e-08,2.7104167640970146e-10,6.045538697953888e-07,1.0099992924299093,7.2000000000000024e-09,6.394884621840902e-14
286.5,0.0,9.554513743791987e-08,2.7104166225516e-10,5.976170229452377e-07,1.0099992993668618,7.2000000000000024e-09,6.372680161348399e-14
286.75,0.0,9.55450328719567e-08,2.710416482978666e-10,5.907601695020216e-07,1.00999930622382,7.2000000000000024e-09,6.394884621840902e-14
287.0,0.0,9.554492948079997e-08,2.7104163453506077e-10,5.839823813474477e-07,1.0099993130017115,7.2000000000000024e-09,6.394884621840902e-14
287.25,0.0,9.554482725124405e-08,2.710416209640207e-10,5.772827412124518e-07,1.0099993197014538,7.2000000000000024e-09,6.394884621840902e-14
287.5,0.0,9.554472617023192e-08,2.7104160758206294e-10,5.706603425492169e-07,1.0099993263239535,7.2000000000000024e-09,6.372680161348399e-14
287.75,0.0,9.554462622485337e-08,2.710415943865416e-10,5.641142894047058e-07,1.0099993328701067,7.2000000000000024e-09,6.372680161348399e-14
288.0,0.0,9.554452740234349e-08,2.710415813748482e-10,5.57643696295741e-07,1.0099993393407987,7.2000000000000024e-09,6.394884621840902e-14
288.25,0.0,9.55444296900809e-08,2.710415685444107e-10,5.512476880855461e-07,1.0099993457369045,7.2000000000000024e-09,6.372680161348399e-14
288.5,0.0,9.554433307558619e-08,2.710415558926934e-10,5.449253998617576e-07,1.0099993520592894,7.2000000000000024e-09,6.372680161348399e-14
288.75,0.0,9.554423754652037e-08,2.7104154341719603e-10,5.386759768158973e-07,1.009999358308808,7.2000000000000024e-09,6.394884621840902e-14
289.0,0.0,9.554414309068318e-08,2.710415311154537e-10,5.324985741242825e-07,1.0099993644863052,7.2000000000000024e-09,6.394884621840902e-14
289.25,0.0,9.554404969601161e-08,2.7104151898503597e-10,5.26392356830359e-07,1.009999370592616,7.2000000000000024e-09,6.394884621840902e-14
289.5,0.0,9.554395735057835e-08,2.710415070235465e-10,5.203564997284246e-07,1.0099993766285653,7.2000000000000024e-09,6.372680161348399e-14
289.75,0.0,9.554386604259022e-08,2.7104149522862287e-10,5.143901872487276e-07,1.0099993825949691,7.2000000000000024e-09,6.394884621840902e-14
290.0,0.0,9.554377576038671e-08,2.710414835979356e-10,5.084926133439687e-07,1.0099993884926335,7.2000000000000024e-09,6.394884621840902e-14
290.25,0.0,9.554368649243842e-08,2.7104147212918803e-10,5.026629813771298e-07,1.0099993943223546,7.2000000000000024e-09,6.394884621840902e-14
290.5,0.0,9.554359822734568e-08,2.7104146082011573e-10,4.969005040106368e-07,1.0099994000849204,7.2000000000000024e-09,6.394884621840902e-14
290.75,0.0,9.554351095383697e-08,2.7104144966848615e-10,4.912044030968468e-07,1.0099994057811086,7.2000000000000024e-09,6.394884621840902e-14
291.0,0.0,9.55434246607676e-08,2.7104143867209794e-10,4.855739095698434e-07,1.0099994114116884,7.2000000000000024e-09,6.394884621840902e-14
291.25,0.0,9.554333933711817e-08,2.7104142782878085e-10,4.800082633385184e-07,1.00999941697742,7.2000000000000024e-09,6.394884621840902e-14
291.5,0.0,9.554325497199325e-08,2.71041417136395e-10,4.745067131809193e-07,1.0099994224790545,7.2000000000000024e-09,6.394884621840902e-14
291.75,0.0,9.554317155461995e-08,2.710414065928306e-10,4.690685166398433e-07,1.0099994279173345,7.2000000000000024e-09,6.417089082333405e-14
292.0,0.0,9.554308907434649e-08,2.710413961960074e-10,4.636929399197044e-07,1.0099994332929936,7.2000000000000024e-09,6.394884621840902e-14
292.25,0.0,9.554300752064095e-08,2.7104138594387444e-10,4.5837925778460557e-07,1.0099994386067574,7.2000000000000024e-09,6.417089082333405e-14
292.5,0.0,9.55429268830898e-08,2.7104137583440955e-10,4.531267534576215e-07,1.0099994438593425,7.2000000000000024e-09,6.417089082333405e-14
292.75,0.0,9.554284715139663e-08,2.710413658656189e-10,4.4793471852128295e-07,1.009999449051457,7.2000000000000024e-09,6.394884621840902e-14
293.0,0.0,9.554276831538086e-08,2.710413560355366e-10,4.428024528192488e-07,1.0099994541838015,7.2000000000000024e-09,6.394884621840902e-14
293.25,0.0,9.554269036497636e-08,2.710413463422246e-10,4.377292643591455e-07,1.009999459257068,7.2000000000000024e-09,6.394884621840902e-14
293.5,0.0,9.554261329023021e-08,2.7104133678377175e-10,4.327144692165555e-07,1.0099994642719403,7.2000000000000024e-09,6.417089082333405e-14
293.75,0.0,9.554253708130142e-08,2.710413273582938e-10,4.27757391440137e-07,1.0099994692290943,7.2000000000000024e-09,6.417089082333405e-14
294.0,0.0,9.554246172845969e-08,2.710413180639331e-10,4.2285736295789905e-07,1.0099994741291982,7.2000000000000024e-09,6.417089082333405e-14
294.25,0.0,9.55423872220841e-08,2.7104130889885797e-10,4.180137234845711e-07,1.009999478972912,7.2000000000000024e-09,6.394884621840902e-14
294.5,0.0,9.554231355266194e-08,2.710412998612623e-10,4.1322582043007085e-07,1.0099994837608888,7.2000000000000024e-09,6.394884621840902e-14
294.75,0.0,9.554224071078748e-08,2.710412909493655e-10,4.084930088090628e-07,1.0099994884937733,7.2000000000000024e-09,6.394884621840902e-14
295.0,0.0,9.554216868716073e-08,2.710412821614119e-10,4.0381465115159544e-07,1.009999493172203,7.2000000000000024e-09,6.394884621840902e-14
295.25,0.0,9.554209747258631e-08,2.710412734956705e-10,3.991901174147978e-07,1.009999497796808,7.2000000000000024e-09,6.417089082333405e-14
295.5,0.0,9.554202705797222e-08,2.710412649504345e-10,3.946187848956188e-07,1.009999502368211,7.2000000000000024e-09,6.394884621840902e-14
295.75,0.0,9.554195743432869e-08,2.7104125652402107e-10,3.9010003814459404e-07,1.0099995068870273,7.2000000000000024e-09,6.417089082333405e-14
296.0,0.0,9.554188859276706e-08,2.7104124821477096e-10,3.856332688806612e-07,1.0099995113538653,7.2000000000000024e-09,6.394884621840902e-14
296.25,0.0,9.554182052449861e-08,2.710412400210483e-10,3.8121787590696915e-07,1.0099995157693265,7.2000000000000024e-09,6.394884621840902e-14
296.5,0.0,9.554175322083343e-08,2.710412319412401e-10,3.7685326502768345e-07,1.0099995201340046,7.2000000000000024e-09,6.394884621840902e-14
296.75,0.0,9.554168667317931e-08,2.710412239737559e-10,3.725388489657837e-07,1.0099995244484874,7.2000000000000024e-09,6.417089082333405e-14
297.0,0.0,9.55416208730407e-08,2.710412161170277e-10,3.68274047281838e-07,1.0099995287133547,7.2000000000000024e-09,6.394884621840902e-14
297.25,0.0,9.554155581201754e-08,2.7104120836950934e-10,3.640582862937405e-07,1.0099995329291809,7.2000000000000024e-09,6.417089082333405e-14
297.5,0.0,9.554149148180421e-08,2.7104120072967644e-10,3.598909989973958e-07,1.0099995370965325,7.2000000000000024e-09,6.394884621840902e-14
297.75,0.0,9.55414278741885e-08,2.7104119319602597e-10,3.5577162498833533e-07,1.0099995412159701,7.2000000000000024e-09,6.417089082333405e-14
298.0,0.0,9.554136498105052e-08,2.710411857670759e-10,3.5169961038428696e-07,1.0099995452880477,7.2000000000000024e-09,6.417089082333405e-14
298.25,0.0,9.554130279436168e-08,2.710411784413651e-10,3.4767440774864487e-07,1.0099995493133125,7.2000000000000024e-09,6.417089082333405e-14
298.5,0.0,9.554124130618365e-08,2.710411712174528e-10,3.4369547601484705e-07,1.0099995532923056,7.2000000000000024e-09,6.394884621840902e-14
298.75,0.0,9.554118050866739e-08,2.710411640939185e-10,3.397622804116502e-07,1.009999557225562,7.2000000000000024e-09,6.394884621840902e-14
299.0,0.0,9.554112039405204e-08,2.7104115706936157e-10,3.3587429238929413e-07,1.0099995611136101,7.2000000000000024e-09,6.394884621840902e-14
299.25,0.0,9.554106095466409e-08,2.7104115014240104e-10,3.320309895465397e-07,1.0099995649569724,7.2000000000000024e-09,6.394884621840902e-14
299.5,0.0,9.554100218291621e-08,2.7104114331167527e-10,3.282318555585666e-07,1.0099995687561651,7.2000000000000024e-09,6.394884621840902e-14
299.75,0.0,9.554094407130643e-08,2.710411365758417e-10,3.244763801057171e-07,1.0099995725116988,7.2000000000000024e-09,6.394884621840902e-14
300.0,0.0,9.55408866124171e-08,2.7104112993357656e-10,3.207640588031066e-07,1.0099995762240777,7.2000000000000024e-09,6.417089082333405e-14
