time,R0,M1,M2,total_biomass,cumulative_death_loss,cumulative_cutoff_loss,budget_error
0.0,1.0,0.0,0.0,0.01,0.0,0.0,0.0
0.25,0.9995792256478939,4.065162641771599e-05,4.328764120143338e-05,0.010312272801532006,2.4562282954863732e-05,0.0,0.0
0.5,0.9991085640983963,8.628709068842284e-05,9.110524379237224e-05,0.010664118727273552,4.9924839849282355e-05,0.0,0.0
0.75,0.9985817558702209,0.00013756061101329593,0.00014399683439913396,0.011060498913031524,7.618777133510684e-05,0.0,0.0
1.0,0.9979917354110405,0.0001952139658462368,0.00020257263150566984,0.01150701443079698,0.00010346356081056831,0.0,0.0
1.25,0.9973305257113791,0.0002600883513111566,0.000267517134102644,0.012009990155214102,0.00013187864799289438,0.0,0.0
1.5,0.9965891186579755,0.00033313789830913634,0.0003395982099865229,0.012576570023056668,0.00016157521067210607,0.0,-2.220446049250313e-16
1.75,0.9957573395804269,0.0004154450338978179,0.00041967727480476713,0.013214824933687398,0.00019271317718308,0.0,-2.220446049250313e-16
2.0,0.9948236948290445,0.0005082378246351117,0.0005087206206334295,0.013933874238684212,0.00022547248700260344,0.0,0.0
2.25,0.9937751974637948,0.0006129099002389872,0.0006078122101189683,0.014744024756886355,0.00026005566896076713,0.0,-2.220446049250313e-16
2.5,0.9925971721043698,0.0007310428237122801,0.0007181678243001698,0.015656926522996228,0.0002966907246214335,0.0,-2.220446049250313e-16
2.75,0.991273032098842,0.0008644317462311653,0.0008411509929859237,0.016685750748802058,0.0003356344131387599,0.0,-2.220446049250313e-16
3.0,0.9897840269264443,0.001015114598990432,0.0009782907900229474,0.01784539171531296,0.00037717596922932396,0.0,-2.220446049250313e-16
3.25,0.9881089613991983,0.0011854046207181816,0.001131301312821319,0.01915269143052766,0.0004216412367344885,0.0,-2.220446049250313e-16
3.5,0.9862238706048321,0.0013779282075626522,0.0013021038525661294,0.0206266998933501,0.00046939744168902897,0.0,0.0
3.75,0.9841016579229179,0.001595667170218184,0.001492851132912153,0.022288965263276637,0.000520858510675012,0.0,0.0
4.0,0.9817116853707429,0.0018420067266980797,0.0017059542047628041,0.02416386260929124,0.0005764910885048925,0.0,0.0
4.25,0.97901930524214,0.002120790612658077,0.0019441125515397362,0.026278970179990545,0.0006368214136715568,0.0,0.0
4.5,0.9759853399427322,0.0024363824295787644,0.0022103467193770763,0.028665487936817134,0.0007024429714947827,0.0,0.0
4.75,0.972565493825818,0.002793735262758116,0.0025080342781288035,0.031358711474451455,0.0007740251588434854,0.0,0.0
5.0,0.9687096813510065,0.003198471544464211,0.0028409497944099638,0.034398574117965396,0.0008523231921538477,0.0,-2.220446049250313e-16
5.25,0.9643612859303156,0.00365697134098955,0.0032133074528501206,0.03783024618315285,0.0009381890926918039,0.0,-2.220446049250313e-16
5.5,0.9594563153735963,0.00417647338877327,0.003629808029878098,0.04170481896844911,0.0010325842393030566,0.0,-2.220446049250313e-16
5.75,0.9539224538038862,0.004765188905458028,0.0040956895689358026,0.04608007418442766,0.001136593537292174,0.0,0.0
6.0,0.9476780237236567,0.005432426430049269,0.004616780133961912,0.051021328632083196,0.0012514410802487424,0.0,-2.220446049250313e-16
6.25,0.9406307975919692,0.0061887354787411785,0.00519955552297453,0.05660240321397032,0.0013785081923446993,0.0,0.0
6.5,0.932676696288721,0.007046064280770972,0.005851198408414,0.06290668756455411,0.0015193534575398708,0.0,0.0
6.75,0.9236983538799327,0.008017934282492516,0.006579658820528864,0.07002831786056683,0.0016757351564789522,0.0,-2.220446049250313e-16
7.0,0.9135635189256316,0.009119635421024858,0.007393716019608159,0.07807349295127851,0.001849636682456738,0.0,-2.220446049250313e-16
7.25,0.9021233324829747,0.010368437107695763,0.008303037256872686,0.08716189846433255,0.0020432946881242344,0.0,-2.220446049250313e-16
7.5,0.8892104875785924,0.011783814556589478,0.00931823069051635,0.09742823693420108,0.002259230240100515,0.0,-2.220446049250313e-16
7.75,0.8746372275305144,0.013387696505545076,0.010450891682454184,0.10902390023415742,0.002500284047328663,0.0,-2.220446049250313e-16
8.0,0.8581933199936227,0.015204717018088109,0.011713630836944225,0.12211867746446461,0.002769654686880097,0.0,-2.220446049250313e-16
8.25,0.8396440039682302,0.017262472739779582,0.013120079176129763,0.13690250329507747,0.0030709408207826834,0.0,-2.220446049250313e-16
8.5,0.8187280481367398,0.019591769271563864,0.014684856284338951,0.15358713931479276,0.0034081869925644045,0.0,-2.220446049250313e-16
8.75,0.7951561247938796,0.022226831442569338,0.016423483268257554,0.17240762786116456,0.0037859326341287644,0.0,-2.220446049250313e-16
9.0,0.7686097710988757,0.02520544588901332,0.018352214988967056,0.19362330438698305,0.004209263636160577,0.0,-2.220446049250313e-16
9.25,0.7387414358341617,0.028568976350616268,0.02048775038778035,0.2175179724934693,0.0046838649339724005,0.0,2.220446049250313e-16
9.5,0.7051763663287033,0.03236215993951139,0.02284676294947844,0.24439863899845393,0.005216071783853153,0.0,2.220446049250313e-16
9.75,0.6675176375437522,0.03663252846219974,0.02544515299453443,0.27459176646794203,0.005812914531571788,0.0,0.0
10.0,0.6253562593343659,0.041429221238810175,0.02829687843391489,0.3084354890856147,0.006482151907294755,0.0,6.661338147750939e-16
10.25,0.57829008051556,0.04680074102139979,0.031412098805158176,0.3462648020564244,0.0072322776014580314,0.0,2.220446049250313e-16
10.5,0.5259574389738155,0.05279093582707282,0.03479420713815919,0.38838493575645233,0.008072482304500394,0.0,2.220446049250313e-16
10.75,0.468096704900247,0.0594318631008641,0.03843495893486501,0.4350239381018931,0.009012534962131197,0.0,6.661338147750939e-16
11.0,0.4046525121691537,0.06673103066363369,0.042306221683312564,0.4862477151448958,0.010062520339004816,0.0,4.440892098500626e-16
11.25,0.33596898967558875,0.07464816008239436,0.046345474876329444,0.5418050580590402,0.011232317306647496,0.0,2.220446049250313e-16
11.5,0.26314944419214503,0.08305191104859287,0.050429385900627004,0.6008386577014346,0.012530601157201067,0.0,6.661338147750939e-16
11.75,0.18873001760533403,0.0916388221800019,0.0543250005894189,0.6613432094186646,0.01396295020658115,0.0,6.661338147750939e-16
12.0,0.11783699162064788,0.09979406070953699,0.05760739460649977,0.7192332218588775,0.015528331204438162,0.0,2.220446049250313e-16
12.25,0.05927475407810029,0.10646032048790449,0.059590683690015,0.7674609015895617,0.017213340154418832,0.0,2.220446049250313e-16
12.5,0.022411594782087128,0.11051077874409436,0.059596278389858245,0.7984941155667387,0.018987232517222064,0.0,4.440892098500626e-16
12.75,0.006616204942369122,0.11201602603729567,0.05778334630894195,0.8127744852224994,0.020809937488894377,0.0,4.440892098500626e-16
13.0,0.001727087543815085,0.11218923492478293,0.05505403921605819,0.8183769472247937,0.02265269109055058,0.0,4.440892098500626e-16
13.25,0.000433000916350627,0.11190318698018976,0.05203966390961298,0.8211206493340741,0.024503498859773137,0.0,6.661338147750939e-16
13.5,0.00010734816062724087,0.11147015414586216,0.04897297837999779,0.823090735326361,0.02635878398715242,0.0,6.661338147750939e-16
13.75,2.6529114502057185e-05,0.11097470827341994,0.04592666936018962,0.824854488193478,0.028217605058411026,0.0,6.661338147750939e-16
14.0,6.549151128624822e-06,0.1104368220306074,0.042928148167531995,0.8265487782152826,0.030079702435449992,0.0,6.661338147750939e-16
14.25,1.6159866900678269e-06,0.10985987145471647,0.039993149168151915,0.8282003912414689,0.03194497214897322,0.0,6.661338147750939e-16
14.5,3.986377556887518e-07,0.10924303816308824,0.037134257651116075,0.8298089721329136,0.03381333341512691,0.0,4.440892098500626e-16
14.75,9.832592246165144e-08,0.1085844093565097,0.034362866920692375,0.8313679288836587,0.035684696513217186,0.0,4.440892098500626e-16
15.0,2.4252913422803508e-08,0.10788174730844528,0.031689482499799505,0.8328697899291356,0.03755895600970657,0.0,4.440892098500626e-16
15.25,5.983076457626577e-09,0.10713268152544995,0.029123621605270156,0.8343077002549603,0.039435990631243624,0.0,4.440892098500626e-16
15.5,1.4764371603668237e-09,0.1063347586585906,0.026673627628053923,0.8356759471000927,0.041315665136826,0.0,4.440892098500626e-16
15.75,3.6450231203323014e-10,0.10548545783812972,0.02434648802610726,0.8369702207734342,0.04319783299782702,0.0,4.440892098500626e-16
16.0,9.003218037384843e-11,0.10458219818062268,0.022147685740859,0.8381877764587172,0.0450823395297694,0.0,4.440892098500626e-16
16.25,2.222231842858228e-11,0.10362234528846974,0.020081098011604754,0.8393275313683237,0.04696902530937982,0.0,2.220446049250313e-16
16.5,5.524530055804333e-12,0.10260321870002631,0.01814894990345359,0.8403901016456724,0.04885772974532365,0.0,4.440892098500626e-16
16.75,1.3041827870525965e-12,0.10152210110447345,0.016351825222916738,0.8413777789977284,0.05074829467357772,0.0,4.440892098500626e-16
17.0,4.107937148252319e-13,0.10037624990465611,0.014688733208319127,0.8422944490369765,0.05264056784963792,0.0,4.440892098500626e-16
17.25,5.241761760983352e-13,0.09916291169811461,0.013157225430458564,0.843145456654031,0.05453440621687218,0.0,4.440892098500626e-16
17.5,7.599763989004686e-13,0.09787934027683991,0.011753554097746434,0.8439374267796764,0.05642967884497779,0.0,4.440892098500626e-16
17.75,0.0,0.09652281877973543,0.010472860714298775,0.8446780510552198,0.05832626945226346,0.0,1.517452830057664e-12
18.0,0.0,0.09509068665413173,0.009309383102487781,0.8453758517920348,0.060224078451609674,0.0,2.6401103525586223e-13
18.25,0.0,0.09358037204479387,0.008256668469171459,0.8460399350106512,0.062123024475647465,0.0,2.6401103525586223e-13
18.5,0.0,0.09198943030011483,0.007307782350129369,0.8466797419719873,0.06402304537803276,0.0,2.6423307986078726e-13
18.75,0.0,0.09031558912069772,0.006455503938214211,0.8473048082347872,0.06592409870656493,0.0,2.6401103525586223e-13
19.0,0.0,0.08855680094138368,0.00569250142965753,0.847924535956663,0.06782616167255984,0.0,2.6401103525586223e-13
19.25,0.0,0.08671130285515667,0.005011483430871682,0.8485479830580241,0.06972923065621148,0.0,2.6401103525586223e-13
19.5,0.0,0.08477768450689749,0.004405323876953726,0.8491836713441558,0.07163332027225698,0.0,2.6401103525586223e-13
19.75,0.0,0.08275496388180402,0.0038671610011639917,0.8498394130653489,0.0735384620519469,0.0,2.637889906509372e-13
20.0,0.0,0.08064267093011274,0.003390471023790634,0.8505221552806711,0.07544470276568961,0.0,2.6401103525586223e-13
20.25,0.0,0.0784409383712179,0.002969119831258249,0.8512378393563333,0.07735210244145452,0.0,2.6401103525586223e-13
20.5,0.0,0.07615059886337174,0.0025973944466115054,0.8519912746016968,0.07926073208858395,0.0,2.6401103525586223e-13
20.75,0.0,0.07377328689774496,0.0022700184999269583,0.852786023426986,0.081170671175606,0.0,2.637889906509372e-13
21.0,0.0,0.07131154336002077,0.0019821542100416853,0.8536242975555978,0.08308200487460365,0.0,2.637889906509372e-13
21.25,0.0,0.06876891976070061,0.0017293939799503855,0.8545068651594859,0.084994821100127,0.0,2.637889906509372e-13
21.5,0.0,0.06615007832383313,0.0015077448533406571,0.8554329694466866,0.08690920737640366,0.0,2.6401103525586223e-13
21.75,0.0,0.06346088321823917,0.0013136068156553752,0.8564002624264261,0.08882524753994335,0.0,2.6401103525586223e-13
22.0,0.0,0.06070847698720597,0.00114374820036866,0.8574047564702133,0.09074301834247613,0.0,2.6401103525586223e-13
22.25,0.0,0.057901335781665265,0.0009952785242443977,0.858440799735138,0.09266258595921625,0.0,2.637889906509372e-13
22.5,0.0,0.05504929508115791,0.0008656213871663433,0.8595010810151136,0.09458400251682611,0.0,2.6401103525586223e-13
22.75,0.0,0.052163538506360366,0.0007524873458021092,0.8605766714674348,0.09650730268066665,0.0,2.6401103525586223e-13
23.0,0.0,0.04925654256476799,0.0006538463061556085,0.8616571108049327,0.09843250032440766,0.0,2.6401103525586223e-13
23.25,0.0,0.046341967514585934,0.0005679023105799501,0.8627305446847997,0.10035958549029833,0.0,2.6401103525586223e-13
23.5,0.0,0.04343448987685676,0.0004930703362787897,0.8637839180504923,0.1022885217366361,0.0,2.6401103525586223e-13
23.75,0.0,0.04054957465429672,0.0004279534270851255,0.8648032280158414,0.10421924390304063,0.0,2.6401103525586223e-13
24.0,0.0,0.03770318524796107,0.00037132253805859913,0.8657738357076775,0.10615165650656674,0.0,2.637889906509372e-13
24.25,0.0,0.03491143841568777,0.00032209794199498964,0.8666808307897337,0.10808563285284736,0.0,2.637889906509372e-13
24.5,0.0,0.03219021456887263,0.00027933198178005657,0.8675094384695357,0.11002101498007542,0.0,2.637889906509372e-13
24.75,0.0,0.02955473878363612,0.00024219421917353963,0.868245452532244,0.11195761446521017,0.0,2.637889906509372e-13
25.0,0.0,0.02701915624821804,0.0002099575140352047,0.8688756720640184,0.11389521417399233,0.0,2.6401103525586223e-13
25.25,0.0,0.024596126146425965,0.00018198584651466044,0.8693883171082007,0.11583357089912251,0.0,2.6401103525586223e-13
25.5,0.0,0.0222964608503546,0.00015772352245290892,0.8697733968230578,0.11777241880439872,0.0,2.6401103525586223e-13
25.75,0.0,0.020128837317308457,0.0001366852257905633,0.8700230038410497,0.11971147361611507,0.0,2.637889906509372e-13
26.0,0.0,0.01809959918451815,0.00011844764189677712,0.8701315159087398,0.12165043726510913,0.0,2.637889906509372e-13
26.25,0.0,0.01621266441707169,0.0001026417615449581,0.8700956909561397,0.12358900286550753,0.0,2.637889906509372e-13
26.5,0.0,0.014469542434377758,8.894615617872154e-05,0.869914651653852,0.12552685975585542,0.0,2.6401103525586223e-13
26.75,0.0,0.012869456244971987,7.708110619224464e-05,0.8695897642364461,0.12746369841265373,0.0,2.6401103525586223e-13
27.0,0.0,0.011409550384698541,6.680327623234893e-05,0.8691244314162857,0.12939921492304723,0.0,2.637889906509372e-13
27.25,0.0,0.010085172101017904,5.790119125169431e-05,0.8685238116862579,0.13133311502173636,0.0,2.637889906509372e-13
27.5,0.0,0.008890193630969179,5.019116231969138e-05,0.8677944977820795,0.1332651174248954,0.0,2.637889906509372e-13
27.75,0.0,0.00781735419593613,4.35137307250495e-05,0.866944175608138,0.13519495646546484,0.0,2.6401103525586223e-13
28.0,0.0,0.006858598770051272,3.7730575340661675e-05,0.8659812866370189,0.13712238401785307,0.0,2.6401103525586223e-13
28.25,0.0,0.006005393207876537,3.272173265952131e-05,0.8649147143572447,0.13904717070248326,0.0,2.6401103525586223e-13
28.5,0.0,0.005249004979264585,2.8383243777480924e-05,0.8637535052862096,0.14096910649101219,0.0,2.637889906509372e-13
28.75,0.0,0.004580739682502692,2.4625041548842846e-05,0.8625066345203652,0.14288800075584723,0.0,2.6401103525586223e-13
29.0,0.0,0.0039921305691402705,2.136912678144755e-05,0.8611828184315152,0.14480368187282688,0.0,2.637889906509372e-13
29.25,0.0,0.0034750821426109977,1.8547978250950562e-05,0.8597903734027248,0.1467159964766771,0.0,2.637889906509372e-13
29.5,0.0,0.003021973190014501,1.6103145649479238e-05,0.858337115172128,0.1486248084924719,0.0,2.637889906509372e-13
29.75,0.0,0.0026257202293787783,1.3984055590001668e-05,0.8568302977596329,0.15052999795566227,0.0,2.6401103525586223e-13
30.0,0.0,0.0022798125687153296,1.2146948825430602e-05,0.8552765807094427,0.1524314597732805,0.0,2.6401103525586223e-13
30.25,0.0,0.0019783215667006438,1.0553970940552771e-05,0.853682022036431,0.1543291024261916,0.0,2.637889906509372e-13
30.5,0.0,0.0017158921205514311,9.172374470619875e-06,0.8520520888136668,0.15622284669157507,0.0,2.6401103525586223e-13
30.75,0.0,0.001487720234565663,7.97383083604663e-06,0.8503916815357238,0.15811262439913842,0.0,2.6401103525586223e-13
31.0,0.0,0.001289521425719102,6.933835153775747e-06,0.8487051674892447,0.15999837725014637,0.0,2.6401103525586223e-13
31.25,0.0,0.0011174937801437797,6.0311867816496744e-06,0.846996419314521,0.1618800557188175,0.0,2.6401103525586223e-13
31.5,0.0,0.0009682780700620101,5.247546325838135e-06,0.8452688563446988,0.1637576180391772,0.0,2.6401103525586223e-13
31.75,0.0,0.0008389170351849915,4.567043180293475e-06,0.843525486640883,0.1656310292810156,0.0,2.6401103525586223e-13
32.0,0.0,0.0007268153916933284,3.975943431965049e-06,0.841768948149134,0.16750026051600445,0.0,2.637889906509372e-13
32.25,0.0,0.0006297015771846439,3.4623609167734433e-06,0.8400015479917148,0.1693652880704477,0.0,2.6401103525586223e-13
32.5,0.0,0.0005455917017944867,3.0160049794189408e-06,0.8382252994363378,0.17122609285715207,0.0,2.637889906509372e-13
32.75,0.0,0.0004727566918718096,2.6279672098914124e-06,0.8364419555511307,0.1730826597900515,0.0,2.637889906509372e-13
33.0,0.0,0.0004096918140641372,2.290532880057255e-06,0.8346530403929658,0.17493497726035392,0.0,2.6401103525586223e-13
33.25,0.0,0.0003550891142660397,1.9970177162532997e-06,0.8328598771927893,0.17678303667549222,0.0,2.637889906509372e-13
33.5,0.0,0.0003078133135933417,1.7416320863346808e-06,0.8310636129902017,0.17862683206438243,0.0,2.637889906509372e-13
33.75,0.0,0.0002668796672816746,1.5193580171886659e-06,0.8292652412529744,0.18046635972199065,0.0,2.6401103525586223e-13
34.0,0.0,0.00023143479629494638,1.3258461941746177e-06,0.8274656214516681,0.1823016179061065,0.0,2.637889906509372e-13
34.25,0.0,0.00020073958729288288,1.157325746358154e-06,0.8256654965168768,0.18413260657034772,0.0,2.637889906509372e-13
34.5,0.0,0.00017415408498203444,1.0105258011428822e-06,0.8238655082587394,0.1859593271307413,0.0,2.637889906509372e-13
34.75,0.0,0.00015112456721590612,8.826093472634698e-07,0.8220662105559341,0.18778178226776662,0.0,2.637889906509372e-13
35.0,0.0,0.0001311719547533034,7.711144391522843e-07,0.8202680811810028,0.18959997575006857,0.0,2.637889906509372e-13
35.25,0.0,0.00011388190949418032,6.739043819015795e-07,0.8184715319016084,0.1914139122847794,0.0,2.637889906509372e-13
35.5,0.0,9.889608789245709e-05,5.891240214554426e-07,0.8166769174024605,0.19322359738588946,0.0,2.6401103525586223e-13
35.75,0.0,8.590460050068911e-05,5.151622033579737e-07,0.8148845429763303,0.19502903726122947,0.0,2.637889906509372e-13
36.0,0.0,7.463949664403844e-05,4.5061941869551813e-07,0.8130946711690745,0.19683023871512648,0.0,2.637889906509372e-13
36.25,0.0,6.486905888137919e-05,3.9427953262265096e-07,0.8113075275985159,0.19862720906333392,0.0,2.637889906509372e-13
36.5,0.0,5.6392927917251505e-05,3.4508561057462867e-07,0.8095233059262208,0.2004199560605151,0.0,2.6356694604601216e-13
36.75,0.0,4.903779897293485e-05,3.021186129659385e-07,0.8077421722464195,0.20220848783625833,0.0,2.637889906509372e-13
37.0,0.0,4.2653787460741375e-05,2.645793332477734e-07,0.8059642687923148,0.2039928128411551,0.0,2.6401103525586223e-13
37.25,0.0,3.711123018398787e-05,2.317725008400549e-07,0.8041897171982518,0.2057729397993271,0.0,2.637889906509372e-13
37.5,0.0,3.2297943991220254e-05,2.030931092034054e-07,0.8024186212953894,0.20754887766777397,0.0,2.637889906509372e-13
37.75,0.0,2.811686094522321e-05,1.7801458291153397e-07,0.8006510695234251,0.20932063560131065,0.0,2.6401103525586223e-13
38.0,0.0,2.4483954608172603e-05,1.5607838503156436e-07,0.7988871370454773,0.21108822292179336,0.0,2.637889906509372e-13
38.25,0.0,2.1326493963058108e-05,1.3688520234945757e-07,0.7971268875288595,0.21285164909223883,0.0,2.637889906509372e-13
38.5,0.0,1.858149906827075e-05,1.2008714107512408e-07,0.7953703747201603,0.21461092369389437,0.0,2.6401103525586223e-13
38.75,0.0,1.6194428558793448e-05,1.0538104930031893e-07,0.793617643783895,0.21636605640676074,0.0,2.637889906509372e-13
39.0,0.0,1.4118036358151537e-05,9.250267943229252e-08,0.7918687324686173,0.2181170569926088,0.0,2.637889906509372e-13
39.25,0.0,1.2311380328173372e-05,8.122160390050349e-08,0.7901236721180889,0.21986393528024287,0.0,2.637889906509372e-13
39.5,0.0,1.073898051062302e-05,7.133686466961468e-08,0.7883824885298932,0.22160670115299524,0.0,2.637889906509372e-13
39.75,0.0,9.370076713318678e-06,6.267312745678306e-08,0.7866452027127461,0.22334536453767698,0.0,2.637889906509372e-13
40.0,0.0,8.177998666998603e-06,5.5077392261925295e-08,0.7849118315289919,0.22507993539521254,0.0,2.6356694604601216e-13
40.25,0.0,7.139613013904933e-06,4.8416095694793064e-08,0.783182388258749,0.22681042371240517,0.0,2.637889906509372e-13
40.5,0.0,6.234848341609016e-06,4.2572605632538506e-08,0.7814568830844495,0.22853683949486717,0.0,2.6401103525586223e-13
40.75,0.0,5.44628815763647e-06,3.7445058806451255e-08,0.7797353235060819,0.23025919276096546,0.0,2.637889906509372e-13
41.0,0.0,4.7588128617765065e-06,3.294445254904062e-08,0.7780177147064588,0.23197749353649072,0.0,2.637889906509372e-13
41.25,0.0,4.159296048533467e-06,2.8993011631631788e-08,0.7763040598610589,0.23369175185014485,0.0,2.637889906509372e-13
41.5,0.0,3.6363368138673823e-06,2.5522744137850858e-08,0.7745943604111455,0.2354019777295605,0.0,2.6401103525586223e-13
41.75,0.0,3.180029598113957e-06,2.2474191076829126e-08,0.7728886162985896,0.23710818119788496,0.0,2.637889906509372e-13
42.0,0.0,2.781767776507167e-06,1.9795350388419073e-08,0.7711868261662639,0.23881037227087312,0.0,2.6401103525586223e-13
42.25,0.0,2.4340693735931288e-06,1.744072003345526e-08,0.7694889875358623,0.2405085609543079,0.0,2.637889906509372e-13
42.5,0.0,2.130429689920927e-06,1.5370480804176633e-08,0.7677950969582634,0.24220275724182969,0.0,2.637889906509372e-13
42.75,0.0,1.8651920831015183e-06,1.35497767051696e-08,0.7661051501453664,0.2438929711130377,0.0,2.6401103525586223e-13
43.0,0.0,1.6334341148608351e-06,1.1948078629520601e-08,0.7644191420862497,0.24557921253182058,0.0,2.637889906509372e-13
43.25,0.0,1.4308734833332401e-06,1.053865121307154e-08,0.7627370671431372,0.24726149144499224,0.0,2.6401103525586223e-13
43.5,0.0,1.2537823077631594e-06,9.298067965648524e-09,0.7610589191388394,0.24893981778104865,0.0,2.637889906509372e-13
43.75,0.0,1.0989147010751497e-06,8.205797229568427e-09,0.7593846914306367,0.25061420144912894,0.0,2.6401103525586223e-13
44.0,0.0,9.634445667420509e-07,7.243843827648009e-09,0.757714376973721,0.25228465233813224,0.0,2.637889906509372e-13
44.25,0.0,8.449093440911724e-07,6.396425040080936e-09,0.7560479683785725,0.25395118031592234,0.0,2.6401103525586223e-13
44.5,0.0,7.411630424474333e-07,5.6496966795367356e-09,0.7543854579588485,0.25561379522867633,0.0,2.6401103525586223e-13
44.75,0.0,6.50335593682519e-07,4.991514406190952e-09,0.752726837772826,0.2572725069003298,0.0,2.6401103525586223e-13
45.0,0.0,5.70796208878303e-07,4.411218507011301e-09,0.7510720996607548,0.2589273251320816,0.0,2.637889906509372e-13
45.25,0.0,5.011226564133763e-07,3.899451266824269e-09,0.7494212352761657,0.2605782597019905,0.0,2.637889906509372e-13
45.5,0.0,4.4007474954334206e-07,3.4479982054687486e-09,0.7477742361128793,0.2622253203646368,0.0,2.637889906509372e-13
45.75,0.0,3.8656993319140983e-07,3.0496423001021445e-09,0.746131093529874,0.26386851685081447,0.0,2.6401103525586223e-13
46.0,0.0,3.3966311014777466e-07,2.6980417584626e-09,0.7444917987718225,0.26550785886728956,0.0,2.6401103525586223e-13
46.25,0.0,2.9852954321523393e-07,2.3876253154908377e-09,0.7428563429864884,0.267143356096607,0.0,2.6401103525586223e-13
46.5,0.0,2.6244879986433445e-07,2.1134945593635035e-09,0.7412247172410581,0.26877501819691135,0.0,2.637889906509372e-13
46.75,0.0,2.3079143210325223e-07,1.8713417165918704e-09,0.7395969125356792,0.27040285480181087,0.0,2.637889906509372e-13
47.0,0.0,2.030076582507309e-07,1.6573791003962578e-09,0.7379729198149534,0.2720268755202732,0.0,2.6401103525586223e-13
47.25,0.0,1.78617169393916e-07,1.4682755114878695e-09,0.7363527299782815,0.2736470899365374,0.0,2.637889906509372e-13
47.5,0.0,1.5719949521746234e-07,1.301096537947763e-09,0.7347363338896384,0.2752635076100337,0.0,2.6401103525586223e-13
47.75,0.0,1.3838723305209542e-07,1.1532607285921803e-09,0.7331237223844199,0.2768761380753502,0.0,2.6401103525586223e-13
48.0,0.0,1.218590587779486e-07,1.0224954532831307e-09,0.7315148862765154,0.27848499084219436,0.0,2.6401103525586223e-13
48.25,0.0,1.073337232062109e-07,9.067986135627777e-10,0.7299098163643722,0.28009007539536973,0.0,2.637889906509372e-13
48.5,0.0,9.456500791474583e-08,8.044060771277119e-10,0.7283085034360819,0.281691401194768,0.0,2.6401103525586223e-13
48.75,0.0,8.333747820088402e-08,7.137639337119194e-10,0.7267109382736482,0.28328897767537353,0.0,2.6401103525586223e-13
49.0,0.0,7.346265428835366e-08,6.335034583745519e-10,0.7251171116568319,0.2848828142472743,0.0,2.6401103525586223e-13
49.25,0.0,6.477521387824422e-08,5.624166318856868e-10,0.7235270143669612,0.28647292029567223,0.0,2.6401103525586223e-13
49.5,0.0,5.7130215258725236e-08,4.99437586613842e-10,0.7219406371897007,0.2880593051809104,0.0,2.6401103525586223e-13
49.75,0.0,5.040085699398444e-08,4.4362731164431916e-10,0.7203579709172709,0.2896419782385086,0.0,2.637889906509372e-13
50.0,0.0,4.44759231238633e-08,3.941569303151619e-10,0.7187790063509903,0.2912209487791935,0.0,2.6401103525586223e-13
50.25,0.0,3.925784275102162e-08,3.502945841803124e-10,0.7172037343031885,0.292796226088938,0.0,2.637889906509372e-13
50.5,0.0,3.4661031974922814e-08,3.113941320736436e-10,0.7156321455988325,0.29436781942900525,0.0,2.637889906509372e-13
50.75,0.0,3.0610480103979874e-08,2.7688541201618216e-10,0.7140642310769018,0.29593573803599665,0.0,2.6401103525586223e-13
51.0,0.0,2.7040430874273554e-08,2.4626519834271954e-10,0.7124999815916672,0.29749999112190073,0.0,2.6401103525586223e-13
51.25,0.0,2.3893024935092615e-08,2.1908807539481441e-10,0.7109393880140099,0.2990605878741411,0.0,2.6401103525586223e-13
51.5,0.0,2.1117435773611462e-08,1.949602607859536e-10,0.7093824412322352,0.3006175374556326,0.0,2.637889906509372e-13
51.75,0.0,1.8669138567635163e-08,1.735343075178654e-10,0.7078291321527518,0.3021708490048391,0.0,2.637889906509372e-13
52.0,0.0,1.6508983816414506e-08,1.5450279318862333e-10,0.706279451700949,0.30372053163582824,0.0,2.637889906509372e-13
52.25,0.0,1.4602554490561382e-08,1.3759372196146486e-10,0.7047333908217857,0.30526659443833,0.0,2.637889906509372e-13
52.5,0.0,1.291959871553589e-08,1.2256645692995878e-10,0.7031909404803022,0.30680904647779655,0.0,2.637889906509372e-13
52.75,0.0,1.143354436792477e-08,1.0920820364719548e-10,0.7016520916620475,0.30834789679546376,0.0,2.637889906509372e-13
53.0,0.0,1.0121046904273013e-08,9.733074770571934e-11,0.700116835373474,0.3098831544084122,0.0,2.6401103525586223e-13
53.25,0.0,8.96152678880301e-09,8.67671795950862e-11,0.6985851626423418,0.3114148283096282,0.0,2.6401103525586223e-13
53.5,0.0,7.93686918792798e-09,7.736963948660087e-11,0.6970570645179579,0.3129429274680673,0.0,2.6401103525586223e-13
53.75,0.0,7.031168710619872e-09,6.90073751806681e-11,0.6955325320713693,0.31446746082871835,0.0,2.637889906509372e-13
54.0,0.0,6.230412399135319e-09,6.156446689731489e-11,0.6940115563956206,0.31598843731266635,0.0,2.637889906509372e-13
54.25,0.0,5.522256230165521e-09,5.493814647207013e-11,0.6924941286059133,0.31750586581715623,0.0,2.6401103525586223e-13
54.5,0.0,4.89582775367188e-09,4.9037308943164876e-11,0.6909802398397412,0.3190197552156576,0.0,2.6401103525586223e-13
54.75,0.0,4.341556664791774e-09,4.3781221786104494e-11,0.6894698812569969,0.3205301143579291,0.0,2.6401103525586223e-13
55.0,0.0,3.851017165151352e-09,3.909832834339904e-11,0.6879630440400654,0.32203695207008304,0.0,2.637889906509372e-13
55.25,0.0,3.4167676372171632e-09,3.492505251630704e-11,0.6864597193939214,0.3235402771546498,0.0,2.637889906509372e-13
55.5,0.0,3.0322445959371793e-09,3.1204962162938154e-11,0.6849598985461716,0.3250400983906429,0.0,2.6401103525586223e-13
55.75,0.0,2.6916721609758607e-09,2.788804593914125e-11,0.6834635727470795,0.32653642453362414,0.0,2.637889906509372e-13
56.0,0.0,2.389951707382442e-09,2.4929879071362603e-11,0.681970733269614,0.3280292643157681,0.0,2.637889906509372e-13
56.25,0.0,2.12258289222945e-09,2.229099897486769e-11,0.6804813714094627,0.3295186264459272,0.0,2.6401103525586223e-13
56.5,0.0,1.8855938651059226e-09,1.9936351737758726e-11,0.6789954784850372,0.3310045196096964,0.0,2.637889906509372e-13
56.75,0.0,1.6754811628332296e-09,1.7834810651770746e-11,0.6775130458374697,0.3324869524694783,0.0,2.6401103525586223e-13
57.0,0.0,1.4891538457891808e-09,1.5958730175120278e-11,0.6760340648306038,0.33396593366454747,0.0,2.637889906509372e-13
57.25,0.0,1.323876993179224e-09,1.4283502419456398e-11,0.6745585268509878,0.33544147181111555,0.0,2.637889906509372e-13
57.5,0.0,1.1772336604171394e-09,1.2787241911462975e-11,0.6730864233078478,0.33691357550239526,0.0,2.6401103525586223e-13
57.75,0.0,1.0470922722027809e-09,1.1450512118858547e-11,0.6716177456330559,0.3383822533086653,0.0,2.6401103525586223e-13
58.0,0.0,9.315675615133625e-10,1.0256014471170557e-11,0.6701524852811058,0.3398475137773345,0.0,2.6401103525586223e-13
58.25,0.0,8.289922157813142e-10,9.188352719110724e-12,0.6686906337290771,0.3413093654330062,0.0,2.637889906509372e-13
58.5,0.0,7.378917990386433e-10,8.233823795111092e-12,0.6672321824765962,0.342767816777542,0.0,2.637889906509372e-13
58.75,0.0,6.56963086523414e-10,7.380235362247617e-12,0.6657771230457948,0.3442228762901258,0.0,2.6401103525586223e-13
59.0,0.0,5.850539468746374e-10,6.6167368828349834e-12,0.6643254469812652,0.345674552427328,0.0,2.637889906509372e-13
59.25,0.0,5.211430981564293e-10,5.933652365211178e-12,0.6628771458500187,0.34712285362316847,0.0,2.637889906509372e-13
59.5,0.0,4.643262479900222e-10,5.322359738725434e-12,0.6614322112414349,0.3485677882891805,0.0,2.6401103525586223e-13
59.75,0.0,4.138041682079155e-10,4.775185850500097e-12,0.6599906347672105,0.35000936481447403,0.0,2.6401103525586223e-13
60.0,0.0,3.688686388933587e-10,4.285288644015676e-12,0.6585524080613112,0.3514475915657988,0.0,2.6401103525586223e-13
60.25,0.0,3.2889210755829976e-10,3.846566836261884e-12,0.657117522779918,0.3528824768876073,0.0,2.6401103525586223e-13
60.5,0.0,2.9331853445370016e-10,3.453579654454117e-12,0.655685970601374,0.3543140291021178,0.0,2.6401103525586223e-13
60.75,0.0,2.616554596982243e-10,3.1014766163093274e-12,0.6542577432261303,0.3557422565093767,0.0,2.637889906509372e-13
61.0,0.0,2.334666429801711e-10,2.785932542403687e-12,0.65283283237669,0.3571671673873213,0.0,2.637889906509372e-13
61.25,0.0,2.0836469285786587e-10,2.5030834718673392e-12,0.651411229797554,0.3585887699918422,0.0,2.6401103525586223e-13
61.5,0.0,1.8600593971859754e-10,2.2494798022774666e-12,0.6499929272551632,0.36000707255684516,0.0,2.637889906509372e-13
61.75,0.0,1.6608600816621214e-10,2.0220453645981703e-12,0.6485779165378425,0.36142208329431336,0.0,2.6401103525586223e-13
62.0,0.0,1.4833467669867209e-10,1.8180320679403886e-12,0.6471661894557421,0.362833810394369,0.0,2.637889906509372e-13
62.25,0.0,1.3251204770506708e-10,1.6349847455318622e-12,0.6457577378407815,0.3642422620253352,0.0,2.637889906509372e-13
62.5,0.0,1.184051533017971e-10,1.4707098758278366e-12,0.6443525535465906,0.3656474463337973,0.0,2.637889906509372e-13
62.75,0.0,1.058250055561107e-10,1.3232481423399198e-12,0.6429506284484515,0.36704937144466415,0.0,2.6401103525586223e-13
63.0,0.0,9.460386149901887e-11,1.1908490467690466e-12,0.6415519544432401,0.36844804546122917,0.0,2.6401103525586223e-13
63.25,0.0,8.459249667011542e-11,1.0719459683284555e-12,0.6401565234493679,0.3698434764652316,0.0,2.6401103525586223e-13
63.5,0.0,7.565827985060835e-11,9.651376869048918e-13,0.6387643274067236,0.37123567251691686,0.0,2.637889906509372e-13
63.75,0.0,6.768350462653816e-11,8.69172195847963e-13,0.637375358276614,0.37262464165509745,0.0,2.6401103525586223e-13
64.0,0.0,6.056347951436568e-11,7.82928967894043e-13,0.6359896080417042,0.37401039189721325,0.0,2.637889906509372e-13
64.25,0.0,5.4205087725975924e-11,7.05405066293697e-13,0.6346070687059616,0.37539293123939177,0.0,2.6401103525586223e-13
64.5,0.0,4.852550942752546e-11,6.35702770534741e-13,0.6332277322945944,0.37677226765650823,0.0,2.637889906509372e-13
64.75,0.0,4.345110813867657e-11,5.730186917561416e-13,0.6318515908539943,0.3781484091022454,0.0,2.637889906509372e-13
65.0,0.0,3.891639881814484e-11,5.166337051777302e-13,0.6304786364516776,0.37952136350915333,0.0,2.6401103525586223e-13
65.25,0.0,3.486302352888547e-11,4.6590309372984e-13,0.629108861176226,0.380891138788709,0.0,2.6401103525586223e-13
65.5,0.0,3.12390177189406e-11,4.202491553605469e-13,0.6277422571372291,0.3822577428313756,0.0,2.6401103525586223e-13
65.75,0.0,2.799817225816448e-11,3.7915470701263603e-13,0.6263788164652249,0.3836211835066617,0.0,2.637889906509372e-13
66.0,0.0,2.5099312698882967e-11,3.421560435666801e-13,0.6250185313116421,0.3849814686631804,0.0,2.6401103525586223e-13
66.25,0.0,2.250574954650054e-11,3.088373690688956e-13,0.6236613938487414,0.38633860612870796,0.0,2.6401103525586223e-13
66.5,0.0,2.018478998858296e-11,2.7882582845959047e-13,0.6223073962695577,0.38769260371024267,0.0,2.6401103525586223e-13
66.75,0.0,1.8107311177403582e-11,2.51787126112052e-13,0.6209565307878414,0.38904346919406335,0.0,2.637889906509372e-13
67.0,0.0,1.624736500328615e-11,2.2742147392901047e-13,0.6196087896380016,0.39039121034578755,0.0,2.6401103525586223e-13
67.25,0.0,1.4581787326671467e-11,2.054596371896789e-13,0.6182641650750468,0.3917358349104298,0.0,2.637889906509372e-13
67.5,0.0,1.3089914262859835e-11,1.856599338560534e-13,0.6169226493745287,0.39307735061245963,0.0,2.6401103525586223e-13
67.75,0.0,1.1753334706693431e-11,1.6780559025557454e-13,0.6155842348324835,0.3944157651558593,0.0,2.6401103525586223e-13
68.0,0.0,1.0555614155575635e-11,1.5170190323755469e-13,0.6142489137653752,0.3957510862241815,0.0,2.6401103525586223e-13
68.25,0.0,9.482081778594534e-12,1.371739747959585e-13,0.6129166785100378,0.3970833214806069,0.0,2.6401103525586223e-13
68.5,0.0,8.5196410619916e-12,1.2406468815155933e-13,0.6115875214236189,0.39841247856800127,0.0,2.6401103525586223e-13
68.75,0.0,7.6566038839387e-12,1.1223291840492485e-13,0.6102614348835222,0.3997385651089729,0.0,2.6401103525586223e-13
69.0,0.0,6.882536893548775e-12,1.0155187792388503e-13,0.6089384112873507,0.4010615887059292,0.0,2.6401103525586223e-13
69.25,0.0,6.188110185725309e-12,9.190750645578555e-14,0.60761844305285,0.4023815569411339,0.0,2.637889906509372e-13
69.5,0.0,5.564986012813433e-12,8.319723580742141e-14,0.6063015226178523,0.4036984773767635,0.0,2.6401103525586223e-13
69.75,0.0,5.005721414999649e-12,7.532889823215605e-14,0.6049876424402192,0.4050123575549637,0.0,2.6401103525586223e-13
70.0,0.0,4.503660793695055e-12,6.821956568654057e-14,0.6036767949977864,0.4063232049979057,0.0,2.6401103525586223e-13
70.25,0.0,4.052852236339978e-12,6.179461507031398e-14,0.6023689727883067,0.40763102720784256,0.0,2.637889906509372e-13
70.5,0.0,3.647973012613943e-12,5.5986891911713396e-14,0.6010641683293949,0.4089358316671649,0.0,2.637889906509372e-13
70.75,0.0,3.284264120155643e-12,5.073596918106053e-14,0.599762374158472,0.4102376258384569,0.0,2.6401103525586223e-13
71.0,0.0,2.957469702171328e-12,4.59874619249047e-14,0.5984635828327086,0.41153641716455186,0.0,2.6401103525586223e-13
71.25,0.0,2.663777576797856e-12,4.169236226257071e-14,0.5971677869289708,0.4128322130685876,0.0,2.637889906509372e-13
71.5,0.0,2.399774964791145e-12,3.7806523715577974e-14,0.5958749790437643,0.414125020954062,0.0,2.6401103525586223e-13
71.75,0.0,2.162409640890544e-12,3.4290204316836156e-14,0.5945851517931793,0.415414848204888,0.0,2.6401103525586223e-13
72.0,0.0,1.9489475272365565e-12,3.1107584929466816e-14,0.5932982978128353,0.4167017021854486,0.0,2.6401103525586223e-13
72.25,0.0,1.7569393415797382e-12,2.8226378108869036e-14,0.5920144097578269,0.4179855902406517,0.0,2.637889906509372e-13
72.5,0.0,1.5841908627057469e-12,2.561747765340938e-14,0.5907334803026691,0.4192665196959849,0.0,2.637889906509372e-13
72.75,0.0,1.4287367418708076e-12,2.3254647283492762e-14,0.5894555021412422,0.4205444978575697,0.0,2.637889906509372e-13
73.0,0.0,1.2888162687766617e-12,2.111423275199929e-14,0.5881804679867377,0.4218195320122162,0.0,2.6401103525586223e-13
73.25,0.0,1.1628496589449842e-12,1.917488321848841e-14,0.5869083705716046,0.42309162942747724,0.0,2.6401103525586223e-13
73.5,0.0,1.0494201957244588e-12,1.7417333027520577e-14,0.585639202647495,0.42436079735170207,0.0,2.6401103525586223e-13
73.75,0.0,9.472585159792494e-13,1.5824207867672804e-14,0.5843729569852103,0.42562704301409054,0.0,2.6401103525586223e-13
74.0,0.0,8.552256262533934e-13,1.437982203128446e-14,0.5831096263746472,0.42689037362474697,0.0,2.637889906509372e-13
74.25,0.0,7.722994223501626e-13,1.3070012484989863e-14,0.5818492036247453,0.4281507963747332,0.0,2.6401103525586223e-13
74.5,0.0,6.975626550385642e-13,1.1881989984783902e-14,0.5805916815634321,0.42940831843612237,0.0,2.6401103525586223e-13
74.75,0.0,6.301923050388899e-13,1.0804206510709342e-14,0.5793370530375708,0.43066294696205215,0.0,2.6401103525586223e-13
75.0,0.0,5.694497523846037e-13,9.826232664962535e-15,0.5780853109129069,0.43191468908677766,0.0,2.6401103525586223e-13
75.25,0.0,5.146711861537908e-13,8.938639293294445e-15,0.5768364480740158,0.4331635519257245,0.0,2.637889906509372e-13
75.5,0.0,4.652603022529992e-13,8.132903889457791e-15,0.5755904574242492,0.4344095425755414,0.0,2.6401103525586223e-13
75.75,0.0,4.2068186040027734e-13,7.401327252014645e-15,0.5743473318856829,0.435652668114153,0.0,2.6401103525586223e-13
76.0,0.0,3.8045478481063266e-13,6.7369469555018225e-15,0.5731070643990644,0.4368929356008122,0.0,2.6401103525586223e-13
76.25,0.0,3.4414664025929073e-13,6.133466003350257e-15,0.571869647923761,0.43813035207615264,0.0,2.6401103525586223e-13
76.5,0.0,3.11368694075609e-13,5.5851887158124595e-15,0.5706350754377064,0.4393649245622405,0.0,2.6401103525586223e-13
76.75,0.0,2.817715460615941e-13,5.086963517995142e-15,0.56940333993735,0.440596660062627,0.0,2.6401103525586223e-13
77.0,0.0,2.5504108542839387e-13,4.634130018760099e-15,0.5681744344376046,0.44182556556239966,0.0,2.6401103525586223e-13
77.25,0.0,2.308945575910759e-13,4.2224680228153165e-15,0.5669483519717944,0.44305164802823443,0.0,2.6401103525586223e-13
77.5,0.0,2.0907753793002713e-13,3.84815685409032e-15,0.5657250855916038,0.44427491440844724,0.0,2.6401103525586223e-13
77.75,0.0,1.8936125468519062e-13,3.507739048839886e-15,0.564504628367026,0.44549537163304503,0.0,2.637889906509372e-13
78.0,0.0,1.7153974690019723e-13,3.1980829180016587e-15,0.5632869733863118,0.4467130266137773,0.0,2.6401103525586223e-13
78.25,0.0,1.554275700937443e-13,2.916351459743591e-15,0.5620721137559183,0.4479278862441873,0.0,2.637889906509372e-13
78.5,0.0,1.4085774248253842e-13,2.6599743833201173e-15,0.560860042600458,0.4491399573996625,0.0,2.6401103525586223e-13
78.75,0.0,1.2767992322007966e-13,2.426623089730562e-15,0.5596507530626481,0.4503492469374858,0.0,2.6401103525586223e-13
79.0,0.0,1.1575872697061796e-13,2.2141875236047506e-15,0.55844423830326,0.45155576169688605,0.0,2.6401103525586223e-13
79.25,0.0,1.0497208852450868e-13,2.020753914835377e-15,0.5572404915010685,0.4527595084990885,0.0,2.6401103525586223e-13
79.5,0.0,9.520999197779234e-14,1.8445868696723577e-15,0.5560395058528017,0.4539604941473652,0.0,2.6401103525586223e-13
79.75,0.0,8.637334370842043e-14,1.684113349082422e-15,0.5548412745730906,0.4551587254270852,0.0,2.637889906509372e-13
80.0,0.0,7.837278549608912e-14,1.5379062525901256e-15,0.5536457908944196,0.4563542091057644,0.0,2.6401103525586223e-13
80.25,0.0,7.112772885721062e-14,1.40467069527321e-15,0.5524530480670754,0.45754695193311595,0.0,2.637889906509372e-13
80.5,0.0,6.456548942760244e-14,1.2832316399677161e-15,0.5512630393590987,0.45873696064109937,0.0,2.6401103525586223e-13
80.75,0.0,5.862051741263475e-14,1.1725228132966979e-15,0.5500757580562335,0.4599242419439706,0.0,2.6401103525586223e-13
81.0,0.0,5.3233685589557813e-14,1.071576447871638e-15,0.5488911974618782,0.4611088025383313,0.0,2.637889906509372e-13
81.25,0.0,4.8351600107103304e-14,9.795134366571276e-16,0.5477093508970363,0.4622906491031783,0.0,2.6401103525586223e-13
81.5,0.0,4.392605984931956e-14,8.955353469359625e-16,0.5465302117002666,0.46346978829995256,0.0,2.6401103525586223e-13
81.75,0.0,3.991357581552757e-14,8.189172600393607e-16,0.545353773227635,0.46464622677258827,0.0,2.6401103525586223e-13
82.0,0.0,3.627486875224062e-14,7.490004777616767e-16,0.5441800288526649,0.465819971147562,0.0,2.6401103525586223e-13
82.25,0.0,3.2974457373222586e-14,6.85186386590118e-16,0.5430089719662893,0.4669910280339411,0.0,2.6401103525586223e-13
82.5,0.0,2.99802887257541e-14,6.26930919711549e-16,0.5418405959768009,0.46815940402343237,0.0,2.6401103525586223e-13
82.75,0.0,2.7263408862643827e-14,5.737395836994263e-16,0.5406748943098053,0.4693251056904306,0.0,2.637889906509372e-13
83.0,0.0,2.4797658109942495e-14,5.251628544305084e-16,0.5395118604081716,0.4704881395920671,0.0,2.6401103525586223e-13
83.25,0.0,2.255937674660284e-14,4.807917653142674e-16,0.5383514877319836,0.4716485122682572,0.0,2.6401103525586223e-13
83.5,0.0,2.0527172048146077e-14,4.402543012038937e-16,0.5371937697584939,0.47280623024174906,0.0,2.6401103525586223e-13
83.75,0.0,1.868171070789054e-14,4.0321215825950355e-16,0.5360386999820737,0.47396130001817105,0.0,2.637889906509372e-13
84.0,0.0,1.700550337351762e-14,3.693574614052853e-16,0.5348862719141666,0.4751137280860798,0.0,2.637889906509372e-13
84.25,0.0,1.5482726787566967e-14,3.384099862339759e-16,0.5337364790832404,0.4762635209170077,0.0,2.6401103525586223e-13
84.5,0.0,1.4099063907447454e-14,3.1011464787508835e-16,0.5325893150347394,0.4774106849655101,0.0,2.6401103525586223e-13
84.75,0.0,1.284156115680227e-14,2.842392414067285e-16,0.5314447733310377,0.4785552266692132,0.0,2.6401103525586223e-13
85.0,0.0,1.1698496316489343e-14,2.6057234926993416e-16,0.5303028475513912,0.47969715244886074,0.0,2.6401103525586223e-13
85.25,0.0,1.065925119097701e-14,2.3892133911502157e-16,0.5291635312918915,0.4808364687083615,0.0,2.6401103525586223e-13
85.5,0.0,9.71420995951354e-15,2.1911071529258863e-16,0.5280268181654183,0.4819731818348356,0.0,2.637889906509372e-13
85.75,0.0,8.854668396512374e-15,2.0098063456885874e-16,0.5268927018015928,0.4831072981986621,0.0,2.6401103525586223e-13
86.0,0.0,8.072740253611359e-15,1.8438540997545648e-16,0.5257611758467307,0.4842388241535249,0.0,2.637889906509372e-13
86.25,0.0,7.361279461549389e-15,1.6919223734278528e-16,0.5246322339637967,0.4853677660364597,0.0,2.6401103525586223e-13
86.5,0.0,6.713810097770403e-15,1.552800425195899e-16,0.5235058698323569,0.4864941301679001,0.0,2.6401103525586223e-13
86.75,0.0,6.1244637288975656e-15,1.4253844205153892e-16,0.5223820771485336,0.4876179228517241,0.0,2.6401103525586223e-13
87.0,0.0,5.5879214110772985e-15,1.3086678029073008e-16,0.5212608496249581,0.4887391503753,0.0,2.6401103525586223e-13
87.25,0.0,5.09935789249928e-15,1.2017320937866493e-16,0.5201421809907263,0.4898578190095324,0.0,2.6401103525586223e-13
87.5,0.0,4.654396707859544e-15,1.1037392645816288e-16,0.519026064991351,0.4909739350089081,0.0,2.637889906509372e-13
87.75,0.0,4.249069987133268e-15,1.0139248549560768e-16,0.5179124953887178,0.4920875046115418,0.0,2.6401103525586223e-13
88.0,0.0,3.879777257376894e-15,9.315910682923423e-17,0.5168014659610384,0.49319853403922154,0.0,2.6401103525586223e-13
88.25,0.0,3.543250987924009e-15,8.561008629351646e-17,0.5156929705028059,0.4943070294974542,0.0,2.637889906509372e-13
88.5,0.0,3.236525530959578e-15,7.868725955994785e-17,0.5145870028247497,0.4954129971755109,0.0,2.6401103525586223e-13
88.75,0.0,2.9569092769434613e-15,7.233751828418992e-17,0.5134835567537888,0.4965164432464721,0.0,2.637889906509372e-13
89.0,0.0,2.7019588733655232e-15,6.651236164112133e-17,0.5123826261329888,0.4976173738672724,0.0,2.6401103525586223e-13
89.25,0.0,2.4694544654865666e-15,6.116746835907339e-17,0.5112842048215155,0.49871579517874587,0.0,2.6401103525586223e-13
89.5,0.0,2.257379615605909e-15,5.626233954263573e-17,0.510188286694591,0.4998117133056705,0.0,2.637889906509372e-13
89.75,0.0,2.0639032925494636e-15,5.175997580489561e-17,0.5090948656434489,0.5009051343568129,0.0,2.6401103525586223e-13
90.0,0.0,1.8873615133609787e-15,4.7626554726571936e-17,0.508003935575289,0.501996064424973,0.0,2.6401103525586223e-13
90.25,0.0,1.7262418968389195e-15,4.38311534089487e-17,0.506915490413234,0.5030845095870281,0.0,2.6401103525586223e-13
90.5,0.0,1.5791697195720736e-15,4.0345496588981385e-17,0.5058295240962848,0.5041704759039775,0.0,2.6401103525586223e-13
90.75,0.0,1.4448953907638658e-15,3.7143728695870884e-17,0.5047460305792763,0.5052539694209861,0.0,2.637889906509372e-13
91.0,0.0,1.3222828517476736e-15,3.4202202480617704e-17,0.5036650038328334,0.506334996167429,0.0,2.637889906509372e-13
91.25,0.0,1.210298453118624e-15,3.1499277532453517e-17,0.5025864378433276,0.5074135621569351,0.0,2.6401103525586223e-13
91.5,0.0,1.1080018670090417e-15,2.901515106269363e-17,0.5015103266128322,0.5084896733874305,0.0,2.637889906509372e-13
91.75,0.0,1.014537919606566e-15,2.6731704654286552e-17,0.5004366641590802,0.5095633358411825,0.0,2.6356694604601216e-13
92.0,0.0,9.291283093281259e-16,2.463235177523084e-17,0.49936544451541953,0.5106345554848433,0.0,2.637889906509372e-13
92.25,0.0,8.510645984278015e-16,2.2701905968412574e-17,0.4982966617307702,0.5117033382694927,0.0,2.637889906509372e-13
92.5,0.0,7.797018773935583e-16,2.092646101331171e-17,0.4972303098695812,0.5127696901306817,0.0,2.637889906509372e-13
92.75,0.0,7.144530631183617e-16,1.9293282283346787e-17,0.4961663830117871,0.513833616988476,0.0,2.637889906509372e-13
93.0,0.0,6.5478361624702925e-16,1.7790705952462064e-17,0.4951048752527654,0.5148951247474978,0.0,2.637889906509372e-13
93.25,0.0,6.002064834136081e-16,1.6408043012554872e-17,0.49404578070329336,0.5159542192969698,0.0,2.637889906509372e-13
93.5,0.0,5.502779358188849e-16,1.5135498179118784e-17,0.4929890934895054,0.5170109065107579,0.0,2.637889906509372e-13
93.75,0.0,5.045938217939768e-16,1.3964096313641858e-17,0.4919348077528507,0.5180651922474125,0.0,2.637889906509372e-13
94.0,0.0,4.627857853001893e-16,1.2885609481525279e-17,0.4908829176500505,0.5191170823502128,0.0,2.637889906509372e-13
94.25,0.0,4.2451804833859913e-16,1.1892493606976589e-17,0.48983341735305563,0.5201665826472077,0.0,2.637889906509372e-13
94.5,0.0,3.8948449815052147e-16,1.097783079912791e-17,0.4887863010490047,0.5212136989512587,0.0,2.637889906509372e-13
94.75,0.0,3.5740606091632233e-16,1.0135276974619732e-17,0.4877415629401815,0.5222584370600819,0.0,2.637889906509372e-13
95.0,0.0,3.28028267627913e-16,9.359013239062326e-18,0.4866991972439735,0.5233008027562899,0.0,2.6356694604601216e-13
95.25,0.0,3.011189266899231e-16,8.643699630413875e-18,0.48565919819282966,0.5243408018074338,0.0,2.637889906509372e-13
95.5,0.0,2.764661961466526e-16,7.984435814310065e-18,0.48462156003421875,0.5253784399660447,0.0,2.637889906509372e-13
95.75,0.0,2.538768443514513e-16,7.376725359131933e-18,0.48358627703058776,0.5264137229696757,0.0,2.637889906509372e-13
96.0,0.0,2.3317450272007255e-16,6.816440439599566e-18,0.4825533434593205,0.5274466565409429,0.0,2.6356694604601216e-13
96.25,0.0,2.1419817128354192e-16,6.299791048522357e-18,0.48152275361269625,0.5284772463875673,0.0,2.637889906509372e-13
96.5,0.0,1.9680086391139814e-16,5.823296925363965e-18,0.48049450179784814,0.5295054982024154,0.0,2.637889906509372e-13
96.75,0.0,1.8084838457143456e-16,5.383762019195317e-18,0.4794685823367225,0.5305314176635412,0.0,2.637889906509372e-13
97.0,0.0,1.6621819267694586e-16,4.978250771410329e-18,0.4784449895660374,0.5315550104342261,0.0,2.637889906509372e-13
97.25,0.0,1.527983194995195e-16,4.6040655685203264e-18,0.47742371783724236,0.5325762821630212,0.0,2.637889906509372e-13
97.5,0.0,1.4048646490417883e-16,4.25872747942727e-18,0.47640476151647687,0.5335952384837868,0.0,2.637889906509372e-13
97.75,0.0,1.291891808595551e-16,3.9399587167965844e-18,0.47538811498453026,0.5346118850157334,0.0,2.637889906509372e-13
98.0,0.0,1.1882105465669918e-16,3.645665362902786e-18,0.4743737726368008,0.5356262273634629,0.0,2.637889906509372e-13
98.25,0.0,1.0930400683389271e-16,3.373922238247868e-18,0.47336172888325556,0.5366382711170081,0.0,2.637889906509372e-13
98.5,0.0,1.0056665383171965e-16,3.1229590861011936e-18,0.47235197814839003,0.5376480218518737,0.0,2.637889906509372e-13
98.75,0.0,9.254373127415083e-17,2.8911479834105125e-18,0.47134451487118784,0.5386554851290758,0.0,2.637889906509372e-13
99.0,0.0,8.517555900306325e-17,2.6769916421868106e-18,0.47033933350508084,0.5396606664951829,0.0,2.637889906509372e-13
99.25,0.0,7.840753075033888e-17,2.4791122957915543e-18,0.4693364285179091,0.5406635714823547,0.0,2.637889906509372e-13
99.5,0.0,7.218968614316101e-17,2.2962421549841837e-18,0.46833579439188067,0.541664205608383,0.0,2.637889906509372e-13
99.75,0.0,6.647632312491645e-17,2.127214703578805e-18,0.46733742562353286,0.5426625743767308,0.0,2.637889906509372e-13
100.0,0.0,6.122561173960748e-17,1.9709561499991205e-18,0.46634131672369145,0.5436586832765722,0.0,2.6356694604601216e-13
100.25,0.0,5.639926058470323e-17,1.82647790915799e-18,0.4653474622174323,0.5446525377828315,0.0,2.637889906509372e-13
100.5,0.0,5.19622135982745e-17,1.6928697286643915e-18,0.4643558566440408,0.5456441433562229,0.0,2.637889906509372e-13
100.75,0.0,4.7882375214713066e-17,1.5692934150236863e-18,0.4633664945569738,0.5466335054432899,0.0,2.637889906509372e-13
101.0,0.0,4.413035530144781e-17,1.4549770001919228e-18,0.46237937052381967,0.5476206294764441,0.0,2.637889906509372e-13
101.25,0.0,4.067922608381593e-17,1.3492092031621694e-18,0.46139447912625964,0.548605520874004,0.0,2.637889906509372e-13
101.5,0.0,3.7504317101578544e-17,1.2513346503386438e-18,0.46041181496002864,0.5495881850402351,0.0,2.637889906509372e-13
101.75,0.0,3.4583029200674395e-17,1.1607495092542001e-18,0.45943137263487677,0.5505686273653869,0.0,2.637889906509372e-13
102.0,0.0,3.189464984493922e-17,1.07689721182492e-18,0.45845314677453036,0.5515468532257334,0.0,2.637889906509372e-13
102.25,0.0,2.942019289488383e-17,9.992646786798242e-19,0.4574771320166535,0.5525228679836103,0.0,2.637889906509372e-13
102.5,0.0,2.7142252758134905e-17,9.273788623585116e-19,0.45650332301280955,0.5534966769874542,0.0,2.637889906509372e-13
102.75,0.0,2.5044871962739212e-17,8.608035872392017e-19,0.4555317144284229,0.5544682855718409,0.0,2.637889906509372e-13
103.0,0.0,2.3113418201850662e-17,7.991366094972304e-19,0.4545623009427404,0.5554376990575234,0.0,2.637889906509372e-13
103.25,0.0,2.1334467261864965e-17,7.42006827226524e-19,0.45359507724879383,0.5564049227514699,0.0,2.637889906509372e-13
103.5,0.0,1.969570372011312e-17,6.890718614483576e-19,0.4526300380533611,0.5573699619469027,0.0,2.637889906509372e-13
103.75,0.0,1.8185830706986303e-17,6.400158427946197e-19,0.451667178076929,0.5583328219233347,0.0,2.6356694604601216e-13
104.0,0.0,1.6794480606446535e-17,5.94547248842334e-19,0.4507064920536552,0.5592935079466086,0.0,2.637889906509372e-13
104.25,0.0,1.551213725378846e-17,5.523969878669768e-19,0.4497479747313302,0.5602520252689336,0.0,2.637889906509372e-13
104.5,0.0,1.4330065015989154e-17,5.1331664206061715e-19,0.44879162087134045,0.5612083791289234,0.0,2.637889906509372e-13
104.75,0.0,1.3240244293017034e-17,4.770768590653445e-19,0.4478374252486299,0.5621625747516339,0.0,2.637889906509372e-13
105.0,0.0,1.2235311601797361e-17,4.434658545749964e-19,0.44688538265166394,0.5631146173485999,0.0,2.637889906509372e-13
105.25,0.0,1.1308502572648676e-17,4.1228799205341824e-19,0.4459354878823908,0.564064512117873,0.0,2.637889906509372e-13
105.5,0.0,1.0453603342014015e-17,3.8336254573230776e-19,0.4449877357562053,0.5650122642440585,0.0,2.637889906509372e-13
105.75,0.0,9.664906308496201e-18,3.565225670289418e-19,0.4440421211019116,0.5659578788983521,0.0,2.637889906509372e-13
106.0,0.0,8.937166483785017e-18,3.3161377937261957e-19,0.4430986387616861,0.5669013612385777,0.0,2.637889906509372e-13
106.25,0.0,8.26556330748181e-18,3.084935955491468e-19,0.44215728359104056,0.5678427164092232,0.0,2.637889906509372e-13
106.5,0.0,7.645665793069547e-18,2.870302156188054e-19,0.44121805045878587,0.568781949541478,0.0,2.637889906509372e-13
106.75,0.0,7.07340077859794e-18,2.67101799743782e-19,0.4402809342469948,0.569719065753269,0.0,2.637889906509372e-13
107.0,0.0,6.545023417585683e-18,2.4859569764623725e-19,0.43934592985096604,0.5706540701492978,0.0,2.637889906509372e-13
107.25,0.0,6.057089124221262e-18,2.314077180240268e-19,0.43841303217918737,0.5715869678210765,0.0,2.6401103525586223e-13
107.5,0.0,5.60642952997873e-18,2.1544148951553599e-19,0.43748223615329956,0.5725177638469643,0.0,2.637889906509372e-13
107.75,0.0,5.190130563009234e-18,2.006078742059075e-19,0.4365535367080603,0.5734464632922035,0.0,2.637889906509372e-13
108.0,0.0,4.805510883837448e-18,1.86824396997765e-19,0.435626928791308,0.5743730712089559,0.0,2.637889906509372e-13
108.25,0.0,4.450102946630362e-18,1.7401473655574088e-19,0.4347024073639257,0.5752975926363382,0.0,2.637889906509372e-13
108.5,0.0,4.121635689608698e-18,1.6210825737706935e-19,0.4337799673998053,0.5762200326004586,0.0,2.6401103525586223e-13
108.75,0.0,3.818018742620531e-18,1.5103958008603167e-19,0.43285960388581174,0.5771403961144521,0.0,2.637889906509372e-13
109.0,0.0,3.537327740989034e-18,1.4074818088892934e-19,0.43194131182174766,0.5780586881785161,0.0,2.637889906509372e-13
109.25,0.0,3.2777903718633464e-18,1.3117801191683415e-19,0.43102508622031716,0.5789749137799466,0.0,2.637889906509372e-13
109.5,0.0,3.0377743580041826e-18,1.222771677831133e-19,0.43011092210709106,0.5798890778931728,0.0,2.637889906509372e-13
109.75,0.0,2.815776485157155e-18,1.1399757910558873e-19,0.42919881452047104,0.5808011854797928,0.0,2.637889906509372e-13
110.0,0.0,2.6104118361667197e-18,1.0629471487498638e-19,0.42828875851165454,0.5817112414886093,0.0,2.637889906509372e-13
110.25,0.0,2.420404300578147e-18,9.912731609696716e-20,0.4273807491445997,0.5826192508556641,0.0,2.637889906509372e-13
110.5,0.0,2.244577889202574e-18,9.245715063561378e-20,0.4264747814959902,0.5835252185042736,0.0,2.637889906509372e-13
110.75,0.0,2.0818487978055475e-18,8.624878775849504e-20,0.42557085065520045,0.5844291493450634,0.0,2.637889906509372e-13
111.0,0.0,1.9312180225769725e-18,8.046938784355045e-20,0.4246689517242604,0.5853310482760035,0.0,2.637889906509372e-13
111.25,0.0,1.7917643477548492e-18,7.50885031011698e-20,0.4237690798178212,0.5862309201824427,0.0,2.6401103525586223e-13
111.5,0.0,1.6626382790464243e-18,7.007790186924546e-20,0.4228712300631203,0.5871287699371436,0.0,2.637889906509372e-13
111.75,0.0,1.5430564953883241e-18,6.541140688495982e-20,0.4219753975999469,0.588024602400317,0.0,2.637889906509372e-13
112.0,0.0,1.432296418454554e-18,6.106473849209475e-20,0.42108157758060777,0.588918422419656,0.0,2.637889906509372e-13
112.25,0.0,1.3296914084596288e-18,5.701537389787464e-20,0.42018976516989265,0.5898102348303712,0.0,2.637889906509372e-13
112.5,0.0,1.2346263617274016e-18,5.324241746715546e-20,0.41929995554504,0.5907000444552238,0.0,2.637889906509372e-13
112.75,0.0,1.1465336819486851e-18,4.9726481272175685e-20,0.4184121438957028,0.5915878561045611,0.0,2.6401103525586223e-13
113.0,0.0,1.0648895293690047e-18,4.6449573601150385e-20,0.4175263254239147,0.5924736745763491,0.0,2.637889906509372e-13
113.25,0.0,9.892102606886417e-19,4.3394993326417394e-20,0.4166424953440562,0.5933575046562077,0.0,2.6401103525586223e-13
113.5,0.0,9.190493355510901e-19,4.054723641978272e-20,0.41576064888282016,0.5942393511174437,0.0,2.6401103525586223e-13
113.75,0.0,8.53994483097822e-19,3.789190978362818e-20,0.4148807812791787,0.5951192187210851,0.0,2.637889906509372e-13
114.0,0.0,7.936649348590752e-19,3.541564784117118e-20,0.4140028877843494,0.5959971122159144,0.0,2.637889906509372e-13
114.25,0.0,7.377089684243134e-19,3.310603744760507e-20,0.41312696366176127,0.5968730363385026,0.0,2.6401103525586223e-13
114.5,0.0,6.858016536380928e-19,3.095154860276445e-20,0.4122530041870219,0.597746995813242,0.0,2.637889906509372e-13
114.75,0.0,6.376427870860058e-19,2.8941470554358034e-20,0.4113810046478837,0.5986189953523802,0.0,2.637889906509372e-13
115.0,0.0,5.929549679326361e-19,2.7065852118386985e-20,0.41051096034421103,0.5994890396560528,0.0,2.637889906509372e-13
115.25,0.0,5.514817723326635e-19,2.531544514347838e-20,0.40964286658794635,0.6003571334123174,0.0,2.637889906509372e-13
115.5,0.0,5.129861604148339e-19,2.3681654297722492e-20,0.408776718703078,0.6012232812971859,0.0,2.6401103525586223e-13
115.75,0.0,4.772490150509903e-19,2.2156490721687765e-20,0.40791251202560624,0.6020874879746576,0.0,2.637889906509372e-13
116.0,0.0,4.440677177730683e-19,2.073252722867115e-20,0.40705024190351136,0.6029497580967524,0.0,2.637889906509372e-13
116.25,0.0,4.132548805085876e-19,1.9402857862259783e-20,0.40618990369672026,0.6038100963035437,0.0,2.6401103525586223e-13
116.5,0.0,3.8463718040855387e-19,1.816106053231018e-20,0.4053314927770736,0.6046685072231903,0.0,2.6401103525586223e-13
116.75,0.0,3.5805429049010157e-19,1.700116251149421e-20,0.4044750045282939,0.60552499547197,0.0,2.6401103525586223e-13
117.0,0.0,3.333578828563771e-19,1.5917608187134524e-20,0.4036204343459523,0.6063795656543115,0.0,2.637889906509372e-13
117.25,0.0,3.1041068330163097e-19,1.4905228514301014e-20,0.4027677776374369,0.607232222362827,0.0,2.6401103525586223e-13
117.5,0.0,2.8908564302768583e-19,1.395921379226714e-20,0.40191702982191935,0.6080829701783445,0.0,2.637889906509372e-13
117.75,0.0,2.692651777958199e-19,1.3075088503492904e-20,0.4010681863303239,0.60893181366994,0.0,2.637889906509372e-13
118.0,0.0,2.508404278243653e-19,1.2248687023622742e-20,0.4002212426052943,0.6097787573949696,0.0,2.637889906509372e-13
118.25,0.0,2.3371059660892416e-19,1.1476131635746813e-20,0.39937619410116204,0.6106238058991018,0.0,2.637889906509372e-13
118.5,0.0,2.1778234272676364e-19,1.0753812193398285e-20,0.3985330362839146,0.6114669637163492,0.0,2.637889906509372e-13
118.75,0.0,2.0296922087381874e-19,1.0078367315836311e-20,0.3976917646311633,0.6123082353691005,0.0,2.637889906509372e-13
119.0,0.0,1.8919116051714682e-19,9.446666800417818e-21,0.39685237463211187,0.6131476253681519,0.0,2.637889906509372e-13
119.25,0.0,1.7637397156138917e-19,8.855794963342927e-21,0.3960148617875243,0.6139851382127395,0.0,2.637889906509372e-13
119.5,0.0,1.6444890957883979e-19,8.30303574426976e-21,0.39517922160969376,0.6148207783905701,0.0,2.6401103525586223e-13
119.75,0.0,1.5335227587956653e-19,7.785858921487587e-21,0.3943454496224105,0.6156545503778532,0.0,2.637889906509372e-13
120.0,0.0,1.4302502916179078e-19,7.301906819637904e-21,0.3935135413609313,0.6164864586393325,0.0,2.637889906509372e-13
120.25,0.0,1.334124375383821e-19,6.848982247797987e-21,0.39268349237194733,0.6173165076283165,0.0,2.637889906509372e-13
120.5,0.0,1.2446375805310626e-19,6.425037328701615e-21,0.39185529821355325,0.6181447017867104,0.0,2.6356694604601216e-13
120.75,0.0,1.1613194173672753e-19,6.028163156333346e-21,0.3910289544552164,0.6189710455450474,0.0,2.637889906509372e-13
121.0,0.0,1.0837335833905418e-19,5.656580116223389e-21,0.3902044566777449,0.6197955433225188,0.0,2.637889906509372e-13
121.25,0.0,1.0114753538220534e-19,5.308628716580017e-21,0.3893818004732577,0.620618199527006,0.0,2.637889906509372e-13
121.5,0.0,9.441692780763431e-20,4.982761364533267e-21,0.3885609814451533,0.6214390185551105,0.0,2.637889906509372e-13
121.75,0.0,8.814670579373742e-20,4.6775347458229e-21,0.3877419952080785,0.6222580047921853,0.0,2.637889906509372e-13
122.0,0.0,8.230454904511318e-20,4.3916024844021115e-21,0.38692483738789857,0.6230751626123653,0.0,2.637889906509372e-13
122.25,0.0,7.686046194180078e-20,4.123708465243532e-21,0.3861095036216658,0.623890496378598,0.0,2.637889906509372e-13
122.5,0.0,7.17866030842748e-20,3.872680643150049e-21,0.38529598955758987,0.624704010442674,0.0,2.637889906509372e-13
122.75,0.0,6.705712821238973e-20,3.637425303464943e-21,0.3844842908550065,0.6255157091452573,0.0,2.637889906509372e-13
123.0,0.0,6.264804351025233e-20,3.41692168680031e-21,0.38367440318434803,0.6263255968159158,0.0,2.637889906509372e-13
123.25,0.0,5.853706656666007e-20,3.210216897169705e-21,0.3828663222271123,0.6271336777731515,0.0,2.637889906509372e-13
123.5,0.0,5.470350320213718e-20,3.0164213212786336e-21,0.38206004367583324,0.6279399563244306,0.0,2.637889906509372e-13
123.75,0.0,5.112813386108311e-20,2.8347043786550324e-21,0.38125556323405035,0.6287444367662134,0.0,2.637889906509372e-13
124.0,0.0,4.7793103629197104e-20,2.6642904317048424e-21,0.38045287661627875,0.6295471233839851,0.0,2.637889906509372e-13
124.25,0.0,4.468182313259791e-20,2.5044550565928462e-21,0.37965197954797936,0.6303480204522844,0.0,2.637889906509372e-13
124.5,0.0,4.177887704496923e-20,2.354521581530652e-21,0.37885286776552923,0.6311471322347346,0.0,2.637889906509372e-13
124.75,0.0,3.906993966290101e-20,2.2138578737886015e-21,0.3780555370161913,0.6319444629840725,0.0,2.637889906509372e-13
125.0,0.0,3.6541696012609475e-20,2.0818733283940364e-21,0.3772599830580856,0.6327400169421782,0.0,2.637889906509372e-13
125.25,0.0,3.4181767082804593e-20,1.9580160153363416e-21,0.3764662016601589,0.6335337983401049,0.0,2.637889906509372e-13
125.5,0.0,3.197864336494303e-20,1.841770105776902e-21,0.37567418860215557,0.6343258113981083,0.0,2.637889906509372e-13
125.75,0.0,2.992162347478475e-20,1.732653481244465e-21,0.3748839396745881,0.6351160603256757,0.0,2.637889906509372e-13
126.0,0.0,2.800075481140276e-20,1.6302154347132867e-21,0.37409545067870803,0.6359045493215558,0.0,2.637889906509372e-13
126.25,0.0,2.6206779946802148e-20,1.5340345697943692e-21,0.3733087174264763,0.6366912825737875,0.0,2.637889906509372e-13
126.5,0.0,2.453108707267151e-20,1.443716848341353e-21,0.3725237357405346,0.6374762642597291,0.0,2.637889906509372e-13
126.75,0.0,2.2965664216759625e-20,1.3588937761541756e-21,0.3717405014541759,0.6382594985460879,0.0,2.637889906509372e-13
127.0,0.0,2.150305643118273e-20,1.2792207013804096e-21,0.37095901041131585,0.639040989588948,0.0,2.637889906509372e-13
127.25,0.0,2.0136325222777676e-20,1.2043752022803272e-21,0.37017925846646327,0.6398207415338004,0.0,2.6356694604601216e-13
127.5,0.0,1.8859012373874477e-20,1.1340556286601197e-21,0.3694012414846924,0.6405987585155714,0.0,2.637889906509372e-13
127.75,0.0,1.7665106486762128e-20,1.0679797453911217e-21,0.36862495534161305,0.6413750446586507,0.0,2.637889906509372e-13
128.0,0.0,1.6549010677766644e-20,1.0058834290259615e-21,0.36785039592334257,0.6421496040769211,0.0,2.6356694604601216e-13
128.25,0.0,1.5505513317512357e-20,9.47519474169469e-22,0.3670775591264773,0.6429224408737864,0.0,2.6356694604601216e-13
128.5,0.0,1.45297609539785e-20,8.92656482927962e-22,0.36630644085806413,0.6436935591421996,0.0,2.637889906509372e-13
128.75,0.0,1.3617233263998832e-20,8.41077831694748e-22,0.36553703703557144,0.6444629629646923,0.0,2.637889906509372e-13
129.0,0.0,1.2763719615409684e-20,7.925807014361522e-22,0.36476934358686175,0.645230656413402,0.0,2.637889906509372e-13
129.25,0.0,1.1965296857308316e-20,7.469751587583941e-22,0.3640033564501629,0.6459966435501009,0.0,2.637889906509372e-13
129.5,0.0,1.1218309452065762e-20,7.040833223636338e-22,0.36323907157403995,0.6467609284262239,0.0,2.637889906509372e-13
129.75,0.0,1.0519351080243821e-20,6.63738586944406e-22,0.36247648491736734,0.6475235150828964,0.0,2.637889906509372e-13
130.0,0.0,9.865246897079377e-21,6.257848779446738e-22,0.3617155924493008,0.6482844075509631,0.0,2.637889906509372e-13
130.25,0.0,9.253037423122458e-21,5.900759676628198e-22,0.36095639014924913,0.6490436098510146,0.0,2.637889906509372e-13
130.5,0.0,8.679963619527708e-21,5.564748382515003e-22,0.3601988740068471,0.6498011259934167,0.0,2.637889906509372e-13
130.75,0.0,8.143453064474296e-21,5.248530883933773e-22,0.35944304002192673,0.650556959978337,0.0,2.6356694604601216e-13
131.0,0.0,7.641107009945671e-21,4.950903760515922e-22,0.3586888842044905,0.6513111157957732,0.0,2.6356694604601216e-13
131.25,0.0,7.170688116592527e-21,4.67073890301751e-22,0.3579364025746835,0.6520635974255803,0.0,2.637889906509372e-13
131.5,0.0,6.730109448983514e-21,4.406978710270829e-22,0.35718559116276527,0.6528144088374984,0.0,2.6356694604601216e-13
131.75,0.0,6.3174242743088355e-21,4.1586316120182205e-22,0.35643644600908353,0.6535635539911802,0.0,2.6356694604601216e-13
132.0,0.0,5.9308162321795985e-21,3.9247677722728584e-22,0.35568896316404586,0.6543110368362179,0.0,2.637889906509372e-13
132.25,0.0,5.568590389019829e-21,3.704515138496945e-22,0.35494313868809285,0.6550568613121709,0.0,2.637889906509372e-13
132.5,0.0,5.229164940932996e-21,3.4970557577007e-22,0.35419896865167083,0.655801031348593,0.0,2.637889906509372e-13
132.75,0.0,4.9110635194893975e-21,3.301622341254761e-22,0.3534564491352048,0.656543550865059,0.0,2.637889906509372e-13
133.0,0.0,4.612907982755725e-21,3.11749503630408e-22,0.3527155762290713,0.6572844237711924,0.0,2.637889906509372e-13
133.25,0.0,4.3334115836709296e-21,2.943998365010145e-22,0.35197634603357153,0.6580236539666923,0.0,2.637889906509372e-13
133.5,0.0,4.071372822852367e-21,2.7804984343845816e-22,0.3512387546589043,0.6587612453413594,0.0,2.6356694604601216e-13
133.75,0.0,3.825669743433739e-21,2.6264003325369375e-22,0.3505027982251397,0.6594972017751242,0.0,2.637889906509372e-13
134.0,0.0,3.5952544383576474e-21,2.4811456311562746e-22,0.34976847286219137,0.6602315271380723,0.0,2.6356694604601216e-13
134.25,0.0,3.3791480407717316e-21,2.3442100846111175e-22,0.34903577470979114,0.6609642252904726,0.0,2.637889906509372e-13
134.5,0.0,3.176436072403921e-21,2.2151014822085957e-22,0.3483046999174614,0.6616953000828024,0.0,2.637889906509372e-13
134.75,0.0,2.9862641248788902e-21,2.0933576432421198e-22,0.347575244644489,0.6624247553557747,0.0,2.637889906509372e-13
135.0,0.0,2.8078338107078686e-21,1.9785445313031254e-22,0.34684740505989914,0.6631525949403646,0.0,2.637889906509372e-13
135.25,0.0,2.6403989259033128e-21,1.8702544661811084e-22,0.3461211773424282,0.6638788226578356,0.0,2.637889906509372e-13
135.5,0.0,2.483261987525488e-21,1.768104490031486e-22,0.3453965576804983,0.6646034423197654,0.0,2.637889906509372e-13
135.75,0.0,2.3357710164696808e-21,1.6717348410402717e-22,0.34467354227219066,0.6653264577280731,0.0,2.637889906509372e-13
136.0,0.0,2.197316442546838e-21,1.5808074899920924e-22,0.34395212732521957,0.6660478726750442,0.0,2.637889906509372e-13
136.25,0.0,2.067328275708976e-21,1.4950047895639074e-22,0.3432323090569062,0.6667676909433575,0.0,2.637889906509372e-13
136.5,0.0,1.9452734765374675e-21,1.4140282122049394e-22,0.3425140836941528,0.6674859163061109,0.0,2.6356694604601216e-13
136.75,0.0,1.8306535121265536e-21,1.3375971706513801e-22,0.34179744747341695,0.6682025525268468,0.0,2.637889906509372e-13
137.0,0.0,1.7230020630590332e-21,1.2654479078274852e-22,0.3410823966406853,0.6689176033595785,0.0,2.637889906509372e-13
137.25,0.0,1.621882849978935e-21,1.1973324439165434e-22,0.340368927451448,0.6696310725488158,0.0,2.637889906509372e-13
137.5,0.0,1.5268876673264645e-21,1.1330176121111036e-22,0.33965703617067317,0.6703429638295906,0.0,2.637889906509372e-13
137.75,0.0,1.4376345542611725e-21,1.072284156844532e-22,0.33894671907278123,0.6710532809274825,0.0,2.637889906509372e-13
138.0,0.0,1.3537660363757815e-21,1.0149258695015744e-22,0.33823797244161924,0.6717620275586446,0.0,2.637889906509372e-13
138.25,0.0,1.2749475152907714e-21,9.607487892885485e-23,0.3375307925704354,0.6724692074298283,0.0,2.6356694604601216e-13
138.5,0.0,1.2008657700744483e-21,9.095704557443374e-23,0.3368251757618539,0.6731748242384098,0.0,2.6356694604601216e-13
138.75,0.0,1.131227562749248e-21,8.612192094514483e-23,0.3361211183278495,0.6738788816724142,0.0,2.6356694604601216e-13
139.0,0.0,1.0657583291305164e-21,8.155335334261584e-23,0.3354186165897221,0.6745813834105415,0.0,2.6356694604601216e-13
139.25,0.0,1.0042009377669837e-21,7.723614282472382e-23,0.3347176668780719,0.6752823331221918,0.0,2.6356694604601216e-13
139.5,0.0,9.463145643174286e-22,7.315598385761941e-23,0.3340182655327739,0.6759817344674898,0.0,2.6356694604601216e-13
139.75,0.0,8.918736432964406e-22,6.929941162777391e-23,0.3333204089029532,0.6766795910973105,0.0,2.6356694604601216e-13
140.0,0.0,8.406668610341079e-22,6.565375060106723e-23,0.3326240933469601,0.6773759066533036,0.0,2.6356694604601216e-13
140.25,0.0,7.924962314981928e-22,6.220706687876032e-23,0.33192931523234465,0.6780706847679191,0.0,2.637889906509372e-13
140.5,0.0,7.471762353783965e-22,5.894812358712068e-23,0.33123607093583246,0.6787639290644312,0.0,2.6356694604601216e-13
140.75,0.0,7.045330180811376e-22,5.586633910032369e-23,0.3305443568432998,0.6794556431569638,0.0,2.6356694604601216e-13
141.0,0.0,6.6440363629791435e-22,5.295174766630389e-23,0.32985416934974876,0.6801458306505149,0.0,2.6356694604601216e-13
141.25,0.0,6.26635343643058e-22,5.0194962038138435e-23,0.3291655048592827,0.680834495140981,0.0,2.637889906509372e-13
141.5,0.0,5.910849411527291e-22,4.7587139107509677e-23,0.32847835978508155,0.6815216402151821,0.0,2.6356694604601216e-13
141.75,0.0,5.576181717670738e-22,4.51199476985869e-23,0.32779273054937785,0.6822072694508858,0.0,2.6356694604601216e-13
142.0,0.0,5.261091389475911e-22,4.278553771753832e-23,0.3271086135834321,0.6828913864168317,0.0,2.637889906509372e-13
142.25,0.0,4.964397721105075e-22,4.0576511532052895e-23,0.32642600532750776,0.6835739946727559,0.0,2.6356694604601216e-13
142.5,0.0,4.684993281328195e-22,3.848589714653996e-23,0.32574490223084845,0.6842550977694152,0.0,2.6356694604601216e-13
142.75,0.0,4.421839264660638e-22,3.650712305547033e-23,0.32506530075165246,0.6849346992486112,0.0,2.6356694604601216e-13
143.0,0.0,4.173961121141968e-22,3.463399452673211e-23,0.3243871973570491,0.6856128026432147,0.0,2.637889906509372e-13
143.25,0.0,3.940444411909091e-22,3.286067108567192e-23,0.32371058852307455,0.6862894114771891,0.0,2.6356694604601216e-13
143.5,0.0,3.720431032204478e-22,3.118164576661284e-23,0.32303547073464833,0.6869645292656154,0.0,2.6356694604601216e-13
143.75,0.0,3.513115686393532e-22,2.959172564923275e-23,0.32236184048554883,0.6876381595147149,0.0,2.6356694604601216e-13
144.0,0.0,3.31774250515861e-22,2.808601321789037e-23,0.3216896942783895,0.6883103057218741,0.0,2.6356694604601216e-13
144.25,0.0,3.1336019293541233e-22,2.665988904089541e-23,0.3210190286245955,0.6889809713756682,0.0,2.6356694604601216e-13
144.5,0.0,2.9600278011569648e-22,2.530899552061917e-23,0.32034984004437966,0.689650159955884,0.0,2.6356694604601216e-13
144.75,0.0,2.7963946484473008e-22,2.402922164501103e-23,0.3196821250667188,0.6903178749335448,0.0,2.6356694604601216e-13
145.0,0.0,2.642115130252482e-22,2.2816688596359677e-23,0.3190158802293304,0.6909841197709332,0.0,2.6356694604601216e-13
145.25,0.0,2.4966376136359014e-22,2.166773608395559e-23,0.31835110207864886,0.6916488979216148,0.0,2.6356694604601216e-13
145.5,0.0,2.35944396041654e-22,2.057890972539471e-23,0.31768778716980234,0.6923122128304613,0.0,2.6356694604601216e-13
145.75,0.0,2.2300474594012433e-22,1.954694919768869e-23,0.31702593206658886,0.6929740679336748,0.0,2.6356694604601216e-13
146.0,0.0,2.1079908428721288e-22,1.8568776891056433e-23,0.3163655333414536,0.69363446665881,0.0,2.6356694604601216e-13
146.25,0.0,1.9928444561804456e-22,1.7641487349967267e-23,0.31570658757546544,0.6942934124247981,0.0,2.6356694604601216e-13
146.5,0.0,1.8842045473795354e-22,1.6762337357464644e-23,0.31504909135829356,0.6949509086419701,0.0,2.6356694604601216e-13
146.75,0.0,1.7816916688133387e-22,1.592873662146392e-23,0.3143930412881845,0.6956069587120791,0.0,2.6356694604601216e-13
147.0,0.0,1.6849491725043728e-22,1.5138238978639074e-23,0.3137384339719394,0.6962615660283242,0.0,2.6356694604601216e-13
147.25,0.0,1.5936417826118072e-22,1.4388534037784402e-23,0.3130852660248904,0.6969147339753733,0.0,2.6356694604601216e-13
147.5,0.0,1.5074542886687962e-22,1.3677439450054873e-23,0.31243353407087837,0.6975664659293853,0.0,2.6356694604601216e-13
147.75,0.0,1.426090323481218e-22,1.3002893643786061e-23,0.3117832347422295,0.6982167652580341,0.0,2.6356694604601216e-13
148.0,0.0,1.349271191256898e-22,1.2362948868263864e-23,0.31113436467973304,0.6988656353205306,0.0,2.6356694604601216e-13
148.25,0.0,1.2767347843354645e-22,1.1755764710560457e-23,0.3104869205326182,0.6995130794676455,0.0,2.637889906509372e-13
148.5,0.0,1.208234569954674e-22,1.1179602001595958e-23,0.3098408989585317,0.7001591010417321,0.0,2.637889906509372e-13
148.75,0.0,1.1435386423741678e-22,1.0632817086682804e-23,0.3091962966235149,0.7008037033767488,0.0,2.6356694604601216e-13
149.0,0.0,1.0824288300300935e-22,1.0113856410793645e-23,0.30855311020198173,0.701446889798282,0.0,2.6356694604601216e-13
149.25,0.0,1.0246998481985873e-22,9.621251372455366e-24,0.307911336376696,0.7020886636235677,0.0,2.6356694604601216e-13
149.5,0.0,9.70158521723049e-23,9.153613555185878e-24,0.30727097183874874,0.702729028161515,0.0,2.6356694604601216e-13
149.75,0.0,9.186230573681271e-23,8.709630241313266e-24,0.30663201328753625,0.7033679867127274,0.0,2.6356694604601216e-13
150.0,0.0,8.69922346300051e-23,8.288060116841799e-24,0.3059944574307379,0.7040055425695259,0.0,2.637889906509372e-13
150.25,0.0,8.238953182361448e-23,7.887729262684848e-24,0.3053583009842933,0.7046416990159704,0.0,2.6356694604601216e-13
150.5,0.0,7.803903367605871e-23,7.50752738307634e-24,0.3047235406723808,0.7052764593278829,0.0,2.6356694604601216e-13
150.75,0.0,7.392646330789389e-23,7.146404256238442e-24,0.30409017322739523,0.7059098267728684,0.0,2.6356694604601216e-13
151.0,0.0,7.00383772293617e-23,6.803366377751374e-24,0.30345819538992574,0.7065418046103379,0.0,2.6356694604601216e-13
151.25,0.0,6.636211467395699e-23,6.4774737692246e-24,0.3028276039087341,0.7071723960915296,0.0,2.6356694604601216e-13
151.5,0.0,6.288575102758783e-23,6.1678370160120196e-24,0.30219839554073236,0.7078016044595313,0.0,2.6356694604601216e-13
151.75,0.0,5.959805418820926e-23,5.873614477773776e-24,0.3015705670509615,0.7084294329493022,0.0,2.6356694604601216e-13
152.0,0.0,5.648844274320234e-23,5.5940096178960325e-24,0.3009441152125694,0.7090558847876941,0.0,2.6356694604601216e-13
152.25,0.0,5.354694718288549e-23,5.328268507516884e-24,0.3003190368067894,0.7096809631934742,0.0,2.6356694604601216e-13
152.5,0.0,5.0764173551398006e-23,5.07567747508819e-24,0.299695328622918,0.7103046713773455,0.0,2.6356694604601216e-13
152.75,0.0,4.813126937486253e-23,4.835560892413351e-24,0.29907298745829414,0.7109270125419694,0.0,2.6356694604601216e-13
153.0,0.0,4.563989152516992e-23,4.607279079482478e-24,0.29845201011827716,0.7115479898819864,0.0,2.6356694604601216e-13
153.25,0.0,4.3282175703888616e-23,4.390226311701541e-24,0.2978323934162253,0.7121676065840383,0.0,2.6356694604601216e-13
153.5,0.0,4.105070833833643e-23,4.183828967075865e-24,0.2972141341734745,0.712785865826789,0.0,2.6356694604601216e-13
153.75,0.0,3.8938500220663646e-23,3.987543779925205e-24,0.29659722921931714,0.7134027707809465,0.0,2.6356694604601216e-13
154.0,0.0,3.693896125030643e-23,3.800856168991516e-24,0.29598167539098036,0.7140183246092832,0.0,2.6356694604601216e-13
154.25,0.0,3.504587697385444e-23,3.62327867276687e-24,0.2953674695336054,0.7146325304666582,0.0,2.6356694604601216e-13
154.5,0.0,3.3253386578418434e-23,3.454349474736966e-24,0.2947546085002258,0.7152453915000377,0.0,2.6356694604601216e-13
154.75,0.0,3.1555962243883936e-23,3.2936310130031386e-24,0.2941430891517469,0.7158569108485167,0.0,2.6356694604601216e-13
155.0,0.0,2.994838965535664e-23,3.1407086636338513e-24,0.29353290835692447,0.7164670916433391,0.0,2.6356694604601216e-13
155.25,0.0,2.842574949218241e-23,2.9951894878569157e-24,0.2929240629923436,0.7170759370079199,0.0,2.6356694604601216e-13
155.5,0.0,2.698340034819506e-23,2.8567010653738103e-24,0.2923165499423983,0.7176834500578654,0.0,2.6356694604601216e-13
155.75,0.0,2.5616962696086308e-23,2.7248903937796897e-24,0.2917103660992699,0.7182896339009937,0.0,2.6356694604601216e-13
156.0,0.0,2.4322303525530245e-23,2.5994228348238923e-24,0.2911055083629071,0.7188944916373564,0.0,2.6356694604601216e-13
156.25,0.0,2.3095522053219418e-23,2.479981126971285e-24,0.29050197364100444,0.7194980263592591,0.0,2.6356694604601216e-13
156.5,0.0,2.193293630581317e-23,2.366264453890379e-24,0.28989975884898217,0.7201002411512814,0.0,2.6356694604601216e-13
156.75,0.0,2.0831070519503823e-23,2.257987565462136e-24,0.2892988609099652,0.7207011390902984,0.0,2.6356694604601216e-13
157.0,0.0,1.978664323981477e-23,2.154879944850571e-24,0.28869927675476287,0.7213007232455008,0.0,2.6356694604601216e-13
157.25,0.0,1.8796556013996495e-23,2.0566850156326464e-24,0.28810100332184824,0.7218989966784154,0.0,2.6356694604601216e-13
157.5,0.0,1.7857882938824167e-23,1.9631594022923884e-24,0.2875040375573378,0.7224959624429258,0.0,2.6356694604601216e-13
157.75,0.0,1.6967860838250306e-23,1.8740722320095278e-24,0.2869083764149709,0.7230916235852927,0.0,2.6356694604601216e-13
158.0,0.0,1.6123879854924774e-23,1.7892044661153042e-24,0.2863140168560894,0.7236859831441742,0.0,2.6356694604601216e-13
158.25,0.0,1.5323474685586216e-23,1.708348272827709e-24,0.28572095584961776,0.7242790441506458,0.0,2.6356694604601216e-13
158.5,0.0,1.456431634433821e-23,1.6313064350034457e-24,0.2851291903720422,0.7248708096282214,0.0,2.6356694604601216e-13
158.75,0.0,1.384420442009214e-23,1.5578917907979274e-24,0.28453871740739106,0.7254612825928726,0.0,2.6356694604601216e-13
159.0,0.0,1.3161059759519746e-23,1.487926703289284e-24,0.2839495339472145,0.7260504660530491,0.0,2.6356694604601216e-13
159.25,0.0,1.2512917511973903e-23,1.4212425553981133e-24,0.2833616369905643,0.7266383630096993,0.0,2.6356694604601216e-13
159.5,0.0,1.1897920689327371e-23,1.3576792780993204e-24,0.2827750235439744,0.7272249764562893,0.0,2.6356694604601216e-13
159.75,0.0,1.1314314108388345e-23,1.2970849045990586e-24,0.28218969062143995,0.7278103093788237,0.0,2.6356694604601216e-13
160.0,0.0,1.0760438589047125e-23,1.2393151434118805e-24,0.2816056352443986,0.728394364755865,0.0,2.6356694604601216e-13
160.25,0.0,1.0234725541930226e-23,1.1842329773121758e-24,0.28102285444170994,0.7289771455585538,0.0,2.6356694604601216e-13
160.5,0.0,9.735691877473799e-24,1.1317082843531363e-24,0.28044134524963577,0.7295586547506279,0.0,2.6356694604601216e-13
160.75,0.0,9.261935216087915e-24,1.0816174796395273e-24,0.2798611047118208,0.7301388952884429,0.0,2.6356694604601216e-13
161.0,0.0,8.81212935862762e-24,1.03384317542984e-24,0.27928212987927253,0.7307178701209911,0.0,2.6356694604601216e-13
161.25,0.0,8.385019979397316e-24,9.882738573111096e-25,0.278704417810342,0.7312955821899216,0.0,2.6356694604601216e-13
161.5,0.0,7.97942063130356e-24,9.448035812828611e-25,0.2781279655707038,0.7318720344295598,0.0,2.6356694604601216e-13
161.75,0.0,7.594208984965156e-24,9.033316872727806e-25,0.2775527702333372,0.7324472297669264,0.0,2.6356694604601216e-13
162.0,0.0,7.228323226769716e-24,8.6376252476298e-25,0.27697882887850617,0.7330211711217575,0.0,2.6356694604601216e-13
162.25,0.0,6.880758694207712e-24,8.260051947419435e-25,0.27640613859374014,0.7335938614065235,0.0,2.6356694604601216e-13
162.5,0.0,6.550564708231663e-24,7.899733056525749e-25,0.27583469647381487,0.7341653035264487,0.0,2.6356694604601216e-13
162.75,0.0,6.2368415903049945e-24,7.555847425127941e-25,0.27526449962073307,0.7347355003795305,0.0,2.6356694604601216e-13
163.0,0.0,5.93873783974729e-24,7.227614477085926e-25,0.274695545143705,0.7353044548565586,0.0,2.6356694604601216e-13
163.25,0.0,5.655447448766527e-24,6.9142921206210925e-25,0.2741278301591295,0.7358721698411341,0.0,2.6356694604601216e-13
163.5,0.0,5.3862074080324145e-24,6.615174791182697e-25,0.2735613517905748,0.7364386482096889,0.0,2.6356694604601216e-13
163.75,0.0,5.1302953562776426e-24,6.329591598960787e-25,0.27299610716875966,0.737003892831504,0.0,2.6356694604601216e-13
164.0,0.0,4.887027329266225e-24,6.056904554443821e-25,0.2724320934315339,0.7375679065687297,0.0,2.6356694604601216e-13
164.25,0.0,4.655755654297872e-24,5.7965068976556e-25,0.27186930772386003,0.7381306922764036,0.0,2.6356694604601216e-13
164.5,0.0,4.4358669662864604e-24,5.547821516720515e-25,0.2713077471977939,0.7386922528024699,0.0,2.637889906509372e-13
164.75,0.0,4.22678033787948e-24,5.31029945056271e-25,0.27074740901246597,0.7392525909877976,0.0,2.6356694604601216e-13
165.0,0.0,4.02794550893006e-24,5.083418466397603e-25,0.2701882903340629,0.7398117096662008,0.0,2.6356694604601216e-13
165.25,0.0,3.8388412016970356e-24,4.866681703306465e-25,0.26963038833580816,0.7403696116644556,0.0,2.637889906509372e-13
165.5,0.0,3.658973553148826e-24,4.659616399918947e-25,0.2690737001979437,0.74092629980232,0.0,2.637889906509372e-13
165.75,0.0,3.487874636515998e-24,4.461772689156324e-25,0.2685182231077114,0.7414817768925523,0.0,2.637889906509372e-13
166.0,0.0,3.3251010453231716e-24,4.272722443553825e-25,0.26796395425933434,0.7420360457409294,0.0,2.637889906509372e-13
166.25,0.0,3.170232567289464e-24,4.092058186847539e-25,0.26741089085399833,0.7425891091462654,0.0,2.637889906509372e-13
166.5,0.0,3.0228709337353717e-24,3.9193920629272655e-25,0.2668590300998334,0.7431409699004303,0.0,2.637889906509372e-13
166.75,0.0,2.8826386398667378e-24,3.754354858859228e-25,0.2663083692118953,0.7436916307883684,0.0,2.637889906509372e-13
167.0,0.0,2.7491778270323297e-24,3.596595076124452e-25,0.2657589054121475,0.7442410945881163,0.0,2.637889906509372e-13
167.25,0.0,2.6221492186901787e-24,3.4457780446104478e-25,0.26521063592944216,0.7447893640708215,0.0,2.6356694604601216e-13
167.5,0.0,2.5012311288273778e-24,3.301585090460261e-25,0.2646635579995027,0.745336442000761,0.0,2.6356694604601216e-13
167.75,0.0,2.3861185260414917e-24,3.163712747159784e-25,0.2641176688649049,0.7458823311353588,0.0,2.637889906509372e-13
168.0,0.0,2.2765221371322e-24,3.031871999587405e-25,0.2635729657750591,0.7464270342252046,0.0,2.637889906509372e-13
168.25,0.0,2.1721676065551856e-24,2.9057875706814264e-25,0.2630294459861921,0.7469705540140716,0.0,2.637889906509372e-13
168.5,0.0,2.0727947030720294e-24,2.785197245171886e-25,0.2624871067613288,0.7475128932389349,0.0,2.6356694604601216e-13
168.75,0.0,1.978156570733534e-24,2.669851228272853e-25,0.26194594537027455,0.7480540546299892,0.0,2.637889906509372e-13
169.0,0.0,1.888019018764234e-24,2.5595115356435417e-25,0.26140595908959685,0.748594040910667,0.0,2.637889906509372e-13
169.25,0.0,1.8021598453016746e-24,2.453951411170931e-25,0.26086714520260756,0.7491328547976561,0.0,2.6356694604601216e-13
169.5,0.0,1.720368206259389e-24,2.3529547794549377e-25,0.2603295009993455,0.7496704990009182,0.0,2.6356694604601216e-13
169.75,0.0,1.6424440191250878e-24,2.2563157263401568e-25,0.25979302377655766,0.750206976223706,0.0,2.6356694604601216e-13
170.0,0.0,1.5681973918856427e-24,2.1638380010476136e-25,0.25925771083768234,0.7507422891625813,0.0,2.6356694604601216e-13
170.25,0.0,1.4974480869026547e-24,2.0753345458851404e-25,0.258723559492831,0.7512764405074327,0.0,2.6356694604601216e-13
170.5,0.0,1.4300250144746037e-24,1.9906270500486884e-25,0.2581905670587707,0.751809432941493,0.0,2.637889906509372e-13
170.75,0.0,1.3657657543046527e-24,1.909545526163742e-25,0.2576587308589064,0.7523412691413573,0.0,2.637889906509372e-13
171.0,0.0,1.3045161015383916e-24,1.831927907224596e-25,0.2571280482232636,0.7528719517770001,0.0,2.6356694604601216e-13
171.25,0.0,1.2461296342703659e-24,1.7576196617425155e-25,0.2565985164884707,0.753401483511793,0.0,2.637889906509372e-13
171.5,0.0,1.1904673093359046e-24,1.6864734313916355e-25,0.25607013299774145,0.7539298670025223,0.0,2.637889906509372e-13
171.75,0.0,1.137397080166719e-24,1.618348686955187e-25,0.2555428951008576,0.7544571048994061,0.0,2.6356694604601216e-13
172.0,0.0,1.0867935307156687e-24,1.5531113985031553e-25,0.25501680015415173,0.7549831998461121,0.0,2.637889906509372e-13
172.25,0.0,1.0385375313889156e-24,1.4906337235247186e-25,0.25449184552048953,0.7555081544797742,0.0,2.6356694604601216e-13
172.5,0.0,9.925159137671313e-25,1.4307937108114269e-25,0.25396802856925293,0.7560319714310109,0.0,2.637889906509372e-13
172.75,0.0,9.486211630010804e-25,1.3734750192188048e-25,0.2534453466763226,0.7565546533239411,0.0,2.637889906509372e-13
173.0,0.0,9.067511258202664e-25,1.3185666498113258e-25,0.252923797224061,0.7570762027762027,0.0,2.6356694604601216e-13
173.25,0.0,8.66808732236802e-25,1.2659626899923993e-25,0.25240337760129505,0.7575966223989686,0.0,2.6356694604601216e-13
173.5,0.0,8.287017350928067e-25,1.2155620723077913e-25,0.2518840852032992,0.7581159147969645,0.0,2.6356694604601216e-13
173.75,0.0,7.923424636282356e-25,1.1672683452595803e-25,0.2513659174317782,0.7586340825684855,0.0,2.637889906509372e-13
174.0,0.0,7.576475873823118e-25,1.1209894535470545e-25,0.2508488716948505,0.7591511283054132,0.0,2.6356694604601216e-13
174.25,0.0,7.245378940398193e-25,1.0766375300665332e-25,0.2503329454070308,0.7596670545932328,0.0,2.6356694604601216e-13
174.5,0.0,6.92938079241932e-25,1.034128698268721e-25,0.24981813598921382,0.7601818640110499,0.0,2.637889906509372e-13
174.75,0.0,6.62776547659776e-25,9.933828843070839e-26,0.2493044408686567,0.760695559131607,0.0,2.637889906509372e-13
175.0,0.0,6.339852240489626e-25,9.543236380172837e-26,0.24879185747896276,0.7612081425213009,0.0,2.6356694604601216e-13
175.25,0.0,6.064993730916473e-25,9.168779618290663e-26,0.24828038326006466,0.7617196167401991,0.0,2.637889906509372e-13
175.5,0.0,5.802574305656926e-25,8.809761493052379e-26,0.24777001565820753,0.7622299843420561,0.0,2.6356694604601216e-13
175.75,0.0,5.552008434770692e-25,8.465516316083581e-26,0.24726075212593238,0.7627392478743313,0.0,2.637889906509372e-13
176.0,0.0,5.312739168739425e-25,8.135408302449664e-26,0.24675259012205975,0.7632474098782039,0.0,2.6356694604601216e-13
176.25,0.0,5.084236695516458e-25,7.818830175560459e-26,0.24624552711167266,0.7637544728885911,0.0,2.637889906509372e-13
176.5,0.0,4.865996974222896e-25,7.515201840572794e-26,0.24573956056610055,0.7642604394341631,0.0,2.6356694604601216e-13
176.75,0.0,4.657540441045473e-25,7.223969122591393e-26,0.2452346879629027,0.764765312037361,0.0,2.6356694604601216e-13
177.0,0.0,4.458410779317023e-25,6.944602563468174e-26,0.24473090678585155,0.7652690932144122,0.0,2.637889906509372e-13
177.25,0.0,4.268173746307242e-25,6.676596271391624e-26,0.2442282145249167,0.7657717854753471,0.0,2.637889906509372e-13
177.5,0.0,4.0864160723620866e-25,6.419466834006944e-26,0.2437266086762483,0.7662733913240154,0.0,2.6356694604601216e-13
177.75,0.0,3.912744417686409e-25,6.17275228415907e-26,0.24322608674216098,0.7667739132581027,0.0,2.637889906509372e-13
178.0,0.0,3.746784372564414e-25,5.936011107657318e-26,0.24272664623111748,0.7672733537691463,0.0,2.637889906509372e-13
178.25,0.0,3.5881795146118903e-25,5.708821302362206e-26,0.24222828465771246,0.7677717153425513,0.0,2.637889906509372e-13
178.5,0.0,3.4365905154196294e-25,5.490779482825995e-26,0.2417309995426564,0.7682690004576074,0.0,2.637889906509372e-13
178.75,0.0,3.29169429375702e-25,5.281500028057596e-26,0.2412347884127595,0.7687652115875042,0.0,2.637889906509372e-13
179.0,0.0,3.153183210288379e-25,5.080614268384585e-26,0.24073964880091564,0.7692603511993481,0.0,2.637889906509372e-13
179.25,0.0,3.0207642990951776e-25,4.887769707636411e-26,0.24024557824608633,0.7697544217541774,0.0,2.637889906509372e-13
179.5,0.0,2.8941585456895036e-25,4.702629287492986e-26,0.2397525742932847,0.770247425706979,0.0,2.637889906509372e-13
179.75,0.0,2.773100202315596e-25,4.524870686957014e-26,0.23926063449355972,0.7707393655067041,0.0,2.637889906509372e-13
180.0,0.0,2.657336131641697e-25,4.354185650100556e-26,0.23876975640398013,0.7712302435962836,0.0,2.6356694604601216e-13
180.25,0.0,2.546625187255068e-25,4.1902793480069956e-26,0.2382799375876188,0.7717200624126449,0.0,2.637889906509372e-13
180.5,0.0,2.440737626170213e-25,4.03286977117475e-26,0.23779117561353694,0.7722088243867268,0.0,2.637889906509372e-13
180.75,0.0,2.33945455153679e-25,3.8816871507788646e-26,0.23730346805676805,0.7726965319434956,0.0,2.6356694604601216e-13
181.0,0.0,2.2425673823513354e-25,3.736473406159698e-26,0.23681681249830264,0.7731831875019611,0.0,2.637889906509372e-13
181.25,0.0,2.149877347190269e-25,3.596981616070157e-26,0.23633120652507222,0.7736687934751915,0.0,2.6356694604601216e-13
181.5,0.0,2.061195007996584e-25,3.462975518065761e-26,0.23584664772993397,0.7741533522703297,0.0,2.6356694604601216e-13
181.75,0.0,1.976339808126437e-25,3.3342290314661794e-26,0.23536313371165513,0.7746368662886086,0.0,2.637889906509372e-13
182.0,0.0,1.8951396390494018e-25,3.2105257994378467e-26,0.23488066207489702,0.7751193379253667,0.0,2.637889906509372e-13
182.25,0.0,1.817430430938213e-25,3.091658753987165e-26,0.23439923043020036,0.7756007695700634,0.0,2.637889906509372e-13
182.5,0.0,1.743055764126954e-25,2.9774297014337566e-26,0.23391883639396913,0.7760811636062946,0.0,2.637889906509372e-13
182.75,0.0,1.6718665002694641e-25,2.8676489272992245e-26,0.2334394775884555,0.7765605224118082,0.0,2.6356694604601216e-13
183.0,0.0,1.6037204311625665e-25,2.7621348188833226e-26,0.23296115164174452,0.7770388483585192,0.0,2.637889906509372e-13
183.25,0.0,1.5384819433331315e-25,2.660713503904687e-26,0.23248385618773862,0.7775161438125251,0.0,2.637889906509372e-13
183.5,0.0,1.4760217021670837e-25,2.563218508029229e-26,0.23200758886614237,0.7779924111341214,0.0,2.637889906509372e-13
183.75,0.0,1.4162163519116313e-25,2.469490428302024e-26,0.2315323473224474,0.7784676526778164,0.0,2.637889906509372e-13
184.0,0.0,1.358948227997808e-25,2.3793766195751154e-26,0.23105812920791718,0.7789418707923466,0.0,2.637889906509372e-13
184.25,0.0,1.3041050849599551e-25,2.2927308963689762e-26,0.23058493217957168,0.7794150678206921,0.0,2.637889906509372e-13
184.5,0.0,1.2515798380354108e-25,2.2094132485764478e-26,0.2301127539001726,0.7798872461000912,0.0,2.637889906509372e-13
184.75,0.0,1.2012703176877056e-25,2.129289570298854e-26,0.22964159203820797,0.7803584079620558,0.0,2.637889906509372e-13
185.0,0.0,1.1530790357494722e-25,2.0522314006729273e-26,0.22917144426787744,0.7808285557323863,0.0,2.637889906509372e-13
185.25,0.0,1.1069129619664377e-25,1.9781156756158397e-26,0.22870230826907717,0.7812976917311866,0.0,2.637889906509372e-13
185.5,0.0,1.062683313321663e-25,1.9068244923153952e-26,0.22823418172738472,0.781765818272879,0.0,2.637889906509372e-13
185.75,0.0,1.0203053538035986e-25,1.8382448845067345e-26,0.22776706233404465,0.7822329376662192,0.0,2.637889906509372e-13
186.0,0.0,9.796982023533944e-26,1.7722686066255467e-26,0.227300947785953,0.7826990522143108,0.0,2.637889906509372e-13
186.25,0.0,9.407846510531881e-26,1.7087919284139222e-26,0.22683583578564318,0.7831641642146205,0.0,2.637889906509372e-13
186.5,0.0,9.034909923321357e-26,1.647715438931324e-26,0.22637172404127068,0.7836282759589931,0.0,2.637889906509372e-13
186.75,0.0,8.677468546973814e-26,1.588943859494295e-26,0.22590861026659856,0.7840913897336652,0.0,2.637889906509372e-13
187.0,0.0,8.334850461500615e-26,1.5323858647870007e-26,0.22544649218098278,0.7845535078192809,0.0,2.6356694604601216e-13
187.25,0.0,8.006414045006997e-26,1.4779539114297168e-26,0.22498536750935758,0.7850146324909062,0.0,2.637889906509372e-13
187.5,0.0,7.691546560902467e-26,1.425564075193602e-26,0.22452523398222066,0.7854747660180431,0.0,2.637889906509372e-13
187.75,0.0,7.38966281420393e-26,1.3751358955692907e-26,0.22406608933561897,0.7859339106646448,0.0,2.637889906509372e-13
188.0,0.0,7.100203862416171e-26,1.3265922264278976e-26,0.22360793131113388,0.7863920686891298,0.0,2.6356694604601216e-13
188.25,0.0,6.822635794031711e-26,1.2798590937985281e-26,0.2231507576558669,0.7868492423443969,0.0,2.637889906509372e-13
188.5,0.0,6.55644856679855e-26,1.2348655600688986e-26,0.222694566122425,0.7873054338778387,0.0,2.6356694604601216e-13
188.75,0.0,6.301154902529109e-26,1.191543594287941e-26,0.22223935446890658,0.7877606455313572,0.0,2.637889906509372e-13
189.0,0.0,6.056289233009454e-26,1.1498279480644493e-26,0.22178512045888676,0.7882148795413769,0.0,2.6356694604601216e-13
189.25,0.0,5.821406691915461e-26,1.1096560365854907e-26,0.2213318618614033,0.7886681381388604,0.0,2.6356694604601216e-13
189.5,0.0,5.596082162322356e-26,1.0709678255312795e-26,0.22087957645094214,0.7891204235493215,0.0,2.6356694604601216e-13
189.75,0.0,5.379909370170671e-26,1.0337057230291307e-26,0.2204282620074233,0.7895717379928404,0.0,2.637889906509372e-13
190.0,0.0,5.172500014332851e-26,9.978144758090379e-27,0.21997791631618657,0.7900220836840771,0.0,2.6356694604601216e-13
190.25,0.0,4.9734829415739543e-26,9.632410702295192e-27,0.2195285371679774,0.7904714628322863,0.0,2.637889906509372e-13
190.5,0.0,4.7825033613381567e-26,9.299346377122565e-27,0.2190801223589329,0.7909198776413308,0.0,2.6356694604601216e-13
190.75,0.0,4.5992220982372215e-26,8.978463643679798e-27,0.2186326696905674,0.7913673303096963,0.0,2.637889906509372e-13
191.0,0.0,4.4233148786968765e-26,8.669294044740862e-27,0.21818617696975892,0.7918138230305047,0.0,2.6356694604601216e-13
191.25,0.0,4.2544716484408875e-26,8.371387974841381e-27,0.2177406420087347,0.792259357991529,0.0,2.637889906509372e-13
191.5,0.0,4.0923959269456284e-26,8.084313890793195e-27,0.21729606262505738,0.7927039373752063,0.0,2.6356694604601216e-13
191.75,0.0,3.9368041926247504e-26,7.80765755690135e-27,0.21685243664161138,0.7931475633586523,0.0,2.637889906509372e-13
192.0,0.0,3.7874252926806813e-26,7.541021319294688e-27,0.21640976188658842,0.7935902381136752,0.0,2.6356694604601216e-13
192.25,0.0,3.6439998829240184e-26,7.284023413756499e-27,0.21596803619347418,0.7940319638067895,0.0,2.637889906509372e-13
192.5,0.0,3.506279894270785e-26,7.036297303967627e-27,0.21552725740103434,0.7944727425992293,0.0,2.6356694604601216e-13
192.75,0.0,3.374028024512341e-26,6.79749104868098e-27,0.21508742335330064,0.794912576646963,0.0,2.6356694604601216e-13
193.0,0.0,3.247017253036935e-26,6.56726669553747e-27,0.2146485318995574,0.7953514681007063,0.0,2.637889906509372e-13
193.25,0.0,3.125030376326812e-26,6.3452996993642765e-27,0.21421058089432757,0.7957894191059361,0.0,2.637889906509372e-13
193.5,0.0,3.0078595681741907e-26,6.131278368321022e-27,0.2137735681973593,0.7962264318029044,0.0,2.637889906509372e-13
193.75,0.0,2.8953059605533594e-26,5.9249033340620555e-27,0.21333749167361216,0.7966625083266515,0.0,2.6356694604601216e-13
194.0,0.0,2.787179241198229e-26,5.7258870421660556e-27,0.21290234919324363,0.79709765080702,0.0,2.6356694604601216e-13
194.25,0.0,2.6832972712908584e-26,5.533953265723918e-27,0.2124681386315957,0.797531861368668,0.0,2.637889906509372e-13
194.5,0.0,2.5834857211134814e-26,5.34883664000836e-27,0.21203485786918091,0.7979651421310828,0.0,2.637889906509372e-13
194.75,0.0,2.4875777227295354e-26,5.1702822172119976e-27,0.2116025047916694,0.7983974952085944,0.0,2.637889906509372e-13
195.0,0.0,2.3954135381655345e-26,4.998045039701527e-27,0.2111710772898751,0.7988289227103886,0.0,2.637889906509372e-13
195.25,0.0,2.3068402416599506e-26,4.831889730323225e-27,0.2107405732597426,0.7992594267405211,0.0,2.6356694604601216e-13
195.5,0.0,2.2217114185272832e-26,4.671590101990636e-27,0.21031099060233366,0.7996890093979301,0.0,2.637889906509372e-13
195.75,0.0,2.1398868779782197e-26,4.516928783973349e-27,0.2098823272238138,0.80011767277645,0.0,2.637889906509372e-13
196.0,0.0,2.0612323773080965e-26,4.367696862359612e-27,0.20945458103543924,0.8005454189648246,0.0,2.637889906509372e-13
196.25,0.0,1.985619359652291e-26,4.2236935366068684e-27,0.2090277499535434,0.8009722500467203,0.0,2.637889906509372e-13
196.5,0.0,1.9129247038992437e-26,4.084725790776382e-27,0.20860183189952394,0.8013981681007398,0.0,2.637889906509372e-13
196.75,0.0,1.8430304861364945e-26,3.95060807875546e-27,0.20817682479982946,0.8018231752004343,0.0,2.637889906509372e-13
197.0,0.0,1.7758237516183102e-26,3.8211620224096845e-27,0.20775272658594618,0.8022472734143176,0.0,2.637889906509372e-13
197.25,0.0,1.7111962963051737e-26,3.696216121666462e-27,0.20732953519438524,0.8026704648058786,0.0,2.637889906509372e-13
197.5,0.0,1.6490444596298482e-26,3.575605478015313e-27,0.2069072485666693,0.8030927514335945,0.0,2.637889906509372e-13
197.75,0.0,1.589268926740509e-26,3.4591715296776186e-27,0.20648586464931967,0.8035141353509441,0.0,2.637889906509372e-13
198.0,0.0,1.5317745385170123e-26,3.346761796733665e-27,0.2060653813938432,0.8039346186064206,0.0,2.637889906509372e-13
198.25,0.0,1.4764701107866737e-26,3.23822963747993e-27,0.20564579675671946,0.8043542032435443,0.0,2.637889906509372e-13
198.5,0.0,1.423268261809743e-26,3.133434015062774e-27,0.20522710869938768,0.8047728913008761,0.0,2.637889906509372e-13
198.75,0.0,1.3720852476150064e-26,3.032239273907492e-27,0.20480931518823398,0.8051906848120298,0.0,2.637889906509372e-13
199.0,0.0,1.3228408045126305e-26,2.9345149252187367e-27,0.20439241419457857,0.8056075858056853,0.0,2.637889906509372e-13
199.25,0.0,1.2754579981519224e-26,2.8401354408680326e-27,0.20397640369466266,0.8060235963056012,0.0,2.637889906509372e-13
199.5,0.0,1.2298630802037009e-26,2.7489800566618432e-27,0.2035612816696358,0.806438718330628,0.0,2.637889906509372e-13
199.75,0.0,1.1859853515102895e-26,2.66093258380158e-27,0.20314704610554352,0.8068529538947203,0.0,2.637889906509372e-13
200.0,0.0,1.1437570305753965e-26,2.575881227369951e-27,0.20273369499331398,0.8072663050069498,0.0,2.637889906509372e-13
200.25,0.0,1.103113128323685e-26,2.4937184126939064e-27,0.20232122632874575,0.8076787736715181,0.0,2.637889906509372e-13
200.5,0.0,1.0639913285133314e-26,2.4143406189328558e-27,0.20190963811249502,0.8080903618877688,0.0,2.637889906509372e-13
200.75,0.0,1.026331873518358e-26,2.337648219558391e-27,0.20149892835006292,0.8085010716502009,0.0,2.637889906509372e-13
201.0,0.0,9.900774550307993e-27,2.2635453292274822e-27,0.2010890950517831,0.8089109049484807,0.0,2.637889906509372e-13
201.25,0.0,9.551731092595541e-27,2.191939656578062e-27,0.20068013623280906,0.8093198637674548,0.0,2.637889906509372e-13
201.5,0.0,9.215661173337544e-27,2.1227423636143035e-27,0.20027204991310188,0.8097279500871619,0.0,2.637889906509372e-13
201.75,0.0,8.892059101416202e-27,2.05586793086913e-27,0.19986483411741746,0.8101351658828464,0.0,2.637889906509372e-13
202.0,0.0,8.580439768546322e-27,1.991234027546635e-27,0.1994584868752942,0.8105415131249696,0.0,2.637889906509372e-13
202.25,0.0,8.280337777459767e-27,1.9287613872147697e-27,0.19905300622104066,0.8109469937792232,0.0,2.637889906509372e-13
202.5,0.0,7.9913066089211e-27,1.8683736886013514e-27,0.1986483901937232,0.8113516098065405,0.0,2.637889906509372e-13
202.75,0.0,7.712917825653464e-27,1.809997441260766e-27,0.19824463683715357,0.8117553631631103,0.0,2.637889906509372e-13
203.0,0.0,7.444760310150965e-27,1.753561875767132e-27,0.19784174419987666,0.8121582558003871,0.0,2.637889906509372e-13
203.25,0.0,7.18643953353167e-27,1.6989988381080886e-27,0.19743971033515825,0.8125602896651056,0.0,2.637889906509372e-13
203.5,0.0,6.937576860093181e-27,1.6462426887293183e-27,0.19703853330097265,0.8129614666992911,0.0,2.637889906509372e-13
203.75,0.0,6.697808882433611e-27,1.5952302056718518e-27,0.1966382111599908,0.813361788840273,0.0,2.637889906509372e-13
204.0,0.0,6.46678678212295e-27,1.5459004912541498e-27,0.19623874197956792,0.8137612580206959,0.0,2.637889906509372e-13
204.25,0.0,6.244175719931384e-27,1.4981948826831771e-27,0.19584012383173122,0.8141598761685326,0.0,2.637889906509372e-13
204.5,0.0,6.029654252859427e-27,1.452056866286284e-27,0.19544235479316818,0.8145576452070956,0.0,2.637889906509372e-13
204.75,0.0,5.82291377666074e-27,1.407431995201022e-27,0.19504543294521412,0.8149545670550497,0.0,2.637889906509372e-13
205.0,0.0,5.623657991815549e-27,1.3642678102838687e-27,0.19464935637384054,0.8153506436264233,0.0,2.637889906509372e-13
205.25,0.0,5.431602391031229e-27,1.3225137640114252e-27,0.19425412316964272,0.815745876830621,0.0,2.637889906509372e-13
205.5,0.0,5.246473771354464e-27,1.282121147678968e-27,0.1938597314278281,0.8161402685724357,0.0,2.637889906509372e-13
205.75,0.0,5.068009767446496e-27,1.243043021511379e-27,0.19346617924820436,0.8165338207520595,0.0,2.637889906509372e-13
206.0,0.0,4.895958402652274e-27,1.2052341473080745e-27,0.193073464735167,0.8169265352650968,0.0,2.637889906509372e-13
206.25,0.0,4.7300776605115475e-27,1.168650923881803e-27,0.19268158599768823,0.8173184140025755,0.0,2.637889906509372e-13
206.5,0.0,4.570135074856381e-27,1.1332513250777984e-27,0.19229054114930463,0.8177094588509591,0.0,2.637889906509372e-13
206.75,0.0,4.415907337598715e-27,1.0989948402587503e-27,0.19190032830810555,0.8180996716921582,0.0,2.637889906509372e-13
207.0,0.0,4.267179922822164e-27,1.0658424170888539e-27,0.1915109455967212,0.8184890544035426,0.0,2.637889906509372e-13
207.25,0.0,4.1237467258717224e-27,1.033756406458866e-27,0.19112239114231114,0.8188776088579527,0.0,2.637889906509372e-13
207.5,0.0,3.985409719491208e-27,1.0027005097595026e-27,0.1907346630765524,0.8192653369237114,0.0,2.637889906509372e-13
207.75,0.0,3.851978624682276e-27,9.726397282363498e-28,0.19034775953562788,0.8196522404646359,0.0,2.637889906509372e-13
208.0,0.0,3.723270594010579e-27,9.435403141638221e-28,0.18996167866021466,0.8200383213400492,0.0,2.637889906509372e-13
208.25,0.0,3.599109909116976e-27,9.153697240146407e-28,0.18957641859547247,0.8204235814047913,0.0,2.637889906509372e-13
208.5,0.0,3.479327691177934e-27,8.880965734762139e-28,0.18919197749103214,0.8208080225092317,0.0,2.637889906509372e-13
208.75,0.0,3.363761623698557e-27,8.616905942330221e-28,0.18880835350098388,0.82119164649928,0.0,2.637889906509372e-13
209.0,0.0,3.252255686693272e-27,8.361225923981706e-28,0.18842554478386603,0.8215744552163978,0.0,2.637889906509372e-13
209.25,0.0,3.1446599013627058e-27,8.113644084832564e-28,0.18804354950265337,0.8219564504976105,0.0,2.637889906509372e-13
209.5,0.0,3.0408300866350148e-27,7.873888790481191e-28,0.1876623658247458,0.822337634175518,0.0,2.637889906509372e-13
209.75,0.0,2.9406276259950317e-27,7.641697998446876e-28,0.1872819919219569,0.822718008078307,0.0,2.637889906509372e-13
210.0,0.0,2.8439192430585517e-27,7.416818902720476e-28,0.18690242597050247,0.8230975740297614,0.0,2.637889906509372e-13
210.25,0.0,2.75057678706378e-27,7.199007592630356e-28,0.18652366615098923,0.8234763338492747,0.0,2.637889906509372e-13
210.5,0.0,2.660477027425824e-27,6.988028724984338e-28,0.1861457106484036,0.8238542893518602,0.0,2.637889906509372e-13
210.75,0.0,2.5735014569281857e-27,6.783655208913835e-28,0.18576855765210026,0.8242314423481636,0.0,2.637889906509372e-13
211.0,0.0,2.4895361029038435e-27,6.585667902597847e-28,0.185392205355791,0.8246077946444728,0.0,2.637889906509372e-13
211.25,0.0,2.4084713457947237e-27,6.393855321085961e-28,0.1850166519575334,0.8249833480427304,0.0,2.637889906509372e-13
211.5,0.0,2.330201746006772e-27,6.208013356190714e-28,0.1846418956597197,0.8253581043405441,0.0,2.637889906509372e-13
211.75,0.0,2.2546258779870075e-27,6.0279450071500285e-28,0.18426793466906555,0.8257320653311983,0.0,2.637889906509372e-13
212.0,0.0,2.1816461704712636e-27,5.853460120779811e-28,0.1838947671965991,0.8261052328036647,0.0,2.637889906509372e-13
212.25,0.0,2.1111687536873635e-27,5.6843751419399855e-28,0.18352239145764965,0.8264776085426141,0.0,2.637889906509372e-13
212.5,0.0,2.0431033129300393e-27,5.520512873583965e-28,0.1831508056718366,0.8268491943284272,0.0,2.637889906509372e-13
212.75,0.0,1.9773629482118818e-27,5.3617022459828025e-28,0.18278000806305852,0.8272199919372053,0.0,2.637889906509372e-13
213.0,0.0,1.913864039544713e-27,5.2077780945426976e-28,0.18240999685948214,0.8275900031407817,0.0,2.637889906509372e-13
213.25,0.0,1.8525261174303834e-27,5.058580945663441e-28,0.18204077029353122,0.8279592297067325,0.0,2.637889906509372e-13
213.5,0.0,1.7932717391784364e-27,4.913956811305424e-28,0.1816723266018758,0.828327673398388,0.0,2.637889906509372e-13
213.75,0.0,1.7360263703161717e-27,4.773756991352559e-28,0.181304664025421,0.8286953359748428,0.0,2.637889906509372e-13
214.0,0.0,1.68071827037135e-27,4.637837882871443e-28,0.1809377808092965,0.8290622191909672,0.0,2.637889906509372e-13
214.25,0.0,1.6272783835551826e-27,4.506060796832215e-28,0.18057167520284534,0.8294283247974183,0.0,2.6356694604601216e-13
214.5,0.0,1.5756402339448241e-27,4.378291781776062e-28,0.18020634545961328,0.8297936545406505,0.0,2.637889906509372e-13
214.75,0.0,1.525739824959208e-27,4.254401454136961e-28,0.17984178983733784,0.8301582101629259,0.0,2.637889906509372e-13
215.0,0.0,1.4775155428201215e-27,4.134264834804961e-28,0.17947800659793775,0.830521993402326,0.0,2.637889906509372e-13
215.25,0.0,1.430908063707199e-27,4.017761191538506e-28,0.179114994007502,0.8308850059927617,0.0,2.637889906509372e-13
215.5,0.0,1.3858602650242084e-27,3.904773887686819e-28,0.17875275033627916,0.8312472496639846,0.0,2.637889906509372e-13
215.75,0.0,1.3423171402718656e-27,3.795190236578551e-28,0.17839127385866688,0.8316087261415969,0.0,2.637889906509372e-13
216.0,0.0,1.3002257170321719e-27,3.6889013609415297e-28,0.1780305628532009,0.8319694371470628,0.0,2.637889906509372e-13
216.25,0.0,1.259534978420489e-27,3.585802057743438e-28,0.1776706156025448,0.832329384397719,0.0,2.637889906509372e-13
216.5,0.0,1.2201957877288764e-27,3.485790668088382e-28,0.17731143039347905,0.8326885696067847,0.0,2.637889906509372e-13
216.75,0.0,1.1821608161163486e-27,3.388768951959357e-28,0.17695300551689072,0.833046994483373,0.0,2.637889906509372e-13
217.0,0.0,1.1453844731320482e-27,3.2946419675123516e-28,0.17659533926776272,0.833404660732501,0.0,2.6356694604601216e-13
217.25,0.0,1.1098228398688521e-27,3.2033179546420454e-28,0.17623842994516348,0.8337615700551002,0.0,2.6356694604601216e-13
217.5,0.0,1.0754336050306764e-27,3.1147082231386133e-28,0.1758822758522364,0.8341177241480273,0.0,2.637889906509372e-13
217.75,0.0,1.0421760035650289e-27,3.0287270449795324e-28,0.17552687529618924,0.8344731247040744,0.0,2.6356694604601216e-13
218.0,0.0,1.0100107575188378e-27,2.9452915503061007e-28,0.17517222658828396,0.8348277734119798,0.0,2.637889906509372e-13
218.25,0.0,9.789000193590068e-28,2.8643216273543405e-28,0.17481832804382608,0.8351816719564377,0.0,2.637889906509372e-13
218.5,0.0,9.488073175660914e-28,2.7857398260804604e-28,0.1744651779821545,0.8355348220181092,0.0,2.637889906509372e-13
218.75,0.0,9.196975043996025e-28,2.709471265329454e-28,0.1741127747266311,0.8358872252736326,0.0,2.6356694604601216e-13
219.0,0.0,8.915367056856408e-28,2.6354435433361554e-28,0.1737611166046303,0.8362388833956335,0.0,2.637889906509372e-13
219.25,0.0,8.642922724854905e-28,2.5635866513581046e-28,0.17341020194752904,0.8365897980527347,0.0,2.637889906509372e-13
219.5,0.0,8.37932734838193e-28,2.493832890662435e-28,0.17306002909069618,0.8369399709095675,0.0,2.6356694604601216e-13
219.75,0.0,8.124277573354848e-28,2.4261167925423147e-28,0.17271059637348266,0.8372894036267811,0.0,2.637889906509372e-13
220.0,0.0,7.877480962918065e-28,2.3603750410423733e-28,0.1723619021392109,0.8376380978610528,0.0,2.637889906509372e-13
220.25,0.0,7.63865558673683e-28,2.296546398580298e-28,0.17201394473516501,0.8379860552650987,0.0,2.637889906509372e-13
220.5,0.0,7.407529626550906e-28,2.234571634278886e-28,0.17166672251258033,0.8383332774876834,0.0,2.637889906509372e-13
220.75,0.0,7.183840997271392e-28,2.174393454898915e-28,0.17132023382663356,0.8386797661736302,0.0,2.637889906509372e-13
221.0,0.0,6.967336982574592e-28,2.115956438221397e-28,0.17097447703643243,0.8390255229638313,0.0,2.6356694604601216e-13
221.25,0.0,6.757773884001658e-28,2.059206968734836e-28,0.17062945050500594,0.8393705494952578,0.0,2.637889906509372e-13
221.5,0.0,6.554916684884279e-28,2.0040931757825845e-28,0.1702851525992939,0.8397148474009699,0.0,2.637889906509372e-13
221.75,0.0,6.358538727413812e-28,1.9505648739385137e-28,0.1699415816901374,0.8400584183101263,0.0,2.6356694604601216e-13
222.0,0.0,6.168421401200101e-28,1.8985735053818334e-28,0.1695987361522685,0.8404012638479952,0.0,2.6356694604601216e-13
222.25,0.0,5.984353844442248e-28,1.8480720844014398e-28,0.1692566143643005,0.8407433856359632,0.0,2.6356694604601216e-13
222.5,0.0,5.806132656778656e-28,1.7990151438964769e-28,0.1689152147087177,0.8410847852915461,0.0,2.637889906509372e-13
222.75,0.0,5.633561623308149e-28,1.751358683793432e-28,0.1685745355718658,0.8414254644283979,0.0,2.637889906509372e-13
223.0,0.0,5.466451449046008e-28,1.7050601212704507e-28,0.16823457534394198,0.8417654246563218,0.0,2.637889906509372e-13
223.25,0.0,5.3046195031168225e-28,1.660078242684591e-28,0.16789533241898497,0.8421046675812788,0.0,2.637889906509372e-13
223.5,0.0,5.1478895735907475e-28,1.6163731573106064e-28,0.16755680519486515,0.8424431948053985,0.0,2.6356694604601216e-13
223.75,0.0,4.996091631786294e-28,1.5739062527250115e-28,0.1672189920732751,0.8427810079269886,0.0,2.637889906509372e-13
224.0,0.0,4.849061604882189e-28,1.5326401516709603e-28,0.16688189145971938,0.8431181085405444,0.0,2.637889906509372e-13
224.25,0.0,4.706641157607737e-28,1.492538670495021e-28,0.16654550176350522,0.8434544982367586,0.0,2.637889906509372e-13
224.5,0.0,4.568677482356679e-28,1.4535667790597635e-28,0.16620982139773247,0.8437901786025312,0.0,2.637889906509372e-13
224.75,0.0,4.4350230973626765e-28,1.4156905620740303e-28,0.16587484877928405,0.8441251512209796,0.0,2.6356694604601216e-13
225.0,0.0,4.305535652416226e-28,1.378877181761662e-28,0.1655405823288165,0.8444594176714473,0.0,2.637889906509372e-13
225.25,0.0,4.180077741629262e-28,1.3430948417930632e-28,0.16520702047074984,0.8447929795295138,0.0,2.6356694604601216e-13
225.5,0.0,4.058516723872306e-28,1.3083127525558803e-28,0.16487416163325863,0.8451258383670052,0.0,2.637889906509372e-13
225.75,0.0,3.9407245500574967e-28,1.27450109764508e-28,0.16454200424826165,0.8454579957520021,0.0,2.637889906509372e-13
226.0,0.0,3.826577596454006e-28,1.241631001453913e-28,0.16421054675141297,0.8457894532488508,0.0,2.637889906509372e-13
226.25,0.0,3.715956504565279e-28,1.209674497929598e-28,0.16387978758209215,0.8461202124181716,0.0,2.637889906509372e-13
226.5,0.0,3.608746027106089e-28,1.178604500424193e-28,0.16354972518339475,0.846450274816869,0.0,2.637889906509372e-13
226.75,0.0,3.5048348798207404e-28,1.148394772598079e-28,0.16322035800212287,0.8467796419981408,0.0,2.6356694604601216e-13
227.0,0.0,3.404115598773232e-28,1.11901990031842e-28,0.16289168448877564,0.847108315511488,0.0,2.6356694604601216e-13
227.25,0.0,3.306484402758779e-28,1.0904552644975424e-28,0.16256370309754,0.8474362969027237,0.0,2.637889906509372e-13
227.5,0.0,3.2118410612688833e-28,1.0626770149249857e-28,0.162236412286281,0.8477635877139827,0.0,2.637889906509372e-13
227.75,0.0,3.12008876742692e-28,1.0356620450066737e-28,0.1619098105165327,0.848090189483731,0.0,2.637889906509372e-13
228.0,0.0,3.0311340153200485e-28,1.0093879673254758e-28,0.16158389625348868,0.848416103746775,0.0,2.6356694604601216e-13
228.25,0.0,2.9448864820930835e-28,9.83833090068029e-29,0.16125866796599272,0.848741332034271,0.0,2.637889906509372e-13
228.5,0.0,2.861258914477059e-28,9.589763942672976e-29,0.16093412412652952,0.8490658758737342,0.0,2.6356694604601216e-13
228.75,0.0,2.7801670195668306e-28,9.347975118295762e-29,0.1606102632112155,0.8493897367890483,0.0,2.637889906509372e-13
229.0,0.0,2.701529359584654e-28,9.11276704303842e-29,0.1602870836997894,0.8497129163004743,0.0,2.6356694604601216e-13
229.25,0.0,2.6252672503797316e-28,8.883948423532176e-29,0.15996458407560327,0.8500354159246605,0.0,2.637889906509372e-13
229.5,0.0,2.5513046639637275e-28,8.66133385966535e-29,0.15964276282561304,0.8503572371746507,0.0,2.637889906509372e-13
229.75,0.0,2.4795681346693567e-28,8.444743653471906e-29,0.1593216184403695,0.8506783815598943,0.0,2.637889906509372e-13
230.0,0.0,2.4099866685251033e-28,8.234003624170275e-29,0.15900114941400909,0.8509988505862547,0.0,2.637889906509372e-13
230.25,0.0,2.342491656099457e-28,8.02894492966882e-29,0.15868135424424493,0.8513186457560188,0.0,2.637889906509372e-13
230.5,0.0,2.2770167885818706e-28,7.829403894169403e-29,0.15836223143235734,0.8516377685679064,0.0,2.637889906509372e-13
230.75,0.0,2.213497976966668e-28,7.635221841638135e-29,0.15804377948318526,0.8519562205170784,0.0,2.6356694604601216e-13
231.0,0.0,2.1518732741517034e-28,7.446244934834756e-29,0.15772599690511688,0.8522740030951469,0.0,2.637889906509372e-13
231.25,0.0,2.0920827997727613e-28,7.262324019605404e-29,0.15740888221008068,0.852591117790183,0.0,2.637889906509372e-13
231.5,0.0,2.034068667982686e-28,7.083314474708109e-29,0.15709243391353647,0.8529075660867272,0.0,2.637889906509372e-13
231.75,0.0,1.977774917881624e-28,6.90907606671341e-29,0.15677665053446638,0.8532233494657974,0.0,2.637889906509372e-13
232.0,0.0,1.9231474463088132e-28,6.739472809526223e-29,0.15646153059536597,0.8535384694048977,0.0,2.637889906509372e-13
232.25,0.0,1.870133943172119e-28,6.574372828752595e-29,0.1561470726222352,0.8538529273780285,0.0,2.637889906509372e-13
232.5,0.0,1.8186838291490251e-28,6.413648230641487e-29,0.15583327514456963,0.854166724855694,0.0,2.6356694604601216e-13
232.75,0.0,1.7687481956623314e-28,6.257174975430598e-29,0.15552013669535159,0.8544798633049121,0.0,2.6356694604601216e-13
233.0,0.0,1.72027974699537e-28,6.10483275486917e-29,0.15520765581104096,0.8547923441892227,0.0,2.6356694604601216e-13
233.25,0.0,1.673232744418066e-28,5.956504873700384e-29,0.15489583103156693,0.8551041689686968,0.0,2.637889906509372e-13
233.5,0.0,1.6275629524699104e-28,5.812078135294794e-29,0.15458466090031875,0.8554153390999449,0.0,2.6356694604601216e-13
233.75,0.0,1.5832275871902282e-28,5.671442731100199e-29,0.15427414396413705,0.8557258560361267,0.0,2.637889906509372e-13
234.0,0.0,1.5401852660888714e-28,5.534492133575831e-29,0.1539642787733051,0.8560357212269586,0.0,2.6356694604601216e-13
234.25,0.0,1.4983959599802606e-28,5.401122992769378e-29,0.1536550638815402,0.8563449361187234,0.0,2.6356694604601216e-13
234.5,0.0,1.4578209465615155e-28,5.27123503633849e-29,0.15334649784598486,0.8566535021542788,0.0,2.6356694604601216e-13
234.75,0.0,1.4184227656644318e-28,5.144730972889695e-29,0.15303857922719788,0.8569614207730658,0.0,2.6356694604601216e-13
235.0,0.0,1.3801651760838132e-28,5.021516398467032e-29,0.15273130658914622,0.8572686934111174,0.0,2.6356694604601216e-13
235.25,0.0,1.3430131138893028e-28,4.9014997060297233e-29,0.15242467849919586,0.8575753215010679,0.0,2.637889906509372e-13
235.5,0.0,1.3069326523231455e-28,4.7845919980553786e-29,0.15211869352810342,0.8578813064721603,0.0,2.637889906509372e-13
235.75,0.0,1.271890963133642e-28,4.670707002023123e-29,0.15181335025000756,0.8581866497502562,0.0,2.637889906509372e-13
236.0,0.0,1.2378562791959173e-28,4.5597609885327367e-29,0.15150864724242033,0.8584913527578434,0.0,2.637889906509372e-13
236.25,0.0,1.2047978585060468e-28,4.4516726921724676e-29,0.15120458308621876,0.858795416914045,0.0,2.637889906509372e-13
236.5,0.0,1.1726859494626593e-28,4.346363234989147e-29,0.1509011563656361,0.8590988436346276,0.0,2.637889906509372e-13
236.75,0.0,1.1414917573848266e-28,4.2437560524658584e-29,0.1505983656682536,0.8594016343320101,0.0,2.637889906509372e-13
237.0,0.0,1.1111874121956668e-28,4.1437768218828656e-29,0.15029620958499185,0.8597037904152719,0.0,2.637889906509372e-13
237.25,0.0,1.081745937204391e-28,4.0463533929426013e-29,0.14999468671010233,0.8600053132901615,0.0,2.637889906509372e-13
237.5,0.0,1.0531412190588544e-28,3.9514157207562785e-29,0.14969379564115903,0.8603062043591048,0.0,2.637889906509372e-13
237.75,0.0,1.0253479787605168e-28,3.8588958010111977e-29,0.14939353497905006,0.8606064650212137,0.0,2.637889906509372e-13
238.0,0.0,9.983417436349778e-29,3.768727607138965e-29,0.14909390332796923,0.8609060966722946,0.0,2.637889906509372e-13
238.25,0.0,9.720988203184964e-29,3.6808470295648624e-29,0.14879489929540765,0.8612051007048561,0.0,2.637889906509372e-13
238.5,0.0,9.465962686984122e-29,3.595191816929993e-29,0.14849652149214543,0.8615034785081184,0.0,2.637889906509372e-13
238.75,0.0,9.218118767700267e-29,3.511701519215288e-29,0.14819876853224342,0.8618012314680203,0.0,2.637889906509372e-13
239.0,0.0,8.977241363586562e-29,3.4303174326749153e-29,0.14790163903303474,0.862098360967229,0.0,2.637889906509372e-13
239.25,0.0,8.7431221965794e-29,3.3509825464903666e-29,0.14760513161511676,0.862394868385147,0.0,2.637889906509372e-13
239.5,0.0,8.515559566352611e-29,3.273641491215119e-29,0.1473092449023426,0.8626907550979211,0.0,2.637889906509372e-13
239.75,0.0,8.294358132262018e-29,3.1982404888761176e-29,0.14701397752181297,0.8629860224784508,0.0,2.637889906509372e-13
240.0,0.0,8.079328702408242e-29,3.1247273045990786e-29,0.14671932810386804,0.8632806718963957,0.0,2.637889906509372e-13
240.25,0.0,7.87028803024313e-29,3.0530511998149106e-29,0.14642529528207932,0.8635747047181844,0.0,2.637889906509372e-13
240.5,0.0,7.667058618269304e-29,2.983162886966696e-29,0.1461318776932412,0.8638681223070226,0.0,2.637889906509372e-13
240.75,0.0,7.469468528557927e-29,2.9150144856639866e-29,0.14583907397736312,0.8641609260229006,0.0,2.637889906509372e-13
241.0,0.0,7.277351199710605e-29,2.8485594802154025e-29,0.14554688277766129,0.8644531172226025,0.0,2.637889906509372e-13
241.25,0.0,7.09054526990835e-29,2.7837526784732425e-29,0.14525530274055065,0.8647446972597131,0.0,2.637889906509372e-13
241.5,0.0,6.908894406407649e-29,2.720550172040316e-29,0.14496433251563667,0.8650356674846271,0.0,2.637889906509372e-13
241.75,0.0,6.732247140917551e-29,2.6589092977397635e-29,0.14467397075570756,0.8653260292445563,0.0,2.637889906509372e-13
242.0,0.0,6.560456710297656e-29,2.598788600249124e-29,0.144384216116726,0.8656157838835378,0.0,2.637889906509372e-13
242.25,0.0,6.393380902877443e-29,2.5401477959396564e-29,0.14409506725782115,0.8659049327424426,0.0,2.637889906509372e-13
242.5,0.0,6.230881910068748e-29,2.4829477378608095e-29,0.14380652284128081,0.866193477158983,0.0,2.637889906509372e-13
242.75,0.0,6.072826183068841e-29,2.4271503818297487e-29,0.14351858153254332,0.8664814184677205,0.0,2.637889906509372e-13
243.0,0.0,5.919084294380258e-29,2.372718753574222e-29,0.14323124200018966,0.8667687580000741,0.0,2.637889906509372e-13
243.25,0.0,5.769530803885763e-29,2.31961691687909e-29,0.14294450291593547,0.8670554970843284,0.0,2.637889906509372e-13
243.5,0.0,5.624044129734081e-29,2.267809942772656e-29,0.1426583629546233,0.8673416370456405,0.0,2.637889906509372e-13
243.75,0.0,5.482506423624463e-29,2.2172638796789183e-29,0.1423728207942146,0.8676271792060493,0.0,2.637889906509372e-13
244.0,0.0,5.344803450082237e-29,2.1679457244621902e-29,0.14208787511578175,0.8679121248844821,0.0,2.637889906509372e-13
244.25,0.0,5.21082446993814e-29,2.1198233943934803e-29,0.1418035246035005,0.8681964753967634,0.0,2.637889906509372e-13
244.5,0.0,5.080462127771452e-29,2.0728656999936513e-29,0.141519767944642,0.8684802320556219,0.0,2.637889906509372e-13
244.75,0.0,4.953612343167167e-29,2.0270423187230413e-29,0.14123660382956488,0.868763396170699,0.0,2.637889906509372e-13
245.0,0.0,4.8301742055859807e-29,1.9823237694786865e-29,0.14095403095170772,0.8690459690485561,0.0,2.637889906509372e-13
245.25,0.0,4.710049872654733e-29,1.938681387861774e-29,0.14067204800758115,0.8693279519926826,0.0,2.637889906509372e-13
245.5,0.0,4.593144472059324e-29,1.8960873022413993e-29,0.14039065369676015,0.8696093463035037,0.0,2.637889906509372e-13
245.75,0.0,4.4793660067392536e-29,1.8545144105594316e-29,0.14010984672187626,0.8698901532783876,0.0,2.637889906509372e-13
246.0,0.0,4.3686252630857217e-29,1.8139363578215082e-29,0.13982962578861005,0.8701703742116538,0.0,2.637889906509372e-13
246.25,0.0,4.2608357222944235e-29,1.7743275142952675e-29,0.1395499896056832,0.8704500103945807,0.0,2.6401103525586223e-13
246.5,0.0,4.1559134746968984e-29,1.7356629543820317e-29,0.13927093688485118,0.8707290631154126,0.0,2.637889906509372e-13
246.75,0.0,4.053777136959332e-29,1.697918436138951e-29,0.1389924663408953,0.8710075336593686,0.0,2.637889906509372e-13
247.0,0.0,3.954347772000407e-29,1.661070381422304e-29,0.13871457669161533,0.8712854233086486,0.0,2.637889906509372e-13
247.25,0.0,3.8575488114862656e-29,1.6250958566237448e-29,0.13843726665782172,0.8715627333424422,0.0,2.637889906509372e-13
247.5,0.0,3.763305981032552e-29,1.5899725540183563e-29,0.1381605349633282,0.8718394650369357,0.0,2.637889906509372e-13
247.75,0.0,3.6715472278930134e-29,1.555678773683122e-29,0.13788438033494413,0.8721156196653197,0.0,2.637889906509372e-13
248.0,0.0,3.5822026509160344e-29,1.5221934059445873e-29,0.13760880150246693,0.8723911984977969,0.0,2.637889906509372e-13
248.25,0.0,3.495204432876757e-29,1.4894959143708962e-29,0.1373337971986748,0.872666202801589,0.0,2.637889906509372e-13
248.5,0.0,3.4104867750550054e-29,1.4575663192827345e-29,0.13705936615931888,0.872940633840945,0.0,2.637889906509372e-13
248.75,0.0,3.327985833976318e-29,1.4263851817656932e-29,0.13678550712311602,0.8732144928771478,0.0,2.637889906509372e-13
249.0,0.0,3.2476396602062543e-29,1.3959335881618763e-29,0.1365122188317414,0.8734877811685224,0.0,2.637889906509372e-13
249.25,0.0,3.169388139092879e-29,1.366193135019396e-29,0.1362395000298208,0.8737604999704431,0.0,2.6401103525586223e-13
249.5,0.0,3.093172933550453e-29,1.3371459145134106e-29,0.13596734946492348,0.8740326505353404,0.0,2.637889906509372e-13
249.75,0.0,3.0189374287221473e-29,1.308774500307584e-29,0.1356957658875546,0.8743042341127093,0.0,2.6401103525586223e-13
250.0,0.0,2.946626678360832e-29,1.281061933824929e-29,0.13542474805114804,0.8745752519491158,0.0,2.637889906509372e-13
250.25,0.0,2.8761873530048187e-29,1.2539917109389907e-29,0.13515429471205886,0.874845705288205,0.0,2.6401103525586223e-13
250.5,0.0,2.807567689852594e-29,1.2275477690660943e-29,0.134884404629556,0.8751155953707078,0.0,2.637889906509372e-13
250.75,0.0,2.740717444274777e-29,1.2017144746453222e-29,0.13461507656581526,0.8753849234344486,0.0,2.637889906509372e-13
251.0,0.0,2.6755878428817335e-29,1.1764766109893823e-29,0.13434630928591135,0.8756536907143525,0.0,2.637889906509372e-13
251.25,0.0,2.612131538068749e-29,1.1518193664901473e-29,0.13407810155781144,0.8759218984424524,0.0,2.637889906509372e-13
251.5,0.0,2.550302564105537e-29,1.1277283231887673e-29,0.13381045215236728,0.8761895478478966,0.0,2.637889906509372e-13
251.75,0.0,2.490056294650364e-29,1.1041894456868749e-29,0.13354335984330828,0.8764566401569556,0.0,2.637889906509372e-13
252.0,0.0,2.4313494015699193e-29,1.0811890703754522e-29,0.13327682340723415,0.8767231765930297,0.0,2.637889906509372e-13
252.25,0.0,2.3741398151199295e-29,1.0587138949892562e-29,0.13301084162360782,0.876989158376656,0.0,2.637889906509372e-13
252.5,0.0,2.3183866854153425e-29,1.0367509684721833e-29,0.13274541327474818,0.8772545867255157,0.0,2.637889906509372e-13
252.75,0.0,2.264050345143771e-29,1.0152876811433632e-29,0.13248053714582297,0.8775194628544409,0.0,2.6401103525586223e-13
253.0,0.0,2.2110922734614218e-29,9.943117551511568e-30,0.13221621202484157,0.8777837879754222,0.0,2.637889906509372e-13
253.25,0.0,2.1594750610132714e-29,9.738112352027e-30,0.13195243670264806,0.8780475632976158,0.0,2.637889906509372e-13
253.5,0.0,2.1091623761255503e-29,9.537744795761884e-30,0.1316892099729139,0.87831079002735,0.0,2.6401103525586223e-13
253.75,0.0,2.0601189320818443e-29,9.341901513981262e-30,0.13142653063213094,0.878573469368133,0.0,2.6401103525586223e-13
254.0,0.0,2.0123104553947198e-29,9.150472101677907e-30,0.13116439747960448,0.8788356025206594,0.0,2.637889906509372e-13
254.25,0.0,1.9657036551123226e-29,8.963349035346166e-30,0.13090280931744605,0.8790971906828179,0.0,2.6401103525586223e-13
254.5,0.0,1.9202661931069545e-29,8.780427593173708e-30,0.13064176495056642,0.8793582350496975,0.0,2.637889906509372e-13
254.75,0.0,1.8759666553108073e-29,8.601605777572785e-30,0.13038126318666873,0.8796187368135951,0.0,2.637889906509372e-13
255.0,0.0,1.8327745238534175e-29,8.426784239953012e-30,0.13012130283624138,0.8798786971640226,0.0,2.6401103525586223e-13
255.25,0.0,1.7906601500572554e-29,8.255866207641213e-30,0.129861882712551,0.8801381172877129,0.0,2.637889906509372e-13
255.5,0.0,1.7495947283261383e-29,8.088757413000668e-30,0.12960300163163577,0.8803969983686282,0.0,2.6401103525586223e-13
255.75,0.0,1.7095502708605332e-29,7.925366024614754e-30,0.12934465841229817,0.8806553415879658,0.0,2.6401103525586223e-13
256.0,0.0,1.6704995831342384e-29,7.765602580400139e-30,0.12908685187609825,0.8809131481241657,0.0,2.6401103525586223e-13
256.25,0.0,1.6324162401608057e-29,7.60937992269071e-30,0.12882958084734678,0.8811704191529172,0.0,2.6401103525586223e-13
256.5,0.0,1.5952745635101096e-29,7.456613135207302e-30,0.12857284415309822,0.8814271558471657,0.0,2.6401103525586223e-13
256.75,0.0,1.5590495990487952e-29,7.30721948185278e-30,0.1283166406231439,0.8816833593771201,0.0,2.6401103525586223e-13
257.0,0.0,1.5237170953705166e-29,7.16111834725745e-30,0.1280609690900054,0.8819390309102585,0.0,2.637889906509372e-13
257.25,0.0,1.4892534828832516e-29,7.018231179002324e-30,0.12780582838892734,0.8821941716113366,0.0,2.6401103525586223e-13
257.5,0.0,1.45563585357877e-29,6.878481431558369e-30,0.127551217357871,0.8824487826423929,0.0,2.6401103525586223e-13
257.75,0.0,1.4228419414350875e-29,6.741794511838902e-30,0.12729713483750718,0.8827028651627568,0.0,2.6401103525586223e-13
258.0,0.0,1.3908501034030206e-29,6.608097726262328e-30,0.1270435796712097,0.8829564203290542,0.0,2.637889906509372e-13
258.25,0.0,1.3596393009972786e-29,6.477320229355022e-30,0.12679055070504844,0.8832094492952155,0.0,2.6401103525586223e-13
258.5,0.0,1.3291890824624032e-29,6.349392973829236e-30,0.12653804678778283,0.8834619532124811,0.0,2.6401103525586223e-13
258.75,0.0,1.2994795654936814e-29,6.224248662089417e-30,0.12628606677085488,0.883713933229409,0.0,2.6401103525586223e-13
259.0,0.0,1.2704914204873776e-29,6.1018216991091885e-30,0.12603460950838277,0.883965390491881,0.0,2.637889906509372e-13
259.25,0.0,1.2422058542956414e-29,5.982048146623297e-30,0.125783673857154,0.8842163261431099,0.0,2.637889906509372e-13
259.5,0.0,1.214604594504264e-29,5.864865678662316e-30,0.1255332586766187,0.8844667413236452,0.0,2.6401103525586223e-13
259.75,0.0,1.1876698741964988e-29,5.750213538351506e-30,0.1252833628288831,0.8847166371713807,0.0,2.637889906509372e-13
260.0,0.0,1.1613844171663431e-29,5.6380324958952354e-30,0.12503398517870296,0.8849660148215609,0.0,2.637889906509372e-13
260.25,0.0,1.1357314235960344e-29,5.528264807768517e-30,0.1247851245934767,0.8852148754067872,0.0,2.6401103525586223e-13
260.5,0.0,1.1106945561754307e-29,5.42085417706561e-30,0.12453677994323913,0.8854632200570248,0.0,2.6401103525586223e-13
260.75,0.0,1.0862579266481857e-29,5.315745714969569e-30,0.12428895010065467,0.8857110498996092,0.0,2.6401103525586223e-13
261.0,0.0,1.0624060827653472e-29,5.212885903298237e-30,0.12404163394101084,0.885958366059253,0.0,2.637889906509372e-13
261.25,0.0,1.039123995627761e-29,5.112222558083696e-30,0.12379483034221188,0.8862051696580521,0.0,2.6401103525586223e-13
261.5,0.0,1.0163970474304732e-29,5.01370479420545e-30,0.12354853818477195,0.886451461815492,0.0,2.637889906509372e-13
261.75,0.0,9.942110195815216e-30,4.917282991017113e-30,0.1233027563518089,0.886697243648455,0.0,2.6401103525586223e-13
262.0,0.0,9.725520811676222e-30,4.8229087589062844e-30,0.12305748372903759,0.8869425162712263,0.0,2.6401103525586223e-13
262.25,0.0,9.51406777777419e-30,4.730534906803236e-30,0.12281271920476362,0.8871872807955004,0.0,2.6401103525586223e-13
262.5,0.0,9.30762020665445e-30,4.640115410599809e-30,0.12256846166987666,0.8874315383303872,0.0,2.637889906509372e-13
262.75,0.0,9.106050762453057e-30,4.551605382450458e-30,0.12232471001784416,0.8876752899824197,0.0,2.637889906509372e-13
263.0,0.0,8.909235558974088e-30,4.464961040921037e-30,0.12208146314470493,0.887918536855559,0.0,2.6401103525586223e-13
263.25,0.0,8.717054060771301e-30,4.380139681952061e-30,0.1218387199490628,0.8881612800512011,0.0,2.637889906509372e-13
263.5,0.0,8.529388987330132e-30,4.2970996506512445e-30,0.12159647933207997,0.888403520668184,0.0,2.6401103525586223e-13
263.75,0.0,8.346126220142118e-30,4.2158003138690065e-30,0.12135474019747103,0.888645259802793,0.0,2.6401103525586223e-13
264.0,0.0,8.167154712464575e-30,4.1362020335105536e-30,0.12111350145149628,0.8888864985487677,0.0,2.6401103525586223e-13
264.25,0.0,7.992366401842781e-30,4.0582661405958146e-30,0.12087276200295566,0.8891272379973082,0.0,2.637889906509372e-13
264.5,0.0,7.821656125267113e-30,3.981954910037395e-30,0.12063252076318229,0.8893674792370816,0.0,2.637889906509372e-13
264.75,0.0,7.654921536877351e-30,3.9072315361146874e-30,0.12039277664603616,0.8896072233542278,0.0,2.6401103525586223e-13
265.0,0.0,7.492063028102653e-30,3.8340601086174455e-30,0.12015352856789795,0.889846471432366,0.0,2.637889906509372e-13
265.25,0.0,7.332983650129878e-30,3.7624055896330065e-30,0.1199147754476627,0.8900852245526012,0.0,2.637889906509372e-13
265.5,0.0,7.17758903877027e-30,3.692233790987982e-30,0.11967651620673364,0.8903234837935303,0.0,2.6401103525586223e-13
265.75,0.0,7.025787341567363e-30,3.623511352308687e-30,0.11943874976901578,0.8905612502312481,0.0,2.637889906509372e-13
266.0,0.0,6.877489146989569e-30,3.556205719664524e-30,0.11920147506090994,0.890798524939354,0.0,2.6401103525586223e-13
266.25,0.0,6.732607415763449e-30,3.4902851248024675e-30,0.11896469101130645,0.8910353089889574,0.0,2.637889906509372e-13
266.5,0.0,6.591057414250794e-30,3.425718564949504e-30,0.11872839655157884,0.8912716034486851,0.0,2.637889906509372e-13
266.75,0.0,6.452756649802266e-30,3.362475783165945e-30,0.11849259061557792,0.891507409384686,0.0,2.637889906509372e-13
267.0,0.0,6.317624808002607e-30,3.3005272492288586e-30,0.11825727213962542,0.8917427278606385,0.0,2.637889906509372e-13
267.25,0.0,6.1855836917255664e-30,3.239844141025534e-30,0.11802244006250802,0.891977559937756,0.0,2.6401103525586223e-13
267.5,0.0,6.0565571620496624e-30,3.180398326464857e-30,0.1177880933254711,0.8922119066747928,0.0,2.637889906509372e-13
267.75,0.0,5.930471080915697e-30,3.1221623458789784e-30,0.11755423087221283,0.8924457691280511,0.0,2.637889906509372e-13
268.0,0.0,5.8072532554073124e-30,3.0651093948875906e-30,0.11732085164887783,0.8926791483513862,0.0,2.6401103525586223e-13
268.25,0.0,5.686833383695292e-30,3.009213307730663e-30,0.11708795460405125,0.8929120453962127,0.0,2.6401103525586223e-13
268.5,0.0,5.569143002571753e-30,2.9544485410516536e-30,0.11685553868875284,0.8931444613115112,0.0,2.6401103525586223e-13
268.75,0.0,5.454115436522604e-30,2.9007901581178055e-30,0.11662360285643067,0.8933763971438332,0.0,2.637889906509372e-13
269.0,0.0,5.3416857482732445e-30,2.8482138134613433e-30,0.11639214606295532,0.8936078539373086,0.0,2.637889906509372e-13
269.25,0.0,5.231790690744917e-30,2.796695737925884e-30,0.11616116726661371,0.8938388327336503,0.0,2.6401103525586223e-13
269.5,0.0,5.1243686604590735e-30,2.746212724123823e-30,0.11593066542810326,0.8940693345721606,0.0,2.6401103525586223e-13
269.75,0.0,5.01935965229925e-30,2.6967421122832632e-30,0.11570063951052582,0.8942993604897381,0.0,2.6401103525586223e-13
270.0,0.0,4.9167052155401484e-30,2.6482617764630047e-30,0.11547108847938176,0.8945289115208822,0.0,2.6401103525586223e-13
270.25,0.0,4.816348411173516e-30,2.600750111139805e-30,0.11524201130256403,0.8947579886977,0.0,2.6401103525586223e-13
270.5,0.0,4.718233770474397e-30,2.554186018153876e-30,0.11501340695035227,0.8949865930499117,0.0,2.6401103525586223e-13
270.75,0.0,4.6223072547679485e-30,2.5085488940021047e-30,0.11478527439540681,0.8952147256048572,0.0,2.6401103525586223e-13
271.0,0.0,4.5285162163469725e-30,2.463818617466334e-30,0.11455761261276284,0.8954423873875011,0.0,2.6401103525586223e-13
271.25,0.0,4.4368093604921286e-30,2.4199755375644274e-30,0.11433042057982461,0.8956695794204393,0.0,2.6401103525586223e-13
271.5,0.0,4.347136708622189e-30,2.377000461828321e-30,0.11410369727635934,0.8958963027239046,0.0,2.6401103525586223e-13
271.75,0.0,4.259449562505335e-30,2.3348746448923823e-30,0.1138774416844917,0.8961225583157723,0.0,2.6401103525586223e-13
272.0,0.0,4.173700469462589e-30,2.2935797773753662e-30,0.11365165278869765,0.8963483472115663,0.0,2.6401103525586223e-13
272.25,0.0,4.08984318858493e-30,2.2530979750589796e-30,0.1134263295757989,0.896573670424465,0.0,2.6401103525586223e-13
272.5,0.0,4.0078326579208236e-30,2.213411768352079e-30,0.11320147103495694,0.896798528965307,0.0,2.6401103525586223e-13
272.75,0.0,3.9276249626034136e-30,2.1745040920322223e-30,0.11297707615766735,0.8970229238425966,0.0,2.6401103525586223e-13
273.0,0.0,3.849177303879024e-30,2.1363582752546327e-30,0.1127531439377539,0.89724685606251,0.0,2.637889906509372e-13
273.25,0.0,3.772447969000003e-30,2.0989580318189573e-30,0.11252967337136306,0.8974703266289009,0.0,2.6401103525586223e-13
273.5,0.0,3.697396302001988e-30,2.0622874506968597e-30,0.11230666345695794,0.897693336543306,0.0,2.6401103525586223e-13
273.75,0.0,3.623982675312795e-30,2.0263309868074515e-30,0.11208411319531282,0.8979158868049512,0.0,2.6401103525586223e-13
274.0,0.0,3.552168462140227e-30,1.991073452027511e-30,0.11186202158950724,0.8981379784107567,0.0,2.6401103525586223e-13
274.25,0.0,3.481916009654491e-30,1.956500006438646e-30,0.11164038764492057,0.8983596123553435,0.0,2.6401103525586223e-13
274.5,0.0,3.4131886129319386e-30,1.922596149802779e-30,0.11141921036922604,0.8985807896310379,0.0,2.6401103525586223e-13
274.75,0.0,3.3459504896363064e-30,1.889347713259433e-30,0.11119848877238525,0.8988015112278788,0.0,2.6401103525586223e-13
275.0,0.0,3.280166755407876e-30,1.8567408512369838e-30,0.11097822186664259,0.8990217781336214,0.0,2.6401103525586223e-13
275.25,0.0,3.215803399932015e-30,1.8247620335703193e-30,0.11075840866651936,0.8992415913337446,0.0,2.6401103525586223e-13
275.5,0.0,3.1528272637018287e-30,1.7933980378271103e-30,0.1105390481888084,0.8994609518114556,0.0,2.6401103525586223e-13
275.75,0.0,3.0912060154344415e-30,1.7626359418325223e-30,0.11032013945256834,0.8996798605476957,0.0,2.6401103525586223e-13
276.0,0.0,3.0309081301004482e-30,1.732463116382163e-30,0.11010168147911809,0.8998983185211459,0.0,2.6401103525586223e-13
276.25,0.0,2.9719028675779654e-30,1.7028672181447872e-30,0.10988367329203122,0.9001163267082328,0.0,2.6401103525586223e-13
276.5,0.0,2.9141602519056235e-30,1.673836182747988e-30,0.10966611391713045,0.9003338860831336,0.0,2.6401103525586223e-13
276.75,0.0,2.8576510511159685e-30,1.6453582180416955e-30,0.10944900238248198,0.900550997617782,0.0,2.6401103525586223e-13
277.0,0.0,2.8023467576264e-30,1.6174217975333206e-30,0.10923233771839021,0.9007676622818738,0.0,2.6401103525586223e-13
277.25,0.0,2.7482195691655494e-30,1.59001565398857e-30,0.10901611895739194,0.9009838810428721,0.0,2.6401103525586223e-13
277.5,0.0,2.695242370245924e-30,1.5631287731995264e-30,0.10880034513425112,0.901199654866013,0.0,2.6401103525586223e-13
277.75,0.0,2.643388714151672e-30,1.5367503879120264e-30,0.10858501528595312,0.9014149847143109,0.0,2.6401103525586223e-13
278.0,0.0,2.5926328054103266e-30,1.5108699719043143e-30,0.10837012845169948,0.9016298715485646,0.0,2.6401103525586223e-13
278.25,0.0,2.5429494827568628e-30,1.4854772342180555e-30,0.10815568367290235,0.9018443163273616,0.0,2.6401103525586223e-13
278.5,0.0,2.49431420257021e-30,1.460562113536358e-30,0.10794167999317898,0.902058320007085,0.0,2.6401103525586223e-13
278.75,0.0,2.446703022767788e-30,1.4361147727047001e-30,0.10772811645834651,0.9022718835419175,0.0,2.6401103525586223e-13
279.0,0.0,2.4000925871403132e-30,1.4121255933898863e-30,0.10751499211641628,0.9024850078838477,0.0,2.6401103525586223e-13
279.25,0.0,2.3544601101097294e-30,1.3885851708723067e-30,0.1073023060175887,0.9026976939826753,0.0,2.6401103525586223e-13
279.5,0.0,2.3097833619182164e-30,1.3654843089726504e-30,0.1070900572142476,0.9029099427860164,0.0,2.6401103525586223e-13
279.75,0.0,2.266040654224252e-30,1.3428140151068033e-30,0.10687824476095506,0.9031217552393089,0.0,2.6401103525586223e-13
280.0,0.0,2.223210826081683e-30,1.3205654954626215e-30,0.106666867714446,0.903333132285818,0.0,2.6401103525586223e-13
280.25,0.0,2.1812732303078835e-30,1.2987301502993344e-30,0.10645592513362281,0.9035440748666411,0.0,2.6401103525586223e-13
280.5,0.0,2.1402077202255922e-30,1.2772995693653474e-30,0.10624541607955003,0.903754583920714,0.0,2.6401103525586223e-13
280.75,0.0,2.099994636767148e-30,1.2562655274311776e-30,0.10603533961544905,0.9039646603848149,0.0,2.6401103525586223e-13
281.0,0.0,2.0606147959273215e-30,1.2356199799336574e-30,0.10582569480669271,0.9041743051935712,0.0,2.6401103525586223e-13
281.25,0.0,2.0220494765513835e-30,1.2153550587276584e-30,0.10561648072080031,0.9043835192794637,0.0,2.6401103525586223e-13
281.5,0.0,1.9842804084642707e-30,1.195463067946159e-30,0.10540769642743189,0.904592303572832,0.0,2.6401103525586223e-13
281.75,0.0,1.947289760922251e-30,1.1759364799637119e-30,0.1051993409983834,0.9048006590018806,0.0,2.6401103525586223e-13
282.0,0.0,1.9110601313684862e-30,1.1567679314583374e-30,0.10499141350758114,0.9050085864926829,0.0,2.6401103525586223e-13
282.25,0.0,1.8755745344969075e-30,1.1379502195723565e-30,0.1047839130310767,0.9052160869691873,0.0,2.6401103525586223e-13
282.5,0.0,1.8408163916124206e-30,1.119476298168815e-30,0.10457683864704176,0.9054231613532222,0.0,2.6401103525586223e-13
282.75,0.0,1.8067695202786078e-30,1.1013392741808877e-30,0.10437018943576268,0.9056298105645013,0.0,2.6401103525586223e-13
283.0,0.0,1.7734181242421483e-30,1.0835324040511958e-30,0.10416396447963559,0.9058360355206284,0.0,2.6401103525586223e-13
283.25,0.0,1.7407467836235384e-30,1.0660490902580516e-30,0.10395816286316102,0.906041837137103,0.0,2.6401103525586223e-13
283.5,0.0,1.7087404453784163e-30,1.0488828779292242e-30,0.10375278367293875,0.9062472163273252,0.0,2.6401103525586223e-13
283.75,0.0,1.677384414015065e-30,1.0320274515393095e-30,0.10354782599766282,0.9064521740026011,0.0,2.6401103525586223e-13
284.0,0.0,1.6466643425536533e-30,1.015476631686775e-30,0.10334328892811612,0.9066567110721478,0.0,2.6401103525586223e-13
284.25,0.0,1.6165662237304242e-30,9.992243719510262e-31,0.1031391715571656,0.9068608284430983,0.0,2.6401103525586223e-13
284.5,0.0,1.5870763814374837e-30,9.832647558268294e-31,0.10293547297975682,0.9070645270205071,0.0,2.6401103525586223e-13
284.75,0.0,1.5581814623912493e-30,9.675919937340052e-31,0.10273219229290913,0.9072678077073548,0.0,2.6401103525586223e-13
285.0,0.0,1.5298684280211271e-30,9.522004200999501e-31,0.10252932859571043,0.9074706714045535,0.0,2.6401103525586223e-13
285.25,0.0,1.5021245465702668e-30,9.37084490512604e-31,0.10232688098931218,0.9076731190109518,0.0,2.6401103525586223e-13
285.5,0.0,1.4749373854115519e-30,9.222387789442816e-31,0.10212484857692428,0.9078751514233397,0.0,2.6401103525586223e-13
285.75,0.0,1.4482948035676102e-30,9.076579750432682e-31,0.10192323046381005,0.9080767695364539,0.0,2.6401103525586223e-13
286.0,0.0,1.422184944423598e-30,8.933368814900567e-31,0.10172202575728126,0.9082779742429827,0.0,2.6401103525586223e-13
286.25,0.0,1.396596228635092e-30,8.792704114184615e-31,0.10152123356669307,0.908478766433571,0.0,2.6401103525586223e-13
286.5,0.0,1.371517347223773e-30,8.654535858994771e-31,0.10132085300343893,0.9086791469968251,0.0,2.6401103525586223e-13
286.75,0.0,1.3469372548554376e-30,8.518815314862182e-31,0.1011208831809458,0.9088791168193182,0.0,2.6401103525586223e-13
287.0,0.0,1.3228451632937243e-30,8.385494778179802e-31,0.10092132321466897,0.9090786767855951,0.0,2.6401103525586223e-13
287.25,0.0,1.2992305350231552e-30,8.254527552815265e-31,0.10072217222208722,0.9092778277781768,0.0,2.6401103525586223e-13
287.5,0.0,1.2760830770438176e-30,8.12586792729887e-31,0.10052342932269777,0.9094765706775662,0.0,2.6401103525586223e-13
287.75,0.0,1.2533927348289329e-30,7.999471152562072e-31,0.10032509363801154,0.9096749063622525,0.0,2.6401103525586223e-13
288.0,0.0,1.2311496864365353e-30,7.875293420201659e-31,0.10012716429154794,0.909872835708716,0.0,2.6401103525586223e-13
288.25,0.0,1.2093443367769514e-30,7.753291841271096e-31,0.09992964040883019,0.9100703595914338,0.0,2.6401103525586223e-13
288.5,0.0,1.1879673120303441e-30,7.633424425582021e-31,0.09973252111738028,0.9102674788828837,0.0,2.6401103525586223e-13
288.75,0.0,1.1670094542099998e-30,7.515650061502493e-31,0.09953580554671422,0.9104641944535498,0.0,2.6401103525586223e-13
289.0,0.0,1.146461815866166e-30,7.399928496236354e-31,0.09933949282833704,0.9106605071719269,0.0,2.6401103525586223e-13
289.25,0.0,1.126315654925399e-30,7.286220316568455e-31,0.09914358209573791,0.9108564179045261,0.0,2.6401103525586223e-13
289.5,0.0,1.1065624296671286e-30,7.174486930077757e-31,0.09894807248438549,0.9110519275158785,0.0,2.6401103525586223e-13
289.75,0.0,1.0871937938305948e-30,7.064690546798657e-31,0.09875296313172285,0.9112470368685411,0.0,2.6401103525586223e-13
290.0,0.0,1.0682015918452885e-30,6.956794161310801e-31,0.09855825317716281,0.9114417468231012,0.0,2.6401103525586223e-13
290.25,0.0,1.0495778541861124e-30,6.85076153525822e-31,0.0983639417620831,0.9116360582381808,0.0,2.6401103525586223e-13
290.5,0.0,1.031314792848754e-30,6.7465571802842045e-31,0.09817002802982149,0.9118299719704425,0.0,2.6401103525586223e-13
290.75,0.0,1.0134047969418502e-30,6.644146341371101e-31,0.09797651112567106,0.912023488874593,0.0,2.6401103525586223e-13
291.0,0.0,9.958404283918468e-31,6.54349498057248e-31,0.09778339019687546,0.9122166098033885,0.0,2.6401103525586223e-13
291.25,0.0,9.786144177565778e-31,6.444569761125437e-31,0.09759066439262411,0.9124093356076398,0.0,2.6401103525586223e-13
291.5,0.0,9.617196601488158e-31,6.347338031944382e-31,0.0973983328640474,0.9126016671362166,0.0,2.6401103525586223e-13
291.75,0.0,9.451492112644258e-31,6.251767812480604e-31,0.09720639476421208,0.9127936052360519,0.0,2.6401103525586223e-13
292.0,0.0,9.2889628350973e-31,6.157827777931856e-31,0.09701484924811642,0.9129851507521476,0.0,2.6401103525586223e-13
292.25,0.0,9.129542422289627e-31,6.065487244802395e-31,0.09682369547268556,0.9131763045275784,0.0,2.6401103525586223e-13
292.5,0.0,8.97316602028256e-31,5.974716156802563e-31,0.09663293259676681,0.9133670674034972,0.0,2.6401103525586223e-13
292.75,0.0,8.819770231934433e-31,5.885485071079178e-31,0.09644255978112493,0.913557440219139,0.0,2.6401103525586223e-13
293.0,0.0,8.669293081984416e-31,5.797765144766636e-31,0.09625257618843748,0.9137474238118265,0.0,2.6401103525586223e-13
293.25,0.0,8.521673983010718e-31,5.71152812184889e-31,0.09606298098329016,0.9139370190169738,0.0,2.6401103525586223e-13
293.5,0.0,8.376853702272279e-31,5.626746320333153e-31,0.09587377333217215,0.9141262266680917,0.0,2.637889906509372e-13
293.75,0.0,8.234774329391746e-31,5.543392619722784e-31,0.09568495240347152,0.9143150475967924,0.0,2.6401103525586223e-13
294.0,0.0,8.095379244837358e-31,5.4614404487767125e-31,0.09549651736747053,0.9145034826327935,0.0,2.6401103525586223e-13
294.25,0.0,7.958613089209964e-31,5.3808637735555704e-31,0.095308467396341,0.914691532603923,0.0,2.6401103525586223e-13
294.5,0.0,7.82442173330707e-31,5.301637085745754e-31,0.0951208016641398,0.9148791983361241,0.0,2.637889906509372e-13
294.75,0.0,7.6927522489423366e-31,5.223735391254336e-31,0.0949335193468043,0.9150664806534596,0.0,2.6401103525586223e-13
295.0,0.0,7.563552880494832e-31,5.147134199066709e-31,0.09474661962214757,0.9152533803781163,0.0,2.637889906509372e-13
295.25,0.0,7.436773017163144e-31,5.07180951035899e-31,0.09456010166985405,0.9154398983304098,0.0,2.637889906509372e-13
295.5,0.0,7.31236316593101e-31,4.997737807865747e-31,0.09437396467147487,0.9156260353287891,0.0,2.6401103525586223e-13
295.75,0.0,7.190274925211179e-31,4.9248960454929385e-31,0.09418820781042334,0.9158117921898405,0.0,2.637889906509372e-13
296.0,0.0,7.070460959134072e-31,4.853261638165955e-31,0.09400283027197046,0.9159971697282935,0.0,2.6401103525586223e-13
296.25,0.0,6.952874972485678e-31,4.78281245191272e-31,0.09381783124324028,0.9161821687570236,0.0,2.6401103525586223e-13
296.5,0.0,6.837471686272394e-31,4.713526794174779e-31,0.0936332099132055,0.9163667900870585,0.0,2.6401103525586223e-13
296.75,0.0,6.724206813895588e-31,4.645383404340652e-31,0.09344896547268308,0.9165510345275809,0.0,2.6401103525586223e-13
297.0,0.0,6.613037037915514e-31,4.578361444494842e-31,0.09326509711432943,0.9167349028859345,0.0,2.6401103525586223e-13
297.25,0.0,6.503919987384736e-31,4.512440490376122e-31,0.09308160403263627,0.9169183959676277,0.0,2.6401103525586223e-13
297.5,0.0,6.396814215755939e-31,4.44760052254535e-31,0.09289848542392598,0.917101514576338,0.0,2.6401103525586223e-13
297.75,0.0,6.2916791793377984e-31,4.383821917754743e-31,0.09271574048634722,0.9172842595139168,0.0,2.6401103525586223e-13
298.0,0.0,6.188475216272467e-31,4.321085440510417e-31,0.09253336841987052,0.9174666315803934,0.0,2.6401103525586223e-13
298.25,0.0,6.087163526037822e-31,4.25937223482809e-31,0.09235136842628378,0.9176486315739802,0.0,2.6401103525586223e-13
298.5,0.0,5.98770614945673e-31,4.198663816176199e-31,0.09216973970918788,0.9178302602910761,0.0,2.6401103525586223e-13
298.75,0.0,5.8900659491995835e-31,4.13894206360178e-31,0.09198848147399234,0.9180115185262716,0.0,2.6401103525586223e-13
299.0,0.0,5.794206590763869e-31,4.080189212033783e-31,0.09180759292791084,0.9181924070723532,0.0,2.6401103525586223e-13
299.25,0.0,5.7000925239149534e-31,4.022387844758611e-31,0.0916270732799569,0.9183729267203071,0.0,2.6401103525586223e-13
299.5,0.0,5.607688964591726e-31,3.965520886068046e-31,0.0914469217409395,0.9185530782593245,0.0,2.6401103525586223e-13
299.75,0.0,5.516961877255799e-31,3.9095715940729167e-31,0.09126713752345872,0.9187328624768053,0.0,2.6401103525586223e-13
300.0,0.0,5.427877957663849e-31,3.8545235536760495e-31,0.09108771984190135,0.9189122801583627,0.0,2.6401103525586223e-13
