time,R0,M1,M2,total_biomass,cumulative_death_loss,cumulative_cutoff_loss,budget_error
0.0,1.0,0.0,0.0,0.01,0.0,0.0,0.0
0.25,0.9997813079141988,3.483937384405039e-05,8.68787806129743e-06,0.010018951396575684,0.0001562134373200832,0.0,0.0
0.5,0.9995358550945443,7.387112209358566e-05,1.809108128845979e-05,0.010061656488590927,0.0003105262134826497,0.0,0.0
0.75,0.9992599989543093,0.00011770021810978676,2.8296495792584838e-05,0.010130932995030314,0.0004630713367579859,0.0,-2.220446049250313e-16
1.0,0.9989495855625319,0.00016701824686654148,3.940157119099959e-05,0.010230002835636739,0.0006139917837738166,0.0,-2.220446049250313e-16
1.25,0.998599876379353,0.00022261608872761507,5.151566655145933e-05,0.010362549836853663,0.0007634420285142205,0.0,0.0
1.5,0.9982054638595013,0.0002853985573765335,6.476157857493929e-05,0.010532786210986264,0.0009115897935610488,0.0,0.0
1.75,0.9977601754077338,0.0003564010884873736,7.927726091482796e-05,0.010745528207811515,0.0010586180350524962,0.0,0.0
2.0,0.9972569628382413,0.0004368089801925473,9.521777598196425e-05,0.01100628318805141,0.0012047272175327835,0.0,0.0
2.25,0.9966877757654428,0.000527979467800181,0.00011275750280464715,0.01132134935278135,0.0013501379111710867,0.0,0.0
2.5,0.996043417039331,0.000631466970179274,0.00013209262889278664,0.011697929611037727,0.0014950937505592782,0.0,0.0
2.75,0.9953133751450459,0.0007490524039929641,0.00015344399737413165,0.012144263598143619,0.0016398648554433312,0.0,0.0
3.0,0.9944856352381674,0.0008827762862422417,0.00017706028918575568,0.012669776498450866,0.0017847516879537883,0.0,0.0
3.25,0.9935464602337101,0.0010349771348058842,0.0002032216585575015,0.01328525145738184,0.0019300895155446984,0.0,0.0
3.5,0.9924801398424087,0.001208335551848517,0.00023224385225308856,0.014003027224182547,0.0020762535293071915,0.0,0.0
3.75,0.9912687054442958,0.001405924373245472,0.0002644828434111465,0.014837222668402691,0.002223664670644917,0.0,0.0
4.0,0.9898915984705309,0.0016312670631210436,0.0003003401455816229,0.015803997906410547,0.002372796414355977,0.0,2.220446049250313e-16
4.25,0.9883252958259866,0.0018884037499971157,0.00034026876338736023,0.01692184919481306,0.002524182465815902,0.0,0.0
4.5,0.9865428802209213,0.002181967051800233,0.0003847799413371732,0.018211947157310032,0.0026784256286312915,0.0,-2.220446049250313e-16
4.75,0.9845135423545972,0.0025172700065606846,0.0004344508832113459,0.019698528628375782,0.0028362081272550466,0.0,0.0
5.0,0.9822020205827721,0.0029004051338024106,0.0004899333704701287,0.021409337579971325,0.0029983033329841636,0.0,0.0
5.25,0.9795679497459054,0.003338359637330514,0.0005519636461975086,0.02337613748043509,0.0031655894901314987,0.0,0.0
5.5,0.9765651216631615,0.0038391463196693386,0.0006213735328771472,0.02563529299091748,0.0033390654933746944,0.0,0.0
5.75,0.9731406492954994,0.0044119516257748225,0.0006991028856648161,0.028228427205667244,0.0035198689873937993,0.0,0.0
6.0,0.9692339914380551,0.0050673084484709,0.0007862139266216353,0.031203188423632268,0.0037092977632202173,0.0,2.220446049250313e-16
6.25,0.9647758632538026,0.005817289208419006,0.0008839071328432593,0.034614106196810136,0.003908834208125137,0.0,0.0
6.5,0.9596869806694549,0.0066757283930550925,0.0009935393251450687,0.038523577536060956,0.004120174076284059,0.0,0.0
6.75,0.9538766299140398,0.007658476060751674,0.0011166440507218267,0.043002989804455174,0.0043452601700316625,0.0,0.0
7.0,0.9472410765222626,0.008783679683779008,0.0012549540633292478,0.048133968507966904,0.004586321222662334,0.0,0.0
7.25,0.9396617181412854,0.010072111219126115,0.0014104270577111207,0.054009825029454235,0.004845918552423271,0.0,0.0
7.5,0.9310030386547976,0.011547529021719523,0.0015852739018467118,0.060737157927501464,0.0051270004941347935,0.0,2.220446049250313e-16
7.75,0.9211102990971995,0.013237085835860385,0.0017819901050275934,0.06843765765996374,0.00543296730194877,0.0,0.0
8.0,0.9098069349564355,0.015171787959828575,0.002003390803939356,0.07725013708542362,0.005767749194372973,0.0,2.220446049250313e-16
8.25,0.89689172623071,0.01738699327131593,0.0022526483407857094,0.0873327328325472,0.006135899324641239,0.0,0.0
8.5,0.8821356414205286,0.019922965104227787,0.002533333464414432,0.09886535223200407,0.006542707778825255,0.0,0.0
8.75,0.8652784316672693,0.022825467480370995,0.002849458985078438,0.11205230051888444,0.006994341348396954,0.0,2.220446049250313e-16
9.0,0.8460250415716742,0.026146388590167057,0.0032055247245682808,0.1271250277700863,0.007498017343504268,0.0,0.0
9.25,0.8240418814220606,0.029944382764484797,0.0036065627268599657,0.14434494971312467,0.00806222337347019,0.0,2.220446049250313e-16
9.5,0.7989532291219897,0.03428548052361084,0.00405817870197772,0.16400611104919177,0.008697000603230158,0.0,0.0
9.75,0.7703380672148625,0.03924360867567129,0.0045665849238135875,0.1864374232490061,0.009414315936646583,0.0,2.220446049250313e-16
10.0,0.7377279214322274,0.04490091356328915,0.0051386159006364274,0.21200398292742556,0.010228566176421513,0.0,0.0
10.25,0.7006067699678556,0.051347688503382546,0.005781711120982216,0.2411065504028203,0.011157280004959436,0.0,2.220446049250313e-16
10.5,0.6584148104324101,0.05868157254700149,0.006503838505051624,0.2741776470068802,0.012222131508656855,0.0,2.220446049250313e-16
10.75,0.6105591770391446,0.06700544629915417,0.007313312840410948,0.3116715916997853,0.013450472121505162,0.0,2.220446049250313e-16
11.0,0.5564377471836343,0.07642288841835804,0.008218419566295201,0.35404318992578715,0.014877754905925451,0.0,0.0
11.25,0.4954874834107791,0.08702907551388947,0.009226675083232867,0.40170516162883657,0.016551604363262085,0.0,0.0
11.5,0.42728138336063304,0.09889267852624815,0.01034336741048029,0.4549434421530207,0.018539128549617544,0.0,-4.440892098500626e-16
11.75,0.351727970112341,0.11201880299255734,0.011568572890063073,0.5137435207913605,0.020941133213677916,0.0,0.0
12.0,0.26950487321524497,0.12626872172664566,0.012890660617114967,0.57741328590408,0.023922458536914222,0.0,-2.220446049250313e-16
12.25,0.18307977929485314,0.14117138703332813,0.014270828923212776,0.6436943235476205,0.027783681200985417,0.0,0.0
12.5,0.0992721103576866,0.15545204855598385,0.015603198301005785,0.7065305189361543,0.03314212384916943,0.0,-2.220446049250313e-16
12.75,0.03430211179780669,0.1661117309425333,0.016628732024071172,0.751693638603395,0.04126378663219399,0.0,2.220446049250313e-16
13.0,0.006125084770883478,0.16987103828633704,0.017030102217893407,0.7637529376233938,0.05322083710149246,0.0,2.220446049250313e-16
13.25,0.0007638316037118915,0.16931241361559726,0.017018115931372476,0.7557169642656808,0.06718867458363792,0.0,2.220446049250313e-16
13.5,9.153645233371435e-05,0.1677292833446338,0.01691329048938821,0.7439183051223421,0.08134758459130247,0.0,4.440892098500626e-16
13.75,1.130462045343782e-05,0.16584694335116443,0.016791535833768294,0.7320440762007475,0.09530613999386658,0.0,2.220446049250313e-16
14.0,1.450595825962191e-06,0.16373916730424962,0.016662442870751915,0.7205764234282495,0.10902051580092348,0.0,4.440892098500626e-16
14.25,1.9346167711200156e-07,0.1613944180917333,0.016526931198858997,0.7095870244317068,0.12249143281602407,0.0,4.440892098500626e-16
14.5,2.679975016483041e-08,0.158789425658967,0.01638489171491493,0.69910068411823,0.1357249717081382,0.0,2.220446049250313e-16
14.75,3.853422634395072e-09,0.15589787170199365,0.016236093103616442,0.6891380407552673,0.1487279905857003,0.0,2.220446049250313e-16
15.0,5.746626985296563e-10,0.15269154002578725,0.016080293521809116,0.6797205589888311,0.1615076068889102,0.0,2.220446049250313e-16
15.25,8.880693178268268e-11,0.1491406669979304,0.015917257107495246,0.6708709042705459,0.17407117153522184,0.0,2.220446049250313e-16
15.5,1.4229403354470186e-11,0.14521433031395267,0.015746759016162015,0.662612599936686,0.18642631071897023,0.0,2.220446049250313e-16
15.75,2.366002883168488e-12,0.14088102693906124,0.015568589398130748,0.6549693994815643,0.19858098417887804,0.0,2.220446049250313e-16
16.0,3.1069796357552494e-13,0.13610951988059236,0.015382557698384407,0.6479643675876049,0.2105435548331079,0.0,2.220446049250313e-16
16.25,1.277638929176483e-13,0.13087003983528075,0.01518849750461122,0.6416185919314086,0.22232287072857185,0.0,2.220446049250313e-16
16.5,1.15900917916627e-12,0.1251359457967975,0.014986272013322914,0.6359494210873565,0.23392836110136422,0.0,2.220446049250313e-16
16.75,0.0,0.11888596719905603,0.014775780156336373,0.6309681043241181,0.2453701483210303,0.0,5.406786129924512e-13
17.0,0.0,0.11210717060987799,0.01455696341187806,0.6266766896641804,0.25665917631455465,0.0,4.911626660941693e-13
17.25,0.0,0.1047987842474087,0.01432981329839986,0.6230640476295662,0.2678073548248953,0.0,2.7000623958883807e-13
17.5,0.0,0.09697700489778946,0.014094379502032198,0.6201009024744671,0.2788277131259812,0.0,2.7000623958883807e-13
17.75,0.0,0.08868079017878151,0.013850778514058661,0.6177338823073582,0.28973454900007184,0.0,2.702282841937631e-13
18.0,0.0,0.07997847693902077,0.013599202493314907,0.6158787774668862,0.3005435431010483,0.0,2.702282841937631e-13
18.25,0.0,0.07097461102398783,0.013339927804119796,0.6144136807703876,0.3112717804017749,0.0,2.7000623958883807e-13
18.5,0.0,0.061815714729126794,0.013073322705758835,0.6131733859834183,0.3219375765819663,0.0,2.702282841937631e-13
18.75,0.0,0.05269269387045747,0.012799852407681432,0.6119475000456409,0.3325599536764904,0.0,2.702282841937631e-13
19.0,0.0,0.04383639621914206,0.012520080193082891,0.6104859687894251,0.34315755479862026,0.0,2.702282841937631e-13
19.25,0.0,0.03550221908425613,0.012234662110788032,0.6085163188395076,0.35374679996571834,0.0,2.702282841937631e-13
19.5,0.0,0.027941120014718667,0.011944333268553846,0.6057752776777845,0.36433926903921304,0.0,2.7000623958883807e-13
19.75,0.0,0.021359623289923742,0.011649884916912974,0.6020517437389221,0.3749387480545114,0.0,2.702282841937631e-13
20.0,0.0,0.01587986754625033,0.011352134211460701,0.5972290117377478,0.38553898650481144,0.0,2.702282841937631e-13
20.25,0.0,0.011516707105249128,0.011051891831963659,0.5913079225959352,0.3961234784671222,0.0,2.702282841937631e-13
20.5,0.0,0.008184145578627455,0.010749934521176768,0.5843980135550132,0.4066679063454527,0.0,2.702282841937631e-13
20.75,0.0,0.005728046880160959,0.01044698799936556,0.5766804855743671,0.41714447954637657,0.0,2.702282841937631e-13
21.0,0.0,0.003968292427130814,0.010143721711254172,0.5683615970895556,0.4275263887723296,0.0,2.702282841937631e-13
21.25,0.0,0.00273309196137601,0.009840752637175258,0.5596352783356461,0.4377908770660727,0.0,2.7000623958883807e-13
21.5,0.0,0.0018778494886212745,0.009538653734950291,0.5506630034248782,0.44792049335182044,0.0,2.702282841937631e-13
21.75,0.0,0.0012904557674547003,0.00923796316483182,0.5415686189276968,0.4579029621402869,0.0,2.702282841937631e-13
22.0,0.0,0.0008885813543199851,0.008939192050114177,0.5324418769320224,0.46773034966381366,0.0,2.702282841937631e-13
22.25,0.0,0.0006138595791871401,0.00864282994699796,0.523345261422734,0.4773980490513511,0.0,2.702282841937631e-13
22.5,0.0,0.0004258162761164365,0.00834934805411793,0.5143209761420018,0.48690385952803406,0.0,2.702282841937631e-13
22.75,0.0,0.00029675082287025547,0.008059200555760156,0.5053967934315551,0.49624725519008467,0.0,2.702282841937631e-13
23.0,0.0,0.00020783796982284242,0.007772824574315055,0.4965904923641086,0.5054288450920237,0.0,2.702282841937631e-13
23.25,0.0,0.00014632133468885263,0.0074906391643031894,0.4879130483592804,0.5144499911419977,0.0,2.702282841937631e-13
23.5,0.0,0.0001035586565169802,0.007213043697001049,0.47937085302997395,0.5233125446167783,0.0,2.702282841937631e-13
23.75,0.0,7.36851691775095e-05,0.006940415907178827,0.4709672318002252,0.5320186671236886,0.0,2.702282841937631e-13
24.0,0.0,5.2709578360382786e-05,0.006673109806669762,0.4627034705282248,0.5405707100870153,0.0,2.702282841937631e-13
24.25,0.0,3.790561346738452e-05,0.006411453619878421,0.4545795067268602,0.5489711340400643,0.0,2.702282841937631e-13
24.5,0.0,2.7403295166622272e-05,0.006155747857913344,0.44659439406406143,0.5572224547831289,0.0,2.702282841937631e-13
24.75,0.0,1.991420021822237e-05,0.005906263618983958,0.43874661459446257,0.5653272075866055,0.0,2.702282841937631e-13
25.0,0.0,1.4546409645837389e-05,0.005663241179599034,0.43103428890749707,0.5732879235035283,0.0,2.702282841937631e-13
25.25,0.0,1.06795179890174e-05,0.005426888922044757,0.42345531773747624,0.5811071138227603,0.0,2.702282841937631e-13
25.5,0.0,7.879867986565347e-06,0.005197382627411535,0.41600747750682293,0.5887872599980493,0.0,2.702282841937631e-13
25.75,0.0,5.8428628453323234e-06,0.004974865149049309,0.408688484707699,0.5963308072806766,0.0,2.702282841937631e-13
26.0,0.0,4.35350832939695e-06,0.004759446468659414,0.40149603916797205,0.6037401608553093,0.0,2.702282841937631e-13
26.25,0.0,3.25932441761534e-06,0.00455120412585895,0.39442785287117144,0.6110176836788223,0.0,2.702282841937631e-13
26.5,0.0,2.4516465430303885e-06,0.004350184002210395,0.3874816688788721,0.6181656954726448,0.0,2.702282841937631e-13
26.75,0.0,1.8526698173005158e-06,0.004156401432289259,0.38065527339900324,0.6251864724991604,0.0,2.702282841937631e-13
27.0,0.0,1.406423945725126e-06,0.003969842607571816,0.3739465031038599,0.6320822478648928,0.0,2.702282841937631e-13
27.25,0.0,1.072459514296159e-06,0.0037904662337532695,0.36735324913281603,0.6388552121741865,0.0,2.702282841937631e-13
27.5,0.0,8.214120681945423e-07,0.003618205398604536,0.36087345877953925,0.6455075144100582,0.0,2.702282841937631e-13
27.75,0.0,6.318673726144868e-07,0.003452969605598325,0.3545051355726809,0.6520412629546184,0.0,2.702282841937631e-13
28.0,0.0,4.881409393973726e-07,0.0032946469281895678,0.34824633824249585,0.6584585266886454,0.0,2.702282841937631e-13
28.25,0.0,3.7869467713013135e-07,0.0031431062406674826,0.3420951789391476,0.6647613361257779,0.0,2.702282841937631e-13
28.5,0.0,2.9500430860770854e-07,0.0029981994837402714,0.3360498209615862,0.670951684550635,0.0,2.702282841937631e-13
28.75,0.0,2.30745852728173e-07,0.002859763926222769,0.3301084761893506,0.677031529138844,0.0,2.7000623958883807e-13
29.0,0.0,1.8120796003341829e-07,0.002727624388168137,0.3242694023606973,0.6830027920434447,0.0,2.702282841937631e-13
29.25,0.0,1.4286652060217026e-07,0.002601595395270713,0.31853090030102843,0.6888673614374504,0.0,2.702282841937631e-13
29.5,0.0,1.1307468730901869e-07,0.002481483239135087,0.31289131118078295,0.6946270925056649,0.0,2.702282841937631e-13
29.75,0.0,8.983711651880733e-08,0.0023670879228724333,0.30734901385822366,0.7002838083820575,0.0,2.702282841937631e-13
30.0,0.0,7.164309155477829e-08,0.0022582049762744087,0.30190242235029746,0.7058393010306068,0.0,2.702282841937631e-13
30.25,0.0,5.7344826987960786e-08,0.002154627129346228,0.29654998345613576,0.7112953320699612,0.0,2.702282841937631e-13
30.5,0.0,4.6067002904266486e-08,0.0020561458371163186,0.29129017455346606,0.7166536335426849,0.0,2.702282841937631e-13
30.75,0.0,3.7139536208340364e-08,0.001962552652572514,0.28612150157681426,0.7219159086313471,0.0,2.702282841937631e-13
31.0,0.0,3.0047482934242764e-08,0.0018736404476474156,0.2810424971810048,0.727083832324135,0.0,2.702282841937631e-13
31.25,0.0,2.439382921030707e-08,0.0017892044851250735,0.27605171908803927,0.7321590520332766,0.0,2.702282841937631e-13
31.5,0.0,1.9871302751472834e-08,0.0017090433465264763,0.2711477486127687,0.7371431881696722,0.0,2.7000623958883807e-13
31.75,0.0,1.624153739169198e-08,0.0016329597227802346,0.26632918935858513,0.7420378346773674,0.0,2.702282841937631e-13
32.0,0.0,1.3318498368052934e-08,0.0015607610764614432,0.2615946660733355,0.7468445595319749,0.0,2.702282841937631e-13
32.25,0.0,1.0956940385158763e-08,0.0014922601837911353,0.2569428236536743,0.7515649052058644,0.0,2.702282841937631e-13
32.5,0.0,9.042845118690998e-09,0.0014272755673582658,0.2523723262854036,0.7562003891046631,0.0,2.702282841937631e-13
32.75,0.0,7.486481162680492e-09,0.0013656318286737002,0.2478818567075614,0.7607525039775539,0.0,2.702282841937631e-13
33.0,0.0,6.217162235408916e-09,0.0013071598908416034,0.2434701155875559,0.7652227183047104,0.0,2.702282841937631e-13
33.25,0.0,5.1787081330898955e-09,0.0012516971625327277,0.2391358209929387,0.7696124766660906,0.0,2.702282841937631e-13
33.5,0.0,4.3265786645068266e-09,0.0011990876302436187,0.23487770795174395,0.7739232000917039,0.0,2.702282841937631e-13
33.75,0.0,3.6252972220861238e-09,0.001149181890096816,0.2306945280869169,0.7781562863979592,0.0,2.702282841937631e-13
34.0,0.0,3.0464535717744194e-09,0.0011018371273008659,0.2265850493144677,0.782313110512048,0.0,2.702282841937631e-13
34.25,0.0,2.567256851629102e-09,0.0010569170501002769,0.22254805559794635,0.7863950247849666,0.0,2.7000623958883807e-13
34.5,0.0,2.1694688822916563e-09,0.0010142917855436753,0.21858234675002464,0.790403359295233,0.0,2.702282841937631e-13
34.75,0.0,1.8384276670538358e-09,0.0009738377452655825,0.21468673827004628,0.7943394221465306,0.0,2.702282841937631e-13
35.0,0.0,1.5620872625712026e-09,0.000935437467586418,0.2108600612099052,0.7982044997606912,0.0,2.7000623958883807e-13
35.25,0.0,1.3308091196710814e-09,0.0008989794348809371,0.20710116207360063,0.8019998571609794,0.0,2.702282841937631e-13
35.5,0.0,1.1367442266772082e-09,0.0008643578797819434,0.20340890272824608,0.8057267382554979,0.0,2.702282841937631e-13
35.75,0.0,9.734808381256665e-10,0.0008314725786906872,0.19978216033202642,0.8093863661160722,0.0,2.702282841937631e-13
36.0,0.0,8.357674804415902e-10,0.000800228637587096,0.19621982727251241,0.8129799432544031,0.0,2.702282841937631e-13
36.25,0.0,7.193083674918036e-10,0.0007705362727297989,0.1927208111125719,0.81650865189566,0.0,2.7000623958883807e-13
36.5,0.0,6.205961359313977e-10,0.0007423105891569853,0.18928403454008338,0.8199736542504337,0.0,2.702282841937631e-13
36.75,0.0,5.367406228777692e-10,0.0007154713599529326,0.18590843531755177,0.8233760927860249,0.0,2.702282841937631e-13
37.0,0.0,4.6530600521403987e-10,0.0006899428079622662,0.18259296623009547,0.8267170904969064,0.0,2.702282841937631e-13
37.25,0.0,4.0431715399726746e-10,0.0006656533875404237,0.17933659503734636,0.8299977511710662,0.0,2.702282841937631e-13
37.5,0.0,3.521280450794074e-10,0.0006425355743187583,0.17613830441515824,0.8332191596586651,0.0,2.702282841937631e-13
37.75,0.0,3.0736722998786755e-10,0.0006205256589229894,0.17299709189565404,0.8363823821383259,0.0,2.702282841937631e-13
38.0,0.0,2.6889001135520317e-10,0.0005995635471540951,0.1699119698015671,0.839488466382659,0.0,2.702282841937631e-13
38.25,0.0,2.3574083009519187e-10,0.0005795925669899309,0.16688196517470658,0.8425384420228328,0.0,2.702282841937631e-13
38.5,0.0,2.0712211578079358e-10,0.0005605592827519714,0.16390611969826946,0.8455333208121267,0.0,2.702282841937631e-13
38.75,0.0,1.8236422183462085e-10,0.0005424133168182108,0.1609834896126496,0.8484740968884381,0.0,2.702282841937631e-13
39.0,0.0,1.608977041749696e-10,0.0005251071790916443,0.15811314562462528,0.8513617470356556,0.0,2.702282841937631e-13
39.25,0.0,1.422476458238749e-10,0.0005085961037677894,0.15529417281066019,0.8541972309435946,0.0,2.702282841937631e-13
39.5,0.0,1.2601193023267544e-10,0.000492837894231577,0.152525670513263,0.8569814914667637,0.0,2.702282841937631e-13
39.75,0.0,1.1184980328809237e-10,0.0004777927752910258,0.14980675223162787,0.8597154548815015,0.0,2.702282841937631e-13
40.0,0.0,9.947199167075436e-11,0.00046342325293904576,0.1471365455062885,0.8624000311415706,0.0,2.702282841937631e-13
40.25,0.0,8.863272907408365e-11,0.0004496939814508478,0.1445141917980857,0.8650361141321009,0.0,2.702282841937631e-13
40.5,0.0,7.912306745373228e-11,0.0004365716375290967,0.1419388463619298,0.8676245819216882,0.0,2.702282841937631e-13
40.75,0.0,7.076464809644552e-11,0.00042402480121284277,0.1394096781158334,0.8701662970124593,0.0,2.702282841937631e-13
41.0,0.0,6.340406702146094e-11,0.00041202384334901846,0.1369258695054588,0.8726621065880583,0.0,2.702282841937631e-13
41.25,0.0,5.691064647245413e-11,0.0004005408196251151,0.13448661636383974,0.8751128427598946,0.0,2.702282841937631e-13
41.5,0.0,5.117209005056288e-11,0.0003895493704278168,0.13209112776791723,0.8775193228107531,0.0,2.702282841937631e-13
41.75,0.0,4.609178011078196e-11,0.0003790246265321053,0.12973862589141585,0.8798823494362304,0.0,2.702282841937631e-13
42.0,0.0,4.158644807893322e-11,0.0003689431203075513,0.12742834585459042,0.8822027109837858,0.0,2.702282841937631e-13
42.25,0.0,3.7584251950920233e-11,0.00035928270219169134,0.12515953557113677,0.8844811816893574,0.0,2.702282841937631e-13
42.5,0.0,3.402314356736281e-11,0.00035002246211607817,0.12293145559270317,0.8867185219114277,0.0,2.702282841937631e-13
42.75,0.0,3.084937892213433e-11,0.0003411426555675781,0.1207433789514454,0.8889154783624078,0.0,2.702282841937631e-13
43.0,0.0,2.8016184216811527e-11,0.0003326246340562752,0.11859459100087034,0.8910727843373274,0.0,2.702282841937631e-13
43.25,0.0,2.5483037331072685e-11,0.00032445078002297926,0.11648438925465295,0.8931911599401112,0.0,2.702282841937631e-13
43.5,0.0,2.3214643910753343e-11,0.000316604445474617,0.11441208322479168,0.8952713123067892,0.0,2.702282841937631e-13
43.75,0.0,2.118022258808154e-11,0.0003090698944330647,0.11237699425861704,0.8973139358260399,0.0,2.702282841937631e-13
44.0,0.0,1.9352886398926958e-11,0.0003018322489028296,0.1103784553751109,0.8993197123569037,0.0,2.702282841937631e-13
44.25,0.0,1.7709122387545723e-11,0.0002948774381698324,0.10841581110073122,0.9012893114436601,0.0,2.702282841937631e-13
44.5,0.0,1.6228344460425617e-11,0.00028819215121126155,0.10648841730500143,0.9032233905278292,0.0,2.702282841937631e-13
44.75,0.0,1.4892489667071244e-11,0.0002817637919936316,0.10459564103613167,0.9051225951572525,0.0,2.702282841937631e-13
45.0,0.0,1.3685658098842077e-11,0.0002755804374917042,0.10273686035683809,0.9069875591922548,0.0,2.702282841937631e-13
45.25,0.0,1.2593881211668428e-11,0.000269630798434734,0.10091146418022971,0.9088189050090119,0.0,2.702282841937631e-13
45.5,0.0,1.1604844394997164e-11,0.00026390418232980146,0.09911885210646272,0.9106172436998728,0.0,2.702282841937631e-13
45.75,0.0,1.0707677237009958e-11,0.00025839045880732476,0.09735843425993074,0.9123831752708245,0.0,2.702282841937631e-13
46.0,0.0,9.892770783666879e-12,0.0002530800270947463,0.09562963112725324,0.9141172888360295,0.0,2.702282841937631e-13
46.25,0.0,9.15162124789919e-12,0.0002479637854973653,0.09393187339616883,0.9158201628094524,0.0,2.702282841937631e-13
46.5,0.0,8.476694249030648e-12,0.00024303310275108908,0.0922646017954561,0.9174923650935863,0.0,2.702282841937631e-13
46.75,0.0,7.861302741718547e-12,0.0002382797911101722,0.09062726693600635,0.9191344532652924,0.0,2.702282841937631e-13
47.0,0.0,7.299498115032845e-12,0.00023369608106285124,0.08901932915314625,0.9207469747587617,0.0,2.702282841937631e-13
47.25,0.0,6.785991883315345e-12,0.00022927459766526362,0.08744025835021058,0.9223304670456084,0.0,2.702282841937631e-13
47.5,0.0,6.3160710389074466e-12,0.00022500833824218593,0.0858895338435871,0.9238854578121248,0.0,2.702282841937631e-13
47.75,0.0,5.885530412210097e-12,0.00022089065146705094,0.08436664420919356,0.9254124651337241,0.0,2.702282841937631e-13
48.0,0.0,5.490613270965971e-12,0.00021691521770652404,0.08287108713050156,0.9269119976465715,0.0,2.702282841937631e-13
48.25,0.0,5.127959793433804e-12,0.00021307603055611857,0.08140236924815797,0.9283845547164281,0.0,2.702282841937631e-13
48.5,0.0,4.794561858358665e-12,0.00020936737948762184,0.07996000601124151,0.9298306266047465,0.0,2.702282841937631e-13
48.75,0.0,4.4877224004657115e-12,0.00020578383352821302,0.07854352153019327,0.931250694632061,0.0,2.702282841937631e-13
49.0,0.0,4.205019053792933e-12,0.0002023202259062877,0.07715244843147238,0.9326452313386865,0.0,2.702282841937631e-13
49.25,0.0,3.944276019585546e-12,0.0001989716396503876,0.07578632771400472,0.9340147006426708,0.0,2.702282841937631e-13
49.5,0.0,3.7035354744893375e-12,0.0001957333940066484,0.07444470860737962,0.9353595579951804,0.0,2.702282841937631e-13
49.75,0.0,3.4810338111983444e-12,0.00019260103167277278,0.07312714843185837,0.9366802505332581,0.0,2.702282841937631e-13
50.0,0.0,3.2751806034290713e-12,0.00018957030678310068,0.07183321246022216,0.9379772172299898,0.0,2.702282841937631e-13
50.25,0.0,3.084540135271088e-12,0.0001866371736011012,0.07056247378147736,0.9392508890421073,0.0,2.702282841937631e-13
50.5,0.0,2.9078150449141737e-12,0.00018379777587353128,0.06931451316641035,0.9405016890550786,0.0,2.702282841937631e-13
50.75,0.0,2.74383158745272e-12,0.00018104843680006322,0.06808891893498419,0.9417300326257422,0.0,2.702282841937631e-13
51.0,0.0,2.591526398013417e-12,0.0001783856495797141,0.06688528682559983,0.9429363275224992,0.0,2.702282841937631e-13
51.25,0.0,2.4499357227017517e-12,0.00017580606852195922,0.0657032198663185,0.9441209740629798,0.0,2.702282841937631e-13
51.5,0.0,2.31818487336334e-12,0.00017330650065106566,0.06454232824787014,0.9452843652494308,0.0,2.702282841937631e-13
51.75,0.0,2.1954792136530177e-12,0.00017088389779747933,0.0634022291985586,0.9464268869017186,0.0,2.702282841937631e-13
52.0,0.0,2.081096115557954e-12,0.0001685353491391826,0.0622825468610456,0.9475489177880043,0.0,2.702282841937631e-13
52.25,0.0,1.9743778213543427e-12,0.00016625807416719042,0.06118291217101311,0.9486508297531155,0.0,2.702282841937631e-13
52.5,0.0,1.874725069250127e-12,0.00016404941604871353,0.060102962737674855,0.949732987844672,0.0,2.702282841937631e-13
52.75,0.0,1.7815913293886454e-12,0.00016190683536130413,0.05904234272610608,0.9507957504370212,0.0,2.702282841937631e-13
53.0,0.0,1.6944776014566274e-12,0.0001598279041750464,0.05800070274139949,0.9518394693530012,0.0,2.702282841937631e-13
53.25,0.0,1.6129280297304734e-12,0.00015781030047358575,0.056977699714748774,0.9528644899834349,0.0,2.702282841937631e-13
53.5,0.0,1.5365257035901198e-12,0.00015585180287568695,0.055972996791235435,0.9538711514046225,0.0,2.702282841937631e-13
53.75,0.0,1.4648889920737603e-12,0.000153950285651168,0.05498626321944301,0.9548597864937112,0.0,2.702282841937631e-13
54.0,0.0,1.3976682486500742e-12,0.00015210371401002374,0.05401717424285964,0.9558307220420028,0.0,2.702282841937631e-13
54.25,0.0,1.3345428597688234e-12,0.00015031013964938154,0.0530654109930599,0.9567842788662264,0.0,2.702282841937631e-13
54.5,0.0,1.2752185888899412e-12,0.000148567696542819,0.05213066038462732,0.9577207719178249,0.0,2.702282841937631e-13
54.75,0.0,1.2194251644775508e-12,0.00014687459695647082,0.051212615011778,0.9586405103903163,0.0,2.702282841937631e-13
55.0,0.0,1.1669140917641119e-12,0.00014522912767824027,0.05031097304668415,0.9595437978247409,0.0,2.702282841937631e-13
55.25,0.0,1.1174567603041377e-12,0.00014362964645362386,0.04942543813959559,0.9604309322131036,0.0,2.702282841937631e-13
55.5,0.0,1.0708426547360454e-12,0.00014207457860721632,0.0485557193205246,0.9613022061000676,0.0,2.702282841937631e-13
55.75,0.0,1.0268777680811256e-12,0.00014056241384499517,0.04770153090261694,0.9621579066827814,0.0,2.702282841937631e-13
56.0,0.0,9.85383165417666e-13,0.00013909170322509788,0.04686259238716184,0.962998315908898,0.0,2.702282841937631e-13
56.25,0.0,9.46193686903899e-13,0.00013766105628786564,0.04603862837022805,0.9638237105728081,0.0,2.702282841937631e-13
56.5,0.0,9.091567724706676e-13,0.00013626913833598083,0.04522936845088554,0.9646343624101396,0.0,2.702282841937631e-13
56.75,0.0,8.741313895433442e-13,0.0001349146678554762,0.04443454714097045,0.9654305381905702,0.0,2.702282841937631e-13
57.0,0.0,8.409870552001209e-13,0.00013359641406936458,0.04365390377638891,0.966212499808971,0.0,2.702282841937631e-13
57.25,0.0,8.096029741127202e-13,0.00013231319461948384,0.04288718243004841,0.9669805043747928,0.0,2.702282841937631e-13
57.5,0.0,7.798672291741069e-13,0.00013106387336483588,0.042134131826192966,0.9677348042999326,0.0,2.702282841937631e-13
57.75,0.0,7.516760547860957e-13,0.0001298473582928635,0.04139450525625549,0.9684756473849703,0.0,2.702282841937631e-13
58.0,0.0,7.2493317482381e-13,0.00012866259953640702,0.040668060496179596,0.9692032769038293,0.0,2.702282841937631e-13
58.25,0.0,6.99549200516355e-13,0.0001275085874907239,0.039954559725196556,0.9699179316868834,0.0,2.702282841937631e-13
58.5,0.0,6.754410813371866e-13,0.0001263843510250417,0.03925376944601825,0.9706198462025515,0.0,2.702282841937631e-13
58.75,0.0,6.52531601689871e-13,0.00012528895578308878,0.03856546040640565,0.971309250637429,0.0,2.702282841937631e-13
59.0,0.0,6.307489196067302e-13,0.0001242215025675635,0.03788940752210596,0.971986370974966,0.0,2.702282841937631e-13
59.25,0.0,6.100261540391129e-13,0.0001231811258056098,0.03722538980123799,0.9726514290726166,0.0,2.702282841937631e-13
59.5,0.0,5.903009986397634e-13,0.00012216699208855293,0.03657319026992026,0.9733046427376711,0.0,2.702282841937631e-13
59.75,0.0,5.715153715228287e-13,0.00012117829878343224,0.03593259589924402,0.9739462258016713,0.0,2.702282841937631e-13
60.0,0.0,5.536150943312614e-13,0.00012021427271195756,0.035303397533545805,0.9745763881934589,0.0,2.702282841937631e-13
60.25,0.0,5.365495984771214e-13,0.00011927416889341862,0.03468538981996543,0.9751953360108749,0.0,2.702282841937631e-13
60.5,0.0,5.202716556920004e-13,0.0001183572693481551,0.034078371139253195,0.9758032715911487,0.0,2.702282841937631e-13
60.75,0.0,5.047371299199857e-13,0.00011746288195818065,0.03348214353778903,0.9764003935800184,0.0,2.702282841937631e-13
61.0,0.0,4.899047488267185e-13,0.0001165903393818376,0.032896512660806274,0.9769868969995923,0.0,2.702282841937631e-13
61.25,0.0,4.757358969999152e-13,0.0001157389980205498,0.03232128768688962,0.9775629733148844,0.0,2.702282841937631e-13
61.5,0.0,4.621944226079216e-13,0.00011490823703367657,0.031756281263563786,0.9781288104992106,0.0,2.702282841937631e-13
61.75,0.0,4.4924646063117115e-13,0.00011409745739980278,0.031201309444062922,0.9786845930983583,0.0,2.702282841937631e-13
62.0,0.0,4.3686027002068505e-13,0.0001133060810217758,0.030656191625239283,0.9792305022935724,0.0,2.7045032879868813e-13
62.25,0.0,4.2500608378948874e-13,0.00011253354987331293,0.030120750486598062,0.979766715963374,0.0,2.702282841937631e-13
62.5,0.0,4.1365597078459296e-13,0.00011177932518505952,0.02959481193042578,0.9802934087442459,0.0,2.7045032879868813e-13
62.75,0.0,4.027837078494396e-13,0.00011104288666797121,0.029078205022978535,0.9808107520902211,0.0,2.7045032879868813e-13
63.0,0.0,3.923646615597049e-13,0.00011032373177205543,0.028570761936723147,0.9813189143313827,0.0,2.702282841937631e-13
63.25,0.0,3.823756801873065e-13,0.0001096213749792031,0.028072317893691533,0.9818180607312172,0.0,2.7045032879868813e-13
63.5,0.0,3.727949926444171e-13,0.00010893534712767063,0.02758271110978669,0.9823083535429832,0.0,2.702282841937631e-13
63.75,0.0,3.6360211545512166e-13,0.00010826519476710223,0.027101782740118808,0.9827899520650208,0.0,2.7045032879868813e-13
64.0,0.0,3.547777666387426e-13,0.00010761047954240564,0.02662937682533463,0.9832630126950385,0.0,2.702282841937631e-13
64.25,0.0,3.4630378602439376e-13,0.00010697077760509483,0.026165340238927946,0.983727688983391,0.0,2.7045032879868813e-13
64.5,0.0,3.38163061421347e-13,0.00010634567905075216,0.02570952263550234,0.9841841316853791,0.0,2.7045032879868813e-13
64.75,0.0,3.303394600554868e-13,0.000105734787381258,0.02526177639995657,0.9846324888126021,0.0,2.702282841937631e-13
65.0,0.0,3.228177648712567e-13,0.00010513771899053361,0.024821956597585692,0.9850729056833712,0.0,2.702282841937631e-13
65.25,0.0,3.155836158973082e-13,0.00010455410267296384,0.024389920925150427,0.9855055249721314,0.0,2.7045032879868813e-13
65.5,0.0,3.0862345532429556e-13,0.00010398357915296582,0.023965529662773436,0.9859304867580353,0.0,2.702282841937631e-13
65.75,0.0,3.0192447664924804e-13,0.00010342580063496895,0.023548645626730685,0.9863479285726028,0.0,2.7045032879868813e-13
66.0,0.0,2.954745773887051e-13,0.00010288043037272718,0.02313913412310532,0.9867579854464968,0.0,2.7045032879868813e-13
66.25,0.0,2.8926231512009645e-13,0.00010234714225706748,0.022736862902293282,0.9871607899554307,0.0,2.702282841937631e-13
66.5,0.0,2.8327686657488293e-13,0.0001018256204212024,0.022341702114335345,0.9875564722652305,0.0,2.702282841937631e-13
66.75,0.0,2.775079895012912e-13,0.00010131555886273256,0.021953524265049464,0.9879451601760806,0.0,2.702282841937631e-13
67.0,0.0,2.719459870935242e-13,0.00010081666108152636,0.021572204172957292,0.9883269791659596,0.0,2.702282841937631e-13
67.25,0.0,2.665816750393324e-13,0.00010032863973292922,0.021197618927050143,0.9887020524332206,0.0,2.702282841937631e-13
67.5,0.0,2.614063505949228e-13,9.985121629530932e-05,0.02082964784527152,0.9890705009384421,0.0,2.702282841937631e-13
67.75,0.0,2.5641176380426584e-13,9.938412075145599e-05,0.020468172433775227,0.9894324434454872,0.0,2.702282841937631e-13
68.0,0.0,2.5159009062912136e-13,9.892709128312767e-05,0.020113076346930624,0.989787996561805,0.0,2.7045032879868813e-13
68.25,0.0,2.469339078652988e-13,9.847987397816126e-05,0.019764245348065295,0.99013727477798,0.0,2.7045032879868813e-13
68.5,0.0,2.4243616970676396e-13,9.804222254956953e-05,0.01942156727092336,0.990480390506555,0.0,2.7045032879868813e-13
68.75,0.0,2.380901858168467e-13,9.76138980660514e-05,0.019084931981816374,0.9908174541201499,0.0,2.7045032879868813e-13
69.0,0.0,2.3388960080023216e-13,9.719466869338139e-05,0.01875423134246152,0.9911485739888816,0.0,2.7045032879868813e-13
69.25,0.0,2.298283750827204e-13,9.67843094463169e-05,0.01842935917354599,0.9914738565170482,0.0,2.7045032879868813e-13
69.5,0.0,2.2590076692800608e-13,9.63826019503633e-05,0.01811021121891118,0.9917934061791829,0.0,2.702282841937631e-13
69.75,0.0,2.2210131562690645e-13,9.598933421307827e-05,0.017796685110407683,0.9921073255554275,0.0,2.702282841937631e-13
70.0,0.0,2.1842482574414256e-13,9.560430040444919e-05,0.017488680333396196,0.9924157153662513,0.0,2.7045032879868813e-13
70.25,0.0,2.1486635235620008e-13,9.522730064595267e-05,0.017186098192885958,0.9927186745065236,0.0,2.7045032879868813e-13
70.5,0.0,2.1142118720836567e-13,9.485814080791244e-05,0.016888841780291687,0.9930163000789594,0.0,2.7045032879868813e-13
70.75,0.0,2.0808484571801896e-13,9.449663231477145e-05,0.016596815940789145,0.9933086874269583,0.0,2.702282841937631e-13
71.0,0.0,2.0485305476683636e-13,9.414259195792268e-05,0.016309927241264496,0.9935959301668431,0.0,2.7045032879868813e-13
71.25,0.0,2.0172174127694935e-13,9.379584171586029e-05,0.01602808393889099,0.9938781202194618,0.0,2.702282841937631e-13
71.5,0.0,1.9868702144149302e-13,9.345620858119983e-05,0.015751195950241135,0.9941553478412494,0.0,2.7045032879868813e-13
71.75,0.0,1.9574519061753818e-13,9.312352439435938e-05,0.015479174820978171,0.9944277016547021,0.0,2.702282841937631e-13
72.0,0.0,1.9289271382248494e-13,9.27976256835866e-05,0.015211933696105349,0.9946952686782886,0.0,2.7045032879868813e-13
72.25,0.0,1.9012621679736977e-13,9.247835351106847e-05,0.014949387290765696,0.9949581343558035,0.0,2.7045032879868813e-13
72.5,0.0,1.874424775984248e-13,9.216555332486303e-05,0.014691451861575732,0.9952163825851824,0.0,2.7045032879868813e-13
72.75,0.0,1.8483841867777308e-13,9.185907481639249e-05,0.01443804517847602,0.9954700957467931,0.0,2.7045032879868813e-13
73.0,0.0,1.8231109942145223e-13,9.155877178325787e-05,0.014189086497094255,0.9957193547312105,0.0,2.7045032879868813e-13
73.25,0.0,1.7985770913809863e-13,9.126450199721756e-05,0.0139444965316497,0.9959642389664436,0.0,2.7045032879868813e-13
73.5,0.0,1.7747556043369312e-13,9.097612707701402e-05,0.013704197428319841,0.9962048264446961,0.0,2.7045032879868813e-13
73.75,0.0,1.7516208297184203e-13,9.069351236591268e-05,0.013468112739106888,0.9964411937486224,0.0,2.7045032879868813e-13
74.0,0.0,1.729148175881971e-13,9.041652681373728e-05,0.013236167396185569,0.9966734160770981,0.0,2.7045032879868813e-13
74.25,0.0,1.707314107383651e-13,9.014504286322164e-05,0.013008287686725867,0.9969015672705106,0.0,2.7045032879868813e-13
74.5,0.0,1.6860960925785497e-13,8.987893634049869e-05,0.012784401228176388,0.9971257198355848,0.0,2.702282841937631e-13
74.75,0.0,1.6654725541240119e-13,8.961808634954685e-05,0.012564436943993573,0.9973459449697607,0.0,2.7045032879868813e-13
75.0,0.0,1.6454228222055027e-13,8.93623751704302e-05,0.012348325039813026,0.9975623125851224,0.0,2.7045032879868813e-13
75.25,0.0,1.625927090428976e-13,8.91116881612283e-05,0.01213599698008769,0.9977748913318588,0.0,2.702282841937631e-13
75.5,0.0,1.6069663740449456e-13,8.886591366342948e-05,0.011927385465124712,0.9979837486213216,0.0,2.7045032879868813e-13
75.75,0.0,1.5885224704784102e-13,8.862494291069943e-05,0.011722424408553369,0.9981889506486474,0.0,2.7045032879868813e-13
76.0,0.0,1.5705779219914147e-13,8.838866994087504e-05,0.011521048915208014,0.9983905624149644,0.0,2.702282841937631e-13
76.25,0.0,1.5531159803585642e-13,8.815699151105913e-05,0.011323195259420559,0.9985886477491834,0.0,2.7045032879868813e-13
76.5,0.0,1.5361205734329807e-13,8.792980701569066e-05,0.011128800863710122,0.9987832693293909,0.0,2.702282841937631e-13
76.75,0.0,1.5195762734791704e-13,8.770701840746502e-05,0.010937804277857118,0.9989744887038539,0.0,2.7045032879868813e-13
77.0,0.0,1.5034682671671046e-13,8.748853012099128e-05,0.010750145158358511,0.9991623663116405,0.0,2.702282841937631e-13
77.25,0.0,1.487782327186101e-13,8.727424899911789e-05,0.010565764248285486,0.999346961502837,0.0,2.7045032879868813e-13
77.5,0.0,1.4725047852985246e-13,8.706408422176127e-05,0.010384603357484881,0.9995283325584164,0.0,2.702282841937631e-13
77.75,0.0,1.4576225068073984e-13,8.68579472371809e-05,0.010206605343152205,0.9997065367097352,0.0,2.702282841937631e-13
78.0,0.0,1.4431228663392776e-13,8.665575169559493e-05,0.010031714090762377,0.999881630157668,0.0,2.702282841937631e-13
78.25,0.0,1.4289937248713563e-13,8.64574133850493e-05,0.009859874495353495,1.0000536680913887,0.0,2.702282841937631e-13
78.5,0.0,1.415223407930948e-13,8.626285016945176e-05,0.009691032443152926,1.0002227047068064,0.0,2.702282841937631e-13
78.75,0.0,1.4018006848949673e-13,8.607198192868182e-05,0.009525134793534758,1.0003887932246667,0.0,2.702282841937631e-13
79.0,0.0,1.388714749326304e-13,8.588473050069778e-05,0.009362129361305812,1.000551985908325,0.0,2.702282841937631e-13
79.25,0.0,1.3759552003181436e-13,8.570101962559589e-05,0.009201964899338387,1.0007123340811688,0.0,2.7045032879868813e-13
79.5,0.0,1.3635120247460663e-13,8.552077489149836e-05,0.009044591081499366,1.000869888143743,0.0,2.702282841937631e-13
79.75,0.0,1.351375580407224e-13,8.534392368223451e-05,0.00888995848589951,1.0010246975905535,0.0,2.702282841937631e-13
80.0,0.0,1.3395365799887485e-13,8.517039512673938e-05,0.008738018578451056,1.0011768110265584,0.0,2.702282841937631e-13
80.25,0.0,1.3279860758223092e-13,8.500012005010829e-05,0.00858872369672954,1.0013262761833577,0.0,2.7000623958883807e-13
80.5,0.0,1.316715445381606e-13,8.483303092624364e-05,0.008442027034130595,1.0014731399350816,0.0,2.7000623958883807e-13
80.75,0.0,1.305716377479334e-13,8.466906183203052e-05,0.008297882624312355,1.0016174483139952,0.0,2.702282841937631e-13
81.0,0.0,1.2949808591251243e-13,8.450814840298498e-05,0.008156245325920948,1.0017592465258167,0.0,2.702282841937631e-13
81.25,0.0,1.2845011630247096e-13,8.435022779034649e-05,0.008017070807614768,1.0018985789647366,0.0,2.7000623958883807e-13
81.5,0.0,1.2742698356627136e-13,8.41952386195204e-05,0.007880315533344126,1.002035489228179,0.0,2.702282841937631e-13
81.75,0.0,1.264279685953853e-13,8.404312094984909e-05,0.007745936747906836,1.002170020131287,0.0,2.702282841937631e-13
82.0,0.0,1.2545237744277314e-13,8.38938162356566e-05,0.007613892462769423,1.0023022137211397,0.0,2.702282841937631e-13
82.25,0.0,1.2449954029205363e-13,8.374726728852296e-05,0.007484141442150467,1.0024321112907069,0.0,2.7045032879868813e-13
82.5,0.0,1.2356881047470617e-13,8.360341824074201e-05,0.007356643189358151,1.0025597533925479,0.0,2.702282841937631e-13
82.75,0.0,1.2265956353263397e-13,8.346221450991646e-05,0.007231357933373869,1.0026851798522638,0.0,2.702282841937631e-13
83.0,0.0,1.2177119632369248e-13,8.332360276465053e-05,0.007108246615679798,1.0028084297817041,0.0,2.7045032879868813e-13
83.25,0.0,1.2090312616884983e-13,8.318753089132182e-05,0.006987270877343838,1.0029295415919142,0.0,2.702282841937631e-13
83.5,0.0,1.2005479003756107e-13,8.305394796185995e-05,0.00686839304632467,1.0030485530058637,0.0,2.702282841937631e-13
83.75,0.0,1.1922564377028256e-13,8.292280420251977e-05,0.006751576125014517,1.003165501070934,0.0,2.702282841937631e-13
84.0,0.0,1.1841516133597742e-13,8.27940509636083e-05,0.006636783778010817,1.0032804221711775,0.0,2.7045032879868813e-13
84.25,0.0,1.176228341229281e-13,8.266764069013422e-05,0.006523980320113708,1.0033933520393488,0.0,2.702282841937631e-13
84.5,0.0,1.1684817026118484e-13,8.25435268933456e-05,0.00641313070454257,1.0035043257687175,0.0,2.702282841937631e-13
84.75,0.0,1.160906939749736e-13,8.242166412312225e-05,0.00630420051136458,1.0036133778246665,0.0,2.702282841937631e-13
85.0,0.0,1.1534994496354366e-13,8.230200794119388e-05,0.0061971559361334895,1.0037205420560802,0.0,2.702282841937631e-13
85.25,0.0,1.1462547780955793e-13,8.218451489517305e-05,0.006091963778750091,1.0038258517065104,0.0,2.702282841937631e-13
85.5,0.0,1.1391686141293694e-13,8.206914249334596e-05,0.005988591432512408,1.0039293394251505,0.0,2.702282841937631e-13
85.75,0.0,1.1322367844941197e-13,8.195584918021509e-05,0.005887006873370677,1.0040310372776062,0.0,2.702282841937631e-13
86.0,0.0,1.1254552485243196e-13,8.184459431276304e-05,0.005787178649379554,1.0041309767564655,0.0,2.702282841937631e-13
86.25,0.0,1.1188200931734141e-13,8.173533813741496e-05,0.005689075870344902,1.004229188791676,0.0,2.702282841937631e-13
86.5,0.0,1.1123275282675846e-13,8.162804176767428e-05,0.005592668197659312,1.004325703760732,0.0,2.702282841937631e-13
86.75,0.0,1.1059738819607877e-13,8.152266716240647e-05,0.005497925834320326,1.004420551498677,0.0,2.7045032879868813e-13
87.0,0.0,1.0997555963812558e-13,8.141917710475027e-05,0.00540481951512978,1.0045137613079258,0.0,2.702282841937631e-13
87.25,0.0,1.0936692234634069e-13,8.131753518164963e-05,0.005313320497084158,1.0046053619678952,0.0,2.7045032879868813e-13
87.5,0.0,1.0877114209520383e-13,8.121770576396168e-05,0.005223400549928446,1.004695381744469,0.0,2.702282841937631e-13
87.75,0.0,1.0818789485736906e-13,8.111965398713802e-05,0.00513503194688642,1.0047838483992886,0.0,2.702282841937631e-13
88.0,0.0,1.0761686643664536e-13,8.102334573245674e-05,0.00504818745556091,1.0048707891988693,0.0,2.702282841937631e-13
88.25,0.0,1.0705775211611314e-13,8.092874760878819e-05,0.004962840329001695,1.0049562309235527,0.0,2.702282841937631e-13
88.5,0.0,1.0651025632067819e-13,8.083582693487558e-05,0.0048789642969360465,1.0050401998762928,0.0,2.702282841937631e-13
88.75,0.0,1.0597409229336153e-13,8.074455172211186e-05,0.004796533557156702,1.0051227218912855,0.0,2.702282841937631e-13
89.0,0.0,1.05448981784683e-13,8.065489065779718e-05,0.004715522767065927,1.005203822342441,0.0,2.702282841937631e-13
89.25,0.0,1.0493465475472964e-13,8.056681308887389e-05,0.004635907035384132,1.0052835261516924,0.0,2.702282841937631e-13
89.5,0.0,1.0443084908706134e-13,8.048028900610303e-05,0.004557661913999412,1.0053618577971604,0.0,2.702282841937631e-13
89.75,0.0,1.0393731031410441e-13,8.039528902868202e-05,0.004480763389969128,1.0054388413211686,0.0,2.702282841937631e-13
90.0,0.0,1.0345379135345982e-13,8.031178438928651e-05,0.004405187877667952,1.0055145003381096,0.0,2.702282841937631e-13
90.25,0.0,1.029800522546557e-13,8.022974691952369e-05,0.004330912211080362,1.0055888580421675,0.0,2.702282841937631e-13
90.5,0.0,1.0251585995588035e-13,8.014914903578288e-05,0.004257913636233315,1.0056619372148987,0.0,2.702282841937631e-13
90.75,0.0,1.0206098805022982e-13,8.006996372546904e-05,0.0041861698037645905,1.0057337602326784,0.0,2.7045032879868813e-13
91.0,0.0,1.0161521656104266e-13,7.999216453360803e-05,0.00411565876162565,1.0058043490740096,0.0,2.7045032879868813e-13
91.25,0.0,1.0117833172604423e-13,7.991572554982212e-05,0.004046358947926288,1.0058737253266932,0.0,2.7045032879868813e-13
91.5,0.0,1.0075012578973967e-13,7.98406213956469e-05,0.003978249183900755,1.0059419101948732,0.0,2.7045032879868813e-13
91.75,0.0,1.0033039680381693e-13,7.976682721219057e-05,0.0039113086670049205,1.006008924505953,0.0,2.7045032879868813e-13
92.0,0.0,9.991894843517657e-14,7.969431864812266e-05,0.003845516964139631,1.0060747887173829,0.0,2.7045032879868813e-13
92.25,0.0,9.951558978127163e-14,7.962307184798261e-05,0.0037808540049986037,1.0061395229233243,0.0,2.7045032879868813e-13
92.5,0.0,9.912013519244409e-14,7.955306344079754e-05,0.0037173000755370954,1.0062031468611934,0.0,2.7045032879868813e-13
92.75,0.0,9.873240410094392e-14,7.948427052899788e-05,0.003654835811557537,1.0062656799180851,0.0,2.7045032879868813e-13
93.0,0.0,9.8352220856342e-14,7.9416670677623e-05,0.003593442192411096,1.0063271411370833,0.0,2.7045032879868813e-13
93.25,0.0,9.797941456714736e-14,7.93502419038162e-05,0.0035331005348214354,1.0063875492234473,0.0,2.7045032879868813e-13
93.5,0.0,9.761381894824921e-14,7.928496266658586e-05,0.003473792486813194,1.0064469225506931,0.0,2.7045032879868813e-13
93.75,0.0,9.725527217402015e-14,7.922081185683457e-05,0.0034155000217534013,1.006505279166563,0.0,2.7045032879868813e-13
94.0,0.0,9.690361673682065e-14,7.915776878764605e-05,0.0033582054325016785,1.0065626367988842,0.0,2.7045032879868813e-13
94.25,0.0,9.655869931068794e-14,7.909581318482289e-05,0.003301891325667778,1.0066190128613213,0.0,2.7045032879868813e-13
94.5,0.0,9.622037061999496e-14,7.903492517766656e-05,0.003246540615973225,1.0066744244590233,0.0,2.7045032879868813e-13
94.75,0.0,9.588848531286373e-14,7.89750852899913e-05,0.003192136520713802,1.0067288883941707,0.0,2.7045032879868813e-13
95.0,0.0,9.556290183913591e-14,7.891627443136582e-05,0.003138662554321959,1.0067824211714216,0.0,2.7045032879868813e-13
95.25,0.0,9.524348233277082e-14,7.885847388858295e-05,0.003086102523034542,1.0068350390032519,0.0,2.702282841937631e-13
95.5,0.0,9.493009249840766e-14,7.880166531733855e-05,0.0030344405196508265,1.0068867578152072,0.0,2.702282841937631e-13
95.75,0.0,9.462260150198035e-14,7.874583073412158e-05,0.0029836609183878913,1.0069375932510538,0.0,2.7045032879868813e-13
96.0,0.0,9.432088186520558e-14,7.869095250830765e-05,0.0029337483698297895,1.006987560677838,0.0,2.7045032879868813e-13
96.25,0.0,9.402480936379395e-14,7.863701335445066e-05,0.0028846877959692336,1.0070366751908526,0.0,2.702282841937631e-13
96.5,0.0,9.373426292923514e-14,7.858399632476576e-05,0.002836464385339058,1.0070849516185127,0.0,2.702282841937631e-13
96.75,0.0,9.34491245540074e-14,7.853188480179746e-05,0.0027890635882306023,1.0071324045271446,0.0,2.7045032879868813e-13
97.0,0.0,9.316927920007446e-14,7.848066249126777e-05,0.0027424711119982664,1.0071790482256877,0.0,2.7045032879868813e-13
97.25,0.0,9.289461471058106e-14,7.84303134151056e-05,0.002696672916454844,1.0072248967703075,0.0,2.702282841937631e-13
97.5,0.0,9.262502172456055e-14,7.838082190464165e-05,0.0026516552093447344,1.0072699639689284,0.0,2.7045032879868813e-13
97.75,0.0,9.236039359457845e-14,7.833217259397108e-05,0.0026074044419010863,1.0073142633856829,0.0,2.702282841937631e-13
98.0,0.0,9.210062630718626e-14,7.828435041347794e-05,0.002563907304483805,1.007357808345281,0.0,2.7045032879868813e-13
98.25,0.0,9.18456184060806e-14,7.823734058351708e-05,0.002521150722297339,1.0074006119372976,0.0,2.702282841937631e-13
98.5,0.0,9.159527091786238e-14,7.81911286082486e-05,0.00247912185118587,1.0074426870203848,0.0,2.7045032879868813e-13
98.75,0.0,9.134948728029052e-14,7.814570026961938e-05,0.0024378080735034725,1.0074840462264059,0.0,2.702282841937631e-13
99.0,0.0,9.110817327293457e-14,7.810104162148844e-05,0.002397196994058569,1.0075247019644993,0.0,2.7045032879868813e-13
99.25,0.0,9.087123695016494e-14,7.805713898389715e-05,0.0023572764361366625,1.0075646664250588,0.0,2.702282841937631e-13
99.5,0.0,9.063858857634572e-14,7.801397893747135e-05,0.002318034437590235,1.007603951583652,0.0,2.702282841937631e-13
99.75,0.0,9.041014056317899e-14,7.797154831795779e-05,0.0022794592470010296,1.007642569204861,0.0,2.702282841937631e-13
100.0,0.0,9.018580740911061e-14,7.792983421088987e-05,0.0022415393199120654,1.0076805308460572,0.0,2.7045032879868813e-13
100.25,0.0,8.996550564072361e-14,7.788882394637976e-05,0.002204263315128452,1.0077178478611055,0.0,2.702282841937631e-13
100.5,0.0,8.974915375604384e-14,7.784850509403256e-05,0.002167620091084967,1.0077545314040015,0.0,2.702282841937631e-13
100.75,0.0,8.953667216968282e-14,7.780886545797856e-05,0.0021315987022782873,1.0077905924324444,0.0,2.702282841937631e-13
101.0,0.0,8.932798315974966e-14,7.77698930720209e-05,0.002096188395763306,1.0078260417113456,0.0,2.702282841937631e-13
101.25,0.0,8.912301081649028e-14,7.773157619489989e-05,0.0020613786077169497,1.0078608898162693,0.0,2.702282841937631e-13
101.5,0.0,8.892168099255422e-14,7.769390330566318e-05,0.002027158960059943,1.0078951471368158,0.0,2.7045032879868813e-13
101.75,0.0,8.872392125485469e-14,7.765686309914402e-05,0.001993519257141001,1.0079288238799413,0.0,2.702282841937631e-13
102.0,0.0,8.852966083795688e-14,7.762044448154392e-05,0.0019604494824811687,1.007961930073219,0.0,2.702282841937631e-13
102.25,0.0,8.833883059894195e-14,7.758463656611702e-05,0.001927939795577512,1.0079944755680383,0.0,2.702282841937631e-13
102.5,0.0,8.815136297369191e-14,7.754942866895301e-05,0.0018959805287643906,1.0080264700427488,0.0,2.702282841937631e-13
102.75,0.0,8.796719193454146e-14,7.751481030485542e-05,0.0018645621841305148,1.008057923005747,0.0,2.702282841937631e-13
103.0,0.0,8.778625294924792e-14,7.748077118331306e-05,0.001833675430491284,1.0080888437985078,0.0,2.702282841937631e-13
103.25,0.0,8.76084829412505e-14,7.7447301204566e-05,0.0018033111004193423,1.0081192415985587,0.0,2.702282841937631e-13
103.5,0.0,8.743382025114438e-14,7.741439045575718e-05,0.0017734601873251432,1.008149125422402,0.0,2.702282841937631e-13
103.75,0.0,8.726220459934637e-14,7.738202920717144e-05,0.0017441138425913615,1.0081785041283844,0.0,2.702282841937631e-13
104.0,0.0,8.709357704990511e-14,7.735020790855944e-05,0.0017152633727592062,1.0082073864195154,0.0,2.702282841937631e-13
104.25,0.0,8.692787997541737e-14,7.731891718554379e-05,0.0016869002367659249,1.0082357808462319,0.0,2.702282841937631e-13
104.5,0.0,8.676505702301086e-14,7.728814783610558e-05,0.0016590160432320056,1.0082636958091153,0.0,2.702282841937631e-13
104.75,0.0,8.660505308135387e-14,7.725789082714803e-05,0.0016316025477964987,1.00829113956156,0.0,2.702282841937631e-13
105.0,0.0,8.644781424865651e-14,7.722813729113605e-05,0.0016046516505000491,1.0083181202123925,0.0,2.702282841937631e-13
105.25,0.0,8.629328780164381e-14,7.719887852281289e-05,0.0015781553932181457,1.0083446457284428,0.0,2.7000623958883807e-13
105.5,0.0,8.614142216544418e-14,7.717010597598619e-05,0.0015521059571375363,1.0083707239370705,0.0,2.702282841937631e-13
105.75,0.0,8.599216688437749e-14,7.714181126038562e-05,0.0015264956602791045,1.0083963625286447,0.0,2.702282841937631e-13
106.0,0.0,8.584547259360835e-14,7.711398613858944e-05,0.0015013169550655281,1.0084215690589802,0.0,2.702282841937631e-13
106.25,0.0,8.57012909916366e-14,7.708662252301843e-05,0.0014765624259331241,1.0084463509517283,0.0,2.702282841937631e-13
106.5,0.0,8.555957481359545e-14,7.705971247299535e-05,0.0014522247869865673,1.008470715500725,0.0,2.702282841937631e-13
106.75,0.0,8.542027780532827e-14,7.703324819186737e-05,0.0014282968796951487,1.0084946698722976,0.0,2.7000623958883807e-13
107.0,0.0,8.528335469821826e-14,7.700722202419072e-05,0.0014047716706302082,1.0085182211075305,0.0,2.702282841937631e-13
107.25,0.0,8.514876118475743e-14,7.69816264529784e-05,0.0013816422492458978,1.0085413761244861,0.0,2.702282841937631e-13
107.5,0.0,8.501645389481148e-14,7.695645409700467e-05,0.001358901825697209,1.008564141720391,0.0,2.702282841937631e-13
107.75,0.0,8.488639037257008e-14,7.693169770816831e-05,0.001336543728698097,1.008586524573779,0.0,2.702282841937631e-13
108.0,0.0,8.475852905415729e-14,7.690735016891227e-05,0.0013145614034182622,1.0086085312465982,0.0,2.702282841937631e-13
108.25,0.0,8.46328292458809e-14,7.688340448969882e-05,0.0012929484094180612,1.0086301681862777,0.0,2.7000623958883807e-13
108.5,0.0,8.450925110309939e-14,7.685985380653829e-05,0.0012716984186204345,1.0086514417277586,0.0,2.7000623958883807e-13
108.75,0.0,8.438775560968408e-14,7.683669137856975e-05,0.001250805213318688,1.0086723580954884,0.0,2.7000623958883807e-13
109.0,0.0,8.426830455805822e-14,7.681391058569268e-05,0.0012302626842198186,1.0086929234053803,0.0,2.7000623958883807e-13
109.25,0.0,8.415086052980339e-14,7.679150492625069e-05,0.001210064828525238,1.0087131436667345,0.0,2.7000623958883807e-13
109.5,0.0,8.403538687679938e-14,7.676946801476198e-05,0.001190205748043674,1.0087330247841275,0.0,2.7000623958883807e-13
109.75,0.0,8.392184770289117e-14,7.674779357969805e-05,0.0011706796473386829,1.0087525725592676,0.0,2.7000623958883807e-13
110.0,0.0,8.381020784606335e-14,7.672647546130916e-05,0.0011514808319095361,1.0087717926928155,0.0,2.702282841937631e-13
110.25,0.0,8.370043286110692e-14,7.670550760949539e-05,0.0011326037064050257,1.008790690786172,0.0,2.7000623958883807e-13
110.5,0.0,8.359248900276183e-14,7.668488408172199e-05,0.0011140427728692278,1.0088092723432354,0.0,2.7000623958883807e-13
110.75,0.0,8.348634320931892e-14,7.666459904097773e-05,0.0010957926290182257,1.0088275427721274,0.0,2.7000623958883807e-13
111.0,0.0,8.338196308666709e-14,7.66446467537752e-05,0.0010778479665475205,1.0088455073868854,0.0,2.7000623958883807e-13
111.25,0.0,8.327931689277993e-14,7.662502158819439e-05,0.0010602035694717302,1.0088631714091267,0.0,2.7000623958883807e-13
111.5,0.0,8.317837352261452e-14,7.660571801196473e-05,0.001042854312492075,1.0088805399696827,0.0,2.7000623958883807e-13
111.75,0.0,8.307910249341873e-14,7.658673059058735e-05,0.001025795159393754,1.0088976181102027,0.0,2.702282841937631e-13
112.0,0.0,8.298147393043234e-14,7.656805398549572e-05,0.0010090211614721335,1.0089144107847294,0.0,2.7000623958883807e-13
112.25,0.0,8.288545855297009e-14,7.654968295225448e-05,0.0009925274559873674,1.0089309228612475,0.0,2.7000623958883807e-13
112.5,0.0,8.279102766087469e-14,7.653161233879474e-05,0.0009763092646466127,1.008947159123202,0.0,2.702282841937631e-13
112.75,0.0,8.269815312132687e-14,7.651383708368515e-05,0.0009603618921129841,1.0089631242709907,0.0,2.7000623958883807e-13
113.0,0.0,8.260680735600215e-14,7.649635221443788e-05,0.000944680724541013,1.008978822923432,0.0,2.7000623958883807e-13
113.25,0.0,8.251696332857047e-14,7.647915284585045e-05,0.0009292612281399846,1.0089942596192016,0.0,2.7000623958883807e-13
113.5,0.0,8.242859453251693e-14,7.646223417837964e-05,0.0009140989477612819,1.009009438818248,0.0,2.7000623958883807e-13
113.75,0.0,8.234167497928176e-14,7.644559149654881e-05,0.0008991895055115429,1.0090243649031796,0.0,2.7000623958883807e-13
114.0,0.0,8.225617918670791e-14,7.642922016738714e-05,0.0008845285993907039,1.0090390421806297,0.0,2.7000623958883807e-13
114.25,0.0,8.217208216778781e-14,7.641311563890079e-05,0.0008701120019546009,1.0090534748825943,0.0,2.7000623958883807e-13
114.5,0.0,8.20893594196996e-14,7.63972734385743e-05,0.0008559355590014062,1.0090676671677479,0.0,2.7000623958883807e-13
114.75,0.0,8.200798691312319e-14,7.638168917190192e-05,0.0008419951882811663,1.0090816231227349,0.0,2.7000623958883807e-13
115.0,0.0,8.19279410818284e-14,7.636635852094804e-05,0.0008282868782282331,1.009095346763439,0.0,2.7000623958883807e-13
115.25,0.0,8.184919881253267e-14,7.635127724293751e-05,0.0008148066867177744,1.0091088420362275,0.0,2.7000623958883807e-13
115.5,0.0,8.17717374350108e-14,7.633644116887286e-05,0.0008015507398430285,1.0091221128191763,0.0,2.7000623958883807e-13
115.75,0.0,8.169553471245607e-14,7.632184620217919e-05,0.0007885152307148576,1.0091351629232712,0.0,2.7000623958883807e-13
116.0,0.0,8.162056883208347e-14,7.630748831737606e-05,0.0007756964182828025,1.0091479960935883,0.0,2.7000623958883807e-13
116.25,0.0,8.154681839596906e-14,7.629336355877585e-05,0.0007630906261773504,1.0091606160104523,0.0,2.7000623958883807e-13
116.5,0.0,8.147426241211743e-14,7.627946803920756e-05,0.0007506942415728019,1.0091730262905765,0.0,2.7000623958883807e-13
116.75,0.0,8.14028802857503e-14,7.626579793876552e-05,0.0007385037140700939,1.0091852304881797,0.0,2.7000623958883807e-13
117.0,0.0,8.133265181080996e-14,7.625234950358262e-05,0.0007265155545994078,1.0091972320960858,0.0,2.702282841937631e-13
117.25,0.0,8.126355716167638e-14,7.623911904462858e-05,0.0007147263343435779,1.0092090345468006,0.0,2.7000623958883807e-13
117.5,0.0,8.119557688508363e-14,7.622610293653061e-05,0.0007031326836794299,1.009220641213573,0.0,2.7000623958883807e-13
117.75,0.0,8.112869189223543e-14,7.621329761641752e-05,0.0006917312911383864,1.009232055411434,0.0,2.7000623958883807e-13
118.0,0.0,8.106288345111305e-14,7.62006995827864e-05,0.0006805189023856538,1.0092432803982205,0.0,2.7000623958883807e-13
118.25,0.0,8.099813317897049e-14,7.618830539439134e-05,0.000669492319217741,1.009254319375577,0.0,2.7000623958883807e-13
118.5,0.0,8.093442303501104e-14,7.617611166915382e-05,0.0006586483985777781,1.0092651754899422,0.0,2.7000623958883807e-13
118.75,0.0,8.087173531323962e-14,7.616411508309389e-05,0.0006479840515880855,1.009275851833518,0.0,2.702282841937631e-13
119.0,0.0,8.08100526354861e-14,7.615231236928196e-05,0.0006374962425998423,1.0092863514452202,0.0,2.7000623958883807e-13
119.25,0.0,8.074935794459916e-14,7.614070031681162e-05,0.0006271819882607274,1.0092966773116117,0.0,2.7000623958883807e-13
119.5,0.0,8.068963449779874e-14,7.612927576979151e-05,0.0006170383565980636,1.0093068323678216,0.0,2.702282841937631e-13
119.75,0.0,8.063086586018765e-14,7.611803562635665e-05,0.0006070624661186131,1.0093168194984445,0.0,2.702282841937631e-13
120.0,0.0,8.057303589841666e-14,7.610697683769888e-05,0.0005972514849244344,1.0093266415384274,0.0,2.702282841937631e-13
120.25,0.0,8.051612877449951e-14,7.609609640711613e-05,0.0005876026298445838,1.0093363012739378,0.0,2.7000623958883807e-13
120.5,0.0,8.046012893977291e-14,7.608539138907953e-05,0.0005781131655822068,1.0093458014432184,0.0,2.702282841937631e-13
120.75,0.0,8.040502112899729e-14,7.607485888831838e-05,0.0005687804038765388,1.0093551447374247,0.0,2.7000623958883807e-13
121.0,0.0,8.035079035459468e-14,7.606449605892234e-05,0.0005596017026796922,1.009364333801451,0.0,2.7000623958883807e-13
121.25,0.0,8.029742190102342e-14,7.60543001034615e-05,0.0005505744653489756,1.0093733712347372,0.0,2.7000623958883807e-13
121.5,0.0,8.024490131928007e-14,7.604426827212243e-05,0.0005416961398526195,1.009382259592065,0.0,2.7000623958883807e-13
121.75,0.0,8.019321442152925e-14,7.60343978618607e-05,0.0005329642179898996,1.0093910013843381,0.0,2.7000623958883807e-13
122.0,0.0,8.014234727585698e-14,7.602468621556967e-05,0.0005243762346251426,1.0093995990793492,0.0,2.7000623958883807e-13
122.25,0.0,8.009228620114454e-14,7.601513072126493e-05,0.0005159297669354361,1.009408055102533,0.0,2.6978419498391304e-13
122.5,0.0,8.004301776205927e-14,7.60057288112842e-05,0.0005076224336716415,1.009416371837707,0.0,2.7000623958883807e-13
122.75,0.0,7.999452876415872e-14,7.599647796150201e-05,0.0004994518944323029,1.0094245516277962,0.0,2.7000623958883807e-13
123.0,0.0,7.994680624910528e-14,7.598737569055911e-05,0.0004914158489503403,1.009432596775549,0.0,2.7000623958883807e-13
123.25,0.0,7.989983748999175e-14,7.597841955910708e-05,0.00048351203639317083,1.0094405095442378,0.0,2.7000623958883807e-13
123.5,0.0,7.985360998676923e-14,7.596960716906634e-05,0.0004757382346744298,1.0094482921583465,0.0,2.6978419498391304e-13
123.75,0.0,7.980811146177861e-14,7.596093616289827e-05,0.00046809225977813697,1.0094559468042492,0.0,2.7000623958883807e-13
124.0,0.0,7.976332985538214e-14,7.59524042228909e-05,0.00046057196509487343,1.0094634756308725,0.0,2.7000623958883807e-13
124.25,0.0,7.971925332169242e-14,7.594400907045817e-05,0.00045317524076980757,1.00947088075035,0.0,2.7000623958883807e-13
124.5,0.0,7.967587022439634e-14,7.593574846545209e-05,0.00044590001306222664,1.0094781642386628,0.0,2.7000623958883807e-13
124.75,0.0,7.963316913267082e-14,7.592762020548748e-05,0.00043874424371622523,1.0094853281362688,0.0,2.702282841937631e-13
125.0,0.0,7.959113881718835e-14,7.591962212527931e-05,0.00043170592934244865,1.0094923744487228,0.0,2.7000623958883807e-13
125.25,0.0,7.954976824621258e-14,7.59117520959929e-05,0.0004247831008114519,1.0094993051472831,0.0,2.702282841937631e-13
125.5,0.0,7.950904658177722e-14,7.590400802460542e-05,0.000417973822657092,1.0095061221695087,0.0,2.7000623958883807e-13
125.75,0.0,7.946896317594913e-14,7.589638785327947e-05,0.0004112761924906879,1.0095128274198466,0.0,2.7000623958883807e-13
126.0,0.0,7.942950756717283e-14,7.588888955874835e-05,0.00040468834042556854,1.0095194227702062,0.0,2.7000623958883807e-13
126.25,0.0,7.939066947669466e-14,7.588151115171251e-05,0.00039820842851187073,1.0095259100605272,0.0,2.702282841937631e-13
126.5,0.0,7.935243880506412e-14,7.587425067624726e-05,0.00039183465018129284,1.0095322910993332,0.0,2.7000623958883807e-13
126.75,0.0,7.931480562871019e-14,7.586710620922114e-05,0.00038556522970149934,1.00953856766428,0.0,2.7000623958883807e-13
127.0,0.0,7.927776019659105e-14,7.5860075859725e-05,0.00037939842164009125,1.009544741502691,0.0,2.7000623958883807e-13
127.25,0.0,7.924129292691731e-14,7.585315776851194e-05,0.00037333251033862475,1.0095508143320837,0.0,2.7000623958883807e-13
127.5,0.0,7.92053944039435e-14,7.584635010744697e-05,0.0003673658093953113,1.0095567878406881,0.0,2.7000623958883807e-13
127.75,0.0,7.91700553748283e-14,7.583965107896711e-05,0.00036149666115703645,1.0095626636879549,0.0,2.7000623958883807e-13
128.0,0.0,7.91352667465616e-14,7.583305891555106e-05,0.00035572343622036507,1.009568443505055,0.0,2.7000623958883807e-13
128.25,0.0,7.910101958295673e-14,7.582657187919884e-05,0.00035004453294141744,1.0095741288953703,0.0,2.7000623958883807e-13
128.5,0.0,7.906730510170615e-14,7.582018826092077e-05,0.00034445837695436005,1.0095797214349758,0.0,2.7000623958883807e-13
128.75,0.0,7.903411467149848e-14,7.581390638023565e-05,0.0003389634206982484,1.0095852226731126,0.0,2.7000623958883807e-13
129.0,0.0,7.900143980919589e-14,7.580772458467797e-05,0.00033355814295214895,1.0095906341326542,0.0,2.7000623958883807e-13
129.25,0.0,7.896927217707207e-14,7.580164124931454e-05,0.0003282410483789548,1.0095959573105628,0.0,2.7000623958883807e-13
129.5,0.0,7.89376035801061e-14,7.579565477626945e-05,0.0003230106670767183,1.0096011936783382,0.0,2.702282841937631e-13
129.75,0.0,7.8906425963333e-14,7.578976359425765e-05,0.00031786555413804564,1.0096063446824588,0.0,2.7000623958883807e-13
130.0,0.0,7.887573140924943e-14,7.578396615812712e-05,0.00031280428921727304,1.0096114117448158,0.0,2.7000623958883807e-13
130.25,0.0,7.884551213527287e-14,7.577826094840923e-05,0.00030782547610531746,1.0096163962631375,0.0,2.7000623958883807e-13
130.5,0.0,7.881576049125333e-14,7.577264647087728e-05,0.00030292774231198703,1.0096212996114085,0.0,2.702282841937631e-13
130.75,0.0,7.878646895703561e-14,7.57671212561128e-05,0.0002981097386555202,1.0096261231402797,0.0,2.7000623958883807e-13
131.0,0.0,7.875763014007139e-14,7.57616838590797e-05,0.0002933701388592918,1.0096308681774728,0.0,2.7000623958883807e-13
131.25,0.0,7.87292367730814e-14,7.575633285870636e-05,0.0002887076391560446,1.0096355360281766,0.0,2.7000623958883807e-13
131.5,0.0,7.870128171176384e-14,7.575106685747487e-05,0.00028412095789862865,1.0096401279754352,0.0,2.7000623958883807e-13
131.75,0.0,7.867375793254965e-14,7.574588448101772e-05,0.00027960883517772134,1.0096446452805325,0.0,2.7000623958883807e-13
132.0,0.0,7.864665853040347e-14,7.574078437772182e-05,0.00027517003244628257,1.0096490891833674,0.0,2.7000623958883807e-13
132.25,0.0,7.861997671666889e-14,7.573576521833948e-05,0.00027080333215065655,1.0096534609028225,0.0,2.7000623958883807e-13
132.5,0.0,7.859370581695728e-14,7.573082569560647e-05,0.00026650753736813033,1.0096577616371278,0.0,2.702282841937631e-13
132.75,0.0,7.856783926907855e-14,7.572596452386671e-05,0.0002622814714507536,1.009661992564217,0.0,2.702282841937631e-13
133.0,0.0,7.854237062101318e-14,7.57211804387037e-05,0.00025812397767536376,1.0096661548420776,0.0,2.702282841937631e-13
133.25,0.0,7.8517293528926e-14,7.571647219657868e-05,0.00025403391890012545,1.0096702496090948,0.0,2.7000623958883807e-13
133.5,0.0,7.849260175521832e-14,7.571183857447507e-05,0.00025001017722670835,1.0096742779843904,0.0,2.7000623958883807e-13
133.75,0.0,7.8468289166619e-14,7.570727836954924e-05,0.0002460516536685089,1.0096782410681535,0.0,2.7000623958883807e-13
134.0,0.0,7.844434973231355e-14,7.570279039878742e-05,0.00024215726782470456,1.0096821399419682,0.0,2.702282841937631e-13
134.25,0.0,7.84207775221102e-14,7.569837349866889e-05,0.0002383259575600647,1.009685975669133,0.0,2.702282841937631e-13
134.5,0.0,7.839756670464216e-14,7.569402652483498e-05,0.00023455667869035337,1.0096897492949766,0.0,2.702282841937631e-13
134.75,0.0,7.837471154560487e-14,7.568974835176387e-05,0.00023084840467315517,1.0096934618471667,0.0,2.7000623958883807e-13
135.0,0.0,7.835220640602766e-14,7.568553787245121e-05,0.0002272001263040764,1.0096971143360152,0.0,2.7000623958883807e-13
135.25,0.0,7.833004574058035e-14,7.56813939980965e-05,0.00022361085141858717,1.009700707754775,0.0,2.7000623958883807e-13
135.5,0.0,7.830822409591172e-14,7.567731565779481e-05,0.00022007960459874884,1.0097042430799352,0.0,2.7000623958883807e-13
135.75,0.0,7.828673610902062e-14,7.567330179823402e-05,0.00021660542688517633,1.0097077212715084,0.0,2.702282841937631e-13
136.0,0.0,7.826557650565889e-14,7.566935138339727e-05,0.00021318737549405327,1.0097111432733143,0.0,2.7000623958883807e-13
136.25,0.0,7.824474009876509e-14,7.566546339427094e-05,0.00020982452353913381,1.0097145100132585,0.0,2.702282841937631e-13
136.5,0.0,7.82242217869287e-14,7.566163682855745e-05,0.0002065159597585886,1.0097178224036047,0.0,2.7000623958883807e-13
136.75,0.0,7.820401655288341e-14,7.565787070039318e-05,0.00020326078824654977,1.009721081341245,0.0,2.7000623958883807e-13
137.0,0.0,7.818411946202943e-14,7.565416404007135e-05,0.00020005812818931298,1.0097242877079624,0.0,2.7000623958883807e-13
137.25,0.0,7.816452566098499e-14,7.565051589376986e-05,0.0001969071136064257,1.0097274423706917,0.0,2.7000623958883807e-13
137.5,0.0,7.81452303761646e-14,7.564692532328378e-05,0.00019380689309600975,1.0097305461817727,0.0,2.702282841937631e-13
137.75,0.0,7.812622891238474e-14,7.564339140576245e-05,0.0001907566295846195,1.0097335999792014,0.0,2.7000623958883807e-13
138.0,0.0,7.81075166514961e-14,7.563991323345134e-05,0.00018775550008147803,1.009736604586877,0.0,2.7000623958883807e-13
138.25,0.0,7.808908905104206e-14,7.56364899134383e-05,0.00018480269543703432,1.0097395608148414,0.0,2.7000623958883807e-13
138.5,0.0,7.807094164294233e-14,7.563312056740427e-05,0.00018189742010571872,1.0097424694595187,0.0,2.7000623958883807e-13
138.75,0.0,7.805307003220145e-14,7.562980433137836e-05,0.00017903889191277092,1.0097453313039477,0.0,2.7000623958883807e-13
139.0,0.0,7.803546989564145e-14,7.562654035549701e-05,0.00017622634182510322,1.0097481471180114,0.0,2.7000623958883807e-13
139.25,0.0,7.801813698065923e-14,7.562332780376765e-05,0.00017345901372639878,1.0097509176586619,0.0,2.7000623958883807e-13
139.5,0.0,7.800106710400644e-14,7.562016585383626e-05,0.0001707361641958797,1.0097536436701422,0.0,2.7000623958883807e-13
139.75,0.0,7.798425615059241e-14,7.561705369675896e-05,0.0001680570622910066,1.0097563258842042,0.0,2.7000623958883807e-13
140.0,0.0,7.796770007230967e-14,7.561399053677756e-05,0.00016542098933397252,1.0097589650203214,0.0,2.7000623958883807e-13
140.25,0.0,7.795139488688132e-14,7.561097559109916e-05,0.0001628272387019424,1.009761561785899,0.0,2.7000623958883807e-13
140.5,0.0,7.793533667672988e-14,7.560800808967941e-05,0.00016027511562093194,1.0097641168764815,0.0,2.7000623958883807e-13
140.75,0.0,7.791952158786704e-14,7.560508727500953e-05,0.00015776393696321608,1.0097666309759539,0.0,2.7000623958883807e-13
141.0,0.0,7.790394582880375e-14,7.560221240190693e-05,0.00015529303104823715,1.0097691047567419,0.0,2.7000623958883807e-13
141.25,0.0,7.78886056694814e-14,7.559938273730979e-05,0.0001528617374471824,1.0097715388800075,0.0,2.6978419498391304e-13
141.5,0.0,7.78734974402218e-14,7.559659756007472e-05,0.0001504694067907448,1.0097739339958414,0.0,2.7000623958883807e-13
141.75,0.0,7.785861753069688e-14,7.559385616077828e-05,0.00014811540058029136,1.009776290743451,0.0,2.7000623958883807e-13
142.0,0.0,7.784396238891733e-14,7.559115785429111e-05,0.00014579869740344285,1.0097786097449344,3.9999999999999996e-10,2.7000623958883807e-13
142.25,0.0,7.782952852023986e-14,7.558850194725349e-05,0.00014351947654448258,1.0097808916217004,3.9999999999999996e-10,2.7000623958883807e-13
142.5,0.0,7.781531248639253e-14,7.55858877578193e-05,0.00014127672779601827,1.0097831369846384,3.9999999999999996e-10,2.7000623958883807e-13
142.75,0.0,7.780131090451792e-14,7.55833146215366e-05,0.00013906985432405035,1.0097853464312465,3.9999999999999996e-10,2.7000623958883807e-13
143.0,0.0,7.778752044623386e-14,7.558078188473009e-05,0.00013689826926909635,1.0097875205490383,3.9999999999999996e-10,2.7000623958883807e-13
143.25,0.0,7.777393783671116e-14,7.557828890432203e-05,0.000134761395576206,1.0097896599157117,3.9999999999999996e-10,2.7000623958883807e-13
143.5,0.0,7.776055985376819e-14,7.557583504765637e-05,0.00013265866582793894,1.0097917650993167,3.9999999999999996e-10,2.7000623958883807e-13
143.75,0.0,7.774738332698177e-14,7.557341969232583e-05,0.00013058952208021507,1.0097938366584196,3.9999999999999996e-10,2.7000623958883807e-13
144.0,0.0,7.773440513681428e-14,7.557104222600188e-05,0.00012855341570101877,1.009795875142265,3.9999999999999996e-10,2.6978419498391304e-13
144.25,0.0,7.772162221375651e-14,7.556870204626779e-05,0.00012654980721192466,1.009797881090934,3.9999999999999996e-10,2.7000623958883807e-13
144.5,0.0,7.77090315374861e-14,7.556639856045439e-05,0.00012457816613236595,1.0097998550354994,3.9999999999999996e-10,2.7000623958883807e-13
144.75,0.0,7.769663013604083e-14,7.556413118547872e-05,0.00012263797082656338,1.00980179749818,3.9999999999999996e-10,2.6978419498391304e-13
145.0,0.0,7.768441508500689e-14,7.556189934768529e-05,0.00012072870835306671,1.0098037089924916,3.9999999999999996e-10,2.7000623958883807e-13
145.25,0.0,7.7672383506722e-14,7.555970248269026e-05,0.0001188498743170551,1.0098055900233924,3.9999999999999996e-10,2.6978419498391304e-13
145.5,0.0,7.766053256949253e-14,7.555754003522817e-05,0.00011700097272506647,1.009807441087432,3.9999999999999996e-10,2.7000623958883807e-13
145.75,0.0,7.764885948682462e-14,7.555541145900125e-05,0.00011518151584225787,1.009809262672891,3.9999999999999996e-10,2.6978419498391304e-13
146.0,0.0,7.763736151666904e-14,7.555331621653126e-05,0.00011339102405214921,1.0098110552599235,3.9999999999999996e-10,2.6978419498391304e-13
146.25,0.0,7.762603596067966e-14,7.555125377901403e-05,0.00011162902571881095,1.0098128193206946,3.9999999999999996e-10,2.7000623958883807e-13
146.5,0.0,7.761488016348504e-14,7.554922362617634e-05,0.00010989505705143086,1.0098145553195146,3.9999999999999996e-10,2.6978419498391304e-13
146.75,0.0,7.760389151197284e-14,7.554722524613517e-05,0.00010818866197118944,1.009816263712975,3.9999999999999996e-10,2.7000623958883807e-13
147.0,0.0,7.759306743458684e-14,7.554525813525946e-05,0.00010650939198040242,1.0098179449500766,3.9999999999999996e-10,2.6978419498391304e-13
147.25,0.0,7.758240540063684e-14,7.554332179803419e-05,0.00010485680603405653,1.0098195994723602,3.9999999999999996e-10,2.7000623958883807e-13
147.5,0.0,7.75719029196204e-14,7.554141574692671e-05,0.00010323047041345335,1.009821227714032,3.9999999999999996e-10,2.7000623958883807e-13
147.75,0.0,7.756155754055654e-14,7.553953950225542e-05,0.00010162995860204972,1.009822830102088,3.9999999999999996e-10,2.6978419498391304e-13
148.0,0.0,7.755136685133131e-14,7.553769259206056e-05,0.00010005485116345293,1.0098244070564368,3.9999999999999996e-10,2.7000623958883807e-13
148.25,0.0,7.754132847805485e-14,7.553587455197728e-05,9.850473562153678e-05,1.009825958990019,3.9999999999999996e-10,2.7000623958883807e-13
148.5,0.0,7.753144008442973e-14,7.553408492511082e-05,9.697920634262255e-05,1.0098274863089247,3.9999999999999996e-10,2.7000623958883807e-13
148.75,0.0,7.752169937113039e-14,7.553232326191384e-05,9.547786441966377e-05,1.009828989412511,3.9999999999999996e-10,2.7000623958883807e-13
149.0,0.0,7.75121040751931e-14,7.55305891200657e-05,9.400031755839864e-05,1.009830468693514,3.9999999999999996e-10,2.7000623958883807e-13
149.25,0.0,7.750265196941728e-14,7.55288820643539e-05,9.254617996557925e-05,1.0098319245381626,3.9999999999999996e-10,2.7000623958883807e-13
149.5,0.0,7.749334086177668e-14,7.552720166655753e-05,9.111507223903134e-05,1.0098333573262868,3.9999999999999996e-10,2.6978419498391304e-13
149.75,0.0,7.748416859484105e-14,7.552554750533253e-05,8.970662125962034e-05,1.0098347674314274,3.9999999999999996e-10,2.6978419498391304e-13
150.0,0.0,7.747513304520779e-14,7.552391916609908e-05,8.832046008508797e-05,1.0098361552209412,3.9999999999999996e-10,2.6978419498391304e-13
150.25,0.0,7.746623212294356e-14,7.552231624093075e-05,8.695622784572997e-05,1.0098375210561057,3.9999999999999996e-10,2.6978419498391304e-13
150.5,0.0,7.745746377103563e-14,7.552073832844555e-05,8.561356964186656e-05,1.009838865292222,3.9999999999999996e-10,2.7000623958883807e-13
150.75,0.0,7.744882596485253e-14,7.551918503369883e-05,8.429213644305243e-05,1.0098401882787158,3.9999999999999996e-10,2.7000623958883807e-13
151.0,0.0,7.744031671161407e-14,7.551765596807795e-05,8.299158498899518e-05,1.0098414903592354,3.9999999999999996e-10,2.7000623958883807e-13
151.25,0.0,7.743193404987079e-14,7.551615074919875e-05,8.171157769227679e-05,1.009842771871751,3.9999999999999996e-10,2.7000623958883807e-13
151.5,0.0,7.742367604899207e-14,7.551466900080372e-05,8.045178254266446e-05,1.009844033148649,3.9999999999999996e-10,2.6978419498391304e-13
151.75,0.0,7.741554080866321e-14,7.551321035266196e-05,7.921187301307677e-05,1.0098452745168267,3.9999999999999996e-10,2.6978419498391304e-13
152.0,0.0,7.74075264583911e-14,7.551177444047063e-05,7.799152796717429e-05,1.009846496297785,3.9999999999999996e-10,2.7000623958883807e-13
152.25,0.0,7.739963115701847e-14,7.551036090575834e-05,7.679043156854864e-05,1.0098476988077183,3.9999999999999996e-10,2.7000623958883807e-13
152.5,0.0,7.739185309224643e-14,7.550896939578983e-05,7.56082731914685e-05,1.0098488823576053,3.9999999999999996e-10,2.7000623958883807e-13
152.75,0.0,7.738419048016512e-14,7.55075995634726e-05,7.444474733313634e-05,1.0098500472532959,3.9999999999999996e-10,2.6978419498391304e-13
153.0,0.0,7.737664156479239e-14,7.550625106726465e-05,7.329955352742918e-05,1.0098511937955978,3.9999999999999996e-10,2.7000623958883807e-13
153.25,0.0,7.736920461762058e-14,7.550492357108429e-05,7.217239626020454e-05,1.0098523222803613,3.9999999999999996e-10,2.7000623958883807e-13
153.5,0.0,7.736187793717084e-14,7.550361674422101e-05,7.106298488598756e-05,1.0098534329985622,3.9999999999999996e-10,2.6978419498391304e-13
153.75,0.0,7.735465984855498e-14,7.55023302612481e-05,6.997103354609559e-05,1.0098545262363852,3.9999999999999996e-10,2.6978419498391304e-13
154.0,0.0,7.7347548703045e-14,7.550106380193659e-05,6.889626108817372e-05,1.0098556022753025,3.9999999999999996e-10,2.7000623958883807e-13
154.25,0.0,7.734054287764977e-14,7.549981705117069e-05,6.783839098711909e-05,1.0098566613921542,3.9999999999999996e-10,2.7000623958883807e-13
154.5,0.0,7.733364077469903e-14,7.549858969886472e-05,6.679715126735717e-05,1.0098577038592262,3.9999999999999996e-10,2.6978419498391304e-13
154.75,0.0,7.732684082143431e-14,7.549738143988119e-05,6.577227442643098e-05,1.0098587299443262,3.9999999999999996e-10,2.7000623958883807e-13
155.0,0.0,7.732014146960674e-14,7.549619197395046e-05,6.47634973598794e-05,1.0098597399108586,3.9999999999999996e-10,2.6978419498391304e-13
155.25,0.0,7.731354119508196e-14,7.549502100559166e-05,6.377056128747502e-05,1.0098607340178996,3.9999999999999996e-10,2.7000623958883807e-13
155.5,0.0,7.73070384974514e-14,7.549386824403493e-05,6.279321168066214e-05,1.009861712520268,3.9999999999999996e-10,2.7000623958883807e-13
155.75,0.0,7.730063189965029e-14,7.549273340314492e-05,6.183119819124386e-05,1.0098626756685982,3.9999999999999996e-10,2.7000623958883807e-13
156.0,0.0,7.729431994758196e-14,7.549161620134563e-05,6.0884274581295e-05,1.00986362370941,3.9999999999999996e-10,2.7000623958883807e-13
156.25,0.0,7.728810120974865e-14,7.549051636154643e-05,5.995219865428155e-05,1.009864556885177,3.9999999999999996e-10,2.7000623958883807e-13
156.5,0.0,7.728197427688846e-14,7.548943361106935e-05,5.9034732187355285e-05,1.0098654754343943,3.9999999999999996e-10,2.7000623958883807e-13
156.75,0.0,7.727593776161835e-14,7.548836768157756e-05,5.8131640864789035e-05,1.0098663795916463,3.9999999999999996e-10,2.7000623958883807e-13
157.0,0.0,7.726999029808304e-14,7.548731830900505e-05,5.7242694212532415e-05,1.0098672695876711,3.9999999999999996e-10,2.7000623958883807e-13
157.25,0.0,7.726413054161014e-14,7.548628523348741e-05,5.636766553394882e-05,1.0098681456494254,3.9999999999999996e-10,2.702282841937631e-13
157.5,0.0,7.725835716837071e-14,7.548526819929391e-05,5.5506331846595626e-05,1.009869008000147,3.9999999999999996e-10,2.7000623958883807e-13
157.75,0.0,7.725266887504562e-14,7.548426695476049e-05,5.4658473820090006e-05,1.009869856859418,3.9999999999999996e-10,2.702282841937631e-13
158.0,0.0,7.724706437849757e-14,7.548328125222407e-05,5.382387571504012e-05,1.0098706924432255,3.9999999999999996e-10,2.7000623958883807e-13
158.25,0.0,7.724154241544836e-14,7.548231084795779e-05,5.3002325323025095e-05,1.0098715149640218,3.9999999999999996e-10,2.7000623958883807e-13
158.5,0.0,7.723610174216193e-14,7.548135550210738e-05,5.21936139075963e-05,1.009872324630783,3.9999999999999996e-10,2.7000623958883807e-13
158.75,0.0,7.723074113413219e-14,7.548041497862868e-05,5.1397536146270436e-05,1.009873121649068,3.9999999999999996e-10,2.7000623958883807e-13
159.0,0.0,7.722545938577639e-14,7.54794890452259e-05,5.061389007349651e-05,1.009873906221074,3.9999999999999996e-10,2.7000623958883807e-13
159.25,0.0,7.722025531013349e-14,7.54785774732913e-05,4.984247702464961e-05,1.009874678545695,3.9999999999999996e-10,2.7000623958883807e-13
159.5,0.0,7.721512773856758e-14,7.547768003784549e-05,4.908310158093173e-05,1.009875438818574,3.9999999999999996e-10,2.7000623958883807e-13
159.75,0.0,7.721007552047609e-14,7.5476796517479e-05,4.8335571515216416e-05,1.00987618723216,3.9999999999999996e-10,2.7000623958883807e-13
160.0,0.0,7.720509752300298e-14,7.547592669429463e-05,4.7599697738819754e-05,1.0098769239757597,3.9999999999999996e-10,2.7000623958883807e-13
160.25,0.0,7.720019263075664e-14,7.547507035385084e-05,4.6875294249183024e-05,1.0098776492355896,3.9999999999999996e-10,2.7000623958883807e-13
160.5,0.0,7.719535974553241e-14,7.547422728510605e-05,4.616217807844365e-05,1.0098783631948292,3.9999999999999996e-10,2.7000623958883807e-13
160.75,0.0,7.719059778603975e-14,7.547339728036384e-05,4.5460169242868386e-05,1.0098790660336696,3.9999999999999996e-10,2.7000623958883807e-13
161.0,0.0,7.718590568763377e-14,7.547258013521902e-05,4.476909069313356e-05,1.0098797579293644,3.9999999999999996e-10,2.7000623958883807e-13
161.25,0.0,7.71812824020514e-14,7.547177564850477e-05,4.4088768265498e-05,1.0098804390562788,3.9999999999999996e-10,2.7000623958883807e-13
161.5,0.0,7.717672689715188e-14,7.547098362224035e-05,4.341903063376486e-05,1.0098811095859368,3.9999999999999996e-10,2.7000623958883807e-13
161.75,0.0,7.717223815666125e-14,7.547020386157994e-05,4.2759709262064406e-05,1.0098817696870692,3.9999999999999996e-10,2.7000623958883807e-13
162.0,0.0,7.716781517992139e-14,7.546943617476214e-05,4.2110638358442314e-05,1.0098824195256595,3.9999999999999996e-10,2.6978419498391304e-13
162.25,0.0,7.716345698164294e-14,7.546868037306041e-05,4.147165482924095e-05,1.0098830592649906,3.9999999999999996e-10,2.7000623958883807e-13
162.5,0.0,7.715916259166251e-14,7.546793627073432e-05,4.0842598234253144e-05,1.0098836890656877,3.9999999999999996e-10,2.6978419498391304e-13
162.75,0.0,7.715493105470362e-14,7.546720368498147e-05,4.022331074262619e-05,1.0098843090857652,3.9999999999999996e-10,2.7000623958883807e-13
163.0,0.0,7.715076143014164e-14,7.546648243589032e-05,3.961363708950257e-05,1.0098849194806674,3.9999999999999996e-10,2.7000623958883807e-13
163.25,0.0,7.714665279177274e-14,7.546577234639383e-05,3.90134245334371e-05,1.009885520403313,3.9999999999999996e-10,2.7000623958883807e-13
163.5,0.0,7.71426042275864e-14,7.54650732422237e-05,3.842252281450053e-05,1.009886112004136,3.9999999999999996e-10,2.7000623958883807e-13
163.75,0.0,7.713861483954173e-14,7.54643849518655e-05,3.7840784113097237e-05,1.0098866944311278,3.9999999999999996e-10,2.7000623958883807e-13
164.0,0.0,7.713468374334752e-14,7.54637073065145e-05,3.726806300948376e-05,1.0098872678298767,3.9999999999999996e-10,2.6978419498391304e-13
164.25,0.0,7.713081006824572e-14,7.546304014003215e-05,3.6704216443977304e-05,1.0098878323436087,3.9999999999999996e-10,2.6978419498391304e-13
164.5,0.0,7.712699295679861e-14,7.54623832889034e-05,3.6149103677836236e-05,1.0098883881132261,3.9999999999999996e-10,2.7000623958883807e-13
164.75,0.0,7.712323156467929e-14,7.546173659219463e-05,3.5602586254793486e-05,1.0098889352773457,3.9999999999999996e-10,2.6978419498391304e-13
165.0,0.0,7.711952506046569e-14,7.54610998915122e-05,3.506452796323102e-05,1.009889473972338,3.9999999999999996e-10,2.7000623958883807e-13
165.25,0.0,7.71158726254379e-14,7.546047303096192e-05,3.453479479902976e-05,1.0098900043323629,3.9999999999999996e-10,2.7000623958883807e-13
165.5,0.0,7.711227345337875e-14,7.545985585710885e-05,3.4013254929017025e-05,1.0098905264894067,3.9999999999999996e-10,2.7000623958883807e-13
165.75,0.0,7.710872675037773e-14,7.54592482189381e-05,3.34997786550354e-05,1.0098910405733188,3.9999999999999996e-10,2.7000623958883807e-13
166.0,0.0,7.7105231734638e-14,7.545864996781595e-05,3.299423837862152e-05,1.0098915467118463,3.9999999999999996e-10,2.7000623958883807e-13
166.25,0.0,7.710178763628647e-14,7.545806095745182e-05,3.249650856628519e-05,1.0098920450306692,3.9999999999999996e-10,2.7000623958883807e-13
166.5,0.0,7.709839369718724e-14,7.545748104386085e-05,3.200646571537371e-05,1.0098925356534336,3.9999999999999996e-10,2.7000623958883807e-13
166.75,0.0,7.709504917075769e-14,7.545691008532694e-05,3.152398832050412e-05,1.009893018701787,3.9999999999999996e-10,2.6978419498391304e-13
167.0,0.0,7.709175332178777e-14,7.545634794236648e-05,3.104895684055382e-05,1.0098934942954099,3.9999999999999996e-10,2.7000623958883807e-13
167.25,0.0,7.708850542626219e-14,7.545579447769277e-05,3.058125366623878e-05,1.0098939625520489,3.9999999999999996e-10,2.7000623958883807e-13
167.5,0.0,7.708530477118544e-14,7.545524955618083e-05,3.012076308821214e-05,1.0098944235875484,3.9999999999999996e-10,2.7000623958883807e-13
167.75,0.0,7.708215065440964e-14,7.545471304483295e-05,2.9667371265703662e-05,1.0098948775158825,3.9999999999999996e-10,2.7000623958883807e-13
168.0,0.0,7.707904238446516e-14,7.545418481274464e-05,2.9220966195690232e-05,1.0098953244491844,3.9999999999999996e-10,2.7000623958883807e-13
168.25,0.0,7.707597928039405e-14,7.54536647310713e-05,2.8781437682589052e-05,1.0098957644977793,3.9999999999999996e-10,2.7000623958883807e-13
168.5,0.0,7.707296067158602e-14,7.545315267299535e-05,2.834867730846008e-05,1.0098961977702114,3.9999999999999996e-10,2.7000623958883807e-13
168.75,0.0,7.706998589761719e-14,7.545264851369382e-05,2.7922578403703335e-05,1.0098966243732754,3.9999999999999996e-10,2.7000623958883807e-13
169.0,0.0,7.706705430809124e-14,7.54521521303066e-05,2.750303601824215e-05,1.0098970444120443,3.9999999999999996e-10,2.7000623958883807e-13
169.25,0.0,7.706416526248342e-14,7.545166340190515e-05,2.7089946893218034e-05,1.0098974579898978,3.9999999999999996e-10,2.7000623958883807e-13
169.5,0.0,7.706131812998681e-14,7.545118220946168e-05,2.6683209433138826e-05,1.0098978652085504,3.9999999999999996e-10,2.7000623958883807e-13
169.75,0.0,7.70585122893611e-14,7.545070843581891e-05,2.628272367849777e-05,1.0098982661680787,3.9999999999999996e-10,2.7000623958883807e-13
170.0,0.0,7.705574712878386e-14,7.545024196566023e-05,2.588839127885506e-05,1.0098986609669485,3.9999999999999996e-10,2.7000623958883807e-13
170.25,0.0,7.705302204570412e-14,7.544978268548041e-05,2.5500115466374583e-05,1.009899049702041,3.9999999999999996e-10,2.7000623958883807e-13
170.5,0.0,7.705033644669843e-14,7.544933048355677e-05,2.51178010298042e-05,1.0098994324686796,3.9999999999999996e-10,2.7000623958883807e-13
170.75,0.0,7.704768974732902e-14,7.54488852499208e-05,2.4741354288887035e-05,1.0098998093606542,3.9999999999999996e-10,2.7000623958883807e-13
171.0,0.0,7.704508137200438e-14,7.544844687633025e-05,2.4370683069196084e-05,1.0099001804702474,3.9999999999999996e-10,2.7000623958883807e-13
171.25,0.0,7.7042510753842e-14,7.544801525624164e-05,2.4005696677414347e-05,1.0099005458882593,3.9999999999999996e-10,2.7000623958883807e-13
171.5,0.0,7.70399773345334e-14,7.544759028478332e-05,2.3646305877009865e-05,1.0099009057040311,3.9999999999999996e-10,2.7000623958883807e-13
171.75,0.0,7.703748056421112e-14,7.544717185872882e-05,2.3292422864321013e-05,1.00990126000547,3.9999999999999996e-10,2.7000623958883807e-13
172.0,0.0,7.70350199013181e-14,7.544675987647074e-05,2.2943961245044662e-05,1.0099016088790715,3.9999999999999996e-10,2.702282841937631e-13
172.25,0.0,7.703259481247886e-14,7.5446354237995e-05,2.260083601112085e-05,1.009901952409944,3.9999999999999996e-10,2.702282841937631e-13
172.5,0.0,7.703020477237301e-14,7.544595484485553e-05,2.2262963518003943e-05,1.0099022906818302,3.9999999999999996e-10,2.702282841937631e-13
172.75,0.0,7.702784926361051e-14,7.544556160014943e-05,2.1930261462309284e-05,1.0099026237771305,3.9999999999999996e-10,2.7000623958883807e-13
173.0,0.0,7.702552777660909e-14,7.544517440849239e-05,2.1602648859828715e-05,1.0099029517769247,3.9999999999999996e-10,2.7000623958883807e-13
173.25,0.0,7.70232398094736e-14,7.544479317599458e-05,2.1280046023934226e-05,1.009903274760993,3.9999999999999996e-10,2.7000623958883807e-13
173.5,0.0,7.702098486787721e-14,7.544441781023703e-05,2.0962374544325744e-05,1.0099035928078384,3.9999999999999996e-10,2.7000623958883807e-13
173.75,0.0,7.701876246494456e-14,7.544404822024819e-05,2.064955726613652e-05,1.0099039059947066,3.9999999999999996e-10,2.7000623958883807e-13
174.0,0.0,7.70165721211367e-14,7.544368431648106e-05,2.034151826938942e-05,1.0099042143976071,3.9999999999999996e-10,2.7000623958883807e-13
174.25,0.0,7.701441336413797e-14,7.544332601079054e-05,2.0038182848798897e-05,1.0099045180913335,3.9999999999999996e-10,2.702282841937631e-13
174.5,0.0,7.701228572874453e-14,7.544297321641121e-05,1.973947749390973e-05,1.0099048171494827,3.9999999999999996e-10,2.7000623958883807e-13
174.75,0.0,7.701018875675479e-14,7.544262584793554e-05,1.9445329869563052e-05,1.0099051116444755,3.9999999999999996e-10,2.7000623958883807e-13
175.0,0.0,7.700812199686145e-14,7.544228382129227e-05,1.9155668796683933e-05,1.009905401647575,3.9999999999999996e-10,2.7000623958883807e-13
175.25,0.0,7.700608500454535e-14,7.544194705372532e-05,1.8870424233407122e-05,1.0099056872289058,3.9999999999999996e-10,2.7000623958883807e-13
175.5,0.0,7.7004077341971e-14,7.544161546377292e-05,1.8589527256502928e-05,1.0099059684574727,3.9999999999999996e-10,2.7000623958883807e-13
175.75,0.0,7.700209857788363e-14,7.544128901790806e-05,1.8312515395687002e-05,1.0099062453957794,8.000000000000003e-10,2.7000623958883807e-13
176.0,0.0,7.700014828750807e-14,7.54409676166437e-05,1.8040119552922666e-05,1.0099065181130233,8.000000000000003e-10,2.7000623958883807e-13
176.25,0.0,7.699822605244903e-14,7.544065115463149e-05,1.7771870880990657e-05,1.0099067866781573,8.000000000000003e-10,2.7000623958883807e-13
176.5,0.0,7.69963314605931e-14,7.544033955541793e-05,1.7507704755344442e-05,1.009907051155882,8.000000000000003e-10,2.7000623958883807e-13
176.75,0.0,7.699446410601224e-14,7.544003274374396e-05,1.724755758168165e-05,1.0099073116098676,8.000000000000003e-10,2.7000623958883807e-13
177.0,0.0,7.699262358886873e-14,7.543973064552601e-05,1.6991366779155672e-05,1.0099075681027683,8.000000000000003e-10,2.7000623958883807e-13
177.25,0.0,7.69908095153218e-14,7.54394331878375e-05,1.6739070763866585e-05,1.0099078206962413,8.000000000000003e-10,2.7000623958883807e-13
177.5,0.0,7.698902149743547e-14,7.543914029889053e-05,1.649060893262746e-05,1.0099080694509615,8.000000000000003e-10,2.7000623958883807e-13
177.75,0.0,7.69872591530881e-14,7.543885190801785e-05,1.6245921646998165e-05,1.0099083144266379,8.000000000000003e-10,2.7000623958883807e-13
178.0,0.0,7.698552210588318e-14,7.543856794565526e-05,1.6004950217586525e-05,1.0099085556820298,8.000000000000003e-10,2.7000623958883807e-13
178.25,0.0,7.698380998506162e-14,7.543828834332409e-05,1.5767636888611948e-05,1.0099087932749609,8.000000000000003e-10,2.6978419498391304e-13
178.5,0.0,7.69821224254154e-14,7.543801303361411e-05,1.5533924822724216e-05,1.0099090272623366,8.000000000000003e-10,2.7000623958883807e-13
178.75,0.0,7.698045906720251e-14,7.54377419501667e-05,1.5303758086070263e-05,1.0099092577001567,8.000000000000003e-10,2.7000623958883807e-13
179.0,0.0,7.697881955606333e-14,7.543747502765816e-05,1.507708163360953e-05,1.0099094846435317,8.000000000000003e-10,2.7000623958883807e-13
179.25,0.0,7.69772035429383e-14,7.543721220178348e-05,1.4853841294684228e-05,1.0099097081466963,8.000000000000003e-10,2.6978419498391304e-13
179.5,0.0,7.697561068398678e-14,7.543695340924026e-05,1.4633983758814948e-05,1.0099099282630248,8.000000000000003e-10,2.7000623958883807e-13
179.75,0.0,7.697404064050732e-14,7.543669858771281e-05,1.4417456561737121e-05,1.0099101450450434,8.000000000000003e-10,2.6978419498391304e-13
180.0,0.0,7.697249307885909e-14,7.543644767585675e-05,1.4204208071669349e-05,1.0099103585444453,8.000000000000003e-10,2.6978419498391304e-13
180.25,0.0,7.697096767038457e-14,7.543620061328355e-05,1.3994187475810646e-05,1.0099105688121037,8.000000000000003e-10,2.6978419498391304e-13
180.5,0.0,7.696946409133349e-14,7.543595734054557e-05,1.3787344767060345e-05,1.0099107758980854,8.000000000000003e-10,2.7000623958883807e-13
180.75,0.0,7.696798202278785e-14,7.543571779912119e-05,1.3583630730954345e-05,1.0099109798516628,8.000000000000003e-10,2.6978419498391304e-13
181.0,0.0,7.696652115058827e-14,7.543548193140024e-05,1.3382996932818221e-05,1.0099111807213288,8.000000000000003e-10,2.7000623958883807e-13
181.25,0.0,7.696508116526129e-14,7.543524968066962e-05,1.3185395705142742e-05,1.009911378554807,8.000000000000003e-10,2.6978419498391304e-13
181.5,0.0,7.696366176194806e-14,7.543502099109928e-05,1.2990780135156048e-05,1.0099115733990667,8.000000000000003e-10,2.7000623958883807e-13
181.75,0.0,7.696226264033388e-14,7.543479580772814e-05,1.2799104052605967e-05,1.0099117653003327,8.000000000000003e-10,2.7000623958883807e-13
182.0,0.0,7.696088350457906e-14,7.543457407645063e-05,1.2610322017744695e-05,1.0099119543040986,8.000000000000003e-10,2.6978419498391304e-13
182.25,0.0,7.695952406325068e-14,7.543435574400303e-05,1.2424389309513214e-05,1.0099121404551394,8.000000000000003e-10,2.7000623958883807e-13
182.5,0.0,7.69581840292556e-14,7.543414075795039e-05,1.2241261913920045e-05,1.009912323797521,8.000000000000003e-10,2.6978419498391304e-13
182.75,0.0,7.695686311977433e-14,7.543392906667337e-05,1.2060896512608814e-05,1.0099125043746136,8.000000000000003e-10,2.6978419498391304e-13
183.0,0.0,7.695556105619602e-14,7.543372061935554e-05,1.1883250471615124e-05,1.0099126822291018,8.000000000000003e-10,2.6978419498391304e-13
183.25,0.0,7.695427756405453e-14,7.543351536597064e-05,1.1708281830317476e-05,1.0099128574029965,8.000000000000003e-10,2.6978419498391304e-13
183.5,0.0,7.69530123729653e-14,7.543331325727023e-05,1.1535949290559895e-05,1.009913029937645,8.000000000000003e-10,2.7000623958883807e-13
183.75,0.0,7.695176521656348e-14,7.543311424477149e-05,1.1366212205958014e-05,1.009913199873742,8.000000000000003e-10,2.6978419498391304e-13
184.0,0.0,7.695053583244271e-14,7.543291828074511e-05,1.1199030571381742e-05,1.0099133672513407,8.000000000000003e-10,2.6978419498391304e-13
184.25,0.0,7.694932398297379e-14,7.543272531820356e-05,1.1033972534621113e-05,1.00991353210234,1.2000000000000004e-09,2.6978419498391304e-13
184.5,0.0,7.694812939487794e-14,7.543253531088933e-05,1.0871792637694814e-05,1.0099136944722442,1.2000000000000004e-09,2.6978419498391304e-13
184.75,0.0,7.694695181450656e-14,7.543234821326358e-05,1.0712051743141439e-05,1.0099138544002364,1.2000000000000004e-09,2.6978419498391304e-13
185.0,0.0,7.694579099470624e-14,7.543216398049478e-05,1.0554712312863901e-05,1.0099140119238996,1.2000000000000004e-09,2.7000623958883807e-13
185.25,0.0,7.694464669199054e-14,7.543198256844766e-05,1.0399737399894892e-05,1.0099141670802245,1.2000000000000004e-09,2.7000623958883807e-13
185.5,0.0,7.69435186664844e-14,7.543180393367224e-05,1.024709063887832e-05,1.0099143199056204,1.2000000000000004e-09,2.7000623958883807e-13
185.75,0.0,7.694240668186949e-14,7.543162803339314e-05,1.0096736236707402e-05,1.0099144704359229,1.2000000000000004e-09,2.7000623958883807e-13
186.0,0.0,7.694131050533021e-14,7.543145482549895e-05,9.948638963317122e-06,1.009914618706404,1.2000000000000004e-09,2.7000623958883807e-13
186.25,0.0,7.69402299075008e-14,7.543128426853183e-05,9.802764142626672e-06,1.0099147647517817,1.2000000000000004e-09,2.6978419498391304e-13
186.5,0.0,7.693916466241301e-14,7.543111632167731e-05,9.659077643631869e-06,1.0099149086062276,1.2000000000000004e-09,2.7000623958883807e-13
186.75,0.0,7.693811454744476e-14,7.543095094475412e-05,9.517545871644748e-06,1.0099150503033765,1.2000000000000004e-09,2.7000623958883807e-13
187.0,0.0,7.693707934326953e-14,7.543078809820436e-05,9.378135759676349e-06,1.009915189876335,1.2000000000000004e-09,2.7000623958883807e-13
187.25,0.0,7.693605883380645e-14,7.543062774308367e-05,9.240814759958699e-06,1.00991532735769,1.2000000000000004e-09,2.7000623958883807e-13
187.5,0.0,7.693505280617136e-14,7.543046984105167e-05,9.105550835606327e-06,1.0099154627795164,1.2000000000000004e-09,2.7000623958883807e-13
187.75,0.0,7.693406105062841e-14,7.543031435436243e-05,8.972312452420719e-06,1.009915596173386,1.2000000000000004e-09,2.7000623958883807e-13
188.0,0.0,7.693308336054259e-14,7.543016124585525e-05,8.841068570821473e-06,1.0099157275703763,1.2000000000000004e-09,2.7000623958883807e-13
188.25,0.0,7.693211953233284e-14,7.543001047894542e-05,8.71178863791265e-06,1.009915857001076,1.2000000000000004e-09,2.6978419498391304e-13
188.5,0.0,7.6931169365426e-14,7.542986201761527e-05,8.584442579679349e-06,1.0099159844955956,1.2000000000000004e-09,2.7000623958883807e-13
188.75,0.0,7.693023266221141e-14,7.542971582640527e-05,8.459000793312883e-06,1.0099161100835732,1.2000000000000004e-09,2.7000623958883807e-13
189.0,0.0,7.692930922799624e-14,7.542957187040528e-05,8.335434139661057e-06,1.009916233794183,1.2000000000000004e-09,2.7000623958883807e-13
189.25,0.0,7.692839887096148e-14,7.542943011524596e-05,8.213713935800074e-06,1.009916355656142,1.2000000000000004e-09,2.7000623958883807e-13
189.5,0.0,7.692750140211859e-14,7.542929052709038e-05,8.093811947728357e-06,1.0099164756977181,1.2000000000000004e-09,2.7000623958883807e-13
189.75,0.0,7.692661663526695e-14,7.542915307262558e-05,7.975700383185263e-06,1.0099165939467372,1.2000000000000004e-09,2.7000623958883807e-13
190.0,0.0,7.692574438695174e-14,7.542901771905448e-05,7.859351884580528e-06,1.0099167104305893,1.2000000000000004e-09,2.7000623958883807e-13
190.25,0.0,7.692488447642272e-14,7.542888443408777e-05,7.744739522041864e-06,1.0099168251762367,1.2000000000000004e-09,2.6978419498391304e-13
190.5,0.0,7.69240367255934e-14,7.542875318593598e-05,7.631836786576362e-06,1.0099169382102204,1.2000000000000004e-09,2.7000623958883807e-13
190.75,0.0,7.692320095900107e-14,7.542862396423085e-05,7.520223275024815e-06,1.0099170495529537,1.6000000000000009e-09,2.6978419498391304e-13
191.0,0.0,7.692237700376723e-14,7.542849672099292e-05,7.41066863171714e-06,1.0099171592348402,1.6000000000000009e-09,2.6978419498391304e-13
191.25,0.0,7.692156468955883e-14,7.54283714217025e-05,7.302746432705954e-06,1.0099172672823384,1.6000000000000009e-09,2.69562150378988e-13
191.5,0.0,7.692076384854989e-14,7.542824803649978e-05,7.196431788284083e-06,1.0099173737203682,1.6000000000000009e-09,2.6978419498391304e-13
191.75,0.0,7.691997431538395e-14,7.542812653598687e-05,7.09170019703621e-06,1.00991747857346,1.6000000000000009e-09,2.6978419498391304e-13
192.0,0.0,7.691919592713689e-14,7.542800689122053e-05,6.988527539643654e-06,1.009917581865762,1.6000000000000009e-09,2.69562150378988e-13
192.25,0.0,7.69184285232804e-14,7.54278890737051e-05,6.886890072790174e-06,1.0099176836210464,1.6000000000000009e-09,2.6978419498391304e-13
192.5,0.0,7.69176719456461e-14,7.542777305538556e-05,6.786764423167436e-06,1.0099177838627142,1.6000000000000009e-09,2.69562150378988e-13
192.75,0.0,7.691692603839e-14,7.542765880864056e-05,6.6881275815774016e-06,1.0099178826138027,1.6000000000000009e-09,2.6978419498391304e-13
193.0,0.0,7.691619064795772e-14,7.542754630627575e-05,6.590956897131061e-06,1.0099179798969895,1.6000000000000009e-09,2.6978419498391304e-13
193.25,0.0,7.691546562305011e-14,7.542743552151708e-05,6.495230071542398e-06,1.0099180757345998,1.6000000000000009e-09,2.69562150378988e-13
193.5,0.0,7.691475081458948e-14,7.542732642800425e-05,6.400925153515048e-06,1.0099181701486113,1.6000000000000009e-09,2.69562150378988e-13
193.75,0.0,7.691404607568627e-14,7.542721899978426e-05,6.3080205332191506e-06,1.0099182631606598,1.6000000000000009e-09,2.69562150378988e-13
194.0,0.0,7.691335126160624e-14,7.542711321130504e-05,6.216494936856973e-06,1.0099183547920447,1.6000000000000009e-09,2.6978419498391304e-13
194.25,0.0,7.691266622973823e-14,7.542700903740927e-05,6.126327421321616e-06,1.0099184450637342,1.6000000000000009e-09,2.6978419498391304e-13
194.5,0.0,7.69119908395624e-14,7.542690645332812e-05,6.037497368938366e-06,1.0099185339963705,1.6000000000000009e-09,2.69562150378988e-13
194.75,0.0,7.691132495261885e-14,7.542680543467531e-05,5.949984482292292e-06,1.0099186216102758,1.6000000000000009e-09,2.69562150378988e-13
195.0,0.0,7.691066843247685e-14,7.542670595744111e-05,5.863768779140204e-06,1.0099187079254561,1.6000000000000009e-09,2.69562150378988e-13
195.25,0.0,7.691002114470447e-14,7.542660799798642e-05,5.778830587405807e-06,1.0099187929616074,1.6000000000000009e-09,2.69562150378988e-13
195.5,0.0,7.69093829568387e-14,7.54265115330371e-05,5.695150540255919e-06,1.0099188767381195,1.6000000000000009e-09,2.69562150378988e-13
195.75,0.0,7.6908753738356e-14,7.54264165396782e-05,5.612709571255594e-06,1.0099189592740818,1.6000000000000009e-09,2.69562150378988e-13
196.0,0.0,7.690813336064332e-14,7.542632299534842e-05,5.531488909600917e-06,1.0099190405882879,1.6000000000000009e-09,2.69562150378988e-13
196.25,0.0,7.69075216969696e-14,7.542623087783461e-05,5.451470075433193e-06,1.0099191206992395,1.6000000000000009e-09,2.69562150378988e-13
196.5,0.0,7.690691862245759e-14,7.542614016526632e-05,5.372634875225474e-06,1.0099191996251522,1.6000000000000009e-09,2.69562150378988e-13
196.75,0.0,7.690632401405622e-14,7.542605083611047e-05,5.2949653972445205e-06,1.0099192773839594,1.6000000000000009e-09,2.69562150378988e-13
197.0,0.0,7.690573775051336e-14,7.542596286916614e-05,5.218444007086593e-06,1.0099193539933164,1.6000000000000009e-09,2.69562150378988e-13
197.25,0.0,7.690515971234895e-14,7.542587624355939e-05,5.14305334328601e-06,1.0099194294706058,1.6000000000000009e-09,2.69340105774063e-13
197.5,0.0,7.690458978182855e-14,7.542579093873812e-05,5.068776312994667e-06,1.009919503832941,1.6000000000000009e-09,2.69562150378988e-13
197.75,0.0,7.690402784822267e-14,7.542570693446717e-05,4.995198960415146e-06,1.009919577094298,2.000000000000001e-09,2.69562150378988e-13
198.0,0.0,7.690347380104106e-14,7.54256242108233e-05,4.923106799328619e-06,1.0099196492691827,2.000000000000001e-09,2.69562150378988e-13
198.25,0.0,7.690292751823172e-14,7.54255427481904e-05,4.852078408460802e-06,1.009919720379036,2.000000000000001e-09,2.69562150378988e-13
198.5,0.0,7.690238888879207e-14,7.54254625272547e-05,4.782097730644919e-06,1.0099197904399349,2.000000000000001e-09,2.69562150378988e-13
198.75,0.0,7.69018578033388e-14,7.542538352900004e-05,4.713148956693038e-06,1.009919859467707,2.000000000000001e-09,2.69562150378988e-13
199.0,0.0,7.690133415408384e-14,7.542530573470332e-05,4.645216521478998e-06,1.0099199274779365,2.000000000000001e-09,2.69562150378988e-13
199.25,0.0,7.690081783481049e-14,7.542522912592986e-05,4.5782851000844666e-06,1.0099199944859667,2.000000000000001e-09,2.69562150378988e-13
199.5,0.0,7.690030874085017e-14,7.542515368452901e-05,4.512339604007328e-06,1.009920060506904,2.000000000000001e-09,2.69562150378988e-13
199.75,0.0,7.689980676905936e-14,7.542507939262968e-05,4.447365177431332e-06,1.0099201255556227,2.000000000000001e-09,2.69562150378988e-13
200.0,0.0,7.689931181779689e-14,7.5425006232636e-05,4.3829544781788845e-06,1.0099201896394818,2.4000000000000004e-09,2.69562150378988e-13
200.25,0.0,7.689882378690159e-14,7.542493418722309e-05,4.319887115456905e-06,1.00992025277889,2.4000000000000004e-09,2.69562150378988e-13
200.5,0.0,7.689834257767038e-14,7.542486323933281e-05,4.257747427044712e-06,1.0099203149895264,2.4000000000000004e-09,2.69562150378988e-13
200.75,0.0,7.689786809283661e-14,7.542479337216968e-05,4.196521455847925e-06,1.0099203762853646,2.4000000000000004e-09,2.69562150378988e-13
201.0,0.0,7.68974002365486e-14,7.542472456919669e-05,4.136195459599006e-06,1.0099204366801637,2.4000000000000004e-09,2.69340105774063e-13
201.25,0.0,7.689693891434878e-14,7.542465681413146e-05,4.076755907475195e-06,1.009920496187471,2.4000000000000004e-09,2.69562150378988e-13
201.5,0.0,7.689648403315297e-14,7.542459009094214e-05,4.018189476770832e-06,1.009920554820625,2.4000000000000004e-09,2.69562150378988e-13
201.75,0.0,7.689603550122991e-14,7.542452438384357e-05,3.960483049623392e-06,1.0099206125927591,2.4000000000000004e-09,2.69340105774063e-13
202.0,0.0,7.689559322818131e-14,7.542445967729352e-05,3.9036237097919814e-06,1.0099206695168055,2.4000000000000004e-09,2.69340105774063e-13
202.25,0.0,7.689515712492204e-14,7.542439595598884e-05,3.847598739487435e-06,1.0099207256054972,2.4000000000000004e-09,2.69562150378988e-13
202.5,0.0,7.689472710366068e-14,7.542433320486177e-05,3.79239561625385e-06,1.0099207808713715,2.4000000000000004e-09,2.69562150378988e-13
202.75,0.0,7.68943030778803e-14,7.542427140907637e-05,3.7380020099002864e-06,1.0099208353267737,2.4000000000000004e-09,2.69562150378988e-13
203.0,0.0,7.689388496231965e-14,7.54242105540248e-05,3.6844057794813245e-06,1.0099208889838591,2.4000000000000004e-09,2.69562150378988e-13
203.25,0.0,7.689347267295455e-14,7.542415062532389e-05,3.631594970325232e-06,1.009920941854597,2.4000000000000004e-09,2.69340105774063e-13
203.5,0.0,7.689306612697951e-14,7.542409160881159e-05,3.579557811111578e-06,1.0099209939507727,2.4000000000000004e-09,2.69562150378988e-13
203.75,0.0,7.689266524278981e-14,7.542403349054362e-05,3.5282827109952907e-06,1.009921045283991,2.4000000000000004e-09,2.69562150378988e-13
204.0,0.0,7.689226993996363e-14,7.542397625679003e-05,3.477758256775896e-06,1.009921095865679,2.4000000000000004e-09,2.69340105774063e-13
204.25,0.0,7.689188013924462e-14,7.54239198940319e-05,3.427973210112664e-06,1.0099211457070885,2.4000000000000004e-09,2.69562150378988e-13
204.5,0.0,7.68914957625246e-14,7.542386438895812e-05,3.378916504784652e-06,1.009921194819299,2.4000000000000004e-09,2.69562150378988e-13
204.75,0.0,7.689111673282672e-14,7.542380972846206e-05,3.330577243994706e-06,1.0099212432132203,2.4000000000000004e-09,2.69562150378988e-13
205.0,0.0,7.689074297428857e-14,7.542375589963854e-05,3.2829446977162644e-06,1.0099212908995954,2.4000000000000004e-09,2.69562150378988e-13
205.25,0.0,7.689037441214585e-14,7.542370288978063e-05,3.2360083000818984e-06,1.0099213378890028,2.4000000000000004e-09,2.69562150378988e-13
205.5,0.0,7.689001097271611e-14,7.54236506863766e-05,3.1897576468151623e-06,1.0099213841918595,2.4000000000000004e-09,2.69562150378988e-13
205.75,0.0,7.688965258338275e-14,7.542359927710693e-05,3.1441824927031537e-06,1.009921429818423,2.4000000000000004e-09,2.69562150378988e-13
206.0,0.0,7.688929917257933e-14,7.542354864984126e-05,3.0992727491086687e-06,1.0099214747787937,2.4000000000000004e-09,2.69562150378988e-13
206.25,0.0,7.688895066977407e-14,7.542349879263556e-05,3.0550184815225964e-06,1.0099215190829185,2.4000000000000004e-09,2.69562150378988e-13
206.5,0.0,7.688860700545456e-14,7.542344969372918e-05,3.0114099071556526e-06,1.0099215627405917,2.4000000000000004e-09,2.69562150378988e-13
206.75,0.0,7.688826811111279e-14,7.542340134154204e-05,2.968437392568651e-06,1.0099216057614584,2.4000000000000004e-09,2.69340105774063e-13
207.0,0.0,7.688793391923024e-14,7.542335372467185e-05,2.9260914513402864e-06,1.0099216481550166,2.4000000000000004e-09,2.69562150378988e-13
207.25,0.0,7.688760436326343e-14,7.542330683189134e-05,2.8843627417715167e-06,1.009921689930619,2.4000000000000004e-09,2.69340105774063e-13
207.5,0.0,7.688727937762946e-14,7.542326065214556e-05,2.84324206462789e-06,1.0099217310974757,2.4000000000000004e-09,2.69340105774063e-13
207.75,0.0,7.688695889769188e-14,7.542321517454923e-05,2.802720360917577e-06,1.0099217716646571,2.4000000000000004e-09,2.69562150378988e-13
208.0,0.0,7.68866428597468e-14,7.542317038838409e-05,2.7627887097041076e-06,1.0099218116410944,2.4000000000000004e-09,2.69340105774063e-13
208.25,0.0,7.68863312010091e-14,7.542312628309637e-05,2.7234383259543936e-06,1.0099218510355836,2.4000000000000004e-09,2.69562150378988e-13
208.5,0.0,7.688602385959896e-14,7.542308284829418e-05,2.6846605584212314e-06,1.0099218898567859,2.4000000000000004e-09,2.69340105774063e-13
208.75,0.0,7.688572077452853e-14,7.542304007374509e-05,2.6464468875596073e-06,1.0099219281132312,2.4000000000000004e-09,2.69340105774063e-13
209.0,0.0,7.688542188568881e-14,7.54229979493736e-05,2.608788923475887e-06,1.0099219658133198,2.4000000000000004e-09,2.69562150378988e-13
209.25,0.0,7.688512713383672e-14,7.542295646525872e-05,2.5716784039091027e-06,1.0099220029653235,2.4000000000000004e-09,2.69562150378988e-13
209.5,0.0,7.68848364605824e-14,7.542291561163166e-05,2.5351071922455154e-06,1.0099220395773887,2.4000000000000004e-09,2.69340105774063e-13
209.75,0.0,7.688454980837662e-14,7.542287537887339e-05,2.4990672755644804e-06,1.0099220756575382,2.4000000000000004e-09,2.69562150378988e-13
210.0,0.0,7.688426712049855e-14,7.54228357575124e-05,2.4635507627147615e-06,1.0099221112136725,2.4000000000000004e-09,2.69562150378988e-13
210.25,0.0,7.688398834104344e-14,7.54227967445036e-05,2.42815178774754e-06,1.0099221462516605,2.8000000000000007e-09,2.6978419498391304e-13
210.5,0.0,7.688371341491075e-14,7.5422758342377e-05,2.393666250478903e-06,1.0099221807756,2.8000000000000007e-09,2.6978419498391304e-13
210.75,0.0,7.688344228779234e-14,7.542272052364633e-05,2.3596810192175205e-06,1.00992221479865,2.8000000000000007e-09,2.6978419498391304e-13
211.0,0.0,7.688317490616082e-14,7.542268327941591e-05,2.326188673780883e-06,1.0099222483282395,2.8000000000000007e-09,2.69562150378988e-13
211.25,0.0,7.688291121725805e-14,7.542264660092635e-05,2.29318190654173e-06,1.0099222813716853,2.8000000000000007e-09,2.69562150378988e-13
211.5,0.0,7.688265116908398e-14,7.542261047955245e-05,2.2606535206818253e-06,1.0099223139361926,2.8000000000000007e-09,2.6978419498391304e-13
211.75,0.0,7.688239471038546e-14,7.542257490680114e-05,2.2285964284733626e-06,1.0099223460288573,2.8000000000000007e-09,2.69562150378988e-13
212.0,0.0,7.688214179064528e-14,7.54225398743095e-05,2.1970036495876277e-06,1.0099223776566688,2.8000000000000007e-09,2.69562150378988e-13
212.25,0.0,7.688189236007147e-14,7.54225053738426e-05,2.1658683094305786e-06,1.0099224088265095,2.8000000000000007e-09,2.6978419498391304e-13
212.5,0.0,7.688164636958659e-14,7.54224713972917e-05,2.1351836375046654e-06,1.009922439545158,2.8000000000000007e-09,2.6978419498391304e-13
212.75,0.0,7.688140377081732e-14,7.542243793667221e-05,2.1049429657965446e-06,1.0099224698192903,2.8000000000000007e-09,2.6978419498391304e-13
213.0,0.0,7.688116451608417e-14,7.542240498412178e-05,2.075139727190559e-06,1.0099224996554814,2.8000000000000007e-09,2.69562150378988e-13
213.25,0.0,7.688092855839126e-14,7.542237253189849e-05,2.0457674539073573e-06,1.009922529060207,2.8000000000000007e-09,2.69562150378988e-13
213.5,0.0,7.688069585141642e-14,7.542234057237886e-05,2.016819775967012e-06,1.0099225580398443,2.8000000000000007e-09,2.69562150378988e-13
213.75,0.0,7.688046634950122e-14,7.542230909805616e-05,1.988290419676036e-06,1.0099225866006751,2.8000000000000007e-09,2.6978419498391304e-13
214.0,0.0,7.68802400076414e-14,7.542227810153857e-05,1.9601732061392165e-06,1.0099226147488851,2.8000000000000007e-09,2.6978419498391304e-13
214.25,0.0,7.688001678147719e-14,7.542224757554733e-05,1.9324620497946893e-06,1.0099226424905674,2.8000000000000007e-09,2.69562150378988e-13
214.5,0.0,7.687979662728399e-14,7.542221751291513e-05,1.9051509569717488e-06,1.009922669831723,2.8000000000000007e-09,2.6978419498391304e-13
214.75,0.0,7.6879579501963e-14,7.542218790658433e-05,1.8782340244716934e-06,1.0099226967782617,2.8000000000000007e-09,2.6978419498391304e-13
215.0,0.0,7.687936536303218e-14,7.542215874960524e-05,1.851705438171209e-06,1.009922723336005,2.8000000000000007e-09,2.6978419498391304e-13
215.25,0.0,7.687915416861719e-14,7.542213003513451e-05,1.825559471647824e-06,1.009922749510686,2.8000000000000007e-09,2.69562150378988e-13
215.5,0.0,7.68789458774425e-14,7.542210175643348e-05,1.7997904848268692e-06,1.0099227753079516,2.8000000000000007e-09,2.6978419498391304e-13
215.75,0.0,7.687874044882276e-14,7.542207390686656e-05,1.7743929226494232e-06,1.0099228007333634,2.8000000000000007e-09,2.6978419498391304e-13
216.0,0.0,7.687853784265405e-14,7.542204647989965e-05,1.7493613137620422e-06,1.0099228257923991,2.8000000000000007e-09,2.69562150378988e-13
216.25,0.0,7.687833801940552e-14,7.54220194690986e-05,1.7246902692268921e-06,1.0099228504904545,2.8000000000000007e-09,2.6978419498391304e-13
216.5,0.0,7.687814094011096e-14,7.54219928681276e-05,1.7003744812518516e-06,1.0099228748328435,2.8000000000000007e-09,2.6978419498391304e-13
216.75,0.0,7.687794656636064e-14,7.542196667074777e-05,1.6764087219408358e-06,1.0099228988248001,2.8000000000000007e-09,2.6978419498391304e-13
217.0,0.0,7.687775486029317e-14,7.542194087081559e-05,1.6527878420639112e-06,1.00992292247148,2.8000000000000007e-09,2.6978419498391304e-13
217.25,0.0,7.687756578458747e-14,7.542191546228148e-05,1.629506769846796e-06,1.0099229457779608,2.8000000000000007e-09,2.6978419498391304e-13
217.5,0.0,7.687737930245502e-14,7.542189043918832e-05,1.6065605097792421e-06,1.009922968749244,2.8000000000000007e-09,2.6978419498391304e-13
217.75,0.0,7.687719537763197e-14,7.542186579567007e-05,1.5839441414418523e-06,1.0099229913902559,2.8000000000000007e-09,2.6978419498391304e-13
218.0,0.0,7.687701397437164e-14,7.54218415259503e-05,1.5616528183520252e-06,1.0099230137058486,2.8000000000000007e-09,2.6978419498391304e-13
218.25,0.0,7.687683505743689e-14,7.542181762434093e-05,1.5396817668278205e-06,1.0099230357008018,2.8000000000000007e-09,2.6978419498391304e-13
218.5,0.0,7.687665859209277e-14,7.542179408524074e-05,1.5180262848693675e-06,1.0099230573798228,2.8000000000000007e-09,2.6978419498391304e-13
218.75,0.0,7.68764845440992e-14,7.542177090313412e-05,1.4966817410580359e-06,1.0099230787475486,2.8000000000000007e-09,2.6978419498391304e-13
219.0,0.0,7.687631287970381e-14,7.542174807258972e-05,1.4756435734729882e-06,1.0099230998085469,2.8000000000000007e-09,2.6978419498391304e-13
219.25,0.0,7.68761435656348e-14,7.54217255882592e-05,1.4549072886247643e-06,1.009923120567316,2.8000000000000007e-09,2.6978419498391304e-13
219.5,0.0,7.687597656909402e-14,7.542170344487588e-05,1.4344684604054545e-06,1.0099231410282876,2.8000000000000007e-09,2.6978419498391304e-13
219.75,0.0,7.687581185775001e-14,7.542168163725357e-05,1.4143227290550655e-06,1.0099231611958266,2.8000000000000007e-09,2.6978419498391304e-13
220.0,0.0,7.687564939973134e-14,7.542166016028525e-05,1.394465800144696e-06,1.0099231810742324,2.8000000000000007e-09,2.6978419498391304e-13
220.25,0.0,7.687548916361983e-14,7.542163900894192e-05,1.374893443575452e-06,1.0099232006677403,2.8000000000000007e-09,2.6978419498391304e-13
220.5,0.0,7.687533111844405e-14,7.542161817827138e-05,1.3556014925927821e-06,1.009923219980522,2.8000000000000007e-09,2.69562150378988e-13
220.75,0.0,7.687517523367279e-14,7.542159766339705e-05,1.336585842816419e-06,1.0099232390166866,2.8000000000000007e-09,2.69562150378988e-13
221.0,0.0,7.687502147920869e-14,7.542157745951678e-05,1.3178424512855927e-06,1.0099232577802821,2.8000000000000007e-09,2.6978419498391304e-13
221.25,0.0,7.6874869825382e-14,7.542155756190178e-05,1.2993673355192134e-06,1.0099232762752954,2.8000000000000007e-09,2.6978419498391304e-13
221.5,0.0,7.68747202429443e-14,7.54215379658954e-05,1.2811565725906305e-06,1.0099232945056544,2.8000000000000007e-09,2.6978419498391304e-13
221.75,0.0,7.687457270306245e-14,7.542151866691214e-05,1.263206298216631e-06,1.0099233124752278,2.8000000000000007e-09,2.6978419498391304e-13
222.0,0.0,7.68744272075155e-14,7.542149966043642e-05,1.2451162272874985e-06,1.0099233301843051,3.2000000000000005e-09,2.6978419498391304e-13
222.25,0.0,7.687428373980557e-14,7.542148094202164e-05,1.227683953606267e-06,1.0099233476352973,3.2000000000000005e-09,2.6978419498391304e-13
222.5,0.0,7.687414222906233e-14,7.542146250728899e-05,1.2105007412092617e-06,1.0099233648369443,3.2000000000000005e-09,2.6978419498391304e-13
222.75,0.0,7.687400264808667e-14,7.542144435192656e-05,1.1935629553142027e-06,1.0099233817928857,3.2000000000000005e-09,2.6978419498391304e-13
223.0,0.0,7.687386497006488e-14,7.542142647168817e-05,1.1768670153585546e-06,1.009923398506706,3.2000000000000005e-09,2.7000623958883807e-13
223.25,0.0,7.687372916856309e-14,7.542140886239248e-05,1.1604093941726007e-06,1.0099234149819365,3.2000000000000005e-09,2.7000623958883807e-13
223.5,0.0,7.687359521752175e-14,7.54213915199219e-05,1.1441866171653883e-06,1.009923431222056,3.2000000000000005e-09,2.7000623958883807e-13
223.75,0.0,7.687346309125025e-14,7.542137444022168e-05,1.128195261523329e-06,1.0099234472304912,3.2000000000000005e-09,2.6978419498391304e-13
224.0,0.0,7.687333276442159e-14,7.542135761929889e-05,1.112431955421371e-06,1.0099234630106182,3.2000000000000005e-09,2.6978419498391304e-13
224.25,0.0,7.687320421206715e-14,7.542134105322155e-05,1.0968933772464096e-06,1.0099234785657625,3.2000000000000005e-09,2.6978419498391304e-13
224.5,0.0,7.687307740957148e-14,7.54213247381176e-05,1.0815762548327278e-06,1.0099234938992,3.2000000000000005e-09,2.7000623958883807e-13
224.75,0.0,7.687295233266725e-14,7.542130867017408e-05,1.0664773647094288e-06,1.009923509014158,3.2000000000000005e-09,2.6978419498391304e-13
225.0,0.0,7.687282895743021e-14,7.542129284563614e-05,1.051593531359627e-06,1.009923523913816,3.2000000000000005e-09,2.7000623958883807e-13
225.25,0.0,7.687270726027421e-14,7.54212772608062e-05,1.0369216264911062e-06,1.0099235386013057,3.2000000000000005e-09,2.6978419498391304e-13
225.5,0.0,7.68725872179464e-14,7.542126191204305e-05,1.0224585683181392e-06,1.0099235530797126,3.2000000000000005e-09,2.6978419498391304e-13
225.75,0.0,7.687246880752238e-14,7.542124679576099e-05,1.0082013208545991e-06,1.0099235673520763,3.2000000000000005e-09,2.6978419498391304e-13
226.0,0.0,7.687235200640145e-14,7.5421231908429e-05,9.9414689321837e-07,1.0099235814213914,3.2000000000000005e-09,2.7000623958883807e-13
226.25,0.0,7.687223679230204e-14,7.542121724656988e-05,9.802923389460796e-07,1.0099235952906076,3.2000000000000005e-09,2.7000623958883807e-13
226.5,0.0,7.687212314325697e-14,7.54212028067594e-05,9.666347553186675e-07,1.009923608962631,3.2000000000000005e-09,2.6978419498391304e-13
226.75,0.0,7.68720110376091e-14,7.54211885856256e-05,9.531712826974503e-07,1.0099236224403247,3.2000000000000005e-09,2.7000623958883807e-13
227.0,0.0,7.687190045400673e-14,7.54211745798478e-05,9.398991038705336e-07,1.0099236357265093,3.2000000000000005e-09,2.7000623958883807e-13
227.25,0.0,7.687179137139925e-14,7.542116078615602e-05,9.268154434093124e-07,1.0099236488239633,3.2000000000000005e-09,2.6978419498391304e-13
227.5,0.0,7.687168376903284e-14,7.542114720133006e-05,9.139175670347922e-07,1.0099236617354246,3.2000000000000005e-09,2.6978419498391304e-13
227.75,0.0,7.687157762644619e-14,7.542113382219879e-05,9.012027809938469e-07,1.0099236744635898,3.2000000000000005e-09,2.6978419498391304e-13
228.0,0.0,7.687147292346624e-14,7.54211206456394e-05,8.886684314454157e-07,1.009923687011116,3.2000000000000005e-09,2.6978419498391304e-13
228.25,0.0,7.687136964020415e-14,7.542110766857667e-05,8.763119038557872e-07,1.0099236993806204,3.2000000000000005e-09,2.6978419498391304e-13
228.5,0.0,7.687126775705112e-14,7.542109488798222e-05,8.641306224034167e-07,1.0099237115746826,3.2000000000000005e-09,2.7000623958883807e-13
228.75,0.0,7.68711672546744e-14,7.542108230087378e-05,8.521220493929831e-07,1.0099237235958427,3.2000000000000005e-09,2.6978419498391304e-13
229.0,0.0,7.687106811401336e-14,7.542106990431452e-05,8.402836846785495e-07,1.009923735446604,3.2000000000000005e-09,2.6978419498391304e-13
229.25,0.0,7.687097031627554e-14,7.542105769541235e-05,8.286130650956045e-07,1.0099237471294324,3.2000000000000005e-09,2.6978419498391304e-13
229.5,0.0,7.687087384293281e-14,7.542104567131922e-05,8.171077639017475e-07,1.0099237586467578,3.2000000000000005e-09,2.6978419498391304e-13
229.75,0.0,7.68707786757176e-14,7.542103382923043e-05,8.057653902261222e-07,1.0099237700009736,3.2000000000000005e-09,2.7000623958883807e-13
230.0,0.0,7.687068479661919e-14,7.5421022166384e-05,7.945835885275926e-07,1.009923781194438,3.2000000000000005e-09,2.6978419498391304e-13
230.25,0.0,7.687059223440776e-14,7.542101068006004e-05,7.831648338452988e-07,1.009923792224679,3.6000000000000004e-09,2.7000623958883807e-13
230.5,0.0,7.687050094919108e-14,7.542099936758002e-05,7.723045325103091e-07,1.009923803096293,3.6000000000000004e-09,2.7000623958883807e-13
230.75,0.0,7.687041089826047e-14,7.54209882263062e-05,7.615978089458304e-07,1.0099238138141577,3.6000000000000004e-09,2.7000623958883807e-13
231.0,0.0,7.68703220646202e-14,7.542097725364103e-05,7.510424461489403e-07,1.009923824380493,3.6000000000000004e-09,2.6978419498391304e-13
231.25,0.0,7.687023443151299e-14,7.542096644702646e-05,7.406362598134858e-07,1.0099238347974862,3.6000000000000004e-09,2.7000623958883807e-13
231.5,0.0,7.687014798241667e-14,7.542095580394339e-05,7.303770978372012e-07,1.0099238450672912,3.6000000000000004e-09,2.6978419498391304e-13
231.75,0.0,7.687006270104079e-14,7.542094532191107e-05,7.202628398364034e-07,1.009923855192031,3.6000000000000004e-09,2.6978419498391304e-13
232.0,0.0,7.68699785713233e-14,7.54209349984865e-05,7.102913966681334e-07,1.0099238651737976,3.6000000000000004e-09,2.6978419498391304e-13
232.25,0.0,7.686989557742732e-14,7.542092503612956e-05,7.000685804522022e-07,1.0099238750065762,4e-09,2.6978419498391304e-13
232.5,0.0,7.686981370373783e-14,7.54209152289783e-05,6.903845453804096e-07,1.0099238847004184,4e-09,2.6978419498391304e-13
232.75,0.0,7.686973294228236e-14,7.542090556915935e-05,6.804416335349235e-07,1.00992389425299,4.4000000000000005e-09,2.69562150378988e-13
233.0,0.0,7.686965327341762e-14,7.542089605445925e-05,6.710351422856513e-07,1.009923903668996,4.4000000000000005e-09,2.69562150378988e-13
233.25,0.0,7.686957467904731e-14,7.542088668269778e-05,6.617612162745511e-07,1.0099239129522937,4.4000000000000005e-09,2.69340105774063e-13
233.5,0.0,7.686949714441558e-14,7.542087745172751e-05,6.526179489305846e-07,1.009923922104792,4.4000000000000005e-09,2.69340105774063e-13
233.75,0.0,7.686942065497314e-14,7.542086835943325e-05,6.436034616889948e-07,1.0099239311283714,4.4000000000000005e-09,2.69340105774063e-13
234.0,0.0,7.68693451963742e-14,7.542085940373159e-05,6.34715903570919e-07,1.0099239400248854,4.4000000000000005e-09,2.69562150378988e-13
234.25,0.0,7.686927075447361e-14,7.542085058257042e-05,6.259534507694347e-07,1.0099239487961593,4.4000000000000005e-09,2.69340105774063e-13
234.5,0.0,7.6869197315324e-14,7.542084189392849e-05,6.173143062419255e-07,1.0099239574439924,4.4000000000000005e-09,2.69340105774063e-13
234.75,0.0,7.686912486517299e-14,7.54208333358149e-05,6.084015158159489e-07,1.009923965965341,4.800000000000002e-09,2.69340105774063e-13
235.0,0.0,7.686905339046032e-14,7.542082490626862e-05,6.000121818799219e-07,1.0099239743631045,4.800000000000002e-09,2.69562150378988e-13
235.25,0.0,7.686898287781522e-14,7.542081660335817e-05,5.917407397211212e-07,1.0099239826428494,4.800000000000002e-09,2.69340105774063e-13
235.5,0.0,7.686891331405367e-14,7.5420808425181e-05,5.835854993066326e-07,1.009923990806268,4.800000000000002e-09,2.69340105774063e-13
235.75,0.0,7.686884468617573e-14,7.54208003698632e-05,5.755447953378582e-07,1.0099239988550275,4.800000000000002e-09,2.69562150378988e-13
236.0,0.0,7.68687769813629e-14,7.5420792435559e-05,5.676169868807824e-07,1.0099240067907702,4.800000000000002e-09,2.69562150378988e-13
236.25,0.0,7.686871018697558e-14,7.542078462045036e-05,5.598004570018758e-07,1.0099240146151152,4.800000000000002e-09,2.69340105774063e-13
236.5,0.0,7.686864429055056e-14,7.542077692274656e-05,5.52093612409523e-07,1.0099240223296575,4.800000000000002e-09,2.69562150378988e-13
236.75,0.0,7.686857927979839e-14,7.542076934068376e-05,5.444948831009745e-07,1.0099240299359689,4.800000000000002e-09,2.69562150378988e-13
237.0,0.0,7.686851514260101e-14,7.542076187252466e-05,5.37002722014671e-07,1.0099240374355982,4.800000000000002e-09,2.69562150378988e-13
237.25,0.0,7.68684518670093e-14,7.542075451655803e-05,5.296156046878375e-07,1.0099240448300715,4.800000000000002e-09,2.69562150378988e-13
237.5,0.0,7.686838944124066e-14,7.542074727109836e-05,5.223320289193128e-07,1.0099240521208928,4.800000000000002e-09,2.69562150378988e-13
237.75,0.0,7.686832785367663e-14,7.542074013448546e-05,5.151505144375553e-07,1.0099240593095438,4.800000000000002e-09,2.69562150378988e-13
238.0,0.0,7.68682670928606e-14,7.542073310508408e-05,5.080696025736993e-07,1.009924066397485,4.800000000000002e-09,2.69562150378988e-13
238.25,0.0,7.686820714749549e-14,7.542072618128356e-05,5.010878559395404e-07,1.0099240733861554,4.800000000000002e-09,2.69562150378988e-13
238.5,0.0,7.686814800644147e-14,7.54207193614974e-05,4.942038581103662e-07,1.0099240802769731,4.800000000000002e-09,2.69562150378988e-13
238.75,0.0,7.686808965871376e-14,7.5420712644163e-05,4.874162133128347e-07,1.0099240870713353,4.800000000000002e-09,2.69562150378988e-13
239.0,0.0,7.686803209348044e-14,7.542070602774115e-05,4.807235461174233e-07,1.0099240937706189,4.800000000000002e-09,2.69562150378988e-13
239.25,0.0,7.686797530006019e-14,7.542069951071582e-05,4.741245011355761e-07,1.009924100376181,4.800000000000002e-09,2.69562150378988e-13
239.5,0.0,7.686791927713543e-14,7.542069309730505e-05,4.67220591156296e-07,1.0099241068865041,5.200000000000003e-09,2.69340105774063e-13
239.75,0.0,7.686786401687006e-14,7.542068678761855e-05,4.608112882818331e-07,1.0099241133021168,5.200000000000003e-09,2.69562150378988e-13
240.0,0.0,7.686780949691413e-14,7.542068057270341e-05,4.5449155284386865e-07,1.009924119628067,5.200000000000003e-09,2.69340105774063e-13
240.25,0.0,7.68677557071736e-14,7.542067445113615e-05,4.482601084097353e-07,1.009924125865633,5.200000000000003e-09,2.69562150378988e-13
240.5,0.0,7.686770263769458e-14,7.542066842151465e-05,4.4211569711301574e-07,1.009924132016074,5.200000000000003e-09,2.69340105774063e-13
240.75,0.0,7.686765027866147e-14,7.542066248245785e-05,4.360570793777604e-07,1.0099241380806308,5.200000000000003e-09,2.69340105774063e-13
241.0,0.0,7.686759862039485e-14,7.542065663260543e-05,4.300830336468906e-07,1.0099241440605262,5.200000000000003e-09,2.69340105774063e-13
241.25,0.0,7.68675476533497e-14,7.542065087061753e-05,4.241923561146945e-07,1.0099241499569658,5.200000000000003e-09,2.69340105774063e-13
241.5,0.0,7.686749736811338e-14,7.542064519517438e-05,4.183838604633967e-07,1.009924155771137,5.200000000000003e-09,2.69340105774063e-13
241.75,0.0,7.686744775540384e-14,7.542063960497607e-05,4.1265637760374383e-07,1.00992416150421,5.200000000000003e-09,2.69562150378988e-13
242.0,0.0,7.686739880606776e-14,7.542063409874219e-05,4.070087554194853e-07,1.0099241671573385,5.200000000000003e-09,2.69562150378988e-13
242.25,0.0,7.686735051107867e-14,7.542062867521156e-05,4.014398585157243e-07,1.0099241727316588,5.200000000000003e-09,2.69340105774063e-13
242.5,0.0,7.686730286153524e-14,7.542062333314196e-05,3.9594856797110854e-07,1.0099241782282915,5.200000000000003e-09,2.69562150378988e-13
242.75,0.0,7.686725584865944e-14,7.542061807130982e-05,3.9053378109378046e-07,1.0099241836483401,5.200000000000003e-09,2.69340105774063e-13
243.0,0.0,7.686720948946255e-14,7.542061288850997e-05,3.847987764971019e-07,1.0099241889885273,5.600000000000002e-09,2.6911806116913795e-13
243.25,0.0,7.686716376282167e-14,7.54206077835553e-05,3.795403426707025e-07,1.0099241942520663,5.600000000000002e-09,2.69340105774063e-13
243.5,0.0,7.686711864659164e-14,7.542060275527656e-05,3.743550896565802e-07,1.0099241994423476,5.600000000000002e-09,2.69340105774063e-13
243.75,0.0,7.686707413248138e-14,7.542059780252208e-05,3.6924197914150545e-07,1.0099242045604107,5.600000000000002e-09,2.6911806116913795e-13
244.0,0.0,7.686703021231449e-14,7.542059292415744e-05,3.641999878451763e-07,1.0099242096072805,5.600000000000002e-09,2.69340105774063e-13
244.25,0.0,7.686698687802768e-14,7.54205881190653e-05,3.592281072979851e-07,1.009924214583966,5.600000000000002e-09,2.6911806116913795e-13
244.5,0.0,7.68669441216691e-14,7.542058338614509e-05,3.5432534362213974e-07,1.0099242194914626,5.600000000000002e-09,2.69340105774063e-13
244.75,0.0,7.686690193539686e-14,7.542057872431277e-05,3.494907173160638e-07,1.0099242243307507,5.600000000000002e-09,2.6911806116913795e-13
245.0,0.0,7.686686031147739e-14,7.542057413250057e-05,3.447232630420726e-07,1.0099242291027968,5.600000000000002e-09,2.6911806116913795e-13
245.25,0.0,7.6866819242284e-14,7.54205696096568e-05,3.4002202941726537e-07,1.0099242338085532,5.600000000000002e-09,2.6911806116913795e-13
245.5,0.0,7.686677872029532e-14,7.54205651547455e-05,3.3538607880754046e-07,1.0099242384489588,5.600000000000002e-09,2.69340105774063e-13
245.75,0.0,7.686673873809382e-14,7.542056076674636e-05,3.3081448712471957e-07,1.0099242430249384,5.600000000000002e-09,2.6911806116913795e-13
246.0,0.0,7.686669928836438e-14,7.542055644465432e-05,3.26306343626751e-07,1.0099242475374042,5.600000000000002e-09,2.69340105774063e-13
246.25,0.0,7.686666036389281e-14,7.542055218747944e-05,3.2186075072092956e-07,1.0099242519872542,5.600000000000002e-09,2.69340105774063e-13
246.5,0.0,7.686662195756449e-14,7.542054799424664e-05,3.1747682377005573e-07,1.0099242563753743,5.600000000000002e-09,2.6911806116913795e-13
246.75,0.0,7.686658406236289e-14,7.542054386399553e-05,3.1315369090147013e-07,1.0099242607026375,5.600000000000002e-09,2.69340105774063e-13
247.0,0.0,7.686654667136825e-14,7.542053979578009e-05,3.08890492819051e-07,1.0099242649699038,5.600000000000002e-09,2.69340105774063e-13
247.25,0.0,7.68665097777562e-14,7.542053578866855e-05,3.046863826180219e-07,1.009924269178021,5.600000000000002e-09,2.6911806116913795e-13
247.5,0.0,7.686647337479644e-14,7.54205318417431e-05,3.0054052560249296e-07,1.009924273327825,5.600000000000002e-09,2.69340105774063e-13
247.75,0.0,7.686643745585139e-14,7.542052795409976e-05,2.9645209910577316e-07,1.0099242774201391,5.600000000000002e-09,2.6911806116913795e-13
248.0,0.0,7.686640201437488e-14,7.542052412484808e-05,2.924202923133984e-07,1.0099242814557752,5.600000000000002e-09,2.6911806116913795e-13
248.25,0.0,7.686636704391095e-14,7.542052035311102e-05,2.884443060888225e-07,1.0099242854355333,5.600000000000002e-09,2.69340105774063e-13
248.5,0.0,7.686633253809243e-14,7.54205166380247e-05,2.8452335280170683e-07,1.0099242893602016,5.600000000000002e-09,2.69340105774063e-13
248.75,0.0,7.686629849063988e-14,7.542051297873822e-05,2.8065665615874956e-07,1.0099242932305574,5.600000000000002e-09,2.6911806116913795e-13
249.0,0.0,7.68662648953602e-14,7.542050937441345e-05,2.7684345103713245e-07,1.009924297047367,5.600000000000002e-09,2.69340105774063e-13
249.25,0.0,7.686623174614552e-14,7.542050582422488e-05,2.730829833204519e-07,1.009924300811385,5.600000000000002e-09,2.69340105774063e-13
249.5,0.0,7.686619903697197e-14,7.542050232735936e-05,2.6937450973706396e-07,1.0099243045233552,5.600000000000002e-09,2.6911806116913795e-13
249.75,0.0,7.686616676189847e-14,7.542049888301597e-05,2.6571729770087965e-07,1.0099243081840117,5.600000000000002e-09,2.69340105774063e-13
250.0,0.0,7.686613491506564e-14,7.542049549040583e-05,2.6211062515455916e-07,1.0099243117940768,5.600000000000002e-09,2.69340105774063e-13
250.25,0.0,7.686610349069461e-14,7.54204921487519e-05,2.585537804150594e-07,1.0099243153542632,5.600000000000002e-09,2.69340105774063e-13
250.5,0.0,7.68660724830859e-14,7.542048885728882e-05,2.5504606202147875e-07,1.0099243188652731,5.600000000000002e-09,2.69340105774063e-13
250.75,0.0,7.686604188661833e-14,7.54204856152627e-05,2.515867785851461e-07,1.0099243223277987,5.600000000000002e-09,2.69340105774063e-13
251.0,0.0,7.686601169574786e-14,7.542048242193101e-05,2.4817524864202335e-07,1.0099243257425219,5.600000000000002e-09,2.69340105774063e-13
251.25,0.0,7.686598190500662e-14,7.542047927656235e-05,2.4481080050730346e-07,1.0099243291101154,5.600000000000002e-09,2.69340105774063e-13
251.5,0.0,7.686595250900171e-14,7.54204761784363e-05,2.414927721321427e-07,1.009924332431242,5.600000000000002e-09,2.69340105774063e-13
251.75,0.0,7.686592350241428e-14,7.542047312684329e-05,2.3822051096255908e-07,1.0099243357065546,5.600000000000002e-09,2.69340105774063e-13
252.0,0.0,7.686589487999842e-14,7.542047012108439e-05,2.349933738004501e-07,1.0099243389366976,5.600000000000002e-09,2.69340105774063e-13
252.25,0.0,7.686586663658016e-14,7.542046716047115e-05,2.3181072666669277e-07,1.0099243421223054,5.600000000000002e-09,2.69340105774063e-13
252.5,0.0,7.686583876705645e-14,7.54204642443255e-05,2.2867194466627305e-07,1.0099243452640034,5.600000000000002e-09,2.69340105774063e-13
252.75,0.0,7.686581126639421e-14,7.542046137197953e-05,2.2557641185539998e-07,1.0099243483624087,5.600000000000002e-09,2.69562150378988e-13
253.0,0.0,7.686578412962929e-14,7.542045854277536e-05,2.2252352111066573e-07,1.0099243514181286,5.600000000000002e-09,2.69340105774063e-13
253.25,0.0,7.686575735186558e-14,7.5420455756065e-05,2.1951267400014558e-07,1.0099243544317624,5.600000000000002e-09,2.69340105774063e-13
253.5,0.0,7.686573092827401e-14,7.54204530112102e-05,2.1654328065638684e-07,1.0099243574039007,5.600000000000002e-09,2.69562150378988e-13
253.75,0.0,7.686570485409163e-14,7.542045030758227e-05,2.1361475965131116e-07,1.0099243603351253,5.600000000000002e-09,2.69340105774063e-13
254.0,0.0,7.686567912462067e-14,7.542044764456201e-05,2.107265378729928e-07,1.0099243632260102,5.600000000000002e-09,2.69562150378988e-13
254.25,0.0,7.686565373522768e-14,7.542044502153947e-05,2.0787805040427676e-07,1.0099243660771207,5.600000000000002e-09,2.69562150378988e-13
254.5,0.0,7.686562868134258e-14,7.54204424379139e-05,2.050687404031926e-07,1.0099243688890143,5.600000000000002e-09,2.69562150378988e-13
254.75,0.0,7.68656039584578e-14,7.542043989309353e-05,2.022980589851235e-07,1.0099243716622404,5.600000000000002e-09,2.69340105774063e-13
255.0,0.0,7.686557956212742e-14,7.542043738649553e-05,1.991672401994062e-07,1.009924374395566,6.000000000000002e-09,2.69562150378988e-13
255.25,0.0,7.686555548796627e-14,7.542043491754579e-05,1.9647963643344733e-07,1.0099243770856385,6.000000000000002e-09,2.69340105774063e-13
255.5,0.0,7.686553173164916e-14,7.542043248567884e-05,1.93828922341809e-07,1.0099243797387845,6.000000000000002e-09,2.69340105774063e-13
255.75,0.0,7.686550828890995e-14,7.54204300903377e-05,1.912145823187129e-07,1.00992438235552,6.000000000000002e-09,2.69562150378988e-13
256.0,0.0,7.68654851555408e-14,7.542042773097373e-05,1.8863610810413165e-07,1.0099243849363535,6.000000000000002e-09,2.69562150378988e-13
256.25,0.0,7.686546232739135e-14,7.542042540704659e-05,1.8609299867702683e-07,1.009924387481787,6.000000000000002e-09,2.69562150378988e-13
256.5,0.0,7.686543980036785e-14,7.5420423118024e-05,1.8358476015017816e-07,1.0099243899923143,6.000000000000002e-09,2.69340105774063e-13
256.75,0.0,7.686541757043248e-14,7.542042086338168e-05,1.8111090566656788e-07,1.0099243924684236,6.000000000000002e-09,2.69562150378988e-13
257.0,0.0,7.686539563360251e-14,7.542041864260327e-05,1.7867095529728558e-07,1.0099243949105947,6.000000000000002e-09,2.69562150378988e-13
257.25,0.0,7.686537398594952e-14,7.542041645518011e-05,1.762644359409655e-07,1.0099243973193015,6.000000000000002e-09,2.69562150378988e-13
257.5,0.0,7.686535262359871e-14,7.542041430061123e-05,1.738908812247184e-07,1.0099243996950107,6.000000000000002e-09,2.69340105774063e-13
257.75,0.0,7.686533154272808e-14,7.542041217840314e-05,1.7154983140651122e-07,1.0099244020381828,6.000000000000002e-09,2.69562150378988e-13
258.0,0.0,7.686531073956774e-14,7.542041008806978e-05,1.6924083327899775e-07,1.0099244043492712,6.000000000000002e-09,2.69562150378988e-13
258.25,0.0,7.68652902103992e-14,7.54204080291324e-05,1.6696344007478188e-07,1.0099244066287234,6.000000000000002e-09,2.69562150378988e-13
258.5,0.0,7.68652699515546e-14,7.542040600111946e-05,1.6471721137308498e-07,1.00992440887698,6.000000000000002e-09,2.69562150378988e-13
258.75,0.0,7.686524995941606e-14,7.542040400356645e-05,1.6250171300778474e-07,1.0099244110944758,6.000000000000002e-09,2.69340105774063e-13
259.0,0.0,7.686523023041499e-14,7.542040203601587e-05,1.603165169767931e-07,1.0099244132816396,6.000000000000002e-09,2.69562150378988e-13
259.25,0.0,7.686521076103134e-14,7.542040009801707e-05,1.5816120135281233e-07,1.009924415438893,6.000000000000002e-09,2.69340105774063e-13
259.5,0.0,7.686519154779301e-14,7.542039818912622e-05,1.5603535019540535e-07,1.0099244175666533,6.000000000000002e-09,2.69562150378988e-13
259.75,0.0,7.686517258727511e-14,7.542039630890611e-05,1.5393855346433891e-07,1.00992441966533,6.000000000000002e-09,2.69340105774063e-13
260.0,0.0,7.68651538760994e-14,7.542039445692609e-05,1.518704069342202e-07,1.0099244217353287,6.000000000000002e-09,2.69562150378988e-13
260.25,0.0,7.686513541093354e-14,7.5420392632762e-05,1.4983051211039996e-07,1.0099244237770477,6.000000000000002e-09,2.69562150378988e-13
260.5,0.0,7.686511718849052e-14,7.542039083599606e-05,1.4781847614611857e-07,1.0099244257908804,6.000000000000002e-09,2.69340105774063e-13
260.75,0.0,7.686509920552799e-14,7.542038906621675e-05,1.4583391176086696e-07,1.0099244277772146,6.000000000000002e-09,2.69562150378988e-13
261.0,0.0,7.68650814588477e-14,7.542038732301873e-05,1.438764371599331e-07,1.0099244297364323,6.000000000000002e-09,2.69340105774063e-13
261.25,0.0,7.686506394529483e-14,7.542038560600276e-05,1.4194567595516888e-07,1.0099244316689107,6.000000000000002e-09,2.69562150378988e-13
261.5,0.0,7.686504666175743e-14,7.542038391477559e-05,1.4004125708692123e-07,1.0099244335750206,6.000000000000002e-09,2.69340105774063e-13
261.75,0.0,7.686502960696355e-14,7.542038225727818e-05,1.3776646057290822e-07,1.0099244354514747,6.400000000000002e-09,2.69562150378988e-13
262.0,0.0,7.686501277707784e-14,7.54203806293888e-05,1.3591928844838703e-07,1.0099244373002747,6.400000000000002e-09,2.69562150378988e-13
262.25,0.0,7.686499616808318e-14,7.542037902595928e-05,1.3409729602515519e-07,1.0099244391238706,6.400000000000002e-09,2.69562150378988e-13
262.5,0.0,7.686497977703375e-14,7.54203774466221e-05,1.323001339501905e-07,1.009924440922612,6.400000000000002e-09,2.69562150378988e-13
262.75,0.0,7.68649636010237e-14,7.542037589101526e-05,1.305274578090586e-07,1.0099244426968437,6.400000000000002e-09,2.69340105774063e-13
263.0,0.0,7.68649476371866e-14,7.542037435878221e-05,1.2877892805471917e-07,1.0099244444469058,6.400000000000002e-09,2.69562150378988e-13
263.25,0.0,7.686493188269486e-14,7.542037284957173e-05,1.270542099373825e-07,1.009924446173133,6.400000000000002e-09,2.69340105774063e-13
263.5,0.0,7.686491633475923e-14,7.54203713630379e-05,1.2535297343539318e-07,1.009924447875856,6.400000000000002e-09,2.69340105774063e-13
263.75,0.0,7.686490099062829e-14,7.542036989884e-05,1.236748931871178e-07,1.0099244495554005,6.400000000000002e-09,2.69562150378988e-13
264.0,0.0,7.686488584758787e-14,7.542036845664241e-05,1.2201964842385367e-07,1.0099244512120875,6.400000000000002e-09,2.69562150378988e-13
264.25,0.0,7.686487090296057e-14,7.542036703611456e-05,1.2038692290372114e-07,1.0099244528462334,6.400000000000002e-09,2.69340105774063e-13
264.5,0.0,7.686485615410526e-14,7.542036563693087e-05,1.1877640484651381e-07,1.0099244544581507,6.400000000000002e-09,2.69340105774063e-13
264.75,0.0,7.686484159841657e-14,7.542036425877061e-05,1.171877868695109e-07,1.0099244560481468,6.400000000000002e-09,2.69340105774063e-13
265.0,0.0,7.686482723332438e-14,7.542036290131792e-05,1.1562076592423732e-07,1.0099244576165252,6.400000000000002e-09,2.69340105774063e-13
265.25,0.0,7.686481305629336e-14,7.542036156426162e-05,1.1407504323415324e-07,1.009924459163585,6.400000000000002e-09,2.69340105774063e-13
265.5,0.0,7.686479906482249e-14,7.542036024729528e-05,1.1255032423325074e-07,1.009924460689621,6.400000000000002e-09,2.69340105774063e-13
265.75,0.0,7.686478525644457e-14,7.542035895011702e-05,1.1104631850553817e-07,1.0099244621949237,6.400000000000002e-09,2.69340105774063e-13
266.0,0.0,7.686477162872576e-14,7.542035767242951e-05,1.0956273972543908e-07,1.0099244636797802,6.400000000000002e-09,2.69340105774063e-13
266.25,0.0,7.686475817926512e-14,7.54203564139399e-05,1.0809930559905699e-07,1.009924465144473,6.400000000000002e-09,2.69562150378988e-13
266.5,0.0,7.686474490569419e-14,7.542035517435972e-05,1.0665573780628715e-07,1.0099244665892804,6.400000000000002e-09,2.69562150378988e-13
266.75,0.0,7.686473180567647e-14,7.542035395340488e-05,1.0523176194378395e-07,1.009924468014477,6.400000000000002e-09,2.69340105774063e-13
267.0,0.0,7.686471887690704e-14,7.542035275079549e-05,1.0382710746876771e-07,1.0099244694203342,6.400000000000002e-09,2.69340105774063e-13
267.25,0.0,7.686470611711214e-14,7.542035156625589e-05,1.0244150764365513e-07,1.0099244708071184,6.400000000000002e-09,2.69340105774063e-13
267.5,0.0,7.686469352404867e-14,7.542035039951461e-05,1.0107469948149396e-07,1.0099244721750935,6.400000000000002e-09,2.69340105774063e-13
267.75,0.0,7.686468109550384e-14,7.54203492503042e-05,9.972642369218471e-08,1.0099244735245185,6.400000000000002e-09,2.69562150378988e-13
268.0,0.0,7.68646688292947e-14,7.542034811836125e-05,9.839642462951272e-08,1.0099244748556495,6.400000000000002e-09,2.69340105774063e-13
268.25,0.0,7.686465672326776e-14,7.542034700342632e-05,9.708445023894818e-08,1.0099244761687387,6.400000000000002e-09,2.69340105774063e-13
268.5,0.0,7.686464477529859e-14,7.542034590524384e-05,9.579025200619679e-08,1.0099244774640352,6.400000000000002e-09,2.69340105774063e-13
268.75,0.0,7.68646329832914e-14,7.54203448235621e-05,9.451358490650924e-08,1.009924478741784,6.400000000000002e-09,2.69340105774063e-13
269.0,0.0,7.686462134517867e-14,7.542034375813317e-05,9.325420735473473e-08,1.009924480002227,6.400000000000002e-09,2.69340105774063e-13
269.25,0.0,7.686460985892072e-14,7.542034270871284e-05,9.201188115610493e-08,1.0099244812456025,6.400000000000002e-09,2.69340105774063e-13
269.5,0.0,7.68645985225054e-14,7.542034167506059e-05,9.078637145773085e-08,1.0099244824721458,6.400000000000002e-09,2.69340105774063e-13
269.75,0.0,7.686458733394763e-14,7.542034065693947e-05,8.957744670079784e-08,1.0099244836820889,6.400000000000002e-09,2.69340105774063e-13
270.0,0.0,7.686457629128908e-14,7.542033965411613e-05,8.838487857347895e-08,1.0099244848756597,6.400000000000002e-09,2.69340105774063e-13
270.25,0.0,7.68645653925978e-14,7.542033866636071e-05,8.720844196452945e-08,1.009924486053084,6.400000000000002e-09,2.69340105774063e-13
270.5,0.0,7.686455463596784e-14,7.542033769344681e-05,8.604791491754689e-08,1.009924487214584,6.400000000000002e-09,2.69340105774063e-13
270.75,0.0,7.686454401951891e-14,7.542033673515143e-05,8.490307858590433e-08,1.0099244883603786,6.400000000000002e-09,2.69340105774063e-13
271.0,0.0,7.686453354139603e-14,7.542033579125492e-05,8.377371718834333e-08,1.009924489490684,6.400000000000002e-09,2.69340105774063e-13
271.25,0.0,7.686452319976914e-14,7.542033486154091e-05,8.265961796521462e-08,1.009924490605713,6.400000000000002e-09,2.69340105774063e-13
271.5,0.0,7.686451299283285e-14,7.542033394579633e-05,8.156057113535142e-08,1.0099244917056756,6.400000000000002e-09,2.69340105774063e-13
271.75,0.0,7.6864502918806e-14,7.542033304381126e-05,8.047636985356188e-08,1.009924492790779,6.400000000000002e-09,2.69562150378988e-13
272.0,0.0,7.686449297593138e-14,7.542033215537897e-05,7.940681016875844e-08,1.0099244938612268,6.400000000000002e-09,2.69340105774063e-13
272.25,0.0,7.686448316247543e-14,7.542033128029582e-05,7.835169098269194e-08,1.0099244949172212,6.400000000000002e-09,2.69562150378988e-13
272.5,0.0,7.686447347672784e-14,7.542033041836123e-05,7.731081400927564e-08,1.0099244959589602,6.400000000000002e-09,2.69562150378988e-13
272.75,0.0,7.686446391700131e-14,7.542032956937764e-05,7.628398373450671e-08,1.0099244969866394,6.400000000000002e-09,2.69562150378988e-13
273.0,0.0,7.686445448163119e-14,7.542032873315045e-05,7.527100737697291e-08,1.009924498000452,6.400000000000002e-09,2.69562150378988e-13
273.25,0.0,7.686444516897518e-14,7.542032790948798e-05,7.427169484893396e-08,1.0099244990005882,6.400000000000002e-09,2.69562150378988e-13
273.5,0.0,7.686443597741302e-14,7.542032709820145e-05,7.328585871796417e-08,1.0099244999872357,6.400000000000002e-09,2.69562150378988e-13
273.75,0.0,7.68644269053462e-14,7.542032629910492e-05,7.231331416914435e-08,1.0099245009605793,6.400000000000002e-09,2.69562150378988e-13
274.0,0.0,7.686441795119767e-14,7.542032551201519e-05,7.135387896781905e-08,1.0099245019208014,6.400000000000002e-09,2.69340105774063e-13
274.25,0.0,7.686440911341151e-14,7.542032473675189e-05,7.040737342289007e-08,1.0099245028680823,6.400000000000002e-09,2.69340105774063e-13
274.5,0.0,7.68644003904527e-14,7.542032397313729e-05,6.947362035063372e-08,1.009924503802599,6.400000000000002e-09,2.69340105774063e-13
274.75,0.0,7.686439178080677e-14,7.54203232209964e-05,6.855244503904824e-08,1.0099245047245264,6.400000000000002e-09,2.69340105774063e-13
275.0,0.0,7.686438328297958e-14,7.542032248015679e-05,6.764367521272034e-08,1.0099245056340371,6.400000000000002e-09,2.69340105774063e-13
275.25,0.0,7.686437489549697e-14,7.542032175044865e-05,6.674714099820196e-08,1.009924506531301,6.400000000000002e-09,2.69340105774063e-13
275.5,0.0,7.68643666169046e-14,7.542032103170475e-05,6.586267488988505e-08,1.009924507416486,6.400000000000002e-09,2.69562150378988e-13
275.75,0.0,7.686435844576754e-14,7.542032032376033e-05,6.499011171636393e-08,1.009924508289757,6.400000000000002e-09,2.69340105774063e-13
276.0,0.0,7.686435038067012e-14,7.542031962645313e-05,6.412928860729924e-08,1.0099245091512774,6.400000000000002e-09,2.69340105774063e-13
276.25,0.0,7.686434242021562e-14,7.542031893962332e-05,6.328004496075802e-08,1.009924510001208,6.400000000000002e-09,2.69562150378988e-13
276.5,0.0,7.686433456302598e-14,7.542031826311346e-05,6.244222241101879e-08,1.009924510839707,6.400000000000002e-09,2.69562150378988e-13
276.75,0.0,7.686432680774166e-14,7.54203175967685e-05,6.161566479684689e-08,1.0099245116669309,6.400000000000002e-09,2.69340105774063e-13
277.0,0.0,7.686431915302122e-14,7.542031694043571e-05,6.080021813023098e-08,1.0099245124830338,6.400000000000002e-09,2.69340105774063e-13
277.25,0.0,7.686431159754121e-14,7.542031629396463e-05,5.999573056557235e-08,1.009924513288168,6.400000000000002e-09,2.69562150378988e-13
277.5,0.0,7.686430413999588e-14,7.54203156572071e-05,5.9202052369316165e-08,1.0099245140824828,6.400000000000002e-09,2.69340105774063e-13
277.75,0.0,7.686429677909694e-14,7.542031503001718e-05,5.841903589001603e-08,1.0099245148661267,6.400000000000002e-09,2.69562150378988e-13
278.0,0.0,7.686428951357329e-14,7.542031441225108e-05,5.764653552884341e-08,1.0099245156392447,6.400000000000002e-09,2.69340105774063e-13
278.25,0.0,7.686428234217085e-14,7.542031380376724e-05,5.6884407710520064e-08,1.009924516401981,6.400000000000002e-09,2.69340105774063e-13
278.5,0.0,7.686427526365229e-14,7.542031320442616e-05,5.613251085466311e-08,1.0099245171544773,6.400000000000002e-09,2.69562150378988e-13
278.75,0.0,7.686426827679679e-14,7.542031261409049e-05,5.539070534754807e-08,1.009924517896873,6.400000000000002e-09,2.69340105774063e-13
279.0,0.0,7.686426138039986e-14,7.54203120326249e-05,5.465885351428093e-08,1.0099245186293064,6.400000000000002e-09,2.69562150378988e-13
279.25,0.0,7.686425457327305e-14,7.54203114598961e-05,5.3936819591372444e-08,1.009924519351913,6.400000000000002e-09,2.69562150378988e-13
279.5,0.0,7.686424785424383e-14,7.542031089577285e-05,5.32244696997052e-08,1.009924520064827,6.400000000000002e-09,2.69340105774063e-13
279.75,0.0,7.686424122215526e-14,7.542031034012582e-05,5.252167181788491e-08,1.0099245207681806,6.400000000000002e-09,2.69562150378988e-13
280.0,0.0,7.686423467586588e-14,7.542030979282767e-05,5.182829575598737e-08,1.0099245214621038,6.400000000000002e-09,2.69340105774063e-13
280.25,0.0,7.686422821424943e-14,7.542030925375294e-05,5.11442131296806e-08,1.0099245221467255,6.400000000000002e-09,2.69340105774063e-13
280.5,0.0,7.686422183619468e-14,7.542030872277809e-05,5.046929733471389e-08,1.0099245228221723,6.400000000000002e-09,2.69340105774063e-13
280.75,0.0,7.686421554060522e-14,7.542030819978138e-05,4.98034235217777e-08,1.0099245234885692,6.400000000000002e-09,2.69340105774063e-13
281.0,0.0,7.686420932639925e-14,7.542030768464296e-05,4.914646857172722e-08,1.0099245241460393,6.400000000000002e-09,2.69340105774063e-13
281.25,0.0,7.686420319250937e-14,7.542030717724475e-05,4.849831107116293e-08,1.0099245247947042,6.400000000000002e-09,2.69340105774063e-13
281.5,0.0,7.686419713788243e-14,7.542030667747045e-05,4.785883128836018e-08,1.0099245254346836,6.400000000000002e-09,2.69340105774063e-13
281.75,0.0,7.68641911614793e-14,7.54203061852055e-05,4.722791114954012e-08,1.009924526066096,6.400000000000002e-09,2.69340105774063e-13
282.0,0.0,7.686418526227467e-14,7.542030570033708e-05,4.660543421549201e-08,1.009924526689058,6.400000000000002e-09,2.69562150378988e-13
282.25,0.0,7.686417943925689e-14,7.542030522275403e-05,4.599128565852891e-08,1.009924527303684,6.400000000000002e-09,2.69340105774063e-13
282.5,0.0,7.68641736914278e-14,7.542030475234693e-05,4.538535223976931e-08,1.009924527910088,6.400000000000002e-09,2.69340105774063e-13
282.75,0.0,7.68641680178025e-14,7.542030428900791e-05,4.4787522286748264e-08,1.009924528508381,6.400000000000002e-09,2.69340105774063e-13
283.0,0.0,7.68641624174092e-14,7.542030383263079e-05,4.419768567135153e-08,1.009924529098674,6.400000000000002e-09,2.69340105774063e-13
283.25,0.0,7.686415688928903e-14,7.542030338311096e-05,4.3615733788067115e-08,1.0099245296810755,6.400000000000002e-09,2.69340105774063e-13
283.5,0.0,7.686415143249587e-14,7.542030294034538e-05,4.304155953254666e-08,1.0099245302556925,6.400000000000002e-09,2.69340105774063e-13
283.75,0.0,7.686414604609621e-14,7.542030250423258e-05,4.247505728047046e-08,1.009924530822631,6.400000000000002e-09,2.69562150378988e-13
284.0,0.0,7.686414072916892e-14,7.542030207467259e-05,4.191612286672442e-08,1.009924531381995,6.400000000000002e-09,2.69340105774063e-13
284.25,0.0,7.686413548080511e-14,7.542030165156694e-05,4.1364653564873433e-08,1.0099245319338872,6.400000000000002e-09,2.69340105774063e-13
284.5,0.0,7.686413030010797e-14,7.542030123481867e-05,4.08205480669244e-08,1.0099245324784096,6.400000000000002e-09,2.69562150378988e-13
284.75,0.0,7.686412518619263e-14,7.542030082433225e-05,4.028370646338201e-08,1.0099245330156617,6.400000000000002e-09,2.69340105774063e-13
285.0,0.0,7.686412013818594e-14,7.542030042001358e-05,3.9754030223591746e-08,1.0099245335457423,6.400000000000002e-09,2.69562150378988e-13
285.25,0.0,7.686411515522635e-14,7.542030002177001e-05,3.923142217636471e-08,1.0099245340687484,6.400000000000002e-09,2.69340105774063e-13
285.5,0.0,7.686411023646375e-14,7.542029962951024e-05,3.8715786490878124e-08,1.0099245345847765,6.400000000000002e-09,2.69340105774063e-13
285.75,0.0,7.686410538105934e-14,7.542029924314436e-05,3.780742439203032e-08,1.0099245350935249,6.800000000000001e-09,2.6911806116913795e-13
286.0,0.0,7.686410058818538e-14,7.542029886258383e-05,3.7313090232315283e-08,1.0099245355882398,6.800000000000001e-09,2.69340105774063e-13
286.25,0.0,7.686409585702518e-14,7.54202984877414e-05,3.682530276582983e-08,1.009924536076402,6.800000000000001e-09,2.69340105774063e-13
286.5,0.0,7.686409118677286e-14,7.542029811853117e-05,3.634397412923423e-08,1.0099245365581,6.800000000000001e-09,2.69340105774063e-13
286.75,0.0,7.68640865766332e-14,7.54202977548685e-05,3.586901765471639e-08,1.00992453703342,6.800000000000001e-09,2.69340105774063e-13
287.0,0.0,7.686408202582157e-14,7.542029739667004e-05,3.540034785349404e-08,1.0099245375024481,6.800000000000001e-09,2.69340105774063e-13
287.25,0.0,7.686407753356371e-14,7.542029704385369e-05,3.49378803995494e-08,1.0099245379652684,6.800000000000001e-09,2.69340105774063e-13
287.5,0.0,7.68640730990956e-14,7.542029669633858e-05,3.448153211359203e-08,1.0099245384219642,6.800000000000001e-09,2.69340105774063e-13
287.75,0.0,7.686406872166341e-14,7.542029635404506e-05,3.4031220947244885e-08,1.0099245388726177,6.800000000000001e-09,2.69340105774063e-13
288.0,0.0,7.686406440052321e-14,7.542029601689465e-05,3.358686596744873e-08,1.0099245393173097,6.800000000000001e-09,2.69340105774063e-13
288.25,0.0,7.686406013494098e-14,7.54202956848101e-05,3.314838734108826e-08,1.0099245397561205,6.800000000000001e-09,2.69340105774063e-13
288.5,0.0,7.68640559241924e-14,7.542029535771529e-05,3.271570631983542e-08,1.0099245401891286,6.800000000000001e-09,2.69340105774063e-13
288.75,0.0,7.686405176756273e-14,7.542029503553523e-05,3.228874522519893e-08,1.009924540616412,6.800000000000001e-09,2.69340105774063e-13
289.0,0.0,7.686404766434669e-14,7.542029471819609e-05,3.1867427433785164e-08,1.009924541038047,6.800000000000001e-09,2.69562150378988e-13
289.25,0.0,7.686404361384836e-14,7.542029440562512e-05,3.145167736276564e-08,1.0099245414541096,6.800000000000001e-09,2.69340105774063e-13
289.5,0.0,7.6864039615381e-14,7.542029409775069e-05,3.104142045554812e-08,1.0099245418646745,6.800000000000001e-09,2.69562150378988e-13
289.75,0.0,7.686403566826693e-14,7.542029379450221e-05,3.063658316764674e-08,1.0099245422698149,6.800000000000001e-09,2.69340105774063e-13
290.0,0.0,7.686403177183746e-14,7.542029349581021e-05,3.0237092952747e-08,1.009924542669604,6.800000000000001e-09,2.69562150378988e-13
290.25,0.0,7.686402792543276e-14,7.542029320160619e-05,2.984287824896849e-08,1.0099245430641128,6.800000000000001e-09,2.69340105774063e-13
290.5,0.0,7.686402412840167e-14,7.542029291182273e-05,2.945386846532142e-08,1.0099245434534123,6.800000000000001e-09,2.69340105774063e-13
290.75,0.0,7.686402038010167e-14,7.54202926263934e-05,2.906999396834704e-08,1.0099245438375721,6.800000000000001e-09,2.69340105774063e-13
291.0,0.0,7.68640166798987e-14,7.54202923452528e-05,2.8691186068946727e-08,1.0099245442166613,6.800000000000001e-09,2.69340105774063e-13
291.25,0.0,7.686401302716711e-14,7.542029206833648e-05,2.8317377009395355e-08,1.0099245445907472,6.800000000000001e-09,2.69340105774063e-13
291.5,0.0,7.686400942128948e-14,7.542029179558095e-05,2.7948499950536257e-08,1.009924544959897,6.800000000000001e-09,2.69340105774063e-13
291.75,0.0,7.686400586165655e-14,7.542029152692372e-05,2.7584488959153882e-08,1.0099245453241767,6.800000000000001e-09,2.69340105774063e-13
292.0,0.0,7.686400234766712e-14,7.542029126230318e-05,2.722527899552022e-08,1.0099245456836512,6.800000000000001e-09,2.69340105774063e-13
292.25,0.0,7.686399887872789e-14,7.54202910016587e-05,2.6870805901117745e-08,1.009924546038385,6.800000000000001e-09,2.69340105774063e-13
292.5,0.0,7.68639954542534e-14,7.542029074493054e-05,2.6521006386535156e-08,1.0099245463884412,6.800000000000001e-09,2.69340105774063e-13
292.75,0.0,7.686399207366594e-14,7.542029049205983e-05,2.6175818019527376e-08,1.0099245467338824,6.800000000000001e-09,2.69340105774063e-13
293.0,0.0,7.686398873639537e-14,7.542029024298864e-05,2.583517921324372e-08,1.0099245470747704,6.800000000000001e-09,2.69340105774063e-13
293.25,0.0,7.686398544187912e-14,7.542028999765986e-05,2.5499029214620647e-08,1.0099245474111658,6.800000000000001e-09,2.69340105774063e-13
293.5,0.0,7.686398218956198e-14,7.542028975601727e-05,2.5167308092936483e-08,1.0099245477431285,6.800000000000001e-09,2.69340105774063e-13
293.75,0.0,7.68639789788961e-14,7.542028951800547e-05,2.483995672852473e-08,1.0099245480707177,6.800000000000001e-09,2.6911806116913795e-13
294.0,0.0,7.686397580934082e-14,7.542028928356991e-05,2.451691680164244e-08,1.0099245483939923,6.800000000000001e-09,2.69340105774063e-13
294.25,0.0,7.686397268036262e-14,7.542028905265687e-05,2.4198130781496173e-08,1.009924548713009,6.800000000000001e-09,2.69340105774063e-13
294.5,0.0,7.686396959143502e-14,7.542028882521341e-05,2.388354191542207e-08,1.0099245490278255,6.800000000000001e-09,2.69340105774063e-13
294.75,0.0,7.686396654203843e-14,7.54202886011874e-05,2.3573094218212597e-08,1.0099245493384972,6.800000000000001e-09,2.69340105774063e-13
295.0,0.0,7.686396353166013e-14,7.542028838052749e-05,2.3266732461593324e-08,1.0099245496450795,6.800000000000001e-09,2.69340105774063e-13
295.25,0.0,7.686396055979415e-14,7.54202881631831e-05,2.2964402163846657e-08,1.0099245499476273,6.800000000000001e-09,2.69340105774063e-13
295.5,0.0,7.686395762594115e-14,7.542028794910441e-05,2.266604957958005e-08,1.009924550246194,6.800000000000001e-09,2.69340105774063e-13
295.75,0.0,7.68639547296084e-14,7.542028773824238e-05,2.2371621689635857e-08,1.0099245505408327,6.800000000000001e-09,2.69340105774063e-13
296.0,0.0,7.686395187030963e-14,7.542028753054864e-05,2.2081066191139518e-08,1.009924550831596,6.800000000000001e-09,2.69340105774063e-13
296.25,0.0,7.686394904756496e-14,7.54202873259756e-05,2.1794331487688404e-08,1.009924551118535,6.800000000000001e-09,2.69340105774063e-13
296.5,0.0,7.686394626090082e-14,7.542028712447637e-05,2.151136667967828e-08,1.0099245514017015,6.800000000000001e-09,2.69340105774063e-13
296.75,0.0,7.686394350984987e-14,7.542028692600476e-05,2.1232121554760622e-08,1.009924551681145,6.800000000000001e-09,2.69340105774063e-13
297.0,0.0,7.686394079395092e-14,7.542028673051529e-05,2.0956546578433937e-08,1.0099245519569156,6.800000000000001e-09,2.69340105774063e-13
297.25,0.0,7.686393811274882e-14,7.542028653796314e-05,2.0684592884766166e-08,1.0099245522290616,6.800000000000001e-09,2.69340105774063e-13
297.5,0.0,7.686393546579442e-14,7.542028634830418e-05,2.0416212267246188e-08,1.009924552497632,6.800000000000001e-09,2.69340105774063e-13
297.75,0.0,7.686393285264446e-14,7.542028616149495e-05,2.0151357169761606e-08,1.009924552762674,6.800000000000001e-09,2.69340105774063e-13
298.0,0.0,7.686393027286148e-14,7.54202859774926e-05,1.9889980677700197e-08,1.0099245530242345,6.800000000000001e-09,2.69340105774063e-13
298.25,0.0,7.686392772601381e-14,7.5420285796255e-05,1.9632036509176815e-08,1.0099245532823597,6.800000000000001e-09,2.69340105774063e-13
298.5,0.0,7.686392521167541e-14,7.542028561774057e-05,1.93774790063832e-08,1.0099245535370958,6.800000000000001e-09,2.69340105774063e-13
298.75,0.0,7.686392272942582e-14,7.542028544190841e-05,1.9126263127054608e-08,1.0099245537884876,6.800000000000001e-09,2.69340105774063e-13
299.0,0.0,7.686392027885013e-14,7.542028526871821e-05,1.8878344436056084e-08,1.0099245540365793,6.800000000000001e-09,2.69340105774063e-13
299.25,0.0,7.686391785953886e-14,7.542028509813028e-05,1.8633679097085762e-08,1.0099245542814153,6.800000000000001e-09,2.69340105774063e-13
299.5,0.0,7.68639154710879e-14,7.542028493010552e-05,1.8392223864493405e-08,1.0099245545230384,6.800000000000001e-09,2.6911806116913795e-13
299.75,0.0,7.686391311309844e-14,7.54202847646054e-05,1.8153936075211782e-08,1.0099245547614917,6.800000000000001e-09,2.6911806116913795e-13
300.0,0.0,7.686391078517688e-14,7.542028460159201e-05,1.791877364079835e-08,1.0099245549968172,6.800000000000001e-09,2.6911806116913795e-13
